fold,split,target_present,class_label,sample_id,source_file,confidence_lt_0_1_fraction,confidence_ge_0_5_fraction,zdr_saturation_fraction,ungated_phase_full_amplitude_fraction,gated_phase_amplitude_lt_0_1_fraction,gated_zdr_abs_mean_low_conf,ungated_zdr_abs_mean_low_conf,gated_rho_mean_low_conf,ungated_rho_mean_low_conf,confidence_mean,confidence_std,confidence_q01,confidence_q50,confidence_q99,confidence_min,confidence_max,zdr_scaled_mean,zdr_scaled_std,zdr_scaled_q01,zdr_scaled_q50,zdr_scaled_q99,zdr_scaled_min,zdr_scaled_max,rho_mean,rho_std,rho_q01,rho_q50,rho_q99,rho_min,rho_max,gated_zdr_mean,gated_zdr_std,gated_zdr_q01,gated_zdr_q50,gated_zdr_q99,gated_zdr_min,gated_zdr_max,gated_rho_mean,gated_rho_std,gated_rho_q01,gated_rho_q50,gated_rho_q99,gated_rho_min,gated_rho_max,gated_phase_amplitude_mean,gated_phase_amplitude_std,gated_phase_amplitude_q01,gated_phase_amplitude_q50,gated_phase_amplitude_q99,gated_phase_amplitude_min,gated_phase_amplitude_max
1,test,1,target,20260202_144238_beam1,20260202_144238,0.939453125,0.02375,0.0,1.0,0.947578125,0.0007299137068912387,0.09239909797906876,0.0022621494717895985,0.3353744447231293,0.03321258260947401,0.13921216351015417,0.0,7.802925416910966e-09,0.9999938631057739,0.0,1.0,-0.013412332809189124,0.13382977720793018,-0.46264024019241334,-0.0044675725512206554,0.27056464642286315,-0.6551963090896606,0.4718794822692871,0.3671306096958119,0.21579843866248566,0.03902762804180384,0.32944610714912415,0.999925565123558,0.0004573088081087917,0.9999999403953552,-0.002110632515218105,0.023380417348547768,-0.10328367576003074,-0.0,0.02429623605683446,-0.2787002623081207,0.2965839207172394,0.02828480205353299,0.13267683318333176,0.0,1.8789783062800325e-09,0.9502591961622239,0.0,0.9999999403953552,0.028284802061473702,0.1326768331485121,0.0,1.8789780842354276e-09,0.9502591371536255,0.0,0.9999998807907104
1,test,1,target,20260202_144238_beam2,20260202_144238,0.92421875,0.03328125,0.0,1.0,0.942578125,0.0009752492187544703,0.09534675627946854,0.002671451075002551,0.34905216097831726,0.0413712188536136,0.15357121052653713,0.0,6.29190566314719e-09,0.9999744492769241,0.0,1.0,-0.010342207723151801,0.143631860789335,-0.44034058541059495,-0.00576945673674345,0.3089611822366715,-0.678633987903595,0.8012253642082214,0.384300863341432,0.2241508657070222,0.042786210142076016,0.34285834431648254,0.9999356299638749,0.0026400736533105373,0.9999999403953552,-0.00203206582650278,0.035357390573800496,-0.062413077913224695,-0.0,0.0900350284576418,-0.4174366593360901,0.3665083944797516,0.03466036460029629,0.14504745106597292,0.0,2.1147816831046384e-09,0.9514139294624329,0.0,0.9999999403953552,0.0346603645935134,0.14504745096405366,0.0,2.1147819051492434e-09,0.9514139294624329,0.0,0.9999999403953552
1,test,1,target,20260202_144238_beam3,20260202_144238,0.924375,0.02671875,0.000625,1.0,0.941328125,0.0008078608079813421,0.09515775740146637,0.002416861243546009,0.34586796164512634,0.036801006823072434,0.14426546406224608,0.0,4.120185082001626e-09,0.9999843037128449,0.0,1.0,-0.0251538797420778,0.1658434130353216,-0.6712909841537475,-0.003668217337690294,0.27040345698595053,-1.0,0.442577600479126,0.38083945900298205,0.2198403688067266,0.03944355785846711,0.3431469798088074,0.9999359267950058,0.002942768158391118,1.0,-0.009271337020498493,0.06496519497534235,-0.37267259538173675,-0.0,0.017929898463189622,-1.0,0.06015278026461601,0.030678208449610694,0.13445717571408014,0.0,1.6073730124688268e-09,0.8992790466547013,0.0,1.0,0.030678208416311435,0.1344571754178845,0.0,1.6073731234911293e-09,0.8992791056632996,0.0,1.0
1,test,1,target,20260202_144238_beam4,20260202_144238,0.940625,0.023359375,0.0003125,1.0,0.95140625,0.0008915375219658017,0.09732626378536224,0.002646583830937743,0.3516591787338257,0.03320334035177783,0.1407796532265964,0.0,5.735952601781946e-09,0.999999468922615,0.0,1.0,-0.014669230160060068,0.15422777840303,-0.6611066508293152,0.0020508809247985482,0.27505701392889037,-1.0,0.4730087220668793,0.3820602018211321,0.21892871925386578,0.042688467688858506,0.3441101908683777,0.9999815291166305,0.003759196726605296,1.0,-0.007502972335749908,0.06326400360372346,-0.306855254471302,0.0,0.027255347296595574,-0.9859175682067871,0.044774916023015976,0.02829363538602376,0.13237479113611905,0.0,7.296246939958451e-10,0.891476413011551,0.0,1.0,0.028293635309549012,0.13237479054056264,0.0,7.296246939958451e-10,0.8914764720201493,0.0,1.0
1,test,1,target,20260202_144246_beam1,20260202_144246,0.949140625,0.022890625,0.0,1.0,0.953671875,0.0006775623187422752,0.09857714921236038,0.002479658229276538,0.341129332780838,0.031631425653711416,0.1375583668816933,0.0,7.050648509476787e-09,0.999999468922615,0.0,1.0,-0.0014656121743273332,0.13693493147991678,-0.42576923936605454,0.00986659899353981,0.3017014244198799,-0.6101737022399902,0.5008488297462463,0.3697087773013709,0.21689007782007483,0.03683259449899197,0.33484697341918945,0.9999219822883606,0.0006407190230675042,0.9999999403953552,-0.002549399205459092,0.028739114272255357,-0.15697257593274117,0.0,0.02280381351709366,-0.4332006573677063,0.336906760931015,0.02686808269539902,0.13061888393679655,0.0,3.4025908757229217e-09,0.9360847496986391,0.0,0.9999999403953552,0.026868082660284304,0.1306188836885333,0.0,3.4025908757229217e-09,0.9360848087072374,0.0,0.9999999403953552
1,test,1,target,20260202_144246_beam2,20260202_144246,0.9384375,0.024375,0.0,1.0,0.944765625,0.0010708445915952325,0.09947153180837631,0.002948155626654625,0.34714987874031067,0.034975846672967596,0.14186487973150108,0.0,1.5939753961191627e-09,0.9999985837936402,0.0,1.0,-0.019712780499030202,0.1481499765907542,-0.5706732559204102,-0.007326256949454546,0.2805663788318634,-0.8790608644485474,0.4947832524776459,0.3807444016431236,0.22499918205238767,0.04053993232548237,0.3405882567167282,0.9999399840831756,0.0016739069251343608,0.9999999403953552,-0.005966205855833509,0.038380730031997407,-0.24630413755774497,0.0,0.009836864015087496,-0.5730656981468201,0.28465208411216736,0.02975631052029205,0.13320676252952224,0.0,4.832296784940127e-10,0.911628499031067,0.0,0.9999999403953552,0.02975631052729166,0.13320676256211747,0.0,4.832296784940127e-10,0.9116285580396652,0.0,0.9999999403953552
1,test,1,target,20260202_144246_beam3,20260202_144246,0.935546875,0.026875,0.001328125,1.0,0.948984375,0.0008433507173322141,0.09939399361610413,0.002444768324494362,0.34635478258132935,0.03469411341890297,0.14346462503631555,0.0,1.1435337399223755e-10,0.9999996459484101,0.0,1.0,-0.026776907907933207,0.16714748279585281,-0.6131977546215057,-0.007931787520647049,0.2937970480322838,-1.0,0.5579577088356018,0.3775653263149252,0.21992533391837113,0.038504340313375,0.33996257185935974,0.9999411207437515,0.00018093199469149113,0.9999999403953552,-0.009155405041408642,0.06456563451104416,-0.3490691497921944,0.0,0.01189545693807305,-1.0,0.0605459026992321,0.02904393482693045,0.13305736306388052,0.0,1.4033456688378187e-11,0.8962111574411392,0.0,0.9999999403953552,0.02904393477031557,0.13305736265757515,0.0,1.4033456688378187e-11,0.8962111574411392,0.0,0.9999999403953552
1,test,1,target,20260202_144246_beam4,20260202_144246,0.947265625,0.023359375,0.0003125,1.0,0.95453125,0.0007960654911585152,0.09706054627895355,0.002084680600091815,0.34090134501457214,0.031737913976442156,0.14058716936025173,0.0,2.0135527023512623e-08,0.9999996459484101,0.0,1.0,-0.01630999305763943,0.15475962706237834,-0.6101155793666839,-0.0018971726531162858,0.30325634270906454,-1.0,0.48025941848754883,0.3693861870951787,0.2158013791384801,0.03852038256824017,0.33191388845443726,0.9999793171882629,0.0013381649041548371,0.9999999403953552,-0.007528655093099763,0.06125451269357784,-0.2948457410931587,0.0,0.02472204972058539,-0.9306080937385559,0.04042157530784607,0.02730236479136397,0.13289519729012775,0.0,6.387883999536825e-09,0.8917080706357972,0.0,0.9999999403953552,0.02730236479524179,0.1328951970896238,0.0,6.387883999536825e-09,0.8917081296443955,0.0,0.9999999403953552
1,test,1,target,20260202_144246_beam5,20260202_144246,0.95984375,0.023125,0.0,1.0,0.962421875,0.0005514848162420094,0.09399491548538208,0.0018989087548106909,0.34497764706611633,0.028463508397430958,0.13671250165815133,0.0,3.778247048558114e-08,0.9999954563379287,0.0,1.0,-0.009952329800822425,0.13652164926359722,-0.5276944559812545,-0.007107367040589452,0.2821686434745789,-0.7695828080177307,0.5388472080230713,0.36769546770021405,0.2064077031782464,0.043750117756426336,0.3378008306026459,0.9998272722959518,0.0017909572925418615,0.9999998211860657,-0.005602566587705347,0.04818597286333038,-0.18800239965319632,-0.0,0.00650942025706172,-0.7520908117294312,0.08000136911869049,0.024369708425923103,0.1292444782442047,0.0,8.005400786714745e-09,0.9108488333225251,0.0,0.9999998211860657,0.024369708349606802,0.1292444776166192,0.0,8.005400786714745e-09,0.9108488333225251,0.0,0.9999998211860657
1,test,1,target,20260202_144254_beam1,20260202_144254,0.9515625,0.024375,0.0,1.0,0.954921875,0.000628978421445936,0.09418985247612,0.0021353866904973984,0.34145328402519226,0.031496733912415274,0.1399820484433716,0.0,7.176382599283215e-09,0.9999998819828033,0.0,1.0,-0.006913099218461172,0.13476733311412165,-0.47955003678798663,0.00027262741059530526,0.30492728292942056,-0.7164286971092224,0.5429041385650635,0.36941841031024525,0.2155872120348253,0.042166023366153244,0.33245161175727844,0.9999192953109741,0.004415113013237715,0.9999998807907104,-0.00021971407237263526,0.025482604016993902,-0.05767540879547595,0.0,0.025294051617383958,-0.25448915362358093,0.4344809353351593,0.027202907379341622,0.13318321030986843,0.0,1.0231503422275523e-09,0.9555238729715357,0.0,0.9999998807907104,0.0272029072834294,0.13318320953125656,0.0,1.0231503422275523e-09,0.9555238729715357,0.0,0.9999998807907104
1,test,1,target,20260202_144254_beam2,20260202_144254,0.940546875,0.029375,0.000234375,1.0,0.950234375,0.0008350581047125161,0.10035686194896698,0.002414944814518094,0.3402753174304962,0.03656454364118657,0.14942816180082924,0.0,3.032093687238557e-08,0.9998709481954575,0.0,1.0,-0.013475144777793702,0.15083985266179445,-0.6334812831878662,-0.00710480404086411,0.30995446294546136,-1.0,0.5847536325454712,0.370460640595702,0.21524477163038194,0.04425182141363621,0.33214905858039856,0.9999392753839493,0.005143447779119015,0.9999998807907104,-0.0038634055567286995,0.03340611691457536,-0.12621178045868867,-0.0,0.011322248345240966,-0.41646963357925415,0.3737839460372925,0.0305248981194761,0.13931430748412416,0.0,8.119767080927431e-09,0.9260083901882172,0.0,0.9999998807907104,0.030524897982969996,0.13931430679617246,0.0,8.119767080927431e-09,0.9260083901882172,0.0,0.9999999403953552
1,test,1,target,20260202_144254_beam3,20260202_144254,0.940390625,0.028125,0.00078125,1.0,0.949296875,0.0008169666980393231,0.09495570510625839,0.0023559988476336002,0.34177789092063904,0.035482292133005126,0.14710606574241494,0.0,2.240524876739869e-09,0.9999503147602081,0.0,1.0,-0.02017543195184089,0.15165463717884883,-0.6450043433904648,-0.003849301836453378,0.26108178943395616,-1.0,0.41036733984947205,0.37286775784295967,0.21686879006614365,0.03899728760123253,0.334551677107811,0.9999256300926208,0.0025457616429775953,1.0,-0.006857743777636665,0.046788954037934906,-0.29277789205312726,0.0,0.00770800553727898,-0.6401167511940002,0.09631793946027756,0.030018454797773934,0.13823625260524378,0.0,1.5293749600076012e-09,0.9123837196826939,0.0,1.0,0.03001845471873061,0.1382362520142023,0.0,1.5293750710299037e-09,0.9123837792873387,0.0,0.9999999403953552
1,test,1,target,20260202_144254_beam4,20260202_144254,0.947265625,0.02375,0.0,1.0,0.9546875,0.0006460163276642561,0.09447603672742844,0.0019675814546644688,0.337650865316391,0.032092883379475204,0.14181847067482617,0.0,2.2742101535300208e-09,0.9999840086698533,0.0,1.0,-0.0075245411079716005,0.14192557060194158,-0.6062772732973098,0.0075035542249679565,0.2824589598178867,-0.8424397706985474,0.5047599077224731,0.36699468573984634,0.21483232463390217,0.03987438246607781,0.3308289647102356,0.9999821835756302,0.0038858349435031414,0.9999999403953552,-0.004877163701569651,0.039615241987501604,-0.25775609791278836,0.0,0.028960752785205844,-0.6516138911247253,0.07188601791858673,0.027972375981376682,0.1358322919105997,0.0,1.221991063893313e-09,0.9470902013778691,0.0,0.9999999403953552,0.02797237584288762,0.13583229093850935,0.0,1.221991063893313e-09,0.9470902013778691,0.0,0.9999999403953552
1,test,1,target,20260202_144302_beam1,20260202_144302,0.948984375,0.023515625,0.0,1.0,0.955546875,0.0007192754419520497,0.0943400114774704,0.002420386765152216,0.33847758173942566,0.031198638565896535,0.13678237336154836,0.0,9.49583611742355e-09,0.9999955153465271,0.0,1.0,-0.006390769638489146,0.1346807149595731,-0.4369692352414131,0.000891431700438261,0.2979138427972794,-0.6727102994918823,0.5953586101531982,0.36717352464609576,0.21589040425393874,0.03884609419852495,0.3314046710729599,0.9999282842874527,0.002071131719276309,0.9999999403953552,-0.0021956559825517005,0.027776040190317187,-0.16168910533189773,-0.0,0.025559217575937508,-0.4059029221534729,0.3003605306148529,0.02651289022717445,0.13030717281085258,0.0,2.322404712984394e-09,0.939696695804596,0.0,0.9999999403953552,0.02651289018981381,0.13030717258336832,0.0,2.322404712984394e-09,0.939696695804596,0.0,0.9999999403953552
1,test,1,target,20260202_144302_beam2,20260202_144302,0.942265625,0.022578125,0.0,1.0,0.949765625,0.0008679926977492869,0.09438151121139526,0.0028221935499459505,0.3469739258289337,0.033837451868612686,0.14122350361002417,0.0,4.750104753981077e-09,0.9999999409914017,0.0,1.0,-0.020218327998379734,0.1430184302636525,-0.5711081314086914,-0.011100856587290764,0.27951143443584453,-0.7837352752685547,0.504319429397583,0.37829471368523626,0.21879861493998234,0.04153690949082375,0.34194257855415344,0.9999545228481292,0.0015687484992668033,1.0,-0.005557699898976083,0.039709415981703494,-0.2579721677303314,0.0,0.016096212062984824,-0.6052289605140686,0.225206196308136,0.028952310922175,0.13348133613392427,0.0,1.6050885065510556e-09,0.9355923664569861,0.0,1.0,0.028952310932970203,0.13348133599847825,0.0,1.6050885065510556e-09,0.9355923658609396,0.0,1.0
1,test,1,target,20260202_144302_beam3,20260202_144302,0.94015625,0.0221875,0.0,1.0,0.950625,0.0006526910001412034,0.09359484165906906,0.0023492525797337294,0.35021403431892395,0.032753867909647315,0.13949415628321252,0.0,6.8865815272545206e-09,0.9999959874153137,0.0,1.0,-0.02504997474453866,0.14959101784615872,-0.6265407383441925,-0.009624867234379053,0.28170816689729716,-0.7591408491134644,0.5117505788803101,0.38219698534392593,0.22061902288018448,0.04142952881753445,0.3425295650959015,0.9999410539865494,0.0018871205393224955,0.9999999403953552,-0.006659512225844965,0.049549264994184106,-0.30205360174179074,-0.0,0.018387327417731324,-0.6901547312736511,0.13224686682224274,0.028599021939073203,0.13328239927233038,0.0,2.4539932308442758e-09,0.9163472199440007,0.0,0.9999999403953552,0.028599021920959592,0.13328239923205087,0.0,2.4539932308442758e-09,0.9163472199440007,0.0,0.9999999403953552
1,val,1,target,20260202_144425_beam1,20260202_144425,0.9565625,0.02375,0.0,1.0,0.96,0.0006000191788189113,0.09011229872703552,0.00230385665781796,0.340070515871048,0.029569452128958416,0.13714667739668407,0.0,2.23499233009683e-10,0.999972620010376,0.0,1.0,-0.005741327400129936,0.11849899267326991,-0.32603412806987764,-0.0016876548761501908,0.2757263338565828,-0.6063183546066284,0.4761642813682556,0.3654524097376452,0.21547847679156162,0.03808566048741341,0.3268997520208359,0.9999199509620667,0.002940557664260268,0.9999999403953552,-0.0005503218591524139,0.014202057684282622,-0.049589340724050995,0.0,0.024011174589395525,-0.20871131122112274,0.24023468792438507,0.025654990667760398,0.13222453150170954,0.0,1.2927757475633683e-10,0.9475659364461899,0.0,0.9999999403953552,0.02565499067686897,0.13222453151073818,0.0,1.2927757475633683e-10,0.9475659954547883,0.0,0.9999999403953552
1,val,1,target,20260202_144425_beam2,20260202_144425,0.94640625,0.02328125,0.0,1.0,0.953828125,0.0006508406368084252,0.09237651526927948,0.0021682961378246546,0.34919309616088867,0.03185128701136386,0.1403681970972984,0.0,7.819898506511436e-09,0.9999995869398117,0.0,1.0,-0.0187625573197883,0.1320757691607621,-0.43007655560970304,-0.0129878930747509,0.2807048511505128,-0.7401056885719299,0.49187907576560974,0.37749041708586445,0.2164306140716609,0.041447166949510575,0.3407561630010605,0.9999448639154435,0.003890892956405878,0.9999999403953552,-0.004667279091069706,0.031860436976927406,-0.12857070848345756,0.0,0.00696606751531363,-0.49336668848991394,0.19254359602928162,0.027086371394408722,0.13198609562866928,0.0,1.6284962267576475e-09,0.9336668676137926,0.0,0.9999999403953552,0.02708637139870003,0.13198609556567883,0.0,1.628496115735345e-09,0.9336668676137926,0.0,0.9999999403953552
1,val,1,target,20260202_144425_beam3,20260202_144425,0.946640625,0.022578125,0.0,1.0,0.9525,0.0007079115021042526,0.09785466641187668,0.002175523666664958,0.3431297540664673,0.031144131349563883,0.1383206631999655,0.0,1.6109328981883664e-08,0.999997108578682,0.0,1.0,-0.01651669640065137,0.14781530521429018,-0.5237971466779708,-0.003722099936567247,0.27974514335393924,-0.8456476330757141,0.5872802734375,0.37227510298253036,0.22055752146444763,0.04090514175593853,0.33360080420970917,0.9999432861804962,0.003995448350906372,1.0,-0.006420539330584753,0.051455411560974246,-0.1488551253080368,0.0,0.01178154004737735,-0.7547997832298279,0.041687335819005966,0.0271052184148048,0.13203233603130912,0.0,5.0847486221528015e-09,0.9388299560546878,0.0,1.0,0.02710521836117804,0.1320323358021848,0.0,5.0847486221528015e-09,0.9388299560546878,0.0,1.0
1,val,1,target,20260202_144425_beam4,20260202_144425,0.948046875,0.02296875,0.000234375,1.0,0.952734375,0.0005577453994192183,0.0956667885184288,0.0018079484580084682,0.3473808765411377,0.03006291349378178,0.13868957402794385,0.0,1.2212435507308328e-09,0.9999997049570084,0.0,1.0,-0.012015131352911084,0.14279496688368126,-0.4792749288678169,-0.0003646567929536104,0.2828349378705026,-1.0,0.5865235924720764,0.3769333854096476,0.21934625593258372,0.039370235688984394,0.3388325273990631,0.9999809271097183,0.0034392201341688633,0.9999999403953552,-0.006255554296316297,0.05984620014518431,-0.1187747798115015,0.0,0.025562327541410922,-0.980328381061554,0.0389380045235157,0.026425753535545785,0.13245993769644798,0.0,1.6423717941194127e-10,0.9342813509702682,0.0,0.9999999403953552,0.026425753345862387,0.13245993645508194,0.0,1.6423717941194127e-10,0.9342813509702682,0.0,0.9999999403953552
1,val,1,target,20260202_144425_beam5,20260202_144425,0.9625,0.02296875,0.00109375,1.0,0.965546875,0.0006432753871195018,0.09455811232328415,0.0019076105672866106,0.3443364202976227,0.027741049797361573,0.13631431329084492,0.0,4.0389704913934565e-09,0.9999662470817566,0.0,1.0,-0.011529024335820566,0.13603252349947173,-0.4094634711742401,-0.008821734227240086,0.28528631150722505,-1.0,0.5968759655952454,0.3654687558117803,0.20457650735160793,0.04354953039437533,0.33374427258968353,0.9997906374931336,0.005389061290770769,0.9999998807907104,-0.005609002480297565,0.056638074102106584,-0.06592149771749974,0.0,0.008330961186438808,-1.0,0.11779315024614334,0.023476140760108198,0.1279020171844312,0.0,1.0557161811419746e-09,0.8867238587141038,0.0,0.9999998807907104,0.023476140781215245,0.1279020172481275,0.0,1.0557161811419746e-09,0.8867237997055054,0.0,0.9999998807907104
1,val,1,target,20260202_144433_beam1,20260202_144433,0.95125,0.024609375,0.0,1.0,0.95609375,0.000532266334630549,0.092649906873703,0.0018825158476829529,0.33579525351524353,0.03042287678949843,0.13933582615043158,0.0,1.8148821112617952e-08,0.9999664241075515,0.0,1.0,-0.007728892757388195,0.12348953877513083,-0.33675832867622374,-0.0014043092960491776,0.27324862241745007,-0.7798466682434082,0.4559918940067291,0.3641934906606366,0.21668680015871775,0.03839749120175839,0.32610751688480377,0.9999191838502884,0.00171887525357306,0.9999999403953552,-0.0005761806421501332,0.014172755521062428,-0.0489611168578267,-0.0,0.02417610872536898,-0.28585100173950195,0.13610145449638367,0.026748632024944437,0.1354589221450935,0.0,5.394451552120927e-09,0.9600195372104661,0.0,0.9999999403953552,0.026748632042549497,0.13545892227147216,0.0,5.394451108031717e-09,0.9600195962190644,0.0,0.9999999403953552
1,val,1,target,20260202_144433_beam2,20260202_144433,0.940625,0.02453125,0.0,1.0,0.953125,0.00069518166128546,0.09373974800109863,0.002273962367326021,0.3358045518398285,0.03381339102692262,0.14300022002745927,0.0,5.352716048179218e-09,0.9999382770061493,0.0,1.0,-0.007584504957863985,0.12926839512620147,-0.39226164788007734,-0.0028657984221354127,0.273021244108677,-0.7769946455955505,0.6400214433670044,0.3670645790713388,0.2155326291397699,0.04166960295289755,0.3308929353952408,0.9999358719587326,0.004252878949046135,1.0,-0.0019014622579876734,0.016149119006619136,-0.07378675542771815,0.0,0.020796691793948417,-0.15575610101222992,0.1377429962158203,0.029191811035049673,0.13784702859973513,0.0,9.996463656847254e-10,0.9340156412124634,0.0,1.0,0.029191810945167804,0.13784702808503554,0.0,9.996463656847254e-10,0.934015582203865,0.0,1.0
1,val,1,target,20260202_144433_beam3,20260202_144433,0.9340625,0.02796875,0.0,1.0,0.945390625,0.0006803693831898272,0.09210363030433655,0.002274141414090991,0.3404587209224701,0.035399815155039864,0.14410025994596198,0.0,1.7588790868217075e-08,0.9999999409914017,0.0,1.0,0.004793958965809253,0.13085199449169557,-0.39880646020174026,0.007587759988382459,0.3044671973586083,-0.6208467483520508,0.6066163778305054,0.37408371643108695,0.21844062600554634,0.04033503483980894,0.3379822075366974,0.9999408137798309,0.003154992125928402,1.0,-0.0004298369321387728,0.019919206916485917,-0.08684539385139942,0.0,0.05612479791045204,-0.20821316540241241,0.25871771574020386,0.030257365595422626,0.13761344123186275,0.0,6.557115295180438e-09,0.9187971961498267,0.0,1.0,0.030257365499893857,0.13761344065279407,0.0,6.557115295180438e-09,0.9187971961498267,0.0,1.0
1,val,1,target,20260202_144433_beam4,20260202_144433,0.939453125,0.025234375,0.0,1.0,0.950234375,0.0006954055279493332,0.09635007381439209,0.0021010038908571005,0.34040722250938416,0.034123713807851376,0.14457330266249424,0.0,3.257039526971539e-09,0.9999997049570084,0.0,1.0,0.01423063263187217,0.13143899974238588,-0.3690124502778053,0.02080249134451151,0.32849432379007354,-0.6667835116386414,0.7114847898483276,0.37324025604192684,0.216870896681795,0.04070479076355696,0.3373177945613861,0.9999815237522125,0.0010402404004707932,1.0,-0.00043565077894310565,0.016193353965671845,-0.06973079487681388,0.0,0.0369217896834016,-0.2297908514738083,0.18068549036979675,0.029947261525800274,0.14016198624866166,0.0,3.876732546093109e-10,0.9529567199945458,0.0,1.0,0.029947261435255834,0.14016198549385808,0.0,3.876732546093109e-10,0.9529567205905922,0.0,1.0
1,val,1,target,20260202_144433_beam5,20260202_144433,0.961796875,0.023515625,0.0,1.0,0.963515625,0.0007243640720844269,0.09957382082939148,0.0021365229040384293,0.33734002709388733,0.029068907379441563,0.13766080847968715,0.0,4.846687051696108e-09,0.9999996459484101,0.0,1.0,-0.002876030452355849,0.12899015920094015,-0.3119245851039886,-0.00462527247145772,0.3024855387210846,-0.6331449747085571,0.6343043446540833,0.3607839842703834,0.20727779630752635,0.04346545726060867,0.3285575807094574,0.9997618240118027,0.004298504441976547,0.9999998211860657,-0.0026787711196490714,0.020883504770163524,-0.07753646746277809,0.0,0.009725383566692494,-0.33255457878112793,0.03052532859146595,0.02551787678104299,0.13392335587945767,0.0,1.5820947885103465e-09,0.956745148897171,0.0,0.9999998211860657,0.025517876722894545,0.13392335551681955,0.0,1.582094899532649e-09,0.956745148897171,0.0,0.9999998211860657
1,val,1,target,20260202_144458_beam1,20260202_144458,0.94078125,0.024609375,0.0,1.0,0.948125,0.0005768469418399036,0.09533075243234634,0.0019929523114115,0.3373677134513855,0.032771812219555295,0.14115315127801448,0.0,5.9750493441868e-10,0.9999995279312134,0.0,1.0,-0.0007911884968663685,0.12724710568846465,-0.35961915194988253,0.0049055826384574175,0.29479873627424263,-0.6276432275772095,0.4681270122528076,0.36966515770018304,0.21988696523776896,0.03962637156248093,0.33198171854019165,0.9999163746833801,0.0028817271813750267,0.9999999403953552,-0.0007197957832986078,0.01800750937852955,-0.06338715948164463,0.0,0.024071626979857683,-0.26053935289382935,0.2610916197299957,0.02833373887978662,0.13464085266521575,0.0,2.4065680004348167e-10,0.9258141911029821,0.0,0.9999999403953552,0.02833373873326477,0.13464085170536474,0.0,2.4065680004348167e-10,0.9258141911029821,0.0,0.9999999403953552
1,val,1,target,20260202_144458_beam2,20260202_144458,0.93515625,0.024921875,0.0,1.0,0.943828125,0.0006998054450377822,0.09867426007986069,0.0022801675368100405,0.34200143814086914,0.03632073678513905,0.14678589840711015,0.0,9.904729481036156e-09,0.9999936270713806,0.0,1.0,-0.004554036837287718,0.1286345888351262,-0.3519010829925537,-0.004286052891984582,0.2932387024164201,-0.7343754172325134,0.6100379824638367,0.37641721655581933,0.22020359414140464,0.04148800767958164,0.3368661254644394,0.99994588971138,0.0027260002680122852,0.9999999403953552,-0.0018221364075357602,0.022492794988376794,-0.06339198611676693,0.0,0.014324019700288773,-0.4528100788593292,0.29562872648239136,0.030948500586991647,0.13846999381731817,0.0,2.6694619847944523e-09,0.9170073109865196,0.0,0.9999999403953552,0.030948500527172636,0.1384699934872034,0.0,2.6694619847944523e-09,0.9170073103904731,0.0,0.9999999403953552
1,val,1,target,20260202_144458_beam3,20260202_144458,0.93671875,0.026640625,0.0,1.0,0.943671875,0.0006862517911940813,0.09553124010562897,0.0023121873382478952,0.34236013889312744,0.034815065905378445,0.14287400470704423,0.0,1.2808820670784371e-08,0.9999992328882218,0.0,1.0,-0.001244539754972962,0.1248493323185829,-0.32397114127874377,0.00021886640752200037,0.2993162873387338,-0.5758179426193237,0.5487676858901978,0.37630058018487034,0.22051566609151305,0.039649553373456,0.3399253934621811,0.9999418258666992,0.004134174436330795,0.9999999403953552,7.742051076568959e-05,0.013420841178824014,-0.027649953812360763,0.0,0.02578076623380185,-0.359854519367218,0.29830148816108704,0.029899847993464207,0.13676085174491515,0.0,5.801948255168554e-09,0.9485971134901049,0.0,0.9999999403953552,0.029899847894395565,0.13676085102445082,0.0,5.801948255168554e-09,0.9485971134901049,0.0,0.9999999403953552
1,val,1,target,20260202_144458_beam4,20260202_144458,0.945078125,0.024296875,0.0,1.0,0.952421875,0.0005159159773029387,0.09112092107534409,0.0019529875135049224,0.3429146409034729,0.0319674852184829,0.14187122763833396,0.0,1.8921493261103706e-09,0.9999995869398117,0.0,1.0,0.0016977329950104546,0.11824246397923223,-0.29337926596403124,0.0032130302861332893,0.2945097979903222,-0.49758511781692505,0.6959049105644226,0.37399250836306236,0.21879738495365775,0.04446768287569285,0.3354077786207199,0.9999814033508301,0.001673640450462699,0.9999999403953552,0.0002902322544266606,0.009340722629903006,-0.02397606352344155,-0.0,0.03632545694708824,-0.1672215610742569,0.12004728615283966,0.02855010375752254,0.13841728245176074,0.0,5.946406145262984e-10,0.9556078320741653,0.0,0.9999999403953552,0.02855010374638109,0.13841728230403283,0.0,5.946406145262984e-10,0.9556078326702118,0.0,0.9999999403953552
1,val,1,target,20260202_144458_beam5,20260202_144458,0.957265625,0.02390625,0.0,1.0,0.96203125,0.000541234272532165,0.09361877292394638,0.0018915279069915414,0.34040960669517517,0.029050511075941456,0.13834721006849515,0.0,1.2366666024554718e-10,0.9999845987558365,0.0,1.0,0.006867864736883824,0.11996175695018753,-0.2681155171990395,0.0019004099303856492,0.3099300193786624,-0.6381897926330566,0.6645216941833496,0.36515568096110657,0.21194602482887034,0.041503745019435885,0.32866860926151276,0.9998331671953201,0.0044769239611923695,0.9999998807907104,-0.00072106354728874,0.011129713079183383,-0.038681788556277755,0.0,0.014138795901089959,-0.15683305263519287,0.15843452513217926,0.025753109875772486,0.13532660944228908,0.0,2.995663786475866e-11,0.9433064043521882,0.0,0.9999995827674866,0.025753109831239497,0.13532660922006817,0.0,2.995663786475866e-11,0.9433064043521882,0.0,0.9999995827674866
1,val,1,target,20260202_144506_beam1,20260202_144506,0.9453125,0.024375,0.0,1.0,0.95109375,0.0005386784323491156,0.08912298828363419,0.002092980081215501,0.33871185779571533,0.03185935571751152,0.1383636455368221,0.0,7.132402307652441e-11,0.9999959874153137,0.0,1.0,-0.0003747329091444129,0.11910811172316156,-0.31813074350357057,0.0033068410120904446,0.27817710280418434,-0.7364457249641418,0.47741755843162537,0.3677141659288463,0.21243835876792722,0.04174370646476746,0.33282652497291565,0.9999197125434875,0.0035266559571027756,1.0,-8.836192025631359e-05,0.012043447053270036,-0.053966489657759666,0.0,0.033890158422291324,-0.15700432658195496,0.13763563334941864,0.02678684912422512,0.13065918027354603,0.0,2.7605100497152257e-11,0.9601790094375624,0.0,1.0,0.026786849126037512,0.1306591802187953,0.0,2.7605100497152257e-11,0.9601790684461607,0.0,1.0
1,train,1,target,20260202_144637_beam1,20260202_144637,0.94453125,0.02671875,7.8125e-05,1.0,0.950703125,0.00048773823073133826,0.09160927683115005,0.0017718290910124779,0.3325550854206085,0.03219197226617199,0.14222609538899605,0.0,9.652493249134864e-10,0.9999674862623215,0.0,1.0,0.012640478310628351,0.1391120459871643,-0.3390686002373695,0.01635405607521534,0.37837646752595905,-1.0,0.9738168716430664,0.36115263656864044,0.21207770120650418,0.0388983516395092,0.32672224938869476,0.99991679251194,0.0035028497222810984,0.9999998807907104,0.0004941033146981238,0.06080419296734829,-0.05591453131288287,0.0,0.08801719129085604,-0.7966182827949524,0.902932345867157,0.02601821641571902,0.12571580756507544,0.0,3.0950708662658144e-10,0.83065079033375,0.0,0.9999998807907104,0.02601821636000347,0.12571580717843592,0.0,3.0950708662658144e-10,0.8306507313251517,0.0,0.9999998807907104
1,train,1,target,20260202_144637_beam2,20260202_144637,0.9384375,0.027890625,0.0,1.0,0.944375,0.00046234665205702186,0.09004688262939453,0.0018169853137806058,0.34067490696907043,0.03508493207849785,0.14765826502129104,0.0,3.903502868163322e-11,0.999999822974205,0.0,1.0,0.01513042004827474,0.13201174213645786,-0.2663428810238838,0.00678626075387001,0.4352167683839798,-0.6163477301597595,0.8883155584335327,0.37246345479015874,0.21527711483353337,0.040035966336727145,0.33647529780864716,0.9999370074272156,0.002570691518485546,0.9999998807907104,0.0040853809046871754,0.048720502246911934,-0.050715913735330104,0.0,0.15077378973364863,-0.24682629108428955,0.8771539330482483,0.029344037743120187,0.13454900398880137,0.0,1.7266162458118295e-11,0.8795635026693346,0.0,0.9999998807907104,0.02934403767509833,0.1345490035376498,0.0,1.7266162458118295e-11,0.8795635020732882,0.0,0.9999999403953552
1,train,1,target,20260202_144637_beam3,20260202_144637,0.936640625,0.028984375,0.0,1.0,0.941484375,0.0004349524970166385,0.0906936302781105,0.0017509590834379196,0.3426593542098999,0.03608434747745553,0.15051516564227166,0.0,1.732165166856703e-08,0.9999991738796234,0.0,1.0,0.013104087565174928,0.12925724193394403,-0.2641589763760567,0.005746279144659638,0.38367581397295014,-0.6841071844100952,0.8737953901290894,0.3752068184605059,0.2177357631826476,0.038162362277507786,0.33932727575302124,0.9999368214607238,0.0008991895592771471,0.9999999403953552,0.004100954860282128,0.042368911877942755,-0.005126828392967581,0.0,0.15228372454643252,-0.2679879665374756,0.7982624173164368,0.030006186030913474,0.13694429863627086,0.0,3.0068723066989378e-09,0.898774849176407,0.0,0.9999999403953552,0.030006185984874086,0.13694429830673663,0.0,3.0068725287435427e-09,0.898774849176407,0.0,0.9999999403953552
1,train,1,target,20260202_144637_beam4,20260202_144637,0.942109375,0.028359375,0.0,1.0,0.9490625,0.0005191834643483162,0.09192385524511337,0.0018640861380845308,0.3368268609046936,0.03423058721991069,0.14551795789722885,0.0,3.106117318907309e-08,0.9999992328882218,0.0,1.0,0.013531414612526937,0.12922139045034278,-0.2929401549696922,0.011842586100101471,0.3793389472365381,-0.5609273910522461,0.9428634643554688,0.3670526854558193,0.21077768757361423,0.04172436304390431,0.33078955113887787,0.9999792575836182,0.004368135239928961,0.9999999403953552,0.001730180858380002,0.035336457883267156,-0.049888553693890565,0.0,0.11956001475453393,-0.4874098300933838,0.69868403673172,0.028458407190464018,0.1337861121404727,0.0,5.402133407272913e-09,0.8984485852718381,0.0,0.9999999403953552,0.028458407154352237,0.13378611178588437,0.0,5.402133407272913e-09,0.8984485852718381,0.0,0.9999999403953552
1,train,1,target,20260202_144645_beam1,20260202_144645,0.94921875,0.024453125,0.0,1.0,0.951875,0.0006099430029280484,0.09153422713279724,0.001996722538024187,0.33739182353019714,0.03106187195081541,0.13967384671941288,0.0,7.610647528855097e-11,0.9999761605262757,0.0,1.0,-0.002708250769740879,0.12230364333110895,-0.35302084058523175,0.0041994818020612,0.2645999714732174,-0.6691392660140991,0.44675907492637634,0.3672700656376082,0.21652730603608772,0.04349520768970251,0.3283723443746567,0.999914231300354,0.0006577680469490588,1.0,0.00044587557221699095,0.013931193073027004,-0.04022713832557201,-0.0,0.038410220779478595,-0.1241859570145607,0.18943171203136444,0.027481021254900907,0.13551786652874603,0.0,3.5428226324851764e-11,0.948983052372936,0.0,1.0,0.027481021159745732,0.1355178657933919,0.0,3.5428226324851764e-11,0.9489829933643377,0.0,1.0
1,train,1,target,20260202_144645_beam2,20260202_144645,0.940625,0.024609375,0.0,1.0,0.951875,0.000904646294657141,0.09719597548246384,0.002481253584846854,0.3409363925457001,0.03403542877259698,0.14365149407836017,0.0,7.517140798718458e-10,0.9998828089237214,0.0,1.0,-0.011293407548153311,0.13651866033393795,-0.44317995488643647,-0.009864901192486286,0.3121512886881828,-0.7752926349639893,0.5916029214859009,0.3728241707877714,0.22073154532931968,0.0371704775467515,0.3311711400747299,0.9999386072158813,0.0028388325590640306,1.0,-0.00013692385557115765,0.026891058469405996,-0.06292760737240315,0.0,0.0339738849923015,-0.19537240266799927,0.48395705223083496,0.029489756855087704,0.13743376373034694,0.0,1.1624886470107398e-10,0.9166708409786231,0.0,1.0,0.029489756910491653,0.1374337638730673,0.0,1.1624885776218008e-10,0.9166708409786231,0.0,1.0
1,train,1,target,20260202_144645_beam3,20260202_144645,0.936953125,0.0265625,0.0,1.0,0.94875,0.0007745667826384306,0.09614692628383636,0.002314236480742693,0.3473166227340698,0.03448858484144582,0.14413114636572483,0.0,4.356709215613819e-09,0.9999870181083679,0.0,1.0,-0.0038244717692171547,0.13334612752411565,-0.41987934082746503,0.0003543092170730233,0.29329554319381723,-0.7208571434020996,0.6462741494178772,0.37976568880640116,0.2189030129199639,0.0424586632847786,0.3391930162906647,0.9999398624897003,0.0023304889909923077,0.9999999403953552,-0.0006404303294363343,0.0185365229959268,-0.06680203393101693,0.0,0.030605516396462917,-0.3148018717765808,0.26219406723976135,0.029630051314375586,0.13732924637130603,0.0,4.496465699777019e-11,0.9377341926097873,0.0,0.9999999403953552,0.029630051188618774,0.1373292455647316,0.0,4.496465699777019e-11,0.9377341926097873,0.0,0.9999999403953552
1,train,1,target,20260202_144645_beam4,20260202_144645,0.9471875,0.024765625,0.0,1.0,0.953671875,0.0006476619746536016,0.0911976769566536,0.0019536034669727087,0.34582507610321045,0.03210981222875551,0.14272948664572516,0.0,4.939165165751547e-08,1.0,0.0,1.0,-0.0028382404418551845,0.12132223467788941,-0.30872542679309845,0.0010917024919763207,0.2975602886080743,-0.5472327470779419,0.686177134513855,0.37541105273623543,0.21983351619459102,0.04195962700992823,0.3374186307191849,0.9999819999933243,0.0013455464504659176,0.9999999403953552,-4.808781712494495e-05,0.013263737411421664,-0.041844939179718495,0.0,0.03648919861763716,-0.26709479093551636,0.1621181219816208,0.028261523613652306,0.1386976869311221,0.0,8.530543382789801e-09,0.9503156054019929,0.0,0.9999999403953552,0.02826152356152653,0.13869768649673767,0.0,8.530543382789801e-09,0.9503156644105912,0.0,0.9999999403953552
1,train,1,target,20260202_144710_beam1,20260202_144710,0.937109375,0.024140625,0.0,1.0,0.94609375,0.0006551001570187509,0.09526669234037399,0.002186333294957876,0.34760260581970215,0.03336153847228684,0.1388247474522615,0.0,3.4410598814815785e-09,0.9999995279312134,0.0,1.0,0.0013662180940566416,0.12966263293714753,-0.39160190045833587,0.00744785089045763,0.28201309233903893,-0.7182149291038513,0.5118207931518555,0.3803884421026123,0.2209421649490059,0.04064305160194635,0.34393933415412903,0.9999182224273682,0.001156227895990014,0.9999999403953552,4.272529773700518e-05,0.01581310534724301,-0.057727016694843765,0.0,0.04927188023924832,-0.32016000151634216,0.15730468928813934,0.028806727157224918,0.13318816844542783,0.0,2.384010322487029e-09,0.9754526650905609,0.0,0.9999999403953552,0.02880672716250581,0.13318816841426048,0.0,2.384010544531634e-09,0.9754526644945145,0.0,0.9999998807907104
1,train,1,target,20260202_144710_beam2,20260202_144710,0.934296875,0.025859375,0.0,1.0,0.94375,0.0006001903093419969,0.09284312278032303,0.0020308399107307196,0.34237363934516907,0.03371509469265169,0.13836230650214296,0.0,1.0261259897337283e-10,0.9999642407894135,0.0,1.0,-0.009737101939440294,0.13434504871188313,-0.4458929559588432,-0.004992613103240728,0.2697431147098541,-0.7996560335159302,0.5054402947425842,0.3762940634590632,0.22224275748935998,0.03987652774900198,0.3365170806646347,0.9999367040395737,0.0022801938466727734,0.9999999403953552,-0.0029273030741509888,0.017196595319482758,-0.091627182289958,0.0,0.011491249930113561,-0.24574172496795654,0.1234801784157753,0.02890441458252257,0.13220729661315994,0.0,2.4071329998709423e-11,0.9528494060039521,0.0,0.9999999403953552,0.0289044145037706,0.13220729602449474,0.0,2.4071328263985947e-11,0.952849464416504,0.0,0.9999999403953552
1,train,1,target,20260202_144710_beam3,20260202_144710,0.93640625,0.023828125,0.0,1.0,0.9428125,0.0005061200354248285,0.09209613502025604,0.0017911884933710098,0.33999577164649963,0.03309324137163297,0.13832942805940238,0.0,1.4018573857299543e-08,0.9999811762571335,0.0,1.0,-0.002523399055170952,0.12667896794968203,-0.3713065844774246,0.004020069492980838,0.2771925282478333,-0.7452788352966309,0.4795057773590088,0.37417276293072066,0.2196892316656206,0.040830654725432396,0.3381921947002411,0.9999399781227112,0.004139923956245184,0.9999999403953552,-0.00067342999828784,0.013346975852945161,-0.062498586475849154,0.0,0.02588307198137045,-0.11715497821569443,0.2044028490781784,0.028592746434562652,0.13206958020395132,0.0,9.715286353184638e-10,0.9681492900848389,0.0,0.9999999403953552,0.028592746315924584,0.13206957930562374,0.0,9.715286353184638e-10,0.9681492310762405,0.0,0.9999999403953552
1,train,1,target,20260202_144710_beam4,20260202_144710,0.94703125,0.024140625,0.0,1.0,0.95015625,0.0004821614711545408,0.09271115064620972,0.0016296992544084787,0.3349516689777374,0.03021958965522411,0.1358037379586877,0.0,5.40516520430856e-09,1.0,0.0,1.0,0.0006480097097028281,0.1180855950134278,-0.3125575193762779,0.007234362885355949,0.26240761905908594,-0.5276325345039368,0.45991867780685425,0.3662599981081803,0.21796599798028726,0.03894038025289774,0.32998375594615936,0.9999796152114868,0.003907298669219017,1.0,0.0005942075294753007,0.010600714513302297,-0.02937689764425158,0.0,0.03662081249058252,-0.12631624937057495,0.130298912525177,0.02671714554576655,0.13153051572847194,0.0,1.064294097297136e-09,0.981829617023468,0.0,1.0,0.026717145460659397,0.13153051499610696,0.0,1.064294097297136e-09,0.9818295574188233,0.0,1.0
1,train,1,target,20260202_144718_beam1,20260202_144718,0.94375,0.0246875,0.0,1.0,0.948125,0.0006107289809733629,0.0940667986869812,0.0019683600403368473,0.3416483700275421,0.03273416452173146,0.1406654075941539,0.0,4.612183079899523e-09,0.9999429386854172,0.0,1.0,-0.007281921457616818,0.12976738894874543,-0.41693084090948107,0.0009183349902741611,0.2622730228304864,-0.7345757484436035,0.44049400091171265,0.3722740884171344,0.21495440818834038,0.042512167990207676,0.33626921474933624,0.9999189972877502,0.0016705453163012862,0.9999999403953552,-0.0009752677325765703,0.016320872349193914,-0.08703833237290383,0.0,0.03952367220073944,-0.2147713303565979,0.12450764328241348,0.02799229142329599,0.13361681314678556,0.0,2.3928276027262996e-10,0.9777417832612991,0.0,0.9999999403953552,0.027992291392754165,0.1336168129959041,0.0,2.3928276027262996e-10,0.9777417838573456,0.0,0.9999998807907104
1,train,1,target,20260202_144718_beam2,20260202_144718,0.941484375,0.024453125,0.0,1.0,0.95,0.0006563044153153896,0.09444982558488846,0.001978855347260833,0.33901962637901306,0.03401109000176969,0.14297933570575494,0.0,2.3355746225917073e-09,0.9999982887506484,0.0,1.0,-0.013834955672425337,0.1332727275471217,-0.42611449778079985,-0.010229108389467001,0.27239450901746765,-0.7614943385124207,0.5922170877456665,0.3686080885582396,0.21372596539677743,0.039597645290195944,0.3338141590356827,0.9999380111694336,0.0015360127435997128,0.9999999403953552,-0.003008273769034913,0.0252410289350833,-0.11991663470864296,0.0,0.03868863910436647,-0.40778207778930664,0.11478523910045624,0.02818074783487958,0.13349258784575216,0.0,5.289956250820183e-10,0.9220957809686661,0.0,0.9999999403953552,0.02818074782621019,0.13349258776658743,0.0,5.289956250820183e-10,0.9220957809686661,0.0,0.9999999403953552
1,train,1,target,20260202_144718_beam3,20260202_144718,0.94234375,0.025078125,0.0,1.0,0.9478125,0.0006053012330085039,0.09126465022563934,0.0018825593870133162,0.3376467525959015,0.03392214139147494,0.14412018861090295,0.0,5.897096588824979e-09,0.9999579858779908,0.0,1.0,-0.001238114045700982,0.11968306393971044,-0.3109376510977745,8.84603250597138e-05,0.2737514075636864,-0.6116865873336792,0.5611122846603394,0.36925841864109316,0.21547897112502917,0.04148784372955561,0.3320249319076538,0.9999419504404068,0.0026774464640766382,0.9999999403953552,0.001228134670783252,0.01972100186799982,-0.023288101758807897,0.0,0.08147844530642034,-0.27272915840148926,0.2925204634666443,0.028804749062660437,0.1358679354715271,0.0,2.0308044135219916e-09,0.9351876437664032,0.0,0.9999999403953552,0.028804748949846654,0.13586793463134775,0.0,2.0308046355665965e-09,0.9351876437664032,0.0,0.9999999403953552
1,train,1,target,20260202_144718_beam4,20260202_144718,0.94671875,0.024921875,0.0,1.0,0.951640625,0.00043161751818843186,0.09031804651021957,0.0015780386747792363,0.3357566297054291,0.03028865215540877,0.13859220616031478,0.0,1.6693181947857738e-08,0.999985778927803,0.0,1.0,0.005604406023653894,0.11619925994285467,-0.26934454202651975,0.006887694820761681,0.289270128309727,-0.4794456362724304,0.5432078242301941,0.36658570873412827,0.2146027842453104,0.04183288704603911,0.3315979242324829,0.9999810457229614,0.005251982714980841,0.9999999403953552,0.001246424949158161,0.013348481260551028,-0.0058528786385431885,-0.0,0.0496885170042515,-0.2210712432861328,0.17671045660972595,0.026796088638399565,0.13399082230078,0.0,2.474526361595508e-09,0.9459806734323501,0.0,0.9999999403953552,0.026796088581060095,0.13399082182499758,0.0,2.474526361595508e-09,0.9459806734323501,0.0,0.9999999403953552
1,test,0,background,20260204_100739_beam1_az001,20260204_100739,0.953515625,0.021484375,0.0,1.0,0.96,0.0004406031221151352,0.08740124106407166,0.0018115894636139274,0.333698034286499,0.029257978261651642,0.13424097953297917,0.0,3.204052134719859e-08,0.9999425256252289,0.0,1.0,-0.0005969635225463143,0.1266919260368154,-0.29591769695281983,-0.005203904816880822,0.33727154254913355,-0.5167669057846069,0.9752081036567688,0.3555917373036027,0.20269016139604776,0.042034084275364876,0.3237486630678177,0.9999091172218323,0.0022182313259691,1.0,-0.0011140522180364506,0.029970742674120386,-0.07095734775066376,0.0,0.0482850766927007,-0.42192506790161133,0.3967658579349518,0.02347747010922467,0.12608471770888943,0.0,1.4099994061211873e-08,0.9995067268610001,0.0,1.0,0.023477470052997815,0.12608471720310652,0.0,1.4099994061211873e-08,0.9995067268610001,0.0,1.0
1,test,0,background,20260204_100739_beam1_az010,20260204_100739,0.955078125,0.026875,0.0,1.0,0.95765625,0.00044553488260135055,0.09332168102264404,0.0014368778793141246,0.33151644468307495,0.031939463929786104,0.14509196740018265,0.0,3.428573647212829e-09,0.9999231708049774,0.0,1.0,-0.0021776893697148126,0.13035260296054557,-0.36116130530834195,0.0019353613024577498,0.297322713136673,-0.6358325481414795,0.5451933741569519,0.35685596012948734,0.20858567077375748,0.036911125034093856,0.3239806890487671,0.9996395748853684,0.0037285590078681707,0.9999999403953552,-0.0015888685473591613,0.04445677343109209,-0.2514731606841087,0.0,0.1299795651435853,-0.5124732851982117,0.20544712245464325,0.027556120942620478,0.13951054872531318,0.0,1.5354372218112644e-09,0.964659694433213,0.0,0.9999997019767761,0.027556120919616,0.1395105486006683,0.0,1.5354372218112644e-09,0.964659694433213,0.0,0.9999997019767761
1,test,0,background,20260204_100739_beam1_az019,20260204_100739,0.95828125,0.019296875,0.0,1.0,0.963828125,0.000468100537545979,0.09497164189815521,0.0015674233436584473,0.3386191725730896,0.025156999830814923,0.12585916390666488,0.0,7.672247837042789e-10,0.999889771938324,0.0,1.0,-0.010487675288972582,0.1445223926445843,-0.4423606815934181,-0.007694023661315441,0.2916772612929347,-0.9346812963485718,0.5246576070785522,0.36098590431184674,0.20497708851461427,0.04178100693970919,0.3294675946235657,0.999923825263977,0.0016081285430118442,0.9999999403953552,-0.006869793582588543,0.06681384379882102,-0.09512290976941569,-0.0,0.007403131788596513,-0.9063171148300171,0.04364543408155441,0.02179024955260208,0.12339059965123361,0.0,4.5672823162368203e-11,0.9427146011590961,0.0,0.9999999403953552,0.021790249580869635,0.12339059987863842,0.0,4.5672823162368203e-11,0.9427146011590961,0.0,0.9999999403953552
1,test,0,background,20260204_100739_beam1_az028,20260204_100739,0.953359375,0.02515625,0.0,1.0,0.957421875,0.0005421856767497957,0.09411779791116714,0.0016804486513137817,0.3352956175804138,0.03198921036968147,0.14267663376526596,0.0,1.9162587960863675e-08,1.0,0.0,1.0,-0.0028889222813427294,0.1339401480805953,-0.40584148436784745,0.004178929608315229,0.27894533306360253,-0.7914152145385742,0.5176530480384827,0.36015570537931124,0.20529319574772703,0.04062389098107815,0.3299199789762497,0.9995724642276764,0.002681017154827714,0.9999999403953552,-0.0021805655676272787,0.04454462563220969,-0.1361162222921848,0.0,0.1236826702952385,-0.7774060964584351,0.2342624068260193,0.026593199137964624,0.13428534598476652,0.0,5.336304731429209e-09,0.9073742932081227,0.0,0.9999997019767761,0.026593199144298595,0.13428534598635727,0.0,5.336304731429209e-09,0.9073742932081227,0.0,0.9999997019767761
1,test,0,background,20260204_100739_beam1_az037,20260204_100739,0.946484375,0.02171875,0.0,1.0,0.948046875,0.0005763239460065961,0.09748902916908264,0.001934332074597478,0.33864086866378784,0.03253420710077304,0.1349529792144097,0.0,4.071472403666121e-08,0.9999999409914017,0.0,1.0,0.02002709364884822,0.1267604579756249,-0.2780729454755783,0.01823549997061491,0.3265502476692201,-0.7376904487609863,0.7234175801277161,0.37101891590784364,0.21999688451121302,0.04095714028924704,0.33140406012535095,0.999912451505661,0.004887599963694811,0.9999999403953552,0.00235188701258506,0.02041210278839623,-0.04261394314467907,-0.0,0.12326166667044167,-0.2845250964164734,0.2751443386077881,0.028764006689900822,0.13253373201393925,0.0,2.2563485302384834e-08,0.9823442304134372,0.0,0.9999999403953552,0.02876400673108671,0.13253373221798326,0.0,2.2563485302384834e-08,0.9823442894220356,0.0,0.9999999403953552
1,test,0,background,20260204_100739_beam1_az046,20260204_100739,0.964296875,0.022734375,0.0,1.0,0.966953125,0.0004303624446038157,0.09158206731081009,0.001588373095728457,0.33431777358055115,0.02701779588895678,0.13503102445090373,0.0,5.326003194028317e-09,0.9999753934144974,0.0,1.0,0.003870841473465063,0.12151701603468103,-0.30256987929344176,0.0064579632598906755,0.28114278584718705,-0.6542251706123352,0.4578743577003479,0.3548629078202521,0.20405435164771185,0.03688689433038235,0.32796628773212433,0.9995935255289078,0.0012626053066924214,0.9999999403953552,-7.817326234592867e-05,0.026060196414472152,-0.06927918635308743,-0.0,0.08818376705050536,-0.4788864254951477,0.18216654658317566,0.023247036259777674,0.1306893505676322,0.0,1.271383665013559e-09,0.9625080889463434,0.0,0.9999995231628418,0.023247036238228266,0.1306893503484876,0.0,1.271383665013559e-09,0.962508088350297,0.0,0.9999995827674866
1,test,0,background,20260204_100739_beam1_az055,20260204_100739,0.93515625,0.041015625,0.000390625,1.0,0.948671875,0.0005127196782268584,0.09140908718109131,0.001711049466393888,0.3321036994457245,0.04329711770426499,0.17061678780063627,0.0,3.780676882669809e-10,0.9999995279312134,0.0,1.0,-0.023519347228041703,0.13194278519179733,-0.3962981358170509,-0.02181222941726446,0.2746034571528435,-1.0,0.5038619637489319,0.3612135550228777,0.209680568559103,0.040900579243898394,0.326908677816391,0.9999143624305725,0.004504517652094364,0.9999998807907104,-0.00724408292882531,0.05210911888178967,-0.2437463654577732,-0.0,0.006675449032336569,-0.759346067905426,0.2560233175754547,0.03545995633086117,0.15660429279146454,0.0,1.7904094873344434e-10,0.9422817152738572,0.0,0.9999998807907104,0.035459956383277494,0.15660429307983403,0.0,1.7904094873344434e-10,0.9422817742824555,0.0,0.9999999403953552
1,test,0,background,20260204_100739_beam1_az064,20260204_100739,0.951015625,0.020859375,0.0,1.0,0.968984375,0.0005050235195085406,0.0898604765534401,0.0019473271677270532,0.32734766602516174,0.027855560655006828,0.12738493947058044,0.0,8.257717287740718e-10,0.9999998819828033,0.0,1.0,0.0066126492340146115,0.13027949798353317,-0.3580599814653396,0.010986425448209047,0.2737055724859238,-0.9541016817092896,0.6275975108146667,0.3481079938023413,0.19689555593015645,0.03878853961825371,0.3178529143333435,0.999750372171402,0.0017840095097199082,0.9999998211860657,-0.00022743590782988636,0.03913465203563521,-0.02725052734836936,0.0,0.14653202816843988,-0.6736420392990112,0.5133458375930786,0.021587473150173092,0.11836404650209308,0.0,4.0525571787242143e-10,0.8792558968067169,0.0,0.9999998211860657,0.021587473114739596,0.11836404618867002,0.0,4.0525571787242143e-10,0.8792559558153152,0.0,0.9999998211860657
1,test,0,background,20260204_100739_beam1_az073,20260204_100739,0.949140625,0.023359375,0.0,1.0,0.9515625,0.0004519263457041234,0.09068596363067627,0.0016223167767748237,0.3389686644077301,0.032058876078397865,0.13926357798247144,0.0,7.735777352024797e-09,0.9999968135356903,0.0,1.0,-0.008615744450492428,0.12808396730779184,-0.3518866077065468,-0.008749821688979864,0.2909164905548098,-0.7918664216995239,0.5925347208976746,0.3665900456054078,0.20985653135250462,0.03925951540470123,0.33524590730667114,0.9999179255962372,0.0050895242020487785,1.0,-0.004565297718759473,0.03032280015194567,-0.17298198848962784,0.0,0.009144261106848722,-0.4122229218482971,0.10988303273916245,0.027266946989408698,0.1334393211892407,0.0,1.3844793089745622e-09,0.9825327575206764,0.0,1.0,0.0272669469349615,0.13343932095023922,0.0,1.3844793089745622e-09,0.9825327575206764,0.0,1.0
1,test,0,background,20260204_100739_beam1_az082,20260204_100739,0.951953125,0.021640625,0.0,1.0,0.956484375,0.0005300877965055406,0.09192264080047607,0.0015218383632600307,0.3395576477050781,0.029978386148134487,0.13519109363363246,0.0,2.1642285741307887e-09,0.9999999409914017,0.0,1.0,0.004496092734677006,0.13024797087699677,-0.31788878828287126,0.0059476587921381,0.34223688244819667,-0.6253728270530701,0.6923270225524902,0.36474757701286764,0.20763668648499742,0.040868392772972585,0.33565324544906616,0.9997158700227737,0.0014914164785295725,0.9999998807907104,0.0008298136428994332,0.03186376044384225,-0.06912920638918875,0.0,0.14347781151533137,-0.5718004703521729,0.2849940061569214,0.025500411365068962,0.12972408730021423,0.0,2.531237719427537e-10,0.9875768208503723,0.0,0.9999997615814209,0.025500411474189025,0.1297240879417138,0.0,2.531237996983293e-10,0.9875768208503723,0.0,0.9999997615814209
1,test,0,background,20260204_100739_beam1_az091,20260204_100739,0.956640625,0.01984375,0.000390625,1.0,0.961640625,0.0004814512503799051,0.09242059290409088,0.0018312002066522837,0.3268461227416992,0.027459924866150537,0.1272488952090766,0.0,9.931677702468278e-10,1.0,0.0,1.0,-0.0027107657429325726,0.14195248537994765,-0.3490819349884986,-0.004508312325924635,0.3516342994570735,-1.0,0.6995965242385864,0.34996354382641587,0.20334575292257437,0.037241926677525045,0.31742824614048004,0.9999224579334259,0.003343870397657156,0.9999999403953552,-0.0027556930390648564,0.040775826033865155,-0.09452864222228526,-0.0,0.021678144130856624,-0.6564849019050598,0.2970755696296692,0.02284386139017264,0.12344743773556272,0.0,3.6743277864736967e-10,0.9656423801183701,0.0,0.9999999403953552,0.022843861293264336,0.12344743697370604,0.0,3.6743277864736967e-10,0.9656423801183701,0.0,0.9999999403953552
1,test,0,background,20260204_100739_beam1_az100,20260204_100739,0.94046875,0.03109375,0.0,1.0,0.948125,0.000492716790176928,0.09218864142894745,0.0017365337116643786,0.33648812770843506,0.037367005477567154,0.1519007274895426,0.0,1.0954083862202424e-08,0.9999875491857528,0.0,1.0,-0.007370710826655085,0.13317972719250362,-0.3338574746251106,-0.005533783696591854,0.3164751154184344,-0.722994863986969,0.7170550227165222,0.36655004373007616,0.21258886631423712,0.037352565713226794,0.3306644558906555,0.9996288007497788,0.0024489627685397863,0.9999998211860657,-0.0003836612175297327,0.05189963483899971,-0.1884847939014435,-0.0,0.1442553271353245,-0.7036367654800415,0.6827623844146729,0.031228630224341733,0.14076635080141486,0.0,9.403574585675756e-10,0.9504130703210835,0.0,0.9999996423721313,0.031228630148724967,0.1407663503185237,0.0,9.403573475452731e-10,0.9504130703210835,0.0,0.9999996423721313
1,test,0,background,20260204_100739_beam1_az109,20260204_100739,0.961953125,0.020078125,0.0,1.0,0.967578125,0.00044901532237417996,0.09439125657081604,0.0016275891102850437,0.33305713534355164,0.024685253903144105,0.12626886225451578,0.0,1.4283451754693033e-08,0.9998852282762528,0.0,1.0,-0.012797610849497184,0.12884227458668143,-0.40902482181787486,-0.012343964073807001,0.2890795114636422,-0.76793372631073,0.6358923316001892,0.35468752116714314,0.20750050577904977,0.03791538178920746,0.31969408690929413,0.999920129776001,0.004458114039152861,1.0,-0.0036796872674282723,0.035266719399169096,-0.07709110021591185,-0.0,0.007461292929947428,-0.47346726059913635,0.14916986227035522,0.021810487242204322,0.12542577841203795,0.0,3.141847892962346e-09,0.9964179277420044,0.0,1.0,0.0218104871845516,0.12542577799762483,0.0,3.141847670917741e-09,0.9964179277420044,0.0,0.9999999403953552
1,test,0,background,20260204_100739_beam1_az118,20260204_100739,0.95234375,0.028046875,0.002421875,1.0,0.958671875,0.000581929984036833,0.09410960227251053,0.00199965201318264,0.32688379287719727,0.03289683460980823,0.14102509734918173,0.0,4.469684622421255e-10,0.9999999409914017,0.0,1.0,0.010553230712044979,0.140516656323256,-0.2891133239865303,0.003902748692780733,0.37503991574049006,-0.5266128778457642,1.0,0.3500306806374283,0.1986033344127887,0.03911152813583613,0.3193265348672867,0.9996988874673843,0.0020784977823495865,0.9999998807907104,0.005057352563463687,0.05014802512961941,-0.02125075675547123,0.0,0.15592253193259242,-0.30619457364082336,0.7501927018165588,0.026166577118158018,0.13093084077972073,0.0,2.316464103868654e-10,0.9080946046113968,0.0,0.9999998807907104,0.02616657709746674,0.13093084068552346,0.0,2.316463965090776e-10,0.9080946636199951,0.0,0.9999999403953552
1,test,0,background,20260204_100739_beam1_az127,20260204_100739,0.96125,0.017109375,0.0,1.0,0.963984375,0.00044862148934043944,0.09477577358484268,0.0017788168042898178,0.33997830748558044,0.024674872893583773,0.12396231838145401,0.0,6.0321765360527024e-09,1.0,0.0,1.0,0.02009391757440632,0.1323401687628903,-0.2875903591513634,0.014653412159532309,0.4114995783567429,-0.6730627417564392,0.6405080556869507,0.36205849899895837,0.2097076780736408,0.03692145511507988,0.33186402916908264,0.9999871277809143,0.0015454287640750408,0.9999999403953552,0.003672522633255021,0.03711515691478671,-0.04563523646444082,0.0,0.1668584704399109,-0.07907301932573318,0.41662126779556274,0.021935531754578488,0.12245431331436155,0.0,3.36787181476339e-10,0.9997976434230804,0.0,0.9999999403953552,0.02193553173440634,0.12245431304421477,0.0,3.3678720923191463e-10,0.9997976434230804,0.0,0.9999999403953552
1,test,0,background,20260204_100739_beam1_az136,20260204_100739,0.969140625,0.01671875,0.0,1.0,0.972734375,0.000541292189154774,0.08991019427776337,0.0017718467861413956,0.33691906929016113,0.023453801652657848,0.120834054236904,0.0,7.865741835644258e-09,0.9999952793121338,0.0,1.0,-0.004207124203127534,0.11822538117870941,-0.3056426501274109,-0.0023326396476477385,0.2623312202095987,-0.7454198598861694,0.45271438360214233,0.35251298729450353,0.19382883122251304,0.04182830005884171,0.325788214802742,0.999649703502655,0.006538928486406803,0.9999998807907104,0.0013968570382132614,0.019939100127781034,-0.026712566614150998,0.0,0.13418223038315774,-0.19418494403362274,0.24905909597873688,0.01875326355516122,0.11451083964715679,0.0,4.494748184757924e-10,0.8863986730575562,0.0,0.9999998807907104,0.018753263544676914,0.11451083950583432,0.0,4.494748184757924e-10,0.8863986736536026,0.0,0.9999999403953552
1,val,0,background,20260204_100802_beam1_az001,20260204_100802,0.67484375,0.051796875,0.0,1.0,0.685546875,0.0007659393595531583,0.09253302216529846,0.009164229035377502,0.8498513102531433,0.12293388811997874,0.19777054492698207,0.0,3.014205773865797e-08,0.9999943351745606,0.0,1.0,-0.010062184267965266,0.17176459820474865,-0.4366817581653595,-0.0056531589943915606,0.4989801272749901,-0.8498790860176086,0.6322155594825745,0.8651429555569484,0.19419765993113422,0.18431915000081064,0.9580564200878143,0.9999938613176346,0.012504968792200089,0.9999991655349731,0.012375563009559148,0.04759896055823411,-0.06022660456597805,0.0,0.20193017974495894,-0.20036214590072632,0.505673885345459,0.11124221892196168,0.1823118984095577,0.0,2.8101631244226155e-08,0.8617700636386872,0.0,0.9997580051422119,0.11124221885792636,0.18231189825671498,0.0,2.8101629467869316e-08,0.8617700636386872,0.0,0.9997580051422119
1,val,0,background,20260204_100802_beam1_az010,20260204_100802,0.741796875,0.079140625,0.029921875,1.0,0.764921875,0.0029275657143443823,0.22300347685813904,0.011746728792786598,0.7515241503715515,0.10885742428639754,0.21390916080428418,0.0,2.984640445902187e-08,0.9999725610017777,0.0,1.0,-0.23466882403454292,0.295304713567985,-1.0,-0.18447918444871902,0.32336013436317446,-1.0,0.42246589064598083,0.7696481667305488,0.2596200293116555,0.10760673053562642,0.8813717067241669,0.999994695186615,0.005639634095132351,0.9999992847442627,-0.04832913081143417,0.15178560742581657,-0.7956537353992462,-0.0,0.03550958350300794,-1.0,0.26446160674095154,0.0861954519621589,0.1741132401262575,0.0,2.9846116689213886e-08,0.8370484256744387,0.0,0.99245285987854,0.0861954520071254,0.17411324027112593,0.0,2.9846116689213886e-08,0.8370484256744387,0.0,0.99245285987854
1,val,0,background,20260204_100802_beam1_az019,20260204_100802,0.692265625,0.08359375,0.027578125,1.0,0.71046875,0.0011613265378400683,0.10494394600391388,0.0064917393028736115,0.6536505818367004,0.12242357334957585,0.22229638462798748,0.0,1.3509719565263367e-07,0.9999949252605438,0.0,1.0,-0.10603246208675338,0.2531176869257214,-1.0,-0.007066217251121998,0.2818430858850479,-1.0,0.6252900958061218,0.7299915452017376,0.28147751242536734,0.08680853761732579,0.8642465174198151,0.9999948740005493,0.003470581490546465,0.9999992251396179,-0.04401266113235797,0.14833660670159826,-0.8005372911691665,0.0,0.01862697452306748,-1.0,0.07692229747772217,0.10675665923641589,0.19077810514884597,0.0,8.51447055083554e-08,0.8150740092992789,0.0,0.989572286605835,0.10675665934774123,0.19077810548898078,0.0,8.51447055083554e-08,0.8150740092992789,0.0,0.989572286605835
1,val,0,background,20260204_100802_beam1_az028,20260204_100802,0.660703125,0.084140625,0.09828125,1.0,0.696953125,0.0035652851220220327,0.22492888569831848,0.005262747872620821,0.613836407661438,0.13626045017681235,0.2220546614504127,0.0,1.0807408301616306e-08,0.9999934500455856,0.0,1.0,-0.30986613174429456,0.35411534577248327,-1.0,-0.2003488913178444,0.12984271511435513,-1.0,0.26665616035461426,0.6742807426018044,0.30076430142315486,0.06597995020449161,0.7003553211688995,0.9999949938058853,0.004403583239763975,0.9999991655349731,-0.07723763224700962,0.17415646916010352,-0.7892408269643784,-0.0,0.002755763949826362,-1.0,0.2005746066570282,0.10207976358940368,0.1747261323806978,0.0,3.803239057020846e-09,0.8124743819236762,0.0,0.9939415454864502,0.10207976361089133,0.17472613246794552,0.0,3.803239057020846e-09,0.8124743819236762,0.0,0.9939415454864502
1,val,0,background,20260204_100802_beam1_az037,20260204_100802,0.70953125,0.06359375,0.01640625,1.0,0.7353125,0.003728165989741683,0.20654483139514923,0.006720050238072872,0.6011062860488892,0.11176893460293934,0.20114089069414662,0.0,4.458886238012383e-08,0.999986310005188,0.0,1.0,-0.22690081776590595,0.27614254920844084,-1.0,-0.11901561543345451,0.12892649352550523,-1.0,0.4671098589897156,0.6759678140973119,0.29661596004317986,0.06837894439697266,0.7314383685588837,0.9999951124191284,0.0026216269470751286,0.999998927116394,-0.03763139220940373,0.1144116388608459,-0.636004438996315,-0.0,0.008325533047318461,-0.9112303256988525,0.025675151497125626,0.09552412467660755,0.17732145876847974,0.0,2.9162649184399925e-08,0.822127902507782,0.0,0.9972122311592102,0.09552412473932076,0.17732145892540746,0.0,2.9162649184399925e-08,0.822127902507782,0.0,0.9972122311592102
1,val,0,background,20260204_100802_beam1_az046,20260204_100802,0.750234375,0.065,0.0,1.0,0.773046875,0.0009771659970283508,0.078375443816185,0.00656159408390522,0.558424174785614,0.10645709825649995,0.20584596103219474,0.0,6.823721587778664e-09,0.9998574942350388,0.0,1.0,-0.03630666670925059,0.1254742756612786,-0.4411654517054558,-0.006101438542827964,0.26169469475746177,-0.565427839756012,0.5489429235458374,0.6423842753426834,0.3115714771521123,0.0607027816772461,0.6451696157455444,0.9999942779541016,0.0016356781125068665,0.9999988675117493,-0.006361032562236828,0.03406594842810893,-0.15992062523961068,0.0,0.02094407605007296,-0.49792832136154175,0.2762516438961029,0.09734423739397538,0.1977920293545017,0.0,1.153166784284565e-09,0.9874517178535468,0.0,0.9999988675117493,0.09734423744289877,0.19779202950913366,0.0,1.153166784284565e-09,0.9874517178535468,0.0,0.9999988675117493
1,val,0,background,20260204_100802_beam1_az055,20260204_100802,0.750390625,0.07,0.0,1.0,0.7728125,0.0019235532963648438,0.0989031121134758,0.007068010047078133,0.5434874892234802,0.10926010714396124,0.21197919139119445,0.0,6.208822611597498e-08,0.999900216460228,0.0,1.0,-0.06325354641258635,0.156524516504626,-0.5664603990316391,-0.007617279654368758,0.23685705065727236,-0.7805715799331665,0.5222983956336975,0.6381409742129471,0.317852024029822,0.06315087839961052,0.6346401870250702,0.9999955302476883,0.011997338384389877,0.9999989867210388,-0.009909262567681798,0.04732810877341689,-0.24224483355879778,-0.0,0.013983963960781757,-0.6246141791343689,0.09422867000102997,0.10155117090096502,0.20542665268758564,0.0,2.0753484264446342e-08,0.9540500837564476,0.0,0.9999989867210388,0.10155117086035809,0.20542665253939327,0.0,2.0753484264446342e-08,0.9540500831604011,0.0,0.9999989867210388
1,val,0,background,20260204_100802_beam1_az064,20260204_100802,0.69,0.058984375,0.000625,1.0,0.724296875,0.0038292184472084045,0.1631687879562378,0.007366769481450319,0.6174967885017395,0.11881810946162959,0.2043590047281883,0.0,1.7649513794903982e-10,0.9999410504102707,0.0,1.0,-0.1970855074043179,0.26144413062204125,-0.8639329922199249,-0.0831194818019867,0.16362808227539066,-1.0,0.3394968807697296,0.7004870757201934,0.29288110250621546,0.08106528021395207,0.7944959104061127,0.9999942779541016,0.003916266839951277,0.9999988675117493,-0.036279256248909875,0.09497620059403508,-0.5136725544929505,-0.0,0.0037094051577150856,-0.7662142515182495,0.03276757150888443,0.10708255507880424,0.19299664266311048,0.0,1.1368723323856855e-10,0.9151321488618855,0.0,0.9999988675117493,0.10708255506996918,0.19299664247874806,0.0,1.1368723323856855e-10,0.9151321488618855,0.0,0.9999988675117493
1,val,0,background,20260204_100802_beam1_az073,20260204_100802,0.764140625,0.059921875,0.0,1.0,0.780546875,0.00122498266864568,0.0883171409368515,0.005151561927050352,0.5109454393386841,0.10171857474629876,0.2029556844868636,0.0,1.0026141694652324e-08,0.9999966955184937,0.0,1.0,-0.05813566889423587,0.1461173679619169,-0.5309034013748168,-0.006912395125254989,0.21701491117477417,-0.8113681077957153,0.3817511796951294,0.608860311001481,0.33504172791162623,0.04842271462082863,0.5634784698486328,0.9999952912330627,0.00494424207136035,0.9999991655349731,-0.01003881587913797,0.045270673360724864,-0.2218975557386875,0.0,0.008438888676464565,-0.8054068088531494,0.027586232870817184,0.09537292105682514,0.1976974403436009,0.0,4.342658677103373e-09,0.939158136844635,0.0,0.9999991655349731,0.09537292103148955,0.1976974402122722,0.0,4.342658233014163e-09,0.9391580784320832,0.0,0.9999991655349731
1,val,0,background,20260204_100802_beam1_az082,20260204_100802,0.746953125,0.0603125,0.000859375,1.0,0.765078125,0.0019163445103913546,0.13790392875671387,0.008464615792036057,0.7040854096412659,0.10378083534554314,0.20132145468532675,0.0,1.1613882078265192e-10,0.999986310005188,0.0,1.0,-0.048988810850362226,0.1945218837997826,-0.580524873137474,-0.004800385795533657,0.378602561056614,-1.0,0.6306325793266296,0.7538828022605594,0.2679776379957733,0.09202415317296982,0.8591069877147675,0.9999937415122986,0.004064351785928011,0.9999991655349731,-0.0034872477442089616,0.04818387801959593,-0.22272586166858668,0.0,0.10588766172528292,-0.5977480411529541,0.6306325793266296,0.09314570615025694,0.1862552794933722,0.0,9.303142284311505e-11,0.9690249711275102,0.0,0.9999988079071045,0.09314570602827787,0.1862552790965554,0.0,9.303142978200896e-11,0.9690249711275102,0.0,0.9999987483024597
1,val,0,background,20260204_100802_beam1_az091,20260204_100802,0.777265625,0.069140625,0.0,1.0,0.79484375,0.0012632861034944654,0.09382116794586182,0.006103712599724531,0.5290501117706299,0.1021843297149721,0.20802141671114713,0.0,9.800376510327169e-09,0.9999974036216736,0.0,1.0,-0.03212375436159201,0.1423427283194377,-0.5377441930770874,-0.004013414494693279,0.28061401009559633,-0.8365088701248169,0.5814869403839111,0.61616681862728,0.3253597749056905,0.057170467115938664,0.5733684003353119,0.9999951726198196,0.005102610215544701,0.9999990463256836,-0.00419079737966995,0.03418422592930526,-0.18233345210552215,0.0,0.02574100105091935,-0.4375549256801605,0.13042990863323212,0.09495252822939643,0.2026520969062754,0.0,5.0825570419021915e-09,0.9627767091989518,0.0,0.9999986290931702,0.09495252821508221,0.2026520969232607,0.0,5.082556597812982e-09,0.9627767097949982,0.0,0.9999986290931702
1,val,0,background,20260204_100802_beam1_az100,20260204_100802,0.809140625,0.057421875,0.0,1.0,0.817265625,0.0006047813803888857,0.07526514679193497,0.004950426053255796,0.4989442825317383,0.08853755852680713,0.1976846423657825,0.0,1.1231746643858287e-09,0.9999971675872803,0.0,1.0,-0.0013626752839483202,0.09935569776188402,-0.28748434245586396,0.0016713357181288302,0.2761260026693345,-0.5049440860748291,0.627503514289856,0.5864311397624806,0.33809981183733595,0.050451627932488925,0.4993133246898651,0.9999937427043915,0.0024714821483939886,0.9999987483024597,-0.00015961115106273072,0.008869440239356378,-0.042124368622899054,0.0,0.018942904435098173,-0.09218582510948181,0.14352872967720032,0.08530248738732674,0.1967047047802788,0.0,3.849990881654719e-10,0.9906179326772692,0.0,0.9999986886978149,0.08530248739365474,0.1967047048779235,0.0,3.849990604098963e-10,0.9906179916858675,0.0,0.9999986886978149
1,val,0,background,20260204_100802_beam1_az109,20260204_100802,0.7840625,0.059609375,0.00203125,1.0,0.811328125,0.0009287914726883173,0.08380334824323654,0.0045231180265545845,0.49645495414733887,0.09483829993651213,0.20130545952666784,0.0,5.604787745028261e-10,0.9999729150533676,0.0,1.0,-0.0438768455428469,0.15906618498043817,-0.7232541853189468,-0.005325319012627006,0.22534719944000248,-1.0,0.5382297039031982,0.5803601536545102,0.3350332731089928,0.05385027602314949,0.4928176999092102,0.9999949932098389,0.004228130914270878,0.9999988675117493,-0.007589801386105757,0.049824723176151865,-0.2066131603717804,0.0,0.008317153975367546,-0.9219332933425903,0.028392398729920387,0.08719516247330716,0.19533064972969613,0.0,1.1437550906379101e-10,0.9396630084514622,0.0,0.9999988675117493,0.08719516254619382,0.19533064978280215,0.0,1.1437550906379101e-10,0.9396630090475087,0.0,0.9999988675117493
1,val,0,background,20260204_100802_beam1_az118,20260204_100802,0.763359375,0.0596875,0.0471875,1.0,0.785546875,0.001294693211093545,0.09496608376502991,0.004316551610827446,0.5042980313301086,0.10219984270142249,0.20266723131519693,0.0,1.946296679378179e-09,0.9999987018108368,0.0,1.0,-0.10763823064637751,0.2665617676696098,-1.0,-0.008538641966879368,0.20090939104557046,-1.0,0.41140103340148926,0.584785246636784,0.33193239110673967,0.050351111069321636,0.5057359635829926,0.9999949336051941,0.005889719817787409,0.9999990463256836,-0.03260965254735746,0.12616796429826937,-0.6596994721889495,0.0,0.003920967513695362,-1.0,0.0053465645760297775,0.0869136337856814,0.18292206386658164,0.0,7.161558013280001e-10,0.8622873419523271,0.0,0.9999990463256836,0.08691363370550555,0.18292206354929175,0.0,7.161558013280001e-10,0.8622873413562807,0.0,0.9999990463256836
1,val,0,background,20260204_100802_beam1_az127,20260204_100802,0.794140625,0.06375,0.0,1.0,0.817421875,0.00045175832929089665,0.0729278177022934,0.004425975028425455,0.4897257685661316,0.0934454850291918,0.20436423510251214,0.0,1.2943117688735128e-09,0.999999822974205,0.0,1.0,-0.004558972822520922,0.09550998023240252,-0.2824477580189705,0.002322604996152222,0.23733295172452945,-0.5946730375289917,0.41161853075027466,0.5742272094887995,0.338383198371042,0.046622109003365046,0.47986191511154175,0.9999949932098389,0.0035164763685315847,0.9999991059303284,-0.00048153425093886316,0.008919157908533433,-0.030969393905252215,-0.0,0.01591843791306021,-0.24614423513412476,0.11647903174161911,0.08678275965065366,0.1992362097479249,0.0,2.889854744392295e-10,0.9635367739200592,0.0,0.9999991059303284,0.08678275950516826,0.19923620924619168,0.0,2.889854744392295e-10,0.9635367149114609,0.0,0.9999991059303284
1,val,0,background,20260204_100802_beam1_az136,20260204_100802,0.80046875,0.058125,0.0,1.0,0.808671875,0.000545971211977303,0.07582603394985199,0.005384008400142193,0.5124782919883728,0.09123002448491782,0.19824619692673245,0.0,1.110723402142355e-09,0.9999946892261505,0.0,1.0,-0.0026814670252598206,0.10597326811287859,-0.2818489724397659,0.0005418915243353695,0.33253112345933916,-0.6048135161399841,0.5798510909080505,0.6002349933296136,0.3337555156815007,0.05355967085808516,0.5446256399154663,0.9999950534105301,0.006985349580645561,0.9999990463256836,-0.00020768883164950212,0.01480323437505923,-0.048663491196930406,-0.0,0.026730897091329146,-0.19624240696430206,0.18115858733654022,0.08740705479408202,0.19635833667824815,0.0,2.5288729443850855e-10,0.9905534350872042,0.0,0.9999990463256836,0.08740705475056888,0.19635833651145335,0.0,2.5288726668293293e-10,0.9905534350872042,0.0,0.9999990463256836
1,train,0,background,20260204_100826_beam1_az001,20260204_100826,0.753671875,0.04,0.0,1.0,0.7771875,0.0010959432693198323,0.07354407757520676,0.01099537592381239,0.7326552271842957,0.08876021788383082,0.17488595954911762,0.0,1.6699148375209916e-07,0.9999996459484101,0.0,1.0,-0.04627864421886439,0.18863956964518286,-0.7890743803977966,-0.0014893370098434389,0.3314965233206749,-0.8602023124694824,0.45514264702796936,0.771495286671925,0.26067738878817837,0.10993126392364502,0.9005160331726074,0.999958279132843,0.00846118200570345,0.9999935626983643,-0.01629948111766797,0.06009065884928617,-0.2679854607582092,0.0,0.09300141066312807,-0.8325252532958984,0.20286200940608978,0.08025394903769026,0.16216939302888647,0.0,1.6643097922042216e-07,0.9135156613588333,0.0,0.9982106685638428,0.0802539490113298,0.16216939292516971,0.0,1.6643097922042216e-07,0.9135156613588333,0.0,0.9982106685638428
1,train,0,background,20260204_100826_beam1_az010,20260204_100826,0.6453125,0.067265625,0.0,1.0,0.665546875,0.001022669835947454,0.07771600782871246,0.005889680236577988,0.5585498809814453,0.13191660705230757,0.21259283216570465,0.0,3.185982322406744e-08,0.9999985247850418,0.0,1.0,-0.029982214992547843,0.1697973551298755,-0.5159514129161835,-0.005073439562693238,0.35705079853534716,-0.6399660110473633,0.4284451901912689,0.682629089425609,0.30189317432284524,0.06957217432558536,0.7547097206115723,0.9999513059854508,0.0046004075556993484,0.9999894499778748,-0.0008569322748556998,0.06261417551808672,-0.21384796082973478,-0.0,0.2106601293385029,-0.39669060707092285,0.3849974274635315,0.11981891346976054,0.19846269085740725,0.0,1.4106358747767445e-08,0.889472675919533,0.0,0.9999082088470459,0.11981891354559127,0.19846269096180216,0.0,1.4106358747767445e-08,0.889472675919533,0.0,0.9999082088470459
1,train,0,background,20260204_100826_beam1_az019,20260204_100826,0.693671875,0.051875,0.0,1.0,0.715859375,0.0005259642493911088,0.062253810465335846,0.006557617336511612,0.5332814455032349,0.11100326566272198,0.19757274319350024,0.0,2.381807417961568e-09,0.9999982297420502,0.0,1.0,-0.02072862659066556,0.1007548668389734,-0.30174750596284866,-0.004649952752515674,0.21407479986548433,-0.5238767862319946,0.5070739984512329,0.6508527222096382,0.31175156846280927,0.06479794450104237,0.6874098777770996,0.9999575024843216,0.0024672984145581722,0.9999924898147583,-0.0065928917743421755,0.03054654311179975,-0.13041550740599633,0.0,0.07958797663450241,-0.24161425232887268,0.2607148289680481,0.10104928732296913,0.1856937152095054,0.0,1.037350316757113e-09,0.8895208698511123,0.0,0.9998750686645508,0.1010492874514709,0.185693715693715,0.0,1.037350316757113e-09,0.8895209294557571,0.0,0.9998750686645508
1,train,0,background,20260204_100826_beam1_az028,20260204_100826,0.6884375,0.0434375,0.0,1.0,0.708671875,0.0011371466098353267,0.07415729761123657,0.00670384056866169,0.5250101685523987,0.10131147999236373,0.1813259573136753,0.0,2.343780103331028e-08,0.9999788159132004,0.0,1.0,-0.05417283517869016,0.11114028793407463,-0.3902418661117554,-0.021555811166763306,0.18525066748261468,-0.6410576105117798,0.35131940245628357,0.6479354866477297,0.315985898725187,0.061517524570226675,0.7046577334403992,0.9999511247873306,0.005462931469082832,0.9999942183494568,-0.010434387827131453,0.029913566916719782,-0.13443297892808914,0.0,0.007425560746341944,-0.376479834318161,0.09054630249738693,0.0907330352001911,0.16610453049395707,0.0,1.333748222975828e-08,0.8716835677623754,0.0,0.9999536275863647,0.09073303522519179,0.16610453061358268,0.0,1.333748222975828e-08,0.8716835677623754,0.0,0.9999536275863647
1,train,0,background,20260204_100826_beam1_az037,20260204_100826,0.6934375,0.037265625,0.0,1.0,0.723125,0.0007953869644552469,0.07528902590274811,0.005169292446225882,0.5136955380439758,0.09392709690067408,0.17468458062048975,0.0,2.3027126871966175e-08,0.9999995279312134,0.0,1.0,0.05126167985044518,0.16754322647737036,-0.26952727615833283,0.0065084227826446295,0.5258562618494034,-0.6487667560577393,0.6084202527999878,0.6246417284754352,0.3181174936914142,0.05609191443771124,0.6544196605682373,0.9999595296382904,0.004613149911165237,0.9999943375587463,0.015685864339847908,0.05462635582954179,-0.06254151679575443,-0.0,0.232378570586443,-0.3473477065563202,0.5909314751625061,0.08130863602504806,0.15872150571592314,0.0,8.187050148933395e-09,0.9070843780040746,0.0,0.9972619414329529,0.08130863604424013,0.1587215056486858,0.0,8.187050148933395e-09,0.907084378600121,0.0,0.9972620010375977
1,train,0,background,20260204_100826_beam1_az046,20260204_100826,0.6928125,0.052109375,0.0,1.0,0.713515625,0.0015412052161991596,0.09961408376693726,0.006037403829395771,0.582366943359375,0.10967904395665938,0.19639198692267734,0.0,1.443327732886246e-07,0.999992977976799,0.0,1.0,0.08425471422110432,0.18848759778909513,-0.4283015391230583,0.01656865980476141,0.5749519306421284,-0.5362966060638428,0.9482324719429016,0.6770045072150606,0.2920627564477784,0.07199573785066606,0.7368135154247284,0.9999546468257904,0.007526328321546316,0.9999935030937195,0.020382047364939312,0.06460825772389395,-0.06817211620509624,0.0,0.30804986625909875,-0.3212668001651764,0.46214085817337036,0.09718939448129263,0.18117475540363412,0.0,1.0634718705659907e-07,0.8997222542762758,0.0,0.999950647354126,0.09718939447322925,0.18117475563511243,0.0,1.0634718705659907e-07,0.8997221952676775,0.0,0.999950647354126
1,train,0,background,20260204_100826_beam1_az055,20260204_100826,0.711484375,0.045703125,0.0,1.0,0.736875,0.000982749043032527,0.07627551257610321,0.013092163018882275,0.6207247972488403,0.10348367381338246,0.18440957606881803,0.0,2.895689306114946e-07,0.9999919158220291,0.0,1.0,0.05877173800082719,0.1835441745957974,-0.27808018565177917,0.007137647131457925,0.6801956349611282,-0.7149052619934082,0.830740749835968,0.6892245453461874,0.29000888785783435,0.07178190760314465,0.7796341180801392,0.9999563115835189,0.006132544483989477,0.9999949336051941,0.020720605837368483,0.07828578612564366,-0.0508624642342329,-0.0,0.3985609728097916,-0.22150304913520813,0.7995715737342834,0.08890199289111429,0.16207245223955394,0.0,2.8956415576431027e-07,0.8054949557781219,0.0,0.9964204430580139,0.0889019929251011,0.1620724522492256,0.0,2.8956415576431027e-07,0.8054949551820755,0.0,0.9964204430580139
1,train,0,background,20260204_100826_beam1_az064,20260204_100826,0.66453125,0.071875,0.0,1.0,0.690625,0.0009006958571262658,0.0891282707452774,0.009483479894697666,0.6950355768203735,0.13366278338069681,0.21739052553529065,0.0,5.658073662373475e-11,0.9999713218212127,0.0,1.0,-0.04981029734721773,0.15804575432946,-0.5203569889068603,-0.002934366697445512,0.28862840652465904,-0.7189733982086182,0.3484799563884735,0.7674995132208278,0.2577441217943508,0.12027895957231521,0.8751383423805237,0.9999549460411071,0.009991021826863289,0.9999917149543762,-0.0014307861353608964,0.043930910998938026,-0.16660633981227874,-0.0,0.1138059563934803,-0.3931022882461548,0.2478083223104477,0.12499295542497378,0.21091587268697798,0.0,4.910886974851536e-11,0.9733393800258638,0.0,0.9999087452888489,0.12499295546143134,0.21091587283323207,0.0,4.910886974851536e-11,0.9733393210172655,0.0,0.9999087452888489
1,train,0,background,20260204_100826_beam1_az073,20260204_100826,0.703359375,0.0434375,0.0,1.0,0.725546875,0.0007102245581336319,0.07060272991657257,0.00917339138686657,0.6141248345375061,0.1111049800075102,0.18973021253739336,0.0,1.3145240984613338e-07,0.9999838906526566,0.0,1.0,0.00934488886916256,0.14608677743749557,-0.30796369165182114,0.003940620459616184,0.45418447047472,-0.5546764135360718,0.9409096837043762,0.6774485025576905,0.2912415638733164,0.0693673101067543,0.720799595117569,0.9999553030729293,0.0034190912265330553,0.9999939203262329,0.0030338986799204617,0.05228455713021425,-0.11791716545820236,0.0,0.1842553938925267,-0.39362865686416626,0.5270137190818787,0.09250181897862357,0.16423148087131498,0.0,5.575040162852929e-08,0.8380085086822524,0.0,0.9954704642295837,0.09250181891518058,0.16423148062642515,0.0,5.575040162852929e-08,0.8380085086822524,0.0,0.9954704642295837
1,train,0,background,20260204_100826_beam1_az082,20260204_100826,0.69359375,0.08890625,0.0,1.0,0.701015625,0.001817254931665957,0.10690812021493912,0.009372614324092865,0.7494925856590271,0.12572534502192242,0.21779152873183633,0.0,4.2576512981895576e-08,0.9999948072433472,0.0,1.0,0.03072797696204528,0.21432943837396906,-0.6149014562368389,0.0060002245008945465,0.5039164036512375,-0.6968928575515747,0.7433750033378601,0.8051162595616188,0.24456217595768287,0.11265739120543003,0.9156547784805298,0.9999470710754395,0.0063345059752464294,0.9999899864196777,0.004077300710559267,0.05926425685106077,-0.209919213950634,-0.0,0.1899918313324452,-0.5005765557289124,0.3313983678817749,0.11896428018875499,0.21076801923945065,0.0,4.245952922588003e-08,0.9755504322052002,0.0,0.9999086856842041,0.11896428023584692,0.21076801931158393,0.0,4.245952922588003e-08,0.9755504322052002,0.0,0.9999087452888489
1,train,0,background,20260204_100826_beam1_az091,20260204_100826,0.741953125,0.060234375,0.0,1.0,0.75609375,0.00369625655002892,0.1284407675266266,0.010332652367651463,0.5808007121086121,0.09763014845492948,0.19135736237034182,0.0,3.4709770613261526e-09,0.9999997049570084,0.0,1.0,0.04223787496209759,0.24907746844314768,-0.42291699469089505,0.0031982477521523833,0.7058582758903504,-0.6444763541221619,0.8290008306503296,0.6628667685027904,0.2953403243067459,0.07184390388429165,0.7110832929611206,0.9999488019943237,0.00911134947091341,0.9999910593032837,0.0038060730633084562,0.08550664859905939,-0.2671002161502838,0.0,0.30205408275127466,-0.5049425959587097,0.7693183422088623,0.08598187087819067,0.17464641719501453,0.0,8.604607582007873e-10,0.8849555754661568,0.0,0.9996098279953003,0.085981870960301,0.17464641731256442,0.0,8.604608137119385e-10,0.8849555748701103,0.0,0.9996098875999451
1,train,0,background,20260204_100826_beam1_az100,20260204_100826,0.67078125,0.050625,0.0,1.0,0.686796875,0.001297120819799602,0.10021546483039856,0.007054879795759916,0.6411935687065125,0.10830092523432815,0.19099171969122636,0.0,1.1171118252661927e-08,0.9999476003646851,0.0,1.0,0.06146522293315762,0.16612632990503232,-0.39270293205976486,0.014566973317414522,0.4881363639235498,-0.5788544416427612,0.6645249128341675,0.7387530827584851,0.2664794940467329,0.10240133047103882,0.8197128176689148,0.9999545246362687,0.011555363424122334,0.9999921917915344,0.014526780483816252,0.047368615676058094,-0.07103316836059094,0.0,0.23944832190871246,-0.21240445971488953,0.36646488308906555,0.10181263366802584,0.18502028187652655,0.0,7.751707720160539e-09,0.981256337761879,0.0,0.9999486207962036,0.10181263366208634,0.1850202819156926,0.0,7.751707720160539e-09,0.981256337761879,0.0,0.9999486804008484
1,train,0,background,20260204_100826_beam1_az109,20260204_100826,0.738203125,0.049296875,0.0,1.0,0.754140625,0.0014627911150455475,0.1072252094745636,0.011042945086956024,0.636843204498291,0.09878299287784356,0.18539351813887228,0.0,7.095027143577681e-08,0.9999631786346436,0.0,1.0,0.04779298644759024,0.1771915847520189,-0.3832635247707367,0.00723487394861877,0.6467361086606983,-0.8355021476745605,0.9769457578659058,0.716246665170479,0.28758939611136103,0.07476024597883224,0.805649995803833,0.9999532169103622,0.0007527876296080649,0.9999930262565613,0.008946999725905045,0.05304432960296919,-0.08666071049869058,0.0,0.1526257927715779,-0.5976517200469971,0.7351158261299133,0.09290979054221671,0.17753755257906267,0.0,4.1172192766225635e-08,0.8774559092521668,0.0,0.9997460246086121,0.09290979042091221,0.17753755217543066,0.0,4.1172192766225635e-08,0.8774559092521668,0.0,0.9997460246086121
1,train,0,background,20260204_100826_beam1_az118,20260204_100826,0.725,0.052890625,0.0,1.0,0.74109375,0.001120518776588142,0.09038885682821274,0.011478127911686897,0.6639370918273926,0.10850007509854699,0.19491415154797878,0.0,8.26250357022218e-08,0.9999879032373429,0.0,1.0,-0.0027791964171637318,0.1739144192226128,-0.45012325555086136,-0.0017809118144214153,0.46922481089830403,-0.819176971912384,0.485318660736084,0.7309599372805861,0.29488867245381195,0.05782609418034554,0.8666945993900299,0.9999571454524994,0.0021474806126207113,0.9999955296516418,0.013724068944445299,0.059702711811792444,-0.07763190478086472,-0.0,0.2894028952717781,-0.16439498960971832,0.47478213906288147,0.09964357577860873,0.18497019352240582,0.0,4.510960494030769e-08,0.9478192853927618,0.0,0.9999087452888489,0.09964357580794403,0.18497019364345527,0.0,4.510960494030769e-08,0.9478192853927618,0.0,0.9999088048934937
1,train,0,background,20260204_100826_beam1_az127,20260204_100826,0.7534375,0.050234375,0.0,1.0,0.764921875,0.0021598832681775093,0.10315980762243271,0.011745384894311428,0.7820830941200256,0.0986761939199405,0.18735508685676058,0.0,8.200644430189641e-08,0.9999951022863388,0.0,1.0,-0.02633533963133992,0.19871333606322317,-0.4144793853163719,0.0036567142233252525,0.3361544564366341,-0.7599654793739319,0.5732647180557251,0.8216890872400836,0.23368001711949046,0.14414865404367447,0.9433010518550873,0.9999574488401413,0.013729725033044815,0.9999938607215881,-0.01767436729735332,0.07853643513198513,-0.2918003037571907,0.0,0.10113206677138868,-0.6912882924079895,0.39490240812301636,0.09214346659882765,0.17792560743448776,0.0,4.3643904490409113e-08,0.9700429022312165,0.0,0.999826192855835,0.09214346659919226,0.17792560738244106,0.0,4.3643904490409113e-08,0.9700429028272629,0.0,0.999826192855835
1,train,0,background,20260204_100826_beam1_az136,20260204_100826,0.740546875,0.10984375,0.0,1.0,0.753125,0.0024684551171958447,0.13778892159461975,0.010285054333508015,0.7401968836784363,0.11805933636582018,0.21927413769179313,0.0,1.3401997023265722e-07,0.9999911487102509,0.0,1.0,-0.07516908042998133,0.18722738712192152,-0.5649986141920089,-0.00774196838028729,0.3486140680313111,-0.7683276534080505,0.7849100232124329,0.7919399939588766,0.25372546503755583,0.10859821908175946,0.9146590232849121,0.9999572676420212,0.010181027464568615,0.9999920725822449,-0.0024596088783168917,0.03190933617436234,-0.12182011194527148,-0.0,0.05945287235081202,-0.43026202917099,0.24976734817028046,0.11300297078412534,0.2147735602375206,0.0,1.3379039387473313e-07,0.9572679138183594,0.0,0.9991633892059326,0.1130029709246758,0.21477356062827313,0.0,1.3379039387473313e-07,0.957267913222313,0.0,0.9991634488105774
4,train,1,target,20260202_144238_beam1,20260202_144238,0.939453125,0.02375,0.0,1.0,0.947578125,0.0007299137068912387,0.09239909797906876,0.0022621494717895985,0.3353744447231293,0.03321258260947401,0.13921216351015417,0.0,7.802925416910966e-09,0.9999938631057739,0.0,1.0,-0.013412332809189124,0.13382977720793018,-0.46264024019241334,-0.0044675725512206554,0.27056464642286315,-0.6551963090896606,0.4718794822692871,0.3671306096958119,0.21579843866248566,0.03902762804180384,0.32944610714912415,0.999925565123558,0.0004573088081087917,0.9999999403953552,-0.002110632515218105,0.023380417348547768,-0.10328367576003074,-0.0,0.02429623605683446,-0.2787002623081207,0.2965839207172394,0.02828480205353299,0.13267683318333176,0.0,1.8789783062800325e-09,0.9502591961622239,0.0,0.9999999403953552,0.028284802061473702,0.1326768331485121,0.0,1.8789780842354276e-09,0.9502591371536255,0.0,0.9999998807907104
4,train,1,target,20260202_144238_beam2,20260202_144238,0.92421875,0.03328125,0.0,1.0,0.942578125,0.0009752492187544703,0.09534675627946854,0.002671451075002551,0.34905216097831726,0.0413712188536136,0.15357121052653713,0.0,6.29190566314719e-09,0.9999744492769241,0.0,1.0,-0.010342207723151801,0.143631860789335,-0.44034058541059495,-0.00576945673674345,0.3089611822366715,-0.678633987903595,0.8012253642082214,0.384300863341432,0.2241508657070222,0.042786210142076016,0.34285834431648254,0.9999356299638749,0.0026400736533105373,0.9999999403953552,-0.00203206582650278,0.035357390573800496,-0.062413077913224695,-0.0,0.0900350284576418,-0.4174366593360901,0.3665083944797516,0.03466036460029629,0.14504745106597292,0.0,2.1147816831046384e-09,0.9514139294624329,0.0,0.9999999403953552,0.0346603645935134,0.14504745096405366,0.0,2.1147819051492434e-09,0.9514139294624329,0.0,0.9999999403953552
4,train,1,target,20260202_144238_beam3,20260202_144238,0.924375,0.02671875,0.000625,1.0,0.941328125,0.0008078608079813421,0.09515775740146637,0.002416861243546009,0.34586796164512634,0.036801006823072434,0.14426546406224608,0.0,4.120185082001626e-09,0.9999843037128449,0.0,1.0,-0.0251538797420778,0.1658434130353216,-0.6712909841537475,-0.003668217337690294,0.27040345698595053,-1.0,0.442577600479126,0.38083945900298205,0.2198403688067266,0.03944355785846711,0.3431469798088074,0.9999359267950058,0.002942768158391118,1.0,-0.009271337020498493,0.06496519497534235,-0.37267259538173675,-0.0,0.017929898463189622,-1.0,0.06015278026461601,0.030678208449610694,0.13445717571408014,0.0,1.6073730124688268e-09,0.8992790466547013,0.0,1.0,0.030678208416311435,0.1344571754178845,0.0,1.6073731234911293e-09,0.8992791056632996,0.0,1.0
4,train,1,target,20260202_144238_beam4,20260202_144238,0.940625,0.023359375,0.0003125,1.0,0.95140625,0.0008915375219658017,0.09732626378536224,0.002646583830937743,0.3516591787338257,0.03320334035177783,0.1407796532265964,0.0,5.735952601781946e-09,0.999999468922615,0.0,1.0,-0.014669230160060068,0.15422777840303,-0.6611066508293152,0.0020508809247985482,0.27505701392889037,-1.0,0.4730087220668793,0.3820602018211321,0.21892871925386578,0.042688467688858506,0.3441101908683777,0.9999815291166305,0.003759196726605296,1.0,-0.007502972335749908,0.06326400360372346,-0.306855254471302,0.0,0.027255347296595574,-0.9859175682067871,0.044774916023015976,0.02829363538602376,0.13237479113611905,0.0,7.296246939958451e-10,0.891476413011551,0.0,1.0,0.028293635309549012,0.13237479054056264,0.0,7.296246939958451e-10,0.8914764720201493,0.0,1.0
4,train,1,target,20260202_144246_beam1,20260202_144246,0.949140625,0.022890625,0.0,1.0,0.953671875,0.0006775623187422752,0.09857714921236038,0.002479658229276538,0.341129332780838,0.031631425653711416,0.1375583668816933,0.0,7.050648509476787e-09,0.999999468922615,0.0,1.0,-0.0014656121743273332,0.13693493147991678,-0.42576923936605454,0.00986659899353981,0.3017014244198799,-0.6101737022399902,0.5008488297462463,0.3697087773013709,0.21689007782007483,0.03683259449899197,0.33484697341918945,0.9999219822883606,0.0006407190230675042,0.9999999403953552,-0.002549399205459092,0.028739114272255357,-0.15697257593274117,0.0,0.02280381351709366,-0.4332006573677063,0.336906760931015,0.02686808269539902,0.13061888393679655,0.0,3.4025908757229217e-09,0.9360847496986391,0.0,0.9999999403953552,0.026868082660284304,0.1306188836885333,0.0,3.4025908757229217e-09,0.9360848087072374,0.0,0.9999999403953552
4,train,1,target,20260202_144246_beam2,20260202_144246,0.9384375,0.024375,0.0,1.0,0.944765625,0.0010708445915952325,0.09947153180837631,0.002948155626654625,0.34714987874031067,0.034975846672967596,0.14186487973150108,0.0,1.5939753961191627e-09,0.9999985837936402,0.0,1.0,-0.019712780499030202,0.1481499765907542,-0.5706732559204102,-0.007326256949454546,0.2805663788318634,-0.8790608644485474,0.4947832524776459,0.3807444016431236,0.22499918205238767,0.04053993232548237,0.3405882567167282,0.9999399840831756,0.0016739069251343608,0.9999999403953552,-0.005966205855833509,0.038380730031997407,-0.24630413755774497,0.0,0.009836864015087496,-0.5730656981468201,0.28465208411216736,0.02975631052029205,0.13320676252952224,0.0,4.832296784940127e-10,0.911628499031067,0.0,0.9999999403953552,0.02975631052729166,0.13320676256211747,0.0,4.832296784940127e-10,0.9116285580396652,0.0,0.9999999403953552
4,train,1,target,20260202_144246_beam3,20260202_144246,0.935546875,0.026875,0.001328125,1.0,0.948984375,0.0008433507173322141,0.09939399361610413,0.002444768324494362,0.34635478258132935,0.03469411341890297,0.14346462503631555,0.0,1.1435337399223755e-10,0.9999996459484101,0.0,1.0,-0.026776907907933207,0.16714748279585281,-0.6131977546215057,-0.007931787520647049,0.2937970480322838,-1.0,0.5579577088356018,0.3775653263149252,0.21992533391837113,0.038504340313375,0.33996257185935974,0.9999411207437515,0.00018093199469149113,0.9999999403953552,-0.009155405041408642,0.06456563451104416,-0.3490691497921944,0.0,0.01189545693807305,-1.0,0.0605459026992321,0.02904393482693045,0.13305736306388052,0.0,1.4033456688378187e-11,0.8962111574411392,0.0,0.9999999403953552,0.02904393477031557,0.13305736265757515,0.0,1.4033456688378187e-11,0.8962111574411392,0.0,0.9999999403953552
4,train,1,target,20260202_144246_beam4,20260202_144246,0.947265625,0.023359375,0.0003125,1.0,0.95453125,0.0007960654911585152,0.09706054627895355,0.002084680600091815,0.34090134501457214,0.031737913976442156,0.14058716936025173,0.0,2.0135527023512623e-08,0.9999996459484101,0.0,1.0,-0.01630999305763943,0.15475962706237834,-0.6101155793666839,-0.0018971726531162858,0.30325634270906454,-1.0,0.48025941848754883,0.3693861870951787,0.2158013791384801,0.03852038256824017,0.33191388845443726,0.9999793171882629,0.0013381649041548371,0.9999999403953552,-0.007528655093099763,0.06125451269357784,-0.2948457410931587,0.0,0.02472204972058539,-0.9306080937385559,0.04042157530784607,0.02730236479136397,0.13289519729012775,0.0,6.387883999536825e-09,0.8917080706357972,0.0,0.9999999403953552,0.02730236479524179,0.1328951970896238,0.0,6.387883999536825e-09,0.8917081296443955,0.0,0.9999999403953552
4,train,1,target,20260202_144246_beam5,20260202_144246,0.95984375,0.023125,0.0,1.0,0.962421875,0.0005514848162420094,0.09399491548538208,0.0018989087548106909,0.34497764706611633,0.028463508397430958,0.13671250165815133,0.0,3.778247048558114e-08,0.9999954563379287,0.0,1.0,-0.009952329800822425,0.13652164926359722,-0.5276944559812545,-0.007107367040589452,0.2821686434745789,-0.7695828080177307,0.5388472080230713,0.36769546770021405,0.2064077031782464,0.043750117756426336,0.3378008306026459,0.9998272722959518,0.0017909572925418615,0.9999998211860657,-0.005602566587705347,0.04818597286333038,-0.18800239965319632,-0.0,0.00650942025706172,-0.7520908117294312,0.08000136911869049,0.024369708425923103,0.1292444782442047,0.0,8.005400786714745e-09,0.9108488333225251,0.0,0.9999998211860657,0.024369708349606802,0.1292444776166192,0.0,8.005400786714745e-09,0.9108488333225251,0.0,0.9999998211860657
4,train,1,target,20260202_144254_beam1,20260202_144254,0.9515625,0.024375,0.0,1.0,0.954921875,0.000628978421445936,0.09418985247612,0.0021353866904973984,0.34145328402519226,0.031496733912415274,0.1399820484433716,0.0,7.176382599283215e-09,0.9999998819828033,0.0,1.0,-0.006913099218461172,0.13476733311412165,-0.47955003678798663,0.00027262741059530526,0.30492728292942056,-0.7164286971092224,0.5429041385650635,0.36941841031024525,0.2155872120348253,0.042166023366153244,0.33245161175727844,0.9999192953109741,0.004415113013237715,0.9999998807907104,-0.00021971407237263526,0.025482604016993902,-0.05767540879547595,0.0,0.025294051617383958,-0.25448915362358093,0.4344809353351593,0.027202907379341622,0.13318321030986843,0.0,1.0231503422275523e-09,0.9555238729715357,0.0,0.9999998807907104,0.0272029072834294,0.13318320953125656,0.0,1.0231503422275523e-09,0.9555238729715357,0.0,0.9999998807907104
4,train,1,target,20260202_144254_beam2,20260202_144254,0.940546875,0.029375,0.000234375,1.0,0.950234375,0.0008350581047125161,0.10035686194896698,0.002414944814518094,0.3402753174304962,0.03656454364118657,0.14942816180082924,0.0,3.032093687238557e-08,0.9998709481954575,0.0,1.0,-0.013475144777793702,0.15083985266179445,-0.6334812831878662,-0.00710480404086411,0.30995446294546136,-1.0,0.5847536325454712,0.370460640595702,0.21524477163038194,0.04425182141363621,0.33214905858039856,0.9999392753839493,0.005143447779119015,0.9999998807907104,-0.0038634055567286995,0.03340611691457536,-0.12621178045868867,-0.0,0.011322248345240966,-0.41646963357925415,0.3737839460372925,0.0305248981194761,0.13931430748412416,0.0,8.119767080927431e-09,0.9260083901882172,0.0,0.9999998807907104,0.030524897982969996,0.13931430679617246,0.0,8.119767080927431e-09,0.9260083901882172,0.0,0.9999999403953552
4,train,1,target,20260202_144254_beam3,20260202_144254,0.940390625,0.028125,0.00078125,1.0,0.949296875,0.0008169666980393231,0.09495570510625839,0.0023559988476336002,0.34177789092063904,0.035482292133005126,0.14710606574241494,0.0,2.240524876739869e-09,0.9999503147602081,0.0,1.0,-0.02017543195184089,0.15165463717884883,-0.6450043433904648,-0.003849301836453378,0.26108178943395616,-1.0,0.41036733984947205,0.37286775784295967,0.21686879006614365,0.03899728760123253,0.334551677107811,0.9999256300926208,0.0025457616429775953,1.0,-0.006857743777636665,0.046788954037934906,-0.29277789205312726,0.0,0.00770800553727898,-0.6401167511940002,0.09631793946027756,0.030018454797773934,0.13823625260524378,0.0,1.5293749600076012e-09,0.9123837196826939,0.0,1.0,0.03001845471873061,0.1382362520142023,0.0,1.5293750710299037e-09,0.9123837792873387,0.0,0.9999999403953552
4,train,1,target,20260202_144254_beam4,20260202_144254,0.947265625,0.02375,0.0,1.0,0.9546875,0.0006460163276642561,0.09447603672742844,0.0019675814546644688,0.337650865316391,0.032092883379475204,0.14181847067482617,0.0,2.2742101535300208e-09,0.9999840086698533,0.0,1.0,-0.0075245411079716005,0.14192557060194158,-0.6062772732973098,0.0075035542249679565,0.2824589598178867,-0.8424397706985474,0.5047599077224731,0.36699468573984634,0.21483232463390217,0.03987438246607781,0.3308289647102356,0.9999821835756302,0.0038858349435031414,0.9999999403953552,-0.004877163701569651,0.039615241987501604,-0.25775609791278836,0.0,0.028960752785205844,-0.6516138911247253,0.07188601791858673,0.027972375981376682,0.1358322919105997,0.0,1.221991063893313e-09,0.9470902013778691,0.0,0.9999999403953552,0.02797237584288762,0.13583229093850935,0.0,1.221991063893313e-09,0.9470902013778691,0.0,0.9999999403953552
4,train,1,target,20260202_144302_beam1,20260202_144302,0.948984375,0.023515625,0.0,1.0,0.955546875,0.0007192754419520497,0.0943400114774704,0.002420386765152216,0.33847758173942566,0.031198638565896535,0.13678237336154836,0.0,9.49583611742355e-09,0.9999955153465271,0.0,1.0,-0.006390769638489146,0.1346807149595731,-0.4369692352414131,0.000891431700438261,0.2979138427972794,-0.6727102994918823,0.5953586101531982,0.36717352464609576,0.21589040425393874,0.03884609419852495,0.3314046710729599,0.9999282842874527,0.002071131719276309,0.9999999403953552,-0.0021956559825517005,0.027776040190317187,-0.16168910533189773,-0.0,0.025559217575937508,-0.4059029221534729,0.3003605306148529,0.02651289022717445,0.13030717281085258,0.0,2.322404712984394e-09,0.939696695804596,0.0,0.9999999403953552,0.02651289018981381,0.13030717258336832,0.0,2.322404712984394e-09,0.939696695804596,0.0,0.9999999403953552
4,train,1,target,20260202_144302_beam2,20260202_144302,0.942265625,0.022578125,0.0,1.0,0.949765625,0.0008679926977492869,0.09438151121139526,0.0028221935499459505,0.3469739258289337,0.033837451868612686,0.14122350361002417,0.0,4.750104753981077e-09,0.9999999409914017,0.0,1.0,-0.020218327998379734,0.1430184302636525,-0.5711081314086914,-0.011100856587290764,0.27951143443584453,-0.7837352752685547,0.504319429397583,0.37829471368523626,0.21879861493998234,0.04153690949082375,0.34194257855415344,0.9999545228481292,0.0015687484992668033,1.0,-0.005557699898976083,0.039709415981703494,-0.2579721677303314,0.0,0.016096212062984824,-0.6052289605140686,0.225206196308136,0.028952310922175,0.13348133613392427,0.0,1.6050885065510556e-09,0.9355923664569861,0.0,1.0,0.028952310932970203,0.13348133599847825,0.0,1.6050885065510556e-09,0.9355923658609396,0.0,1.0
4,train,1,target,20260202_144302_beam3,20260202_144302,0.94015625,0.0221875,0.0,1.0,0.950625,0.0006526910001412034,0.09359484165906906,0.0023492525797337294,0.35021403431892395,0.032753867909647315,0.13949415628321252,0.0,6.8865815272545206e-09,0.9999959874153137,0.0,1.0,-0.02504997474453866,0.14959101784615872,-0.6265407383441925,-0.009624867234379053,0.28170816689729716,-0.7591408491134644,0.5117505788803101,0.38219698534392593,0.22061902288018448,0.04142952881753445,0.3425295650959015,0.9999410539865494,0.0018871205393224955,0.9999999403953552,-0.006659512225844965,0.049549264994184106,-0.30205360174179074,-0.0,0.018387327417731324,-0.6901547312736511,0.13224686682224274,0.028599021939073203,0.13328239927233038,0.0,2.4539932308442758e-09,0.9163472199440007,0.0,0.9999999403953552,0.028599021920959592,0.13328239923205087,0.0,2.4539932308442758e-09,0.9163472199440007,0.0,0.9999999403953552
4,test,1,target,20260202_144841_beam1,20260202_144841,0.9471875,0.024609375,0.0,1.0,0.951875,0.000553322141058743,0.0940505638718605,0.0019275159575045109,0.3390564024448395,0.03174222134048661,0.1408864079032678,0.0,2.1620520929133136e-09,0.9999998819828033,0.0,1.0,-0.0037897603937673096,0.12124235031315306,-0.3243411540985107,1.8310970517632086e-06,0.28269706070423134,-0.6309984922409058,0.5376092195510864,0.36867273783656856,0.2169911333152999,0.04081369157880545,0.3318515866994858,0.9999168545007706,0.0035070418380200863,1.0,0.0008707202862075248,0.011348806548655587,-0.021744268201291557,0.0,0.032553172819316384,-0.10065379738807678,0.16824012994766235,0.027588167444915327,0.13519340754625478,0.0,1.2183100084328657e-09,0.9467137706279765,0.0,1.0,0.027588167468732452,0.13519340774537184,0.0,1.2183100084328657e-09,0.94671377003193,0.0,1.0
4,test,1,target,20260202_144841_beam2,20260202_144841,0.94046875,0.025625,0.0,1.0,0.94671875,0.0007752482779324055,0.09469984471797943,0.002411102643236518,0.3373236656188965,0.0350586274596855,0.14297245280541832,0.0,5.86238124711258e-09,0.9999998819828033,0.0,1.0,-0.001869399264811733,0.12453261098288751,-0.3652888706326485,0.0005488922470249236,0.2787655472755432,-0.6242333054542542,0.5126014947891235,0.3680036650274633,0.21621021610888044,0.039460114277899264,0.3320239633321762,0.9999462431669235,0.005757980514317751,1.0,-0.0008313689517580626,0.01532849133112325,-0.05990262478590011,0.0,0.034073284976184386,-0.15620121359825134,0.20615608990192413,0.028447660535143776,0.12986195010415033,0.0,1.6732396579399733e-09,0.8914555424451829,0.0,1.0,0.02844766049635548,0.12986194982523952,0.0,1.6732395469176709e-09,0.8914555424451829,0.0,1.0
4,test,1,target,20260202_144841_beam3,20260202_144841,0.93875,0.02546875,0.0,1.0,0.942890625,0.0006692404858767986,0.09181658178567886,0.0023177536204457283,0.3450823724269867,0.03509359787638634,0.1423573665062436,0.0,4.391223384914156e-09,0.9998601496219636,0.0,1.0,0.0033901869775202443,0.12123003460838777,-0.319593171775341,0.006525060394778848,0.2832300806045533,-0.6821417212486267,0.4713882803916931,0.3771182943809617,0.2172673444247863,0.040595830976963045,0.34034623205661774,0.9999463593959809,0.0036345822736620903,0.9999999403953552,0.00028097275399580274,0.016335044475607886,-0.036840084195137006,-0.0,0.04012485530227423,-0.2529148459434509,0.23691220581531525,0.02899371256356975,0.13147189094384013,0.0,7.97561294785254e-10,0.9254512685537354,0.0,0.9999999403953552,0.028993712536861088,0.13147189067395065,0.0,7.975612392741027e-10,0.9254512685537354,0.0,0.9999999403953552
4,test,1,target,20260202_144841_beam4,20260202_144841,0.9415625,0.02453125,0.0,1.0,0.946484375,0.0004951714654453099,0.09000720828771591,0.0016544511308893561,0.3424319326877594,0.031142729452352736,0.13719433577332224,0.0,6.914112393729965e-09,0.9999880802631378,0.0,1.0,0.005194025130076056,0.11884658292043271,-0.3118107426166534,0.008838167414069176,0.29017628639936455,-0.7127830982208252,0.6214293837547302,0.3739780038195931,0.2168748771567065,0.04130034558475018,0.33990706503391266,0.9999816423654556,0.0022783682215958834,0.9999999403953552,0.00037623697301078854,0.014700080147705198,-0.034936747103929515,-0.0,0.03716443244367838,-0.268442302942276,0.14606121182441711,0.026933176036749547,0.13151026067903213,0.0,3.445953966618731e-09,0.9596567785739902,0.0,0.9999999403953552,0.026933175944590815,0.1315102600294221,0.0,3.445953744574126e-09,0.9596567785739902,0.0,0.9999999403953552
4,test,1,target,20260202_144849_beam1,20260202_144849,0.950078125,0.02453125,0.0,1.0,0.958203125,0.0004884658264927566,0.09002801775932312,0.0021605759393423796,0.33994999527931213,0.030621223665906746,0.13858900255460813,0.0,8.512322402509653e-09,0.999979287981987,0.0,1.0,-0.0012020637006057199,0.11921273292398851,-0.3023053330183029,0.0015145412762649357,0.27293862372636796,-0.8344060778617859,0.40264979004859924,0.36666228198108913,0.21330808477380056,0.041345453150570394,0.33207258582115173,0.9999190956354141,0.0016194357303902507,0.9999998807907104,0.00025680957926449394,0.016056094977791216,-0.04246066980063915,0.0,0.025427381079643964,-0.1695590615272522,0.3139881193637848,0.026388238267743218,0.13241596602423206,0.0,1.990776654636761e-09,0.9417924433946613,0.0,0.9999998807907104,0.026388238244632333,0.13241596587444118,0.0,1.990776654636761e-09,0.9417924433946613,0.0,0.9999998807907104
4,test,1,target,20260202_144849_beam2,20260202_144849,0.94078125,0.024921875,0.0,1.0,0.94859375,0.000646731466986239,0.09225240349769592,0.0022553743328899145,0.3437400162220001,0.034123975299334225,0.1435526374769945,0.0,5.524004365042856e-09,0.9999560976028442,0.0,1.0,-0.011667954382878066,0.1222463322923817,-0.35321759074926373,-0.013025333173573017,0.28479972273111354,-0.5566587448120117,0.45872727036476135,0.3737239140473503,0.21577633363808543,0.043334061391651635,0.33775678277015686,0.9999377775192261,0.00328692514449358,0.9999999403953552,-0.0015122137078803063,0.015972551895091527,-0.06449894830584527,0.0,0.014457995416596542,-0.20803329348564148,0.2548770606517792,0.028324488540575246,0.13355745440137423,0.0,2.853976610595055e-09,0.9172551000118264,0.0,0.9999999403953552,0.028324488528405033,0.13355745422820717,0.0,2.853976610595055e-09,0.9172550404071816,0.0,0.9999999403953552
4,test,1,target,20260202_144849_beam3,20260202_144849,0.941015625,0.0240625,7.8125e-05,1.0,0.949140625,0.000567454204428941,0.0938088595867157,0.002087500412017107,0.34034034609794617,0.0330734625385156,0.1424752386505132,0.0,3.760090294679941e-10,0.999999468922615,0.0,1.0,-0.013168561501063785,0.1265901613475463,-0.362208266556263,-0.009465913288295269,0.281316302716732,-1.0,0.4027490019798279,0.37047190362167387,0.21813101273493077,0.039471721723675725,0.32999856770038605,0.9999394476413727,0.0031903518829494715,0.9999999403953552,-0.0035804956738961446,0.03479955661111997,-0.12334068462252616,0.0,0.014408550411462797,-0.7623715400695801,0.06982376426458359,0.02770520819832252,0.1334215186086142,0.0,6.062947366380911e-11,0.9176399385929109,0.0,0.9999999403953552,0.027705208110813714,0.1334215179764556,0.0,6.062947366380911e-11,0.9176399385929109,0.0,0.9999999403953552
4,test,1,target,20260202_144849_beam4,20260202_144849,0.95328125,0.0240625,0.0,1.0,0.958671875,0.000569029594771564,0.09539453685283661,0.0020193983800709248,0.34300369024276733,0.029577937537034023,0.13876420118229157,0.0,4.623172955575683e-09,0.9999950432777405,0.0,1.0,-0.0018726702707545684,0.12518395466578675,-0.2903492313623428,0.0007283426530193537,0.3016010320186615,-0.7502269148826599,0.5250373482704163,0.3688211938322638,0.2124783031302569,0.04289290849119425,0.332974374294281,0.9999809861183167,0.0049544344656169415,1.0,-0.002329864652319851,0.028203703380326035,-0.13635394945740695,0.0,0.02989831231534481,-0.5310682058334351,0.1205163225531578,0.02570405169019211,0.13326370764435022,0.0,1.649600900321957e-09,0.9499653953313831,0.0,1.0,0.02570405162795253,0.13326370714312233,0.0,1.649600900321957e-09,0.9499653953313831,0.0,1.0
4,test,1,target,20260202_144857_beam1,20260202_144857,0.940234375,0.024453125,0.0,1.0,0.94734375,0.0006782966083846986,0.09188059717416763,0.002397998934611678,0.3418941795825958,0.032602394883994607,0.13785028411860173,0.0,8.050253796909601e-09,0.9999673682451248,0.0,1.0,-0.0006781741776449479,0.11984283717193052,-0.3024348109960556,0.0010166342253796756,0.2982708296179772,-0.6815698742866516,0.4882490038871765,0.3745017084549363,0.22119379788007226,0.042151710689067846,0.33565591275691986,0.9999160170555115,0.002214407082647085,0.9999999403953552,5.687671904292687e-05,0.008751568735464411,-0.030271673183888195,-0.0,0.024086441081017256,-0.11549166589975357,0.13985903561115265,0.02785851724070584,0.1327295456342456,0.0,6.125271401202781e-10,0.9817396825551987,0.0,0.9999999403953552,0.02785851717198295,0.13272954522853533,0.0,6.125271956314293e-10,0.9817396235466004,0.0,0.9999999403953552
4,test,1,target,20260202_144857_beam2,20260202_144857,0.9290625,0.02421875,0.0,1.0,0.94234375,0.0007162070251069963,0.09549827873706818,0.0023812116123735905,0.3411369323730469,0.035049485104195054,0.14001661984708308,0.0,2.3707165119901674e-09,0.9999997639656066,0.0,1.0,-0.008920677203871748,0.12568422084806397,-0.3391343426704407,-0.007232751930132508,0.28253581404686,-0.5868208408355713,0.42243680357933044,0.37737082942509914,0.22234426078394495,0.0400622071698308,0.3360620439052582,0.9999378532171249,0.0018998553277924657,0.9999998807907104,-0.0017535325996995905,0.013723203277984411,-0.06252525620162487,-0.0,0.023630237728357362,-0.1704941987991333,0.16674606502056122,0.02961523503619929,0.13284972574481616,0.0,5.681075054830842e-10,0.9159281104803091,0.0,0.9999998807907104,0.029615235057423837,0.13284972590632493,0.0,5.681075054830842e-10,0.9159281110763556,0.0,0.9999999403953552
4,test,1,target,20260202_144857_beam3,20260202_144857,0.930703125,0.024375,0.0,1.0,0.941015625,0.0006326823495328426,0.09425105154514313,0.002082102233543992,0.33572104573249817,0.03497871869144977,0.14185222080495624,0.0,1.0934146921215415e-08,0.999999822974205,0.0,1.0,-0.0037148334907075053,0.12369116931713815,-0.329045726954937,-0.0010225398000329733,0.2940977275371553,-0.5878117084503174,0.4928740859031677,0.3726158611570281,0.2198443468856937,0.04137924399226904,0.33417007327079773,0.999943561553955,0.0037316186353564262,0.9999998807907104,-0.00024146577971408245,0.013406663680185829,-0.04820633858442307,0.0,0.030332268420606875,-0.31759458780288696,0.13219302892684937,0.029465982572369695,0.13377578170134777,0.0,3.4846929786169767e-09,0.937402937412266,0.0,0.9999998807907104,0.029465982456597598,0.1337757810249494,0.0,3.4846929786169767e-09,0.937402937412266,0.0,0.9999998807907104
4,test,1,target,20260202_144857_beam4,20260202_144857,0.946015625,0.02484375,0.0,1.0,0.9521875,0.0005629087681882083,0.09399287402629852,0.002106528263539076,0.34120452404022217,0.030775735753693283,0.13771419884497707,0.0,4.644929774144657e-09,0.9999795240163804,0.0,1.0,0.0032747752751060943,0.1196704261916945,-0.2594742548465729,0.0023713840637356043,0.3027170073986054,-0.5059367418289185,0.5919643640518188,0.37153484262995334,0.21673551129304056,0.04174372546374798,0.33408820629119873,0.9999815279245376,0.0021852210629731417,0.9999999403953552,0.00041834663441384643,0.01308826643480057,-0.02686067661270499,0.0,0.036468251086771486,-0.3068928122520447,0.17152909934520721,0.026922884624287064,0.13307442590715685,0.0,2.5128279457220515e-09,0.9513326734304428,0.0,0.9999999403953552,0.026922884555106528,0.13307442535664515,0.0,2.5128279457220515e-09,0.9513326734304428,0.0,0.9999999403953552
4,test,1,target,20260202_144906_beam1,20260202_144906,0.952734375,0.024140625,0.0,1.0,0.956953125,0.0006127137457951903,0.09650874137878418,0.002476705936715007,0.3420107662677765,0.03041797559569964,0.13767807912034596,0.0,6.387211648473112e-09,0.9999939221143722,0.0,1.0,-0.009092507532264876,0.12711469501257625,-0.3548895734548569,-0.003277845331467688,0.26996788591146476,-0.6608675718307495,0.4742952287197113,0.3687452915269023,0.21613874743185246,0.03975911427289248,0.33246998488903046,0.999918103814125,0.006404545158147812,0.9999999403953552,-2.0732780295869455e-06,0.012943027007939414,-0.04484615929424763,0.0,0.030418042317032865,-0.1477632224559784,0.20847390592098236,0.026377006900039475,0.13270188204996033,0.0,1.3409005017450681e-09,0.9507819348573702,0.0,0.9999999403953552,0.02637700692256717,0.13270188226940333,0.0,1.3409003907227657e-09,0.9507819348573702,0.0,0.9999999403953552
4,test,1,target,20260202_144906_beam2,20260202_144906,0.936953125,0.024453125,0.0,1.0,0.949296875,0.000671061803586781,0.09698996692895889,0.002370982663705945,0.34136727452278137,0.03423956781265423,0.14237231136236972,0.0,1.7038685129477926e-08,0.9999995869398117,0.0,1.0,-0.009184883769096644,0.12967942863835294,-0.35732682466506954,-0.008206418715417385,0.28812086343765264,-0.5937889814376831,0.4551878869533539,0.3727908854634188,0.21468076747234402,0.04068194329738617,0.3375381827354431,0.9999429070949555,0.001498976955190301,0.9999999403953552,-0.00044376400791882903,0.020561705299375527,-0.058972217440605164,-0.0,0.06121878206729889,-0.19882653653621674,0.34269845485687256,0.028404018256583813,0.13346870939434882,0.0,1.226153667488461e-08,0.9446062785387052,0.0,0.9999999403953552,0.02840401830106475,0.133468709754007,0.0,1.226153667488461e-08,0.9446062785387052,0.0,0.9999999403953552
4,test,1,target,20260202_144906_beam3,20260202_144906,0.941875,0.024140625,0.0,1.0,0.95,0.0006090545211918652,0.09438791126012802,0.0022126883268356323,0.34282931685447693,0.03271168949599961,0.14137972735002094,0.0,4.266369202365894e-10,0.9999951022863388,0.0,1.0,-0.0034086608975455414,0.12776606756846892,-0.3635337981581688,-0.0018723456305451691,0.2954470983147622,-0.8065134286880493,0.48277419805526733,0.3740117539122366,0.21812461226320268,0.04117661572992802,0.3371656835079193,0.9999334865808487,0.0019277972169220448,1.0,-0.0025415243329492583,0.025493560308201418,-0.12144386015832424,0.0,0.01437746562063694,-0.5999336242675781,0.07196980714797974,0.027999750691620216,0.1348543269546524,0.0,1.9943643958519885e-10,0.9299405199289322,0.0,1.0,0.0279997506603478,0.13485432663712085,0.0,1.9943642570741105e-10,0.9299405199289322,0.0,1.0
4,test,1,target,20260202_144906_beam4,20260202_144906,0.9528125,0.024296875,0.0,1.0,0.95875,0.0005942951538600028,0.09116898477077484,0.002110277069732547,0.34524238109588623,0.02979495578946673,0.13877769184984412,0.0,3.195733011551738e-09,0.999999822974205,0.0,1.0,0.0026117339391977623,0.11986051984666664,-0.3104157167673111,0.005765258800238371,0.290714389383793,-0.7185659408569336,0.5172547101974487,0.3720422506551404,0.2124452474869874,0.03993047062307596,0.33567993342876434,0.9999792581796646,0.002518765162676573,1.0,-0.001864124628815773,0.022371550621249483,-0.10979550048708915,0.0,0.029283131975680592,-0.3960258364677429,0.04889928549528122,0.02616565689142049,0.13448771804750595,0.0,6.120078333005097e-10,0.9618006640672685,0.0,1.0,0.026165656842459688,0.13448771764913975,0.0,6.120078333005097e-10,0.9618007230758668,0.0,1.0
4,val,1,target,20260202_145020_beam1,20260202_145020,0.943828125,0.024609375,0.0,1.0,0.949453125,0.0006123580387793481,0.09213157743215561,0.001967083429917693,0.3348703980445862,0.03224667395607966,0.14061790705013227,0.0,4.4581436320356715e-09,0.9999961644411087,0.0,1.0,-0.0018796141713340476,0.12664364325589053,-0.4054559081792831,0.007282409118488431,0.26470541268587133,-0.7390049695968628,0.5347521305084229,0.36662301926077817,0.21838223114843472,0.040195605382323266,0.3279748857021332,0.9999264603853226,0.001776506775058806,0.9999999403953552,-0.0006943967143150543,0.01273096917642489,-0.06389878250658512,0.0,0.024007130488753317,-0.14187738299369812,0.16060271859169006,0.028070225074663467,0.13571225373603818,0.0,4.679319709488539e-10,0.9431792336702368,0.0,0.9999999403953552,0.02807022499993563,0.13571225324950087,0.0,4.679319709488539e-10,0.9431792336702368,0.0,0.9999999403953552
4,val,1,target,20260202_145020_beam2,20260202_145020,0.942109375,0.024765625,0.0,1.0,0.947578125,0.0007251580827869475,0.09551385045051575,0.0024199539329856634,0.3412509858608246,0.0344247162117934,0.14390105103325085,0.0,3.8647645084211035e-09,0.999999822974205,0.0,1.0,0.000290634101969669,0.1296104631364891,-0.37299264669418336,0.001447755261324346,0.28583404749631885,-0.7126155495643616,0.6229902505874634,0.3731909734049805,0.21780107020759687,0.041228845864534375,0.3365944027900696,0.999951085448265,0.0034571310970932245,0.9999999403953552,-0.0010212559524716005,0.01866003256701038,-0.057061130143702024,-0.0,0.018513780217617754,-0.18359273672103882,0.33981889486312866,0.02959396662756207,0.13756940312462876,0.0,2.1224431101529717e-09,0.9494088351726532,0.0,0.9999999403953552,0.029593966541402256,0.13756940258440228,0.0,2.1224431101529717e-09,0.9494088351726532,0.0,0.9999999403953552
4,val,1,target,20260202_145020_beam3,20260202_145020,0.94125,0.024296875,0.0,1.0,0.94640625,0.0005504522123374045,0.09219228476285934,0.0019737023394554853,0.33746641874313354,0.032913045193411025,0.1418819461170661,0.0,3.750247223877068e-09,0.9999896144866943,0.0,1.0,-0.00040222351744647613,0.12395632821363496,-0.34383890956640245,0.003427208634093404,0.26430108010768893,-0.6485649943351746,0.47116318345069885,0.3711068434068875,0.21745300906618756,0.040292585231363774,0.3345331698656082,0.9999370604753495,0.0021034639794379473,0.9999999403953552,0.00011122466659198811,0.016334428874271036,-0.03852158948779106,0.0,0.036413182243704816,-0.2616688311100006,0.2973400950431824,0.02906425561717253,0.1374291265714834,0.0,1.3425369704833656e-09,0.9373707401752472,0.0,0.9999999403953552,0.029064255525758743,0.13742912594297887,0.0,1.3425368594610632e-09,0.9373707401752472,0.0,0.9999999403953552
4,val,1,target,20260202_145020_beam4,20260202_145020,0.948828125,0.024453125,0.0,1.0,0.95359375,0.0005606206250376999,0.09158692508935928,0.0017566049937158823,0.3374769687652588,0.030556247884639464,0.14069077079893336,0.0,3.0125835159822145e-09,0.9999987018108368,0.0,1.0,0.001577752505165364,0.11839832176744941,-0.30909004926681516,0.005487202666699886,0.29376375913620006,-0.6070851683616638,0.6538037061691284,0.3677105503980965,0.21533969294962615,0.03982182387262583,0.3322063833475113,0.9999806880950928,0.0027006512973457575,0.9999999403953552,0.00013258206839872528,0.009813646440672627,-0.027461179737001653,0.0,0.0364110840857029,-0.23701505362987518,0.1082356721162796,0.02731376302897032,0.13761530380681455,0.0,7.299136295380038e-10,0.9439047932624817,0.0,0.9999999403953552,0.02731376301910561,0.1376153036463567,0.0,7.299136295380038e-10,0.9439047932624817,0.0,0.9999999403953552
4,val,1,target,20260202_145028_beam1,20260202_145028,0.9534375,0.02484375,0.0,1.0,0.9571875,0.0005085673183202744,0.09249358624219894,0.0020584387239068747,0.3376621603965759,0.030189786216601292,0.13862549860614748,0.0,3.221738209546743e-09,0.9999832415580749,0.0,1.0,-0.00683619852752912,0.1213762756180742,-0.32992865175008773,-0.0019535482861101627,0.28018847376108175,-0.5981019139289856,0.4492794871330261,0.3642053980705714,0.21416242242393857,0.03845550857484341,0.32781368494033813,0.9999242770671845,0.001367816119454801,0.9999999403953552,-0.0005126321367003795,0.015723703333772137,-0.05747258063405752,0.0,0.024063531812280416,-0.21125926077365875,0.23906420171260834,0.02585855249348394,0.13283507029043964,0.0,2.841286650401287e-10,0.9455020022392273,0.0,0.9999999403953552,0.025858552524796345,0.13283507039907388,0.0,2.8412863728455307e-10,0.9455019438266754,0.0,0.9999999403953552
4,val,1,target,20260202_145028_beam2,20260202_145028,0.950078125,0.025078125,0.0,1.0,0.955,0.0006102624465711415,0.09619566053152084,0.0022795700933784246,0.33616065979003906,0.031659092090683044,0.14061706447178496,0.0,2.528486087172155e-09,0.9998499411344528,0.0,1.0,-0.0054120437388804985,0.12338706704995334,-0.31243053764104844,-0.005767220631241798,0.28867247968912124,-0.5933792591094971,0.4771760106086731,0.3650973704768694,0.21374490532836482,0.03943280842155218,0.33152902126312256,0.9999537467956543,0.00547944288700819,0.9999999403953552,-0.000685265772187367,0.012966869316385035,-0.05058987833559513,0.0,0.022237636260688386,-0.2298736423254013,0.18114261329174042,0.02713234078386013,0.134472040113397,0.0,8.085495606380277e-10,0.926985840201378,0.0,0.9999999403953552,0.02713234076342518,0.13447203998086923,0.0,8.085495606380277e-10,0.9269858407974244,0.0,0.9999999403953552
4,val,1,target,20260202_145028_beam3,20260202_145028,0.948203125,0.024296875,0.0,1.0,0.953203125,0.0004655618977267295,0.0891929566860199,0.002011452103033662,0.3397815525531769,0.030956659944500028,0.13983216365583134,0.0,6.291763554600038e-09,0.9998318254947662,0.0,1.0,0.004383859735536717,0.11473693738914487,-0.2859831255674362,0.004293382400646806,0.2849477431178094,-0.5516226887702942,0.562228798866272,0.36962603548961853,0.21490357367606977,0.03749593544751406,0.33556438982486725,0.9999380123615265,0.00352848949842155,0.9999998807907104,0.0006075994111519463,0.013909545915943016,-0.012936537731438874,0.0,0.032192666195333015,-0.3400077819824219,0.18153870105743408,0.02693629957028662,0.13430263323277253,0.0,3.464527775776105e-09,0.9253114914894104,0.0,0.9999998807907104,0.026936299526842553,0.13430263285668412,0.0,3.464527775776105e-09,0.9253114318847656,0.0,0.9999998807907104
4,val,1,target,20260202_145037_beam1,20260202_145037,0.951015625,0.024609375,0.0,1.0,0.95484375,0.000632084091193974,0.09284858405590057,0.0019484951626509428,0.34023115038871765,0.03034427504700695,0.138783132572878,0.0,2.7411137804023156e-09,1.0,0.0,1.0,-0.0037693501223452584,0.12198557140611213,-0.33314247757196425,0.0021904916502535343,0.2826326072216035,-0.5828009247779846,0.5614763498306274,0.3688693946598323,0.21480844451035164,0.039232069328427314,0.3302762806415558,0.999916797876358,0.002432841807603836,0.9999998211860657,-0.0006387185334875229,0.010651755084015413,-0.04523215617984533,0.0,0.02247746560722594,-0.16455698013305664,0.1679963320493698,0.026618518836890894,0.13445698019401395,0.0,7.870828988565393e-10,0.9464543116092687,0.0,0.9999998211860657,0.02661851892996717,0.13445698073616016,0.0,7.870829543676905e-10,0.9464543116092687,0.0,0.9999998211860657
4,val,1,target,20260202_145037_beam2,20260202_145037,0.94296875,0.024921875,0.0,1.0,0.950546875,0.0006480045849457383,0.09436001628637314,0.0020372490398585796,0.3380255699157715,0.03229574346887633,0.13999023905058317,0.0,5.94972560108431e-09,0.9999719709157944,0.0,1.0,-0.011650485619068292,0.1277037469477034,-0.3980167853832245,-0.0101482761092484,0.268244176208973,-0.7307568192481995,0.4888971447944641,0.3691484202519132,0.21547707137818778,0.04140797294676304,0.3308940678834915,0.9999352717399597,0.004721930716186762,1.0,-0.002215571978185211,0.01591826195275702,-0.06404254816472531,0.0,0.009678759463131454,-0.2545134425163269,0.14585193991661072,0.027763924972913082,0.13355107033822344,0.0,2.0957762192352902e-09,0.9058263635635381,0.0,1.0,0.02776392490014412,0.1335510698499721,0.0,2.0957762192352902e-09,0.9058263635635381,0.0,1.0
4,val,1,target,20260202_145037_beam3,20260202_145037,0.945703125,0.02421875,0.0,1.0,0.951015625,0.000538070045877248,0.09449740499258041,0.001833470189012587,0.33152908086776733,0.031131239023391037,0.14010211767854855,0.0,1.23534418250415e-08,0.9999635916948318,0.0,1.0,-0.007391486105856104,0.12260083200447988,-0.3232038879394531,-0.004485190846025944,0.2805308103561402,-0.6298109292984009,0.6201218962669373,0.3624937974904878,0.21431842688081504,0.03746208544820547,0.3258522003889084,0.9999391436576843,0.0017479852540418506,0.9999999403953552,-0.0012139247233793294,0.014217961691258581,-0.04417070411145687,0.0,0.012402262436226053,-0.32949596643447876,0.1142064779996872,0.02710894891610665,0.13505545713627395,0.0,2.2210837613556578e-09,0.9532555955648425,0.0,0.9999999403953552,0.027108948845255353,0.13505545675055797,0.0,2.2210837613556578e-09,0.9532555955648425,0.0,0.9999998807907104
4,val,1,target,20260202_145045_beam1,20260202_145045,0.95609375,0.02375,0.0,1.0,0.961015625,0.0006646260735578835,0.09436779469251633,0.0021693529561161995,0.3425351083278656,0.029128927701678145,0.13587528227414788,0.0,1.0062711774949662e-09,0.9999999409914017,0.0,1.0,-0.0063885854077011354,0.1258350097332527,-0.3641584056615829,0.0016535355825908482,0.27869360297918333,-0.7007224559783936,0.4553447365760803,0.36681928632893684,0.21042558025566302,0.04015649687498808,0.33250197768211365,0.999919056892395,0.0021376481745392084,0.9999999403953552,-7.804393904618352e-06,0.0141626142515753,-0.04326553761959076,0.0,0.025330561157315974,-0.15671248733997345,0.21366941928863525,0.02506440568310172,0.13079189310629216,0.0,2.215610056532924e-10,0.9556838333606724,0.0,0.9999999403953552,0.025064405604792696,0.13079189266118174,0.0,2.215610056532924e-10,0.9556838333606724,0.0,0.9999999403953552
4,val,1,target,20260202_145045_beam2,20260202_145045,0.946796875,0.024453125,0.0,1.0,0.95296875,0.0007379857706837356,0.0950484424829483,0.0022076605819165707,0.3385298252105713,0.032969014592048394,0.1428322286374325,0.0,3.929967906657339e-09,0.9999689614772796,0.0,1.0,-0.009684347978276421,0.12857736224228866,-0.3630676183104515,-0.0089897564612329,0.2868354251980782,-0.7152860164642334,0.648530125617981,0.3670030299300743,0.21576511273826346,0.036345155835151674,0.3303416073322296,0.9999452155828475,0.0034192728344351053,1.0,-0.0002545587126185186,0.024506010010557695,-0.05175238862633705,0.0,0.03442881155759116,-0.2253997027873993,0.5412676334381104,0.02744341693852671,0.13359804372644007,0.0,6.184337486558888e-10,0.9442876636981964,0.0,1.0,0.027443416860959077,0.13359804313504098,0.0,6.184337486558888e-10,0.94428766310215,0.0,1.0
4,val,1,target,20260202_145045_beam3,20260202_145045,0.950625,0.0228125,0.00046875,1.0,0.954765625,0.0004482287331484258,0.09049182385206223,0.001895229914225638,0.344294935464859,0.0295628800042295,0.13828275083886454,0.0,1.4014457150324233e-08,0.9999997639656066,0.0,1.0,-0.012577852208710993,0.13443407517827344,-0.46330383539199826,-0.004545493284240365,0.2535020205378534,-1.0,0.4238203167915344,0.37104732966896337,0.21549288989121027,0.041029072403907775,0.332311749458313,0.9999405831098557,0.002667767694219947,0.9999999403953552,-0.00594693093231579,0.0564136094250188,-0.10909380644559859,0.0,0.006491159135475755,-1.0,0.025068599730730057,0.025280758425321768,0.1290448349417515,0.0,5.495372157326983e-09,0.9036663478612916,0.0,0.9999999403953552,0.025280758329937928,0.12904483417567258,0.0,5.495372157326983e-09,0.9036663478612916,0.0,0.9999999403953552
4,val,1,target,20260202_145045_beam4,20260202_145045,0.95609375,0.023359375,0.0003125,1.0,0.9603125,0.0004479664203245193,0.0915190577507019,0.0017402463126927614,0.3426787257194519,0.028219425803121465,0.1374139313418133,0.0,1.1140591560376834e-08,0.9999994099140167,0.0,1.0,-0.004834450547536804,0.13485031497961875,-0.46455163300037383,0.0034913370618596673,0.2959831365942956,-1.0,0.5917391180992126,0.3676449881225926,0.21284781268457365,0.03955886442214251,0.33197101950645447,0.9999817609786987,0.0023099901154637337,0.9999999403953552,-0.005419182334861388,0.05745322054113213,-0.08892798408865928,0.0,0.021166891939938322,-0.945680558681488,0.040254492312669754,0.024564560007464705,0.12990870219694173,0.0,3.4615079691491246e-09,0.9037820887565613,0.0,0.9999999403953552,0.024564559900302645,0.1299087014596104,0.0,3.4615079691491246e-09,0.9037820887565613,0.0,0.9999998807907104
4,val,1,target,20260202_145053_beam1,20260202_145053,0.930390625,0.024609375,0.0,1.0,0.94421875,0.0006499051814898849,0.0914037749171257,0.002085963264107704,0.34138748049736023,0.03554844913801613,0.1420050036179576,0.0,8.535245399343694e-09,0.9999751573801041,0.0,1.0,-0.011436833637441026,0.13391544291775992,-0.46987445354461665,-0.00047291599912568927,0.2702222776412964,-0.7871740460395813,0.4476839601993561,0.37470237418752733,0.2184502275771597,0.04362893737852574,0.33838602900505066,0.9999080389738083,0.0008899362292140722,0.9999999403953552,-0.0028280501875561294,0.026674691884158663,-0.1628334406018257,0.0,0.031190644018352132,-0.4370800256729126,0.1673807054758072,0.029963515372015914,0.13545218151023009,0.0,5.643986611403307e-09,0.9688748419284823,0.0,0.9999999403953552,0.02996351529826838,0.1354521810251832,0.0,5.643986611403307e-09,0.9688748413324358,0.0,0.9999999403953552
4,val,1,target,20260202_145053_beam2,20260202_145053,0.92875,0.0246875,0.0,1.0,0.94078125,0.0009526627254672348,0.09618888050317764,0.002262255409732461,0.33270904421806335,0.037974537758801705,0.14637308404022134,0.0,8.052337685526822e-10,0.9999976986646653,0.0,1.0,-0.01666524715720751,0.1372263647417092,-0.4647189146280289,-0.008806617464870214,0.2782228136062624,-0.712563157081604,0.5114772915840149,0.3675713870027357,0.21793703228975222,0.04158480819314719,0.3266885429620743,0.9999368834495544,0.003487613517791033,0.9999999403953552,-0.003824161745607122,0.029594868987631646,-0.14469967827200889,0.0,0.02958612281829133,-0.5360230207443237,0.17937466502189636,0.03147477291305049,0.13763941478930522,0.0,2.7096327959164057e-10,0.9139210551977158,0.0,0.9999999403953552,0.031474772825848304,0.13763941418909256,0.0,2.7096327959164057e-10,0.9139209961891175,0.0,0.9999999403953552
4,train,0,background,20260204_100739_beam1_az001,20260204_100739,0.953515625,0.021484375,0.0,1.0,0.96,0.0004406031221151352,0.08740124106407166,0.0018115894636139274,0.333698034286499,0.029257978261651642,0.13424097953297917,0.0,3.204052134719859e-08,0.9999425256252289,0.0,1.0,-0.0005969635225463143,0.1266919260368154,-0.29591769695281983,-0.005203904816880822,0.33727154254913355,-0.5167669057846069,0.9752081036567688,0.3555917373036027,0.20269016139604776,0.042034084275364876,0.3237486630678177,0.9999091172218323,0.0022182313259691,1.0,-0.0011140522180364506,0.029970742674120386,-0.07095734775066376,0.0,0.0482850766927007,-0.42192506790161133,0.3967658579349518,0.02347747010922467,0.12608471770888943,0.0,1.4099994061211873e-08,0.9995067268610001,0.0,1.0,0.023477470052997815,0.12608471720310652,0.0,1.4099994061211873e-08,0.9995067268610001,0.0,1.0
4,train,0,background,20260204_100739_beam1_az010,20260204_100739,0.955078125,0.026875,0.0,1.0,0.95765625,0.00044553488260135055,0.09332168102264404,0.0014368778793141246,0.33151644468307495,0.031939463929786104,0.14509196740018265,0.0,3.428573647212829e-09,0.9999231708049774,0.0,1.0,-0.0021776893697148126,0.13035260296054557,-0.36116130530834195,0.0019353613024577498,0.297322713136673,-0.6358325481414795,0.5451933741569519,0.35685596012948734,0.20858567077375748,0.036911125034093856,0.3239806890487671,0.9996395748853684,0.0037285590078681707,0.9999999403953552,-0.0015888685473591613,0.04445677343109209,-0.2514731606841087,0.0,0.1299795651435853,-0.5124732851982117,0.20544712245464325,0.027556120942620478,0.13951054872531318,0.0,1.5354372218112644e-09,0.964659694433213,0.0,0.9999997019767761,0.027556120919616,0.1395105486006683,0.0,1.5354372218112644e-09,0.964659694433213,0.0,0.9999997019767761
4,train,0,background,20260204_100739_beam1_az019,20260204_100739,0.95828125,0.019296875,0.0,1.0,0.963828125,0.000468100537545979,0.09497164189815521,0.0015674233436584473,0.3386191725730896,0.025156999830814923,0.12585916390666488,0.0,7.672247837042789e-10,0.999889771938324,0.0,1.0,-0.010487675288972582,0.1445223926445843,-0.4423606815934181,-0.007694023661315441,0.2916772612929347,-0.9346812963485718,0.5246576070785522,0.36098590431184674,0.20497708851461427,0.04178100693970919,0.3294675946235657,0.999923825263977,0.0016081285430118442,0.9999999403953552,-0.006869793582588543,0.06681384379882102,-0.09512290976941569,-0.0,0.007403131788596513,-0.9063171148300171,0.04364543408155441,0.02179024955260208,0.12339059965123361,0.0,4.5672823162368203e-11,0.9427146011590961,0.0,0.9999999403953552,0.021790249580869635,0.12339059987863842,0.0,4.5672823162368203e-11,0.9427146011590961,0.0,0.9999999403953552
4,train,0,background,20260204_100739_beam1_az028,20260204_100739,0.953359375,0.02515625,0.0,1.0,0.957421875,0.0005421856767497957,0.09411779791116714,0.0016804486513137817,0.3352956175804138,0.03198921036968147,0.14267663376526596,0.0,1.9162587960863675e-08,1.0,0.0,1.0,-0.0028889222813427294,0.1339401480805953,-0.40584148436784745,0.004178929608315229,0.27894533306360253,-0.7914152145385742,0.5176530480384827,0.36015570537931124,0.20529319574772703,0.04062389098107815,0.3299199789762497,0.9995724642276764,0.002681017154827714,0.9999999403953552,-0.0021805655676272787,0.04454462563220969,-0.1361162222921848,0.0,0.1236826702952385,-0.7774060964584351,0.2342624068260193,0.026593199137964624,0.13428534598476652,0.0,5.336304731429209e-09,0.9073742932081227,0.0,0.9999997019767761,0.026593199144298595,0.13428534598635727,0.0,5.336304731429209e-09,0.9073742932081227,0.0,0.9999997019767761
4,train,0,background,20260204_100739_beam1_az037,20260204_100739,0.946484375,0.02171875,0.0,1.0,0.948046875,0.0005763239460065961,0.09748902916908264,0.001934332074597478,0.33864086866378784,0.03253420710077304,0.1349529792144097,0.0,4.071472403666121e-08,0.9999999409914017,0.0,1.0,0.02002709364884822,0.1267604579756249,-0.2780729454755783,0.01823549997061491,0.3265502476692201,-0.7376904487609863,0.7234175801277161,0.37101891590784364,0.21999688451121302,0.04095714028924704,0.33140406012535095,0.999912451505661,0.004887599963694811,0.9999999403953552,0.00235188701258506,0.02041210278839623,-0.04261394314467907,-0.0,0.12326166667044167,-0.2845250964164734,0.2751443386077881,0.028764006689900822,0.13253373201393925,0.0,2.2563485302384834e-08,0.9823442304134372,0.0,0.9999999403953552,0.02876400673108671,0.13253373221798326,0.0,2.2563485302384834e-08,0.9823442894220356,0.0,0.9999999403953552
4,train,0,background,20260204_100739_beam1_az046,20260204_100739,0.964296875,0.022734375,0.0,1.0,0.966953125,0.0004303624446038157,0.09158206731081009,0.001588373095728457,0.33431777358055115,0.02701779588895678,0.13503102445090373,0.0,5.326003194028317e-09,0.9999753934144974,0.0,1.0,0.003870841473465063,0.12151701603468103,-0.30256987929344176,0.0064579632598906755,0.28114278584718705,-0.6542251706123352,0.4578743577003479,0.3548629078202521,0.20405435164771185,0.03688689433038235,0.32796628773212433,0.9995935255289078,0.0012626053066924214,0.9999999403953552,-7.817326234592867e-05,0.026060196414472152,-0.06927918635308743,-0.0,0.08818376705050536,-0.4788864254951477,0.18216654658317566,0.023247036259777674,0.1306893505676322,0.0,1.271383665013559e-09,0.9625080889463434,0.0,0.9999995231628418,0.023247036238228266,0.1306893503484876,0.0,1.271383665013559e-09,0.962508088350297,0.0,0.9999995827674866
4,train,0,background,20260204_100739_beam1_az055,20260204_100739,0.93515625,0.041015625,0.000390625,1.0,0.948671875,0.0005127196782268584,0.09140908718109131,0.001711049466393888,0.3321036994457245,0.04329711770426499,0.17061678780063627,0.0,3.780676882669809e-10,0.9999995279312134,0.0,1.0,-0.023519347228041703,0.13194278519179733,-0.3962981358170509,-0.02181222941726446,0.2746034571528435,-1.0,0.5038619637489319,0.3612135550228777,0.209680568559103,0.040900579243898394,0.326908677816391,0.9999143624305725,0.004504517652094364,0.9999998807907104,-0.00724408292882531,0.05210911888178967,-0.2437463654577732,-0.0,0.006675449032336569,-0.759346067905426,0.2560233175754547,0.03545995633086117,0.15660429279146454,0.0,1.7904094873344434e-10,0.9422817152738572,0.0,0.9999998807907104,0.035459956383277494,0.15660429307983403,0.0,1.7904094873344434e-10,0.9422817742824555,0.0,0.9999999403953552
4,train,0,background,20260204_100739_beam1_az064,20260204_100739,0.951015625,0.020859375,0.0,1.0,0.968984375,0.0005050235195085406,0.0898604765534401,0.0019473271677270532,0.32734766602516174,0.027855560655006828,0.12738493947058044,0.0,8.257717287740718e-10,0.9999998819828033,0.0,1.0,0.0066126492340146115,0.13027949798353317,-0.3580599814653396,0.010986425448209047,0.2737055724859238,-0.9541016817092896,0.6275975108146667,0.3481079938023413,0.19689555593015645,0.03878853961825371,0.3178529143333435,0.999750372171402,0.0017840095097199082,0.9999998211860657,-0.00022743590782988636,0.03913465203563521,-0.02725052734836936,0.0,0.14653202816843988,-0.6736420392990112,0.5133458375930786,0.021587473150173092,0.11836404650209308,0.0,4.0525571787242143e-10,0.8792558968067169,0.0,0.9999998211860657,0.021587473114739596,0.11836404618867002,0.0,4.0525571787242143e-10,0.8792559558153152,0.0,0.9999998211860657
4,train,0,background,20260204_100739_beam1_az073,20260204_100739,0.949140625,0.023359375,0.0,1.0,0.9515625,0.0004519263457041234,0.09068596363067627,0.0016223167767748237,0.3389686644077301,0.032058876078397865,0.13926357798247144,0.0,7.735777352024797e-09,0.9999968135356903,0.0,1.0,-0.008615744450492428,0.12808396730779184,-0.3518866077065468,-0.008749821688979864,0.2909164905548098,-0.7918664216995239,0.5925347208976746,0.3665900456054078,0.20985653135250462,0.03925951540470123,0.33524590730667114,0.9999179255962372,0.0050895242020487785,1.0,-0.004565297718759473,0.03032280015194567,-0.17298198848962784,0.0,0.009144261106848722,-0.4122229218482971,0.10988303273916245,0.027266946989408698,0.1334393211892407,0.0,1.3844793089745622e-09,0.9825327575206764,0.0,1.0,0.0272669469349615,0.13343932095023922,0.0,1.3844793089745622e-09,0.9825327575206764,0.0,1.0
4,train,0,background,20260204_100739_beam1_az082,20260204_100739,0.951953125,0.021640625,0.0,1.0,0.956484375,0.0005300877965055406,0.09192264080047607,0.0015218383632600307,0.3395576477050781,0.029978386148134487,0.13519109363363246,0.0,2.1642285741307887e-09,0.9999999409914017,0.0,1.0,0.004496092734677006,0.13024797087699677,-0.31788878828287126,0.0059476587921381,0.34223688244819667,-0.6253728270530701,0.6923270225524902,0.36474757701286764,0.20763668648499742,0.040868392772972585,0.33565324544906616,0.9997158700227737,0.0014914164785295725,0.9999998807907104,0.0008298136428994332,0.03186376044384225,-0.06912920638918875,0.0,0.14347781151533137,-0.5718004703521729,0.2849940061569214,0.025500411365068962,0.12972408730021423,0.0,2.531237719427537e-10,0.9875768208503723,0.0,0.9999997615814209,0.025500411474189025,0.1297240879417138,0.0,2.531237996983293e-10,0.9875768208503723,0.0,0.9999997615814209
4,train,0,background,20260204_100739_beam1_az091,20260204_100739,0.956640625,0.01984375,0.000390625,1.0,0.961640625,0.0004814512503799051,0.09242059290409088,0.0018312002066522837,0.3268461227416992,0.027459924866150537,0.1272488952090766,0.0,9.931677702468278e-10,1.0,0.0,1.0,-0.0027107657429325726,0.14195248537994765,-0.3490819349884986,-0.004508312325924635,0.3516342994570735,-1.0,0.6995965242385864,0.34996354382641587,0.20334575292257437,0.037241926677525045,0.31742824614048004,0.9999224579334259,0.003343870397657156,0.9999999403953552,-0.0027556930390648564,0.040775826033865155,-0.09452864222228526,-0.0,0.021678144130856624,-0.6564849019050598,0.2970755696296692,0.02284386139017264,0.12344743773556272,0.0,3.6743277864736967e-10,0.9656423801183701,0.0,0.9999999403953552,0.022843861293264336,0.12344743697370604,0.0,3.6743277864736967e-10,0.9656423801183701,0.0,0.9999999403953552
4,train,0,background,20260204_100739_beam1_az100,20260204_100739,0.94046875,0.03109375,0.0,1.0,0.948125,0.000492716790176928,0.09218864142894745,0.0017365337116643786,0.33648812770843506,0.037367005477567154,0.1519007274895426,0.0,1.0954083862202424e-08,0.9999875491857528,0.0,1.0,-0.007370710826655085,0.13317972719250362,-0.3338574746251106,-0.005533783696591854,0.3164751154184344,-0.722994863986969,0.7170550227165222,0.36655004373007616,0.21258886631423712,0.037352565713226794,0.3306644558906555,0.9996288007497788,0.0024489627685397863,0.9999998211860657,-0.0003836612175297327,0.05189963483899971,-0.1884847939014435,-0.0,0.1442553271353245,-0.7036367654800415,0.6827623844146729,0.031228630224341733,0.14076635080141486,0.0,9.403574585675756e-10,0.9504130703210835,0.0,0.9999996423721313,0.031228630148724967,0.1407663503185237,0.0,9.403573475452731e-10,0.9504130703210835,0.0,0.9999996423721313
4,train,0,background,20260204_100739_beam1_az109,20260204_100739,0.961953125,0.020078125,0.0,1.0,0.967578125,0.00044901532237417996,0.09439125657081604,0.0016275891102850437,0.33305713534355164,0.024685253903144105,0.12626886225451578,0.0,1.4283451754693033e-08,0.9998852282762528,0.0,1.0,-0.012797610849497184,0.12884227458668143,-0.40902482181787486,-0.012343964073807001,0.2890795114636422,-0.76793372631073,0.6358923316001892,0.35468752116714314,0.20750050577904977,0.03791538178920746,0.31969408690929413,0.999920129776001,0.004458114039152861,1.0,-0.0036796872674282723,0.035266719399169096,-0.07709110021591185,-0.0,0.007461292929947428,-0.47346726059913635,0.14916986227035522,0.021810487242204322,0.12542577841203795,0.0,3.141847892962346e-09,0.9964179277420044,0.0,1.0,0.0218104871845516,0.12542577799762483,0.0,3.141847670917741e-09,0.9964179277420044,0.0,0.9999999403953552
4,train,0,background,20260204_100739_beam1_az118,20260204_100739,0.95234375,0.028046875,0.002421875,1.0,0.958671875,0.000581929984036833,0.09410960227251053,0.00199965201318264,0.32688379287719727,0.03289683460980823,0.14102509734918173,0.0,4.469684622421255e-10,0.9999999409914017,0.0,1.0,0.010553230712044979,0.140516656323256,-0.2891133239865303,0.003902748692780733,0.37503991574049006,-0.5266128778457642,1.0,0.3500306806374283,0.1986033344127887,0.03911152813583613,0.3193265348672867,0.9996988874673843,0.0020784977823495865,0.9999998807907104,0.005057352563463687,0.05014802512961941,-0.02125075675547123,0.0,0.15592253193259242,-0.30619457364082336,0.7501927018165588,0.026166577118158018,0.13093084077972073,0.0,2.316464103868654e-10,0.9080946046113968,0.0,0.9999998807907104,0.02616657709746674,0.13093084068552346,0.0,2.316463965090776e-10,0.9080946636199951,0.0,0.9999999403953552
4,train,0,background,20260204_100739_beam1_az127,20260204_100739,0.96125,0.017109375,0.0,1.0,0.963984375,0.00044862148934043944,0.09477577358484268,0.0017788168042898178,0.33997830748558044,0.024674872893583773,0.12396231838145401,0.0,6.0321765360527024e-09,1.0,0.0,1.0,0.02009391757440632,0.1323401687628903,-0.2875903591513634,0.014653412159532309,0.4114995783567429,-0.6730627417564392,0.6405080556869507,0.36205849899895837,0.2097076780736408,0.03692145511507988,0.33186402916908264,0.9999871277809143,0.0015454287640750408,0.9999999403953552,0.003672522633255021,0.03711515691478671,-0.04563523646444082,0.0,0.1668584704399109,-0.07907301932573318,0.41662126779556274,0.021935531754578488,0.12245431331436155,0.0,3.36787181476339e-10,0.9997976434230804,0.0,0.9999999403953552,0.02193553173440634,0.12245431304421477,0.0,3.3678720923191463e-10,0.9997976434230804,0.0,0.9999999403953552
4,train,0,background,20260204_100739_beam1_az136,20260204_100739,0.969140625,0.01671875,0.0,1.0,0.972734375,0.000541292189154774,0.08991019427776337,0.0017718467861413956,0.33691906929016113,0.023453801652657848,0.120834054236904,0.0,7.865741835644258e-09,0.9999952793121338,0.0,1.0,-0.004207124203127534,0.11822538117870941,-0.3056426501274109,-0.0023326396476477385,0.2623312202095987,-0.7454198598861694,0.45271438360214233,0.35251298729450353,0.19382883122251304,0.04182830005884171,0.325788214802742,0.999649703502655,0.006538928486406803,0.9999998807907104,0.0013968570382132614,0.019939100127781034,-0.026712566614150998,0.0,0.13418223038315774,-0.19418494403362274,0.24905909597873688,0.01875326355516122,0.11451083964715679,0.0,4.494748184757924e-10,0.8863986730575562,0.0,0.9999998807907104,0.018753263544676914,0.11451083950583432,0.0,4.494748184757924e-10,0.8863986736536026,0.0,0.9999999403953552
4,test,0,background,20260204_100845_beam1_az001,20260204_100845,0.96859375,0.013671875,0.0,1.0,0.97859375,0.0005695881554856896,0.08828917145729065,0.00263770530000329,0.3407304286956787,0.021817794090755235,0.11073491545666826,0.0,1.2471301769068077e-09,0.9999887883663178,0.0,1.0,-0.0041418535410237215,0.11075273917532902,-0.26675431966781615,-0.0060687249060720205,0.25781469732522966,-0.5623827576637268,0.5521470308303833,0.3579541141637674,0.1983475858964987,0.04346916422247887,0.33014604449272156,0.9998867136240005,0.004953830037266016,1.0,-0.0012376675428877294,0.011257745188266279,-0.07702664397656918,-0.0,0.006076470869593324,-0.2001340389251709,0.020065033808350563,0.017509440211336047,0.11038654406720246,0.0,2.556878042625499e-10,0.9986700224876404,0.0,1.0,0.01750944012625033,0.11038654333095653,0.0,2.556878042625499e-10,0.9986700224876404,0.0,1.0
4,test,0,background,20260204_100845_beam1_az010,20260204_100845,0.947265625,0.025234375,0.0,1.0,0.95234375,0.0005316674360074103,0.09330885857343674,0.00177923368755728,0.3344496190547943,0.03352850296680128,0.14411207508758334,0.0,4.50331008039484e-08,0.9998703581094742,0.0,1.0,-0.0026674242772173427,0.13484354832428222,-0.3618816691637039,0.003242661594413221,0.29053047448396696,-0.9583743214607239,0.5164023041725159,0.36203157146294873,0.20702236921492648,0.04201066412031651,0.33078113198280334,0.9997041249275208,0.0009676354238763452,0.9999998807907104,-0.0008811341323156919,0.033192392913789774,-0.13350407525897023,-0.0,0.1211097532510758,-0.4829164445400238,0.1997458040714264,0.028058133883346246,0.13680807552403867,0.0,3.792172131866778e-10,0.9325521689653397,0.0,0.9999997019767761,0.02805813385575241,0.1368080753978193,0.0,3.792172131866778e-10,0.9325521689653397,0.0,0.9999997019767761
4,test,0,background,20260204_100845_beam1_az019,20260204_100845,0.94640625,0.02078125,0.0,1.0,0.947265625,0.0006235702894628048,0.09411945939064026,0.00211478304117918,0.3471868336200714,0.03327114505989478,0.13621195978404718,0.0,6.088407999982337e-09,1.0,0.0,1.0,0.013893903265279733,0.12907487654816635,-0.27233591198921203,0.008426206186413765,0.3581987246870995,-0.47612372040748596,0.8161129951477051,0.3788966614700621,0.22201019300132874,0.04080735843628645,0.33955563604831696,0.9999175149202347,0.003823651932179928,0.9999999403953552,0.0020270767343064018,0.022547315859072856,-0.0517959738895297,-0.0,0.1271685050427915,-0.18204089999198914,0.27441510558128357,0.029301811346526162,0.13350837357104958,0.0,2.1052237730856405e-09,0.9880837810039531,0.0,0.9999999403953552,0.029301811393626736,0.13350837394099477,0.0,2.1052237730856405e-09,0.9880837810039531,0.0,0.9999999403953552
4,test,0,background,20260204_100845_beam1_az028,20260204_100845,0.960625,0.022734375,0.0,1.0,0.96515625,0.000525995041243732,0.09124677628278732,0.0017730941763147712,0.33720096945762634,0.028519669221212504,0.13608778781935887,0.0,3.634275458352931e-08,0.9999998819828033,0.0,1.0,-0.0003081490578452417,0.12182160439317383,-0.3006637293100357,0.0012755980715155602,0.26919896870851523,-0.6055943369865417,0.5158833265304565,0.35834990526542243,0.20205487520641344,0.04158023674041033,0.329359695315361,0.9996855592727661,0.001314386259764433,0.9999998807907104,-0.00043314231771660814,0.027964556237426826,-0.0910611665993929,-0.0,0.10821205824613575,-0.29303795099258423,0.18253332376480103,0.023775611286907992,0.130610254808682,0.0,8.999251122077112e-09,0.9869225704669955,0.0,0.9999997019767761,0.02377561130218929,0.1306102549347299,0.0,8.999251122077112e-09,0.9869226294755937,0.0,0.9999997019767761
4,test,0,background,20260204_100845_beam1_az037,20260204_100845,0.921328125,0.0396875,0.0,1.0,0.94265625,0.000417756091337651,0.09013093262910843,0.0014732960844412446,0.3351637125015259,0.04419720898208654,0.1673782895617751,0.0,8.190245703865173e-10,0.9999276554584503,0.0,1.0,-0.01546574034178164,0.1343693868507789,-0.4255289649963379,-0.009350500535219908,0.2699377796053887,-0.8493369817733765,0.4617239832878113,0.3667505960292328,0.21119186833329193,0.04198298905044794,0.33541522920131683,0.9999095892906189,0.004131350666284561,0.9999999403953552,-0.007006155288342936,0.046523860274674866,-0.19172225892543793,0.0,0.00466253190301359,-0.7864234447479248,0.2908335030078888,0.03634459727136033,0.1560464116369116,0.0,1.1326629217878192e-10,0.9143728160858154,0.0,0.9999999403953552,0.03634459729267098,0.15604641167487646,0.0,1.1326629217878192e-10,0.9143727576732635,0.0,0.9999999403953552
4,test,0,background,20260204_100845_beam1_az046,20260204_100845,0.948984375,0.017578125,0.0003125,1.0,0.97125,0.0005044774734415114,0.09051549434661865,0.0019933488219976425,0.33555376529693604,0.02685925864778801,0.12404844931669011,0.0,6.55998144694081e-10,0.9999997639656066,0.0,1.0,0.0011769739906657862,0.1297365985707148,-0.38491213172674177,0.00507959583774209,0.2651926168799401,-1.0,0.5362638235092163,0.3520121957726224,0.19529325270634335,0.039161497466266154,0.3263077735900879,0.9996959656476975,0.0044166091829538345,0.9999999403953552,-0.00010021831903484338,0.03008430441490641,-0.051161549612879734,-0.0,0.1092092135548593,-0.39675697684288025,0.2587701380252838,0.019869293664724383,0.11394335615272198,0.0,1.7830008303132416e-10,0.8650466889142995,0.0,0.9999999403953552,0.019869293592656045,0.11394335563119959,0.0,1.7830008303132416e-10,0.8650466895103459,0.0,0.9999999403953552
4,test,0,background,20260204_100845_beam1_az055,20260204_100845,0.9509375,0.02390625,0.0,1.0,0.956171875,0.0005878660595044494,0.09146977961063385,0.0019561273511499166,0.3341502845287323,0.03164806114140792,0.1383786671976013,0.0,1.466140209238631e-09,0.9999739181995392,0.0,1.0,-0.008520694654543446,0.12536935381718523,-0.3522156670689583,-0.006679637357592583,0.26318693310022356,-0.7361651659011841,0.553075909614563,0.3591420905809355,0.2079306103128384,0.03883855145424605,0.3260077089071274,0.9999213337898254,0.0041845995001494884,0.9999999403953552,-0.003587090106452766,0.024188763265080997,-0.1187535810470581,0.0,0.008545702006667896,-0.3528420031070709,0.07067913562059402,0.025950724240968753,0.1315724781748787,0.0,8.148645647132469e-10,0.9800396794080735,0.0,0.9999999403953552,0.025950724192657003,0.13157247778118228,0.0,8.148645647132469e-10,0.9800396203994751,0.0,0.9999999403953552
4,test,0,background,20260204_100845_beam1_az064,20260204_100845,0.9465625,0.02265625,0.0,1.0,0.954140625,0.000633854535408318,0.09400512278079987,0.0017109328182414174,0.34211769700050354,0.03082810204168259,0.13419535668463475,0.0,7.912017152555961e-10,1.0,0.0,1.0,-0.0028866955839573195,0.12930410181870372,-0.31956844419240954,-0.001448167604394257,0.3125501951575279,-0.5261181592941284,0.6880079507827759,0.3688255675475375,0.20863954334698273,0.0439990871027112,0.3358684778213501,0.9997823995351791,0.006991731934249401,0.9999998807907104,0.001701367170731119,0.025203433585990368,-0.056303295902907835,0.0,0.14127649620175362,-0.17043232917785645,0.31768208742141724,0.025581242236489804,0.12709236206084681,0.0,3.836632678222429e-10,0.9800383400917054,0.0,0.9999994039535522,0.02558124222131443,0.12709236193608228,0.0,3.836632678222429e-10,0.9800383400917054,0.0,0.9999994039535522
4,test,0,background,20260204_100845_beam1_az073,20260204_100845,0.957421875,0.02,0.0,1.0,0.9621875,0.00046781424316577613,0.09355664253234863,0.001943311421200633,0.34158700704574585,0.02727352694780084,0.1274391829426566,0.0,2.1185201148909982e-08,1.0,0.0,1.0,0.001862894996625215,0.14658086744895582,-0.3350192821025848,-0.00047437612374778837,0.365787028670311,-0.905135989189148,0.8574510812759399,0.3641471434842788,0.20467905700407862,0.03791101675480605,0.3342655897140503,0.9999014645814895,0.0024010322522372007,1.0,-0.0015914000353138814,0.043877920784243025,-0.07032416023313999,0.0,0.07548192866146566,-0.5937294363975525,0.32567498087882996,0.02304723497070815,0.12388127815615099,0.0,6.429185628320511e-09,0.9532955610752106,0.0,1.0,0.02304723497089474,0.12388127810831083,0.0,6.429185628320511e-09,0.9532955610752106,0.0,1.0
4,test,0,background,20260204_100845_beam1_az082,20260204_100845,0.939453125,0.0328125,0.0,1.0,0.941796875,0.0006625467212870717,0.09751735627651215,0.0019493584986776114,0.3323672115802765,0.038902457005894016,0.15373562304207816,0.0,7.456214534684591e-10,0.9999607002735138,0.0,1.0,-0.016295393317522267,0.13910999676296742,-0.3822028315067291,-0.01298530912026763,0.3180633887648584,-0.8462079763412476,0.6482142210006714,0.3673489364800116,0.22070545421895785,0.04107460763305426,0.3276611566543579,0.999728621840477,0.001419248292222619,0.9999998211860657,-0.002800495100125008,0.048865149476126725,-0.2613257649540901,0.0,0.12667501136660625,-0.7889896631240845,0.3153754472732544,0.03371542740806053,0.1471059233000169,0.0,1.589201686913455e-10,0.9738459587097168,0.0,0.9999982714653015,0.03371542748246444,0.14710592363994276,0.0,1.5892018256913332e-10,0.9738459587097168,0.0,0.9999982714653015
4,test,0,background,20260204_100845_beam1_az091,20260204_100845,0.95765625,0.02015625,0.0,1.0,0.965234375,0.0004884845111519098,0.09277162700891495,0.001924462034367025,0.3406626582145691,0.02613432396916832,0.12814313301403715,0.0,2.163727153003947e-08,0.9999529111385346,0.0,1.0,-0.013419528798227703,0.12828941185750756,-0.35430916547775265,-0.01593538001179695,0.3084442672133446,-0.6064483523368835,0.658823549747467,0.363509731181457,0.20673580936472247,0.04078842248767615,0.33317165076732635,0.9998964935541153,0.0034514914732426405,1.0,-0.0035959118449382698,0.03720567926687168,-0.06931579507887363,0.0,0.00746579171158374,-0.5073550939559937,0.16778282821178436,0.02277624356517281,0.12718211356547043,0.0,4.433588607355432e-09,0.9965896993875507,0.0,1.0,0.02277624357716324,0.12718211359843942,0.0,4.433588607355432e-09,0.9965896993875507,0.0,1.0
4,test,0,background,20260204_100845_beam1_az100,20260204_100845,0.94796875,0.0275,0.0009375,1.0,0.961171875,0.0005611027590930462,0.09059321135282516,0.0020884128753095865,0.3378915786743164,0.032993564301775226,0.14002349578776666,0.0,9.438839931874554e-09,1.0,0.0,1.0,0.00749521782194023,0.1359812818737301,-0.3019127264618873,0.0019905149238184094,0.3507113718986513,-0.5942845344543457,1.0,0.360241994711796,0.2037142386141332,0.04232979860156775,0.3321245163679123,0.9997305983304977,0.0046181464567780495,0.9999997615814209,0.004290012233779104,0.046453138609946314,-0.04720920067280531,0.0,0.15643739506602317,-0.24684180319309235,0.6658670902252197,0.026298296349283587,0.13178533465264483,0.0,2.030418277954027e-09,0.9227056336402895,0.0,0.9999997615814209,0.02629829627213906,0.1317853340302212,0.0,2.030418277954027e-09,0.9227056336402895,0.0,0.9999997615814209
4,test,0,background,20260204_100845_beam1_az109,20260204_100845,0.9625,0.017265625,0.0,1.0,0.9653125,0.00045128713827580214,0.0950879156589508,0.001729800133034587,0.33547037839889526,0.024334920523139122,0.12370887435993488,0.0,1.0878107303824436e-08,0.9999999409914017,0.0,1.0,0.008279512996343606,0.13220139882644488,-0.29158635407686234,0.001942353555932641,0.4110062837600708,-0.7055578827857971,0.6747382283210754,0.3572556097832421,0.21115951939190403,0.040367597080767155,0.3215370327234268,0.9999886161088943,0.0024515031836926937,0.9999999403953552,0.003506517102162968,0.03644850483277548,-0.04493134003132582,0.0,0.14277186393737792,-0.07547106593847275,0.41796278953552246,0.02168155792894936,0.12241162028726973,0.0,1.3856708003245899e-09,0.9998524224758149,0.0,0.9999999403953552,0.02168155787109817,0.1224116197792326,0.0,1.3856708003245899e-09,0.9998523634672165,0.0,0.9999999403953552
4,test,0,background,20260204_100845_beam1_az118,20260204_100845,0.969609375,0.017734375,0.0,1.0,0.971796875,0.0005766578251495957,0.09237606078386307,0.0018160799518227577,0.33208003640174866,0.02421442448113014,0.12243436539047473,0.0,2.7528701540546763e-09,1.0,0.0,1.0,0.00559018061791118,0.12069922648202457,-0.29376224040985105,0.006534218788146973,0.2812817570567134,-0.5377792119979858,0.5767534971237183,0.3477118513698065,0.1927119209438092,0.038321192376315594,0.32158443331718445,0.9996766602993011,0.00029129136237315834,0.9999998807907104,0.002088417860661837,0.020346333343476002,-0.015234291004016994,0.0,0.14928691267967226,-0.10767997801303864,0.2952648103237152,0.019243667014979322,0.11657185969042515,0.0,9.933729394617785e-10,0.8999499624967578,0.0,0.9999998807907104,0.01924366695563173,0.11657185919207982,0.0,9.933729394617785e-10,0.8999499624967578,0.0,0.9999999403953552
4,test,0,background,20260204_100845_beam1_az127,20260204_100845,0.9425,0.028984375,0.001171875,1.0,0.946484375,0.0005752653232775629,0.0938010960817337,0.0016702599823474884,0.33147525787353516,0.035904067268203735,0.1465774233707698,0.0,2.099603158001173e-09,0.999999822974205,0.0,1.0,0.012076593635124873,0.14330366614486167,-0.30143424212932585,0.0017010197625495493,0.4250598064064981,-0.6537810564041138,1.0,0.36170489840733355,0.2154553400746903,0.03893111813813448,0.32401077449321747,0.9999232292175293,0.004070439841598272,1.0,0.0036143576880379408,0.051288519859142755,-0.07427874468266962,-0.0,0.22331128537654882,-0.21710509061813354,0.9396395087242126,0.029431565862316274,0.13455807066993905,0.0,9.458812622042956e-10,0.9495643776655197,0.0,1.0,0.029431565817966385,0.1345580704148063,0.0,9.458812622042956e-10,0.9495644372701645,0.0,1.0
4,test,0,background,20260204_100845_beam1_az136,20260204_100845,0.94796875,0.02953125,0.0,1.0,0.949765625,0.0004829683748539537,0.08851910382509232,0.0018546282080933452,0.33590587973594666,0.036274771362132065,0.14866728461483822,0.0,2.934198994886117e-10,0.9999590480327606,0.0,1.0,-0.0005902102373457296,0.12088746062338598,-0.30689150005578997,0.0010382041218690574,0.27987861573696143,-0.5736440420150757,0.8275781869888306,0.3631482326303012,0.2056870778067425,0.04223914694041014,0.3305465281009674,0.9996230620145797,0.004400221165269613,0.9999998807907104,-0.0002653562760892705,0.03343933095837368,-0.1457532414793968,-0.0,0.1494096903502941,-0.37081074714660645,0.28365787863731384,0.029474575272176357,0.13598417227187215,0.0,6.480612574355504e-11,0.8576049447059646,0.0,0.9999998807907104,0.029474575357721005,0.1359841728090404,0.0,6.480612574355504e-11,0.8576048851013198,0.0,0.9999999403953552
4,val,0,background,20260204_100908_beam1_az001,20260204_100908,0.691953125,0.085,0.02671875,1.0,0.70953125,0.001435158890672028,0.11787822842597961,0.006082506384700537,0.6135219931602478,0.12422839345426574,0.22396929303957572,0.0,5.527758251133719e-10,0.9999900275468826,0.0,1.0,-0.10876282875005927,0.2697592859209643,-1.0,-0.008790736552327871,0.37954082548618323,-1.0,0.8633673787117004,0.6947530775079577,0.2956462441222316,0.08363026060163975,0.7894057035446167,0.9999949938058853,0.004054215736687183,0.9999991655349731,-0.04454919211025878,0.1495255232596966,-0.8011754125356674,0.0,0.05123945970088247,-1.0,0.10437139123678207,0.10362023675683109,0.18252459454361367,0.0,1.7475709768177694e-10,0.7685056811571123,0.0,0.9913523197174072,0.10362023664948365,0.18252459410481695,0.0,1.7475709768177694e-10,0.7685056817531587,0.0,0.9913523197174072
4,val,0,background,20260204_100908_beam1_az010,20260204_100908,0.6603125,0.08125,0.11546875,1.0,0.6890625,0.003766896203160286,0.25625285506248474,0.00490199588239193,0.6181831359863281,0.13389642346419608,0.22164311774005127,0.0,3.611671672842931e-07,0.999997285604477,0.0,1.0,-0.33681418597674595,0.3715920868611537,-1.0,-0.22526639699935913,0.15584076181054124,-1.0,0.47308340668678284,0.6865977334433047,0.2944403292225616,0.07621753826737404,0.7449157536029816,0.999994695186615,0.0069776433520019054,0.9999990463256836,-0.08096343541240046,0.1837771656343817,-0.8731567096710205,-0.0,0.0025190253229811794,-1.0,0.1571246087551117,0.10484470461520436,0.17895632469191386,0.0,6.77101397172919e-08,0.8119115763902667,0.0,0.9938479661941528,0.10484470461969081,0.17895632462561917,0.0,6.771013261186454e-08,0.811911635398865,0.0,0.9938479661941528
4,val,0,background,20260204_100908_beam1_az019,20260204_100908,0.707265625,0.061171875,0.013984375,1.0,0.73875,0.0038199741393327713,0.18919755518436432,0.006568765267729759,0.5952392816543579,0.11499819410113568,0.20371531418973146,0.0,7.051822876746883e-07,0.999995869398117,0.0,1.0,-0.20817289251868515,0.26858036776615624,-1.0,-0.0926072932779789,0.1372336053848267,-1.0,0.3317583203315735,0.6695191366094514,0.29966152859736905,0.07714895196259022,0.7243970334529877,0.9999946957826614,0.00397828221321106,0.9999991655349731,-0.03511726543597273,0.10658790178125303,-0.6001020741462707,0.0,0.012050748160108931,-0.9181622266769409,0.08434808254241943,0.09824026870039149,0.18291436556365193,0.0,6.832311072457742e-08,0.8985499054193498,0.0,0.9972488880157471,0.09824026874022661,0.18291436555042095,0.0,6.832311072457742e-08,0.8985498464107514,0.0,0.9972488880157471
4,val,0,background,20260204_100908_beam1_az028,20260204_100908,0.75765625,0.062109375,0.0,1.0,0.776875,0.0008458897355012596,0.07728192210197449,0.006071748677641153,0.539585530757904,0.10307601021082664,0.20248957694519124,0.0,5.850354156677895e-08,0.9999768686294556,0.0,1.0,-0.03290342218365097,0.12811834013954318,-0.4537783706188202,-0.005394649226218462,0.2647421491146089,-0.7410715222358704,0.7437444925308228,0.6253270373475971,0.31775513922272997,0.05837045129388571,0.6068368256092072,0.9999943387508392,0.008670737966895103,0.9999988675117493,-0.007517528547441512,0.03610069538954995,-0.1674271957576275,0.0,0.008848018068820246,-0.5211405754089355,0.12371093779802322,0.09373369321588328,0.1939307048015439,0.0,1.6908568767348697e-08,0.9654777008295068,0.0,0.9999988675117493,0.09373369311023015,0.1939307043816217,0.0,1.6908566990991858e-08,0.9654776418209084,0.0,0.9999988675117493
4,val,0,background,20260204_100908_beam1_az037,20260204_100908,0.750703125,0.067109375,0.0,1.0,0.77546875,0.002262084512040019,0.094656802713871,0.007624371908605099,0.5444665551185608,0.10815807648391015,0.20884295262900848,0.0,3.218785238345845e-08,0.99996612906456,0.0,1.0,-0.05949152747313349,0.16782087194252834,-0.6247703689336777,-0.0057599947322160006,0.230545625537634,-0.8358240127563477,0.4371994435787201,0.6396424074023344,0.31946954139445527,0.05941038504242897,0.652379035949707,0.9999939209222793,0.0012898400891572237,0.9999989867210388,-0.011202311445316616,0.0513215022521263,-0.2472738543152809,0.0,0.01335339560173453,-0.6621546745300293,0.04975764453411102,0.10083213056962706,0.20306993127926506,0.0,1.3510025986818164e-08,0.9600751441717148,0.0,0.9999989867210388,0.10083213070693063,0.2030699317214618,0.0,1.3510026874996584e-08,0.960075085759163,0.0,0.999998927116394
4,val,0,background,20260204_100908_beam1_az046,20260204_100908,0.700703125,0.057109375,7.8125e-05,1.0,0.721015625,0.004653962329030037,0.1767856329679489,0.008507626131176949,0.6246547102928162,0.1174311971972299,0.20241635855301932,0.0,2.5418776417041045e-08,0.9999958103895188,0.0,1.0,-0.20098626727632102,0.25654114360140495,-0.8214937472343444,-0.09468067064881325,0.17097158625721945,-1.0,0.5358274579048157,0.7119727872827752,0.2896146019143121,0.07330704472959042,0.8125041127204895,0.9999948143959045,0.0022221480030566454,0.9999989867210388,-0.03506798866346776,0.09111722580170378,-0.4622835353016853,0.0,0.003904014760628348,-0.7931552529335022,0.04712283983826637,0.10785363492533313,0.1921388590407041,0.0,1.9185801392040958e-08,0.9416705882549286,0.0,0.9999989867210388,0.10785363493979304,0.19213885902339956,0.0,1.9185801392040958e-08,0.9416705876588821,0.0,0.9999989867210388
4,val,0,background,20260204_100908_beam1_az055,20260204_100908,0.763359375,0.06140625,0.0,1.0,0.78203125,0.0009504698100499809,0.08372148871421814,0.005021767225116491,0.5142912268638611,0.10280476018981838,0.20480218771146397,0.0,9.696568881167877e-09,0.9999869590997696,0.0,1.0,-0.05371777836958763,0.14638700036375143,-0.5123753017187118,-0.006097572855651379,0.20613217368721964,-0.7715895771980286,0.4084644317626953,0.6116991407796377,0.3306751045138766,0.052721186839044094,0.5623790323734283,0.9999950534105301,0.006769657600671053,0.9999988079071045,-0.010873226692642513,0.04840114289207605,-0.25192019045352937,0.0,0.0084809315390885,-0.6499404907226562,0.027597680687904358,0.09651349873142726,0.19949697885418147,0.0,3.8555501014059246e-09,0.9560065913200382,0.0,0.9999988079071045,0.09651349863723827,0.19949697863039142,0.0,3.8555501014059246e-09,0.9560065913200382,0.0,0.9999987483024597
4,val,0,background,20260204_100908_beam1_az064,20260204_100908,0.741328125,0.061328125,0.0,1.0,0.75875,0.002022072672843933,0.14445817470550537,0.0082656629383564,0.696283221244812,0.10476146390272319,0.2014412036057478,0.0,2.6636384209410835e-09,0.9999578678607941,0.0,1.0,-0.05962572103237562,0.19369815166695764,-0.5577001732587814,-0.00553920422680676,0.4112633997201921,-0.9743030667304993,0.657023549079895,0.7508426565371338,0.26796166666553045,0.09686623178422452,0.8487766981124878,0.9999947553873062,0.013752155005931854,0.9999991655349731,-0.004202841660267186,0.04285161731916398,-0.2084920483827591,0.0,0.10456123337149638,-0.5736550092697144,0.33946362137794495,0.0938395966478181,0.1853308977153164,0.0,2.029167944783694e-09,0.9626952636241913,0.0,0.9999991655349731,0.09383959655760635,0.1853308974846072,0.0,2.029167944783694e-09,0.9626952642202378,0.0,0.9999991655349731
4,val,0,background,20260204_100908_beam1_az073,20260204_100908,0.781875,0.067734375,0.0,1.0,0.795078125,0.0011142143048346043,0.09077291190624237,0.005745035130530596,0.5220779180526733,0.10048443582737593,0.2075993834399409,0.0,1.8553581782043693e-08,0.9999979937076569,0.0,1.0,-0.04928733613439553,0.1350075836885503,-0.5311077123880387,-0.007475571008399129,0.23570164009928707,-0.9375017285346985,0.5535082817077637,0.6117526100865143,0.32831840604877993,0.05319912560284138,0.5700027048587799,0.9999937427043915,0.003045817371457815,0.9999989867210388,-0.005749303655901282,0.03584062131673881,-0.1898363809287548,0.0,0.017373154684901245,-0.47611796855926514,0.08189139515161514,0.0940637091860048,0.20200766854801797,0.0,2.7746296371589096e-09,0.9626762247085572,0.0,0.9999987483024597,0.09406370912360659,0.20200766841297085,0.0,2.7746296371589096e-09,0.9626762247085572,0.0,0.9999987483024597
4,val,0,background,20260204_100908_beam1_az082,20260204_100908,0.807421875,0.0575,0.0,1.0,0.814609375,0.0006024231552146375,0.07788338512182236,0.005194316152483225,0.5057785511016846,0.08918105635853354,0.19788212604143002,0.0,4.4600305670883245e-09,0.9999975806474686,0.0,1.0,-0.012584126512010983,0.10134871371478746,-0.3001208865642548,-0.002688174950890243,0.2402671049535276,-0.5757617354393005,0.5222784280776978,0.5929388900016238,0.33396797450464516,0.0490994081646204,0.5209401547908783,0.9999955898523331,0.0028511115815490484,0.9999989867210388,-0.0012625349709563629,0.010548539707734889,-0.04872727077454329,-0.0,0.009272549590095897,-0.20177875459194183,0.05856965482234955,0.08595011053815411,0.19659024493602334,0.0,2.79004508385583e-09,0.9906403744220735,0.0,0.9999989867210388,0.0859501103763201,0.19659024437791334,0.0,2.79004508385583e-09,0.9906403744220735,0.0,0.9999989867210388
4,val,0,background,20260204_100908_beam1_az091,20260204_100908,0.783671875,0.0628125,0.001640625,1.0,0.811875,0.0008655803394503891,0.07981517910957336,0.004300433211028576,0.4982910454273224,0.09563777172411743,0.20409499746835155,0.0,8.247581284592798e-09,0.9999857199192047,0.0,1.0,-0.04161073953870562,0.1523946565244946,-0.6785859715938568,-0.0043480307795107365,0.21195584326982508,-1.0,0.36572641134262085,0.5806515498879162,0.333387391778401,0.04987197667360306,0.49460263550281525,0.999994158744812,0.006415767595171928,0.9999991059303284,-0.007074724658220189,0.04825508117800833,-0.18646854043006894,-0.0,0.011566149648279019,-0.9052287936210632,0.028098851442337036,0.08754047529157315,0.19698876413087238,0.0,1.4593278807595311e-09,0.9433347254991542,0.0,0.9999991059303284,0.0875404752446056,0.19698876393645756,0.0,1.4593277697372287e-09,0.9433347260952006,0.0,0.9999991059303284
4,val,0,background,20260204_100908_beam1_az100,20260204_100908,0.76203125,0.061640625,0.04546875,1.0,0.7809375,0.001334294443950057,0.09393773227930069,0.0043745520524680614,0.49909713864326477,0.1028207351198441,0.20338791547897725,0.0,2.83561600866733e-08,0.9999986428022385,0.0,1.0,-0.10366986382979917,0.2667537053338026,-1.0,-0.007231442257761955,0.22351413682103186,-1.0,0.4669892191886902,0.5870275974947071,0.33149697075865464,0.056396336294710636,0.5097658634185791,0.9999946355819702,0.006878379266709089,0.9999991059303284,-0.03292134398585159,0.12713488357054512,-0.6678698056936264,0.0,0.003838626625947655,-1.0,0.005183788947761059,0.09002641854315292,0.18633214573869095,0.0,4.3335899313490245e-09,0.8738009959459305,0.0,0.9999988675117493,0.09002641860408543,0.1863321458348819,0.0,4.3335899313490245e-09,0.8738009959459305,0.0,0.9999988079071045
4,val,0,background,20260204_100908_beam1_az109,20260204_100908,0.802109375,0.06296875,0.0,1.0,0.8228125,0.0005891072796657681,0.0734977275133133,0.004557600244879723,0.49377700686454773,0.09217642363115834,0.2033571816383132,0.0,2.3044126606919235e-08,0.9999994099140167,0.0,1.0,-0.009176287910616594,0.10185866118987039,-0.34622632056474684,0.0012602112838067114,0.23281479030847552,-0.7070664763450623,0.4171394407749176,0.5757029874030377,0.33539136154396676,0.048137312047183516,0.48586322367191315,0.9999948745965958,0.0022137125488370657,0.9999990463256836,-0.000720526385053403,0.009327385601631008,-0.047943228892982005,-0.0,0.019039473105222013,-0.26155349612236023,0.09171737730503082,0.0858223273536377,0.1991752209840668,0.0,1.3517217567482476e-08,0.9635853534936906,0.0,0.9999990463256836,0.08582232739443868,0.1991752210381045,0.0,1.3517216679304056e-08,0.9635852944850922,0.0,0.9999991059303284
4,val,0,background,20260204_100908_beam1_az118,20260204_100908,0.800078125,0.05828125,0.0,1.0,0.810546875,0.0006237694178707898,0.07447278499603271,0.0050584436394274235,0.5096868276596069,0.0908930364863764,0.1981844742562985,0.0,4.816607113156124e-09,0.9999948072433472,0.0,1.0,-0.008944286641312544,0.10498382381281145,-0.3353733766078949,-0.0021240796195343137,0.27439203023910524,-0.567626953125,0.5385626554489136,0.5962139678783206,0.3332887931423945,0.056540804430842403,0.5229717791080475,0.9999944573640823,0.00298633286729455,0.9999986886978149,-0.001110745947471954,0.014354562775779048,-0.05930766727775335,-0.0,0.02201684832572939,-0.20583035051822662,0.15856756269931793,0.08670385319441497,0.19641866415777537,0.0,2.4046920010789563e-09,0.9904716283082964,0.0,0.9999985694885254,0.08670385311593826,0.1964186639943111,0.0,2.4046920010789563e-09,0.9904716283082964,0.0,0.9999985098838806
4,val,0,background,20260204_100908_beam1_az127,20260204_100908,0.79734375,0.063828125,0.0,1.0,0.8096875,0.0005937741952948272,0.07604261487722397,0.004927540197968483,0.5054869651794434,0.09322946395847255,0.20410781448040055,0.0,4.2746903239354594e-10,0.9999986428022385,0.0,1.0,-0.004991292011429769,0.10865931877278086,-0.31723997473716736,0.002344932989217341,0.2780636167526247,-0.6536173820495605,0.7118625640869141,0.5953356549434647,0.3324104642823384,0.054658308029174804,0.5261670053005219,0.9999954104423523,0.002144178608432412,0.999998927116394,-0.0007232365360531131,0.014050376847563169,-0.052734065763652326,0.0,0.022695393562316937,-0.24506564438343048,0.11421610414981842,0.08952169239367923,0.2020577155859897,0.0,1.916830721926388e-10,0.9637758469581604,0.0,0.9999988675117493,0.08952169229008022,0.2020577152015438,0.0,1.916830721926388e-10,0.9637758469581604,0.0,0.9999988675117493
4,val,0,background,20260204_100908_beam1_az136,20260204_100908,0.74671875,0.061328125,0.0,1.0,0.756484375,0.0008431249298155308,0.08158304542303085,0.005844100844115019,0.5443400144577026,0.10550126900601507,0.20336496014938255,0.0,7.67087726671889e-09,0.9999923288822175,0.0,1.0,-0.01847108269396701,0.11823480843498543,-0.328223936855793,-0.004828229080885649,0.30082735270261785,-0.5104376673698425,0.6806561350822449,0.644565860300172,0.32607963572461474,0.058807916566729554,0.6883734464645386,0.9999948143959045,0.0025513821747153997,0.9999991059303284,-0.002336925655470076,0.021303483772792644,-0.106392385661602,0.0,0.04681682717055099,-0.1958896964788437,0.19972959160804749,0.10017251182106301,0.19928171157297167,0.0,9.941849565819894e-10,0.9597351408004761,0.0,0.9999991059303284,0.10017251180049955,0.19928171159269462,0.0,9.941849565819894e-10,0.9597351408004761,0.0,0.9999991059303284
