sample_id,source_file,beam_layer,azimuth_deg,distance_m,velocity_mps,mat_path,target_present,raw_score,pred_range_index,pred_velocity_index,true_range_index,true_velocity_index,localization_ok,roi_quality,polarimetric_confidence
20260204_100739_beam1_az001,20260204_100739,1,1.0,,,/home/tobeornot8259748/projects/balloon_radar_project/data/raw/detection_dataset/test/Background_IQ/IQ_Data/20260204_100739_beam1_az001.mat,0,0.38938248,42,68,-1,-1,False,0.8069582,0.32729948
20260204_100739_beam1_az010,20260204_100739,1,10.0,,,/home/tobeornot8259748/projects/balloon_radar_project/data/raw/detection_dataset/train/Background_IQ/IQ_Data/20260204_100739_beam1_az010.mat,0,0.5553603,35,60,-1,-1,False,0.77627033,0.40654975
20260204_100739_beam1_az019,20260204_100739,1,19.0,,,/home/tobeornot8259748/projects/balloon_radar_project/data/raw/detection_dataset/val/Background_IQ/IQ_Data/20260204_100739_beam1_az019.mat,0,0.45108822,58,65,-1,-1,False,0.78260374,0.07559236
20260204_100739_beam1_az028,20260204_100739,1,28.0,,,/home/tobeornot8259748/projects/balloon_radar_project/data/raw/detection_dataset/test/Background_IQ/IQ_Data/20260204_100739_beam1_az028.mat,0,0.6793163,36,60,-1,-1,False,0.78384113,0.38945538
20260204_100739_beam1_az037,20260204_100739,1,37.0,,,/home/tobeornot8259748/projects/balloon_radar_project/data/raw/detection_dataset/train/Background_IQ/IQ_Data/20260204_100739_beam1_az037.mat,0,0.65554273,62,60,-1,-1,False,0.68458897,0.1643148
20260204_100739_beam1_az046,20260204_100739,1,46.0,,,/home/tobeornot8259748/projects/balloon_radar_project/data/raw/detection_dataset/train/Background_IQ/IQ_Data/20260204_100739_beam1_az046.mat,0,0.76945823,32,60,-1,-1,False,0.80775243,0.3582653
20260204_100739_beam1_az055,20260204_100739,1,55.0,,,/home/tobeornot8259748/projects/balloon_radar_project/data/raw/detection_dataset/train/Background_IQ/IQ_Data/20260204_100739_beam1_az055.mat,0,0.50672853,39,67,-1,-1,False,0.7385756,0.4509857
20260204_100739_beam1_az064,20260204_100739,1,64.0,,,/home/tobeornot8259748/projects/balloon_radar_project/data/raw/detection_dataset/val/Background_IQ/IQ_Data/20260204_100739_beam1_az064.mat,0,0.5631316,31,60,-1,-1,False,0.84415156,0.28982857
20260204_100739_beam1_az073,20260204_100739,1,73.0,,,/home/tobeornot8259748/projects/balloon_radar_project/data/raw/detection_dataset/train/Background_IQ/IQ_Data/20260204_100739_beam1_az073.mat,0,0.71509147,35,60,-1,-1,False,0.7795508,0.41850403
20260204_100739_beam1_az082,20260204_100739,1,82.0,,,/home/tobeornot8259748/projects/balloon_radar_project/data/raw/detection_dataset/train/Background_IQ/IQ_Data/20260204_100739_beam1_az082.mat,0,0.39965507,52,59,-1,-1,False,0.70134026,0.08753711
20260204_100739_beam1_az091,20260204_100739,1,91.0,,,/home/tobeornot8259748/projects/balloon_radar_project/data/raw/detection_dataset/train/Background_IQ/IQ_Data/20260204_100739_beam1_az091.mat,0,0.58738726,64,68,-1,-1,False,0.8098304,0.14869642
20260204_100739_beam1_az100,20260204_100739,1,100.0,,,/home/tobeornot8259748/projects/balloon_radar_project/data/raw/detection_dataset/test/Background_IQ/IQ_Data/20260204_100739_beam1_az100.mat,0,0.4861223,60,68,-1,-1,False,0.67563444,0.21448562
20260204_100739_beam1_az109,20260204_100739,1,109.0,,,/home/tobeornot8259748/projects/balloon_radar_project/data/raw/detection_dataset/train/Background_IQ/IQ_Data/20260204_100739_beam1_az109.mat,0,0.8263783,40,59,-1,-1,False,0.81316036,0.36018255
20260204_100739_beam1_az118,20260204_100739,1,118.0,,,/home/tobeornot8259748/projects/balloon_radar_project/data/raw/detection_dataset/train/Background_IQ/IQ_Data/20260204_100739_beam1_az118.mat,0,0.7652598,43,64,-1,-1,False,0.8005388,0.35644042
20260204_100739_beam1_az127,20260204_100739,1,127.0,,,/home/tobeornot8259748/projects/balloon_radar_project/data/raw/detection_dataset/train/Background_IQ/IQ_Data/20260204_100739_beam1_az127.mat,0,0.58090895,24,62,-1,-1,False,0.7689849,0.2304194
20260204_100739_beam1_az136,20260204_100739,1,136.0,,,/home/tobeornot8259748/projects/balloon_radar_project/data/raw/detection_dataset/val/Background_IQ/IQ_Data/20260204_100739_beam1_az136.mat,0,0.48784932,30,69,-1,-1,False,0.8355292,0.18403295
20260204_100739_beam1_az145,20260204_100739,1,145.0,,,/home/tobeornot8259748/projects/balloon_radar_project/data/raw/detection_dataset/train/Background_IQ/IQ_Data/20260204_100739_beam1_az145.mat,0,0.40141615,56,69,-1,-1,False,0.72253364,0.16153528
20260204_100739_beam1_az154,20260204_100739,1,154.0,,,/home/tobeornot8259748/projects/balloon_radar_project/data/raw/detection_dataset/train/Background_IQ/IQ_Data/20260204_100739_beam1_az154.mat,0,0.62929446,70,61,-1,-1,False,0.745348,0.24100871
20260204_100739_beam1_az163,20260204_100739,1,163.0,,,/home/tobeornot8259748/projects/balloon_radar_project/data/raw/detection_dataset/train/Background_IQ/IQ_Data/20260204_100739_beam1_az163.mat,0,0.5244402,74,69,-1,-1,False,0.7137448,0.32137093
20260204_100739_beam1_az172,20260204_100739,1,172.0,,,/home/tobeornot8259748/projects/balloon_radar_project/data/raw/detection_dataset/test/Background_IQ/IQ_Data/20260204_100739_beam1_az172.mat,0,0.67207164,36,62,-1,-1,False,0.78010565,0.38465056
20260204_100739_beam1_az181,20260204_100739,1,181.0,,,/home/tobeornot8259748/projects/balloon_radar_project/data/raw/detection_dataset/train/Background_IQ/IQ_Data/20260204_100739_beam1_az181.mat,0,0.45127815,61,61,-1,-1,False,0.7422196,0.31385693
20260204_100739_beam1_az190,20260204_100739,1,190.0,,,/home/tobeornot8259748/projects/balloon_radar_project/data/raw/detection_dataset/val/Background_IQ/IQ_Data/20260204_100739_beam1_az190.mat,0,0.72457564,39,59,-1,-1,False,0.77149236,0.38514382
20260204_100739_beam1_az199,20260204_100739,1,199.0,,,/home/tobeornot8259748/projects/balloon_radar_project/data/raw/detection_dataset/train/Background_IQ/IQ_Data/20260204_100739_beam1_az199.mat,0,0.86143816,62,61,-1,-1,False,0.7694317,0.19468056
20260204_100739_beam1_az208,20260204_100739,1,208.0,,,/home/tobeornot8259748/projects/balloon_radar_project/data/raw/detection_dataset/train/Background_IQ/IQ_Data/20260204_100739_beam1_az208.mat,0,0.8185261,74,63,-1,-1,False,0.6764172,0.4653098
20260204_100739_beam1_az217,20260204_100739,1,217.0,,,/home/tobeornot8259748/projects/balloon_radar_project/data/raw/detection_dataset/train/Background_IQ/IQ_Data/20260204_100739_beam1_az217.mat,0,0.47126767,72,69,-1,-1,False,0.68340534,0.16543147
20260204_100739_beam1_az226,20260204_100739,1,226.0,,,/home/tobeornot8259748/projects/balloon_radar_project/data/raw/detection_dataset/train/Background_IQ/IQ_Data/20260204_100739_beam1_az226.mat,0,0.86796325,57,65,-1,-1,False,0.7293449,0.33241272
20260204_100739_beam1_az235,20260204_100739,1,235.0,,,/home/tobeornot8259748/projects/balloon_radar_project/data/raw/detection_dataset/train/Background_IQ/IQ_Data/20260204_100739_beam1_az235.mat,0,0.6472533,40,68,-1,-1,False,0.7888081,0.11547821
20260204_100739_beam1_az244,20260204_100739,1,244.0,,,/home/tobeornot8259748/projects/balloon_radar_project/data/raw/detection_dataset/train/Background_IQ/IQ_Data/20260204_100739_beam1_az244.mat,0,0.9168213,36,44,-1,-1,False,0.70721996,0.24499045
20260204_100739_beam1_az253,20260204_100739,1,253.0,,,/home/tobeornot8259748/projects/balloon_radar_project/data/raw/detection_dataset/train/Background_IQ/IQ_Data/20260204_100739_beam1_az253.mat,0,0.5499196,47,61,-1,-1,False,0.7066564,0.48158273
20260204_100739_beam1_az262,20260204_100739,1,262.0,,,/home/tobeornot8259748/projects/balloon_radar_project/data/raw/detection_dataset/train/Background_IQ/IQ_Data/20260204_100739_beam1_az262.mat,0,0.64395547,60,60,-1,-1,False,0.64131147,0.17539388
20260204_100739_beam2_az001,20260204_100739,2,1.0,,,/home/tobeornot8259748/projects/balloon_radar_project/data/raw/detection_dataset/train/Background_IQ/IQ_Data/20260204_100739_beam2_az001.mat,0,0.8281189,71,65,-1,-1,False,0.772722,0.080920614
20260204_100739_beam2_az010,20260204_100739,2,10.0,,,/home/tobeornot8259748/projects/balloon_radar_project/data/raw/detection_dataset/train/Background_IQ/IQ_Data/20260204_100739_beam2_az010.mat,0,0.48007062,57,68,-1,-1,False,0.7185068,0.20094404
20260204_100739_beam2_az019,20260204_100739,2,19.0,,,/home/tobeornot8259748/projects/balloon_radar_project/data/raw/detection_dataset/test/Background_IQ/IQ_Data/20260204_100739_beam2_az019.mat,0,0.57295597,39,68,-1,-1,False,0.8230649,0.4025478
20260204_100739_beam2_az028,20260204_100739,2,28.0,,,/home/tobeornot8259748/projects/balloon_radar_project/data/raw/detection_dataset/train/Background_IQ/IQ_Data/20260204_100739_beam2_az028.mat,0,0.6582483,51,60,-1,-1,False,0.7476392,0.19055381
20260204_100739_beam2_az037,20260204_100739,2,37.0,,,/home/tobeornot8259748/projects/balloon_radar_project/data/raw/detection_dataset/train/Background_IQ/IQ_Data/20260204_100739_beam2_az037.mat,0,0.8923205,72,64,-1,-1,False,0.6950429,0.23670162
20260204_100739_beam2_az046,20260204_100739,2,46.0,,,/home/tobeornot8259748/projects/balloon_radar_project/data/raw/detection_dataset/train/Background_IQ/IQ_Data/20260204_100739_beam2_az046.mat,0,0.45670095,34,69,-1,-1,False,0.750841,0.31666568
20260204_100739_beam2_az055,20260204_100739,2,55.0,,,/home/tobeornot8259748/projects/balloon_radar_project/data/raw/detection_dataset/train/Background_IQ/IQ_Data/20260204_100739_beam2_az055.mat,0,0.5179449,73,64,-1,-1,False,0.71434915,0.39521062
20260204_100739_beam2_az064,20260204_100739,2,64.0,,,/home/tobeornot8259748/projects/balloon_radar_project/data/raw/detection_dataset/train/Background_IQ/IQ_Data/20260204_100739_beam2_az064.mat,0,0.43758607,29,60,-1,-1,False,0.83201754,0.34011522
20260204_100739_beam2_az073,20260204_100739,2,73.0,,,/home/tobeornot8259748/projects/balloon_radar_project/data/raw/detection_dataset/train/Background_IQ/IQ_Data/20260204_100739_beam2_az073.mat,0,0.7055376,73,63,-1,-1,False,0.7696131,0.16065355
20260204_100739_beam2_az082,20260204_100739,2,82.0,,,/home/tobeornot8259748/projects/balloon_radar_project/data/raw/detection_dataset/train/Background_IQ/IQ_Data/20260204_100739_beam2_az082.mat,0,0.53900987,48,68,-1,-1,False,0.7071672,0.19832617
20260204_100739_beam2_az091,20260204_100739,2,91.0,,,/home/tobeornot8259748/projects/balloon_radar_project/data/raw/detection_dataset/train/Background_IQ/IQ_Data/20260204_100739_beam2_az091.mat,0,0.7435308,60,64,-1,-1,False,0.8419161,0.09455392
20260204_100739_beam2_az100,20260204_100739,2,100.0,,,/home/tobeornot8259748/projects/balloon_radar_project/data/raw/detection_dataset/train/Background_IQ/IQ_Data/20260204_100739_beam2_az100.mat,0,0.6541633,62,61,-1,-1,False,0.64453447,0.2768277
20260204_100739_beam2_az109,20260204_100739,2,109.0,,,/home/tobeornot8259748/projects/balloon_radar_project/data/raw/detection_dataset/train/Background_IQ/IQ_Data/20260204_100739_beam2_az109.mat,0,0.37436438,37,69,-1,-1,False,0.8072225,0.2567908
20260204_100739_beam2_az118,20260204_100739,2,118.0,,,/home/tobeornot8259748/projects/balloon_radar_project/data/raw/detection_dataset/train/Background_IQ/IQ_Data/20260204_100739_beam2_az118.mat,0,0.55491495,45,60,-1,-1,False,0.7403585,0.41517523
20260204_100739_beam2_az127,20260204_100739,2,127.0,,,/home/tobeornot8259748/projects/balloon_radar_project/data/raw/detection_dataset/train/Background_IQ/IQ_Data/20260204_100739_beam2_az127.mat,0,0.44529846,78,69,-1,-1,False,0.737224,0.022766113
20260204_100739_beam2_az136,20260204_100739,2,136.0,,,/home/tobeornot8259748/projects/balloon_radar_project/data/raw/detection_dataset/train/Background_IQ/IQ_Data/20260204_100739_beam2_az136.mat,0,0.60756505,40,59,-1,-1,False,0.7885363,0.123965956
20260204_100739_beam2_az145,20260204_100739,2,145.0,,,/home/tobeornot8259748/projects/balloon_radar_project/data/raw/detection_dataset/train/Background_IQ/IQ_Data/20260204_100739_beam2_az145.mat,0,0.28366035,40,59,-1,-1,False,0.7642003,0.17868878
20260204_100739_beam2_az154,20260204_100739,2,154.0,,,/home/tobeornot8259748/projects/balloon_radar_project/data/raw/detection_dataset/train/Background_IQ/IQ_Data/20260204_100739_beam2_az154.mat,0,0.72829306,48,60,-1,-1,False,0.73300433,0.2614344
20260204_100739_beam2_az163,20260204_100739,2,163.0,,,/home/tobeornot8259748/projects/balloon_radar_project/data/raw/detection_dataset/test/Background_IQ/IQ_Data/20260204_100739_beam2_az163.mat,0,0.97239697,44,64,-1,-1,False,0.73416686,0.2723282
20260204_100739_beam2_az172,20260204_100739,2,172.0,,,/home/tobeornot8259748/projects/balloon_radar_project/data/raw/detection_dataset/train/Background_IQ/IQ_Data/20260204_100739_beam2_az172.mat,0,0.5941425,55,60,-1,-1,False,0.74552953,0.17195682
20260204_100739_beam2_az181,20260204_100739,2,181.0,,,/home/tobeornot8259748/projects/balloon_radar_project/data/raw/detection_dataset/train/Background_IQ/IQ_Data/20260204_100739_beam2_az181.mat,0,0.41803917,45,59,-1,-1,False,0.7083429,0.21419013
20260204_100739_beam2_az190,20260204_100739,2,190.0,,,/home/tobeornot8259748/projects/balloon_radar_project/data/raw/detection_dataset/val/Background_IQ/IQ_Data/20260204_100739_beam2_az190.mat,0,0.93919563,47,64,-1,-1,False,0.75670576,0.3022413
20260204_100739_beam2_az199,20260204_100739,2,199.0,,,/home/tobeornot8259748/projects/balloon_radar_project/data/raw/detection_dataset/train/Background_IQ/IQ_Data/20260204_100739_beam2_az199.mat,0,0.8613024,42,61,-1,-1,False,0.79462963,0.43887037
20260204_100739_beam2_az208,20260204_100739,2,208.0,,,/home/tobeornot8259748/projects/balloon_radar_project/data/raw/detection_dataset/train/Background_IQ/IQ_Data/20260204_100739_beam2_az208.mat,0,0.87923765,51,62,-1,-1,False,0.6269523,0.33160642
20260204_100739_beam2_az217,20260204_100739,2,217.0,,,/home/tobeornot8259748/projects/balloon_radar_project/data/raw/detection_dataset/train/Background_IQ/IQ_Data/20260204_100739_beam2_az217.mat,0,0.46667,71,66,-1,-1,False,0.7515281,0.27690616
20260204_100739_beam2_az226,20260204_100739,2,226.0,,,/home/tobeornot8259748/projects/balloon_radar_project/data/raw/detection_dataset/val/Background_IQ/IQ_Data/20260204_100739_beam2_az226.mat,0,0.6781207,60,62,-1,-1,False,0.6978457,0.40192237
20260204_100739_beam2_az235,20260204_100739,2,235.0,,,/home/tobeornot8259748/projects/balloon_radar_project/data/raw/detection_dataset/train/Background_IQ/IQ_Data/20260204_100739_beam2_az235.mat,0,0.51227355,40,68,-1,-1,False,0.8067214,0.09381021
20260204_100739_beam2_az244,20260204_100739,2,244.0,,,/home/tobeornot8259748/projects/balloon_radar_project/data/raw/detection_dataset/test/Background_IQ/IQ_Data/20260204_100739_beam2_az244.mat,0,0.81904924,38,44,-1,-1,False,0.7078429,0.2648868
20260204_100739_beam2_az253,20260204_100739,2,253.0,,,/home/tobeornot8259748/projects/balloon_radar_project/data/raw/detection_dataset/val/Background_IQ/IQ_Data/20260204_100739_beam2_az253.mat,0,0.9626578,63,65,-1,-1,False,0.69258463,0.3753266
20260204_100739_beam2_az262,20260204_100739,2,262.0,,,/home/tobeornot8259748/projects/balloon_radar_project/data/raw/detection_dataset/test/Background_IQ/IQ_Data/20260204_100739_beam2_az262.mat,0,0.23798026,60,60,-1,-1,False,0.6443218,0.19908366
20260204_100739_beam3_az001,20260204_100739,3,1.0,,,/home/tobeornot8259748/projects/balloon_radar_project/data/raw/detection_dataset/val/Background_IQ/IQ_Data/20260204_100739_beam3_az001.mat,0,0.6464729,64,61,-1,-1,False,0.8078292,0.07210513
20260204_100739_beam3_az010,20260204_100739,3,10.0,,,/home/tobeornot8259748/projects/balloon_radar_project/data/raw/detection_dataset/train/Background_IQ/IQ_Data/20260204_100739_beam3_az010.mat,0,0.7831594,49,65,-1,-1,False,0.72059315,0.2586675
20260204_100739_beam3_az019,20260204_100739,3,19.0,,,/home/tobeornot8259748/projects/balloon_radar_project/data/raw/detection_dataset/val/Background_IQ/IQ_Data/20260204_100739_beam3_az019.mat,0,0.5248067,58,61,-1,-1,False,0.801775,0.05776215
20260204_100739_beam3_az028,20260204_100739,3,28.0,,,/home/tobeornot8259748/projects/balloon_radar_project/data/raw/detection_dataset/train/Background_IQ/IQ_Data/20260204_100739_beam3_az028.mat,0,0.70641804,51,62,-1,-1,False,0.73682564,0.27859908
20260204_100739_beam3_az037,20260204_100739,3,37.0,,,/home/tobeornot8259748/projects/balloon_radar_project/data/raw/detection_dataset/train/Background_IQ/IQ_Data/20260204_100739_beam3_az037.mat,0,0.9196444,72,64,-1,-1,False,0.72243893,0.15196759
20260204_100739_beam3_az046,20260204_100739,3,46.0,,,/home/tobeornot8259748/projects/balloon_radar_project/data/raw/detection_dataset/test/Background_IQ/IQ_Data/20260204_100739_beam3_az046.mat,0,0.8088612,72,61,-1,-1,False,0.74150115,0.14586177
20260204_100739_beam3_az055,20260204_100739,3,55.0,,,/home/tobeornot8259748/projects/balloon_radar_project/data/raw/detection_dataset/train/Background_IQ/IQ_Data/20260204_100739_beam3_az055.mat,0,0.9513647,69,64,-1,-1,False,0.77720565,0.2259488
20260204_100739_beam3_az064,20260204_100739,3,64.0,,,/home/tobeornot8259748/projects/balloon_radar_project/data/raw/detection_dataset/test/Background_IQ/IQ_Data/20260204_100739_beam3_az064.mat,0,0.5594352,39,61,-1,-1,False,0.78105104,0.27530804
20260204_100739_beam3_az073,20260204_100739,3,73.0,,,/home/tobeornot8259748/projects/balloon_radar_project/data/raw/detection_dataset/train/Background_IQ/IQ_Data/20260204_100739_beam3_az073.mat,0,0.6498896,64,63,-1,-1,False,0.77187365,0.07761462
20260204_100739_beam3_az082,20260204_100739,3,82.0,,,/home/tobeornot8259748/projects/balloon_radar_project/data/raw/detection_dataset/val/Background_IQ/IQ_Data/20260204_100739_beam3_az082.mat,0,0.45573056,69,68,-1,-1,False,0.69532746,0.25489372
20260204_100739_beam3_az091,20260204_100739,3,91.0,,,/home/tobeornot8259748/projects/balloon_radar_project/data/raw/detection_dataset/val/Background_IQ/IQ_Data/20260204_100739_beam3_az091.mat,0,0.4678052,75,61,-1,-1,False,0.81001705,0.070026666
20260204_100739_beam3_az100,20260204_100739,3,100.0,,,/home/tobeornot8259748/projects/balloon_radar_project/data/raw/detection_dataset/train/Background_IQ/IQ_Data/20260204_100739_beam3_az100.mat,0,0.591246,62,61,-1,-1,False,0.643822,0.28624466
20260204_100739_beam3_az109,20260204_100739,3,109.0,,,/home/tobeornot8259748/projects/balloon_radar_project/data/raw/detection_dataset/val/Background_IQ/IQ_Data/20260204_100739_beam3_az109.mat,0,0.7138067,49,68,-1,-1,False,0.80407786,0.20638096
20260204_100739_beam3_az118,20260204_100739,3,118.0,,,/home/tobeornot8259748/projects/balloon_radar_project/data/raw/detection_dataset/test/Background_IQ/IQ_Data/20260204_100739_beam3_az118.mat,0,0.48706734,41,60,-1,-1,False,0.72134197,0.43562737
20260204_100739_beam3_az127,20260204_100739,3,127.0,,,/home/tobeornot8259748/projects/balloon_radar_project/data/raw/detection_dataset/train/Background_IQ/IQ_Data/20260204_100739_beam3_az127.mat,0,0.4645639,39,59,-1,-1,False,0.77957624,0.25424176
20260204_100739_beam3_az136,20260204_100739,3,136.0,,,/home/tobeornot8259748/projects/balloon_radar_project/data/raw/detection_dataset/train/Background_IQ/IQ_Data/20260204_100739_beam3_az136.mat,0,0.6296432,58,60,-1,-1,False,0.7645182,0.14866571
20260204_100739_beam3_az145,20260204_100739,3,145.0,,,/home/tobeornot8259748/projects/balloon_radar_project/data/raw/detection_dataset/train/Background_IQ/IQ_Data/20260204_100739_beam3_az145.mat,0,0.3870042,75,60,-1,-1,False,0.78800094,0.10253088
20260204_100739_beam3_az154,20260204_100739,3,154.0,,,/home/tobeornot8259748/projects/balloon_radar_project/data/raw/detection_dataset/val/Background_IQ/IQ_Data/20260204_100739_beam3_az154.mat,0,0.8499734,50,64,-1,-1,False,0.7347799,0.41547227
20260204_100739_beam3_az163,20260204_100739,3,163.0,,,/home/tobeornot8259748/projects/balloon_radar_project/data/raw/detection_dataset/train/Background_IQ/IQ_Data/20260204_100739_beam3_az163.mat,0,0.63912934,44,62,-1,-1,False,0.7356028,0.24856865
20260204_100739_beam3_az172,20260204_100739,3,172.0,,,/home/tobeornot8259748/projects/balloon_radar_project/data/raw/detection_dataset/train/Background_IQ/IQ_Data/20260204_100739_beam3_az172.mat,0,0.84707105,54,65,-1,-1,False,0.71713364,0.3041161
20260204_100739_beam3_az181,20260204_100739,3,181.0,,,/home/tobeornot8259748/projects/balloon_radar_project/data/raw/detection_dataset/val/Background_IQ/IQ_Data/20260204_100739_beam3_az181.mat,0,0.31244653,45,59,-1,-1,False,0.7274796,0.21041799
20260204_100739_beam3_az190,20260204_100739,3,190.0,,,/home/tobeornot8259748/projects/balloon_radar_project/data/raw/detection_dataset/train/Background_IQ/IQ_Data/20260204_100739_beam3_az190.mat,0,0.7504089,67,64,-1,-1,False,0.703879,0.27329823
20260204_100739_beam3_az199,20260204_100739,3,199.0,,,/home/tobeornot8259748/projects/balloon_radar_project/data/raw/detection_dataset/train/Background_IQ/IQ_Data/20260204_100739_beam3_az199.mat,0,0.8497346,66,61,-1,-1,False,0.77502024,0.12727436
20260204_100739_beam3_az208,20260204_100739,3,208.0,,,/home/tobeornot8259748/projects/balloon_radar_project/data/raw/detection_dataset/train/Background_IQ/IQ_Data/20260204_100739_beam3_az208.mat,0,0.8406764,51,62,-1,-1,False,0.62662095,0.34681666
20260204_100739_beam3_az217,20260204_100739,3,217.0,,,/home/tobeornot8259748/projects/balloon_radar_project/data/raw/detection_dataset/train/Background_IQ/IQ_Data/20260204_100739_beam3_az217.mat,0,0.9592962,69,64,-1,-1,False,0.77962124,0.20247728
20260204_100739_beam3_az226,20260204_100739,3,226.0,,,/home/tobeornot8259748/projects/balloon_radar_project/data/raw/detection_dataset/train/Background_IQ/IQ_Data/20260204_100739_beam3_az226.mat,0,0.7066609,60,62,-1,-1,False,0.6832036,0.4080311
20260204_100739_beam3_az235,20260204_100739,3,235.0,,,/home/tobeornot8259748/projects/balloon_radar_project/data/raw/detection_dataset/train/Background_IQ/IQ_Data/20260204_100739_beam3_az235.mat,0,0.52181196,78,61,-1,-1,False,0.78436315,0.041713208
20260204_100739_beam3_az244,20260204_100739,3,244.0,,,/home/tobeornot8259748/projects/balloon_radar_project/data/raw/detection_dataset/val/Background_IQ/IQ_Data/20260204_100739_beam3_az244.mat,0,0.8096892,61,63,-1,-1,False,0.67792165,0.24819268
20260204_100739_beam3_az253,20260204_100739,3,253.0,,,/home/tobeornot8259748/projects/balloon_radar_project/data/raw/detection_dataset/train/Background_IQ/IQ_Data/20260204_100739_beam3_az253.mat,0,0.7858655,63,66,-1,-1,False,0.69200164,0.3611812
20260204_100739_beam3_az262,20260204_100739,3,262.0,,,/home/tobeornot8259748/projects/balloon_radar_project/data/raw/detection_dataset/train/Background_IQ/IQ_Data/20260204_100739_beam3_az262.mat,0,0.26663506,60,68,-1,-1,False,0.6355712,0.20240854
20260204_100739_beam4_az001,20260204_100739,4,1.0,,,/home/tobeornot8259748/projects/balloon_radar_project/data/raw/detection_dataset/train/Background_IQ/IQ_Data/20260204_100739_beam4_az001.mat,0,0.687517,41,69,-1,-1,False,0.8216078,0.15447941
20260204_100739_beam4_az010,20260204_100739,4,10.0,,,/home/tobeornot8259748/projects/balloon_radar_project/data/raw/detection_dataset/train/Background_IQ/IQ_Data/20260204_100739_beam4_az010.mat,0,0.6776186,36,68,-1,-1,False,0.76049197,0.47753906
20260204_100739_beam4_az019,20260204_100739,4,19.0,,,/home/tobeornot8259748/projects/balloon_radar_project/data/raw/detection_dataset/train/Background_IQ/IQ_Data/20260204_100739_beam4_az019.mat,0,0.50414747,53,61,-1,-1,False,0.8341304,0.04490346
20260204_100739_beam4_az028,20260204_100739,4,28.0,,,/home/tobeornot8259748/projects/balloon_radar_project/data/raw/detection_dataset/test/Background_IQ/IQ_Data/20260204_100739_beam4_az028.mat,0,0.49523538,57,68,-1,-1,False,0.7202582,0.16919005
20260204_100739_beam4_az037,20260204_100739,4,37.0,,,/home/tobeornot8259748/projects/balloon_radar_project/data/raw/detection_dataset/train/Background_IQ/IQ_Data/20260204_100739_beam4_az037.mat,0,0.68494695,72,61,-1,-1,False,0.774168,0.09699141
20260204_100739_beam4_az046,20260204_100739,4,46.0,,,/home/tobeornot8259748/projects/balloon_radar_project/data/raw/detection_dataset/val/Background_IQ/IQ_Data/20260204_100739_beam4_az046.mat,0,0.5705185,34,70,-1,-1,False,0.7019474,0.27413702
20260204_100739_beam4_az055,20260204_100739,4,55.0,,,/home/tobeornot8259748/projects/balloon_radar_project/data/raw/detection_dataset/val/Background_IQ/IQ_Data/20260204_100739_beam4_az055.mat,0,0.5440896,73,62,-1,-1,False,0.8276135,0.13745213
20260204_100739_beam4_az064,20260204_100739,4,64.0,,,/home/tobeornot8259748/projects/balloon_radar_project/data/raw/detection_dataset/train/Background_IQ/IQ_Data/20260204_100739_beam4_az064.mat,0,0.608777,39,59,-1,-1,False,0.73154104,0.31820136
20260204_100739_beam4_az073,20260204_100739,4,73.0,,,/home/tobeornot8259748/projects/balloon_radar_project/data/raw/detection_dataset/train/Background_IQ/IQ_Data/20260204_100739_beam4_az073.mat,0,0.9165313,52,63,-1,-1,False,0.8111217,0.08293695
20260204_100739_beam4_az082,20260204_100739,4,82.0,,,/home/tobeornot8259748/projects/balloon_radar_project/data/raw/detection_dataset/val/Background_IQ/IQ_Data/20260204_100739_beam4_az082.mat,0,0.57674783,68,68,-1,-1,False,0.6842144,0.2584664
20260204_100739_beam4_az091,20260204_100739,4,91.0,,,/home/tobeornot8259748/projects/balloon_radar_project/data/raw/detection_dataset/val/Background_IQ/IQ_Data/20260204_100739_beam4_az091.mat,0,0.5248353,57,68,-1,-1,False,0.83734685,0.08952059
20260204_100739_beam4_az100,20260204_100739,4,100.0,,,/home/tobeornot8259748/projects/balloon_radar_project/data/raw/detection_dataset/train/Background_IQ/IQ_Data/20260204_100739_beam4_az100.mat,0,0.49537447,61,60,-1,-1,False,0.6523182,0.23796023
20260204_100739_beam4_az109,20260204_100739,4,109.0,,,/home/tobeornot8259748/projects/balloon_radar_project/data/raw/detection_dataset/train/Background_IQ/IQ_Data/20260204_100739_beam4_az109.mat,0,0.7577327,68,61,-1,-1,False,0.8043081,0.060113464
20260204_100739_beam4_az118,20260204_100739,4,118.0,,,/home/tobeornot8259748/projects/balloon_radar_project/data/raw/detection_dataset/train/Background_IQ/IQ_Data/20260204_100739_beam4_az118.mat,0,0.77057004,43,66,-1,-1,False,0.75517255,0.60656494
20260204_100739_beam4_az127,20260204_100739,4,127.0,,,/home/tobeornot8259748/projects/balloon_radar_project/data/raw/detection_dataset/train/Background_IQ/IQ_Data/20260204_100739_beam4_az127.mat,0,0.6770771,42,59,-1,-1,False,0.8192243,0.3565784
20260204_100739_beam4_az136,20260204_100739,4,136.0,,,/home/tobeornot8259748/projects/balloon_radar_project/data/raw/detection_dataset/train/Background_IQ/IQ_Data/20260204_100739_beam4_az136.mat,0,0.8057882,56,64,-1,-1,False,0.76686966,0.29274648
20260204_100739_beam4_az145,20260204_100739,4,145.0,,,/home/tobeornot8259748/projects/balloon_radar_project/data/raw/detection_dataset/train/Background_IQ/IQ_Data/20260204_100739_beam4_az145.mat,0,0.5105042,76,68,-1,-1,False,0.8191054,0.07188351
20260204_100739_beam4_az154,20260204_100739,4,154.0,,,/home/tobeornot8259748/projects/balloon_radar_project/data/raw/detection_dataset/train/Background_IQ/IQ_Data/20260204_100739_beam4_az154.mat,0,0.60921144,39,67,-1,-1,False,0.72020304,0.3379218
20260204_100739_beam4_az163,20260204_100739,4,163.0,,,/home/tobeornot8259748/projects/balloon_radar_project/data/raw/detection_dataset/test/Background_IQ/IQ_Data/20260204_100739_beam4_az163.mat,0,0.61003673,70,69,-1,-1,False,0.74238753,0.33208424
20260204_100739_beam4_az172,20260204_100739,4,172.0,,,/home/tobeornot8259748/projects/balloon_radar_project/data/raw/detection_dataset/train/Background_IQ/IQ_Data/20260204_100739_beam4_az172.mat,0,0.5442557,46,61,-1,-1,False,0.7194346,0.48376158
20260204_100739_beam4_az181,20260204_100739,4,181.0,,,/home/tobeornot8259748/projects/balloon_radar_project/data/raw/detection_dataset/train/Background_IQ/IQ_Data/20260204_100739_beam4_az181.mat,0,0.39422366,35,63,-1,-1,False,0.7709488,0.23500957
20260204_100739_beam4_az190,20260204_100739,4,190.0,,,/home/tobeornot8259748/projects/balloon_radar_project/data/raw/detection_dataset/val/Background_IQ/IQ_Data/20260204_100739_beam4_az190.mat,0,0.83291066,39,60,-1,-1,False,0.7064412,0.31112576
20260204_100739_beam4_az199,20260204_100739,4,199.0,,,/home/tobeornot8259748/projects/balloon_radar_project/data/raw/detection_dataset/test/Background_IQ/IQ_Data/20260204_100739_beam4_az199.mat,0,0.6563307,54,61,-1,-1,False,0.79125863,0.110597216
20260204_100739_beam4_az208,20260204_100739,4,208.0,,,/home/tobeornot8259748/projects/balloon_radar_project/data/raw/detection_dataset/train/Background_IQ/IQ_Data/20260204_100739_beam4_az208.mat,0,0.88860255,49,61,-1,-1,False,0.63107234,0.30109838
20260204_100739_beam4_az217,20260204_100739,4,217.0,,,/home/tobeornot8259748/projects/balloon_radar_project/data/raw/detection_dataset/test/Background_IQ/IQ_Data/20260204_100739_beam4_az217.mat,0,0.9716996,68,64,-1,-1,False,0.7781265,0.19140136
20260204_100739_beam4_az226,20260204_100739,4,226.0,,,/home/tobeornot8259748/projects/balloon_radar_project/data/raw/detection_dataset/train/Background_IQ/IQ_Data/20260204_100739_beam4_az226.mat,0,0.63947165,57,62,-1,-1,False,0.6782277,0.36749834
20260204_100739_beam4_az235,20260204_100739,4,235.0,,,/home/tobeornot8259748/projects/balloon_radar_project/data/raw/detection_dataset/train/Background_IQ/IQ_Data/20260204_100739_beam4_az235.mat,0,0.44770178,59,61,-1,-1,False,0.829838,0.05056192
20260204_100739_beam4_az244,20260204_100739,4,244.0,,,/home/tobeornot8259748/projects/balloon_radar_project/data/raw/detection_dataset/test/Background_IQ/IQ_Data/20260204_100739_beam4_az244.mat,0,0.7755606,61,63,-1,-1,False,0.6830923,0.28010315
20260204_100739_beam4_az253,20260204_100739,4,253.0,,,/home/tobeornot8259748/projects/balloon_radar_project/data/raw/detection_dataset/train/Background_IQ/IQ_Data/20260204_100739_beam4_az253.mat,0,0.71206194,63,65,-1,-1,False,0.7105539,0.38780499
20260204_100739_beam4_az262,20260204_100739,4,262.0,,,/home/tobeornot8259748/projects/balloon_radar_project/data/raw/detection_dataset/train/Background_IQ/IQ_Data/20260204_100739_beam4_az262.mat,0,0.5855763,65,62,-1,-1,False,0.6407208,0.24388479
20260204_100739_beam5_az001,20260204_100739,5,1.0,,,/home/tobeornot8259748/projects/balloon_radar_project/data/raw/detection_dataset/train/Background_IQ/IQ_Data/20260204_100739_beam5_az001.mat,0,0.7049576,42,60,-1,-1,False,0.872302,0.28235048
20260204_100739_beam5_az010,20260204_100739,5,10.0,,,/home/tobeornot8259748/projects/balloon_radar_project/data/raw/detection_dataset/train/Background_IQ/IQ_Data/20260204_100739_beam5_az010.mat,0,0.7294013,38,60,-1,-1,False,0.7820735,0.47596776
20260204_100739_beam5_az019,20260204_100739,5,19.0,,,/home/tobeornot8259748/projects/balloon_radar_project/data/raw/detection_dataset/train/Background_IQ/IQ_Data/20260204_100739_beam5_az019.mat,0,0.56139535,63,63,-1,-1,False,0.8649013,0.03470118
20260204_100739_beam5_az028,20260204_100739,5,28.0,,,/home/tobeornot8259748/projects/balloon_radar_project/data/raw/detection_dataset/val/Background_IQ/IQ_Data/20260204_100739_beam5_az028.mat,0,0.53136414,77,68,-1,-1,False,0.70920527,0.14164598
20260204_100739_beam5_az037,20260204_100739,5,37.0,,,/home/tobeornot8259748/projects/balloon_radar_project/data/raw/detection_dataset/train/Background_IQ/IQ_Data/20260204_100739_beam5_az037.mat,0,0.8255358,78,63,-1,-1,False,0.7869793,0.06011662
20260204_100739_beam5_az046,20260204_100739,5,46.0,,,/home/tobeornot8259748/projects/balloon_radar_project/data/raw/detection_dataset/train/Background_IQ/IQ_Data/20260204_100739_beam5_az046.mat,0,0.74111897,62,61,-1,-1,False,0.71520513,0.19570187
20260204_100739_beam5_az055,20260204_100739,5,55.0,,,/home/tobeornot8259748/projects/balloon_radar_project/data/raw/detection_dataset/train/Background_IQ/IQ_Data/20260204_100739_beam5_az055.mat,0,0.49282297,55,59,-1,-1,False,0.82705855,0.107627906
20260204_100739_beam5_az064,20260204_100739,5,64.0,,,/home/tobeornot8259748/projects/balloon_radar_project/data/raw/detection_dataset/train/Background_IQ/IQ_Data/20260204_100739_beam5_az064.mat,0,0.75652105,35,66,-1,-1,False,0.7494712,0.5410484
20260204_100739_beam5_az073,20260204_100739,5,73.0,,,/home/tobeornot8259748/projects/balloon_radar_project/data/raw/detection_dataset/val/Background_IQ/IQ_Data/20260204_100739_beam5_az073.mat,0,0.4627867,32,59,-1,-1,False,0.84863913,0.22043036
20260204_100739_beam5_az082,20260204_100739,5,82.0,,,/home/tobeornot8259748/projects/balloon_radar_project/data/raw/detection_dataset/train/Background_IQ/IQ_Data/20260204_100739_beam5_az082.mat,0,0.50609714,72,60,-1,-1,False,0.6983317,0.20360343
20260204_100739_beam5_az091,20260204_100739,5,91.0,,,/home/tobeornot8259748/projects/balloon_radar_project/data/raw/detection_dataset/train/Background_IQ/IQ_Data/20260204_100739_beam5_az091.mat,0,0.5327928,73,61,-1,-1,False,0.84064776,0.06584767
20260204_100739_beam5_az100,20260204_100739,5,100.0,,,/home/tobeornot8259748/projects/balloon_radar_project/data/raw/detection_dataset/val/Background_IQ/IQ_Data/20260204_100739_beam5_az100.mat,0,0.5804597,61,60,-1,-1,False,0.65775436,0.20409228
20260204_100739_beam5_az109,20260204_100739,5,109.0,,,/home/tobeornot8259748/projects/balloon_radar_project/data/raw/detection_dataset/train/Background_IQ/IQ_Data/20260204_100739_beam5_az109.mat,0,0.4771742,74,68,-1,-1,False,0.8263348,0.030523384
20260204_100739_beam5_az118,20260204_100739,5,118.0,,,/home/tobeornot8259748/projects/balloon_radar_project/data/raw/detection_dataset/train/Background_IQ/IQ_Data/20260204_100739_beam5_az118.mat,0,0.5008465,34,61,-1,-1,False,0.7184805,0.2887371
20260204_100739_beam5_az127,20260204_100739,5,127.0,,,/home/tobeornot8259748/projects/balloon_radar_project/data/raw/detection_dataset/train/Background_IQ/IQ_Data/20260204_100739_beam5_az127.mat,0,0.5701688,41,59,-1,-1,False,0.84068274,0.3456435
20260204_100739_beam5_az136,20260204_100739,5,136.0,,,/home/tobeornot8259748/projects/balloon_radar_project/data/raw/detection_dataset/val/Background_IQ/IQ_Data/20260204_100739_beam5_az136.mat,0,0.69023573,57,60,-1,-1,False,0.76446456,0.20755456
20260204_100739_beam5_az145,20260204_100739,5,145.0,,,/home/tobeornot8259748/projects/balloon_radar_project/data/raw/detection_dataset/train/Background_IQ/IQ_Data/20260204_100739_beam5_az145.mat,0,0.5000279,44,62,-1,-1,False,0.8652426,0.08797457
20260204_100739_beam5_az154,20260204_100739,5,154.0,,,/home/tobeornot8259748/projects/balloon_radar_project/data/raw/detection_dataset/train/Background_IQ/IQ_Data/20260204_100739_beam5_az154.mat,0,0.7158367,50,64,-1,-1,False,0.7435742,0.37327448
20260204_100739_beam5_az163,20260204_100739,5,163.0,,,/home/tobeornot8259748/projects/balloon_radar_project/data/raw/detection_dataset/train/Background_IQ/IQ_Data/20260204_100739_beam5_az163.mat,0,0.38099197,98,61,-1,-1,False,0.3170021,0.0
20260204_100739_beam5_az172,20260204_100739,5,172.0,,,/home/tobeornot8259748/projects/balloon_radar_project/data/raw/detection_dataset/train/Background_IQ/IQ_Data/20260204_100739_beam5_az172.mat,0,0.45117274,74,61,-1,-1,False,0.6993288,0.45583066
20260204_100739_beam5_az181,20260204_100739,5,181.0,,,/home/tobeornot8259748/projects/balloon_radar_project/data/raw/detection_dataset/train/Background_IQ/IQ_Data/20260204_100739_beam5_az181.mat,0,0.69645315,43,68,-1,-1,False,0.79678214,0.27180198
20260204_100739_beam5_az190,20260204_100739,5,190.0,,,/home/tobeornot8259748/projects/balloon_radar_project/data/raw/detection_dataset/test/Background_IQ/IQ_Data/20260204_100739_beam5_az190.mat,0,0.77036,39,63,-1,-1,False,0.75612676,0.38872084
20260204_100739_beam5_az199,20260204_100739,5,199.0,,,/home/tobeornot8259748/projects/balloon_radar_project/data/raw/detection_dataset/test/Background_IQ/IQ_Data/20260204_100739_beam5_az199.mat,0,0.76614374,62,65,-1,-1,False,0.8101768,0.20902215
20260204_100739_beam5_az208,20260204_100739,5,208.0,,,/home/tobeornot8259748/projects/balloon_radar_project/data/raw/detection_dataset/val/Background_IQ/IQ_Data/20260204_100739_beam5_az208.mat,0,0.7219938,51,61,-1,-1,False,0.6450633,0.28809065
20260204_100739_beam5_az217,20260204_100739,5,217.0,,,/home/tobeornot8259748/projects/balloon_radar_project/data/raw/detection_dataset/train/Background_IQ/IQ_Data/20260204_100739_beam5_az217.mat,0,0.954724,68,64,-1,-1,False,0.7911191,0.21314819
20260204_100739_beam5_az226,20260204_100739,5,226.0,,,/home/tobeornot8259748/projects/balloon_radar_project/data/raw/detection_dataset/train/Background_IQ/IQ_Data/20260204_100739_beam5_az226.mat,0,0.44480592,40,80,-1,-1,False,0.67896795,0.108304225
20260204_100739_beam5_az235,20260204_100739,5,235.0,,,/home/tobeornot8259748/projects/balloon_radar_project/data/raw/detection_dataset/test/Background_IQ/IQ_Data/20260204_100739_beam5_az235.mat,0,0.31570458,57,66,-1,-1,False,0.84447736,0.044757944
20260204_100739_beam5_az244,20260204_100739,5,244.0,,,/home/tobeornot8259748/projects/balloon_radar_project/data/raw/detection_dataset/train/Background_IQ/IQ_Data/20260204_100739_beam5_az244.mat,0,0.91757053,59,65,-1,-1,False,0.6748317,0.25653738
20260204_100739_beam5_az253,20260204_100739,5,253.0,,,/home/tobeornot8259748/projects/balloon_radar_project/data/raw/detection_dataset/train/Background_IQ/IQ_Data/20260204_100739_beam5_az253.mat,0,0.66767025,42,62,-1,-1,False,0.7510928,0.51875675
20260204_100739_beam5_az262,20260204_100739,5,262.0,,,/home/tobeornot8259748/projects/balloon_radar_project/data/raw/detection_dataset/train/Background_IQ/IQ_Data/20260204_100739_beam5_az262.mat,0,0.68902016,62,61,-1,-1,False,0.6711666,0.22055796
20260204_100802_beam1_az001,20260204_100802,1,1.0,,,/home/tobeornot8259748/projects/balloon_radar_project/data/raw/detection_dataset/train/Background_IQ/IQ_Data/20260204_100802_beam1_az001.mat,0,0.043709513,0,1,-1,-1,False,0.23734592,0.0
20260204_100802_beam1_az010,20260204_100802,1,10.0,,,/home/tobeornot8259748/projects/balloon_radar_project/data/raw/detection_dataset/train/Background_IQ/IQ_Data/20260204_100802_beam1_az010.mat,0,0.07459201,31,0,-1,-1,False,0.6668748,0.2580589
20260204_100802_beam1_az019,20260204_100802,1,19.0,,,/home/tobeornot8259748/projects/balloon_radar_project/data/raw/detection_dataset/train/Background_IQ/IQ_Data/20260204_100802_beam1_az019.mat,0,0.07290644,0,1,-1,-1,False,0.25460786,0.0
20260204_100802_beam1_az028,20260204_100802,1,28.0,,,/home/tobeornot8259748/projects/balloon_radar_project/data/raw/detection_dataset/train/Background_IQ/IQ_Data/20260204_100802_beam1_az028.mat,0,0.051951744,0,1,-1,-1,False,0.27662554,0.0
20260204_100802_beam1_az037,20260204_100802,1,37.0,,,/home/tobeornot8259748/projects/balloon_radar_project/data/raw/detection_dataset/train/Background_IQ/IQ_Data/20260204_100802_beam1_az037.mat,0,0.15388374,50,61,-1,-1,False,0.7094375,0.36383584
20260204_100802_beam1_az046,20260204_100802,1,46.0,,,/home/tobeornot8259748/projects/balloon_radar_project/data/raw/detection_dataset/train/Background_IQ/IQ_Data/20260204_100802_beam1_az046.mat,0,0.13443497,0,1,-1,-1,False,0.31676477,0.0
20260204_100802_beam1_az055,20260204_100802,1,55.0,,,/home/tobeornot8259748/projects/balloon_radar_project/data/raw/detection_dataset/test/Background_IQ/IQ_Data/20260204_100802_beam1_az055.mat,0,0.04487886,0,1,-1,-1,False,0.32404387,0.0
20260204_100802_beam1_az064,20260204_100802,1,64.0,,,/home/tobeornot8259748/projects/balloon_radar_project/data/raw/detection_dataset/train/Background_IQ/IQ_Data/20260204_100802_beam1_az064.mat,0,0.04197354,20,0,-1,-1,False,0.5415204,0.15376724
20260204_100802_beam1_az073,20260204_100802,1,73.0,,,/home/tobeornot8259748/projects/balloon_radar_project/data/raw/detection_dataset/val/Background_IQ/IQ_Data/20260204_100802_beam1_az073.mat,0,0.049514215,0,5,-1,-1,False,0.30406058,0.0
20260204_100802_beam1_az082,20260204_100802,1,82.0,,,/home/tobeornot8259748/projects/balloon_radar_project/data/raw/detection_dataset/train/Background_IQ/IQ_Data/20260204_100802_beam1_az082.mat,0,0.047740262,0,1,-1,-1,False,0.30838823,0.0
20260204_100802_beam1_az091,20260204_100802,1,91.0,,,/home/tobeornot8259748/projects/balloon_radar_project/data/raw/detection_dataset/train/Background_IQ/IQ_Data/20260204_100802_beam1_az091.mat,0,0.05232933,0,1,-1,-1,False,0.30013236,0.0
20260204_100802_beam1_az100,20260204_100802,1,100.0,,,/home/tobeornot8259748/projects/balloon_radar_project/data/raw/detection_dataset/test/Background_IQ/IQ_Data/20260204_100802_beam1_az100.mat,0,0.101990625,0,1,-1,-1,False,0.32340786,0.0
20260204_100802_beam1_az109,20260204_100802,1,109.0,,,/home/tobeornot8259748/projects/balloon_radar_project/data/raw/detection_dataset/train/Background_IQ/IQ_Data/20260204_100802_beam1_az109.mat,0,0.07615906,0,1,-1,-1,False,0.34388998,0.0
20260204_100802_beam1_az118,20260204_100802,1,118.0,,,/home/tobeornot8259748/projects/balloon_radar_project/data/raw/detection_dataset/test/Background_IQ/IQ_Data/20260204_100802_beam1_az118.mat,0,0.066398904,0,1,-1,-1,False,0.3274564,0.0
20260204_100802_beam1_az127,20260204_100802,1,127.0,,,/home/tobeornot8259748/projects/balloon_radar_project/data/raw/detection_dataset/train/Background_IQ/IQ_Data/20260204_100802_beam1_az127.mat,0,0.045994353,0,1,-1,-1,False,0.34426767,0.00011715707
20260204_100802_beam1_az136,20260204_100802,1,136.0,,,/home/tobeornot8259748/projects/balloon_radar_project/data/raw/detection_dataset/test/Background_IQ/IQ_Data/20260204_100802_beam1_az136.mat,0,0.06493577,0,1,-1,-1,False,0.3331431,0.0
20260204_100802_beam1_az145,20260204_100802,1,145.0,,,/home/tobeornot8259748/projects/balloon_radar_project/data/raw/detection_dataset/test/Background_IQ/IQ_Data/20260204_100802_beam1_az145.mat,0,0.03884734,49,68,-1,-1,False,0.55795085,0.11342709
20260204_100802_beam1_az154,20260204_100802,1,154.0,,,/home/tobeornot8259748/projects/balloon_radar_project/data/raw/detection_dataset/test/Background_IQ/IQ_Data/20260204_100802_beam1_az154.mat,0,0.10311881,41,67,-1,-1,False,0.73791,0.42543098
20260204_100802_beam1_az163,20260204_100802,1,163.0,,,/home/tobeornot8259748/projects/balloon_radar_project/data/raw/detection_dataset/val/Background_IQ/IQ_Data/20260204_100802_beam1_az163.mat,0,0.04378844,0,1,-1,-1,False,0.31456435,0.0
20260204_100802_beam1_az172,20260204_100802,1,172.0,,,/home/tobeornot8259748/projects/balloon_radar_project/data/raw/detection_dataset/val/Background_IQ/IQ_Data/20260204_100802_beam1_az172.mat,0,0.061228864,0,1,-1,-1,False,0.31499833,0.0
20260204_100802_beam1_az181,20260204_100802,1,181.0,,,/home/tobeornot8259748/projects/balloon_radar_project/data/raw/detection_dataset/val/Background_IQ/IQ_Data/20260204_100802_beam1_az181.mat,0,0.06085187,0,1,-1,-1,False,0.31907576,0.0
20260204_100802_beam1_az190,20260204_100802,1,190.0,,,/home/tobeornot8259748/projects/balloon_radar_project/data/raw/detection_dataset/train/Background_IQ/IQ_Data/20260204_100802_beam1_az190.mat,0,0.047030814,0,1,-1,-1,False,0.34268558,0.0
20260204_100802_beam1_az199,20260204_100802,1,199.0,,,/home/tobeornot8259748/projects/balloon_radar_project/data/raw/detection_dataset/train/Background_IQ/IQ_Data/20260204_100802_beam1_az199.mat,0,0.087849304,83,65,-1,-1,False,0.50716734,0.19979082
20260204_100802_beam1_az208,20260204_100802,1,208.0,,,/home/tobeornot8259748/projects/balloon_radar_project/data/raw/detection_dataset/train/Background_IQ/IQ_Data/20260204_100802_beam1_az208.mat,0,0.08460172,0,1,-1,-1,False,0.30255017,0.0
20260204_100802_beam1_az217,20260204_100802,1,217.0,,,/home/tobeornot8259748/projects/balloon_radar_project/data/raw/detection_dataset/train/Background_IQ/IQ_Data/20260204_100802_beam1_az217.mat,0,0.051311597,0,1,-1,-1,False,0.3092543,0.0
20260204_100802_beam1_az226,20260204_100802,1,226.0,,,/home/tobeornot8259748/projects/balloon_radar_project/data/raw/detection_dataset/test/Background_IQ/IQ_Data/20260204_100802_beam1_az226.mat,0,0.059016712,0,1,-1,-1,False,0.31997383,0.0
20260204_100802_beam1_az235,20260204_100802,1,235.0,,,/home/tobeornot8259748/projects/balloon_radar_project/data/raw/detection_dataset/train/Background_IQ/IQ_Data/20260204_100802_beam1_az235.mat,0,0.043713342,58,59,-1,-1,False,0.6744612,0.23524894
20260204_100802_beam1_az244,20260204_100802,1,244.0,,,/home/tobeornot8259748/projects/balloon_radar_project/data/raw/detection_dataset/train/Background_IQ/IQ_Data/20260204_100802_beam1_az244.mat,0,0.06869132,0,1,-1,-1,False,0.30963388,0.0
20260204_100802_beam1_az253,20260204_100802,1,253.0,,,/home/tobeornot8259748/projects/balloon_radar_project/data/raw/detection_dataset/train/Background_IQ/IQ_Data/20260204_100802_beam1_az253.mat,0,0.05900771,29,0,-1,-1,False,0.7074721,0.19848937
20260204_100802_beam1_az262,20260204_100802,1,262.0,,,/home/tobeornot8259748/projects/balloon_radar_project/data/raw/detection_dataset/train/Background_IQ/IQ_Data/20260204_100802_beam1_az262.mat,0,0.0474345,0,1,-1,-1,False,0.27925408,0.0
20260204_100802_beam2_az001,20260204_100802,2,1.0,,,/home/tobeornot8259748/projects/balloon_radar_project/data/raw/detection_dataset/train/Background_IQ/IQ_Data/20260204_100802_beam2_az001.mat,0,0.06804651,30,0,-1,-1,False,0.76606977,0.29615572
20260204_100802_beam2_az010,20260204_100802,2,10.0,,,/home/tobeornot8259748/projects/balloon_radar_project/data/raw/detection_dataset/train/Background_IQ/IQ_Data/20260204_100802_beam2_az010.mat,0,0.06755343,31,0,-1,-1,False,0.65208745,0.25957942
20260204_100802_beam2_az019,20260204_100802,2,19.0,,,/home/tobeornot8259748/projects/balloon_radar_project/data/raw/detection_dataset/test/Background_IQ/IQ_Data/20260204_100802_beam2_az019.mat,0,0.057216644,0,1,-1,-1,False,0.2597992,0.0
20260204_100802_beam2_az028,20260204_100802,2,28.0,,,/home/tobeornot8259748/projects/balloon_radar_project/data/raw/detection_dataset/train/Background_IQ/IQ_Data/20260204_100802_beam2_az028.mat,0,0.04138888,0,127,-1,-1,False,0.2824007,0.0
20260204_100802_beam2_az037,20260204_100802,2,37.0,,,/home/tobeornot8259748/projects/balloon_radar_project/data/raw/detection_dataset/train/Background_IQ/IQ_Data/20260204_100802_beam2_az037.mat,0,0.04432291,42,59,-1,-1,False,0.6935877,0.20654505
20260204_100802_beam2_az046,20260204_100802,2,46.0,,,/home/tobeornot8259748/projects/balloon_radar_project/data/raw/detection_dataset/train/Background_IQ/IQ_Data/20260204_100802_beam2_az046.mat,0,0.07343721,0,1,-1,-1,False,0.36447367,0.0
20260204_100802_beam2_az055,20260204_100802,2,55.0,,,/home/tobeornot8259748/projects/balloon_radar_project/data/raw/detection_dataset/train/Background_IQ/IQ_Data/20260204_100802_beam2_az055.mat,0,0.06901029,42,68,-1,-1,False,0.66059524,0.2375414
20260204_100802_beam2_az064,20260204_100802,2,64.0,,,/home/tobeornot8259748/projects/balloon_radar_project/data/raw/detection_dataset/val/Background_IQ/IQ_Data/20260204_100802_beam2_az064.mat,0,0.04446728,0,1,-1,-1,False,0.32838288,0.0
20260204_100802_beam2_az073,20260204_100802,2,73.0,,,/home/tobeornot8259748/projects/balloon_radar_project/data/raw/detection_dataset/train/Background_IQ/IQ_Data/20260204_100802_beam2_az073.mat,0,0.045951124,0,1,-1,-1,False,0.32945636,0.0
20260204_100802_beam2_az082,20260204_100802,2,82.0,,,/home/tobeornot8259748/projects/balloon_radar_project/data/raw/detection_dataset/train/Background_IQ/IQ_Data/20260204_100802_beam2_az082.mat,0,0.041424546,0,1,-1,-1,False,0.30754933,0.0
20260204_100802_beam2_az091,20260204_100802,2,91.0,,,/home/tobeornot8259748/projects/balloon_radar_project/data/raw/detection_dataset/train/Background_IQ/IQ_Data/20260204_100802_beam2_az091.mat,0,0.054254215,0,1,-1,-1,False,0.3483993,0.0
20260204_100802_beam2_az100,20260204_100802,2,100.0,,,/home/tobeornot8259748/projects/balloon_radar_project/data/raw/detection_dataset/train/Background_IQ/IQ_Data/20260204_100802_beam2_az100.mat,0,0.048747092,0,1,-1,-1,False,0.34116104,0.0
20260204_100802_beam2_az109,20260204_100802,2,109.0,,,/home/tobeornot8259748/projects/balloon_radar_project/data/raw/detection_dataset/train/Background_IQ/IQ_Data/20260204_100802_beam2_az109.mat,0,0.10512042,39,59,-1,-1,False,0.6324844,0.18102138
20260204_100802_beam2_az118,20260204_100802,2,118.0,,,/home/tobeornot8259748/projects/balloon_radar_project/data/raw/detection_dataset/train/Background_IQ/IQ_Data/20260204_100802_beam2_az118.mat,0,0.06450982,0,1,-1,-1,False,0.3680245,0.0
20260204_100802_beam2_az127,20260204_100802,2,127.0,,,/home/tobeornot8259748/projects/balloon_radar_project/data/raw/detection_dataset/val/Background_IQ/IQ_Data/20260204_100802_beam2_az127.mat,0,0.06285633,0,1,-1,-1,False,0.3646934,0.0
20260204_100802_beam2_az136,20260204_100802,2,136.0,,,/home/tobeornot8259748/projects/balloon_radar_project/data/raw/detection_dataset/train/Background_IQ/IQ_Data/20260204_100802_beam2_az136.mat,0,0.054175347,55,68,-1,-1,False,0.644365,0.16589709
20260204_100802_beam2_az145,20260204_100802,2,145.0,,,/home/tobeornot8259748/projects/balloon_radar_project/data/raw/detection_dataset/val/Background_IQ/IQ_Data/20260204_100802_beam2_az145.mat,0,0.041299053,0,1,-1,-1,False,0.36131272,0.0
20260204_100802_beam2_az154,20260204_100802,2,154.0,,,/home/tobeornot8259748/projects/balloon_radar_project/data/raw/detection_dataset/train/Background_IQ/IQ_Data/20260204_100802_beam2_az154.mat,0,0.095874205,0,1,-1,-1,False,0.32536286,0.0
20260204_100802_beam2_az163,20260204_100802,2,163.0,,,/home/tobeornot8259748/projects/balloon_radar_project/data/raw/detection_dataset/train/Background_IQ/IQ_Data/20260204_100802_beam2_az163.mat,0,0.047403656,0,1,-1,-1,False,0.3193015,0.0
20260204_100802_beam2_az172,20260204_100802,2,172.0,,,/home/tobeornot8259748/projects/balloon_radar_project/data/raw/detection_dataset/train/Background_IQ/IQ_Data/20260204_100802_beam2_az172.mat,0,0.09884738,20,0,-1,-1,False,0.57239556,0.21058305
20260204_100802_beam2_az181,20260204_100802,2,181.0,,,/home/tobeornot8259748/projects/balloon_radar_project/data/raw/detection_dataset/train/Background_IQ/IQ_Data/20260204_100802_beam2_az181.mat,0,0.09957132,20,0,-1,-1,False,0.5637039,0.18018423
20260204_100802_beam2_az190,20260204_100802,2,190.0,,,/home/tobeornot8259748/projects/balloon_radar_project/data/raw/detection_dataset/train/Background_IQ/IQ_Data/20260204_100802_beam2_az190.mat,0,0.035176918,0,1,-1,-1,False,0.3537527,0.0
20260204_100802_beam2_az199,20260204_100802,2,199.0,,,/home/tobeornot8259748/projects/balloon_radar_project/data/raw/detection_dataset/train/Background_IQ/IQ_Data/20260204_100802_beam2_az199.mat,0,0.16703312,76,67,-1,-1,False,0.6853661,0.233774
20260204_100802_beam2_az208,20260204_100802,2,208.0,,,/home/tobeornot8259748/projects/balloon_radar_project/data/raw/detection_dataset/test/Background_IQ/IQ_Data/20260204_100802_beam2_az208.mat,0,0.04567046,0,1,-1,-1,False,0.33694404,0.0
20260204_100802_beam2_az217,20260204_100802,2,217.0,,,/home/tobeornot8259748/projects/balloon_radar_project/data/raw/detection_dataset/train/Background_IQ/IQ_Data/20260204_100802_beam2_az217.mat,0,0.0774661,20,0,-1,-1,False,0.5242638,0.12636994
20260204_100802_beam2_az226,20260204_100802,2,226.0,,,/home/tobeornot8259748/projects/balloon_radar_project/data/raw/detection_dataset/val/Background_IQ/IQ_Data/20260204_100802_beam2_az226.mat,0,0.07675134,0,1,-1,-1,False,0.33872798,0.0
20260204_100802_beam2_az235,20260204_100802,2,235.0,,,/home/tobeornot8259748/projects/balloon_radar_project/data/raw/detection_dataset/train/Background_IQ/IQ_Data/20260204_100802_beam2_az235.mat,0,0.040928993,55,59,-1,-1,False,0.7087908,0.26658916
20260204_100802_beam2_az244,20260204_100802,2,244.0,,,/home/tobeornot8259748/projects/balloon_radar_project/data/raw/detection_dataset/train/Background_IQ/IQ_Data/20260204_100802_beam2_az244.mat,0,0.03781178,0,1,-1,-1,False,0.33567518,0.0
20260204_100802_beam2_az253,20260204_100802,2,253.0,,,/home/tobeornot8259748/projects/balloon_radar_project/data/raw/detection_dataset/train/Background_IQ/IQ_Data/20260204_100802_beam2_az253.mat,0,0.06709387,29,0,-1,-1,False,0.6839228,0.18705842
20260204_100802_beam2_az262,20260204_100802,2,262.0,,,/home/tobeornot8259748/projects/balloon_radar_project/data/raw/detection_dataset/train/Background_IQ/IQ_Data/20260204_100802_beam2_az262.mat,0,0.04064766,0,1,-1,-1,False,0.31304488,0.0
20260204_100802_beam3_az001,20260204_100802,3,1.0,,,/home/tobeornot8259748/projects/balloon_radar_project/data/raw/detection_dataset/train/Background_IQ/IQ_Data/20260204_100802_beam3_az001.mat,0,0.055565923,0,1,-1,-1,False,0.27867398,0.0
20260204_100802_beam3_az010,20260204_100802,3,10.0,,,/home/tobeornot8259748/projects/balloon_radar_project/data/raw/detection_dataset/train/Background_IQ/IQ_Data/20260204_100802_beam3_az010.mat,0,0.30560982,11,60,-1,-1,False,0.6576199,0.33119455
20260204_100802_beam3_az019,20260204_100802,3,19.0,,,/home/tobeornot8259748/projects/balloon_radar_project/data/raw/detection_dataset/train/Background_IQ/IQ_Data/20260204_100802_beam3_az019.mat,0,0.18167152,11,68,-1,-1,False,0.7383566,0.48856753
20260204_100802_beam3_az028,20260204_100802,3,28.0,,,/home/tobeornot8259748/projects/balloon_radar_project/data/raw/detection_dataset/train/Background_IQ/IQ_Data/20260204_100802_beam3_az028.mat,0,0.062223367,11,68,-1,-1,False,0.8260761,0.4711291
20260204_100802_beam3_az037,20260204_100802,3,37.0,,,/home/tobeornot8259748/projects/balloon_radar_project/data/raw/detection_dataset/test/Background_IQ/IQ_Data/20260204_100802_beam3_az037.mat,0,0.043599915,6,1,-1,-1,False,0.47386461,0.0
20260204_100802_beam3_az046,20260204_100802,3,46.0,,,/home/tobeornot8259748/projects/balloon_radar_project/data/raw/detection_dataset/train/Background_IQ/IQ_Data/20260204_100802_beam3_az046.mat,0,0.3261403,62,61,-1,-1,False,0.7605527,0.21290784
20260204_100802_beam3_az055,20260204_100802,3,55.0,,,/home/tobeornot8259748/projects/balloon_radar_project/data/raw/detection_dataset/test/Background_IQ/IQ_Data/20260204_100802_beam3_az055.mat,0,0.105931684,62,59,-1,-1,False,0.69024336,0.08818913
20260204_100802_beam3_az064,20260204_100802,3,64.0,,,/home/tobeornot8259748/projects/balloon_radar_project/data/raw/detection_dataset/test/Background_IQ/IQ_Data/20260204_100802_beam3_az064.mat,0,0.044839665,85,1,-1,-1,False,0.35173136,0.0
20260204_100802_beam3_az073,20260204_100802,3,73.0,,,/home/tobeornot8259748/projects/balloon_radar_project/data/raw/detection_dataset/val/Background_IQ/IQ_Data/20260204_100802_beam3_az073.mat,0,0.063926876,55,59,-1,-1,False,0.6805972,0.065070935
20260204_100802_beam3_az082,20260204_100802,3,82.0,,,/home/tobeornot8259748/projects/balloon_radar_project/data/raw/detection_dataset/val/Background_IQ/IQ_Data/20260204_100802_beam3_az082.mat,0,0.055492602,46,56,-1,-1,False,0.69290715,0.21277483
20260204_100802_beam3_az091,20260204_100802,3,91.0,,,/home/tobeornot8259748/projects/balloon_radar_project/data/raw/detection_dataset/train/Background_IQ/IQ_Data/20260204_100802_beam3_az091.mat,0,0.040863235,64,58,-1,-1,False,0.6960042,0.10456382
20260204_100802_beam3_az100,20260204_100802,3,100.0,,,/home/tobeornot8259748/projects/balloon_radar_project/data/raw/detection_dataset/train/Background_IQ/IQ_Data/20260204_100802_beam3_az100.mat,0,0.15100487,57,69,-1,-1,False,0.7361542,0.104797065
20260204_100802_beam3_az109,20260204_100802,3,109.0,,,/home/tobeornot8259748/projects/balloon_radar_project/data/raw/detection_dataset/val/Background_IQ/IQ_Data/20260204_100802_beam3_az109.mat,0,0.074660085,48,63,-1,-1,False,0.74345535,0.15531193
20260204_100802_beam3_az118,20260204_100802,3,118.0,,,/home/tobeornot8259748/projects/balloon_radar_project/data/raw/detection_dataset/train/Background_IQ/IQ_Data/20260204_100802_beam3_az118.mat,0,0.049544103,69,59,-1,-1,False,0.69691414,0.1513317
20260204_100802_beam3_az127,20260204_100802,3,127.0,,,/home/tobeornot8259748/projects/balloon_radar_project/data/raw/detection_dataset/test/Background_IQ/IQ_Data/20260204_100802_beam3_az127.mat,0,0.21662845,39,67,-1,-1,False,0.76363236,0.14672308
20260204_100802_beam3_az136,20260204_100802,3,136.0,,,/home/tobeornot8259748/projects/balloon_radar_project/data/raw/detection_dataset/val/Background_IQ/IQ_Data/20260204_100802_beam3_az136.mat,0,0.20068318,37,61,-1,-1,False,0.812768,0.22943155
20260204_100802_beam3_az145,20260204_100802,3,145.0,,,/home/tobeornot8259748/projects/balloon_radar_project/data/raw/detection_dataset/train/Background_IQ/IQ_Data/20260204_100802_beam3_az145.mat,0,0.05005025,32,55,-1,-1,False,0.69362354,0.03510958
20260204_100802_beam3_az154,20260204_100802,3,154.0,,,/home/tobeornot8259748/projects/balloon_radar_project/data/raw/detection_dataset/train/Background_IQ/IQ_Data/20260204_100802_beam3_az154.mat,0,0.08785898,63,59,-1,-1,False,0.6516134,0.105009824
20260204_100802_beam3_az163,20260204_100802,3,163.0,,,/home/tobeornot8259748/projects/balloon_radar_project/data/raw/detection_dataset/train/Background_IQ/IQ_Data/20260204_100802_beam3_az163.mat,0,0.041382194,73,59,-1,-1,False,0.6228041,0.10597801
20260204_100802_beam3_az172,20260204_100802,3,172.0,,,/home/tobeornot8259748/projects/balloon_radar_project/data/raw/detection_dataset/train/Background_IQ/IQ_Data/20260204_100802_beam3_az172.mat,0,0.112806775,28,0,-1,-1,False,0.63027376,0.13331486
20260204_100802_beam3_az181,20260204_100802,3,181.0,,,/home/tobeornot8259748/projects/balloon_radar_project/data/raw/detection_dataset/val/Background_IQ/IQ_Data/20260204_100802_beam3_az181.mat,0,0.0548789,28,0,-1,-1,False,0.62774825,0.109293796
20260204_100802_beam3_az190,20260204_100802,3,190.0,,,/home/tobeornot8259748/projects/balloon_radar_project/data/raw/detection_dataset/train/Background_IQ/IQ_Data/20260204_100802_beam3_az190.mat,0,0.040029895,56,68,-1,-1,False,0.7669427,0.20159094
20260204_100802_beam3_az199,20260204_100802,3,199.0,,,/home/tobeornot8259748/projects/balloon_radar_project/data/raw/detection_dataset/train/Background_IQ/IQ_Data/20260204_100802_beam3_az199.mat,0,0.053750113,0,1,-1,-1,False,0.35803515,0.0
20260204_100802_beam3_az208,20260204_100802,3,208.0,,,/home/tobeornot8259748/projects/balloon_radar_project/data/raw/detection_dataset/train/Background_IQ/IQ_Data/20260204_100802_beam3_az208.mat,0,0.04564542,0,1,-1,-1,False,0.39852163,0.0
20260204_100802_beam3_az217,20260204_100802,3,217.0,,,/home/tobeornot8259748/projects/balloon_radar_project/data/raw/detection_dataset/test/Background_IQ/IQ_Data/20260204_100802_beam3_az217.mat,0,0.053867746,1,126,-1,-1,False,0.38098723,0.0
20260204_100802_beam3_az226,20260204_100802,3,226.0,,,/home/tobeornot8259748/projects/balloon_radar_project/data/raw/detection_dataset/val/Background_IQ/IQ_Data/20260204_100802_beam3_az226.mat,0,0.053407017,65,63,-1,-1,False,0.68358535,0.12680121
20260204_100802_beam3_az235,20260204_100802,3,235.0,,,/home/tobeornot8259748/projects/balloon_radar_project/data/raw/detection_dataset/train/Background_IQ/IQ_Data/20260204_100802_beam3_az235.mat,0,0.079493724,68,59,-1,-1,False,0.6684859,0.12607282
20260204_100802_beam3_az244,20260204_100802,3,244.0,,,/home/tobeornot8259748/projects/balloon_radar_project/data/raw/detection_dataset/train/Background_IQ/IQ_Data/20260204_100802_beam3_az244.mat,0,0.3041125,75,60,-1,-1,False,0.66035354,0.09048489
20260204_100802_beam3_az253,20260204_100802,3,253.0,,,/home/tobeornot8259748/projects/balloon_radar_project/data/raw/detection_dataset/train/Background_IQ/IQ_Data/20260204_100802_beam3_az253.mat,0,0.11218088,10,68,-1,-1,False,0.7225008,0.4902629
20260204_100802_beam3_az262,20260204_100802,3,262.0,,,/home/tobeornot8259748/projects/balloon_radar_project/data/raw/detection_dataset/train/Background_IQ/IQ_Data/20260204_100802_beam3_az262.mat,0,0.05322675,18,66,-1,-1,False,0.78247565,0.58880407
20260204_100802_beam4_az001,20260204_100802,4,1.0,,,/home/tobeornot8259748/projects/balloon_radar_project/data/raw/detection_dataset/train/Background_IQ/IQ_Data/20260204_100802_beam4_az001.mat,0,0.11749274,14,59,-1,-1,False,0.65341157,0.24452168
20260204_100802_beam4_az010,20260204_100802,4,10.0,,,/home/tobeornot8259748/projects/balloon_radar_project/data/raw/detection_dataset/train/Background_IQ/IQ_Data/20260204_100802_beam4_az010.mat,0,0.09781703,31,0,-1,-1,False,0.649898,0.23586573
20260204_100802_beam4_az019,20260204_100802,4,19.0,,,/home/tobeornot8259748/projects/balloon_radar_project/data/raw/detection_dataset/val/Background_IQ/IQ_Data/20260204_100802_beam4_az019.mat,0,0.03735179,63,68,-1,-1,False,0.63648355,0.17977454
20260204_100802_beam4_az028,20260204_100802,4,28.0,,,/home/tobeornot8259748/projects/balloon_radar_project/data/raw/detection_dataset/val/Background_IQ/IQ_Data/20260204_100802_beam4_az028.mat,0,0.036334828,0,127,-1,-1,False,0.35380313,0.0
20260204_100802_beam4_az037,20260204_100802,4,37.0,,,/home/tobeornot8259748/projects/balloon_radar_project/data/raw/detection_dataset/train/Background_IQ/IQ_Data/20260204_100802_beam4_az037.mat,0,0.04133386,4,65,-1,-1,False,0.6991229,0.33566362
20260204_100802_beam4_az046,20260204_100802,4,46.0,,,/home/tobeornot8259748/projects/balloon_radar_project/data/raw/detection_dataset/test/Background_IQ/IQ_Data/20260204_100802_beam4_az046.mat,0,0.043476738,0,1,-1,-1,False,0.39992163,0.0
20260204_100802_beam4_az055,20260204_100802,4,55.0,,,/home/tobeornot8259748/projects/balloon_radar_project/data/raw/detection_dataset/test/Background_IQ/IQ_Data/20260204_100802_beam4_az055.mat,0,0.05745984,54,59,-1,-1,False,0.65696794,0.12078811
20260204_100802_beam4_az064,20260204_100802,4,64.0,,,/home/tobeornot8259748/projects/balloon_radar_project/data/raw/detection_dataset/train/Background_IQ/IQ_Data/20260204_100802_beam4_az064.mat,0,0.08230013,83,62,-1,-1,False,0.6238007,0.21946111
20260204_100802_beam4_az073,20260204_100802,4,73.0,,,/home/tobeornot8259748/projects/balloon_radar_project/data/raw/detection_dataset/val/Background_IQ/IQ_Data/20260204_100802_beam4_az073.mat,0,0.093705095,38,62,-1,-1,False,0.804624,0.45308027
20260204_100802_beam4_az082,20260204_100802,4,82.0,,,/home/tobeornot8259748/projects/balloon_radar_project/data/raw/detection_dataset/train/Background_IQ/IQ_Data/20260204_100802_beam4_az082.mat,0,0.047515504,46,57,-1,-1,False,0.73085856,0.26171455
20260204_100802_beam4_az091,20260204_100802,4,91.0,,,/home/tobeornot8259748/projects/balloon_radar_project/data/raw/detection_dataset/test/Background_IQ/IQ_Data/20260204_100802_beam4_az091.mat,0,0.03865107,20,1,-1,-1,False,0.5694172,0.042123392
20260204_100802_beam4_az100,20260204_100802,4,100.0,,,/home/tobeornot8259748/projects/balloon_radar_project/data/raw/detection_dataset/train/Background_IQ/IQ_Data/20260204_100802_beam4_az100.mat,0,0.17424959,59,68,-1,-1,False,0.69501543,0.14301339
20260204_100802_beam4_az109,20260204_100802,4,109.0,,,/home/tobeornot8259748/projects/balloon_radar_project/data/raw/detection_dataset/test/Background_IQ/IQ_Data/20260204_100802_beam4_az109.mat,0,0.4269611,37,68,-1,-1,False,0.7302044,0.23953432
20260204_100802_beam4_az118,20260204_100802,4,118.0,,,/home/tobeornot8259748/projects/balloon_radar_project/data/raw/detection_dataset/val/Background_IQ/IQ_Data/20260204_100802_beam4_az118.mat,0,0.048016615,0,1,-1,-1,False,0.41091588,0.0
20260204_100802_beam4_az127,20260204_100802,4,127.0,,,/home/tobeornot8259748/projects/balloon_radar_project/data/raw/detection_dataset/val/Background_IQ/IQ_Data/20260204_100802_beam4_az127.mat,0,0.056243457,0,1,-1,-1,False,0.40722257,0.0
20260204_100802_beam4_az136,20260204_100802,4,136.0,,,/home/tobeornot8259748/projects/balloon_radar_project/data/raw/detection_dataset/val/Background_IQ/IQ_Data/20260204_100802_beam4_az136.mat,0,0.22863153,38,61,-1,-1,False,0.73151577,0.22855389
20260204_100802_beam4_az145,20260204_100802,4,145.0,,,/home/tobeornot8259748/projects/balloon_radar_project/data/raw/detection_dataset/train/Background_IQ/IQ_Data/20260204_100802_beam4_az145.mat,0,0.056637622,30,68,-1,-1,False,0.7381899,0.22277176
20260204_100802_beam4_az154,20260204_100802,4,154.0,,,/home/tobeornot8259748/projects/balloon_radar_project/data/raw/detection_dataset/test/Background_IQ/IQ_Data/20260204_100802_beam4_az154.mat,0,0.04311313,72,59,-1,-1,False,0.6338765,0.1025499
20260204_100802_beam4_az163,20260204_100802,4,163.0,,,/home/tobeornot8259748/projects/balloon_radar_project/data/raw/detection_dataset/train/Background_IQ/IQ_Data/20260204_100802_beam4_az163.mat,0,0.050533228,28,75,-1,-1,False,0.7388172,0.20474458
20260204_100802_beam4_az172,20260204_100802,4,172.0,,,/home/tobeornot8259748/projects/balloon_radar_project/data/raw/detection_dataset/train/Background_IQ/IQ_Data/20260204_100802_beam4_az172.mat,0,0.05524505,20,0,-1,-1,False,0.5999809,0.16326529
20260204_100802_beam4_az181,20260204_100802,4,181.0,,,/home/tobeornot8259748/projects/balloon_radar_project/data/raw/detection_dataset/train/Background_IQ/IQ_Data/20260204_100802_beam4_az181.mat,0,0.030891402,28,0,-1,-1,False,0.6071931,0.09857158
20260204_100802_beam4_az190,20260204_100802,4,190.0,,,/home/tobeornot8259748/projects/balloon_radar_project/data/raw/detection_dataset/train/Background_IQ/IQ_Data/20260204_100802_beam4_az190.mat,0,0.05612588,60,59,-1,-1,False,0.7217728,0.20521593
20260204_100802_beam4_az199,20260204_100802,4,199.0,,,/home/tobeornot8259748/projects/balloon_radar_project/data/raw/detection_dataset/train/Background_IQ/IQ_Data/20260204_100802_beam4_az199.mat,0,0.0478434,0,1,-1,-1,False,0.31598097,0.0
20260204_100802_beam4_az208,20260204_100802,4,208.0,,,/home/tobeornot8259748/projects/balloon_radar_project/data/raw/detection_dataset/train/Background_IQ/IQ_Data/20260204_100802_beam4_az208.mat,0,0.09606672,77,63,-1,-1,False,0.67766535,0.17221665
20260204_100802_beam4_az217,20260204_100802,4,217.0,,,/home/tobeornot8259748/projects/balloon_radar_project/data/raw/detection_dataset/train/Background_IQ/IQ_Data/20260204_100802_beam4_az217.mat,0,0.034745168,83,61,-1,-1,False,0.5663299,0.16115296
20260204_100802_beam4_az226,20260204_100802,4,226.0,,,/home/tobeornot8259748/projects/balloon_radar_project/data/raw/detection_dataset/train/Background_IQ/IQ_Data/20260204_100802_beam4_az226.mat,0,0.08124105,65,63,-1,-1,False,0.6427742,0.14837036
20260204_100802_beam4_az235,20260204_100802,4,235.0,,,/home/tobeornot8259748/projects/balloon_radar_project/data/raw/detection_dataset/train/Background_IQ/IQ_Data/20260204_100802_beam4_az235.mat,0,0.034785733,0,1,-1,-1,False,0.3666353,0.0
20260204_100802_beam4_az244,20260204_100802,4,244.0,,,/home/tobeornot8259748/projects/balloon_radar_project/data/raw/detection_dataset/train/Background_IQ/IQ_Data/20260204_100802_beam4_az244.mat,0,0.045602594,67,69,-1,-1,False,0.68322986,0.15040317
20260204_100802_beam4_az253,20260204_100802,4,253.0,,,/home/tobeornot8259748/projects/balloon_radar_project/data/raw/detection_dataset/train/Background_IQ/IQ_Data/20260204_100802_beam4_az253.mat,0,0.05547417,0,1,-1,-1,False,0.34120217,0.0
20260204_100802_beam4_az262,20260204_100802,4,262.0,,,/home/tobeornot8259748/projects/balloon_radar_project/data/raw/detection_dataset/test/Background_IQ/IQ_Data/20260204_100802_beam4_az262.mat,0,0.057639156,0,1,-1,-1,False,0.35807282,0.0
20260204_100802_beam5_az001,20260204_100802,5,1.0,,,/home/tobeornot8259748/projects/balloon_radar_project/data/raw/detection_dataset/train/Background_IQ/IQ_Data/20260204_100802_beam5_az001.mat,0,0.08675211,0,1,-1,-1,False,0.26712894,0.0
20260204_100802_beam5_az010,20260204_100802,5,10.0,,,/home/tobeornot8259748/projects/balloon_radar_project/data/raw/detection_dataset/test/Background_IQ/IQ_Data/20260204_100802_beam5_az010.mat,0,0.098333605,30,0,-1,-1,False,0.66178626,0.28552163
20260204_100802_beam5_az019,20260204_100802,5,19.0,,,/home/tobeornot8259748/projects/balloon_radar_project/data/raw/detection_dataset/train/Background_IQ/IQ_Data/20260204_100802_beam5_az019.mat,0,0.045797344,0,1,-1,-1,False,0.2949514,0.0
20260204_100802_beam5_az028,20260204_100802,5,28.0,,,/home/tobeornot8259748/projects/balloon_radar_project/data/raw/detection_dataset/test/Background_IQ/IQ_Data/20260204_100802_beam5_az028.mat,0,0.044368032,0,1,-1,-1,False,0.30542445,0.0
20260204_100802_beam5_az037,20260204_100802,5,37.0,,,/home/tobeornot8259748/projects/balloon_radar_project/data/raw/detection_dataset/test/Background_IQ/IQ_Data/20260204_100802_beam5_az037.mat,0,0.024184266,0,1,-1,-1,False,0.3234685,0.0
20260204_100802_beam5_az046,20260204_100802,5,46.0,,,/home/tobeornot8259748/projects/balloon_radar_project/data/raw/detection_dataset/train/Background_IQ/IQ_Data/20260204_100802_beam5_az046.mat,0,0.03476543,0,1,-1,-1,False,0.34779054,0.0
20260204_100802_beam5_az055,20260204_100802,5,55.0,,,/home/tobeornot8259748/projects/balloon_radar_project/data/raw/detection_dataset/test/Background_IQ/IQ_Data/20260204_100802_beam5_az055.mat,0,0.04690594,0,1,-1,-1,False,0.34781918,0.0
20260204_100802_beam5_az064,20260204_100802,5,64.0,,,/home/tobeornot8259748/projects/balloon_radar_project/data/raw/detection_dataset/train/Background_IQ/IQ_Data/20260204_100802_beam5_az064.mat,0,0.066943325,83,62,-1,-1,False,0.5859588,0.22580142
20260204_100802_beam5_az073,20260204_100802,5,73.0,,,/home/tobeornot8259748/projects/balloon_radar_project/data/raw/detection_dataset/train/Background_IQ/IQ_Data/20260204_100802_beam5_az073.mat,0,0.058055703,76,69,-1,-1,False,0.5841718,0.091476
20260204_100802_beam5_az082,20260204_100802,5,82.0,,,/home/tobeornot8259748/projects/balloon_radar_project/data/raw/detection_dataset/train/Background_IQ/IQ_Data/20260204_100802_beam5_az082.mat,0,0.060802665,81,63,-1,-1,False,0.66924685,0.41468874
20260204_100802_beam5_az091,20260204_100802,5,91.0,,,/home/tobeornot8259748/projects/balloon_radar_project/data/raw/detection_dataset/train/Background_IQ/IQ_Data/20260204_100802_beam5_az091.mat,0,0.082865104,21,102,-1,-1,False,0.5367846,0.08581948
20260204_100802_beam5_az100,20260204_100802,5,100.0,,,/home/tobeornot8259748/projects/balloon_radar_project/data/raw/detection_dataset/train/Background_IQ/IQ_Data/20260204_100802_beam5_az100.mat,0,0.07187607,20,0,-1,-1,False,0.5384469,0.092717506
20260204_100802_beam5_az109,20260204_100802,5,109.0,,,/home/tobeornot8259748/projects/balloon_radar_project/data/raw/detection_dataset/train/Background_IQ/IQ_Data/20260204_100802_beam5_az109.mat,0,0.1617167,39,69,-1,-1,False,0.64456224,0.19126765
20260204_100802_beam5_az118,20260204_100802,5,118.0,,,/home/tobeornot8259748/projects/balloon_radar_project/data/raw/detection_dataset/train/Background_IQ/IQ_Data/20260204_100802_beam5_az118.mat,0,0.05900975,0,1,-1,-1,False,0.34808585,0.0
20260204_100802_beam5_az127,20260204_100802,5,127.0,,,/home/tobeornot8259748/projects/balloon_radar_project/data/raw/detection_dataset/train/Background_IQ/IQ_Data/20260204_100802_beam5_az127.mat,0,0.06376354,20,0,-1,-1,False,0.54408985,0.09448401
20260204_100802_beam5_az136,20260204_100802,5,136.0,,,/home/tobeornot8259748/projects/balloon_radar_project/data/raw/detection_dataset/val/Background_IQ/IQ_Data/20260204_100802_beam5_az136.mat,0,0.06709243,0,1,-1,-1,False,0.3490392,0.0
20260204_100802_beam5_az145,20260204_100802,5,145.0,,,/home/tobeornot8259748/projects/balloon_radar_project/data/raw/detection_dataset/train/Background_IQ/IQ_Data/20260204_100802_beam5_az145.mat,0,0.07768786,47,61,-1,-1,False,0.65631545,0.21174058
20260204_100802_beam5_az154,20260204_100802,5,154.0,,,/home/tobeornot8259748/projects/balloon_radar_project/data/raw/detection_dataset/train/Background_IQ/IQ_Data/20260204_100802_beam5_az154.mat,0,0.06898249,0,1,-1,-1,False,0.34145072,0.0
20260204_100802_beam5_az163,20260204_100802,5,163.0,,,/home/tobeornot8259748/projects/balloon_radar_project/data/raw/detection_dataset/train/Background_IQ/IQ_Data/20260204_100802_beam5_az163.mat,0,0.059706584,0,1,-1,-1,False,0.33317962,0.0
20260204_100802_beam5_az172,20260204_100802,5,172.0,,,/home/tobeornot8259748/projects/balloon_radar_project/data/raw/detection_dataset/train/Background_IQ/IQ_Data/20260204_100802_beam5_az172.mat,0,0.08153213,57,60,-1,-1,False,0.7150258,0.26878175
20260204_100802_beam5_az181,20260204_100802,5,181.0,,,/home/tobeornot8259748/projects/balloon_radar_project/data/raw/detection_dataset/train/Background_IQ/IQ_Data/20260204_100802_beam5_az181.mat,0,0.03720251,42,127,-1,-1,False,0.49272975,0.0010963075
20260204_100802_beam5_az190,20260204_100802,5,190.0,,,/home/tobeornot8259748/projects/balloon_radar_project/data/raw/detection_dataset/train/Background_IQ/IQ_Data/20260204_100802_beam5_az190.mat,0,0.049968112,0,1,-1,-1,False,0.36192834,0.0
20260204_100802_beam5_az199,20260204_100802,5,199.0,,,/home/tobeornot8259748/projects/balloon_radar_project/data/raw/detection_dataset/val/Background_IQ/IQ_Data/20260204_100802_beam5_az199.mat,0,0.051792894,0,1,-1,-1,False,0.27914423,0.0
20260204_100802_beam5_az208,20260204_100802,5,208.0,,,/home/tobeornot8259748/projects/balloon_radar_project/data/raw/detection_dataset/train/Background_IQ/IQ_Data/20260204_100802_beam5_az208.mat,0,0.056077775,0,1,-1,-1,False,0.3256759,0.0
20260204_100802_beam5_az217,20260204_100802,5,217.0,,,/home/tobeornot8259748/projects/balloon_radar_project/data/raw/detection_dataset/train/Background_IQ/IQ_Data/20260204_100802_beam5_az217.mat,0,0.0480957,0,1,-1,-1,False,0.3258268,0.0
20260204_100802_beam5_az226,20260204_100802,5,226.0,,,/home/tobeornot8259748/projects/balloon_radar_project/data/raw/detection_dataset/train/Background_IQ/IQ_Data/20260204_100802_beam5_az226.mat,0,0.04619648,20,0,-1,-1,False,0.5350368,0.09394564
20260204_100802_beam5_az235,20260204_100802,5,235.0,,,/home/tobeornot8259748/projects/balloon_radar_project/data/raw/detection_dataset/train/Background_IQ/IQ_Data/20260204_100802_beam5_az235.mat,0,0.051370274,0,1,-1,-1,False,0.33524898,0.0
20260204_100802_beam5_az244,20260204_100802,5,244.0,,,/home/tobeornot8259748/projects/balloon_radar_project/data/raw/detection_dataset/train/Background_IQ/IQ_Data/20260204_100802_beam5_az244.mat,0,0.059106246,0,1,-1,-1,False,0.35178974,0.0
20260204_100802_beam5_az253,20260204_100802,5,253.0,,,/home/tobeornot8259748/projects/balloon_radar_project/data/raw/detection_dataset/train/Background_IQ/IQ_Data/20260204_100802_beam5_az253.mat,0,0.038878452,0,1,-1,-1,False,0.32170966,0.0
20260204_100802_beam5_az262,20260204_100802,5,262.0,,,/home/tobeornot8259748/projects/balloon_radar_project/data/raw/detection_dataset/train/Background_IQ/IQ_Data/20260204_100802_beam5_az262.mat,0,0.05809503,0,1,-1,-1,False,0.31424037,0.0
20260204_100826_beam1_az001,20260204_100826,1,1.0,,,/home/tobeornot8259748/projects/balloon_radar_project/data/raw/detection_dataset/test/Background_IQ/IQ_Data/20260204_100826_beam1_az001.mat,0,0.32659692,72,60,-1,-1,False,0.73104125,0.24041575
20260204_100826_beam1_az010,20260204_100826,1,10.0,,,/home/tobeornot8259748/projects/balloon_radar_project/data/raw/detection_dataset/train/Background_IQ/IQ_Data/20260204_100826_beam1_az010.mat,0,0.029014189,0,1,-1,-1,False,0.3494819,0.0
20260204_100826_beam1_az019,20260204_100826,1,19.0,,,/home/tobeornot8259748/projects/balloon_radar_project/data/raw/detection_dataset/train/Background_IQ/IQ_Data/20260204_100826_beam1_az019.mat,0,0.043674827,83,62,-1,-1,False,0.50258446,0.16823478
20260204_100826_beam1_az028,20260204_100826,1,28.0,,,/home/tobeornot8259748/projects/balloon_radar_project/data/raw/detection_dataset/val/Background_IQ/IQ_Data/20260204_100826_beam1_az028.mat,0,0.028220128,20,1,-1,-1,False,0.514912,0.033657484
20260204_100826_beam1_az037,20260204_100826,1,37.0,,,/home/tobeornot8259748/projects/balloon_radar_project/data/raw/detection_dataset/train/Background_IQ/IQ_Data/20260204_100826_beam1_az037.mat,0,0.28674316,55,59,-1,-1,False,0.66659486,0.20303576
20260204_100826_beam1_az046,20260204_100826,1,46.0,,,/home/tobeornot8259748/projects/balloon_radar_project/data/raw/detection_dataset/test/Background_IQ/IQ_Data/20260204_100826_beam1_az046.mat,0,0.032366674,0,1,-1,-1,False,0.38119078,0.0
20260204_100826_beam1_az055,20260204_100826,1,55.0,,,/home/tobeornot8259748/projects/balloon_radar_project/data/raw/detection_dataset/train/Background_IQ/IQ_Data/20260204_100826_beam1_az055.mat,0,0.2142752,58,60,-1,-1,False,0.66922414,0.26914454
20260204_100826_beam1_az064,20260204_100826,1,64.0,,,/home/tobeornot8259748/projects/balloon_radar_project/data/raw/detection_dataset/train/Background_IQ/IQ_Data/20260204_100826_beam1_az064.mat,0,0.055781312,0,1,-1,-1,False,0.33901167,0.0
20260204_100826_beam1_az073,20260204_100826,1,73.0,,,/home/tobeornot8259748/projects/balloon_radar_project/data/raw/detection_dataset/train/Background_IQ/IQ_Data/20260204_100826_beam1_az073.mat,0,0.27299058,81,62,-1,-1,False,0.5374267,0.2130161
20260204_100826_beam1_az082,20260204_100826,1,82.0,,,/home/tobeornot8259748/projects/balloon_radar_project/data/raw/detection_dataset/train/Background_IQ/IQ_Data/20260204_100826_beam1_az082.mat,0,0.05226929,0,1,-1,-1,False,0.30741167,0.0
20260204_100826_beam1_az091,20260204_100826,1,91.0,,,/home/tobeornot8259748/projects/balloon_radar_project/data/raw/detection_dataset/train/Background_IQ/IQ_Data/20260204_100826_beam1_az091.mat,0,0.06385336,58,60,-1,-1,False,0.6307235,0.2140885
20260204_100826_beam1_az100,20260204_100826,1,100.0,,,/home/tobeornot8259748/projects/balloon_radar_project/data/raw/detection_dataset/train/Background_IQ/IQ_Data/20260204_100826_beam1_az100.mat,0,0.03572773,49,64,-1,-1,False,0.69340694,0.23076522
20260204_100826_beam1_az109,20260204_100826,1,109.0,,,/home/tobeornot8259748/projects/balloon_radar_project/data/raw/detection_dataset/train/Background_IQ/IQ_Data/20260204_100826_beam1_az109.mat,0,0.37789145,80,68,-1,-1,False,0.64172906,0.31161126
20260204_100826_beam1_az118,20260204_100826,1,118.0,,,/home/tobeornot8259748/projects/balloon_radar_project/data/raw/detection_dataset/train/Background_IQ/IQ_Data/20260204_100826_beam1_az118.mat,0,0.058790587,37,61,-1,-1,False,0.70421237,0.20113637
20260204_100826_beam1_az127,20260204_100826,1,127.0,,,/home/tobeornot8259748/projects/balloon_radar_project/data/raw/detection_dataset/test/Background_IQ/IQ_Data/20260204_100826_beam1_az127.mat,0,0.28567594,81,62,-1,-1,False,0.5721955,0.22013518
20260204_100826_beam1_az136,20260204_100826,1,136.0,,,/home/tobeornot8259748/projects/balloon_radar_project/data/raw/detection_dataset/train/Background_IQ/IQ_Data/20260204_100826_beam1_az136.mat,0,0.041317794,0,127,-1,-1,False,0.2729915,0.0
20260204_100826_beam1_az145,20260204_100826,1,145.0,,,/home/tobeornot8259748/projects/balloon_radar_project/data/raw/detection_dataset/train/Background_IQ/IQ_Data/20260204_100826_beam1_az145.mat,0,0.1511834,55,68,-1,-1,False,0.69239944,0.23110187
20260204_100826_beam1_az154,20260204_100826,1,154.0,,,/home/tobeornot8259748/projects/balloon_radar_project/data/raw/detection_dataset/train/Background_IQ/IQ_Data/20260204_100826_beam1_az154.mat,0,0.034893945,0,127,-1,-1,False,0.31906274,0.0
20260204_100826_beam1_az163,20260204_100826,1,163.0,,,/home/tobeornot8259748/projects/balloon_radar_project/data/raw/detection_dataset/train/Background_IQ/IQ_Data/20260204_100826_beam1_az163.mat,0,0.09120684,27,0,-1,-1,False,0.70277023,0.3656336
20260204_100826_beam1_az172,20260204_100826,1,172.0,,,/home/tobeornot8259748/projects/balloon_radar_project/data/raw/detection_dataset/val/Background_IQ/IQ_Data/20260204_100826_beam1_az172.mat,0,0.057398476,28,0,-1,-1,False,0.6269952,0.22418162
20260204_100826_beam1_az181,20260204_100826,1,181.0,,,/home/tobeornot8259748/projects/balloon_radar_project/data/raw/detection_dataset/train/Background_IQ/IQ_Data/20260204_100826_beam1_az181.mat,0,0.20937961,82,62,-1,-1,False,0.5632425,0.2852734
20260204_100826_beam1_az190,20260204_100826,1,190.0,,,/home/tobeornot8259748/projects/balloon_radar_project/data/raw/detection_dataset/val/Background_IQ/IQ_Data/20260204_100826_beam1_az190.mat,0,0.042922407,59,65,-1,-1,False,0.6853962,0.1647123
20260204_100826_beam1_az199,20260204_100826,1,199.0,,,/home/tobeornot8259748/projects/balloon_radar_project/data/raw/detection_dataset/test/Background_IQ/IQ_Data/20260204_100826_beam1_az199.mat,0,0.42113516,52,59,-1,-1,False,0.7016941,0.22470191
20260204_100826_beam2_az001,20260204_100826,2,1.0,,,/home/tobeornot8259748/projects/balloon_radar_project/data/raw/detection_dataset/test/Background_IQ/IQ_Data/20260204_100826_beam2_az001.mat,0,0.42879218,71,61,-1,-1,False,0.72150606,0.30544207
20260204_100826_beam2_az010,20260204_100826,2,10.0,,,/home/tobeornot8259748/projects/balloon_radar_project/data/raw/detection_dataset/train/Background_IQ/IQ_Data/20260204_100826_beam2_az010.mat,0,0.02683823,0,1,-1,-1,False,0.3649082,0.0
20260204_100826_beam2_az019,20260204_100826,2,19.0,,,/home/tobeornot8259748/projects/balloon_radar_project/data/raw/detection_dataset/train/Background_IQ/IQ_Data/20260204_100826_beam2_az019.mat,0,0.051896285,46,126,-1,-1,False,0.58827424,0.08770588
20260204_100826_beam2_az028,20260204_100826,2,28.0,,,/home/tobeornot8259748/projects/balloon_radar_project/data/raw/detection_dataset/train/Background_IQ/IQ_Data/20260204_100826_beam2_az028.mat,0,0.14298521,50,61,-1,-1,False,0.7315522,0.20622876
20260204_100826_beam2_az037,20260204_100826,2,37.0,,,/home/tobeornot8259748/projects/balloon_radar_project/data/raw/detection_dataset/train/Background_IQ/IQ_Data/20260204_100826_beam2_az037.mat,0,0.37720224,51,60,-1,-1,False,0.70484054,0.21944834
20260204_100826_beam2_az046,20260204_100826,2,46.0,,,/home/tobeornot8259748/projects/balloon_radar_project/data/raw/detection_dataset/train/Background_IQ/IQ_Data/20260204_100826_beam2_az046.mat,0,0.037160072,0,1,-1,-1,False,0.39067852,0.0
20260204_100826_beam2_az055,20260204_100826,2,55.0,,,/home/tobeornot8259748/projects/balloon_radar_project/data/raw/detection_dataset/train/Background_IQ/IQ_Data/20260204_100826_beam2_az055.mat,0,0.20712432,59,59,-1,-1,False,0.6408431,0.20230195
20260204_100826_beam2_az064,20260204_100826,2,64.0,,,/home/tobeornot8259748/projects/balloon_radar_project/data/raw/detection_dataset/train/Background_IQ/IQ_Data/20260204_100826_beam2_az064.mat,0,0.057057336,0,1,-1,-1,False,0.3258697,0.0
20260204_100826_beam2_az073,20260204_100826,2,73.0,,,/home/tobeornot8259748/projects/balloon_radar_project/data/raw/detection_dataset/test/Background_IQ/IQ_Data/20260204_100826_beam2_az073.mat,0,0.10466279,56,60,-1,-1,False,0.69569,0.2622237
20260204_100826_beam2_az082,20260204_100826,2,82.0,,,/home/tobeornot8259748/projects/balloon_radar_project/data/raw/detection_dataset/test/Background_IQ/IQ_Data/20260204_100826_beam2_az082.mat,0,0.04266149,21,65,-1,-1,False,0.75891936,0.5865867
20260204_100826_beam2_az091,20260204_100826,2,91.0,,,/home/tobeornot8259748/projects/balloon_radar_project/data/raw/detection_dataset/train/Background_IQ/IQ_Data/20260204_100826_beam2_az091.mat,0,0.08734735,58,60,-1,-1,False,0.6441503,0.21621488
20260204_100826_beam2_az100,20260204_100826,2,100.0,,,/home/tobeornot8259748/projects/balloon_radar_project/data/raw/detection_dataset/train/Background_IQ/IQ_Data/20260204_100826_beam2_az100.mat,0,0.05524923,49,64,-1,-1,False,0.71388346,0.22195226
20260204_100826_beam2_az109,20260204_100826,2,109.0,,,/home/tobeornot8259748/projects/balloon_radar_project/data/raw/detection_dataset/train/Background_IQ/IQ_Data/20260204_100826_beam2_az109.mat,0,0.19505538,40,60,-1,-1,False,0.7250388,0.30705574
20260204_100826_beam2_az118,20260204_100826,2,118.0,,,/home/tobeornot8259748/projects/balloon_radar_project/data/raw/detection_dataset/train/Background_IQ/IQ_Data/20260204_100826_beam2_az118.mat,0,0.12830913,40,68,-1,-1,False,0.7361407,0.22487797
20260204_100826_beam2_az127,20260204_100826,2,127.0,,,/home/tobeornot8259748/projects/balloon_radar_project/data/raw/detection_dataset/train/Background_IQ/IQ_Data/20260204_100826_beam2_az127.mat,0,0.28186113,81,62,-1,-1,False,0.5772924,0.22513585
20260204_100826_beam2_az136,20260204_100826,2,136.0,,,/home/tobeornot8259748/projects/balloon_radar_project/data/raw/detection_dataset/val/Background_IQ/IQ_Data/20260204_100826_beam2_az136.mat,0,0.13278061,11,60,-1,-1,False,0.72353196,0.391927
20260204_100826_beam2_az145,20260204_100826,2,145.0,,,/home/tobeornot8259748/projects/balloon_radar_project/data/raw/detection_dataset/train/Background_IQ/IQ_Data/20260204_100826_beam2_az145.mat,0,0.14386569,74,59,-1,-1,False,0.65080595,0.1811222
20260204_100826_beam2_az154,20260204_100826,2,154.0,,,/home/tobeornot8259748/projects/balloon_radar_project/data/raw/detection_dataset/train/Background_IQ/IQ_Data/20260204_100826_beam2_az154.mat,0,0.039531454,26,0,-1,-1,False,0.6512158,0.27743578
20260204_100826_beam2_az163,20260204_100826,2,163.0,,,/home/tobeornot8259748/projects/balloon_radar_project/data/raw/detection_dataset/train/Background_IQ/IQ_Data/20260204_100826_beam2_az163.mat,0,0.07397313,27,0,-1,-1,False,0.7223751,0.36823228
20260204_100826_beam2_az172,20260204_100826,2,172.0,,,/home/tobeornot8259748/projects/balloon_radar_project/data/raw/detection_dataset/train/Background_IQ/IQ_Data/20260204_100826_beam2_az172.mat,0,0.050491765,0,1,-1,-1,False,0.32512698,0.0
20260204_100826_beam2_az181,20260204_100826,2,181.0,,,/home/tobeornot8259748/projects/balloon_radar_project/data/raw/detection_dataset/train/Background_IQ/IQ_Data/20260204_100826_beam2_az181.mat,0,0.15564445,64,60,-1,-1,False,0.7028127,0.2817993
20260204_100826_beam2_az190,20260204_100826,2,190.0,,,/home/tobeornot8259748/projects/balloon_radar_project/data/raw/detection_dataset/train/Background_IQ/IQ_Data/20260204_100826_beam2_az190.mat,0,0.036670003,0,1,-1,-1,False,0.4322099,0.0
20260204_100826_beam2_az199,20260204_100826,2,199.0,,,/home/tobeornot8259748/projects/balloon_radar_project/data/raw/detection_dataset/train/Background_IQ/IQ_Data/20260204_100826_beam2_az199.mat,0,0.36546236,69,60,-1,-1,False,0.7265241,0.23743927
20260204_100826_beam3_az001,20260204_100826,3,1.0,,,/home/tobeornot8259748/projects/balloon_radar_project/data/raw/detection_dataset/val/Background_IQ/IQ_Data/20260204_100826_beam3_az001.mat,0,0.56360286,11,60,-1,-1,False,0.7235024,0.45246887
20260204_100826_beam3_az010,20260204_100826,3,10.0,,,/home/tobeornot8259748/projects/balloon_radar_project/data/raw/detection_dataset/val/Background_IQ/IQ_Data/20260204_100826_beam3_az010.mat,0,0.15164311,11,60,-1,-1,False,0.76062745,0.49271128
20260204_100826_beam3_az019,20260204_100826,3,19.0,,,/home/tobeornot8259748/projects/balloon_radar_project/data/raw/detection_dataset/test/Background_IQ/IQ_Data/20260204_100826_beam3_az019.mat,0,0.5467868,11,60,-1,-1,False,0.74063575,0.45879346
20260204_100826_beam3_az028,20260204_100826,3,28.0,,,/home/tobeornot8259748/projects/balloon_radar_project/data/raw/detection_dataset/train/Background_IQ/IQ_Data/20260204_100826_beam3_az028.mat,0,0.2834386,19,66,-1,-1,False,0.7649218,0.56637055
20260204_100826_beam3_az037,20260204_100826,3,37.0,,,/home/tobeornot8259748/projects/balloon_radar_project/data/raw/detection_dataset/train/Background_IQ/IQ_Data/20260204_100826_beam3_az037.mat,0,0.38971263,60,60,-1,-1,False,0.7071755,0.18411504
20260204_100826_beam3_az046,20260204_100826,3,46.0,,,/home/tobeornot8259748/projects/balloon_radar_project/data/raw/detection_dataset/train/Background_IQ/IQ_Data/20260204_100826_beam3_az046.mat,0,0.14368154,11,60,-1,-1,False,0.7460579,0.49406642
20260204_100826_beam3_az055,20260204_100826,3,55.0,,,/home/tobeornot8259748/projects/balloon_radar_project/data/raw/detection_dataset/train/Background_IQ/IQ_Data/20260204_100826_beam3_az055.mat,0,0.5468798,11,60,-1,-1,False,0.7128864,0.45495978
20260204_100826_beam3_az064,20260204_100826,3,64.0,,,/home/tobeornot8259748/projects/balloon_radar_project/data/raw/detection_dataset/train/Background_IQ/IQ_Data/20260204_100826_beam3_az064.mat,0,0.11134848,13,59,-1,-1,False,0.62299305,0.34931824
20260204_100826_beam3_az073,20260204_100826,3,73.0,,,/home/tobeornot8259748/projects/balloon_radar_project/data/raw/detection_dataset/train/Background_IQ/IQ_Data/20260204_100826_beam3_az073.mat,0,0.18903726,12,60,-1,-1,False,0.6683715,0.38054594
20260204_100826_beam3_az082,20260204_100826,3,82.0,,,/home/tobeornot8259748/projects/balloon_radar_project/data/raw/detection_dataset/train/Background_IQ/IQ_Data/20260204_100826_beam3_az082.mat,0,0.273462,12,60,-1,-1,False,0.6915044,0.46688357
20260204_100826_beam3_az091,20260204_100826,3,91.0,,,/home/tobeornot8259748/projects/balloon_radar_project/data/raw/detection_dataset/train/Background_IQ/IQ_Data/20260204_100826_beam3_az091.mat,0,0.4198031,11,60,-1,-1,False,0.70466506,0.45346045
20260204_100826_beam3_az100,20260204_100826,3,100.0,,,/home/tobeornot8259748/projects/balloon_radar_project/data/raw/detection_dataset/train/Background_IQ/IQ_Data/20260204_100826_beam3_az100.mat,0,0.30298254,11,60,-1,-1,False,0.7645045,0.47309798
20260204_100826_beam3_az109,20260204_100826,3,109.0,,,/home/tobeornot8259748/projects/balloon_radar_project/data/raw/detection_dataset/train/Background_IQ/IQ_Data/20260204_100826_beam3_az109.mat,0,0.53952324,12,60,-1,-1,False,0.71229917,0.44945014
20260204_100826_beam3_az118,20260204_100826,3,118.0,,,/home/tobeornot8259748/projects/balloon_radar_project/data/raw/detection_dataset/train/Background_IQ/IQ_Data/20260204_100826_beam3_az118.mat,0,0.20395005,13,59,-1,-1,False,0.67954105,0.37873664
20260204_100826_beam3_az127,20260204_100826,3,127.0,,,/home/tobeornot8259748/projects/balloon_radar_project/data/raw/detection_dataset/train/Background_IQ/IQ_Data/20260204_100826_beam3_az127.mat,0,0.1876343,79,59,-1,-1,False,0.6191931,0.18966891
20260204_100826_beam3_az136,20260204_100826,3,136.0,,,/home/tobeornot8259748/projects/balloon_radar_project/data/raw/detection_dataset/train/Background_IQ/IQ_Data/20260204_100826_beam3_az136.mat,0,0.051351164,11,67,-1,-1,False,0.63149804,0.39339587
20260204_100826_beam3_az145,20260204_100826,3,145.0,,,/home/tobeornot8259748/projects/balloon_radar_project/data/raw/detection_dataset/val/Background_IQ/IQ_Data/20260204_100826_beam3_az145.mat,0,0.16294932,74,59,-1,-1,False,0.656502,0.20755075
20260204_100826_beam3_az154,20260204_100826,3,154.0,,,/home/tobeornot8259748/projects/balloon_radar_project/data/raw/detection_dataset/test/Background_IQ/IQ_Data/20260204_100826_beam3_az154.mat,0,0.09385313,13,59,-1,-1,False,0.6185213,0.3136957
20260204_100826_beam3_az163,20260204_100826,3,163.0,,,/home/tobeornot8259748/projects/balloon_radar_project/data/raw/detection_dataset/train/Background_IQ/IQ_Data/20260204_100826_beam3_az163.mat,0,0.10733637,57,59,-1,-1,False,0.5945416,0.1862887
20260204_100826_beam3_az172,20260204_100826,3,172.0,,,/home/tobeornot8259748/projects/balloon_radar_project/data/raw/detection_dataset/train/Background_IQ/IQ_Data/20260204_100826_beam3_az172.mat,0,0.2313445,12,60,-1,-1,False,0.70062035,0.45604613
20260204_100826_beam3_az181,20260204_100826,3,181.0,,,/home/tobeornot8259748/projects/balloon_radar_project/data/raw/detection_dataset/train/Background_IQ/IQ_Data/20260204_100826_beam3_az181.mat,0,0.5199341,11,60,-1,-1,False,0.7070917,0.447967
20260204_100826_beam3_az190,20260204_100826,3,190.0,,,/home/tobeornot8259748/projects/balloon_radar_project/data/raw/detection_dataset/train/Background_IQ/IQ_Data/20260204_100826_beam3_az190.mat,0,0.09823869,19,66,-1,-1,False,0.79039794,0.64679015
20260204_100826_beam3_az199,20260204_100826,3,199.0,,,/home/tobeornot8259748/projects/balloon_radar_project/data/raw/detection_dataset/train/Background_IQ/IQ_Data/20260204_100826_beam3_az199.mat,0,0.3629214,67,60,-1,-1,False,0.7296282,0.23725563
20260204_100826_beam4_az001,20260204_100826,4,1.0,,,/home/tobeornot8259748/projects/balloon_radar_project/data/raw/detection_dataset/train/Background_IQ/IQ_Data/20260204_100826_beam4_az001.mat,0,0.42699102,78,62,-1,-1,False,0.6313319,0.18202633
20260204_100826_beam4_az010,20260204_100826,4,10.0,,,/home/tobeornot8259748/projects/balloon_radar_project/data/raw/detection_dataset/test/Background_IQ/IQ_Data/20260204_100826_beam4_az010.mat,0,0.058515154,49,60,-1,-1,False,0.7182463,0.16975857
20260204_100826_beam4_az019,20260204_100826,4,19.0,,,/home/tobeornot8259748/projects/balloon_radar_project/data/raw/detection_dataset/test/Background_IQ/IQ_Data/20260204_100826_beam4_az019.mat,0,0.08986492,78,65,-1,-1,False,0.62999797,0.11577319
20260204_100826_beam4_az028,20260204_100826,4,28.0,,,/home/tobeornot8259748/projects/balloon_radar_project/data/raw/detection_dataset/train/Background_IQ/IQ_Data/20260204_100826_beam4_az028.mat,0,0.070460685,58,62,-1,-1,False,0.67702556,0.108673744
20260204_100826_beam4_az037,20260204_100826,4,37.0,,,/home/tobeornot8259748/projects/balloon_radar_project/data/raw/detection_dataset/test/Background_IQ/IQ_Data/20260204_100826_beam4_az037.mat,0,0.39372906,60,60,-1,-1,False,0.73440474,0.21219812
20260204_100826_beam4_az046,20260204_100826,4,46.0,,,/home/tobeornot8259748/projects/balloon_radar_project/data/raw/detection_dataset/train/Background_IQ/IQ_Data/20260204_100826_beam4_az046.mat,0,0.046699766,0,1,-1,-1,False,0.42017424,0.0
20260204_100826_beam4_az055,20260204_100826,4,55.0,,,/home/tobeornot8259748/projects/balloon_radar_project/data/raw/detection_dataset/train/Background_IQ/IQ_Data/20260204_100826_beam4_az055.mat,0,0.25913703,64,63,-1,-1,False,0.6189843,0.1213133
20260204_100826_beam4_az064,20260204_100826,4,64.0,,,/home/tobeornot8259748/projects/balloon_radar_project/data/raw/detection_dataset/train/Background_IQ/IQ_Data/20260204_100826_beam4_az064.mat,0,0.062312473,11,60,-1,-1,False,0.7641557,0.5193314
20260204_100826_beam4_az073,20260204_100826,4,73.0,,,/home/tobeornot8259748/projects/balloon_radar_project/data/raw/detection_dataset/train/Background_IQ/IQ_Data/20260204_100826_beam4_az073.mat,0,0.067311525,54,59,-1,-1,False,0.6111479,0.16050771
20260204_100826_beam4_az082,20260204_100826,4,82.0,,,/home/tobeornot8259748/projects/balloon_radar_project/data/raw/detection_dataset/train/Background_IQ/IQ_Data/20260204_100826_beam4_az082.mat,0,0.031332027,0,1,-1,-1,False,0.3835241,0.0
20260204_100826_beam4_az091,20260204_100826,4,91.0,,,/home/tobeornot8259748/projects/balloon_radar_project/data/raw/detection_dataset/test/Background_IQ/IQ_Data/20260204_100826_beam4_az091.mat,0,0.45517468,39,68,-1,-1,False,0.70730686,0.23981628
20260204_100826_beam4_az100,20260204_100826,4,100.0,,,/home/tobeornot8259748/projects/balloon_radar_project/data/raw/detection_dataset/train/Background_IQ/IQ_Data/20260204_100826_beam4_az100.mat,0,0.038933177,81,22,-1,-1,False,0.47633308,0.0001630379
20260204_100826_beam4_az109,20260204_100826,4,109.0,,,/home/tobeornot8259748/projects/balloon_radar_project/data/raw/detection_dataset/train/Background_IQ/IQ_Data/20260204_100826_beam4_az109.mat,0,0.36514097,81,62,-1,-1,False,0.5884273,0.22658597
20260204_100826_beam4_az118,20260204_100826,4,118.0,,,/home/tobeornot8259748/projects/balloon_radar_project/data/raw/detection_dataset/test/Background_IQ/IQ_Data/20260204_100826_beam4_az118.mat,0,0.09156217,48,63,-1,-1,False,0.711585,0.27383038
20260204_100826_beam4_az127,20260204_100826,4,127.0,,,/home/tobeornot8259748/projects/balloon_radar_project/data/raw/detection_dataset/train/Background_IQ/IQ_Data/20260204_100826_beam4_az127.mat,0,0.3228771,13,60,-1,-1,False,0.7090967,0.34827092
20260204_100826_beam4_az136,20260204_100826,4,136.0,,,/home/tobeornot8259748/projects/balloon_radar_project/data/raw/detection_dataset/train/Background_IQ/IQ_Data/20260204_100826_beam4_az136.mat,0,0.22445306,14,59,-1,-1,False,0.60746443,0.24280569
20260204_100826_beam4_az145,20260204_100826,4,145.0,,,/home/tobeornot8259748/projects/balloon_radar_project/data/raw/detection_dataset/train/Background_IQ/IQ_Data/20260204_100826_beam4_az145.mat,0,0.26339424,13,60,-1,-1,False,0.7117918,0.3257083
20260204_100826_beam4_az154,20260204_100826,4,154.0,,,/home/tobeornot8259748/projects/balloon_radar_project/data/raw/detection_dataset/train/Background_IQ/IQ_Data/20260204_100826_beam4_az154.mat,0,0.26934132,14,59,-1,-1,False,0.69081557,0.29805467
20260204_100826_beam4_az163,20260204_100826,4,163.0,,,/home/tobeornot8259748/projects/balloon_radar_project/data/raw/detection_dataset/train/Background_IQ/IQ_Data/20260204_100826_beam4_az163.mat,0,0.22183451,14,59,-1,-1,False,0.62452596,0.2584496
20260204_100826_beam4_az172,20260204_100826,4,172.0,,,/home/tobeornot8259748/projects/balloon_radar_project/data/raw/detection_dataset/test/Background_IQ/IQ_Data/20260204_100826_beam4_az172.mat,0,0.052830257,29,0,-1,-1,False,0.61034256,0.19990599
20260204_100826_beam4_az181,20260204_100826,4,181.0,,,/home/tobeornot8259748/projects/balloon_radar_project/data/raw/detection_dataset/train/Background_IQ/IQ_Data/20260204_100826_beam4_az181.mat,0,0.22710061,63,59,-1,-1,False,0.7169883,0.2579472
20260204_100826_beam4_az190,20260204_100826,4,190.0,,,/home/tobeornot8259748/projects/balloon_radar_project/data/raw/detection_dataset/test/Background_IQ/IQ_Data/20260204_100826_beam4_az190.mat,0,0.064896956,28,52,-1,-1,False,0.7502667,0.13074632
20260204_100826_beam4_az199,20260204_100826,4,199.0,,,/home/tobeornot8259748/projects/balloon_radar_project/data/raw/detection_dataset/train/Background_IQ/IQ_Data/20260204_100826_beam4_az199.mat,0,0.5660216,70,68,-1,-1,False,0.72296476,0.19907814
20260204_100826_beam5_az001,20260204_100826,5,1.0,,,/home/tobeornot8259748/projects/balloon_radar_project/data/raw/detection_dataset/train/Background_IQ/IQ_Data/20260204_100826_beam5_az001.mat,0,0.19971746,77,63,-1,-1,False,0.6113942,0.13565752
20260204_100826_beam5_az010,20260204_100826,5,10.0,,,/home/tobeornot8259748/projects/balloon_radar_project/data/raw/detection_dataset/train/Background_IQ/IQ_Data/20260204_100826_beam5_az010.mat,0,0.04226697,20,1,-1,-1,False,0.5617754,0.02750795
20260204_100826_beam5_az019,20260204_100826,5,19.0,,,/home/tobeornot8259748/projects/balloon_radar_project/data/raw/detection_dataset/test/Background_IQ/IQ_Data/20260204_100826_beam5_az019.mat,0,0.3668126,78,61,-1,-1,False,0.6790496,0.17811109
20260204_100826_beam5_az028,20260204_100826,5,28.0,,,/home/tobeornot8259748/projects/balloon_radar_project/data/raw/detection_dataset/train/Background_IQ/IQ_Data/20260204_100826_beam5_az028.mat,0,0.043815773,41,126,-1,-1,False,0.620069,0.010961905
20260204_100826_beam5_az037,20260204_100826,5,37.0,,,/home/tobeornot8259748/projects/balloon_radar_project/data/raw/detection_dataset/train/Background_IQ/IQ_Data/20260204_100826_beam5_az037.mat,0,0.35767025,60,59,-1,-1,False,0.6830376,0.17114776
20260204_100826_beam5_az046,20260204_100826,5,46.0,,,/home/tobeornot8259748/projects/balloon_radar_project/data/raw/detection_dataset/train/Background_IQ/IQ_Data/20260204_100826_beam5_az046.mat,0,0.036960468,39,58,-1,-1,False,0.6924488,0.19292319
20260204_100826_beam5_az055,20260204_100826,5,55.0,,,/home/tobeornot8259748/projects/balloon_radar_project/data/raw/detection_dataset/train/Background_IQ/IQ_Data/20260204_100826_beam5_az055.mat,0,0.063808836,52,59,-1,-1,False,0.65208656,0.1235567
20260204_100826_beam5_az064,20260204_100826,5,64.0,,,/home/tobeornot8259748/projects/balloon_radar_project/data/raw/detection_dataset/val/Background_IQ/IQ_Data/20260204_100826_beam5_az064.mat,0,0.044256095,28,1,-1,-1,False,0.6631721,0.1170027
20260204_100826_beam5_az073,20260204_100826,5,73.0,,,/home/tobeornot8259748/projects/balloon_radar_project/data/raw/detection_dataset/train/Background_IQ/IQ_Data/20260204_100826_beam5_az073.mat,0,0.07517279,55,59,-1,-1,False,0.59944844,0.117271684
20260204_100826_beam5_az082,20260204_100826,5,82.0,,,/home/tobeornot8259748/projects/balloon_radar_project/data/raw/detection_dataset/train/Background_IQ/IQ_Data/20260204_100826_beam5_az082.mat,0,0.06217783,56,69,-1,-1,False,0.6079026,0.10391882
20260204_100826_beam5_az091,20260204_100826,5,91.0,,,/home/tobeornot8259748/projects/balloon_radar_project/data/raw/detection_dataset/train/Background_IQ/IQ_Data/20260204_100826_beam5_az091.mat,0,0.39211246,39,68,-1,-1,False,0.69626826,0.17857221
20260204_100826_beam5_az100,20260204_100826,5,100.0,,,/home/tobeornot8259748/projects/balloon_radar_project/data/raw/detection_dataset/train/Background_IQ/IQ_Data/20260204_100826_beam5_az100.mat,0,0.043041714,0,1,-1,-1,False,0.44429114,0.0
20260204_100826_beam5_az109,20260204_100826,5,109.0,,,/home/tobeornot8259748/projects/balloon_radar_project/data/raw/detection_dataset/train/Background_IQ/IQ_Data/20260204_100826_beam5_az109.mat,0,0.5884939,36,67,-1,-1,False,0.758158,0.38459656
20260204_100826_beam5_az118,20260204_100826,5,118.0,,,/home/tobeornot8259748/projects/balloon_radar_project/data/raw/detection_dataset/test/Background_IQ/IQ_Data/20260204_100826_beam5_az118.mat,0,0.116192505,48,63,-1,-1,False,0.6829364,0.1927099
20260204_100826_beam5_az127,20260204_100826,5,127.0,,,/home/tobeornot8259748/projects/balloon_radar_project/data/raw/detection_dataset/train/Background_IQ/IQ_Data/20260204_100826_beam5_az127.mat,0,0.23992611,69,68,-1,-1,False,0.66946524,0.27014863
20260204_100826_beam5_az136,20260204_100826,5,136.0,,,/home/tobeornot8259748/projects/balloon_radar_project/data/raw/detection_dataset/train/Background_IQ/IQ_Data/20260204_100826_beam5_az136.mat,0,0.056392808,0,1,-1,-1,False,0.2943639,0.0
20260204_100826_beam5_az145,20260204_100826,5,145.0,,,/home/tobeornot8259748/projects/balloon_radar_project/data/raw/detection_dataset/test/Background_IQ/IQ_Data/20260204_100826_beam5_az145.mat,0,0.18791841,60,68,-1,-1,False,0.5951465,0.16273156
20260204_100826_beam5_az154,20260204_100826,5,154.0,,,/home/tobeornot8259748/projects/balloon_radar_project/data/raw/detection_dataset/train/Background_IQ/IQ_Data/20260204_100826_beam5_az154.mat,0,0.05693591,26,0,-1,-1,False,0.6113629,0.23591162
20260204_100826_beam5_az163,20260204_100826,5,163.0,,,/home/tobeornot8259748/projects/balloon_radar_project/data/raw/detection_dataset/test/Background_IQ/IQ_Data/20260204_100826_beam5_az163.mat,0,0.08446305,11,68,-1,-1,False,0.72877187,0.393746
20260204_100826_beam5_az172,20260204_100826,5,172.0,,,/home/tobeornot8259748/projects/balloon_radar_project/data/raw/detection_dataset/train/Background_IQ/IQ_Data/20260204_100826_beam5_az172.mat,0,0.06753616,29,0,-1,-1,False,0.60296655,0.19628604
20260204_100826_beam5_az181,20260204_100826,5,181.0,,,/home/tobeornot8259748/projects/balloon_radar_project/data/raw/detection_dataset/val/Background_IQ/IQ_Data/20260204_100826_beam5_az181.mat,0,0.3955237,63,59,-1,-1,False,0.7087477,0.24214125
20260204_100826_beam5_az190,20260204_100826,5,190.0,,,/home/tobeornot8259748/projects/balloon_radar_project/data/raw/detection_dataset/train/Background_IQ/IQ_Data/20260204_100826_beam5_az190.mat,0,0.044502728,0,1,-1,-1,False,0.46050388,0.0
20260204_100826_beam5_az199,20260204_100826,5,199.0,,,/home/tobeornot8259748/projects/balloon_radar_project/data/raw/detection_dataset/train/Background_IQ/IQ_Data/20260204_100826_beam5_az199.mat,0,0.2179609,51,61,-1,-1,False,0.6978304,0.20342675
20260204_100845_beam1_az001,20260204_100845,1,1.0,,,/home/tobeornot8259748/projects/balloon_radar_project/data/raw/detection_dataset/train/Background_IQ/IQ_Data/20260204_100845_beam1_az001.mat,0,0.28742486,34,66,-1,-1,False,0.8780881,0.046479747
20260204_100845_beam1_az010,20260204_100845,1,10.0,,,/home/tobeornot8259748/projects/balloon_radar_project/data/raw/detection_dataset/val/Background_IQ/IQ_Data/20260204_100845_beam1_az010.mat,0,0.657474,32,60,-1,-1,False,0.771986,0.39579928
20260204_100845_beam1_az019,20260204_100845,1,19.0,,,/home/tobeornot8259748/projects/balloon_radar_project/data/raw/detection_dataset/train/Background_IQ/IQ_Data/20260204_100845_beam1_az019.mat,0,0.6582857,56,61,-1,-1,False,0.68556166,0.18408862
20260204_100845_beam1_az028,20260204_100845,1,28.0,,,/home/tobeornot8259748/projects/balloon_radar_project/data/raw/detection_dataset/train/Background_IQ/IQ_Data/20260204_100845_beam1_az028.mat,0,0.60338986,73,67,-1,-1,False,0.77848554,0.09725912
20260204_100845_beam1_az037,20260204_100845,1,37.0,,,/home/tobeornot8259748/projects/balloon_radar_project/data/raw/detection_dataset/train/Background_IQ/IQ_Data/20260204_100845_beam1_az037.mat,0,0.6245602,38,67,-1,-1,False,0.7407064,0.43968192
20260204_100845_beam1_az046,20260204_100845,1,46.0,,,/home/tobeornot8259748/projects/balloon_radar_project/data/raw/detection_dataset/val/Background_IQ/IQ_Data/20260204_100845_beam1_az046.mat,0,0.67882764,30,60,-1,-1,False,0.825565,0.26736292
20260204_100845_beam1_az055,20260204_100845,1,55.0,,,/home/tobeornot8259748/projects/balloon_radar_project/data/raw/detection_dataset/train/Background_IQ/IQ_Data/20260204_100845_beam1_az055.mat,0,0.5138611,62,61,-1,-1,False,0.7373929,0.119413584
20260204_100845_beam1_az064,20260204_100845,1,64.0,,,/home/tobeornot8259748/projects/balloon_radar_project/data/raw/detection_dataset/train/Background_IQ/IQ_Data/20260204_100845_beam1_az064.mat,0,0.45730603,52,64,-1,-1,False,0.7323885,0.1820335
20260204_100845_beam1_az073,20260204_100845,1,73.0,,,/home/tobeornot8259748/projects/balloon_radar_project/data/raw/detection_dataset/train/Background_IQ/IQ_Data/20260204_100845_beam1_az073.mat,0,0.5445235,43,69,-1,-1,False,0.8017111,0.17085181
20260204_100845_beam1_az082,20260204_100845,1,82.0,,,/home/tobeornot8259748/projects/balloon_radar_project/data/raw/detection_dataset/train/Background_IQ/IQ_Data/20260204_100845_beam1_az082.mat,0,0.83316493,30,66,-1,-1,False,0.7064053,0.39855102
20260204_100845_beam1_az091,20260204_100845,1,91.0,,,/home/tobeornot8259748/projects/balloon_radar_project/data/raw/detection_dataset/train/Background_IQ/IQ_Data/20260204_100845_beam1_az091.mat,0,0.9668869,72,71,-1,-1,False,0.7677563,0.060399923
20260204_100845_beam1_az100,20260204_100845,1,100.0,,,/home/tobeornot8259748/projects/balloon_radar_project/data/raw/detection_dataset/train/Background_IQ/IQ_Data/20260204_100845_beam1_az100.mat,0,0.72409,60,66,-1,-1,False,0.7585315,0.29165608
20260204_100845_beam1_az109,20260204_100845,1,109.0,,,/home/tobeornot8259748/projects/balloon_radar_project/data/raw/detection_dataset/train/Background_IQ/IQ_Data/20260204_100845_beam1_az109.mat,0,0.46055108,26,68,-1,-1,False,0.77530706,0.14728846
20260204_100845_beam1_az118,20260204_100845,1,118.0,,,/home/tobeornot8259748/projects/balloon_radar_project/data/raw/detection_dataset/train/Background_IQ/IQ_Data/20260204_100845_beam1_az118.mat,0,0.29927176,86,58,-1,-1,False,0.35198146,0.12688898
20260204_100845_beam1_az127,20260204_100845,1,127.0,,,/home/tobeornot8259748/projects/balloon_radar_project/data/raw/detection_dataset/train/Background_IQ/IQ_Data/20260204_100845_beam1_az127.mat,0,0.4732086,70,60,-1,-1,False,0.74541765,0.15803553
20260204_100845_beam1_az136,20260204_100845,1,136.0,,,/home/tobeornot8259748/projects/balloon_radar_project/data/raw/detection_dataset/train/Background_IQ/IQ_Data/20260204_100845_beam1_az136.mat,0,0.61085236,71,60,-1,-1,False,0.7482666,0.18979739
20260204_100845_beam1_az145,20260204_100845,1,145.0,,,/home/tobeornot8259748/projects/balloon_radar_project/data/raw/detection_dataset/train/Background_IQ/IQ_Data/20260204_100845_beam1_az145.mat,0,0.5634835,75,68,-1,-1,False,0.74102753,0.37137923
20260204_100845_beam1_az154,20260204_100845,1,154.0,,,/home/tobeornot8259748/projects/balloon_radar_project/data/raw/detection_dataset/test/Background_IQ/IQ_Data/20260204_100845_beam1_az154.mat,0,0.73002654,38,64,-1,-1,False,0.79814565,0.3756616
20260204_100845_beam1_az163,20260204_100845,1,163.0,,,/home/tobeornot8259748/projects/balloon_radar_project/data/raw/detection_dataset/val/Background_IQ/IQ_Data/20260204_100845_beam1_az163.mat,0,0.45925134,47,59,-1,-1,False,0.7128906,0.23041594
20260204_100845_beam1_az172,20260204_100845,1,172.0,,,/home/tobeornot8259748/projects/balloon_radar_project/data/raw/detection_dataset/train/Background_IQ/IQ_Data/20260204_100845_beam1_az172.mat,0,0.5791254,50,60,-1,-1,False,0.75438166,0.17564623
20260204_100845_beam1_az181,20260204_100845,1,181.0,,,/home/tobeornot8259748/projects/balloon_radar_project/data/raw/detection_dataset/train/Background_IQ/IQ_Data/20260204_100845_beam1_az181.mat,0,0.8505002,62,61,-1,-1,False,0.74815416,0.19495036
20260204_100845_beam1_az190,20260204_100845,1,190.0,,,/home/tobeornot8259748/projects/balloon_radar_project/data/raw/detection_dataset/train/Background_IQ/IQ_Data/20260204_100845_beam1_az190.mat,0,0.8267046,74,63,-1,-1,False,0.6893545,0.4575519
20260204_100845_beam1_az199,20260204_100845,1,199.0,,,/home/tobeornot8259748/projects/balloon_radar_project/data/raw/detection_dataset/train/Background_IQ/IQ_Data/20260204_100845_beam1_az199.mat,0,0.94125843,69,64,-1,-1,False,0.787609,0.27561554
20260204_100845_beam1_az208,20260204_100845,1,208.0,,,/home/tobeornot8259748/projects/balloon_radar_project/data/raw/detection_dataset/test/Background_IQ/IQ_Data/20260204_100845_beam1_az208.mat,0,0.8065251,45,64,-1,-1,False,0.7315792,0.38123548
20260204_100845_beam1_az217,20260204_100845,1,217.0,,,/home/tobeornot8259748/projects/balloon_radar_project/data/raw/detection_dataset/train/Background_IQ/IQ_Data/20260204_100845_beam1_az217.mat,0,0.89944893,61,61,-1,-1,False,0.75876117,0.062136948
20260204_100845_beam1_az226,20260204_100845,1,226.0,,,/home/tobeornot8259748/projects/balloon_radar_project/data/raw/detection_dataset/train/Background_IQ/IQ_Data/20260204_100845_beam1_az226.mat,0,0.6200185,59,61,-1,-1,False,0.6650201,0.21706586
20260204_100845_beam1_az235,20260204_100845,1,235.0,,,/home/tobeornot8259748/projects/balloon_radar_project/data/raw/detection_dataset/val/Background_IQ/IQ_Data/20260204_100845_beam1_az235.mat,0,0.57019234,25,53,-1,-1,False,0.6198708,0.082040615
20260204_100845_beam1_az244,20260204_100845,1,244.0,,,/home/tobeornot8259748/projects/balloon_radar_project/data/raw/detection_dataset/train/Background_IQ/IQ_Data/20260204_100845_beam1_az244.mat,0,0.14602971,59,67,-1,-1,False,0.6666107,0.2482136
20260204_100845_beam1_az253,20260204_100845,1,253.0,,,/home/tobeornot8259748/projects/balloon_radar_project/data/raw/detection_dataset/train/Background_IQ/IQ_Data/20260204_100845_beam1_az253.mat,0,0.5118853,53,61,-1,-1,False,0.67687064,0.1438996
20260204_100845_beam1_az262,20260204_100845,1,262.0,,,/home/tobeornot8259748/projects/balloon_radar_project/data/raw/detection_dataset/train/Background_IQ/IQ_Data/20260204_100845_beam1_az262.mat,0,0.3737033,57,60,-1,-1,False,0.685716,0.26095474
20260204_100845_beam2_az001,20260204_100845,2,1.0,,,/home/tobeornot8259748/projects/balloon_radar_project/data/raw/detection_dataset/test/Background_IQ/IQ_Data/20260204_100845_beam2_az001.mat,0,0.57767105,61,63,-1,-1,False,0.8646372,0.06863024
20260204_100845_beam2_az010,20260204_100845,2,10.0,,,/home/tobeornot8259748/projects/balloon_radar_project/data/raw/detection_dataset/train/Background_IQ/IQ_Data/20260204_100845_beam2_az010.mat,0,0.5821488,27,125,-1,-1,False,0.7243564,0.11126603
20260204_100845_beam2_az019,20260204_100845,2,19.0,,,/home/tobeornot8259748/projects/balloon_radar_project/data/raw/detection_dataset/train/Background_IQ/IQ_Data/20260204_100845_beam2_az019.mat,0,0.8219813,72,61,-1,-1,False,0.70749664,0.20901588
20260204_100845_beam2_az028,20260204_100845,2,28.0,,,/home/tobeornot8259748/projects/balloon_radar_project/data/raw/detection_dataset/val/Background_IQ/IQ_Data/20260204_100845_beam2_az028.mat,0,0.6848067,38,68,-1,-1,False,0.7951079,0.3958062
20260204_100845_beam2_az037,20260204_100845,2,37.0,,,/home/tobeornot8259748/projects/balloon_radar_project/data/raw/detection_dataset/train/Background_IQ/IQ_Data/20260204_100845_beam2_az037.mat,0,0.6131992,39,68,-1,-1,False,0.7481179,0.2726504
20260204_100845_beam2_az046,20260204_100845,2,46.0,,,/home/tobeornot8259748/projects/balloon_radar_project/data/raw/detection_dataset/train/Background_IQ/IQ_Data/20260204_100845_beam2_az046.mat,0,0.74079,39,66,-1,-1,False,0.81582856,0.17985454
20260204_100845_beam2_az055,20260204_100845,2,55.0,,,/home/tobeornot8259748/projects/balloon_radar_project/data/raw/detection_dataset/train/Background_IQ/IQ_Data/20260204_100845_beam2_az055.mat,0,0.6940916,34,60,-1,-1,False,0.78830034,0.3719578
20260204_100845_beam2_az064,20260204_100845,2,64.0,,,/home/tobeornot8259748/projects/balloon_radar_project/data/raw/detection_dataset/train/Background_IQ/IQ_Data/20260204_100845_beam2_az064.mat,0,0.76383066,72,62,-1,-1,False,0.70450515,0.32380852
20260204_100845_beam2_az073,20260204_100845,2,73.0,,,/home/tobeornot8259748/projects/balloon_radar_project/data/raw/detection_dataset/val/Background_IQ/IQ_Data/20260204_100845_beam2_az073.mat,0,0.8922278,57,64,-1,-1,False,0.8322094,0.10267505
20260204_100845_beam2_az082,20260204_100845,2,82.0,,,/home/tobeornot8259748/projects/balloon_radar_project/data/raw/detection_dataset/train/Background_IQ/IQ_Data/20260204_100845_beam2_az082.mat,0,0.7263556,71,72,-1,-1,False,0.60922736,0.19026414
20260204_100845_beam2_az091,20260204_100845,2,91.0,,,/home/tobeornot8259748/projects/balloon_radar_project/data/raw/detection_dataset/train/Background_IQ/IQ_Data/20260204_100845_beam2_az091.mat,0,0.58114225,67,61,-1,-1,False,0.80610025,0.07616823
20260204_100845_beam2_az100,20260204_100845,2,100.0,,,/home/tobeornot8259748/projects/balloon_radar_project/data/raw/detection_dataset/train/Background_IQ/IQ_Data/20260204_100845_beam2_az100.mat,0,0.55541646,58,68,-1,-1,False,0.72265524,0.32472482
20260204_100845_beam2_az109,20260204_100845,2,109.0,,,/home/tobeornot8259748/projects/balloon_radar_project/data/raw/detection_dataset/train/Background_IQ/IQ_Data/20260204_100845_beam2_az109.mat,0,0.28055197,57,62,-1,-1,False,0.7612196,0.038829233
20260204_100845_beam2_az118,20260204_100845,2,118.0,,,/home/tobeornot8259748/projects/balloon_radar_project/data/raw/detection_dataset/train/Background_IQ/IQ_Data/20260204_100845_beam2_az118.mat,0,0.6376948,40,60,-1,-1,False,0.81155616,0.14441603
20260204_100845_beam2_az127,20260204_100845,2,127.0,,,/home/tobeornot8259748/projects/balloon_radar_project/data/raw/detection_dataset/val/Background_IQ/IQ_Data/20260204_100845_beam2_az127.mat,0,0.46299294,76,59,-1,-1,False,0.7515934,0.12741508
20260204_100845_beam2_az136,20260204_100845,2,136.0,,,/home/tobeornot8259748/projects/balloon_radar_project/data/raw/detection_dataset/train/Background_IQ/IQ_Data/20260204_100845_beam2_az136.mat,0,0.6317487,61,60,-1,-1,False,0.72681946,0.21432503
20260204_100845_beam2_az145,20260204_100845,2,145.0,,,/home/tobeornot8259748/projects/balloon_radar_project/data/raw/detection_dataset/train/Background_IQ/IQ_Data/20260204_100845_beam2_az145.mat,0,0.6865237,44,60,-1,-1,False,0.73486036,0.21634728
20260204_100845_beam2_az154,20260204_100845,2,154.0,,,/home/tobeornot8259748/projects/balloon_radar_project/data/raw/detection_dataset/val/Background_IQ/IQ_Data/20260204_100845_beam2_az154.mat,0,0.6236211,51,68,-1,-1,False,0.75404143,0.21326898
20260204_100845_beam2_az163,20260204_100845,2,163.0,,,/home/tobeornot8259748/projects/balloon_radar_project/data/raw/detection_dataset/train/Background_IQ/IQ_Data/20260204_100845_beam2_az163.mat,0,0.34649393,60,60,-1,-1,False,0.74134064,0.27559575
20260204_100845_beam2_az172,20260204_100845,2,172.0,,,/home/tobeornot8259748/projects/balloon_radar_project/data/raw/detection_dataset/test/Background_IQ/IQ_Data/20260204_100845_beam2_az172.mat,0,0.8588859,49,64,-1,-1,False,0.7309055,0.28824028
20260204_100845_beam2_az181,20260204_100845,2,181.0,,,/home/tobeornot8259748/projects/balloon_radar_project/data/raw/detection_dataset/val/Background_IQ/IQ_Data/20260204_100845_beam2_az181.mat,0,0.7584148,31,60,-1,-1,False,0.79674715,0.33459044
20260204_100845_beam2_az190,20260204_100845,2,190.0,,,/home/tobeornot8259748/projects/balloon_radar_project/data/raw/detection_dataset/train/Background_IQ/IQ_Data/20260204_100845_beam2_az190.mat,0,0.6051431,12,62,-1,-1,False,0.63251257,0.5037063
20260204_100845_beam2_az199,20260204_100845,2,199.0,,,/home/tobeornot8259748/projects/balloon_radar_project/data/raw/detection_dataset/train/Background_IQ/IQ_Data/20260204_100845_beam2_az199.mat,0,0.56825554,60,62,-1,-1,False,0.7368879,0.13757746
20260204_100845_beam2_az208,20260204_100845,2,208.0,,,/home/tobeornot8259748/projects/balloon_radar_project/data/raw/detection_dataset/train/Background_IQ/IQ_Data/20260204_100845_beam2_az208.mat,0,0.81815463,47,63,-1,-1,False,0.6927908,0.40507945
20260204_100845_beam2_az217,20260204_100845,2,217.0,,,/home/tobeornot8259748/projects/balloon_radar_project/data/raw/detection_dataset/test/Background_IQ/IQ_Data/20260204_100845_beam2_az217.mat,0,0.48798087,57,63,-1,-1,False,0.768314,0.03213877
20260204_100845_beam2_az226,20260204_100845,2,226.0,,,/home/tobeornot8259748/projects/balloon_radar_project/data/raw/detection_dataset/train/Background_IQ/IQ_Data/20260204_100845_beam2_az226.mat,0,0.46882936,64,60,-1,-1,False,0.64952385,0.16668956
20260204_100845_beam2_az235,20260204_100845,2,235.0,,,/home/tobeornot8259748/projects/balloon_radar_project/data/raw/detection_dataset/train/Background_IQ/IQ_Data/20260204_100845_beam2_az235.mat,0,0.9458408,63,65,-1,-1,False,0.69229287,0.35826743
20260204_100845_beam2_az244,20260204_100845,2,244.0,,,/home/tobeornot8259748/projects/balloon_radar_project/data/raw/detection_dataset/train/Background_IQ/IQ_Data/20260204_100845_beam2_az244.mat,0,0.15768713,60,68,-1,-1,False,0.6491349,0.21239826
20260204_100845_beam2_az253,20260204_100845,2,253.0,,,/home/tobeornot8259748/projects/balloon_radar_project/data/raw/detection_dataset/test/Background_IQ/IQ_Data/20260204_100845_beam2_az253.mat,0,0.7205634,48,67,-1,-1,False,0.7141429,0.13384254
20260204_100845_beam2_az262,20260204_100845,2,262.0,,,/home/tobeornot8259748/projects/balloon_radar_project/data/raw/detection_dataset/train/Background_IQ/IQ_Data/20260204_100845_beam2_az262.mat,0,0.4703146,69,67,-1,-1,False,0.65672565,0.2873011
20260204_100845_beam3_az001,20260204_100845,3,1.0,,,/home/tobeornot8259748/projects/balloon_radar_project/data/raw/detection_dataset/train/Background_IQ/IQ_Data/20260204_100845_beam3_az001.mat,0,0.6822494,61,63,-1,-1,False,0.8643393,0.0771079
20260204_100845_beam3_az010,20260204_100845,3,10.0,,,/home/tobeornot8259748/projects/balloon_radar_project/data/raw/detection_dataset/train/Background_IQ/IQ_Data/20260204_100845_beam3_az010.mat,0,0.54636,37,68,-1,-1,False,0.7693984,0.4465977
20260204_100845_beam3_az019,20260204_100845,3,19.0,,,/home/tobeornot8259748/projects/balloon_radar_project/data/raw/detection_dataset/train/Background_IQ/IQ_Data/20260204_100845_beam3_az019.mat,0,0.66204333,73,61,-1,-1,False,0.73510486,0.13213046
20260204_100845_beam3_az028,20260204_100845,3,28.0,,,/home/tobeornot8259748/projects/balloon_radar_project/data/raw/detection_dataset/val/Background_IQ/IQ_Data/20260204_100845_beam3_az028.mat,0,0.72456306,35,60,-1,-1,False,0.7862462,0.43032405
20260204_100845_beam3_az037,20260204_100845,3,37.0,,,/home/tobeornot8259748/projects/balloon_radar_project/data/raw/detection_dataset/test/Background_IQ/IQ_Data/20260204_100845_beam3_az037.mat,0,0.7757996,69,64,-1,-1,False,0.783747,0.22215568
20260204_100845_beam3_az046,20260204_100845,3,46.0,,,/home/tobeornot8259748/projects/balloon_radar_project/data/raw/detection_dataset/train/Background_IQ/IQ_Data/20260204_100845_beam3_az046.mat,0,0.4628318,39,66,-1,-1,False,0.7839915,0.2878058
20260204_100845_beam3_az055,20260204_100845,3,55.0,,,/home/tobeornot8259748/projects/balloon_radar_project/data/raw/detection_dataset/train/Background_IQ/IQ_Data/20260204_100845_beam3_az055.mat,0,0.74127525,39,60,-1,-1,False,0.8070889,0.30877498
20260204_100845_beam3_az064,20260204_100845,3,64.0,,,/home/tobeornot8259748/projects/balloon_radar_project/data/raw/detection_dataset/train/Background_IQ/IQ_Data/20260204_100845_beam3_az064.mat,0,0.64548635,69,60,-1,-1,False,0.6886195,0.26809558
20260204_100845_beam3_az073,20260204_100845,3,73.0,,,/home/tobeornot8259748/projects/balloon_radar_project/data/raw/detection_dataset/train/Background_IQ/IQ_Data/20260204_100845_beam3_az073.mat,0,0.5772783,70,67,-1,-1,False,0.8288579,0.0783731
20260204_100845_beam3_az082,20260204_100845,3,82.0,,,/home/tobeornot8259748/projects/balloon_radar_project/data/raw/detection_dataset/val/Background_IQ/IQ_Data/20260204_100845_beam3_az082.mat,0,0.75031936,73,69,-1,-1,False,0.6987165,0.32689777
20260204_100845_beam3_az091,20260204_100845,3,91.0,,,/home/tobeornot8259748/projects/balloon_radar_project/data/raw/detection_dataset/train/Background_IQ/IQ_Data/20260204_100845_beam3_az091.mat,0,0.82874906,39,60,-1,-1,False,0.8293263,0.3394766
20260204_100845_beam3_az100,20260204_100845,3,100.0,,,/home/tobeornot8259748/projects/balloon_radar_project/data/raw/detection_dataset/val/Background_IQ/IQ_Data/20260204_100845_beam3_az100.mat,0,0.38941455,41,59,-1,-1,False,0.6856253,0.34482667
20260204_100845_beam3_az109,20260204_100845,3,109.0,,,/home/tobeornot8259748/projects/balloon_radar_project/data/raw/detection_dataset/train/Background_IQ/IQ_Data/20260204_100845_beam3_az109.mat,0,0.62305397,40,60,-1,-1,False,0.81685686,0.35774365
20260204_100845_beam3_az118,20260204_100845,3,118.0,,,/home/tobeornot8259748/projects/balloon_radar_project/data/raw/detection_dataset/val/Background_IQ/IQ_Data/20260204_100845_beam3_az118.mat,0,0.6894815,48,59,-1,-1,False,0.7600863,0.13432218
20260204_100845_beam3_az127,20260204_100845,3,127.0,,,/home/tobeornot8259748/projects/balloon_radar_project/data/raw/detection_dataset/train/Background_IQ/IQ_Data/20260204_100845_beam3_az127.mat,0,0.67923325,77,68,-1,-1,False,0.7893103,0.12034892
20260204_100845_beam3_az136,20260204_100845,3,136.0,,,/home/tobeornot8259748/projects/balloon_radar_project/data/raw/detection_dataset/train/Background_IQ/IQ_Data/20260204_100845_beam3_az136.mat,0,0.5686647,47,63,-1,-1,False,0.7501704,0.38260612
20260204_100845_beam3_az145,20260204_100845,3,145.0,,,/home/tobeornot8259748/projects/balloon_radar_project/data/raw/detection_dataset/train/Background_IQ/IQ_Data/20260204_100845_beam3_az145.mat,0,0.718388,68,65,-1,-1,False,0.7562927,0.48633683
20260204_100845_beam3_az154,20260204_100845,3,154.0,,,/home/tobeornot8259748/projects/balloon_radar_project/data/raw/detection_dataset/val/Background_IQ/IQ_Data/20260204_100845_beam3_az154.mat,0,0.48058704,73,62,-1,-1,False,0.7307471,0.3917035
20260204_100845_beam3_az163,20260204_100845,3,163.0,,,/home/tobeornot8259748/projects/balloon_radar_project/data/raw/detection_dataset/train/Background_IQ/IQ_Data/20260204_100845_beam3_az163.mat,0,0.43243858,32,68,-1,-1,False,0.7664371,0.21918239
20260204_100845_beam3_az172,20260204_100845,3,172.0,,,/home/tobeornot8259748/projects/balloon_radar_project/data/raw/detection_dataset/train/Background_IQ/IQ_Data/20260204_100845_beam3_az172.mat,0,0.7456515,74,64,-1,-1,False,0.7000467,0.3739882
20260204_100845_beam3_az181,20260204_100845,3,181.0,,,/home/tobeornot8259748/projects/balloon_radar_project/data/raw/detection_dataset/train/Background_IQ/IQ_Data/20260204_100845_beam3_az181.mat,0,0.697754,66,61,-1,-1,False,0.7800359,0.13370423
20260204_100845_beam3_az190,20260204_100845,3,190.0,,,/home/tobeornot8259748/projects/balloon_radar_project/data/raw/detection_dataset/train/Background_IQ/IQ_Data/20260204_100845_beam3_az190.mat,0,0.6084808,12,62,-1,-1,False,0.6344475,0.483854
20260204_100845_beam3_az199,20260204_100845,3,199.0,,,/home/tobeornot8259748/projects/balloon_radar_project/data/raw/detection_dataset/val/Background_IQ/IQ_Data/20260204_100845_beam3_az199.mat,0,0.7055942,67,62,-1,-1,False,0.7673346,0.25206134
20260204_100845_beam3_az208,20260204_100845,3,208.0,,,/home/tobeornot8259748/projects/balloon_radar_project/data/raw/detection_dataset/val/Background_IQ/IQ_Data/20260204_100845_beam3_az208.mat,0,0.863591,47,63,-1,-1,False,0.6924389,0.429206
20260204_100845_beam3_az217,20260204_100845,3,217.0,,,/home/tobeornot8259748/projects/balloon_radar_project/data/raw/detection_dataset/train/Background_IQ/IQ_Data/20260204_100845_beam3_az217.mat,0,0.586341,78,61,-1,-1,False,0.78369033,0.044582997
20260204_100845_beam3_az226,20260204_100845,3,226.0,,,/home/tobeornot8259748/projects/balloon_radar_project/data/raw/detection_dataset/test/Background_IQ/IQ_Data/20260204_100845_beam3_az226.mat,0,0.6775084,64,61,-1,-1,False,0.6753516,0.1933912
20260204_100845_beam3_az235,20260204_100845,3,235.0,,,/home/tobeornot8259748/projects/balloon_radar_project/data/raw/detection_dataset/train/Background_IQ/IQ_Data/20260204_100845_beam3_az235.mat,0,0.864608,63,63,-1,-1,False,0.6866747,0.34907877
20260204_100845_beam3_az244,20260204_100845,3,244.0,,,/home/tobeornot8259748/projects/balloon_radar_project/data/raw/detection_dataset/train/Background_IQ/IQ_Data/20260204_100845_beam3_az244.mat,0,0.1777544,60,68,-1,-1,False,0.6507418,0.21443275
20260204_100845_beam3_az253,20260204_100845,3,253.0,,,/home/tobeornot8259748/projects/balloon_radar_project/data/raw/detection_dataset/train/Background_IQ/IQ_Data/20260204_100845_beam3_az253.mat,0,0.69170386,47,67,-1,-1,False,0.6997594,0.16578616
20260204_100845_beam3_az262,20260204_100845,3,262.0,,,/home/tobeornot8259748/projects/balloon_radar_project/data/raw/detection_dataset/train/Background_IQ/IQ_Data/20260204_100845_beam3_az262.mat,0,0.41882634,55,68,-1,-1,False,0.6990232,0.29858384
20260204_100845_beam4_az001,20260204_100845,4,1.0,,,/home/tobeornot8259748/projects/balloon_radar_project/data/raw/detection_dataset/test/Background_IQ/IQ_Data/20260204_100845_beam4_az001.mat,0,0.31965438,78,52,-1,-1,False,0.8403049,0.010784751
20260204_100845_beam4_az010,20260204_100845,4,10.0,,,/home/tobeornot8259748/projects/balloon_radar_project/data/raw/detection_dataset/train/Background_IQ/IQ_Data/20260204_100845_beam4_az010.mat,0,0.53786755,63,68,-1,-1,False,0.7292306,0.16779411
20260204_100845_beam4_az019,20260204_100845,4,19.0,,,/home/tobeornot8259748/projects/balloon_radar_project/data/raw/detection_dataset/train/Background_IQ/IQ_Data/20260204_100845_beam4_az019.mat,0,0.61666,69,63,-1,-1,False,0.78668344,0.09357139
20260204_100845_beam4_az028,20260204_100845,4,28.0,,,/home/tobeornot8259748/projects/balloon_radar_project/data/raw/detection_dataset/train/Background_IQ/IQ_Data/20260204_100845_beam4_az028.mat,0,0.4450955,68,59,-1,-1,False,0.714172,0.14053147
20260204_100845_beam4_az037,20260204_100845,4,37.0,,,/home/tobeornot8259748/projects/balloon_radar_project/data/raw/detection_dataset/train/Background_IQ/IQ_Data/20260204_100845_beam4_az037.mat,0,0.49269283,73,69,-1,-1,False,0.81861323,0.087305985
20260204_100845_beam4_az046,20260204_100845,4,46.0,,,/home/tobeornot8259748/projects/balloon_radar_project/data/raw/detection_dataset/train/Background_IQ/IQ_Data/20260204_100845_beam4_az046.mat,0,0.43459526,39,66,-1,-1,False,0.76602143,0.528316
20260204_100845_beam4_az055,20260204_100845,4,55.0,,,/home/tobeornot8259748/projects/balloon_radar_project/data/raw/detection_dataset/test/Background_IQ/IQ_Data/20260204_100845_beam4_az055.mat,0,0.70293164,39,60,-1,-1,False,0.84139216,0.3076073
20260204_100845_beam4_az064,20260204_100845,4,64.0,,,/home/tobeornot8259748/projects/balloon_radar_project/data/raw/detection_dataset/test/Background_IQ/IQ_Data/20260204_100845_beam4_az064.mat,0,0.5885905,70,60,-1,-1,False,0.6838102,0.28308767
20260204_100845_beam4_az073,20260204_100845,4,73.0,,,/home/tobeornot8259748/projects/balloon_radar_project/data/raw/detection_dataset/train/Background_IQ/IQ_Data/20260204_100845_beam4_az073.mat,0,0.6005813,71,65,-1,-1,False,0.8292233,0.096991085
20260204_100845_beam4_az082,20260204_100845,4,82.0,,,/home/tobeornot8259748/projects/balloon_radar_project/data/raw/detection_dataset/val/Background_IQ/IQ_Data/20260204_100845_beam4_az082.mat,0,0.7127608,72,69,-1,-1,False,0.68895805,0.3137583
20260204_100845_beam4_az091,20260204_100845,4,91.0,,,/home/tobeornot8259748/projects/balloon_radar_project/data/raw/detection_dataset/train/Background_IQ/IQ_Data/20260204_100845_beam4_az091.mat,0,0.5773058,69,67,-1,-1,False,0.82962763,0.072932035
20260204_100845_beam4_az100,20260204_100845,4,100.0,,,/home/tobeornot8259748/projects/balloon_radar_project/data/raw/detection_dataset/train/Background_IQ/IQ_Data/20260204_100845_beam4_az100.mat,0,0.4167689,36,65,-1,-1,False,0.7256591,0.41722384
20260204_100845_beam4_az109,20260204_100845,4,109.0,,,/home/tobeornot8259748/projects/balloon_radar_project/data/raw/detection_dataset/train/Background_IQ/IQ_Data/20260204_100845_beam4_az109.mat,0,0.8100952,41,60,-1,-1,False,0.8458541,0.41019243
20260204_100845_beam4_az118,20260204_100845,4,118.0,,,/home/tobeornot8259748/projects/balloon_radar_project/data/raw/detection_dataset/train/Background_IQ/IQ_Data/20260204_100845_beam4_az118.mat,0,0.8396065,55,66,-1,-1,False,0.77224827,0.27561647
20260204_100845_beam4_az127,20260204_100845,4,127.0,,,/home/tobeornot8259748/projects/balloon_radar_project/data/raw/detection_dataset/test/Background_IQ/IQ_Data/20260204_100845_beam4_az127.mat,0,0.45491642,78,67,-1,-1,False,0.82389694,0.09814519
20260204_100845_beam4_az136,20260204_100845,4,136.0,,,/home/tobeornot8259748/projects/balloon_radar_project/data/raw/detection_dataset/train/Background_IQ/IQ_Data/20260204_100845_beam4_az136.mat,0,0.5993257,61,61,-1,-1,False,0.7293945,0.29872948
20260204_100845_beam4_az145,20260204_100845,4,145.0,,,/home/tobeornot8259748/projects/balloon_radar_project/data/raw/detection_dataset/test/Background_IQ/IQ_Data/20260204_100845_beam4_az145.mat,0,0.47515324,68,59,-1,-1,False,0.7503302,0.2791855
20260204_100845_beam4_az154,20260204_100845,4,154.0,,,/home/tobeornot8259748/projects/balloon_radar_project/data/raw/detection_dataset/train/Background_IQ/IQ_Data/20260204_100845_beam4_az154.mat,0,0.45577917,34,68,-1,-1,False,0.73320407,0.3842916
20260204_100845_beam4_az163,20260204_100845,4,163.0,,,/home/tobeornot8259748/projects/balloon_radar_project/data/raw/detection_dataset/train/Background_IQ/IQ_Data/20260204_100845_beam4_az163.mat,0,0.5807596,32,68,-1,-1,False,0.770186,0.20076895
20260204_100845_beam4_az172,20260204_100845,4,172.0,,,/home/tobeornot8259748/projects/balloon_radar_project/data/raw/detection_dataset/train/Background_IQ/IQ_Data/20260204_100845_beam4_az172.mat,0,0.83122927,74,64,-1,-1,False,0.6960075,0.3886009
20260204_100845_beam4_az181,20260204_100845,4,181.0,,,/home/tobeornot8259748/projects/balloon_radar_project/data/raw/detection_dataset/train/Background_IQ/IQ_Data/20260204_100845_beam4_az181.mat,0,0.8487344,64,64,-1,-1,False,0.7794063,0.1931849
20260204_100845_beam4_az190,20260204_100845,4,190.0,,,/home/tobeornot8259748/projects/balloon_radar_project/data/raw/detection_dataset/val/Background_IQ/IQ_Data/20260204_100845_beam4_az190.mat,0,0.6256844,13,62,-1,-1,False,0.62479305,0.46502358
20260204_100845_beam4_az199,20260204_100845,4,199.0,,,/home/tobeornot8259748/projects/balloon_radar_project/data/raw/detection_dataset/train/Background_IQ/IQ_Data/20260204_100845_beam4_az199.mat,0,0.38730055,52,60,-1,-1,False,0.73680764,0.084058896
20260204_100845_beam4_az208,20260204_100845,4,208.0,,,/home/tobeornot8259748/projects/balloon_radar_project/data/raw/detection_dataset/train/Background_IQ/IQ_Data/20260204_100845_beam4_az208.mat,0,0.8191611,47,63,-1,-1,False,0.69428104,0.4130171
20260204_100845_beam4_az217,20260204_100845,4,217.0,,,/home/tobeornot8259748/projects/balloon_radar_project/data/raw/detection_dataset/val/Background_IQ/IQ_Data/20260204_100845_beam4_az217.mat,0,0.38851193,61,98,-1,-1,False,0.7721216,0.0020745895
20260204_100845_beam4_az226,20260204_100845,4,226.0,,,/home/tobeornot8259748/projects/balloon_radar_project/data/raw/detection_dataset/train/Background_IQ/IQ_Data/20260204_100845_beam4_az226.mat,0,0.6055404,61,68,-1,-1,False,0.6841295,0.17795207
20260204_100845_beam4_az235,20260204_100845,4,235.0,,,/home/tobeornot8259748/projects/balloon_radar_project/data/raw/detection_dataset/train/Background_IQ/IQ_Data/20260204_100845_beam4_az235.mat,0,0.6876773,62,61,-1,-1,False,0.71293974,0.35716817
20260204_100845_beam4_az244,20260204_100845,4,244.0,,,/home/tobeornot8259748/projects/balloon_radar_project/data/raw/detection_dataset/train/Background_IQ/IQ_Data/20260204_100845_beam4_az244.mat,0,0.4018038,60,68,-1,-1,False,0.6444454,0.20326024
20260204_100845_beam4_az253,20260204_100845,4,253.0,,,/home/tobeornot8259748/projects/balloon_radar_project/data/raw/detection_dataset/train/Background_IQ/IQ_Data/20260204_100845_beam4_az253.mat,0,0.7238508,47,67,-1,-1,False,0.71782476,0.19394296
20260204_100845_beam4_az262,20260204_100845,4,262.0,,,/home/tobeornot8259748/projects/balloon_radar_project/data/raw/detection_dataset/train/Background_IQ/IQ_Data/20260204_100845_beam4_az262.mat,0,0.4790433,56,68,-1,-1,False,0.68212813,0.30757198
20260204_100845_beam5_az001,20260204_100845,5,1.0,,,/home/tobeornot8259748/projects/balloon_radar_project/data/raw/detection_dataset/train/Background_IQ/IQ_Data/20260204_100845_beam5_az001.mat,0,0.17355236,21,31,-1,-1,False,0.77828056,0.0063849087
20260204_100845_beam5_az010,20260204_100845,5,10.0,,,/home/tobeornot8259748/projects/balloon_radar_project/data/raw/detection_dataset/train/Background_IQ/IQ_Data/20260204_100845_beam5_az010.mat,0,0.49303705,46,61,-1,-1,False,0.729357,0.28349185
20260204_100845_beam5_az019,20260204_100845,5,19.0,,,/home/tobeornot8259748/projects/balloon_radar_project/data/raw/detection_dataset/train/Background_IQ/IQ_Data/20260204_100845_beam5_az019.mat,0,0.65526015,35,69,-1,-1,False,0.83102846,0.3744228
20260204_100845_beam5_az028,20260204_100845,5,28.0,,,/home/tobeornot8259748/projects/balloon_radar_project/data/raw/detection_dataset/train/Background_IQ/IQ_Data/20260204_100845_beam5_az028.mat,0,0.5982303,64,62,-1,-1,False,0.71474695,0.230129
20260204_100845_beam5_az037,20260204_100845,5,37.0,,,/home/tobeornot8259748/projects/balloon_radar_project/data/raw/detection_dataset/train/Background_IQ/IQ_Data/20260204_100845_beam5_az037.mat,0,0.4160343,55,69,-1,-1,False,0.83914584,0.11233562
20260204_100845_beam5_az046,20260204_100845,5,46.0,,,/home/tobeornot8259748/projects/balloon_radar_project/data/raw/detection_dataset/val/Background_IQ/IQ_Data/20260204_100845_beam5_az046.mat,0,0.36251703,34,59,-1,-1,False,0.71418107,0.30833933
20260204_100845_beam5_az055,20260204_100845,5,55.0,,,/home/tobeornot8259748/projects/balloon_radar_project/data/raw/detection_dataset/test/Background_IQ/IQ_Data/20260204_100845_beam5_az055.mat,0,0.52273476,59,67,-1,-1,False,0.84947187,0.0661389
20260204_100845_beam5_az064,20260204_100845,5,64.0,,,/home/tobeornot8259748/projects/balloon_radar_project/data/raw/detection_dataset/train/Background_IQ/IQ_Data/20260204_100845_beam5_az064.mat,0,0.6277154,72,62,-1,-1,False,0.69432884,0.29529732
20260204_100845_beam5_az073,20260204_100845,5,73.0,,,/home/tobeornot8259748/projects/balloon_radar_project/data/raw/detection_dataset/test/Background_IQ/IQ_Data/20260204_100845_beam5_az073.mat,0,0.6246054,70,61,-1,-1,False,0.8533354,0.08429602
20260204_100845_beam5_az082,20260204_100845,5,82.0,,,/home/tobeornot8259748/projects/balloon_radar_project/data/raw/detection_dataset/train/Background_IQ/IQ_Data/20260204_100845_beam5_az082.mat,0,0.83801275,72,74,-1,-1,False,0.62754947,0.18381466
20260204_100845_beam5_az091,20260204_100845,5,91.0,,,/home/tobeornot8259748/projects/balloon_radar_project/data/raw/detection_dataset/val/Background_IQ/IQ_Data/20260204_100845_beam5_az091.mat,0,0.4933572,70,70,-1,-1,False,0.8335756,0.04666927
20260204_100845_beam5_az100,20260204_100845,5,100.0,,,/home/tobeornot8259748/projects/balloon_radar_project/data/raw/detection_dataset/test/Background_IQ/IQ_Data/20260204_100845_beam5_az100.mat,0,0.8657417,35,64,-1,-1,False,0.7247554,0.35778612
20260204_100845_beam5_az109,20260204_100845,5,109.0,,,/home/tobeornot8259748/projects/balloon_radar_project/data/raw/detection_dataset/train/Background_IQ/IQ_Data/20260204_100845_beam5_az109.mat,0,0.61515194,42,70,-1,-1,False,0.83308613,0.2786577
20260204_100845_beam5_az118,20260204_100845,5,118.0,,,/home/tobeornot8259748/projects/balloon_radar_project/data/raw/detection_dataset/train/Background_IQ/IQ_Data/20260204_100845_beam5_az118.mat,0,0.86009306,57,61,-1,-1,False,0.7575487,0.23488592
20260204_100845_beam5_az127,20260204_100845,5,127.0,,,/home/tobeornot8259748/projects/balloon_radar_project/data/raw/detection_dataset/test/Background_IQ/IQ_Data/20260204_100845_beam5_az127.mat,0,0.4242129,25,103,-1,-1,False,0.83416206,0.020039193
20260204_100845_beam5_az136,20260204_100845,5,136.0,,,/home/tobeornot8259748/projects/balloon_radar_project/data/raw/detection_dataset/train/Background_IQ/IQ_Data/20260204_100845_beam5_az136.mat,0,0.8383822,48,64,-1,-1,False,0.746506,0.3388653
20260204_100845_beam5_az145,20260204_100845,5,145.0,,,/home/tobeornot8259748/projects/balloon_radar_project/data/raw/detection_dataset/test/Background_IQ/IQ_Data/20260204_100845_beam5_az145.mat,0,0.5071615,64,62,-1,-1,False,0.7798977,0.22950289
20260204_100845_beam5_az154,20260204_100845,5,154.0,,,/home/tobeornot8259748/projects/balloon_radar_project/data/raw/detection_dataset/test/Background_IQ/IQ_Data/20260204_100845_beam5_az154.mat,0,0.71382505,35,64,-1,-1,False,0.69390947,0.4255643
20260204_100845_beam5_az163,20260204_100845,5,163.0,,,/home/tobeornot8259748/projects/balloon_radar_project/data/raw/detection_dataset/val/Background_IQ/IQ_Data/20260204_100845_beam5_az163.mat,0,0.7018984,36,67,-1,-1,False,0.7800092,0.18982276
20260204_100845_beam5_az172,20260204_100845,5,172.0,,,/home/tobeornot8259748/projects/balloon_radar_project/data/raw/detection_dataset/train/Background_IQ/IQ_Data/20260204_100845_beam5_az172.mat,0,0.7006333,72,61,-1,-1,False,0.68839043,0.25752455
20260204_100845_beam5_az181,20260204_100845,5,181.0,,,/home/tobeornot8259748/projects/balloon_radar_project/data/raw/detection_dataset/val/Background_IQ/IQ_Data/20260204_100845_beam5_az181.mat,0,0.8712314,50,66,-1,-1,False,0.81953925,0.26384786
20260204_100845_beam5_az190,20260204_100845,5,190.0,,,/home/tobeornot8259748/projects/balloon_radar_project/data/raw/detection_dataset/train/Background_IQ/IQ_Data/20260204_100845_beam5_az190.mat,0,0.7408211,45,64,-1,-1,False,0.65672994,0.28772867
20260204_100845_beam5_az199,20260204_100845,5,199.0,,,/home/tobeornot8259748/projects/balloon_radar_project/data/raw/detection_dataset/train/Background_IQ/IQ_Data/20260204_100845_beam5_az199.mat,0,0.44939363,67,60,-1,-1,False,0.78246564,0.19856349
20260204_100845_beam5_az208,20260204_100845,5,208.0,,,/home/tobeornot8259748/projects/balloon_radar_project/data/raw/detection_dataset/train/Background_IQ/IQ_Data/20260204_100845_beam5_az208.mat,0,0.72075325,58,62,-1,-1,False,0.7199253,0.3250736
20260204_100845_beam5_az217,20260204_100845,5,217.0,,,/home/tobeornot8259748/projects/balloon_radar_project/data/raw/detection_dataset/train/Background_IQ/IQ_Data/20260204_100845_beam5_az217.mat,0,0.97635084,58,64,-1,-1,False,0.83966094,0.06215813
20260204_100845_beam5_az226,20260204_100845,5,226.0,,,/home/tobeornot8259748/projects/balloon_radar_project/data/raw/detection_dataset/train/Background_IQ/IQ_Data/20260204_100845_beam5_az226.mat,0,0.95613766,60,64,-1,-1,False,0.6990198,0.2421024
20260204_100845_beam5_az235,20260204_100845,5,235.0,,,/home/tobeornot8259748/projects/balloon_radar_project/data/raw/detection_dataset/train/Background_IQ/IQ_Data/20260204_100845_beam5_az235.mat,0,0.5033384,65,63,-1,-1,False,0.7183398,0.33690152
20260204_100845_beam5_az244,20260204_100845,5,244.0,,,/home/tobeornot8259748/projects/balloon_radar_project/data/raw/detection_dataset/val/Background_IQ/IQ_Data/20260204_100845_beam5_az244.mat,0,0.37455994,67,60,-1,-1,False,0.6949429,0.19664885
20260204_100845_beam5_az253,20260204_100845,5,253.0,,,/home/tobeornot8259748/projects/balloon_radar_project/data/raw/detection_dataset/val/Background_IQ/IQ_Data/20260204_100845_beam5_az253.mat,0,0.9736242,47,65,-1,-1,False,0.75348234,0.18114953
20260204_100845_beam5_az262,20260204_100845,5,262.0,,,/home/tobeornot8259748/projects/balloon_radar_project/data/raw/detection_dataset/train/Background_IQ/IQ_Data/20260204_100845_beam5_az262.mat,0,0.43858194,43,68,-1,-1,False,0.6970181,0.42360893
20260202_144238_beam1,20260202_144238,1,312.35,2040.0,-2.19,/home/tobeornot8259748/projects/balloon_radar_project/data/raw/detection_dataset/train/UAV_IQ/IQ_Data/20260202_144238_beam1.mat,1,0.9936227,67,76,67,76,True,0.7422607,0.23712595
20260202_144238_beam2,20260202_144238,2,311.35,2040.0,-2.19,/home/tobeornot8259748/projects/balloon_radar_project/data/raw/detection_dataset/train/UAV_IQ/IQ_Data/20260202_144238_beam2.mat,1,0.99083436,68,76,67,76,True,0.72726995,0.3516392
20260202_144238_beam3,20260202_144238,3,312.35,2040.0,-2.19,/home/tobeornot8259748/projects/balloon_radar_project/data/raw/detection_dataset/train/UAV_IQ/IQ_Data/20260202_144238_beam3.mat,1,0.99609107,66,77,67,76,True,0.736487,0.32235873
20260202_144238_beam4,20260202_144238,4,312.35,2040.0,-2.19,/home/tobeornot8259748/projects/balloon_radar_project/data/raw/detection_dataset/train/UAV_IQ/IQ_Data/20260202_144238_beam4.mat,1,0.995388,68,76,67,76,True,0.7384741,0.26050615
20260202_144246_beam1,20260202_144246,1,312.22,2040.0,-1.83,/home/tobeornot8259748/projects/balloon_radar_project/data/raw/detection_dataset/test/UAV_IQ/IQ_Data/20260202_144246_beam1.mat,1,0.9532502,68,73,67,74,True,0.7306716,0.20034027
20260202_144246_beam2,20260202_144246,2,312.22,2040.0,-1.83,/home/tobeornot8259748/projects/balloon_radar_project/data/raw/detection_dataset/test/UAV_IQ/IQ_Data/20260202_144246_beam2.mat,1,0.98060983,68,74,67,74,True,0.73136246,0.2878917
20260202_144246_beam3,20260202_144246,3,311.23,2010.0,-1.83,/home/tobeornot8259748/projects/balloon_radar_project/data/raw/detection_dataset/test/UAV_IQ/IQ_Data/20260202_144246_beam3.mat,1,0.9827985,65,72,66,74,True,0.73216414,0.3302328
20260202_144246_beam4,20260202_144246,4,311.23,2010.0,-1.83,/home/tobeornot8259748/projects/balloon_radar_project/data/raw/detection_dataset/test/UAV_IQ/IQ_Data/20260202_144246_beam4.mat,1,0.98766786,65,73,66,74,True,0.7289886,0.2626701
20260202_144246_beam5,20260202_144246,5,311.23,2010.0,-1.83,/home/tobeornot8259748/projects/balloon_radar_project/data/raw/detection_dataset/test/UAV_IQ/IQ_Data/20260202_144246_beam5.mat,1,0.97343737,65,73,66,74,True,0.7519112,0.1611013
20260202_144254_beam1,20260202_144254,1,311.76,2010.0,-2.01,/home/tobeornot8259748/projects/balloon_radar_project/data/raw/detection_dataset/test/UAV_IQ/IQ_Data/20260202_144254_beam1.mat,1,0.9847127,68,75,66,75,True,0.7099276,0.19718657
20260202_144254_beam2,20260202_144254,2,311.76,2010.0,-2.01,/home/tobeornot8259748/projects/balloon_radar_project/data/raw/detection_dataset/test/UAV_IQ/IQ_Data/20260202_144254_beam2.mat,1,0.9959294,66,75,66,75,True,0.72972125,0.36296842
20260202_144254_beam3,20260202_144254,3,311.76,2010.0,-2.01,/home/tobeornot8259748/projects/balloon_radar_project/data/raw/detection_dataset/test/UAV_IQ/IQ_Data/20260202_144254_beam3.mat,1,0.99683654,67,75,66,75,True,0.734296,0.35730806
20260202_144254_beam4,20260202_144254,4,311.76,2010.0,-2.01,/home/tobeornot8259748/projects/balloon_radar_project/data/raw/detection_dataset/test/UAV_IQ/IQ_Data/20260202_144254_beam4.mat,1,0.9967558,67,75,66,75,True,0.741221,0.27718863
20260202_144302_beam1,20260202_144302,1,312.1,1980.0,-2.19,/home/tobeornot8259748/projects/balloon_radar_project/data/raw/detection_dataset/test/UAV_IQ/IQ_Data/20260202_144302_beam1.mat,1,0.9634645,65,75,65,76,True,0.73663807,0.1771641
20260202_144302_beam2,20260202_144302,2,312.1,1980.0,-2.01,/home/tobeornot8259748/projects/balloon_radar_project/data/raw/detection_dataset/test/UAV_IQ/IQ_Data/20260202_144302_beam2.mat,1,0.98635197,66,75,65,75,True,0.7420499,0.27523878
20260202_144302_beam3,20260202_144302,3,312.1,2010.0,-2.19,/home/tobeornot8259748/projects/balloon_radar_project/data/raw/detection_dataset/test/UAV_IQ/IQ_Data/20260202_144302_beam3.mat,1,0.98900026,66,75,66,76,True,0.74832135,0.28321433
20260202_144302_beam4,20260202_144302,4,312.1,2010.0,-2.19,/home/tobeornot8259748/projects/balloon_radar_project/data/raw/detection_dataset/test/UAV_IQ/IQ_Data/20260202_144302_beam4.mat,1,0.98807645,65,75,66,76,True,0.7361824,0.23673914
20260202_144302_beam5,20260202_144302,5,312.1,2010.0,-2.19,/home/tobeornot8259748/projects/balloon_radar_project/data/raw/detection_dataset/test/UAV_IQ/IQ_Data/20260202_144302_beam5.mat,1,0.9599195,67,75,66,76,True,0.7517184,0.13467956
20260202_144311_beam1,20260202_144311,1,312.15,2010.0,3.47,/home/tobeornot8259748/projects/balloon_radar_project/data/raw/detection_dataset/train/UAV_IQ/IQ_Data/20260202_144311_beam1.mat,1,0.9852802,66,45,66,45,True,0.7503941,0.26231351
20260202_144311_beam2,20260202_144311,2,312.15,2010.0,3.47,/home/tobeornot8259748/projects/balloon_radar_project/data/raw/detection_dataset/train/UAV_IQ/IQ_Data/20260202_144311_beam2.mat,1,0.98341346,67,45,66,45,True,0.7516406,0.4104864
20260202_144311_beam3,20260202_144311,3,312.15,2010.0,3.29,/home/tobeornot8259748/projects/balloon_radar_project/data/raw/detection_dataset/train/UAV_IQ/IQ_Data/20260202_144311_beam3.mat,1,0.96814346,67,45,66,46,True,0.75901276,0.40378356
20260202_144311_beam4,20260202_144311,4,312.15,2010.0,3.47,/home/tobeornot8259748/projects/balloon_radar_project/data/raw/detection_dataset/train/UAV_IQ/IQ_Data/20260202_144311_beam4.mat,1,0.98962885,67,45,66,45,True,0.7347118,0.3313578
20260202_144311_beam5,20260202_144311,5,312.15,2010.0,3.47,/home/tobeornot8259748/projects/balloon_radar_project/data/raw/detection_dataset/train/UAV_IQ/IQ_Data/20260202_144311_beam5.mat,1,0.99068576,67,45,66,45,True,0.7534676,0.21364565
20260202_144319_beam1,20260202_144319,1,311.7,2040.0,2.19,/home/tobeornot8259748/projects/balloon_radar_project/data/raw/detection_dataset/val/UAV_IQ/IQ_Data/20260202_144319_beam1.mat,1,0.987958,66,52,67,52,True,0.7347133,0.27728805
20260202_144319_beam2,20260202_144319,2,311.7,2040.0,2.19,/home/tobeornot8259748/projects/balloon_radar_project/data/raw/detection_dataset/val/UAV_IQ/IQ_Data/20260202_144319_beam2.mat,1,0.97997653,66,52,67,52,True,0.7495822,0.38413662
20260202_144319_beam3,20260202_144319,3,311.7,2040.0,2.19,/home/tobeornot8259748/projects/balloon_radar_project/data/raw/detection_dataset/val/UAV_IQ/IQ_Data/20260202_144319_beam3.mat,1,0.97527415,66,52,67,52,True,0.74812657,0.37118337
20260202_144319_beam4,20260202_144319,4,311.7,2040.0,2.19,/home/tobeornot8259748/projects/balloon_radar_project/data/raw/detection_dataset/val/UAV_IQ/IQ_Data/20260202_144319_beam4.mat,1,0.9868699,66,52,67,52,True,0.73341525,0.3084219
20260202_144319_beam5,20260202_144319,5,311.7,2040.0,2.19,/home/tobeornot8259748/projects/balloon_radar_project/data/raw/detection_dataset/val/UAV_IQ/IQ_Data/20260202_144319_beam5.mat,1,0.99358433,67,52,67,52,True,0.75937307,0.194884
20260202_144327_beam1,20260202_144327,1,311.29,2040.0,2.19,/home/tobeornot8259748/projects/balloon_radar_project/data/raw/detection_dataset/train/UAV_IQ/IQ_Data/20260202_144327_beam1.mat,1,0.99887866,66,52,67,52,True,0.7124122,0.24333212
20260202_144327_beam2,20260202_144327,2,311.29,2040.0,2.19,/home/tobeornot8259748/projects/balloon_radar_project/data/raw/detection_dataset/train/UAV_IQ/IQ_Data/20260202_144327_beam2.mat,1,0.99584216,66,52,67,52,True,0.7136774,0.3857235
20260202_144327_beam3,20260202_144327,3,311.29,2040.0,2.19,/home/tobeornot8259748/projects/balloon_radar_project/data/raw/detection_dataset/train/UAV_IQ/IQ_Data/20260202_144327_beam3.mat,1,0.99528223,66,51,67,52,True,0.7167027,0.38875896
20260202_144327_beam4,20260202_144327,4,311.29,2070.0,2.19,/home/tobeornot8259748/projects/balloon_radar_project/data/raw/detection_dataset/train/UAV_IQ/IQ_Data/20260202_144327_beam4.mat,1,0.99700814,66,52,68,52,True,0.7139276,0.29428026
20260202_144327_beam5,20260202_144327,5,311.29,2040.0,2.19,/home/tobeornot8259748/projects/balloon_radar_project/data/raw/detection_dataset/train/UAV_IQ/IQ_Data/20260202_144327_beam5.mat,1,0.9892504,66,51,67,52,True,0.7397453,0.17087635
20260202_144335_beam1,20260202_144335,1,312.67,2070.0,2.19,/home/tobeornot8259748/projects/balloon_radar_project/data/raw/detection_dataset/train/UAV_IQ/IQ_Data/20260202_144335_beam1.mat,1,0.9918566,68,51,68,52,True,0.75046563,0.22004333
20260202_144335_beam2,20260202_144335,2,311.65,2070.0,2.38,/home/tobeornot8259748/projects/balloon_radar_project/data/raw/detection_dataset/train/UAV_IQ/IQ_Data/20260202_144335_beam2.mat,1,0.98424464,67,52,68,51,True,0.7385859,0.38104656
20260202_144335_beam3,20260202_144335,3,311.65,2070.0,2.19,/home/tobeornot8259748/projects/balloon_radar_project/data/raw/detection_dataset/train/UAV_IQ/IQ_Data/20260202_144335_beam3.mat,1,0.985918,67,52,68,52,True,0.73365974,0.3508338
20260202_144335_beam4,20260202_144335,4,311.65,2070.0,2.19,/home/tobeornot8259748/projects/balloon_radar_project/data/raw/detection_dataset/train/UAV_IQ/IQ_Data/20260202_144335_beam4.mat,1,0.99158233,69,51,68,52,True,0.7421811,0.2824101
20260202_144335_beam5,20260202_144335,5,311.65,2070.0,2.19,/home/tobeornot8259748/projects/balloon_radar_project/data/raw/detection_dataset/train/UAV_IQ/IQ_Data/20260202_144335_beam5.mat,1,0.98846495,68,51,68,52,True,0.7570296,0.16220796
20260202_144344_beam1,20260202_144344,1,311.44,2070.0,2.01,/home/tobeornot8259748/projects/balloon_radar_project/data/raw/detection_dataset/train/UAV_IQ/IQ_Data/20260202_144344_beam1.mat,1,0.9950187,70,53,68,53,True,0.71899116,0.1465946
20260202_144344_beam2,20260202_144344,2,311.44,2100.0,2.01,/home/tobeornot8259748/projects/balloon_radar_project/data/raw/detection_dataset/train/UAV_IQ/IQ_Data/20260202_144344_beam2.mat,1,0.99773204,69,53,69,53,True,0.7286458,0.26654497
20260202_144344_beam3,20260202_144344,3,311.44,2100.0,2.19,/home/tobeornot8259748/projects/balloon_radar_project/data/raw/detection_dataset/train/UAV_IQ/IQ_Data/20260202_144344_beam3.mat,1,0.9971629,69,53,69,52,True,0.7368251,0.25149977
20260202_144344_beam4,20260202_144344,4,311.44,2070.0,2.19,/home/tobeornot8259748/projects/balloon_radar_project/data/raw/detection_dataset/train/UAV_IQ/IQ_Data/20260202_144344_beam4.mat,1,0.9954289,68,53,68,52,True,0.7293315,0.16061711
20260202_144344_beam5,20260202_144344,5,312.43,2100.0,2.01,/home/tobeornot8259748/projects/balloon_radar_project/data/raw/detection_dataset/train/UAV_IQ/IQ_Data/20260202_144344_beam5.mat,1,0.99285066,69,52,69,53,True,0.74245197,0.07538517
20260202_144352_beam1,20260202_144352,1,312.52,2100.0,-2.92,/home/tobeornot8259748/projects/balloon_radar_project/data/raw/detection_dataset/train/UAV_IQ/IQ_Data/20260202_144352_beam1.mat,1,0.98301363,70,80,69,80,True,0.7213433,0.10496221
20260202_144352_beam2,20260202_144352,2,312.52,2100.0,-2.74,/home/tobeornot8259748/projects/balloon_radar_project/data/raw/detection_dataset/train/UAV_IQ/IQ_Data/20260202_144352_beam2.mat,1,0.9932421,68,80,69,79,True,0.725716,0.16242012
20260202_144352_beam3,20260202_144352,3,312.52,2100.0,-2.92,/home/tobeornot8259748/projects/balloon_radar_project/data/raw/detection_dataset/train/UAV_IQ/IQ_Data/20260202_144352_beam3.mat,1,0.9943414,68,80,69,80,True,0.7219457,0.15117604
20260202_144352_beam4,20260202_144352,4,312.52,2070.0,-2.92,/home/tobeornot8259748/projects/balloon_radar_project/data/raw/detection_dataset/train/UAV_IQ/IQ_Data/20260202_144352_beam4.mat,1,0.99210304,68,79,68,80,True,0.70776373,0.0990674
20260202_144352_beam5,20260202_144352,5,312.52,2100.0,-2.92,/home/tobeornot8259748/projects/balloon_radar_project/data/raw/detection_dataset/train/UAV_IQ/IQ_Data/20260202_144352_beam5.mat,1,0.8525065,67,78,69,80,True,0.7056734,0.032659493
20260202_144417_beam1,20260202_144417,1,311.29,2040.0,-3.29,/home/tobeornot8259748/projects/balloon_radar_project/data/raw/detection_dataset/train/UAV_IQ/IQ_Data/20260202_144417_beam1.mat,1,0.97725713,67,82,67,82,True,0.7174331,0.11629118
20260202_144417_beam2,20260202_144417,2,311.29,2010.0,-3.47,/home/tobeornot8259748/projects/balloon_radar_project/data/raw/detection_dataset/train/UAV_IQ/IQ_Data/20260202_144417_beam2.mat,1,0.9938692,67,82,66,83,True,0.749623,0.24148239
20260202_144417_beam3,20260202_144417,3,311.29,2040.0,-3.47,/home/tobeornot8259748/projects/balloon_radar_project/data/raw/detection_dataset/train/UAV_IQ/IQ_Data/20260202_144417_beam3.mat,1,0.99296325,67,82,67,83,True,0.74165183,0.2624538
20260202_144417_beam4,20260202_144417,4,311.29,2010.0,-3.29,/home/tobeornot8259748/projects/balloon_radar_project/data/raw/detection_dataset/train/UAV_IQ/IQ_Data/20260202_144417_beam4.mat,1,0.9884673,67,81,66,82,True,0.73302406,0.1900504
20260202_144417_beam5,20260202_144417,5,312.29,2010.0,-3.29,/home/tobeornot8259748/projects/balloon_radar_project/data/raw/detection_dataset/train/UAV_IQ/IQ_Data/20260202_144417_beam5.mat,1,0.9466331,64,83,66,82,True,0.7360213,0.07544828
20260202_144425_beam1,20260202_144425,1,311.55,1980.0,-3.47,/home/tobeornot8259748/projects/balloon_radar_project/data/raw/detection_dataset/test/UAV_IQ/IQ_Data/20260202_144425_beam1.mat,1,0.8467251,63,82,65,83,True,0.69928104,0.087162144
20260202_144425_beam2,20260202_144425,2,311.55,1980.0,-3.47,/home/tobeornot8259748/projects/balloon_radar_project/data/raw/detection_dataset/test/UAV_IQ/IQ_Data/20260202_144425_beam2.mat,1,0.99402314,67,82,65,83,True,0.71584713,0.1876203
20260202_144425_beam3,20260202_144425,3,311.55,2010.0,-3.47,/home/tobeornot8259748/projects/balloon_radar_project/data/raw/detection_dataset/test/UAV_IQ/IQ_Data/20260202_144425_beam3.mat,1,0.9955527,67,82,66,83,True,0.7245122,0.20132264
20260202_144425_beam4,20260202_144425,4,311.55,1980.0,-3.47,/home/tobeornot8259748/projects/balloon_radar_project/data/raw/detection_dataset/test/UAV_IQ/IQ_Data/20260202_144425_beam4.mat,1,0.9941724,66,83,65,83,True,0.7382204,0.17747147
20260202_144425_beam5,20260202_144425,5,311.55,2010.0,-3.47,/home/tobeornot8259748/projects/balloon_radar_project/data/raw/detection_dataset/test/UAV_IQ/IQ_Data/20260202_144425_beam5.mat,1,0.9686465,63,84,66,83,False,0.7418278,0.083407074
20260202_144433_beam1,20260202_144433,1,310.71,1950.0,-4.2,/home/tobeornot8259748/projects/balloon_radar_project/data/raw/detection_dataset/val/UAV_IQ/IQ_Data/20260202_144433_beam1.mat,1,0.98201776,66,88,64,87,True,0.71167946,0.1113456
20260202_144433_beam2,20260202_144433,2,310.71,1950.0,-4.2,/home/tobeornot8259748/projects/balloon_radar_project/data/raw/detection_dataset/val/UAV_IQ/IQ_Data/20260202_144433_beam2.mat,1,0.9877363,65,87,64,87,True,0.7154883,0.26044008
20260202_144433_beam3,20260202_144433,3,310.71,1950.0,-4.2,/home/tobeornot8259748/projects/balloon_radar_project/data/raw/detection_dataset/val/UAV_IQ/IQ_Data/20260202_144433_beam3.mat,1,0.985504,65,87,64,87,True,0.7251806,0.31552884
20260202_144433_beam4,20260202_144433,4,310.71,1950.0,-4.2,/home/tobeornot8259748/projects/balloon_radar_project/data/raw/detection_dataset/val/UAV_IQ/IQ_Data/20260202_144433_beam4.mat,1,0.9898463,65,87,64,87,True,0.7204732,0.26727366
20260202_144433_beam5,20260202_144433,5,311.7,1950.0,-4.2,/home/tobeornot8259748/projects/balloon_radar_project/data/raw/detection_dataset/val/UAV_IQ/IQ_Data/20260202_144433_beam5.mat,1,0.99093425,66,87,64,87,True,0.7462655,0.16571356
20260202_144458_beam1,20260202_144458,1,310.01,2010.0,5.66,/home/tobeornot8259748/projects/balloon_radar_project/data/raw/detection_dataset/test/UAV_IQ/IQ_Data/20260202_144458_beam1.mat,1,0.98207307,65,34,66,33,True,0.73228747,0.12704249
20260202_144458_beam2,20260202_144458,2,310.01,2010.0,5.66,/home/tobeornot8259748/projects/balloon_radar_project/data/raw/detection_dataset/test/UAV_IQ/IQ_Data/20260202_144458_beam2.mat,1,0.99074554,66,33,66,33,True,0.737571,0.2673221
20260202_144458_beam3,20260202_144458,3,310.01,1980.0,5.66,/home/tobeornot8259748/projects/balloon_radar_project/data/raw/detection_dataset/test/UAV_IQ/IQ_Data/20260202_144458_beam3.mat,1,0.98808086,65,33,65,33,True,0.74218035,0.29226214
20260202_144458_beam4,20260202_144458,4,310.01,2010.0,5.66,/home/tobeornot8259748/projects/balloon_radar_project/data/raw/detection_dataset/test/UAV_IQ/IQ_Data/20260202_144458_beam4.mat,1,0.9923733,65,33,66,33,True,0.7268146,0.2249256
20260202_144458_beam5,20260202_144458,5,310.01,1980.0,5.66,/home/tobeornot8259748/projects/balloon_radar_project/data/raw/detection_dataset/test/UAV_IQ/IQ_Data/20260202_144458_beam5.mat,1,0.98681307,65,33,65,33,True,0.7438783,0.121278204
20260202_144506_beam1,20260202_144506,1,310.23,2070.0,4.75,/home/tobeornot8259748/projects/balloon_radar_project/data/raw/detection_dataset/test/UAV_IQ/IQ_Data/20260202_144506_beam1.mat,1,0.9592734,66,38,68,38,True,0.700471,0.10592639
20260202_144506_beam2,20260202_144506,2,310.23,2040.0,4.75,/home/tobeornot8259748/projects/balloon_radar_project/data/raw/detection_dataset/test/UAV_IQ/IQ_Data/20260202_144506_beam2.mat,1,0.99361587,68,38,67,38,True,0.72560644,0.2174248
20260202_144506_beam3,20260202_144506,3,309.24,2070.0,4.75,/home/tobeornot8259748/projects/balloon_radar_project/data/raw/detection_dataset/test/UAV_IQ/IQ_Data/20260202_144506_beam3.mat,1,0.9897814,67,38,68,38,True,0.7350293,0.19720255
20260202_144506_beam4,20260202_144506,4,309.24,2070.0,4.75,/home/tobeornot8259748/projects/balloon_radar_project/data/raw/detection_dataset/test/UAV_IQ/IQ_Data/20260202_144506_beam4.mat,1,0.98609585,66,37,68,38,True,0.71624684,0.12572819
20260202_144506_beam5,20260202_144506,5,310.23,2040.0,4.75,/home/tobeornot8259748/projects/balloon_radar_project/data/raw/detection_dataset/test/UAV_IQ/IQ_Data/20260202_144506_beam5.mat,1,0.9500471,65,36,67,38,True,0.72627735,0.051529508
20260202_144515_beam1,20260202_144515,1,308.62,2070.0,5.3,/home/tobeornot8259748/projects/balloon_radar_project/data/raw/detection_dataset/train/UAV_IQ/IQ_Data/20260202_144515_beam1.mat,1,0.9930882,67,34,68,35,True,0.71999997,0.19534709
20260202_144515_beam2,20260202_144515,2,309.61,2070.0,5.3,/home/tobeornot8259748/projects/balloon_radar_project/data/raw/detection_dataset/train/UAV_IQ/IQ_Data/20260202_144515_beam2.mat,1,0.9955179,68,35,68,35,True,0.72132236,0.27261165
20260202_144515_beam3,20260202_144515,3,308.62,2100.0,5.3,/home/tobeornot8259748/projects/balloon_radar_project/data/raw/detection_dataset/train/UAV_IQ/IQ_Data/20260202_144515_beam3.mat,1,0.98921317,67,36,69,35,True,0.7148569,0.29610723
20260202_144515_beam4,20260202_144515,4,308.62,2100.0,5.3,/home/tobeornot8259748/projects/balloon_radar_project/data/raw/detection_dataset/train/UAV_IQ/IQ_Data/20260202_144515_beam4.mat,1,0.9942888,68,35,69,35,True,0.7254224,0.20748134
20260202_144515_beam5,20260202_144515,5,308.62,2070.0,5.3,/home/tobeornot8259748/projects/balloon_radar_project/data/raw/detection_dataset/train/UAV_IQ/IQ_Data/20260202_144515_beam5.mat,1,0.97523195,70,34,68,35,True,0.74924505,0.09880552
20260202_144523_beam1,20260202_144523,1,308.4,2130.0,5.12,/home/tobeornot8259748/projects/balloon_radar_project/data/raw/detection_dataset/train/UAV_IQ/IQ_Data/20260202_144523_beam1.mat,1,0.9706745,70,36,70,36,True,0.73892134,0.25504252
20260202_144523_beam2,20260202_144523,2,308.4,2130.0,5.12,/home/tobeornot8259748/projects/balloon_radar_project/data/raw/detection_dataset/train/UAV_IQ/IQ_Data/20260202_144523_beam2.mat,1,0.9526992,68,37,70,36,True,0.75445324,0.3384239
20260202_144523_beam3,20260202_144523,3,308.4,2100.0,5.12,/home/tobeornot8259748/projects/balloon_radar_project/data/raw/detection_dataset/train/UAV_IQ/IQ_Data/20260202_144523_beam3.mat,1,0.95986754,70,35,69,36,True,0.7590216,0.3382525
20260202_144523_beam4,20260202_144523,4,308.4,2130.0,5.12,/home/tobeornot8259748/projects/balloon_radar_project/data/raw/detection_dataset/train/UAV_IQ/IQ_Data/20260202_144523_beam4.mat,1,0.96827644,70,35,70,36,True,0.7346489,0.20897229
20260202_144523_beam5,20260202_144523,5,308.4,2130.0,5.12,/home/tobeornot8259748/projects/balloon_radar_project/data/raw/detection_dataset/train/UAV_IQ/IQ_Data/20260202_144523_beam5.mat,1,0.95951545,68,37,70,36,True,0.73577666,0.085910335
20260202_144539_beam1,20260202_144539,1,310.79,2190.0,3.29,/home/tobeornot8259748/projects/balloon_radar_project/data/raw/detection_dataset/test/UAV_IQ/IQ_Data/20260202_144539_beam1.mat,1,0.9549625,73,46,72,46,True,0.6832915,0.10686522
20260202_144539_beam2,20260202_144539,2,310.79,2190.0,3.11,/home/tobeornot8259748/projects/balloon_radar_project/data/raw/detection_dataset/test/UAV_IQ/IQ_Data/20260202_144539_beam2.mat,1,0.9758149,72,46,72,47,True,0.69801563,0.16247547
20260202_144539_beam3,20260202_144539,3,310.79,2190.0,3.29,/home/tobeornot8259748/projects/balloon_radar_project/data/raw/detection_dataset/test/UAV_IQ/IQ_Data/20260202_144539_beam3.mat,1,0.982362,71,45,72,46,True,0.6711145,0.12849015
20260202_144539_beam4,20260202_144539,4,310.79,2190.0,3.29,/home/tobeornot8259748/projects/balloon_radar_project/data/raw/detection_dataset/test/UAV_IQ/IQ_Data/20260202_144539_beam4.mat,1,0.9321768,71,47,72,46,True,0.66887933,0.04817576
20260202_144548_beam1,20260202_144548,1,311.9,2220.0,2.38,/home/tobeornot8259748/projects/balloon_radar_project/data/raw/detection_dataset/train/UAV_IQ/IQ_Data/20260202_144548_beam1.mat,1,0.9948955,73,52,73,51,True,0.7228598,0.20168428
20260202_144548_beam2,20260202_144548,2,311.9,2220.0,2.38,/home/tobeornot8259748/projects/balloon_radar_project/data/raw/detection_dataset/train/UAV_IQ/IQ_Data/20260202_144548_beam2.mat,1,0.996932,73,52,73,51,True,0.7266546,0.23020539
20260202_144548_beam3,20260202_144548,3,311.9,2220.0,2.38,/home/tobeornot8259748/projects/balloon_radar_project/data/raw/detection_dataset/train/UAV_IQ/IQ_Data/20260202_144548_beam3.mat,1,0.9965654,73,51,73,51,True,0.7255362,0.17795281
20260202_144548_beam4,20260202_144548,4,311.9,2220.0,2.38,/home/tobeornot8259748/projects/balloon_radar_project/data/raw/detection_dataset/train/UAV_IQ/IQ_Data/20260202_144548_beam4.mat,1,0.93074995,75,51,73,51,True,0.7093435,0.08952978
20260202_144556_beam1,20260202_144556,1,313.17,2250.0,-1.64,/home/tobeornot8259748/projects/balloon_radar_project/data/raw/detection_dataset/train/UAV_IQ/IQ_Data/20260202_144556_beam1.mat,1,0.994724,74,73,74,73,True,0.7436155,0.16720498
20260202_144556_beam2,20260202_144556,2,312.18,2220.0,-1.64,/home/tobeornot8259748/projects/balloon_radar_project/data/raw/detection_dataset/train/UAV_IQ/IQ_Data/20260202_144556_beam2.mat,1,0.9949397,75,73,73,73,True,0.72426456,0.15474615
20260202_144556_beam3,20260202_144556,3,312.18,2220.0,-1.64,/home/tobeornot8259748/projects/balloon_radar_project/data/raw/detection_dataset/train/UAV_IQ/IQ_Data/20260202_144556_beam3.mat,1,0.98982596,75,73,73,73,True,0.71670324,0.10726327
20260202_144604_beam1,20260202_144604,1,313.35,2190.0,-4.02,/home/tobeornot8259748/projects/balloon_radar_project/data/raw/detection_dataset/train/UAV_IQ/IQ_Data/20260202_144604_beam1.mat,1,0.990281,71,86,72,86,True,0.70444757,0.13506627
20260202_144604_beam2,20260202_144604,2,314.35,2190.0,-4.2,/home/tobeornot8259748/projects/balloon_radar_project/data/raw/detection_dataset/train/UAV_IQ/IQ_Data/20260202_144604_beam2.mat,1,0.99006104,72,86,72,87,True,0.715915,0.22449969
20260202_144604_beam3,20260202_144604,3,314.35,2220.0,-4.2,/home/tobeornot8259748/projects/balloon_radar_project/data/raw/detection_dataset/train/UAV_IQ/IQ_Data/20260202_144604_beam3.mat,1,0.9871272,74,87,73,87,True,0.6910564,0.18886203
20260202_144604_beam4,20260202_144604,4,314.35,2190.0,-4.2,/home/tobeornot8259748/projects/balloon_radar_project/data/raw/detection_dataset/train/UAV_IQ/IQ_Data/20260202_144604_beam4.mat,1,0.92570394,72,87,72,87,True,0.66811323,0.099729665
20260202_144613_beam1,20260202_144613,1,314.63,2160.0,-5.66,/home/tobeornot8259748/projects/balloon_radar_project/data/raw/detection_dataset/train/UAV_IQ/IQ_Data/20260202_144613_beam1.mat,1,0.98708946,73,95,71,95,True,0.71529317,0.17598554
20260202_144613_beam2,20260202_144613,2,314.63,2160.0,-5.66,/home/tobeornot8259748/projects/balloon_radar_project/data/raw/detection_dataset/train/UAV_IQ/IQ_Data/20260202_144613_beam2.mat,1,0.9892329,73,96,71,95,True,0.69880563,0.22877395
20260202_144613_beam3,20260202_144613,3,314.63,2160.0,-5.66,/home/tobeornot8259748/projects/balloon_radar_project/data/raw/detection_dataset/train/UAV_IQ/IQ_Data/20260202_144613_beam3.mat,1,0.9861012,73,96,71,95,True,0.6950878,0.19415772
20260202_144613_beam4,20260202_144613,4,314.63,2160.0,-5.66,/home/tobeornot8259748/projects/balloon_radar_project/data/raw/detection_dataset/train/UAV_IQ/IQ_Data/20260202_144613_beam4.mat,1,0.9564117,70,95,71,95,True,0.68530107,0.10148914
20260202_144629_beam1,20260202_144629,1,313.77,2400.0,-6.76,/home/tobeornot8259748/projects/balloon_radar_project/data/raw/detection_dataset/train/UAV_IQ/IQ_Data/20260202_144629_beam1.mat,1,0.87588215,81,100,79,101,True,0.50190336,0.079945184
20260202_144629_beam2,20260202_144629,2,313.77,2400.0,-6.76,/home/tobeornot8259748/projects/balloon_radar_project/data/raw/detection_dataset/train/UAV_IQ/IQ_Data/20260202_144629_beam2.mat,1,0.93112224,80,101,79,101,True,0.5612632,0.110928506
20260202_144629_beam3,20260202_144629,3,314.77,2400.0,-6.76,/home/tobeornot8259748/projects/balloon_radar_project/data/raw/detection_dataset/train/UAV_IQ/IQ_Data/20260202_144629_beam3.mat,1,0.92531806,69,81,79,101,False,0.7248514,0.19713515
20260202_144629_beam4,20260202_144629,4,313.77,2400.0,-6.76,/home/tobeornot8259748/projects/balloon_radar_project/data/raw/detection_dataset/train/UAV_IQ/IQ_Data/20260202_144629_beam4.mat,1,0.94362134,69,81,79,101,False,0.6941436,0.090653814
20260202_144637_beam1,20260202_144637,1,315.08,2130.0,-1.28,/home/tobeornot8259748/projects/balloon_radar_project/data/raw/detection_dataset/train/UAV_IQ/IQ_Data/20260202_144637_beam1.mat,1,0.96203053,74,69,70,71,False,0.7383523,0.20637034
20260202_144637_beam2,20260202_144637,2,315.08,2130.0,-1.1,/home/tobeornot8259748/projects/balloon_radar_project/data/raw/detection_dataset/train/UAV_IQ/IQ_Data/20260202_144637_beam2.mat,1,0.9677108,74,69,70,70,False,0.7377062,0.27913195
20260202_144637_beam3,20260202_144637,3,315.08,2130.0,-1.1,/home/tobeornot8259748/projects/balloon_radar_project/data/raw/detection_dataset/train/UAV_IQ/IQ_Data/20260202_144637_beam3.mat,1,0.9555358,72,69,70,70,True,0.73088646,0.24854366
20260202_144637_beam4,20260202_144637,4,315.08,2100.0,-1.28,/home/tobeornot8259748/projects/balloon_radar_project/data/raw/detection_dataset/train/UAV_IQ/IQ_Data/20260202_144637_beam4.mat,1,0.89204866,74,69,69,71,False,0.7266512,0.20293637
20260202_144645_beam1,20260202_144645,1,310.9,2040.0,2.01,/home/tobeornot8259748/projects/balloon_radar_project/data/raw/detection_dataset/train/UAV_IQ/IQ_Data/20260202_144645_beam1.mat,1,0.9861491,68,53,67,53,True,0.7326407,0.16472815
20260202_144645_beam2,20260202_144645,2,310.9,2070.0,2.01,/home/tobeornot8259748/projects/balloon_radar_project/data/raw/detection_dataset/train/UAV_IQ/IQ_Data/20260202_144645_beam2.mat,1,0.99385107,66,52,68,53,True,0.7235076,0.2628009
20260202_144645_beam3,20260202_144645,3,310.9,2070.0,2.01,/home/tobeornot8259748/projects/balloon_radar_project/data/raw/detection_dataset/train/UAV_IQ/IQ_Data/20260202_144645_beam3.mat,1,0.9933694,66,52,68,53,True,0.72499734,0.27724907
20260202_144645_beam4,20260202_144645,4,310.9,2040.0,2.01,/home/tobeornot8259748/projects/balloon_radar_project/data/raw/detection_dataset/train/UAV_IQ/IQ_Data/20260202_144645_beam4.mat,1,0.99405116,66,52,67,53,True,0.7211445,0.19271877
20260202_144710_beam1,20260202_144710,1,308.54,2160.0,4.2,/home/tobeornot8259748/projects/balloon_radar_project/data/raw/detection_dataset/train/UAV_IQ/IQ_Data/20260202_144710_beam1.mat,1,0.9889809,70,40,71,41,True,0.7366474,0.21171466
20260202_144710_beam2,20260202_144710,2,308.54,2160.0,4.2,/home/tobeornot8259748/projects/balloon_radar_project/data/raw/detection_dataset/train/UAV_IQ/IQ_Data/20260202_144710_beam2.mat,1,0.9905697,70,41,71,41,True,0.7313036,0.28500178
20260202_144710_beam3,20260202_144710,3,308.54,2160.0,4.2,/home/tobeornot8259748/projects/balloon_radar_project/data/raw/detection_dataset/train/UAV_IQ/IQ_Data/20260202_144710_beam3.mat,1,0.99005556,70,41,71,41,True,0.7296621,0.26271
20260202_144710_beam4,20260202_144710,4,308.54,2130.0,4.2,/home/tobeornot8259748/projects/balloon_radar_project/data/raw/detection_dataset/train/UAV_IQ/IQ_Data/20260202_144710_beam4.mat,1,0.9799058,71,41,70,41,True,0.7238428,0.15386519
20260202_144718_beam1,20260202_144718,1,310.45,2190.0,3.47,/home/tobeornot8259748/projects/balloon_radar_project/data/raw/detection_dataset/train/UAV_IQ/IQ_Data/20260202_144718_beam1.mat,1,0.9938969,74,45,72,45,True,0.72043014,0.18334873
20260202_144718_beam2,20260202_144718,2,310.45,2190.0,3.47,/home/tobeornot8259748/projects/balloon_radar_project/data/raw/detection_dataset/train/UAV_IQ/IQ_Data/20260202_144718_beam2.mat,1,0.9915878,72,45,72,45,True,0.7346558,0.2634888
20260202_144718_beam3,20260202_144718,3,310.45,2190.0,3.47,/home/tobeornot8259748/projects/balloon_radar_project/data/raw/detection_dataset/train/UAV_IQ/IQ_Data/20260202_144718_beam3.mat,1,0.9912867,74,45,72,45,True,0.7139758,0.22729819
20260202_144718_beam4,20260202_144718,4,310.45,2190.0,3.47,/home/tobeornot8259748/projects/balloon_radar_project/data/raw/detection_dataset/train/UAV_IQ/IQ_Data/20260202_144718_beam4.mat,1,0.9599652,71,45,72,45,True,0.69638664,0.11006072
20260202_144727_beam1,20260202_144727,1,311.14,2160.0,-1.46,/home/tobeornot8259748/projects/balloon_radar_project/data/raw/detection_dataset/test/UAV_IQ/IQ_Data/20260202_144727_beam1.mat,1,0.98908174,72,71,71,72,True,0.7312596,0.1546858
20260202_144727_beam2,20260202_144727,2,310.14,2190.0,-1.46,/home/tobeornot8259748/projects/balloon_radar_project/data/raw/detection_dataset/test/UAV_IQ/IQ_Data/20260202_144727_beam2.mat,1,0.9927093,73,72,72,72,True,0.7342743,0.28189197
20260202_144727_beam3,20260202_144727,3,310.14,2220.0,-1.46,/home/tobeornot8259748/projects/balloon_radar_project/data/raw/detection_dataset/test/UAV_IQ/IQ_Data/20260202_144727_beam3.mat,1,0.9921491,71,72,73,72,True,0.7234847,0.23741801
20260202_144727_beam4,20260202_144727,4,310.14,2190.0,-1.46,/home/tobeornot8259748/projects/balloon_radar_project/data/raw/detection_dataset/test/UAV_IQ/IQ_Data/20260202_144727_beam4.mat,1,0.988898,73,73,72,72,True,0.69884616,0.12254957
20260202_144735_beam1,20260202_144735,1,311.85,2160.0,-2.38,/home/tobeornot8259748/projects/balloon_radar_project/data/raw/detection_dataset/test/UAV_IQ/IQ_Data/20260202_144735_beam1.mat,1,0.9895571,70,77,71,77,True,0.72528106,0.16996154
20260202_144735_beam2,20260202_144735,2,310.85,2190.0,-2.38,/home/tobeornot8259748/projects/balloon_radar_project/data/raw/detection_dataset/test/UAV_IQ/IQ_Data/20260202_144735_beam2.mat,1,0.99347645,71,77,72,77,True,0.7424875,0.20730837
20260202_144735_beam3,20260202_144735,3,311.85,2190.0,-2.38,/home/tobeornot8259748/projects/balloon_radar_project/data/raw/detection_dataset/test/UAV_IQ/IQ_Data/20260202_144735_beam3.mat,1,0.99171054,72,77,72,77,True,0.74557203,0.222807
20260202_144735_beam4,20260202_144735,4,311.85,2190.0,-2.38,/home/tobeornot8259748/projects/balloon_radar_project/data/raw/detection_dataset/test/UAV_IQ/IQ_Data/20260202_144735_beam4.mat,1,0.9829843,73,77,72,77,True,0.71364576,0.11721744
20260202_144751_beam1,20260202_144751,1,312.01,2160.0,-4.75,/home/tobeornot8259748/projects/balloon_radar_project/data/raw/detection_dataset/train/UAV_IQ/IQ_Data/20260202_144751_beam1.mat,1,0.99719256,71,90,71,90,True,0.7270226,0.22262955
20260202_144751_beam2,20260202_144751,2,312.01,2160.0,-4.75,/home/tobeornot8259748/projects/balloon_radar_project/data/raw/detection_dataset/train/UAV_IQ/IQ_Data/20260202_144751_beam2.mat,1,0.9961894,71,90,71,90,True,0.73247206,0.32902592
20260202_144751_beam3,20260202_144751,3,312.01,2160.0,-4.75,/home/tobeornot8259748/projects/balloon_radar_project/data/raw/detection_dataset/train/UAV_IQ/IQ_Data/20260202_144751_beam3.mat,1,0.9949694,69,91,71,90,True,0.7292591,0.2745178
20260202_144751_beam4,20260202_144751,4,312.01,2160.0,-4.75,/home/tobeornot8259748/projects/balloon_radar_project/data/raw/detection_dataset/train/UAV_IQ/IQ_Data/20260202_144751_beam4.mat,1,0.9974554,71,90,71,90,True,0.7294483,0.18548389
20260202_144751_beam5,20260202_144751,5,312.01,2160.0,-4.75,/home/tobeornot8259748/projects/balloon_radar_project/data/raw/detection_dataset/train/UAV_IQ/IQ_Data/20260202_144751_beam5.mat,1,0.9843056,69,89,71,90,True,0.73947173,0.07224533
20260202_144800_beam1,20260202_144800,1,311.28,2100.0,-5.48,/home/tobeornot8259748/projects/balloon_radar_project/data/raw/detection_dataset/train/UAV_IQ/IQ_Data/20260202_144800_beam1.mat,1,0.8612974,70,93,69,94,True,0.69295824,0.13707124
20260202_144800_beam2,20260202_144800,2,311.28,2100.0,-5.48,/home/tobeornot8259748/projects/balloon_radar_project/data/raw/detection_dataset/train/UAV_IQ/IQ_Data/20260202_144800_beam2.mat,1,0.97860783,68,94,69,94,True,0.7165337,0.214866
20260202_144800_beam3,20260202_144800,3,311.28,2100.0,-5.48,/home/tobeornot8259748/projects/balloon_radar_project/data/raw/detection_dataset/train/UAV_IQ/IQ_Data/20260202_144800_beam3.mat,1,0.98140407,68,94,69,94,True,0.7169372,0.19840041
20260202_144800_beam4,20260202_144800,4,310.26,2100.0,-5.48,/home/tobeornot8259748/projects/balloon_radar_project/data/raw/detection_dataset/train/UAV_IQ/IQ_Data/20260202_144800_beam4.mat,1,0.9704807,70,94,69,94,True,0.7077308,0.13729478
20260202_144808_beam1,20260202_144808,1,310.72,2040.0,-5.48,/home/tobeornot8259748/projects/balloon_radar_project/data/raw/detection_dataset/test/UAV_IQ/IQ_Data/20260202_144808_beam1.mat,1,0.8364609,66,93,67,94,True,0.63838136,0.07840979
20260202_144808_beam2,20260202_144808,2,310.72,2040.0,-5.66,/home/tobeornot8259748/projects/balloon_radar_project/data/raw/detection_dataset/test/UAV_IQ/IQ_Data/20260202_144808_beam2.mat,1,0.98983747,68,95,67,95,True,0.6992895,0.17966983
20260202_144808_beam3,20260202_144808,3,310.72,2040.0,-5.66,/home/tobeornot8259748/projects/balloon_radar_project/data/raw/detection_dataset/test/UAV_IQ/IQ_Data/20260202_144808_beam3.mat,1,0.9914089,68,95,67,95,True,0.71642965,0.19438934
20260202_144808_beam4,20260202_144808,4,310.72,2070.0,-5.66,/home/tobeornot8259748/projects/balloon_radar_project/data/raw/detection_dataset/test/UAV_IQ/IQ_Data/20260202_144808_beam4.mat,1,0.98083603,68,95,68,95,True,0.6955482,0.12414534
20260202_144816_beam1,20260202_144816,1,311.14,2040.0,2.56,/home/tobeornot8259748/projects/balloon_radar_project/data/raw/detection_dataset/val/UAV_IQ/IQ_Data/20260202_144816_beam1.mat,1,0.9863794,68,50,67,50,True,0.70972407,0.12206715
20260202_144816_beam2,20260202_144816,2,310.14,2010.0,2.56,/home/tobeornot8259748/projects/balloon_radar_project/data/raw/detection_dataset/val/UAV_IQ/IQ_Data/20260202_144816_beam2.mat,1,0.9955291,66,50,66,50,True,0.74292564,0.2723701
20260202_144816_beam3,20260202_144816,3,311.14,2040.0,2.56,/home/tobeornot8259748/projects/balloon_radar_project/data/raw/detection_dataset/val/UAV_IQ/IQ_Data/20260202_144816_beam3.mat,1,0.9847348,68,50,67,50,True,0.71846086,0.22901522
20260202_144816_beam4,20260202_144816,4,311.14,2010.0,2.56,/home/tobeornot8259748/projects/balloon_radar_project/data/raw/detection_dataset/val/UAV_IQ/IQ_Data/20260202_144816_beam4.mat,1,0.9908722,68,50,66,50,True,0.7076071,0.17660943
20260202_144816_beam5,20260202_144816,5,311.14,2010.0,2.56,/home/tobeornot8259748/projects/balloon_radar_project/data/raw/detection_dataset/val/UAV_IQ/IQ_Data/20260202_144816_beam5.mat,1,0.9747907,65,49,66,50,True,0.74236614,0.08903763
20260202_144825_beam1,20260202_144825,1,311.13,2070.0,5.3,/home/tobeornot8259748/projects/balloon_radar_project/data/raw/detection_dataset/train/UAV_IQ/IQ_Data/20260202_144825_beam1.mat,1,0.99748695,66,35,68,35,True,0.7144162,0.25435552
20260202_144825_beam2,20260202_144825,2,311.13,2070.0,5.3,/home/tobeornot8259748/projects/balloon_radar_project/data/raw/detection_dataset/train/UAV_IQ/IQ_Data/20260202_144825_beam2.mat,1,0.9845442,67,37,68,35,True,0.7431545,0.42141518
20260202_144825_beam3,20260202_144825,3,311.13,2040.0,5.12,/home/tobeornot8259748/projects/balloon_radar_project/data/raw/detection_dataset/train/UAV_IQ/IQ_Data/20260202_144825_beam3.mat,1,0.9783466,66,37,67,36,True,0.7401292,0.4169313
20260202_144825_beam4,20260202_144825,4,310.14,2070.0,5.3,/home/tobeornot8259748/projects/balloon_radar_project/data/raw/detection_dataset/train/UAV_IQ/IQ_Data/20260202_144825_beam4.mat,1,0.9945339,66,35,68,35,True,0.7119448,0.25119764
20260202_144825_beam5,20260202_144825,5,310.14,2040.0,5.3,/home/tobeornot8259748/projects/balloon_radar_project/data/raw/detection_dataset/train/UAV_IQ/IQ_Data/20260202_144825_beam5.mat,1,0.9870179,66,35,67,35,True,0.7440974,0.13050304
20260202_144833_beam1,20260202_144833,1,310.72,2100.0,5.48,/home/tobeornot8259748/projects/balloon_radar_project/data/raw/detection_dataset/train/UAV_IQ/IQ_Data/20260202_144833_beam1.mat,1,0.98993593,71,35,69,34,True,0.71334916,0.19996184
20260202_144833_beam2,20260202_144833,2,309.73,2100.0,5.48,/home/tobeornot8259748/projects/balloon_radar_project/data/raw/detection_dataset/train/UAV_IQ/IQ_Data/20260202_144833_beam2.mat,1,0.9689586,67,32,69,34,True,0.69974464,0.3364129
20260202_144833_beam3,20260202_144833,3,309.73,2100.0,5.48,/home/tobeornot8259748/projects/balloon_radar_project/data/raw/detection_dataset/train/UAV_IQ/IQ_Data/20260202_144833_beam3.mat,1,0.9796408,67,34,69,34,True,0.6989094,0.33821774
20260202_144833_beam4,20260202_144833,4,309.73,2100.0,5.48,/home/tobeornot8259748/projects/balloon_radar_project/data/raw/detection_dataset/train/UAV_IQ/IQ_Data/20260202_144833_beam4.mat,1,0.9928341,67,35,69,34,True,0.6890934,0.2294848
20260202_144833_beam5,20260202_144833,5,310.72,2100.0,5.48,/home/tobeornot8259748/projects/balloon_radar_project/data/raw/detection_dataset/train/UAV_IQ/IQ_Data/20260202_144833_beam5.mat,1,0.9762462,71,35,69,34,True,0.7395379,0.08650764
20260202_144841_beam1,20260202_144841,1,311.27,2160.0,5.3,/home/tobeornot8259748/projects/balloon_radar_project/data/raw/detection_dataset/test/UAV_IQ/IQ_Data/20260202_144841_beam1.mat,1,0.9922907,69,35,71,35,True,0.6842531,0.14837563
20260202_144841_beam2,20260202_144841,2,310.26,2160.0,5.12,/home/tobeornot8259748/projects/balloon_radar_project/data/raw/detection_dataset/test/UAV_IQ/IQ_Data/20260202_144841_beam2.mat,1,0.9934906,69,35,71,36,True,0.68446106,0.20121701
20260202_144841_beam3,20260202_144841,3,310.26,2130.0,5.3,/home/tobeornot8259748/projects/balloon_radar_project/data/raw/detection_dataset/test/UAV_IQ/IQ_Data/20260202_144841_beam3.mat,1,0.99186605,69,35,70,35,True,0.68802583,0.18350352
20260202_144841_beam4,20260202_144841,4,310.26,2130.0,5.12,/home/tobeornot8259748/projects/balloon_radar_project/data/raw/detection_dataset/test/UAV_IQ/IQ_Data/20260202_144841_beam4.mat,1,0.98118687,69,35,70,36,True,0.67481756,0.09039382
20260202_144849_beam1,20260202_144849,1,310.6,2190.0,5.12,/home/tobeornot8259748/projects/balloon_radar_project/data/raw/detection_dataset/train/UAV_IQ/IQ_Data/20260202_144849_beam1.mat,1,0.96760267,74,37,72,36,True,0.69137806,0.08392542
20260202_144849_beam2,20260202_144849,2,310.6,2190.0,5.12,/home/tobeornot8259748/projects/balloon_radar_project/data/raw/detection_dataset/train/UAV_IQ/IQ_Data/20260202_144849_beam2.mat,1,0.98657155,74,37,72,36,True,0.6906722,0.13751423
20260202_144849_beam3,20260202_144849,3,310.6,2190.0,5.12,/home/tobeornot8259748/projects/balloon_radar_project/data/raw/detection_dataset/train/UAV_IQ/IQ_Data/20260202_144849_beam3.mat,1,0.9773243,74,37,72,36,True,0.69625086,0.108602285
20260202_144849_beam4,20260202_144849,4,310.6,2220.0,5.12,/home/tobeornot8259748/projects/balloon_radar_project/data/raw/detection_dataset/train/UAV_IQ/IQ_Data/20260202_144849_beam4.mat,1,0.52100646,74,40,73,36,False,0.681753,0.033474788
20260202_144857_beam1,20260202_144857,1,310.39,2220.0,-3.11,/home/tobeornot8259748/projects/balloon_radar_project/data/raw/detection_dataset/test/UAV_IQ/IQ_Data/20260202_144857_beam1.mat,1,0.9414404,74,82,73,81,True,0.7026054,0.07511354
20260202_144857_beam2,20260202_144857,2,310.39,2190.0,-3.11,/home/tobeornot8259748/projects/balloon_radar_project/data/raw/detection_dataset/test/UAV_IQ/IQ_Data/20260202_144857_beam2.mat,1,0.9917721,74,82,72,81,True,0.71793133,0.12122229
20260202_144857_beam3,20260202_144857,3,310.39,2220.0,-3.11,/home/tobeornot8259748/projects/balloon_radar_project/data/raw/detection_dataset/test/UAV_IQ/IQ_Data/20260202_144857_beam3.mat,1,0.958638,74,81,73,81,True,0.7085566,0.102138415
20260202_144857_beam4,20260202_144857,4,310.39,2190.0,-3.11,/home/tobeornot8259748/projects/balloon_radar_project/data/raw/detection_dataset/test/UAV_IQ/IQ_Data/20260202_144857_beam4.mat,1,0.6725272,78,64,72,81,False,0.7127902,0.12514827
20260202_144906_beam1,20260202_144906,1,310.47,2130.0,-5.66,/home/tobeornot8259748/projects/balloon_radar_project/data/raw/detection_dataset/val/UAV_IQ/IQ_Data/20260202_144906_beam1.mat,1,0.98132473,69,93,70,95,True,0.6907996,0.06844206
20260202_144906_beam2,20260202_144906,2,310.47,2130.0,-5.66,/home/tobeornot8259748/projects/balloon_radar_project/data/raw/detection_dataset/val/UAV_IQ/IQ_Data/20260202_144906_beam2.mat,1,0.98612493,71,94,70,95,True,0.72505987,0.13650568
20260202_144906_beam3,20260202_144906,3,310.47,2130.0,-5.66,/home/tobeornot8259748/projects/balloon_radar_project/data/raw/detection_dataset/val/UAV_IQ/IQ_Data/20260202_144906_beam3.mat,1,0.9832609,72,95,70,95,True,0.7073457,0.1060864
20260202_144906_beam4,20260202_144906,4,310.47,2130.0,-5.66,/home/tobeornot8259748/projects/balloon_radar_project/data/raw/detection_dataset/val/UAV_IQ/IQ_Data/20260202_144906_beam4.mat,1,0.79545724,73,97,70,95,False,0.6770582,0.039000697
20260202_144914_beam1,20260202_144914,1,310.21,2130.0,-5.85,/home/tobeornot8259748/projects/balloon_radar_project/data/raw/detection_dataset/train/UAV_IQ/IQ_Data/20260202_144914_beam1.mat,1,0.5979326,37,70,70,96,False,0.74464655,0.34950253
20260202_144914_beam2,20260202_144914,2,310.21,2100.0,-5.85,/home/tobeornot8259748/projects/balloon_radar_project/data/raw/detection_dataset/train/UAV_IQ/IQ_Data/20260202_144914_beam2.mat,1,0.9270971,67,95,69,96,True,0.634695,0.079211265
20260202_144914_beam3,20260202_144914,3,310.21,2100.0,-5.85,/home/tobeornot8259748/projects/balloon_radar_project/data/raw/detection_dataset/train/UAV_IQ/IQ_Data/20260202_144914_beam3.mat,1,0.888374,67,97,69,96,True,0.6507437,0.07828787
20260202_144914_beam4,20260202_144914,4,311.19,2130.0,-5.85,/home/tobeornot8259748/projects/balloon_radar_project/data/raw/detection_dataset/train/UAV_IQ/IQ_Data/20260202_144914_beam4.mat,1,0.5972832,40,72,70,96,False,0.6794084,0.10471749
20260202_144922_beam1,20260202_144922,1,311.42,2040.0,-4.75,/home/tobeornot8259748/projects/balloon_radar_project/data/raw/detection_dataset/train/UAV_IQ/IQ_Data/20260202_144922_beam1.mat,1,0.97862566,69,89,67,90,True,0.7272788,0.13756561
20260202_144922_beam2,20260202_144922,2,310.42,2070.0,-4.57,/home/tobeornot8259748/projects/balloon_radar_project/data/raw/detection_dataset/train/UAV_IQ/IQ_Data/20260202_144922_beam2.mat,1,0.9919831,67,90,68,89,True,0.7415662,0.35368901
20260202_144922_beam3,20260202_144922,3,310.42,2070.0,-4.75,/home/tobeornot8259748/projects/balloon_radar_project/data/raw/detection_dataset/train/UAV_IQ/IQ_Data/20260202_144922_beam3.mat,1,0.99220383,67,89,68,90,True,0.73329365,0.3381286
20260202_144922_beam4,20260202_144922,4,310.42,2070.0,-4.75,/home/tobeornot8259748/projects/balloon_radar_project/data/raw/detection_dataset/train/UAV_IQ/IQ_Data/20260202_144922_beam4.mat,1,0.9958689,67,89,68,90,True,0.7357378,0.23759992
20260202_144922_beam5,20260202_144922,5,310.42,2070.0,-4.57,/home/tobeornot8259748/projects/balloon_radar_project/data/raw/detection_dataset/train/UAV_IQ/IQ_Data/20260202_144922_beam5.mat,1,0.9816232,67,89,68,89,True,0.7604679,0.12012744
20260202_144931_beam1,20260202_144931,1,311.92,2040.0,-4.75,/home/tobeornot8259748/projects/balloon_radar_project/data/raw/detection_dataset/val/UAV_IQ/IQ_Data/20260202_144931_beam1.mat,1,0.89508295,69,90,67,90,True,0.6853186,0.06288243
20260202_144931_beam2,20260202_144931,2,311.92,2040.0,-4.75,/home/tobeornot8259748/projects/balloon_radar_project/data/raw/detection_dataset/val/UAV_IQ/IQ_Data/20260202_144931_beam2.mat,1,0.9968755,65,89,67,90,True,0.73627526,0.16620065
20260202_144931_beam3,20260202_144931,3,310.94,2010.0,-4.75,/home/tobeornot8259748/projects/balloon_radar_project/data/raw/detection_dataset/val/UAV_IQ/IQ_Data/20260202_144931_beam3.mat,1,0.98934174,67,90,66,90,True,0.7189843,0.14308712
20260202_144931_beam4,20260202_144931,4,311.92,2040.0,-4.75,/home/tobeornot8259748/projects/balloon_radar_project/data/raw/detection_dataset/val/UAV_IQ/IQ_Data/20260202_144931_beam4.mat,1,0.9925248,68,89,67,90,True,0.7173751,0.11507199
20260202_144939_beam1,20260202_144939,1,311.75,2010.0,3.11,/home/tobeornot8259748/projects/balloon_radar_project/data/raw/detection_dataset/train/UAV_IQ/IQ_Data/20260202_144939_beam1.mat,1,0.99463636,64,47,66,47,True,0.7275959,0.15605737
20260202_144939_beam2,20260202_144939,2,311.75,2010.0,3.11,/home/tobeornot8259748/projects/balloon_radar_project/data/raw/detection_dataset/train/UAV_IQ/IQ_Data/20260202_144939_beam2.mat,1,0.9957468,64,47,66,47,True,0.72180563,0.2658892
20260202_144939_beam3,20260202_144939,3,311.75,2010.0,3.11,/home/tobeornot8259748/projects/balloon_radar_project/data/raw/detection_dataset/train/UAV_IQ/IQ_Data/20260202_144939_beam3.mat,1,0.99309933,64,47,66,47,True,0.7235846,0.27363002
20260202_144939_beam4,20260202_144939,4,311.75,1980.0,3.11,/home/tobeornot8259748/projects/balloon_radar_project/data/raw/detection_dataset/train/UAV_IQ/IQ_Data/20260202_144939_beam4.mat,1,0.99449545,64,47,65,47,True,0.7232955,0.22718151
20260202_144939_beam5,20260202_144939,5,311.75,1980.0,3.11,/home/tobeornot8259748/projects/balloon_radar_project/data/raw/detection_dataset/train/UAV_IQ/IQ_Data/20260202_144939_beam5.mat,1,0.99623483,64,47,65,47,True,0.74226856,0.13134682
20260202_144947_beam1,20260202_144947,1,311.78,2040.0,5.85,/home/tobeornot8259748/projects/balloon_radar_project/data/raw/detection_dataset/train/UAV_IQ/IQ_Data/20260202_144947_beam1.mat,1,0.9927798,66,32,67,32,True,0.7326878,0.19216295
20260202_144947_beam2,20260202_144947,2,310.77,2010.0,5.85,/home/tobeornot8259748/projects/balloon_radar_project/data/raw/detection_dataset/train/UAV_IQ/IQ_Data/20260202_144947_beam2.mat,1,0.9913298,66,31,66,32,True,0.7361694,0.2587093
20260202_144947_beam3,20260202_144947,3,311.78,2040.0,5.85,/home/tobeornot8259748/projects/balloon_radar_project/data/raw/detection_dataset/train/UAV_IQ/IQ_Data/20260202_144947_beam3.mat,1,0.9820633,66,32,67,32,True,0.73650724,0.35232687
20260202_144947_beam4,20260202_144947,4,311.78,2040.0,5.85,/home/tobeornot8259748/projects/balloon_radar_project/data/raw/detection_dataset/train/UAV_IQ/IQ_Data/20260202_144947_beam4.mat,1,0.9908502,66,32,67,32,True,0.7343972,0.27098936
20260202_144947_beam5,20260202_144947,5,311.78,2010.0,5.85,/home/tobeornot8259748/projects/balloon_radar_project/data/raw/detection_dataset/train/UAV_IQ/IQ_Data/20260202_144947_beam5.mat,1,0.9911737,68,32,66,32,True,0.7481395,0.15227185
20260202_144955_beam1,20260202_144955,1,312.18,2070.0,5.85,/home/tobeornot8259748/projects/balloon_radar_project/data/raw/detection_dataset/train/UAV_IQ/IQ_Data/20260202_144955_beam1.mat,1,0.9971444,67,31,68,32,True,0.7129178,0.17393097
20260202_144955_beam2,20260202_144955,2,312.18,2070.0,6.03,/home/tobeornot8259748/projects/balloon_radar_project/data/raw/detection_dataset/train/UAV_IQ/IQ_Data/20260202_144955_beam2.mat,1,0.9955929,67,31,68,31,True,0.71382934,0.25097397
20260202_144955_beam3,20260202_144955,3,311.2,2070.0,5.85,/home/tobeornot8259748/projects/balloon_radar_project/data/raw/detection_dataset/train/UAV_IQ/IQ_Data/20260202_144955_beam3.mat,1,0.99101675,67,31,68,32,True,0.7192911,0.27972835
20260202_144955_beam4,20260202_144955,4,311.2,2070.0,5.85,/home/tobeornot8259748/projects/balloon_radar_project/data/raw/detection_dataset/train/UAV_IQ/IQ_Data/20260202_144955_beam4.mat,1,0.9987663,67,31,68,32,True,0.7195518,0.20532048
20260202_144955_beam5,20260202_144955,5,312.18,2100.0,5.85,/home/tobeornot8259748/projects/balloon_radar_project/data/raw/detection_dataset/train/UAV_IQ/IQ_Data/20260202_144955_beam5.mat,1,0.9903224,67,31,69,32,True,0.7268182,0.08722943
20260202_145004_beam1,20260202_145004,1,312.92,2130.0,5.3,/home/tobeornot8259748/projects/balloon_radar_project/data/raw/detection_dataset/val/UAV_IQ/IQ_Data/20260202_145004_beam1.mat,1,0.9621718,70,35,70,35,True,0.73553187,0.16462885
20260202_145004_beam2,20260202_145004,2,311.9,2130.0,5.3,/home/tobeornot8259748/projects/balloon_radar_project/data/raw/detection_dataset/val/UAV_IQ/IQ_Data/20260202_145004_beam2.mat,1,0.98335546,71,35,70,35,True,0.7602518,0.34238034
20260202_145004_beam3,20260202_145004,3,311.9,2130.0,5.3,/home/tobeornot8259748/projects/balloon_radar_project/data/raw/detection_dataset/val/UAV_IQ/IQ_Data/20260202_145004_beam3.mat,1,0.9732361,71,35,70,35,True,0.75159216,0.30114016
20260202_145004_beam4,20260202_145004,4,312.92,2130.0,5.3,/home/tobeornot8259748/projects/balloon_radar_project/data/raw/detection_dataset/val/UAV_IQ/IQ_Data/20260202_145004_beam4.mat,1,0.9677862,70,35,70,35,True,0.72879493,0.13267301
20260202_145012_beam1,20260202_145012,1,311.05,2190.0,5.12,/home/tobeornot8259748/projects/balloon_radar_project/data/raw/detection_dataset/train/UAV_IQ/IQ_Data/20260202_145012_beam1.mat,1,0.9933936,70,36,72,36,True,0.699592,0.08697894
20260202_145012_beam2,20260202_145012,2,311.05,2160.0,5.12,/home/tobeornot8259748/projects/balloon_radar_project/data/raw/detection_dataset/train/UAV_IQ/IQ_Data/20260202_145012_beam2.mat,1,0.99304247,70,36,71,36,True,0.70906353,0.13940197
20260202_145012_beam3,20260202_145012,3,311.05,2160.0,5.12,/home/tobeornot8259748/projects/balloon_radar_project/data/raw/detection_dataset/train/UAV_IQ/IQ_Data/20260202_145012_beam3.mat,1,0.9866338,71,36,71,36,True,0.7063645,0.11782009
20260202_145012_beam4,20260202_145012,4,311.05,2160.0,5.12,/home/tobeornot8259748/projects/balloon_radar_project/data/raw/detection_dataset/train/UAV_IQ/IQ_Data/20260202_145012_beam4.mat,1,0.9295792,70,35,71,36,True,0.68215513,0.049523924
