split,target_present,sample_id,mat_path,label_path,beam_layer,azimuth_deg,distance_m,velocity_mps
train,0,20260204_100739_beam1_az010,/home/tobeornot8259748/projects/balloon_radar_project/data/raw/detection_dataset/train/Background_IQ/IQ_Data/20260204_100739_beam1_az010.mat,,,,,
train,0,20260204_100739_beam1_az037,/home/tobeornot8259748/projects/balloon_radar_project/data/raw/detection_dataset/train/Background_IQ/IQ_Data/20260204_100739_beam1_az037.mat,,,,,
train,0,20260204_100739_beam1_az046,/home/tobeornot8259748/projects/balloon_radar_project/data/raw/detection_dataset/train/Background_IQ/IQ_Data/20260204_100739_beam1_az046.mat,,,,,
train,0,20260204_100739_beam1_az055,/home/tobeornot8259748/projects/balloon_radar_project/data/raw/detection_dataset/train/Background_IQ/IQ_Data/20260204_100739_beam1_az055.mat,,,,,
train,0,20260204_100739_beam1_az073,/home/tobeornot8259748/projects/balloon_radar_project/data/raw/detection_dataset/train/Background_IQ/IQ_Data/20260204_100739_beam1_az073.mat,,,,,
train,0,20260204_100739_beam1_az082,/home/tobeornot8259748/projects/balloon_radar_project/data/raw/detection_dataset/train/Background_IQ/IQ_Data/20260204_100739_beam1_az082.mat,,,,,
train,0,20260204_100739_beam1_az091,/home/tobeornot8259748/projects/balloon_radar_project/data/raw/detection_dataset/train/Background_IQ/IQ_Data/20260204_100739_beam1_az091.mat,,,,,
train,0,20260204_100739_beam1_az109,/home/tobeornot8259748/projects/balloon_radar_project/data/raw/detection_dataset/train/Background_IQ/IQ_Data/20260204_100739_beam1_az109.mat,,,,,
train,0,20260204_100739_beam1_az118,/home/tobeornot8259748/projects/balloon_radar_project/data/raw/detection_dataset/train/Background_IQ/IQ_Data/20260204_100739_beam1_az118.mat,,,,,
train,0,20260204_100739_beam1_az127,/home/tobeornot8259748/projects/balloon_radar_project/data/raw/detection_dataset/train/Background_IQ/IQ_Data/20260204_100739_beam1_az127.mat,,,,,
train,0,20260204_100739_beam1_az145,/home/tobeornot8259748/projects/balloon_radar_project/data/raw/detection_dataset/train/Background_IQ/IQ_Data/20260204_100739_beam1_az145.mat,,,,,
train,0,20260204_100739_beam1_az154,/home/tobeornot8259748/projects/balloon_radar_project/data/raw/detection_dataset/train/Background_IQ/IQ_Data/20260204_100739_beam1_az154.mat,,,,,
train,0,20260204_100739_beam1_az163,/home/tobeornot8259748/projects/balloon_radar_project/data/raw/detection_dataset/train/Background_IQ/IQ_Data/20260204_100739_beam1_az163.mat,,,,,
train,0,20260204_100739_beam1_az181,/home/tobeornot8259748/projects/balloon_radar_project/data/raw/detection_dataset/train/Background_IQ/IQ_Data/20260204_100739_beam1_az181.mat,,,,,
train,0,20260204_100739_beam1_az199,/home/tobeornot8259748/projects/balloon_radar_project/data/raw/detection_dataset/train/Background_IQ/IQ_Data/20260204_100739_beam1_az199.mat,,,,,
train,0,20260204_100739_beam1_az208,/home/tobeornot8259748/projects/balloon_radar_project/data/raw/detection_dataset/train/Background_IQ/IQ_Data/20260204_100739_beam1_az208.mat,,,,,
train,0,20260204_100739_beam1_az217,/home/tobeornot8259748/projects/balloon_radar_project/data/raw/detection_dataset/train/Background_IQ/IQ_Data/20260204_100739_beam1_az217.mat,,,,,
train,0,20260204_100739_beam1_az226,/home/tobeornot8259748/projects/balloon_radar_project/data/raw/detection_dataset/train/Background_IQ/IQ_Data/20260204_100739_beam1_az226.mat,,,,,
train,0,20260204_100739_beam1_az235,/home/tobeornot8259748/projects/balloon_radar_project/data/raw/detection_dataset/train/Background_IQ/IQ_Data/20260204_100739_beam1_az235.mat,,,,,
train,0,20260204_100739_beam1_az244,/home/tobeornot8259748/projects/balloon_radar_project/data/raw/detection_dataset/train/Background_IQ/IQ_Data/20260204_100739_beam1_az244.mat,,,,,
train,0,20260204_100739_beam1_az253,/home/tobeornot8259748/projects/balloon_radar_project/data/raw/detection_dataset/train/Background_IQ/IQ_Data/20260204_100739_beam1_az253.mat,,,,,
train,0,20260204_100739_beam1_az262,/home/tobeornot8259748/projects/balloon_radar_project/data/raw/detection_dataset/train/Background_IQ/IQ_Data/20260204_100739_beam1_az262.mat,,,,,
train,0,20260204_100739_beam2_az001,/home/tobeornot8259748/projects/balloon_radar_project/data/raw/detection_dataset/train/Background_IQ/IQ_Data/20260204_100739_beam2_az001.mat,,,,,
train,0,20260204_100739_beam2_az010,/home/tobeornot8259748/projects/balloon_radar_project/data/raw/detection_dataset/train/Background_IQ/IQ_Data/20260204_100739_beam2_az010.mat,,,,,
train,0,20260204_100739_beam2_az028,/home/tobeornot8259748/projects/balloon_radar_project/data/raw/detection_dataset/train/Background_IQ/IQ_Data/20260204_100739_beam2_az028.mat,,,,,
train,0,20260204_100739_beam2_az037,/home/tobeornot8259748/projects/balloon_radar_project/data/raw/detection_dataset/train/Background_IQ/IQ_Data/20260204_100739_beam2_az037.mat,,,,,
train,0,20260204_100739_beam2_az046,/home/tobeornot8259748/projects/balloon_radar_project/data/raw/detection_dataset/train/Background_IQ/IQ_Data/20260204_100739_beam2_az046.mat,,,,,
train,0,20260204_100739_beam2_az055,/home/tobeornot8259748/projects/balloon_radar_project/data/raw/detection_dataset/train/Background_IQ/IQ_Data/20260204_100739_beam2_az055.mat,,,,,
train,0,20260204_100739_beam2_az064,/home/tobeornot8259748/projects/balloon_radar_project/data/raw/detection_dataset/train/Background_IQ/IQ_Data/20260204_100739_beam2_az064.mat,,,,,
train,0,20260204_100739_beam2_az073,/home/tobeornot8259748/projects/balloon_radar_project/data/raw/detection_dataset/train/Background_IQ/IQ_Data/20260204_100739_beam2_az073.mat,,,,,
train,0,20260204_100739_beam2_az082,/home/tobeornot8259748/projects/balloon_radar_project/data/raw/detection_dataset/train/Background_IQ/IQ_Data/20260204_100739_beam2_az082.mat,,,,,
train,0,20260204_100739_beam2_az091,/home/tobeornot8259748/projects/balloon_radar_project/data/raw/detection_dataset/train/Background_IQ/IQ_Data/20260204_100739_beam2_az091.mat,,,,,
train,0,20260204_100739_beam2_az100,/home/tobeornot8259748/projects/balloon_radar_project/data/raw/detection_dataset/train/Background_IQ/IQ_Data/20260204_100739_beam2_az100.mat,,,,,
train,0,20260204_100739_beam2_az109,/home/tobeornot8259748/projects/balloon_radar_project/data/raw/detection_dataset/train/Background_IQ/IQ_Data/20260204_100739_beam2_az109.mat,,,,,
train,0,20260204_100739_beam2_az118,/home/tobeornot8259748/projects/balloon_radar_project/data/raw/detection_dataset/train/Background_IQ/IQ_Data/20260204_100739_beam2_az118.mat,,,,,
train,0,20260204_100739_beam2_az127,/home/tobeornot8259748/projects/balloon_radar_project/data/raw/detection_dataset/train/Background_IQ/IQ_Data/20260204_100739_beam2_az127.mat,,,,,
train,0,20260204_100739_beam2_az136,/home/tobeornot8259748/projects/balloon_radar_project/data/raw/detection_dataset/train/Background_IQ/IQ_Data/20260204_100739_beam2_az136.mat,,,,,
train,0,20260204_100739_beam2_az145,/home/tobeornot8259748/projects/balloon_radar_project/data/raw/detection_dataset/train/Background_IQ/IQ_Data/20260204_100739_beam2_az145.mat,,,,,
train,0,20260204_100739_beam2_az154,/home/tobeornot8259748/projects/balloon_radar_project/data/raw/detection_dataset/train/Background_IQ/IQ_Data/20260204_100739_beam2_az154.mat,,,,,
train,0,20260204_100739_beam2_az172,/home/tobeornot8259748/projects/balloon_radar_project/data/raw/detection_dataset/train/Background_IQ/IQ_Data/20260204_100739_beam2_az172.mat,,,,,
train,0,20260204_100739_beam2_az181,/home/tobeornot8259748/projects/balloon_radar_project/data/raw/detection_dataset/train/Background_IQ/IQ_Data/20260204_100739_beam2_az181.mat,,,,,
train,0,20260204_100739_beam2_az199,/home/tobeornot8259748/projects/balloon_radar_project/data/raw/detection_dataset/train/Background_IQ/IQ_Data/20260204_100739_beam2_az199.mat,,,,,
train,0,20260204_100739_beam2_az208,/home/tobeornot8259748/projects/balloon_radar_project/data/raw/detection_dataset/train/Background_IQ/IQ_Data/20260204_100739_beam2_az208.mat,,,,,
train,0,20260204_100739_beam2_az217,/home/tobeornot8259748/projects/balloon_radar_project/data/raw/detection_dataset/train/Background_IQ/IQ_Data/20260204_100739_beam2_az217.mat,,,,,
train,0,20260204_100739_beam2_az235,/home/tobeornot8259748/projects/balloon_radar_project/data/raw/detection_dataset/train/Background_IQ/IQ_Data/20260204_100739_beam2_az235.mat,,,,,
train,0,20260204_100739_beam3_az010,/home/tobeornot8259748/projects/balloon_radar_project/data/raw/detection_dataset/train/Background_IQ/IQ_Data/20260204_100739_beam3_az010.mat,,,,,
train,0,20260204_100739_beam3_az028,/home/tobeornot8259748/projects/balloon_radar_project/data/raw/detection_dataset/train/Background_IQ/IQ_Data/20260204_100739_beam3_az028.mat,,,,,
train,0,20260204_100739_beam3_az037,/home/tobeornot8259748/projects/balloon_radar_project/data/raw/detection_dataset/train/Background_IQ/IQ_Data/20260204_100739_beam3_az037.mat,,,,,
train,0,20260204_100739_beam3_az055,/home/tobeornot8259748/projects/balloon_radar_project/data/raw/detection_dataset/train/Background_IQ/IQ_Data/20260204_100739_beam3_az055.mat,,,,,
train,0,20260204_100739_beam3_az073,/home/tobeornot8259748/projects/balloon_radar_project/data/raw/detection_dataset/train/Background_IQ/IQ_Data/20260204_100739_beam3_az073.mat,,,,,
train,0,20260204_100739_beam3_az100,/home/tobeornot8259748/projects/balloon_radar_project/data/raw/detection_dataset/train/Background_IQ/IQ_Data/20260204_100739_beam3_az100.mat,,,,,
train,0,20260204_100739_beam3_az127,/home/tobeornot8259748/projects/balloon_radar_project/data/raw/detection_dataset/train/Background_IQ/IQ_Data/20260204_100739_beam3_az127.mat,,,,,
train,0,20260204_100739_beam3_az136,/home/tobeornot8259748/projects/balloon_radar_project/data/raw/detection_dataset/train/Background_IQ/IQ_Data/20260204_100739_beam3_az136.mat,,,,,
train,0,20260204_100739_beam3_az145,/home/tobeornot8259748/projects/balloon_radar_project/data/raw/detection_dataset/train/Background_IQ/IQ_Data/20260204_100739_beam3_az145.mat,,,,,
train,0,20260204_100739_beam3_az163,/home/tobeornot8259748/projects/balloon_radar_project/data/raw/detection_dataset/train/Background_IQ/IQ_Data/20260204_100739_beam3_az163.mat,,,,,
train,0,20260204_100739_beam3_az172,/home/tobeornot8259748/projects/balloon_radar_project/data/raw/detection_dataset/train/Background_IQ/IQ_Data/20260204_100739_beam3_az172.mat,,,,,
train,0,20260204_100739_beam3_az190,/home/tobeornot8259748/projects/balloon_radar_project/data/raw/detection_dataset/train/Background_IQ/IQ_Data/20260204_100739_beam3_az190.mat,,,,,
train,0,20260204_100739_beam3_az199,/home/tobeornot8259748/projects/balloon_radar_project/data/raw/detection_dataset/train/Background_IQ/IQ_Data/20260204_100739_beam3_az199.mat,,,,,
train,0,20260204_100739_beam3_az208,/home/tobeornot8259748/projects/balloon_radar_project/data/raw/detection_dataset/train/Background_IQ/IQ_Data/20260204_100739_beam3_az208.mat,,,,,
train,0,20260204_100739_beam3_az217,/home/tobeornot8259748/projects/balloon_radar_project/data/raw/detection_dataset/train/Background_IQ/IQ_Data/20260204_100739_beam3_az217.mat,,,,,
train,0,20260204_100739_beam3_az226,/home/tobeornot8259748/projects/balloon_radar_project/data/raw/detection_dataset/train/Background_IQ/IQ_Data/20260204_100739_beam3_az226.mat,,,,,
train,0,20260204_100739_beam3_az235,/home/tobeornot8259748/projects/balloon_radar_project/data/raw/detection_dataset/train/Background_IQ/IQ_Data/20260204_100739_beam3_az235.mat,,,,,
train,0,20260204_100739_beam3_az253,/home/tobeornot8259748/projects/balloon_radar_project/data/raw/detection_dataset/train/Background_IQ/IQ_Data/20260204_100739_beam3_az253.mat,,,,,
train,0,20260204_100739_beam3_az262,/home/tobeornot8259748/projects/balloon_radar_project/data/raw/detection_dataset/train/Background_IQ/IQ_Data/20260204_100739_beam3_az262.mat,,,,,
train,0,20260204_100739_beam4_az001,/home/tobeornot8259748/projects/balloon_radar_project/data/raw/detection_dataset/train/Background_IQ/IQ_Data/20260204_100739_beam4_az001.mat,,,,,
train,0,20260204_100739_beam4_az010,/home/tobeornot8259748/projects/balloon_radar_project/data/raw/detection_dataset/train/Background_IQ/IQ_Data/20260204_100739_beam4_az010.mat,,,,,
train,0,20260204_100739_beam4_az019,/home/tobeornot8259748/projects/balloon_radar_project/data/raw/detection_dataset/train/Background_IQ/IQ_Data/20260204_100739_beam4_az019.mat,,,,,
train,0,20260204_100739_beam4_az037,/home/tobeornot8259748/projects/balloon_radar_project/data/raw/detection_dataset/train/Background_IQ/IQ_Data/20260204_100739_beam4_az037.mat,,,,,
train,0,20260204_100739_beam4_az064,/home/tobeornot8259748/projects/balloon_radar_project/data/raw/detection_dataset/train/Background_IQ/IQ_Data/20260204_100739_beam4_az064.mat,,,,,
train,0,20260204_100739_beam4_az073,/home/tobeornot8259748/projects/balloon_radar_project/data/raw/detection_dataset/train/Background_IQ/IQ_Data/20260204_100739_beam4_az073.mat,,,,,
train,0,20260204_100739_beam4_az100,/home/tobeornot8259748/projects/balloon_radar_project/data/raw/detection_dataset/train/Background_IQ/IQ_Data/20260204_100739_beam4_az100.mat,,,,,
train,0,20260204_100739_beam4_az109,/home/tobeornot8259748/projects/balloon_radar_project/data/raw/detection_dataset/train/Background_IQ/IQ_Data/20260204_100739_beam4_az109.mat,,,,,
train,0,20260204_100739_beam4_az118,/home/tobeornot8259748/projects/balloon_radar_project/data/raw/detection_dataset/train/Background_IQ/IQ_Data/20260204_100739_beam4_az118.mat,,,,,
train,0,20260204_100739_beam4_az127,/home/tobeornot8259748/projects/balloon_radar_project/data/raw/detection_dataset/train/Background_IQ/IQ_Data/20260204_100739_beam4_az127.mat,,,,,
train,0,20260204_100739_beam4_az136,/home/tobeornot8259748/projects/balloon_radar_project/data/raw/detection_dataset/train/Background_IQ/IQ_Data/20260204_100739_beam4_az136.mat,,,,,
train,0,20260204_100739_beam4_az145,/home/tobeornot8259748/projects/balloon_radar_project/data/raw/detection_dataset/train/Background_IQ/IQ_Data/20260204_100739_beam4_az145.mat,,,,,
train,0,20260204_100739_beam4_az154,/home/tobeornot8259748/projects/balloon_radar_project/data/raw/detection_dataset/train/Background_IQ/IQ_Data/20260204_100739_beam4_az154.mat,,,,,
train,0,20260204_100739_beam4_az172,/home/tobeornot8259748/projects/balloon_radar_project/data/raw/detection_dataset/train/Background_IQ/IQ_Data/20260204_100739_beam4_az172.mat,,,,,
train,0,20260204_100739_beam4_az181,/home/tobeornot8259748/projects/balloon_radar_project/data/raw/detection_dataset/train/Background_IQ/IQ_Data/20260204_100739_beam4_az181.mat,,,,,
train,0,20260204_100739_beam4_az208,/home/tobeornot8259748/projects/balloon_radar_project/data/raw/detection_dataset/train/Background_IQ/IQ_Data/20260204_100739_beam4_az208.mat,,,,,
train,0,20260204_100739_beam4_az226,/home/tobeornot8259748/projects/balloon_radar_project/data/raw/detection_dataset/train/Background_IQ/IQ_Data/20260204_100739_beam4_az226.mat,,,,,
train,0,20260204_100739_beam4_az235,/home/tobeornot8259748/projects/balloon_radar_project/data/raw/detection_dataset/train/Background_IQ/IQ_Data/20260204_100739_beam4_az235.mat,,,,,
train,0,20260204_100739_beam4_az253,/home/tobeornot8259748/projects/balloon_radar_project/data/raw/detection_dataset/train/Background_IQ/IQ_Data/20260204_100739_beam4_az253.mat,,,,,
train,0,20260204_100739_beam4_az262,/home/tobeornot8259748/projects/balloon_radar_project/data/raw/detection_dataset/train/Background_IQ/IQ_Data/20260204_100739_beam4_az262.mat,,,,,
train,0,20260204_100739_beam5_az001,/home/tobeornot8259748/projects/balloon_radar_project/data/raw/detection_dataset/train/Background_IQ/IQ_Data/20260204_100739_beam5_az001.mat,,,,,
train,0,20260204_100739_beam5_az010,/home/tobeornot8259748/projects/balloon_radar_project/data/raw/detection_dataset/train/Background_IQ/IQ_Data/20260204_100739_beam5_az010.mat,,,,,
train,0,20260204_100739_beam5_az019,/home/tobeornot8259748/projects/balloon_radar_project/data/raw/detection_dataset/train/Background_IQ/IQ_Data/20260204_100739_beam5_az019.mat,,,,,
train,0,20260204_100739_beam5_az037,/home/tobeornot8259748/projects/balloon_radar_project/data/raw/detection_dataset/train/Background_IQ/IQ_Data/20260204_100739_beam5_az037.mat,,,,,
train,0,20260204_100739_beam5_az046,/home/tobeornot8259748/projects/balloon_radar_project/data/raw/detection_dataset/train/Background_IQ/IQ_Data/20260204_100739_beam5_az046.mat,,,,,
train,0,20260204_100739_beam5_az055,/home/tobeornot8259748/projects/balloon_radar_project/data/raw/detection_dataset/train/Background_IQ/IQ_Data/20260204_100739_beam5_az055.mat,,,,,
train,0,20260204_100739_beam5_az064,/home/tobeornot8259748/projects/balloon_radar_project/data/raw/detection_dataset/train/Background_IQ/IQ_Data/20260204_100739_beam5_az064.mat,,,,,
train,0,20260204_100739_beam5_az082,/home/tobeornot8259748/projects/balloon_radar_project/data/raw/detection_dataset/train/Background_IQ/IQ_Data/20260204_100739_beam5_az082.mat,,,,,
train,0,20260204_100739_beam5_az091,/home/tobeornot8259748/projects/balloon_radar_project/data/raw/detection_dataset/train/Background_IQ/IQ_Data/20260204_100739_beam5_az091.mat,,,,,
train,0,20260204_100739_beam5_az109,/home/tobeornot8259748/projects/balloon_radar_project/data/raw/detection_dataset/train/Background_IQ/IQ_Data/20260204_100739_beam5_az109.mat,,,,,
train,0,20260204_100739_beam5_az118,/home/tobeornot8259748/projects/balloon_radar_project/data/raw/detection_dataset/train/Background_IQ/IQ_Data/20260204_100739_beam5_az118.mat,,,,,
train,0,20260204_100739_beam5_az127,/home/tobeornot8259748/projects/balloon_radar_project/data/raw/detection_dataset/train/Background_IQ/IQ_Data/20260204_100739_beam5_az127.mat,,,,,
train,0,20260204_100739_beam5_az145,/home/tobeornot8259748/projects/balloon_radar_project/data/raw/detection_dataset/train/Background_IQ/IQ_Data/20260204_100739_beam5_az145.mat,,,,,
train,0,20260204_100739_beam5_az154,/home/tobeornot8259748/projects/balloon_radar_project/data/raw/detection_dataset/train/Background_IQ/IQ_Data/20260204_100739_beam5_az154.mat,,,,,
train,0,20260204_100739_beam5_az163,/home/tobeornot8259748/projects/balloon_radar_project/data/raw/detection_dataset/train/Background_IQ/IQ_Data/20260204_100739_beam5_az163.mat,,,,,
train,0,20260204_100739_beam5_az172,/home/tobeornot8259748/projects/balloon_radar_project/data/raw/detection_dataset/train/Background_IQ/IQ_Data/20260204_100739_beam5_az172.mat,,,,,
train,0,20260204_100739_beam5_az181,/home/tobeornot8259748/projects/balloon_radar_project/data/raw/detection_dataset/train/Background_IQ/IQ_Data/20260204_100739_beam5_az181.mat,,,,,
train,0,20260204_100739_beam5_az217,/home/tobeornot8259748/projects/balloon_radar_project/data/raw/detection_dataset/train/Background_IQ/IQ_Data/20260204_100739_beam5_az217.mat,,,,,
train,0,20260204_100739_beam5_az226,/home/tobeornot8259748/projects/balloon_radar_project/data/raw/detection_dataset/train/Background_IQ/IQ_Data/20260204_100739_beam5_az226.mat,,,,,
train,0,20260204_100739_beam5_az244,/home/tobeornot8259748/projects/balloon_radar_project/data/raw/detection_dataset/train/Background_IQ/IQ_Data/20260204_100739_beam5_az244.mat,,,,,
train,0,20260204_100739_beam5_az253,/home/tobeornot8259748/projects/balloon_radar_project/data/raw/detection_dataset/train/Background_IQ/IQ_Data/20260204_100739_beam5_az253.mat,,,,,
train,0,20260204_100739_beam5_az262,/home/tobeornot8259748/projects/balloon_radar_project/data/raw/detection_dataset/train/Background_IQ/IQ_Data/20260204_100739_beam5_az262.mat,,,,,
train,0,20260204_100802_beam1_az001,/home/tobeornot8259748/projects/balloon_radar_project/data/raw/detection_dataset/train/Background_IQ/IQ_Data/20260204_100802_beam1_az001.mat,,,,,
train,0,20260204_100802_beam1_az010,/home/tobeornot8259748/projects/balloon_radar_project/data/raw/detection_dataset/train/Background_IQ/IQ_Data/20260204_100802_beam1_az010.mat,,,,,
train,0,20260204_100802_beam1_az019,/home/tobeornot8259748/projects/balloon_radar_project/data/raw/detection_dataset/train/Background_IQ/IQ_Data/20260204_100802_beam1_az019.mat,,,,,
train,0,20260204_100802_beam1_az028,/home/tobeornot8259748/projects/balloon_radar_project/data/raw/detection_dataset/train/Background_IQ/IQ_Data/20260204_100802_beam1_az028.mat,,,,,
train,0,20260204_100802_beam1_az037,/home/tobeornot8259748/projects/balloon_radar_project/data/raw/detection_dataset/train/Background_IQ/IQ_Data/20260204_100802_beam1_az037.mat,,,,,
train,0,20260204_100802_beam1_az046,/home/tobeornot8259748/projects/balloon_radar_project/data/raw/detection_dataset/train/Background_IQ/IQ_Data/20260204_100802_beam1_az046.mat,,,,,
train,0,20260204_100802_beam1_az064,/home/tobeornot8259748/projects/balloon_radar_project/data/raw/detection_dataset/train/Background_IQ/IQ_Data/20260204_100802_beam1_az064.mat,,,,,
train,0,20260204_100802_beam1_az082,/home/tobeornot8259748/projects/balloon_radar_project/data/raw/detection_dataset/train/Background_IQ/IQ_Data/20260204_100802_beam1_az082.mat,,,,,
train,0,20260204_100802_beam1_az091,/home/tobeornot8259748/projects/balloon_radar_project/data/raw/detection_dataset/train/Background_IQ/IQ_Data/20260204_100802_beam1_az091.mat,,,,,
train,0,20260204_100802_beam1_az109,/home/tobeornot8259748/projects/balloon_radar_project/data/raw/detection_dataset/train/Background_IQ/IQ_Data/20260204_100802_beam1_az109.mat,,,,,
train,0,20260204_100802_beam1_az127,/home/tobeornot8259748/projects/balloon_radar_project/data/raw/detection_dataset/train/Background_IQ/IQ_Data/20260204_100802_beam1_az127.mat,,,,,
train,0,20260204_100802_beam1_az190,/home/tobeornot8259748/projects/balloon_radar_project/data/raw/detection_dataset/train/Background_IQ/IQ_Data/20260204_100802_beam1_az190.mat,,,,,
train,0,20260204_100802_beam1_az199,/home/tobeornot8259748/projects/balloon_radar_project/data/raw/detection_dataset/train/Background_IQ/IQ_Data/20260204_100802_beam1_az199.mat,,,,,
train,0,20260204_100802_beam1_az208,/home/tobeornot8259748/projects/balloon_radar_project/data/raw/detection_dataset/train/Background_IQ/IQ_Data/20260204_100802_beam1_az208.mat,,,,,
train,0,20260204_100802_beam1_az217,/home/tobeornot8259748/projects/balloon_radar_project/data/raw/detection_dataset/train/Background_IQ/IQ_Data/20260204_100802_beam1_az217.mat,,,,,
train,0,20260204_100802_beam1_az235,/home/tobeornot8259748/projects/balloon_radar_project/data/raw/detection_dataset/train/Background_IQ/IQ_Data/20260204_100802_beam1_az235.mat,,,,,
train,0,20260204_100802_beam1_az244,/home/tobeornot8259748/projects/balloon_radar_project/data/raw/detection_dataset/train/Background_IQ/IQ_Data/20260204_100802_beam1_az244.mat,,,,,
train,0,20260204_100802_beam1_az253,/home/tobeornot8259748/projects/balloon_radar_project/data/raw/detection_dataset/train/Background_IQ/IQ_Data/20260204_100802_beam1_az253.mat,,,,,
train,0,20260204_100802_beam1_az262,/home/tobeornot8259748/projects/balloon_radar_project/data/raw/detection_dataset/train/Background_IQ/IQ_Data/20260204_100802_beam1_az262.mat,,,,,
train,0,20260204_100802_beam2_az001,/home/tobeornot8259748/projects/balloon_radar_project/data/raw/detection_dataset/train/Background_IQ/IQ_Data/20260204_100802_beam2_az001.mat,,,,,
train,0,20260204_100802_beam2_az010,/home/tobeornot8259748/projects/balloon_radar_project/data/raw/detection_dataset/train/Background_IQ/IQ_Data/20260204_100802_beam2_az010.mat,,,,,
train,0,20260204_100802_beam2_az028,/home/tobeornot8259748/projects/balloon_radar_project/data/raw/detection_dataset/train/Background_IQ/IQ_Data/20260204_100802_beam2_az028.mat,,,,,
train,0,20260204_100802_beam2_az037,/home/tobeornot8259748/projects/balloon_radar_project/data/raw/detection_dataset/train/Background_IQ/IQ_Data/20260204_100802_beam2_az037.mat,,,,,
train,0,20260204_100802_beam2_az046,/home/tobeornot8259748/projects/balloon_radar_project/data/raw/detection_dataset/train/Background_IQ/IQ_Data/20260204_100802_beam2_az046.mat,,,,,
train,0,20260204_100802_beam2_az055,/home/tobeornot8259748/projects/balloon_radar_project/data/raw/detection_dataset/train/Background_IQ/IQ_Data/20260204_100802_beam2_az055.mat,,,,,
train,0,20260204_100802_beam2_az073,/home/tobeornot8259748/projects/balloon_radar_project/data/raw/detection_dataset/train/Background_IQ/IQ_Data/20260204_100802_beam2_az073.mat,,,,,
train,0,20260204_100802_beam2_az082,/home/tobeornot8259748/projects/balloon_radar_project/data/raw/detection_dataset/train/Background_IQ/IQ_Data/20260204_100802_beam2_az082.mat,,,,,
train,0,20260204_100802_beam2_az091,/home/tobeornot8259748/projects/balloon_radar_project/data/raw/detection_dataset/train/Background_IQ/IQ_Data/20260204_100802_beam2_az091.mat,,,,,
train,0,20260204_100802_beam2_az100,/home/tobeornot8259748/projects/balloon_radar_project/data/raw/detection_dataset/train/Background_IQ/IQ_Data/20260204_100802_beam2_az100.mat,,,,,
train,0,20260204_100802_beam2_az109,/home/tobeornot8259748/projects/balloon_radar_project/data/raw/detection_dataset/train/Background_IQ/IQ_Data/20260204_100802_beam2_az109.mat,,,,,
train,0,20260204_100802_beam2_az118,/home/tobeornot8259748/projects/balloon_radar_project/data/raw/detection_dataset/train/Background_IQ/IQ_Data/20260204_100802_beam2_az118.mat,,,,,
train,0,20260204_100802_beam2_az136,/home/tobeornot8259748/projects/balloon_radar_project/data/raw/detection_dataset/train/Background_IQ/IQ_Data/20260204_100802_beam2_az136.mat,,,,,
train,0,20260204_100802_beam2_az154,/home/tobeornot8259748/projects/balloon_radar_project/data/raw/detection_dataset/train/Background_IQ/IQ_Data/20260204_100802_beam2_az154.mat,,,,,
train,0,20260204_100802_beam2_az163,/home/tobeornot8259748/projects/balloon_radar_project/data/raw/detection_dataset/train/Background_IQ/IQ_Data/20260204_100802_beam2_az163.mat,,,,,
train,0,20260204_100802_beam2_az172,/home/tobeornot8259748/projects/balloon_radar_project/data/raw/detection_dataset/train/Background_IQ/IQ_Data/20260204_100802_beam2_az172.mat,,,,,
train,0,20260204_100802_beam2_az181,/home/tobeornot8259748/projects/balloon_radar_project/data/raw/detection_dataset/train/Background_IQ/IQ_Data/20260204_100802_beam2_az181.mat,,,,,
train,0,20260204_100802_beam2_az190,/home/tobeornot8259748/projects/balloon_radar_project/data/raw/detection_dataset/train/Background_IQ/IQ_Data/20260204_100802_beam2_az190.mat,,,,,
train,0,20260204_100802_beam2_az199,/home/tobeornot8259748/projects/balloon_radar_project/data/raw/detection_dataset/train/Background_IQ/IQ_Data/20260204_100802_beam2_az199.mat,,,,,
train,0,20260204_100802_beam2_az217,/home/tobeornot8259748/projects/balloon_radar_project/data/raw/detection_dataset/train/Background_IQ/IQ_Data/20260204_100802_beam2_az217.mat,,,,,
train,0,20260204_100802_beam2_az235,/home/tobeornot8259748/projects/balloon_radar_project/data/raw/detection_dataset/train/Background_IQ/IQ_Data/20260204_100802_beam2_az235.mat,,,,,
train,0,20260204_100802_beam2_az244,/home/tobeornot8259748/projects/balloon_radar_project/data/raw/detection_dataset/train/Background_IQ/IQ_Data/20260204_100802_beam2_az244.mat,,,,,
train,0,20260204_100802_beam2_az253,/home/tobeornot8259748/projects/balloon_radar_project/data/raw/detection_dataset/train/Background_IQ/IQ_Data/20260204_100802_beam2_az253.mat,,,,,
train,0,20260204_100802_beam2_az262,/home/tobeornot8259748/projects/balloon_radar_project/data/raw/detection_dataset/train/Background_IQ/IQ_Data/20260204_100802_beam2_az262.mat,,,,,
train,0,20260204_100802_beam3_az001,/home/tobeornot8259748/projects/balloon_radar_project/data/raw/detection_dataset/train/Background_IQ/IQ_Data/20260204_100802_beam3_az001.mat,,,,,
train,0,20260204_100802_beam3_az010,/home/tobeornot8259748/projects/balloon_radar_project/data/raw/detection_dataset/train/Background_IQ/IQ_Data/20260204_100802_beam3_az010.mat,,,,,
train,0,20260204_100802_beam3_az019,/home/tobeornot8259748/projects/balloon_radar_project/data/raw/detection_dataset/train/Background_IQ/IQ_Data/20260204_100802_beam3_az019.mat,,,,,
train,0,20260204_100802_beam3_az028,/home/tobeornot8259748/projects/balloon_radar_project/data/raw/detection_dataset/train/Background_IQ/IQ_Data/20260204_100802_beam3_az028.mat,,,,,
train,0,20260204_100802_beam3_az046,/home/tobeornot8259748/projects/balloon_radar_project/data/raw/detection_dataset/train/Background_IQ/IQ_Data/20260204_100802_beam3_az046.mat,,,,,
train,0,20260204_100802_beam3_az091,/home/tobeornot8259748/projects/balloon_radar_project/data/raw/detection_dataset/train/Background_IQ/IQ_Data/20260204_100802_beam3_az091.mat,,,,,
train,0,20260204_100802_beam3_az100,/home/tobeornot8259748/projects/balloon_radar_project/data/raw/detection_dataset/train/Background_IQ/IQ_Data/20260204_100802_beam3_az100.mat,,,,,
train,0,20260204_100802_beam3_az118,/home/tobeornot8259748/projects/balloon_radar_project/data/raw/detection_dataset/train/Background_IQ/IQ_Data/20260204_100802_beam3_az118.mat,,,,,
train,0,20260204_100802_beam3_az145,/home/tobeornot8259748/projects/balloon_radar_project/data/raw/detection_dataset/train/Background_IQ/IQ_Data/20260204_100802_beam3_az145.mat,,,,,
train,0,20260204_100802_beam3_az154,/home/tobeornot8259748/projects/balloon_radar_project/data/raw/detection_dataset/train/Background_IQ/IQ_Data/20260204_100802_beam3_az154.mat,,,,,
train,0,20260204_100802_beam3_az163,/home/tobeornot8259748/projects/balloon_radar_project/data/raw/detection_dataset/train/Background_IQ/IQ_Data/20260204_100802_beam3_az163.mat,,,,,
train,0,20260204_100802_beam3_az172,/home/tobeornot8259748/projects/balloon_radar_project/data/raw/detection_dataset/train/Background_IQ/IQ_Data/20260204_100802_beam3_az172.mat,,,,,
train,0,20260204_100802_beam3_az190,/home/tobeornot8259748/projects/balloon_radar_project/data/raw/detection_dataset/train/Background_IQ/IQ_Data/20260204_100802_beam3_az190.mat,,,,,
train,0,20260204_100802_beam3_az199,/home/tobeornot8259748/projects/balloon_radar_project/data/raw/detection_dataset/train/Background_IQ/IQ_Data/20260204_100802_beam3_az199.mat,,,,,
train,0,20260204_100802_beam3_az208,/home/tobeornot8259748/projects/balloon_radar_project/data/raw/detection_dataset/train/Background_IQ/IQ_Data/20260204_100802_beam3_az208.mat,,,,,
train,0,20260204_100802_beam3_az235,/home/tobeornot8259748/projects/balloon_radar_project/data/raw/detection_dataset/train/Background_IQ/IQ_Data/20260204_100802_beam3_az235.mat,,,,,
train,0,20260204_100802_beam3_az244,/home/tobeornot8259748/projects/balloon_radar_project/data/raw/detection_dataset/train/Background_IQ/IQ_Data/20260204_100802_beam3_az244.mat,,,,,
train,0,20260204_100802_beam3_az253,/home/tobeornot8259748/projects/balloon_radar_project/data/raw/detection_dataset/train/Background_IQ/IQ_Data/20260204_100802_beam3_az253.mat,,,,,
train,0,20260204_100802_beam3_az262,/home/tobeornot8259748/projects/balloon_radar_project/data/raw/detection_dataset/train/Background_IQ/IQ_Data/20260204_100802_beam3_az262.mat,,,,,
train,0,20260204_100802_beam4_az001,/home/tobeornot8259748/projects/balloon_radar_project/data/raw/detection_dataset/train/Background_IQ/IQ_Data/20260204_100802_beam4_az001.mat,,,,,
train,0,20260204_100802_beam4_az010,/home/tobeornot8259748/projects/balloon_radar_project/data/raw/detection_dataset/train/Background_IQ/IQ_Data/20260204_100802_beam4_az010.mat,,,,,
train,0,20260204_100802_beam4_az037,/home/tobeornot8259748/projects/balloon_radar_project/data/raw/detection_dataset/train/Background_IQ/IQ_Data/20260204_100802_beam4_az037.mat,,,,,
train,0,20260204_100802_beam4_az064,/home/tobeornot8259748/projects/balloon_radar_project/data/raw/detection_dataset/train/Background_IQ/IQ_Data/20260204_100802_beam4_az064.mat,,,,,
train,0,20260204_100802_beam4_az082,/home/tobeornot8259748/projects/balloon_radar_project/data/raw/detection_dataset/train/Background_IQ/IQ_Data/20260204_100802_beam4_az082.mat,,,,,
train,0,20260204_100802_beam4_az100,/home/tobeornot8259748/projects/balloon_radar_project/data/raw/detection_dataset/train/Background_IQ/IQ_Data/20260204_100802_beam4_az100.mat,,,,,
train,0,20260204_100802_beam4_az145,/home/tobeornot8259748/projects/balloon_radar_project/data/raw/detection_dataset/train/Background_IQ/IQ_Data/20260204_100802_beam4_az145.mat,,,,,
train,0,20260204_100802_beam4_az163,/home/tobeornot8259748/projects/balloon_radar_project/data/raw/detection_dataset/train/Background_IQ/IQ_Data/20260204_100802_beam4_az163.mat,,,,,
train,0,20260204_100802_beam4_az172,/home/tobeornot8259748/projects/balloon_radar_project/data/raw/detection_dataset/train/Background_IQ/IQ_Data/20260204_100802_beam4_az172.mat,,,,,
train,0,20260204_100802_beam4_az181,/home/tobeornot8259748/projects/balloon_radar_project/data/raw/detection_dataset/train/Background_IQ/IQ_Data/20260204_100802_beam4_az181.mat,,,,,
train,0,20260204_100802_beam4_az190,/home/tobeornot8259748/projects/balloon_radar_project/data/raw/detection_dataset/train/Background_IQ/IQ_Data/20260204_100802_beam4_az190.mat,,,,,
train,0,20260204_100802_beam4_az199,/home/tobeornot8259748/projects/balloon_radar_project/data/raw/detection_dataset/train/Background_IQ/IQ_Data/20260204_100802_beam4_az199.mat,,,,,
train,0,20260204_100802_beam4_az208,/home/tobeornot8259748/projects/balloon_radar_project/data/raw/detection_dataset/train/Background_IQ/IQ_Data/20260204_100802_beam4_az208.mat,,,,,
train,0,20260204_100802_beam4_az217,/home/tobeornot8259748/projects/balloon_radar_project/data/raw/detection_dataset/train/Background_IQ/IQ_Data/20260204_100802_beam4_az217.mat,,,,,
train,0,20260204_100802_beam4_az226,/home/tobeornot8259748/projects/balloon_radar_project/data/raw/detection_dataset/train/Background_IQ/IQ_Data/20260204_100802_beam4_az226.mat,,,,,
train,0,20260204_100802_beam4_az235,/home/tobeornot8259748/projects/balloon_radar_project/data/raw/detection_dataset/train/Background_IQ/IQ_Data/20260204_100802_beam4_az235.mat,,,,,
train,0,20260204_100802_beam4_az244,/home/tobeornot8259748/projects/balloon_radar_project/data/raw/detection_dataset/train/Background_IQ/IQ_Data/20260204_100802_beam4_az244.mat,,,,,
train,0,20260204_100802_beam4_az253,/home/tobeornot8259748/projects/balloon_radar_project/data/raw/detection_dataset/train/Background_IQ/IQ_Data/20260204_100802_beam4_az253.mat,,,,,
train,0,20260204_100802_beam5_az001,/home/tobeornot8259748/projects/balloon_radar_project/data/raw/detection_dataset/train/Background_IQ/IQ_Data/20260204_100802_beam5_az001.mat,,,,,
train,0,20260204_100802_beam5_az019,/home/tobeornot8259748/projects/balloon_radar_project/data/raw/detection_dataset/train/Background_IQ/IQ_Data/20260204_100802_beam5_az019.mat,,,,,
train,0,20260204_100802_beam5_az046,/home/tobeornot8259748/projects/balloon_radar_project/data/raw/detection_dataset/train/Background_IQ/IQ_Data/20260204_100802_beam5_az046.mat,,,,,
train,0,20260204_100802_beam5_az064,/home/tobeornot8259748/projects/balloon_radar_project/data/raw/detection_dataset/train/Background_IQ/IQ_Data/20260204_100802_beam5_az064.mat,,,,,
train,0,20260204_100802_beam5_az073,/home/tobeornot8259748/projects/balloon_radar_project/data/raw/detection_dataset/train/Background_IQ/IQ_Data/20260204_100802_beam5_az073.mat,,,,,
train,0,20260204_100802_beam5_az082,/home/tobeornot8259748/projects/balloon_radar_project/data/raw/detection_dataset/train/Background_IQ/IQ_Data/20260204_100802_beam5_az082.mat,,,,,
train,0,20260204_100802_beam5_az091,/home/tobeornot8259748/projects/balloon_radar_project/data/raw/detection_dataset/train/Background_IQ/IQ_Data/20260204_100802_beam5_az091.mat,,,,,
train,0,20260204_100802_beam5_az100,/home/tobeornot8259748/projects/balloon_radar_project/data/raw/detection_dataset/train/Background_IQ/IQ_Data/20260204_100802_beam5_az100.mat,,,,,
train,0,20260204_100802_beam5_az109,/home/tobeornot8259748/projects/balloon_radar_project/data/raw/detection_dataset/train/Background_IQ/IQ_Data/20260204_100802_beam5_az109.mat,,,,,
train,0,20260204_100802_beam5_az118,/home/tobeornot8259748/projects/balloon_radar_project/data/raw/detection_dataset/train/Background_IQ/IQ_Data/20260204_100802_beam5_az118.mat,,,,,
train,0,20260204_100802_beam5_az127,/home/tobeornot8259748/projects/balloon_radar_project/data/raw/detection_dataset/train/Background_IQ/IQ_Data/20260204_100802_beam5_az127.mat,,,,,
train,0,20260204_100802_beam5_az145,/home/tobeornot8259748/projects/balloon_radar_project/data/raw/detection_dataset/train/Background_IQ/IQ_Data/20260204_100802_beam5_az145.mat,,,,,
train,0,20260204_100802_beam5_az154,/home/tobeornot8259748/projects/balloon_radar_project/data/raw/detection_dataset/train/Background_IQ/IQ_Data/20260204_100802_beam5_az154.mat,,,,,
train,0,20260204_100802_beam5_az163,/home/tobeornot8259748/projects/balloon_radar_project/data/raw/detection_dataset/train/Background_IQ/IQ_Data/20260204_100802_beam5_az163.mat,,,,,
train,0,20260204_100802_beam5_az172,/home/tobeornot8259748/projects/balloon_radar_project/data/raw/detection_dataset/train/Background_IQ/IQ_Data/20260204_100802_beam5_az172.mat,,,,,
train,0,20260204_100802_beam5_az181,/home/tobeornot8259748/projects/balloon_radar_project/data/raw/detection_dataset/train/Background_IQ/IQ_Data/20260204_100802_beam5_az181.mat,,,,,
train,0,20260204_100802_beam5_az190,/home/tobeornot8259748/projects/balloon_radar_project/data/raw/detection_dataset/train/Background_IQ/IQ_Data/20260204_100802_beam5_az190.mat,,,,,
train,0,20260204_100802_beam5_az208,/home/tobeornot8259748/projects/balloon_radar_project/data/raw/detection_dataset/train/Background_IQ/IQ_Data/20260204_100802_beam5_az208.mat,,,,,
train,0,20260204_100802_beam5_az217,/home/tobeornot8259748/projects/balloon_radar_project/data/raw/detection_dataset/train/Background_IQ/IQ_Data/20260204_100802_beam5_az217.mat,,,,,
train,0,20260204_100802_beam5_az226,/home/tobeornot8259748/projects/balloon_radar_project/data/raw/detection_dataset/train/Background_IQ/IQ_Data/20260204_100802_beam5_az226.mat,,,,,
train,0,20260204_100802_beam5_az235,/home/tobeornot8259748/projects/balloon_radar_project/data/raw/detection_dataset/train/Background_IQ/IQ_Data/20260204_100802_beam5_az235.mat,,,,,
train,0,20260204_100802_beam5_az244,/home/tobeornot8259748/projects/balloon_radar_project/data/raw/detection_dataset/train/Background_IQ/IQ_Data/20260204_100802_beam5_az244.mat,,,,,
train,0,20260204_100802_beam5_az253,/home/tobeornot8259748/projects/balloon_radar_project/data/raw/detection_dataset/train/Background_IQ/IQ_Data/20260204_100802_beam5_az253.mat,,,,,
train,0,20260204_100802_beam5_az262,/home/tobeornot8259748/projects/balloon_radar_project/data/raw/detection_dataset/train/Background_IQ/IQ_Data/20260204_100802_beam5_az262.mat,,,,,
train,0,20260204_100826_beam1_az010,/home/tobeornot8259748/projects/balloon_radar_project/data/raw/detection_dataset/train/Background_IQ/IQ_Data/20260204_100826_beam1_az010.mat,,,,,
train,0,20260204_100826_beam1_az019,/home/tobeornot8259748/projects/balloon_radar_project/data/raw/detection_dataset/train/Background_IQ/IQ_Data/20260204_100826_beam1_az019.mat,,,,,
train,0,20260204_100826_beam1_az037,/home/tobeornot8259748/projects/balloon_radar_project/data/raw/detection_dataset/train/Background_IQ/IQ_Data/20260204_100826_beam1_az037.mat,,,,,
train,0,20260204_100826_beam1_az055,/home/tobeornot8259748/projects/balloon_radar_project/data/raw/detection_dataset/train/Background_IQ/IQ_Data/20260204_100826_beam1_az055.mat,,,,,
train,0,20260204_100826_beam1_az064,/home/tobeornot8259748/projects/balloon_radar_project/data/raw/detection_dataset/train/Background_IQ/IQ_Data/20260204_100826_beam1_az064.mat,,,,,
train,0,20260204_100826_beam1_az073,/home/tobeornot8259748/projects/balloon_radar_project/data/raw/detection_dataset/train/Background_IQ/IQ_Data/20260204_100826_beam1_az073.mat,,,,,
train,0,20260204_100826_beam1_az082,/home/tobeornot8259748/projects/balloon_radar_project/data/raw/detection_dataset/train/Background_IQ/IQ_Data/20260204_100826_beam1_az082.mat,,,,,
train,0,20260204_100826_beam1_az091,/home/tobeornot8259748/projects/balloon_radar_project/data/raw/detection_dataset/train/Background_IQ/IQ_Data/20260204_100826_beam1_az091.mat,,,,,
train,0,20260204_100826_beam1_az100,/home/tobeornot8259748/projects/balloon_radar_project/data/raw/detection_dataset/train/Background_IQ/IQ_Data/20260204_100826_beam1_az100.mat,,,,,
train,0,20260204_100826_beam1_az109,/home/tobeornot8259748/projects/balloon_radar_project/data/raw/detection_dataset/train/Background_IQ/IQ_Data/20260204_100826_beam1_az109.mat,,,,,
train,0,20260204_100826_beam1_az118,/home/tobeornot8259748/projects/balloon_radar_project/data/raw/detection_dataset/train/Background_IQ/IQ_Data/20260204_100826_beam1_az118.mat,,,,,
train,0,20260204_100826_beam1_az136,/home/tobeornot8259748/projects/balloon_radar_project/data/raw/detection_dataset/train/Background_IQ/IQ_Data/20260204_100826_beam1_az136.mat,,,,,
train,0,20260204_100826_beam1_az145,/home/tobeornot8259748/projects/balloon_radar_project/data/raw/detection_dataset/train/Background_IQ/IQ_Data/20260204_100826_beam1_az145.mat,,,,,
train,0,20260204_100826_beam1_az154,/home/tobeornot8259748/projects/balloon_radar_project/data/raw/detection_dataset/train/Background_IQ/IQ_Data/20260204_100826_beam1_az154.mat,,,,,
train,0,20260204_100826_beam1_az163,/home/tobeornot8259748/projects/balloon_radar_project/data/raw/detection_dataset/train/Background_IQ/IQ_Data/20260204_100826_beam1_az163.mat,,,,,
train,0,20260204_100826_beam1_az181,/home/tobeornot8259748/projects/balloon_radar_project/data/raw/detection_dataset/train/Background_IQ/IQ_Data/20260204_100826_beam1_az181.mat,,,,,
train,0,20260204_100826_beam2_az010,/home/tobeornot8259748/projects/balloon_radar_project/data/raw/detection_dataset/train/Background_IQ/IQ_Data/20260204_100826_beam2_az010.mat,,,,,
train,0,20260204_100826_beam2_az019,/home/tobeornot8259748/projects/balloon_radar_project/data/raw/detection_dataset/train/Background_IQ/IQ_Data/20260204_100826_beam2_az019.mat,,,,,
train,0,20260204_100826_beam2_az028,/home/tobeornot8259748/projects/balloon_radar_project/data/raw/detection_dataset/train/Background_IQ/IQ_Data/20260204_100826_beam2_az028.mat,,,,,
train,0,20260204_100826_beam2_az037,/home/tobeornot8259748/projects/balloon_radar_project/data/raw/detection_dataset/train/Background_IQ/IQ_Data/20260204_100826_beam2_az037.mat,,,,,
train,0,20260204_100826_beam2_az046,/home/tobeornot8259748/projects/balloon_radar_project/data/raw/detection_dataset/train/Background_IQ/IQ_Data/20260204_100826_beam2_az046.mat,,,,,
train,0,20260204_100826_beam2_az055,/home/tobeornot8259748/projects/balloon_radar_project/data/raw/detection_dataset/train/Background_IQ/IQ_Data/20260204_100826_beam2_az055.mat,,,,,
train,0,20260204_100826_beam2_az064,/home/tobeornot8259748/projects/balloon_radar_project/data/raw/detection_dataset/train/Background_IQ/IQ_Data/20260204_100826_beam2_az064.mat,,,,,
train,0,20260204_100826_beam2_az091,/home/tobeornot8259748/projects/balloon_radar_project/data/raw/detection_dataset/train/Background_IQ/IQ_Data/20260204_100826_beam2_az091.mat,,,,,
train,0,20260204_100826_beam2_az100,/home/tobeornot8259748/projects/balloon_radar_project/data/raw/detection_dataset/train/Background_IQ/IQ_Data/20260204_100826_beam2_az100.mat,,,,,
train,0,20260204_100826_beam2_az109,/home/tobeornot8259748/projects/balloon_radar_project/data/raw/detection_dataset/train/Background_IQ/IQ_Data/20260204_100826_beam2_az109.mat,,,,,
train,0,20260204_100826_beam2_az118,/home/tobeornot8259748/projects/balloon_radar_project/data/raw/detection_dataset/train/Background_IQ/IQ_Data/20260204_100826_beam2_az118.mat,,,,,
train,0,20260204_100826_beam2_az127,/home/tobeornot8259748/projects/balloon_radar_project/data/raw/detection_dataset/train/Background_IQ/IQ_Data/20260204_100826_beam2_az127.mat,,,,,
train,0,20260204_100826_beam2_az145,/home/tobeornot8259748/projects/balloon_radar_project/data/raw/detection_dataset/train/Background_IQ/IQ_Data/20260204_100826_beam2_az145.mat,,,,,
train,0,20260204_100826_beam2_az154,/home/tobeornot8259748/projects/balloon_radar_project/data/raw/detection_dataset/train/Background_IQ/IQ_Data/20260204_100826_beam2_az154.mat,,,,,
train,0,20260204_100826_beam2_az163,/home/tobeornot8259748/projects/balloon_radar_project/data/raw/detection_dataset/train/Background_IQ/IQ_Data/20260204_100826_beam2_az163.mat,,,,,
train,0,20260204_100826_beam2_az172,/home/tobeornot8259748/projects/balloon_radar_project/data/raw/detection_dataset/train/Background_IQ/IQ_Data/20260204_100826_beam2_az172.mat,,,,,
train,0,20260204_100826_beam2_az181,/home/tobeornot8259748/projects/balloon_radar_project/data/raw/detection_dataset/train/Background_IQ/IQ_Data/20260204_100826_beam2_az181.mat,,,,,
train,0,20260204_100826_beam2_az190,/home/tobeornot8259748/projects/balloon_radar_project/data/raw/detection_dataset/train/Background_IQ/IQ_Data/20260204_100826_beam2_az190.mat,,,,,
train,0,20260204_100826_beam2_az199,/home/tobeornot8259748/projects/balloon_radar_project/data/raw/detection_dataset/train/Background_IQ/IQ_Data/20260204_100826_beam2_az199.mat,,,,,
train,0,20260204_100826_beam3_az028,/home/tobeornot8259748/projects/balloon_radar_project/data/raw/detection_dataset/train/Background_IQ/IQ_Data/20260204_100826_beam3_az028.mat,,,,,
train,0,20260204_100826_beam3_az037,/home/tobeornot8259748/projects/balloon_radar_project/data/raw/detection_dataset/train/Background_IQ/IQ_Data/20260204_100826_beam3_az037.mat,,,,,
train,0,20260204_100826_beam3_az046,/home/tobeornot8259748/projects/balloon_radar_project/data/raw/detection_dataset/train/Background_IQ/IQ_Data/20260204_100826_beam3_az046.mat,,,,,
train,0,20260204_100826_beam3_az055,/home/tobeornot8259748/projects/balloon_radar_project/data/raw/detection_dataset/train/Background_IQ/IQ_Data/20260204_100826_beam3_az055.mat,,,,,
train,0,20260204_100826_beam3_az064,/home/tobeornot8259748/projects/balloon_radar_project/data/raw/detection_dataset/train/Background_IQ/IQ_Data/20260204_100826_beam3_az064.mat,,,,,
train,0,20260204_100826_beam3_az073,/home/tobeornot8259748/projects/balloon_radar_project/data/raw/detection_dataset/train/Background_IQ/IQ_Data/20260204_100826_beam3_az073.mat,,,,,
train,0,20260204_100826_beam3_az082,/home/tobeornot8259748/projects/balloon_radar_project/data/raw/detection_dataset/train/Background_IQ/IQ_Data/20260204_100826_beam3_az082.mat,,,,,
train,0,20260204_100826_beam3_az091,/home/tobeornot8259748/projects/balloon_radar_project/data/raw/detection_dataset/train/Background_IQ/IQ_Data/20260204_100826_beam3_az091.mat,,,,,
train,0,20260204_100826_beam3_az100,/home/tobeornot8259748/projects/balloon_radar_project/data/raw/detection_dataset/train/Background_IQ/IQ_Data/20260204_100826_beam3_az100.mat,,,,,
train,0,20260204_100826_beam3_az109,/home/tobeornot8259748/projects/balloon_radar_project/data/raw/detection_dataset/train/Background_IQ/IQ_Data/20260204_100826_beam3_az109.mat,,,,,
train,0,20260204_100826_beam3_az118,/home/tobeornot8259748/projects/balloon_radar_project/data/raw/detection_dataset/train/Background_IQ/IQ_Data/20260204_100826_beam3_az118.mat,,,,,
train,0,20260204_100826_beam3_az127,/home/tobeornot8259748/projects/balloon_radar_project/data/raw/detection_dataset/train/Background_IQ/IQ_Data/20260204_100826_beam3_az127.mat,,,,,
train,0,20260204_100826_beam3_az136,/home/tobeornot8259748/projects/balloon_radar_project/data/raw/detection_dataset/train/Background_IQ/IQ_Data/20260204_100826_beam3_az136.mat,,,,,
train,0,20260204_100826_beam3_az163,/home/tobeornot8259748/projects/balloon_radar_project/data/raw/detection_dataset/train/Background_IQ/IQ_Data/20260204_100826_beam3_az163.mat,,,,,
train,0,20260204_100826_beam3_az172,/home/tobeornot8259748/projects/balloon_radar_project/data/raw/detection_dataset/train/Background_IQ/IQ_Data/20260204_100826_beam3_az172.mat,,,,,
train,0,20260204_100826_beam3_az181,/home/tobeornot8259748/projects/balloon_radar_project/data/raw/detection_dataset/train/Background_IQ/IQ_Data/20260204_100826_beam3_az181.mat,,,,,
train,0,20260204_100826_beam3_az190,/home/tobeornot8259748/projects/balloon_radar_project/data/raw/detection_dataset/train/Background_IQ/IQ_Data/20260204_100826_beam3_az190.mat,,,,,
train,0,20260204_100826_beam3_az199,/home/tobeornot8259748/projects/balloon_radar_project/data/raw/detection_dataset/train/Background_IQ/IQ_Data/20260204_100826_beam3_az199.mat,,,,,
train,0,20260204_100826_beam4_az001,/home/tobeornot8259748/projects/balloon_radar_project/data/raw/detection_dataset/train/Background_IQ/IQ_Data/20260204_100826_beam4_az001.mat,,,,,
train,0,20260204_100826_beam4_az028,/home/tobeornot8259748/projects/balloon_radar_project/data/raw/detection_dataset/train/Background_IQ/IQ_Data/20260204_100826_beam4_az028.mat,,,,,
train,0,20260204_100826_beam4_az046,/home/tobeornot8259748/projects/balloon_radar_project/data/raw/detection_dataset/train/Background_IQ/IQ_Data/20260204_100826_beam4_az046.mat,,,,,
train,0,20260204_100826_beam4_az055,/home/tobeornot8259748/projects/balloon_radar_project/data/raw/detection_dataset/train/Background_IQ/IQ_Data/20260204_100826_beam4_az055.mat,,,,,
train,0,20260204_100826_beam4_az064,/home/tobeornot8259748/projects/balloon_radar_project/data/raw/detection_dataset/train/Background_IQ/IQ_Data/20260204_100826_beam4_az064.mat,,,,,
train,0,20260204_100826_beam4_az073,/home/tobeornot8259748/projects/balloon_radar_project/data/raw/detection_dataset/train/Background_IQ/IQ_Data/20260204_100826_beam4_az073.mat,,,,,
train,0,20260204_100826_beam4_az082,/home/tobeornot8259748/projects/balloon_radar_project/data/raw/detection_dataset/train/Background_IQ/IQ_Data/20260204_100826_beam4_az082.mat,,,,,
train,0,20260204_100826_beam4_az100,/home/tobeornot8259748/projects/balloon_radar_project/data/raw/detection_dataset/train/Background_IQ/IQ_Data/20260204_100826_beam4_az100.mat,,,,,
train,0,20260204_100826_beam4_az109,/home/tobeornot8259748/projects/balloon_radar_project/data/raw/detection_dataset/train/Background_IQ/IQ_Data/20260204_100826_beam4_az109.mat,,,,,
train,0,20260204_100826_beam4_az127,/home/tobeornot8259748/projects/balloon_radar_project/data/raw/detection_dataset/train/Background_IQ/IQ_Data/20260204_100826_beam4_az127.mat,,,,,
train,0,20260204_100826_beam4_az136,/home/tobeornot8259748/projects/balloon_radar_project/data/raw/detection_dataset/train/Background_IQ/IQ_Data/20260204_100826_beam4_az136.mat,,,,,
train,0,20260204_100826_beam4_az145,/home/tobeornot8259748/projects/balloon_radar_project/data/raw/detection_dataset/train/Background_IQ/IQ_Data/20260204_100826_beam4_az145.mat,,,,,
train,0,20260204_100826_beam4_az154,/home/tobeornot8259748/projects/balloon_radar_project/data/raw/detection_dataset/train/Background_IQ/IQ_Data/20260204_100826_beam4_az154.mat,,,,,
train,0,20260204_100826_beam4_az163,/home/tobeornot8259748/projects/balloon_radar_project/data/raw/detection_dataset/train/Background_IQ/IQ_Data/20260204_100826_beam4_az163.mat,,,,,
train,0,20260204_100826_beam4_az181,/home/tobeornot8259748/projects/balloon_radar_project/data/raw/detection_dataset/train/Background_IQ/IQ_Data/20260204_100826_beam4_az181.mat,,,,,
train,0,20260204_100826_beam4_az199,/home/tobeornot8259748/projects/balloon_radar_project/data/raw/detection_dataset/train/Background_IQ/IQ_Data/20260204_100826_beam4_az199.mat,,,,,
train,0,20260204_100826_beam5_az001,/home/tobeornot8259748/projects/balloon_radar_project/data/raw/detection_dataset/train/Background_IQ/IQ_Data/20260204_100826_beam5_az001.mat,,,,,
train,0,20260204_100826_beam5_az010,/home/tobeornot8259748/projects/balloon_radar_project/data/raw/detection_dataset/train/Background_IQ/IQ_Data/20260204_100826_beam5_az010.mat,,,,,
train,0,20260204_100826_beam5_az028,/home/tobeornot8259748/projects/balloon_radar_project/data/raw/detection_dataset/train/Background_IQ/IQ_Data/20260204_100826_beam5_az028.mat,,,,,
train,0,20260204_100826_beam5_az037,/home/tobeornot8259748/projects/balloon_radar_project/data/raw/detection_dataset/train/Background_IQ/IQ_Data/20260204_100826_beam5_az037.mat,,,,,
train,0,20260204_100826_beam5_az046,/home/tobeornot8259748/projects/balloon_radar_project/data/raw/detection_dataset/train/Background_IQ/IQ_Data/20260204_100826_beam5_az046.mat,,,,,
train,0,20260204_100826_beam5_az055,/home/tobeornot8259748/projects/balloon_radar_project/data/raw/detection_dataset/train/Background_IQ/IQ_Data/20260204_100826_beam5_az055.mat,,,,,
train,0,20260204_100826_beam5_az073,/home/tobeornot8259748/projects/balloon_radar_project/data/raw/detection_dataset/train/Background_IQ/IQ_Data/20260204_100826_beam5_az073.mat,,,,,
train,0,20260204_100826_beam5_az082,/home/tobeornot8259748/projects/balloon_radar_project/data/raw/detection_dataset/train/Background_IQ/IQ_Data/20260204_100826_beam5_az082.mat,,,,,
train,0,20260204_100826_beam5_az091,/home/tobeornot8259748/projects/balloon_radar_project/data/raw/detection_dataset/train/Background_IQ/IQ_Data/20260204_100826_beam5_az091.mat,,,,,
train,0,20260204_100826_beam5_az100,/home/tobeornot8259748/projects/balloon_radar_project/data/raw/detection_dataset/train/Background_IQ/IQ_Data/20260204_100826_beam5_az100.mat,,,,,
train,0,20260204_100826_beam5_az109,/home/tobeornot8259748/projects/balloon_radar_project/data/raw/detection_dataset/train/Background_IQ/IQ_Data/20260204_100826_beam5_az109.mat,,,,,
train,0,20260204_100826_beam5_az127,/home/tobeornot8259748/projects/balloon_radar_project/data/raw/detection_dataset/train/Background_IQ/IQ_Data/20260204_100826_beam5_az127.mat,,,,,
train,0,20260204_100826_beam5_az136,/home/tobeornot8259748/projects/balloon_radar_project/data/raw/detection_dataset/train/Background_IQ/IQ_Data/20260204_100826_beam5_az136.mat,,,,,
train,0,20260204_100826_beam5_az154,/home/tobeornot8259748/projects/balloon_radar_project/data/raw/detection_dataset/train/Background_IQ/IQ_Data/20260204_100826_beam5_az154.mat,,,,,
train,0,20260204_100826_beam5_az172,/home/tobeornot8259748/projects/balloon_radar_project/data/raw/detection_dataset/train/Background_IQ/IQ_Data/20260204_100826_beam5_az172.mat,,,,,
train,0,20260204_100826_beam5_az190,/home/tobeornot8259748/projects/balloon_radar_project/data/raw/detection_dataset/train/Background_IQ/IQ_Data/20260204_100826_beam5_az190.mat,,,,,
train,0,20260204_100826_beam5_az199,/home/tobeornot8259748/projects/balloon_radar_project/data/raw/detection_dataset/train/Background_IQ/IQ_Data/20260204_100826_beam5_az199.mat,,,,,
train,0,20260204_100845_beam1_az001,/home/tobeornot8259748/projects/balloon_radar_project/data/raw/detection_dataset/train/Background_IQ/IQ_Data/20260204_100845_beam1_az001.mat,,,,,
train,0,20260204_100845_beam1_az019,/home/tobeornot8259748/projects/balloon_radar_project/data/raw/detection_dataset/train/Background_IQ/IQ_Data/20260204_100845_beam1_az019.mat,,,,,
train,0,20260204_100845_beam1_az028,/home/tobeornot8259748/projects/balloon_radar_project/data/raw/detection_dataset/train/Background_IQ/IQ_Data/20260204_100845_beam1_az028.mat,,,,,
train,0,20260204_100845_beam1_az037,/home/tobeornot8259748/projects/balloon_radar_project/data/raw/detection_dataset/train/Background_IQ/IQ_Data/20260204_100845_beam1_az037.mat,,,,,
train,0,20260204_100845_beam1_az055,/home/tobeornot8259748/projects/balloon_radar_project/data/raw/detection_dataset/train/Background_IQ/IQ_Data/20260204_100845_beam1_az055.mat,,,,,
train,0,20260204_100845_beam1_az064,/home/tobeornot8259748/projects/balloon_radar_project/data/raw/detection_dataset/train/Background_IQ/IQ_Data/20260204_100845_beam1_az064.mat,,,,,
train,0,20260204_100845_beam1_az073,/home/tobeornot8259748/projects/balloon_radar_project/data/raw/detection_dataset/train/Background_IQ/IQ_Data/20260204_100845_beam1_az073.mat,,,,,
train,0,20260204_100845_beam1_az082,/home/tobeornot8259748/projects/balloon_radar_project/data/raw/detection_dataset/train/Background_IQ/IQ_Data/20260204_100845_beam1_az082.mat,,,,,
train,0,20260204_100845_beam1_az091,/home/tobeornot8259748/projects/balloon_radar_project/data/raw/detection_dataset/train/Background_IQ/IQ_Data/20260204_100845_beam1_az091.mat,,,,,
train,0,20260204_100845_beam1_az100,/home/tobeornot8259748/projects/balloon_radar_project/data/raw/detection_dataset/train/Background_IQ/IQ_Data/20260204_100845_beam1_az100.mat,,,,,
train,0,20260204_100845_beam1_az109,/home/tobeornot8259748/projects/balloon_radar_project/data/raw/detection_dataset/train/Background_IQ/IQ_Data/20260204_100845_beam1_az109.mat,,,,,
train,0,20260204_100845_beam1_az118,/home/tobeornot8259748/projects/balloon_radar_project/data/raw/detection_dataset/train/Background_IQ/IQ_Data/20260204_100845_beam1_az118.mat,,,,,
train,0,20260204_100845_beam1_az127,/home/tobeornot8259748/projects/balloon_radar_project/data/raw/detection_dataset/train/Background_IQ/IQ_Data/20260204_100845_beam1_az127.mat,,,,,
train,0,20260204_100845_beam1_az136,/home/tobeornot8259748/projects/balloon_radar_project/data/raw/detection_dataset/train/Background_IQ/IQ_Data/20260204_100845_beam1_az136.mat,,,,,
train,0,20260204_100845_beam1_az145,/home/tobeornot8259748/projects/balloon_radar_project/data/raw/detection_dataset/train/Background_IQ/IQ_Data/20260204_100845_beam1_az145.mat,,,,,
train,0,20260204_100845_beam1_az172,/home/tobeornot8259748/projects/balloon_radar_project/data/raw/detection_dataset/train/Background_IQ/IQ_Data/20260204_100845_beam1_az172.mat,,,,,
train,0,20260204_100845_beam1_az181,/home/tobeornot8259748/projects/balloon_radar_project/data/raw/detection_dataset/train/Background_IQ/IQ_Data/20260204_100845_beam1_az181.mat,,,,,
train,0,20260204_100845_beam1_az190,/home/tobeornot8259748/projects/balloon_radar_project/data/raw/detection_dataset/train/Background_IQ/IQ_Data/20260204_100845_beam1_az190.mat,,,,,
train,0,20260204_100845_beam1_az199,/home/tobeornot8259748/projects/balloon_radar_project/data/raw/detection_dataset/train/Background_IQ/IQ_Data/20260204_100845_beam1_az199.mat,,,,,
train,0,20260204_100845_beam1_az217,/home/tobeornot8259748/projects/balloon_radar_project/data/raw/detection_dataset/train/Background_IQ/IQ_Data/20260204_100845_beam1_az217.mat,,,,,
train,0,20260204_100845_beam1_az226,/home/tobeornot8259748/projects/balloon_radar_project/data/raw/detection_dataset/train/Background_IQ/IQ_Data/20260204_100845_beam1_az226.mat,,,,,
train,0,20260204_100845_beam1_az244,/home/tobeornot8259748/projects/balloon_radar_project/data/raw/detection_dataset/train/Background_IQ/IQ_Data/20260204_100845_beam1_az244.mat,,,,,
train,0,20260204_100845_beam1_az253,/home/tobeornot8259748/projects/balloon_radar_project/data/raw/detection_dataset/train/Background_IQ/IQ_Data/20260204_100845_beam1_az253.mat,,,,,
train,0,20260204_100845_beam1_az262,/home/tobeornot8259748/projects/balloon_radar_project/data/raw/detection_dataset/train/Background_IQ/IQ_Data/20260204_100845_beam1_az262.mat,,,,,
train,0,20260204_100845_beam2_az010,/home/tobeornot8259748/projects/balloon_radar_project/data/raw/detection_dataset/train/Background_IQ/IQ_Data/20260204_100845_beam2_az010.mat,,,,,
train,0,20260204_100845_beam2_az019,/home/tobeornot8259748/projects/balloon_radar_project/data/raw/detection_dataset/train/Background_IQ/IQ_Data/20260204_100845_beam2_az019.mat,,,,,
train,0,20260204_100845_beam2_az037,/home/tobeornot8259748/projects/balloon_radar_project/data/raw/detection_dataset/train/Background_IQ/IQ_Data/20260204_100845_beam2_az037.mat,,,,,
train,0,20260204_100845_beam2_az046,/home/tobeornot8259748/projects/balloon_radar_project/data/raw/detection_dataset/train/Background_IQ/IQ_Data/20260204_100845_beam2_az046.mat,,,,,
train,0,20260204_100845_beam2_az055,/home/tobeornot8259748/projects/balloon_radar_project/data/raw/detection_dataset/train/Background_IQ/IQ_Data/20260204_100845_beam2_az055.mat,,,,,
train,0,20260204_100845_beam2_az064,/home/tobeornot8259748/projects/balloon_radar_project/data/raw/detection_dataset/train/Background_IQ/IQ_Data/20260204_100845_beam2_az064.mat,,,,,
train,0,20260204_100845_beam2_az082,/home/tobeornot8259748/projects/balloon_radar_project/data/raw/detection_dataset/train/Background_IQ/IQ_Data/20260204_100845_beam2_az082.mat,,,,,
train,0,20260204_100845_beam2_az091,/home/tobeornot8259748/projects/balloon_radar_project/data/raw/detection_dataset/train/Background_IQ/IQ_Data/20260204_100845_beam2_az091.mat,,,,,
train,0,20260204_100845_beam2_az100,/home/tobeornot8259748/projects/balloon_radar_project/data/raw/detection_dataset/train/Background_IQ/IQ_Data/20260204_100845_beam2_az100.mat,,,,,
train,0,20260204_100845_beam2_az109,/home/tobeornot8259748/projects/balloon_radar_project/data/raw/detection_dataset/train/Background_IQ/IQ_Data/20260204_100845_beam2_az109.mat,,,,,
train,0,20260204_100845_beam2_az118,/home/tobeornot8259748/projects/balloon_radar_project/data/raw/detection_dataset/train/Background_IQ/IQ_Data/20260204_100845_beam2_az118.mat,,,,,
train,0,20260204_100845_beam2_az136,/home/tobeornot8259748/projects/balloon_radar_project/data/raw/detection_dataset/train/Background_IQ/IQ_Data/20260204_100845_beam2_az136.mat,,,,,
train,0,20260204_100845_beam2_az145,/home/tobeornot8259748/projects/balloon_radar_project/data/raw/detection_dataset/train/Background_IQ/IQ_Data/20260204_100845_beam2_az145.mat,,,,,
train,0,20260204_100845_beam2_az163,/home/tobeornot8259748/projects/balloon_radar_project/data/raw/detection_dataset/train/Background_IQ/IQ_Data/20260204_100845_beam2_az163.mat,,,,,
train,0,20260204_100845_beam2_az190,/home/tobeornot8259748/projects/balloon_radar_project/data/raw/detection_dataset/train/Background_IQ/IQ_Data/20260204_100845_beam2_az190.mat,,,,,
train,0,20260204_100845_beam2_az199,/home/tobeornot8259748/projects/balloon_radar_project/data/raw/detection_dataset/train/Background_IQ/IQ_Data/20260204_100845_beam2_az199.mat,,,,,
train,0,20260204_100845_beam2_az208,/home/tobeornot8259748/projects/balloon_radar_project/data/raw/detection_dataset/train/Background_IQ/IQ_Data/20260204_100845_beam2_az208.mat,,,,,
train,0,20260204_100845_beam2_az226,/home/tobeornot8259748/projects/balloon_radar_project/data/raw/detection_dataset/train/Background_IQ/IQ_Data/20260204_100845_beam2_az226.mat,,,,,
train,0,20260204_100845_beam2_az235,/home/tobeornot8259748/projects/balloon_radar_project/data/raw/detection_dataset/train/Background_IQ/IQ_Data/20260204_100845_beam2_az235.mat,,,,,
train,0,20260204_100845_beam2_az244,/home/tobeornot8259748/projects/balloon_radar_project/data/raw/detection_dataset/train/Background_IQ/IQ_Data/20260204_100845_beam2_az244.mat,,,,,
train,0,20260204_100845_beam2_az262,/home/tobeornot8259748/projects/balloon_radar_project/data/raw/detection_dataset/train/Background_IQ/IQ_Data/20260204_100845_beam2_az262.mat,,,,,
train,0,20260204_100845_beam3_az001,/home/tobeornot8259748/projects/balloon_radar_project/data/raw/detection_dataset/train/Background_IQ/IQ_Data/20260204_100845_beam3_az001.mat,,,,,
train,0,20260204_100845_beam3_az010,/home/tobeornot8259748/projects/balloon_radar_project/data/raw/detection_dataset/train/Background_IQ/IQ_Data/20260204_100845_beam3_az010.mat,,,,,
train,0,20260204_100845_beam3_az019,/home/tobeornot8259748/projects/balloon_radar_project/data/raw/detection_dataset/train/Background_IQ/IQ_Data/20260204_100845_beam3_az019.mat,,,,,
train,0,20260204_100845_beam3_az046,/home/tobeornot8259748/projects/balloon_radar_project/data/raw/detection_dataset/train/Background_IQ/IQ_Data/20260204_100845_beam3_az046.mat,,,,,
train,0,20260204_100845_beam3_az055,/home/tobeornot8259748/projects/balloon_radar_project/data/raw/detection_dataset/train/Background_IQ/IQ_Data/20260204_100845_beam3_az055.mat,,,,,
train,0,20260204_100845_beam3_az064,/home/tobeornot8259748/projects/balloon_radar_project/data/raw/detection_dataset/train/Background_IQ/IQ_Data/20260204_100845_beam3_az064.mat,,,,,
train,0,20260204_100845_beam3_az073,/home/tobeornot8259748/projects/balloon_radar_project/data/raw/detection_dataset/train/Background_IQ/IQ_Data/20260204_100845_beam3_az073.mat,,,,,
train,0,20260204_100845_beam3_az091,/home/tobeornot8259748/projects/balloon_radar_project/data/raw/detection_dataset/train/Background_IQ/IQ_Data/20260204_100845_beam3_az091.mat,,,,,
train,0,20260204_100845_beam3_az109,/home/tobeornot8259748/projects/balloon_radar_project/data/raw/detection_dataset/train/Background_IQ/IQ_Data/20260204_100845_beam3_az109.mat,,,,,
train,0,20260204_100845_beam3_az127,/home/tobeornot8259748/projects/balloon_radar_project/data/raw/detection_dataset/train/Background_IQ/IQ_Data/20260204_100845_beam3_az127.mat,,,,,
train,0,20260204_100845_beam3_az136,/home/tobeornot8259748/projects/balloon_radar_project/data/raw/detection_dataset/train/Background_IQ/IQ_Data/20260204_100845_beam3_az136.mat,,,,,
train,0,20260204_100845_beam3_az145,/home/tobeornot8259748/projects/balloon_radar_project/data/raw/detection_dataset/train/Background_IQ/IQ_Data/20260204_100845_beam3_az145.mat,,,,,
train,0,20260204_100845_beam3_az163,/home/tobeornot8259748/projects/balloon_radar_project/data/raw/detection_dataset/train/Background_IQ/IQ_Data/20260204_100845_beam3_az163.mat,,,,,
train,0,20260204_100845_beam3_az172,/home/tobeornot8259748/projects/balloon_radar_project/data/raw/detection_dataset/train/Background_IQ/IQ_Data/20260204_100845_beam3_az172.mat,,,,,
train,0,20260204_100845_beam3_az181,/home/tobeornot8259748/projects/balloon_radar_project/data/raw/detection_dataset/train/Background_IQ/IQ_Data/20260204_100845_beam3_az181.mat,,,,,
train,0,20260204_100845_beam3_az190,/home/tobeornot8259748/projects/balloon_radar_project/data/raw/detection_dataset/train/Background_IQ/IQ_Data/20260204_100845_beam3_az190.mat,,,,,
train,0,20260204_100845_beam3_az217,/home/tobeornot8259748/projects/balloon_radar_project/data/raw/detection_dataset/train/Background_IQ/IQ_Data/20260204_100845_beam3_az217.mat,,,,,
train,0,20260204_100845_beam3_az235,/home/tobeornot8259748/projects/balloon_radar_project/data/raw/detection_dataset/train/Background_IQ/IQ_Data/20260204_100845_beam3_az235.mat,,,,,
train,0,20260204_100845_beam3_az244,/home/tobeornot8259748/projects/balloon_radar_project/data/raw/detection_dataset/train/Background_IQ/IQ_Data/20260204_100845_beam3_az244.mat,,,,,
train,0,20260204_100845_beam3_az253,/home/tobeornot8259748/projects/balloon_radar_project/data/raw/detection_dataset/train/Background_IQ/IQ_Data/20260204_100845_beam3_az253.mat,,,,,
train,0,20260204_100845_beam3_az262,/home/tobeornot8259748/projects/balloon_radar_project/data/raw/detection_dataset/train/Background_IQ/IQ_Data/20260204_100845_beam3_az262.mat,,,,,
train,0,20260204_100845_beam4_az010,/home/tobeornot8259748/projects/balloon_radar_project/data/raw/detection_dataset/train/Background_IQ/IQ_Data/20260204_100845_beam4_az010.mat,,,,,
train,0,20260204_100845_beam4_az019,/home/tobeornot8259748/projects/balloon_radar_project/data/raw/detection_dataset/train/Background_IQ/IQ_Data/20260204_100845_beam4_az019.mat,,,,,
train,0,20260204_100845_beam4_az028,/home/tobeornot8259748/projects/balloon_radar_project/data/raw/detection_dataset/train/Background_IQ/IQ_Data/20260204_100845_beam4_az028.mat,,,,,
train,0,20260204_100845_beam4_az037,/home/tobeornot8259748/projects/balloon_radar_project/data/raw/detection_dataset/train/Background_IQ/IQ_Data/20260204_100845_beam4_az037.mat,,,,,
train,0,20260204_100845_beam4_az046,/home/tobeornot8259748/projects/balloon_radar_project/data/raw/detection_dataset/train/Background_IQ/IQ_Data/20260204_100845_beam4_az046.mat,,,,,
train,0,20260204_100845_beam4_az073,/home/tobeornot8259748/projects/balloon_radar_project/data/raw/detection_dataset/train/Background_IQ/IQ_Data/20260204_100845_beam4_az073.mat,,,,,
train,0,20260204_100845_beam4_az091,/home/tobeornot8259748/projects/balloon_radar_project/data/raw/detection_dataset/train/Background_IQ/IQ_Data/20260204_100845_beam4_az091.mat,,,,,
train,0,20260204_100845_beam4_az100,/home/tobeornot8259748/projects/balloon_radar_project/data/raw/detection_dataset/train/Background_IQ/IQ_Data/20260204_100845_beam4_az100.mat,,,,,
train,0,20260204_100845_beam4_az109,/home/tobeornot8259748/projects/balloon_radar_project/data/raw/detection_dataset/train/Background_IQ/IQ_Data/20260204_100845_beam4_az109.mat,,,,,
train,0,20260204_100845_beam4_az118,/home/tobeornot8259748/projects/balloon_radar_project/data/raw/detection_dataset/train/Background_IQ/IQ_Data/20260204_100845_beam4_az118.mat,,,,,
train,0,20260204_100845_beam4_az136,/home/tobeornot8259748/projects/balloon_radar_project/data/raw/detection_dataset/train/Background_IQ/IQ_Data/20260204_100845_beam4_az136.mat,,,,,
train,0,20260204_100845_beam4_az154,/home/tobeornot8259748/projects/balloon_radar_project/data/raw/detection_dataset/train/Background_IQ/IQ_Data/20260204_100845_beam4_az154.mat,,,,,
train,0,20260204_100845_beam4_az163,/home/tobeornot8259748/projects/balloon_radar_project/data/raw/detection_dataset/train/Background_IQ/IQ_Data/20260204_100845_beam4_az163.mat,,,,,
train,0,20260204_100845_beam4_az172,/home/tobeornot8259748/projects/balloon_radar_project/data/raw/detection_dataset/train/Background_IQ/IQ_Data/20260204_100845_beam4_az172.mat,,,,,
train,0,20260204_100845_beam4_az181,/home/tobeornot8259748/projects/balloon_radar_project/data/raw/detection_dataset/train/Background_IQ/IQ_Data/20260204_100845_beam4_az181.mat,,,,,
train,0,20260204_100845_beam4_az199,/home/tobeornot8259748/projects/balloon_radar_project/data/raw/detection_dataset/train/Background_IQ/IQ_Data/20260204_100845_beam4_az199.mat,,,,,
train,0,20260204_100845_beam4_az208,/home/tobeornot8259748/projects/balloon_radar_project/data/raw/detection_dataset/train/Background_IQ/IQ_Data/20260204_100845_beam4_az208.mat,,,,,
train,0,20260204_100845_beam4_az226,/home/tobeornot8259748/projects/balloon_radar_project/data/raw/detection_dataset/train/Background_IQ/IQ_Data/20260204_100845_beam4_az226.mat,,,,,
train,0,20260204_100845_beam4_az235,/home/tobeornot8259748/projects/balloon_radar_project/data/raw/detection_dataset/train/Background_IQ/IQ_Data/20260204_100845_beam4_az235.mat,,,,,
train,0,20260204_100845_beam4_az244,/home/tobeornot8259748/projects/balloon_radar_project/data/raw/detection_dataset/train/Background_IQ/IQ_Data/20260204_100845_beam4_az244.mat,,,,,
train,0,20260204_100845_beam4_az253,/home/tobeornot8259748/projects/balloon_radar_project/data/raw/detection_dataset/train/Background_IQ/IQ_Data/20260204_100845_beam4_az253.mat,,,,,
train,0,20260204_100845_beam4_az262,/home/tobeornot8259748/projects/balloon_radar_project/data/raw/detection_dataset/train/Background_IQ/IQ_Data/20260204_100845_beam4_az262.mat,,,,,
train,0,20260204_100845_beam5_az001,/home/tobeornot8259748/projects/balloon_radar_project/data/raw/detection_dataset/train/Background_IQ/IQ_Data/20260204_100845_beam5_az001.mat,,,,,
train,0,20260204_100845_beam5_az010,/home/tobeornot8259748/projects/balloon_radar_project/data/raw/detection_dataset/train/Background_IQ/IQ_Data/20260204_100845_beam5_az010.mat,,,,,
train,0,20260204_100845_beam5_az019,/home/tobeornot8259748/projects/balloon_radar_project/data/raw/detection_dataset/train/Background_IQ/IQ_Data/20260204_100845_beam5_az019.mat,,,,,
train,0,20260204_100845_beam5_az028,/home/tobeornot8259748/projects/balloon_radar_project/data/raw/detection_dataset/train/Background_IQ/IQ_Data/20260204_100845_beam5_az028.mat,,,,,
train,0,20260204_100845_beam5_az037,/home/tobeornot8259748/projects/balloon_radar_project/data/raw/detection_dataset/train/Background_IQ/IQ_Data/20260204_100845_beam5_az037.mat,,,,,
train,0,20260204_100845_beam5_az064,/home/tobeornot8259748/projects/balloon_radar_project/data/raw/detection_dataset/train/Background_IQ/IQ_Data/20260204_100845_beam5_az064.mat,,,,,
train,0,20260204_100845_beam5_az082,/home/tobeornot8259748/projects/balloon_radar_project/data/raw/detection_dataset/train/Background_IQ/IQ_Data/20260204_100845_beam5_az082.mat,,,,,
train,0,20260204_100845_beam5_az109,/home/tobeornot8259748/projects/balloon_radar_project/data/raw/detection_dataset/train/Background_IQ/IQ_Data/20260204_100845_beam5_az109.mat,,,,,
train,0,20260204_100845_beam5_az118,/home/tobeornot8259748/projects/balloon_radar_project/data/raw/detection_dataset/train/Background_IQ/IQ_Data/20260204_100845_beam5_az118.mat,,,,,
train,0,20260204_100845_beam5_az136,/home/tobeornot8259748/projects/balloon_radar_project/data/raw/detection_dataset/train/Background_IQ/IQ_Data/20260204_100845_beam5_az136.mat,,,,,
train,0,20260204_100845_beam5_az172,/home/tobeornot8259748/projects/balloon_radar_project/data/raw/detection_dataset/train/Background_IQ/IQ_Data/20260204_100845_beam5_az172.mat,,,,,
train,0,20260204_100845_beam5_az190,/home/tobeornot8259748/projects/balloon_radar_project/data/raw/detection_dataset/train/Background_IQ/IQ_Data/20260204_100845_beam5_az190.mat,,,,,
train,0,20260204_100845_beam5_az199,/home/tobeornot8259748/projects/balloon_radar_project/data/raw/detection_dataset/train/Background_IQ/IQ_Data/20260204_100845_beam5_az199.mat,,,,,
train,0,20260204_100845_beam5_az208,/home/tobeornot8259748/projects/balloon_radar_project/data/raw/detection_dataset/train/Background_IQ/IQ_Data/20260204_100845_beam5_az208.mat,,,,,
train,0,20260204_100845_beam5_az217,/home/tobeornot8259748/projects/balloon_radar_project/data/raw/detection_dataset/train/Background_IQ/IQ_Data/20260204_100845_beam5_az217.mat,,,,,
train,0,20260204_100845_beam5_az226,/home/tobeornot8259748/projects/balloon_radar_project/data/raw/detection_dataset/train/Background_IQ/IQ_Data/20260204_100845_beam5_az226.mat,,,,,
train,0,20260204_100845_beam5_az235,/home/tobeornot8259748/projects/balloon_radar_project/data/raw/detection_dataset/train/Background_IQ/IQ_Data/20260204_100845_beam5_az235.mat,,,,,
train,0,20260204_100845_beam5_az262,/home/tobeornot8259748/projects/balloon_radar_project/data/raw/detection_dataset/train/Background_IQ/IQ_Data/20260204_100845_beam5_az262.mat,,,,,
train,0,20260204_100908_beam1_az001,/home/tobeornot8259748/projects/balloon_radar_project/data/raw/detection_dataset/train/Background_IQ/IQ_Data/20260204_100908_beam1_az001.mat,,,,,
train,0,20260204_100908_beam1_az028,/home/tobeornot8259748/projects/balloon_radar_project/data/raw/detection_dataset/train/Background_IQ/IQ_Data/20260204_100908_beam1_az028.mat,,,,,
train,0,20260204_100908_beam1_az055,/home/tobeornot8259748/projects/balloon_radar_project/data/raw/detection_dataset/train/Background_IQ/IQ_Data/20260204_100908_beam1_az055.mat,,,,,
train,0,20260204_100908_beam1_az064,/home/tobeornot8259748/projects/balloon_radar_project/data/raw/detection_dataset/train/Background_IQ/IQ_Data/20260204_100908_beam1_az064.mat,,,,,
train,0,20260204_100908_beam1_az073,/home/tobeornot8259748/projects/balloon_radar_project/data/raw/detection_dataset/train/Background_IQ/IQ_Data/20260204_100908_beam1_az073.mat,,,,,
train,0,20260204_100908_beam1_az091,/home/tobeornot8259748/projects/balloon_radar_project/data/raw/detection_dataset/train/Background_IQ/IQ_Data/20260204_100908_beam1_az091.mat,,,,,
train,0,20260204_100908_beam1_az100,/home/tobeornot8259748/projects/balloon_radar_project/data/raw/detection_dataset/train/Background_IQ/IQ_Data/20260204_100908_beam1_az100.mat,,,,,
train,0,20260204_100908_beam1_az109,/home/tobeornot8259748/projects/balloon_radar_project/data/raw/detection_dataset/train/Background_IQ/IQ_Data/20260204_100908_beam1_az109.mat,,,,,
train,0,20260204_100908_beam1_az118,/home/tobeornot8259748/projects/balloon_radar_project/data/raw/detection_dataset/train/Background_IQ/IQ_Data/20260204_100908_beam1_az118.mat,,,,,
train,0,20260204_100908_beam1_az127,/home/tobeornot8259748/projects/balloon_radar_project/data/raw/detection_dataset/train/Background_IQ/IQ_Data/20260204_100908_beam1_az127.mat,,,,,
train,0,20260204_100908_beam1_az145,/home/tobeornot8259748/projects/balloon_radar_project/data/raw/detection_dataset/train/Background_IQ/IQ_Data/20260204_100908_beam1_az145.mat,,,,,
train,0,20260204_100908_beam1_az154,/home/tobeornot8259748/projects/balloon_radar_project/data/raw/detection_dataset/train/Background_IQ/IQ_Data/20260204_100908_beam1_az154.mat,,,,,
train,0,20260204_100908_beam1_az163,/home/tobeornot8259748/projects/balloon_radar_project/data/raw/detection_dataset/train/Background_IQ/IQ_Data/20260204_100908_beam1_az163.mat,,,,,
train,0,20260204_100908_beam1_az181,/home/tobeornot8259748/projects/balloon_radar_project/data/raw/detection_dataset/train/Background_IQ/IQ_Data/20260204_100908_beam1_az181.mat,,,,,
train,0,20260204_100908_beam1_az190,/home/tobeornot8259748/projects/balloon_radar_project/data/raw/detection_dataset/train/Background_IQ/IQ_Data/20260204_100908_beam1_az190.mat,,,,,
train,0,20260204_100908_beam1_az208,/home/tobeornot8259748/projects/balloon_radar_project/data/raw/detection_dataset/train/Background_IQ/IQ_Data/20260204_100908_beam1_az208.mat,,,,,
train,0,20260204_100908_beam1_az217,/home/tobeornot8259748/projects/balloon_radar_project/data/raw/detection_dataset/train/Background_IQ/IQ_Data/20260204_100908_beam1_az217.mat,,,,,
train,0,20260204_100908_beam1_az235,/home/tobeornot8259748/projects/balloon_radar_project/data/raw/detection_dataset/train/Background_IQ/IQ_Data/20260204_100908_beam1_az235.mat,,,,,
train,0,20260204_100908_beam1_az244,/home/tobeornot8259748/projects/balloon_radar_project/data/raw/detection_dataset/train/Background_IQ/IQ_Data/20260204_100908_beam1_az244.mat,,,,,
train,0,20260204_100908_beam1_az253,/home/tobeornot8259748/projects/balloon_radar_project/data/raw/detection_dataset/train/Background_IQ/IQ_Data/20260204_100908_beam1_az253.mat,,,,,
train,0,20260204_100908_beam1_az262,/home/tobeornot8259748/projects/balloon_radar_project/data/raw/detection_dataset/train/Background_IQ/IQ_Data/20260204_100908_beam1_az262.mat,,,,,
train,0,20260204_100908_beam2_az001,/home/tobeornot8259748/projects/balloon_radar_project/data/raw/detection_dataset/train/Background_IQ/IQ_Data/20260204_100908_beam2_az001.mat,,,,,
train,0,20260204_100908_beam2_az010,/home/tobeornot8259748/projects/balloon_radar_project/data/raw/detection_dataset/train/Background_IQ/IQ_Data/20260204_100908_beam2_az010.mat,,,,,
train,0,20260204_100908_beam2_az037,/home/tobeornot8259748/projects/balloon_radar_project/data/raw/detection_dataset/train/Background_IQ/IQ_Data/20260204_100908_beam2_az037.mat,,,,,
train,0,20260204_100908_beam2_az046,/home/tobeornot8259748/projects/balloon_radar_project/data/raw/detection_dataset/train/Background_IQ/IQ_Data/20260204_100908_beam2_az046.mat,,,,,
train,0,20260204_100908_beam2_az055,/home/tobeornot8259748/projects/balloon_radar_project/data/raw/detection_dataset/train/Background_IQ/IQ_Data/20260204_100908_beam2_az055.mat,,,,,
train,0,20260204_100908_beam2_az073,/home/tobeornot8259748/projects/balloon_radar_project/data/raw/detection_dataset/train/Background_IQ/IQ_Data/20260204_100908_beam2_az073.mat,,,,,
train,0,20260204_100908_beam2_az082,/home/tobeornot8259748/projects/balloon_radar_project/data/raw/detection_dataset/train/Background_IQ/IQ_Data/20260204_100908_beam2_az082.mat,,,,,
train,0,20260204_100908_beam2_az091,/home/tobeornot8259748/projects/balloon_radar_project/data/raw/detection_dataset/train/Background_IQ/IQ_Data/20260204_100908_beam2_az091.mat,,,,,
train,0,20260204_100908_beam2_az100,/home/tobeornot8259748/projects/balloon_radar_project/data/raw/detection_dataset/train/Background_IQ/IQ_Data/20260204_100908_beam2_az100.mat,,,,,
train,0,20260204_100908_beam2_az109,/home/tobeornot8259748/projects/balloon_radar_project/data/raw/detection_dataset/train/Background_IQ/IQ_Data/20260204_100908_beam2_az109.mat,,,,,
train,0,20260204_100908_beam2_az118,/home/tobeornot8259748/projects/balloon_radar_project/data/raw/detection_dataset/train/Background_IQ/IQ_Data/20260204_100908_beam2_az118.mat,,,,,
train,0,20260204_100908_beam2_az127,/home/tobeornot8259748/projects/balloon_radar_project/data/raw/detection_dataset/train/Background_IQ/IQ_Data/20260204_100908_beam2_az127.mat,,,,,
train,0,20260204_100908_beam2_az145,/home/tobeornot8259748/projects/balloon_radar_project/data/raw/detection_dataset/train/Background_IQ/IQ_Data/20260204_100908_beam2_az145.mat,,,,,
train,0,20260204_100908_beam2_az154,/home/tobeornot8259748/projects/balloon_radar_project/data/raw/detection_dataset/train/Background_IQ/IQ_Data/20260204_100908_beam2_az154.mat,,,,,
train,0,20260204_100908_beam2_az172,/home/tobeornot8259748/projects/balloon_radar_project/data/raw/detection_dataset/train/Background_IQ/IQ_Data/20260204_100908_beam2_az172.mat,,,,,
train,0,20260204_100908_beam2_az181,/home/tobeornot8259748/projects/balloon_radar_project/data/raw/detection_dataset/train/Background_IQ/IQ_Data/20260204_100908_beam2_az181.mat,,,,,
train,0,20260204_100908_beam2_az190,/home/tobeornot8259748/projects/balloon_radar_project/data/raw/detection_dataset/train/Background_IQ/IQ_Data/20260204_100908_beam2_az190.mat,,,,,
train,0,20260204_100908_beam2_az208,/home/tobeornot8259748/projects/balloon_radar_project/data/raw/detection_dataset/train/Background_IQ/IQ_Data/20260204_100908_beam2_az208.mat,,,,,
train,0,20260204_100908_beam2_az217,/home/tobeornot8259748/projects/balloon_radar_project/data/raw/detection_dataset/train/Background_IQ/IQ_Data/20260204_100908_beam2_az217.mat,,,,,
train,0,20260204_100908_beam2_az226,/home/tobeornot8259748/projects/balloon_radar_project/data/raw/detection_dataset/train/Background_IQ/IQ_Data/20260204_100908_beam2_az226.mat,,,,,
train,0,20260204_100908_beam2_az244,/home/tobeornot8259748/projects/balloon_radar_project/data/raw/detection_dataset/train/Background_IQ/IQ_Data/20260204_100908_beam2_az244.mat,,,,,
train,0,20260204_100908_beam2_az262,/home/tobeornot8259748/projects/balloon_radar_project/data/raw/detection_dataset/train/Background_IQ/IQ_Data/20260204_100908_beam2_az262.mat,,,,,
train,0,20260204_100908_beam3_az001,/home/tobeornot8259748/projects/balloon_radar_project/data/raw/detection_dataset/train/Background_IQ/IQ_Data/20260204_100908_beam3_az001.mat,,,,,
train,0,20260204_100908_beam3_az010,/home/tobeornot8259748/projects/balloon_radar_project/data/raw/detection_dataset/train/Background_IQ/IQ_Data/20260204_100908_beam3_az010.mat,,,,,
train,0,20260204_100908_beam3_az019,/home/tobeornot8259748/projects/balloon_radar_project/data/raw/detection_dataset/train/Background_IQ/IQ_Data/20260204_100908_beam3_az019.mat,,,,,
train,0,20260204_100908_beam3_az028,/home/tobeornot8259748/projects/balloon_radar_project/data/raw/detection_dataset/train/Background_IQ/IQ_Data/20260204_100908_beam3_az028.mat,,,,,
train,0,20260204_100908_beam3_az037,/home/tobeornot8259748/projects/balloon_radar_project/data/raw/detection_dataset/train/Background_IQ/IQ_Data/20260204_100908_beam3_az037.mat,,,,,
train,0,20260204_100908_beam3_az055,/home/tobeornot8259748/projects/balloon_radar_project/data/raw/detection_dataset/train/Background_IQ/IQ_Data/20260204_100908_beam3_az055.mat,,,,,
train,0,20260204_100908_beam3_az064,/home/tobeornot8259748/projects/balloon_radar_project/data/raw/detection_dataset/train/Background_IQ/IQ_Data/20260204_100908_beam3_az064.mat,,,,,
train,0,20260204_100908_beam3_az073,/home/tobeornot8259748/projects/balloon_radar_project/data/raw/detection_dataset/train/Background_IQ/IQ_Data/20260204_100908_beam3_az073.mat,,,,,
train,0,20260204_100908_beam3_az082,/home/tobeornot8259748/projects/balloon_radar_project/data/raw/detection_dataset/train/Background_IQ/IQ_Data/20260204_100908_beam3_az082.mat,,,,,
train,0,20260204_100908_beam3_az091,/home/tobeornot8259748/projects/balloon_radar_project/data/raw/detection_dataset/train/Background_IQ/IQ_Data/20260204_100908_beam3_az091.mat,,,,,
train,0,20260204_100908_beam3_az118,/home/tobeornot8259748/projects/balloon_radar_project/data/raw/detection_dataset/train/Background_IQ/IQ_Data/20260204_100908_beam3_az118.mat,,,,,
train,0,20260204_100908_beam3_az127,/home/tobeornot8259748/projects/balloon_radar_project/data/raw/detection_dataset/train/Background_IQ/IQ_Data/20260204_100908_beam3_az127.mat,,,,,
train,0,20260204_100908_beam3_az163,/home/tobeornot8259748/projects/balloon_radar_project/data/raw/detection_dataset/train/Background_IQ/IQ_Data/20260204_100908_beam3_az163.mat,,,,,
train,0,20260204_100908_beam3_az172,/home/tobeornot8259748/projects/balloon_radar_project/data/raw/detection_dataset/train/Background_IQ/IQ_Data/20260204_100908_beam3_az172.mat,,,,,
train,0,20260204_100908_beam3_az181,/home/tobeornot8259748/projects/balloon_radar_project/data/raw/detection_dataset/train/Background_IQ/IQ_Data/20260204_100908_beam3_az181.mat,,,,,
train,0,20260204_100908_beam3_az208,/home/tobeornot8259748/projects/balloon_radar_project/data/raw/detection_dataset/train/Background_IQ/IQ_Data/20260204_100908_beam3_az208.mat,,,,,
train,0,20260204_100908_beam3_az217,/home/tobeornot8259748/projects/balloon_radar_project/data/raw/detection_dataset/train/Background_IQ/IQ_Data/20260204_100908_beam3_az217.mat,,,,,
train,0,20260204_100908_beam3_az235,/home/tobeornot8259748/projects/balloon_radar_project/data/raw/detection_dataset/train/Background_IQ/IQ_Data/20260204_100908_beam3_az235.mat,,,,,
train,0,20260204_100908_beam3_az244,/home/tobeornot8259748/projects/balloon_radar_project/data/raw/detection_dataset/train/Background_IQ/IQ_Data/20260204_100908_beam3_az244.mat,,,,,
train,0,20260204_100908_beam3_az253,/home/tobeornot8259748/projects/balloon_radar_project/data/raw/detection_dataset/train/Background_IQ/IQ_Data/20260204_100908_beam3_az253.mat,,,,,
train,0,20260204_100908_beam4_az037,/home/tobeornot8259748/projects/balloon_radar_project/data/raw/detection_dataset/train/Background_IQ/IQ_Data/20260204_100908_beam4_az037.mat,,,,,
train,0,20260204_100908_beam4_az046,/home/tobeornot8259748/projects/balloon_radar_project/data/raw/detection_dataset/train/Background_IQ/IQ_Data/20260204_100908_beam4_az046.mat,,,,,
train,0,20260204_100908_beam4_az055,/home/tobeornot8259748/projects/balloon_radar_project/data/raw/detection_dataset/train/Background_IQ/IQ_Data/20260204_100908_beam4_az055.mat,,,,,
train,0,20260204_100908_beam4_az064,/home/tobeornot8259748/projects/balloon_radar_project/data/raw/detection_dataset/train/Background_IQ/IQ_Data/20260204_100908_beam4_az064.mat,,,,,
train,0,20260204_100908_beam4_az082,/home/tobeornot8259748/projects/balloon_radar_project/data/raw/detection_dataset/train/Background_IQ/IQ_Data/20260204_100908_beam4_az082.mat,,,,,
train,0,20260204_100908_beam4_az118,/home/tobeornot8259748/projects/balloon_radar_project/data/raw/detection_dataset/train/Background_IQ/IQ_Data/20260204_100908_beam4_az118.mat,,,,,
train,0,20260204_100908_beam4_az127,/home/tobeornot8259748/projects/balloon_radar_project/data/raw/detection_dataset/train/Background_IQ/IQ_Data/20260204_100908_beam4_az127.mat,,,,,
train,0,20260204_100908_beam4_az136,/home/tobeornot8259748/projects/balloon_radar_project/data/raw/detection_dataset/train/Background_IQ/IQ_Data/20260204_100908_beam4_az136.mat,,,,,
train,0,20260204_100908_beam4_az154,/home/tobeornot8259748/projects/balloon_radar_project/data/raw/detection_dataset/train/Background_IQ/IQ_Data/20260204_100908_beam4_az154.mat,,,,,
train,0,20260204_100908_beam4_az172,/home/tobeornot8259748/projects/balloon_radar_project/data/raw/detection_dataset/train/Background_IQ/IQ_Data/20260204_100908_beam4_az172.mat,,,,,
train,0,20260204_100908_beam4_az190,/home/tobeornot8259748/projects/balloon_radar_project/data/raw/detection_dataset/train/Background_IQ/IQ_Data/20260204_100908_beam4_az190.mat,,,,,
train,0,20260204_100908_beam4_az199,/home/tobeornot8259748/projects/balloon_radar_project/data/raw/detection_dataset/train/Background_IQ/IQ_Data/20260204_100908_beam4_az199.mat,,,,,
train,0,20260204_100908_beam4_az208,/home/tobeornot8259748/projects/balloon_radar_project/data/raw/detection_dataset/train/Background_IQ/IQ_Data/20260204_100908_beam4_az208.mat,,,,,
train,0,20260204_100908_beam4_az217,/home/tobeornot8259748/projects/balloon_radar_project/data/raw/detection_dataset/train/Background_IQ/IQ_Data/20260204_100908_beam4_az217.mat,,,,,
train,0,20260204_100908_beam4_az226,/home/tobeornot8259748/projects/balloon_radar_project/data/raw/detection_dataset/train/Background_IQ/IQ_Data/20260204_100908_beam4_az226.mat,,,,,
train,0,20260204_100908_beam4_az235,/home/tobeornot8259748/projects/balloon_radar_project/data/raw/detection_dataset/train/Background_IQ/IQ_Data/20260204_100908_beam4_az235.mat,,,,,
train,0,20260204_100908_beam4_az244,/home/tobeornot8259748/projects/balloon_radar_project/data/raw/detection_dataset/train/Background_IQ/IQ_Data/20260204_100908_beam4_az244.mat,,,,,
train,0,20260204_100908_beam4_az253,/home/tobeornot8259748/projects/balloon_radar_project/data/raw/detection_dataset/train/Background_IQ/IQ_Data/20260204_100908_beam4_az253.mat,,,,,
train,0,20260204_100908_beam5_az001,/home/tobeornot8259748/projects/balloon_radar_project/data/raw/detection_dataset/train/Background_IQ/IQ_Data/20260204_100908_beam5_az001.mat,,,,,
train,0,20260204_100908_beam5_az019,/home/tobeornot8259748/projects/balloon_radar_project/data/raw/detection_dataset/train/Background_IQ/IQ_Data/20260204_100908_beam5_az019.mat,,,,,
train,0,20260204_100908_beam5_az037,/home/tobeornot8259748/projects/balloon_radar_project/data/raw/detection_dataset/train/Background_IQ/IQ_Data/20260204_100908_beam5_az037.mat,,,,,
train,0,20260204_100908_beam5_az055,/home/tobeornot8259748/projects/balloon_radar_project/data/raw/detection_dataset/train/Background_IQ/IQ_Data/20260204_100908_beam5_az055.mat,,,,,
train,0,20260204_100908_beam5_az064,/home/tobeornot8259748/projects/balloon_radar_project/data/raw/detection_dataset/train/Background_IQ/IQ_Data/20260204_100908_beam5_az064.mat,,,,,
train,0,20260204_100908_beam5_az082,/home/tobeornot8259748/projects/balloon_radar_project/data/raw/detection_dataset/train/Background_IQ/IQ_Data/20260204_100908_beam5_az082.mat,,,,,
train,0,20260204_100908_beam5_az091,/home/tobeornot8259748/projects/balloon_radar_project/data/raw/detection_dataset/train/Background_IQ/IQ_Data/20260204_100908_beam5_az091.mat,,,,,
train,0,20260204_100908_beam5_az109,/home/tobeornot8259748/projects/balloon_radar_project/data/raw/detection_dataset/train/Background_IQ/IQ_Data/20260204_100908_beam5_az109.mat,,,,,
train,0,20260204_100908_beam5_az136,/home/tobeornot8259748/projects/balloon_radar_project/data/raw/detection_dataset/train/Background_IQ/IQ_Data/20260204_100908_beam5_az136.mat,,,,,
train,0,20260204_100908_beam5_az163,/home/tobeornot8259748/projects/balloon_radar_project/data/raw/detection_dataset/train/Background_IQ/IQ_Data/20260204_100908_beam5_az163.mat,,,,,
train,0,20260204_100908_beam5_az181,/home/tobeornot8259748/projects/balloon_radar_project/data/raw/detection_dataset/train/Background_IQ/IQ_Data/20260204_100908_beam5_az181.mat,,,,,
train,0,20260204_100908_beam5_az190,/home/tobeornot8259748/projects/balloon_radar_project/data/raw/detection_dataset/train/Background_IQ/IQ_Data/20260204_100908_beam5_az190.mat,,,,,
train,0,20260204_100908_beam5_az208,/home/tobeornot8259748/projects/balloon_radar_project/data/raw/detection_dataset/train/Background_IQ/IQ_Data/20260204_100908_beam5_az208.mat,,,,,
train,0,20260204_100908_beam5_az217,/home/tobeornot8259748/projects/balloon_radar_project/data/raw/detection_dataset/train/Background_IQ/IQ_Data/20260204_100908_beam5_az217.mat,,,,,
train,0,20260204_100908_beam5_az226,/home/tobeornot8259748/projects/balloon_radar_project/data/raw/detection_dataset/train/Background_IQ/IQ_Data/20260204_100908_beam5_az226.mat,,,,,
train,0,20260204_100908_beam5_az235,/home/tobeornot8259748/projects/balloon_radar_project/data/raw/detection_dataset/train/Background_IQ/IQ_Data/20260204_100908_beam5_az235.mat,,,,,
train,0,20260204_100908_beam5_az244,/home/tobeornot8259748/projects/balloon_radar_project/data/raw/detection_dataset/train/Background_IQ/IQ_Data/20260204_100908_beam5_az244.mat,,,,,
train,0,20260204_100908_beam5_az253,/home/tobeornot8259748/projects/balloon_radar_project/data/raw/detection_dataset/train/Background_IQ/IQ_Data/20260204_100908_beam5_az253.mat,,,,,
train,0,20260204_100908_beam5_az262,/home/tobeornot8259748/projects/balloon_radar_project/data/raw/detection_dataset/train/Background_IQ/IQ_Data/20260204_100908_beam5_az262.mat,,,,,
train,0,20260204_100932_beam1_az001,/home/tobeornot8259748/projects/balloon_radar_project/data/raw/detection_dataset/train/Background_IQ/IQ_Data/20260204_100932_beam1_az001.mat,,,,,
train,0,20260204_100932_beam1_az010,/home/tobeornot8259748/projects/balloon_radar_project/data/raw/detection_dataset/train/Background_IQ/IQ_Data/20260204_100932_beam1_az010.mat,,,,,
train,0,20260204_100932_beam1_az037,/home/tobeornot8259748/projects/balloon_radar_project/data/raw/detection_dataset/train/Background_IQ/IQ_Data/20260204_100932_beam1_az037.mat,,,,,
train,0,20260204_100932_beam1_az055,/home/tobeornot8259748/projects/balloon_radar_project/data/raw/detection_dataset/train/Background_IQ/IQ_Data/20260204_100932_beam1_az055.mat,,,,,
train,0,20260204_100932_beam1_az064,/home/tobeornot8259748/projects/balloon_radar_project/data/raw/detection_dataset/train/Background_IQ/IQ_Data/20260204_100932_beam1_az064.mat,,,,,
train,0,20260204_100932_beam1_az073,/home/tobeornot8259748/projects/balloon_radar_project/data/raw/detection_dataset/train/Background_IQ/IQ_Data/20260204_100932_beam1_az073.mat,,,,,
train,0,20260204_100932_beam1_az082,/home/tobeornot8259748/projects/balloon_radar_project/data/raw/detection_dataset/train/Background_IQ/IQ_Data/20260204_100932_beam1_az082.mat,,,,,
train,0,20260204_100932_beam1_az091,/home/tobeornot8259748/projects/balloon_radar_project/data/raw/detection_dataset/train/Background_IQ/IQ_Data/20260204_100932_beam1_az091.mat,,,,,
train,0,20260204_100932_beam1_az100,/home/tobeornot8259748/projects/balloon_radar_project/data/raw/detection_dataset/train/Background_IQ/IQ_Data/20260204_100932_beam1_az100.mat,,,,,
train,0,20260204_100932_beam1_az109,/home/tobeornot8259748/projects/balloon_radar_project/data/raw/detection_dataset/train/Background_IQ/IQ_Data/20260204_100932_beam1_az109.mat,,,,,
train,0,20260204_100932_beam1_az118,/home/tobeornot8259748/projects/balloon_radar_project/data/raw/detection_dataset/train/Background_IQ/IQ_Data/20260204_100932_beam1_az118.mat,,,,,
train,0,20260204_100932_beam1_az136,/home/tobeornot8259748/projects/balloon_radar_project/data/raw/detection_dataset/train/Background_IQ/IQ_Data/20260204_100932_beam1_az136.mat,,,,,
train,0,20260204_100932_beam1_az145,/home/tobeornot8259748/projects/balloon_radar_project/data/raw/detection_dataset/train/Background_IQ/IQ_Data/20260204_100932_beam1_az145.mat,,,,,
train,0,20260204_100932_beam1_az154,/home/tobeornot8259748/projects/balloon_radar_project/data/raw/detection_dataset/train/Background_IQ/IQ_Data/20260204_100932_beam1_az154.mat,,,,,
train,0,20260204_100932_beam1_az163,/home/tobeornot8259748/projects/balloon_radar_project/data/raw/detection_dataset/train/Background_IQ/IQ_Data/20260204_100932_beam1_az163.mat,,,,,
train,0,20260204_100932_beam1_az172,/home/tobeornot8259748/projects/balloon_radar_project/data/raw/detection_dataset/train/Background_IQ/IQ_Data/20260204_100932_beam1_az172.mat,,,,,
train,0,20260204_100932_beam1_az190,/home/tobeornot8259748/projects/balloon_radar_project/data/raw/detection_dataset/train/Background_IQ/IQ_Data/20260204_100932_beam1_az190.mat,,,,,
train,0,20260204_100932_beam1_az199,/home/tobeornot8259748/projects/balloon_radar_project/data/raw/detection_dataset/train/Background_IQ/IQ_Data/20260204_100932_beam1_az199.mat,,,,,
train,0,20260204_100932_beam2_az010,/home/tobeornot8259748/projects/balloon_radar_project/data/raw/detection_dataset/train/Background_IQ/IQ_Data/20260204_100932_beam2_az010.mat,,,,,
train,0,20260204_100932_beam2_az028,/home/tobeornot8259748/projects/balloon_radar_project/data/raw/detection_dataset/train/Background_IQ/IQ_Data/20260204_100932_beam2_az028.mat,,,,,
train,0,20260204_100932_beam2_az046,/home/tobeornot8259748/projects/balloon_radar_project/data/raw/detection_dataset/train/Background_IQ/IQ_Data/20260204_100932_beam2_az046.mat,,,,,
train,0,20260204_100932_beam2_az055,/home/tobeornot8259748/projects/balloon_radar_project/data/raw/detection_dataset/train/Background_IQ/IQ_Data/20260204_100932_beam2_az055.mat,,,,,
train,0,20260204_100932_beam2_az082,/home/tobeornot8259748/projects/balloon_radar_project/data/raw/detection_dataset/train/Background_IQ/IQ_Data/20260204_100932_beam2_az082.mat,,,,,
train,0,20260204_100932_beam2_az091,/home/tobeornot8259748/projects/balloon_radar_project/data/raw/detection_dataset/train/Background_IQ/IQ_Data/20260204_100932_beam2_az091.mat,,,,,
train,0,20260204_100932_beam2_az100,/home/tobeornot8259748/projects/balloon_radar_project/data/raw/detection_dataset/train/Background_IQ/IQ_Data/20260204_100932_beam2_az100.mat,,,,,
train,0,20260204_100932_beam2_az109,/home/tobeornot8259748/projects/balloon_radar_project/data/raw/detection_dataset/train/Background_IQ/IQ_Data/20260204_100932_beam2_az109.mat,,,,,
train,0,20260204_100932_beam2_az118,/home/tobeornot8259748/projects/balloon_radar_project/data/raw/detection_dataset/train/Background_IQ/IQ_Data/20260204_100932_beam2_az118.mat,,,,,
train,0,20260204_100932_beam2_az127,/home/tobeornot8259748/projects/balloon_radar_project/data/raw/detection_dataset/train/Background_IQ/IQ_Data/20260204_100932_beam2_az127.mat,,,,,
train,0,20260204_100932_beam2_az136,/home/tobeornot8259748/projects/balloon_radar_project/data/raw/detection_dataset/train/Background_IQ/IQ_Data/20260204_100932_beam2_az136.mat,,,,,
train,0,20260204_100932_beam2_az145,/home/tobeornot8259748/projects/balloon_radar_project/data/raw/detection_dataset/train/Background_IQ/IQ_Data/20260204_100932_beam2_az145.mat,,,,,
train,0,20260204_100932_beam2_az190,/home/tobeornot8259748/projects/balloon_radar_project/data/raw/detection_dataset/train/Background_IQ/IQ_Data/20260204_100932_beam2_az190.mat,,,,,
train,0,20260204_100932_beam2_az199,/home/tobeornot8259748/projects/balloon_radar_project/data/raw/detection_dataset/train/Background_IQ/IQ_Data/20260204_100932_beam2_az199.mat,,,,,
train,0,20260204_100932_beam3_az019,/home/tobeornot8259748/projects/balloon_radar_project/data/raw/detection_dataset/train/Background_IQ/IQ_Data/20260204_100932_beam3_az019.mat,,,,,
train,0,20260204_100932_beam3_az037,/home/tobeornot8259748/projects/balloon_radar_project/data/raw/detection_dataset/train/Background_IQ/IQ_Data/20260204_100932_beam3_az037.mat,,,,,
train,0,20260204_100932_beam3_az046,/home/tobeornot8259748/projects/balloon_radar_project/data/raw/detection_dataset/train/Background_IQ/IQ_Data/20260204_100932_beam3_az046.mat,,,,,
train,0,20260204_100932_beam3_az055,/home/tobeornot8259748/projects/balloon_radar_project/data/raw/detection_dataset/train/Background_IQ/IQ_Data/20260204_100932_beam3_az055.mat,,,,,
train,0,20260204_100932_beam3_az064,/home/tobeornot8259748/projects/balloon_radar_project/data/raw/detection_dataset/train/Background_IQ/IQ_Data/20260204_100932_beam3_az064.mat,,,,,
train,0,20260204_100932_beam3_az073,/home/tobeornot8259748/projects/balloon_radar_project/data/raw/detection_dataset/train/Background_IQ/IQ_Data/20260204_100932_beam3_az073.mat,,,,,
train,0,20260204_100932_beam3_az091,/home/tobeornot8259748/projects/balloon_radar_project/data/raw/detection_dataset/train/Background_IQ/IQ_Data/20260204_100932_beam3_az091.mat,,,,,
train,0,20260204_100932_beam3_az100,/home/tobeornot8259748/projects/balloon_radar_project/data/raw/detection_dataset/train/Background_IQ/IQ_Data/20260204_100932_beam3_az100.mat,,,,,
train,0,20260204_100932_beam3_az109,/home/tobeornot8259748/projects/balloon_radar_project/data/raw/detection_dataset/train/Background_IQ/IQ_Data/20260204_100932_beam3_az109.mat,,,,,
train,0,20260204_100932_beam3_az118,/home/tobeornot8259748/projects/balloon_radar_project/data/raw/detection_dataset/train/Background_IQ/IQ_Data/20260204_100932_beam3_az118.mat,,,,,
train,0,20260204_100932_beam3_az136,/home/tobeornot8259748/projects/balloon_radar_project/data/raw/detection_dataset/train/Background_IQ/IQ_Data/20260204_100932_beam3_az136.mat,,,,,
train,0,20260204_100932_beam3_az145,/home/tobeornot8259748/projects/balloon_radar_project/data/raw/detection_dataset/train/Background_IQ/IQ_Data/20260204_100932_beam3_az145.mat,,,,,
train,0,20260204_100932_beam3_az154,/home/tobeornot8259748/projects/balloon_radar_project/data/raw/detection_dataset/train/Background_IQ/IQ_Data/20260204_100932_beam3_az154.mat,,,,,
train,0,20260204_100932_beam3_az163,/home/tobeornot8259748/projects/balloon_radar_project/data/raw/detection_dataset/train/Background_IQ/IQ_Data/20260204_100932_beam3_az163.mat,,,,,
train,0,20260204_100932_beam3_az172,/home/tobeornot8259748/projects/balloon_radar_project/data/raw/detection_dataset/train/Background_IQ/IQ_Data/20260204_100932_beam3_az172.mat,,,,,
train,0,20260204_100932_beam3_az190,/home/tobeornot8259748/projects/balloon_radar_project/data/raw/detection_dataset/train/Background_IQ/IQ_Data/20260204_100932_beam3_az190.mat,,,,,
train,0,20260204_100932_beam3_az199,/home/tobeornot8259748/projects/balloon_radar_project/data/raw/detection_dataset/train/Background_IQ/IQ_Data/20260204_100932_beam3_az199.mat,,,,,
train,0,20260204_100932_beam4_az001,/home/tobeornot8259748/projects/balloon_radar_project/data/raw/detection_dataset/train/Background_IQ/IQ_Data/20260204_100932_beam4_az001.mat,,,,,
train,0,20260204_100932_beam4_az010,/home/tobeornot8259748/projects/balloon_radar_project/data/raw/detection_dataset/train/Background_IQ/IQ_Data/20260204_100932_beam4_az010.mat,,,,,
train,0,20260204_100932_beam4_az028,/home/tobeornot8259748/projects/balloon_radar_project/data/raw/detection_dataset/train/Background_IQ/IQ_Data/20260204_100932_beam4_az028.mat,,,,,
train,0,20260204_100932_beam4_az037,/home/tobeornot8259748/projects/balloon_radar_project/data/raw/detection_dataset/train/Background_IQ/IQ_Data/20260204_100932_beam4_az037.mat,,,,,
train,0,20260204_100932_beam4_az046,/home/tobeornot8259748/projects/balloon_radar_project/data/raw/detection_dataset/train/Background_IQ/IQ_Data/20260204_100932_beam4_az046.mat,,,,,
train,0,20260204_100932_beam4_az082,/home/tobeornot8259748/projects/balloon_radar_project/data/raw/detection_dataset/train/Background_IQ/IQ_Data/20260204_100932_beam4_az082.mat,,,,,
train,0,20260204_100932_beam4_az109,/home/tobeornot8259748/projects/balloon_radar_project/data/raw/detection_dataset/train/Background_IQ/IQ_Data/20260204_100932_beam4_az109.mat,,,,,
train,0,20260204_100932_beam4_az136,/home/tobeornot8259748/projects/balloon_radar_project/data/raw/detection_dataset/train/Background_IQ/IQ_Data/20260204_100932_beam4_az136.mat,,,,,
train,0,20260204_100932_beam4_az145,/home/tobeornot8259748/projects/balloon_radar_project/data/raw/detection_dataset/train/Background_IQ/IQ_Data/20260204_100932_beam4_az145.mat,,,,,
train,0,20260204_100932_beam4_az154,/home/tobeornot8259748/projects/balloon_radar_project/data/raw/detection_dataset/train/Background_IQ/IQ_Data/20260204_100932_beam4_az154.mat,,,,,
train,0,20260204_100932_beam4_az163,/home/tobeornot8259748/projects/balloon_radar_project/data/raw/detection_dataset/train/Background_IQ/IQ_Data/20260204_100932_beam4_az163.mat,,,,,
train,0,20260204_100932_beam4_az172,/home/tobeornot8259748/projects/balloon_radar_project/data/raw/detection_dataset/train/Background_IQ/IQ_Data/20260204_100932_beam4_az172.mat,,,,,
train,0,20260204_100932_beam4_az190,/home/tobeornot8259748/projects/balloon_radar_project/data/raw/detection_dataset/train/Background_IQ/IQ_Data/20260204_100932_beam4_az190.mat,,,,,
train,0,20260204_100932_beam4_az199,/home/tobeornot8259748/projects/balloon_radar_project/data/raw/detection_dataset/train/Background_IQ/IQ_Data/20260204_100932_beam4_az199.mat,,,,,
train,0,20260204_100932_beam5_az001,/home/tobeornot8259748/projects/balloon_radar_project/data/raw/detection_dataset/train/Background_IQ/IQ_Data/20260204_100932_beam5_az001.mat,,,,,
train,0,20260204_100932_beam5_az010,/home/tobeornot8259748/projects/balloon_radar_project/data/raw/detection_dataset/train/Background_IQ/IQ_Data/20260204_100932_beam5_az010.mat,,,,,
train,0,20260204_100932_beam5_az037,/home/tobeornot8259748/projects/balloon_radar_project/data/raw/detection_dataset/train/Background_IQ/IQ_Data/20260204_100932_beam5_az037.mat,,,,,
train,0,20260204_100932_beam5_az046,/home/tobeornot8259748/projects/balloon_radar_project/data/raw/detection_dataset/train/Background_IQ/IQ_Data/20260204_100932_beam5_az046.mat,,,,,
train,0,20260204_100932_beam5_az055,/home/tobeornot8259748/projects/balloon_radar_project/data/raw/detection_dataset/train/Background_IQ/IQ_Data/20260204_100932_beam5_az055.mat,,,,,
train,0,20260204_100932_beam5_az064,/home/tobeornot8259748/projects/balloon_radar_project/data/raw/detection_dataset/train/Background_IQ/IQ_Data/20260204_100932_beam5_az064.mat,,,,,
train,0,20260204_100932_beam5_az073,/home/tobeornot8259748/projects/balloon_radar_project/data/raw/detection_dataset/train/Background_IQ/IQ_Data/20260204_100932_beam5_az073.mat,,,,,
train,0,20260204_100932_beam5_az100,/home/tobeornot8259748/projects/balloon_radar_project/data/raw/detection_dataset/train/Background_IQ/IQ_Data/20260204_100932_beam5_az100.mat,,,,,
train,0,20260204_100932_beam5_az109,/home/tobeornot8259748/projects/balloon_radar_project/data/raw/detection_dataset/train/Background_IQ/IQ_Data/20260204_100932_beam5_az109.mat,,,,,
train,0,20260204_100932_beam5_az118,/home/tobeornot8259748/projects/balloon_radar_project/data/raw/detection_dataset/train/Background_IQ/IQ_Data/20260204_100932_beam5_az118.mat,,,,,
train,0,20260204_100932_beam5_az145,/home/tobeornot8259748/projects/balloon_radar_project/data/raw/detection_dataset/train/Background_IQ/IQ_Data/20260204_100932_beam5_az145.mat,,,,,
train,0,20260204_100932_beam5_az154,/home/tobeornot8259748/projects/balloon_radar_project/data/raw/detection_dataset/train/Background_IQ/IQ_Data/20260204_100932_beam5_az154.mat,,,,,
train,0,20260204_100932_beam5_az163,/home/tobeornot8259748/projects/balloon_radar_project/data/raw/detection_dataset/train/Background_IQ/IQ_Data/20260204_100932_beam5_az163.mat,,,,,
train,0,20260204_100932_beam5_az172,/home/tobeornot8259748/projects/balloon_radar_project/data/raw/detection_dataset/train/Background_IQ/IQ_Data/20260204_100932_beam5_az172.mat,,,,,
train,0,20260204_100932_beam5_az181,/home/tobeornot8259748/projects/balloon_radar_project/data/raw/detection_dataset/train/Background_IQ/IQ_Data/20260204_100932_beam5_az181.mat,,,,,
train,0,20260204_100932_beam5_az190,/home/tobeornot8259748/projects/balloon_radar_project/data/raw/detection_dataset/train/Background_IQ/IQ_Data/20260204_100932_beam5_az190.mat,,,,,
train,1,20260202_144238_beam1,/home/tobeornot8259748/projects/balloon_radar_project/data/raw/detection_dataset/train/UAV_IQ/IQ_Data/20260202_144238_beam1.mat,/home/tobeornot8259748/projects/balloon_radar_project/data/raw/detection_dataset/train/UAV_IQ/Labels/20260202_144238_beam1.txt,1,312.35,2040.0,-2.19
train,1,20260202_144238_beam2,/home/tobeornot8259748/projects/balloon_radar_project/data/raw/detection_dataset/train/UAV_IQ/IQ_Data/20260202_144238_beam2.mat,/home/tobeornot8259748/projects/balloon_radar_project/data/raw/detection_dataset/train/UAV_IQ/Labels/20260202_144238_beam2.txt,2,311.35,2040.0,-2.19
train,1,20260202_144238_beam3,/home/tobeornot8259748/projects/balloon_radar_project/data/raw/detection_dataset/train/UAV_IQ/IQ_Data/20260202_144238_beam3.mat,/home/tobeornot8259748/projects/balloon_radar_project/data/raw/detection_dataset/train/UAV_IQ/Labels/20260202_144238_beam3.txt,3,312.35,2040.0,-2.19
train,1,20260202_144238_beam4,/home/tobeornot8259748/projects/balloon_radar_project/data/raw/detection_dataset/train/UAV_IQ/IQ_Data/20260202_144238_beam4.mat,/home/tobeornot8259748/projects/balloon_radar_project/data/raw/detection_dataset/train/UAV_IQ/Labels/20260202_144238_beam4.txt,4,312.35,2040.0,-2.19
train,1,20260202_144311_beam1,/home/tobeornot8259748/projects/balloon_radar_project/data/raw/detection_dataset/train/UAV_IQ/IQ_Data/20260202_144311_beam1.mat,/home/tobeornot8259748/projects/balloon_radar_project/data/raw/detection_dataset/train/UAV_IQ/Labels/20260202_144311_beam1.txt,1,312.15,2010.0,3.47
train,1,20260202_144311_beam2,/home/tobeornot8259748/projects/balloon_radar_project/data/raw/detection_dataset/train/UAV_IQ/IQ_Data/20260202_144311_beam2.mat,/home/tobeornot8259748/projects/balloon_radar_project/data/raw/detection_dataset/train/UAV_IQ/Labels/20260202_144311_beam2.txt,2,312.15,2010.0,3.47
train,1,20260202_144311_beam3,/home/tobeornot8259748/projects/balloon_radar_project/data/raw/detection_dataset/train/UAV_IQ/IQ_Data/20260202_144311_beam3.mat,/home/tobeornot8259748/projects/balloon_radar_project/data/raw/detection_dataset/train/UAV_IQ/Labels/20260202_144311_beam3.txt,3,312.15,2010.0,3.29
train,1,20260202_144311_beam4,/home/tobeornot8259748/projects/balloon_radar_project/data/raw/detection_dataset/train/UAV_IQ/IQ_Data/20260202_144311_beam4.mat,/home/tobeornot8259748/projects/balloon_radar_project/data/raw/detection_dataset/train/UAV_IQ/Labels/20260202_144311_beam4.txt,4,312.15,2010.0,3.47
train,1,20260202_144311_beam5,/home/tobeornot8259748/projects/balloon_radar_project/data/raw/detection_dataset/train/UAV_IQ/IQ_Data/20260202_144311_beam5.mat,/home/tobeornot8259748/projects/balloon_radar_project/data/raw/detection_dataset/train/UAV_IQ/Labels/20260202_144311_beam5.txt,5,312.15,2010.0,3.47
train,1,20260202_144327_beam1,/home/tobeornot8259748/projects/balloon_radar_project/data/raw/detection_dataset/train/UAV_IQ/IQ_Data/20260202_144327_beam1.mat,/home/tobeornot8259748/projects/balloon_radar_project/data/raw/detection_dataset/train/UAV_IQ/Labels/20260202_144327_beam1.txt,1,311.29,2040.0,2.19
train,1,20260202_144327_beam2,/home/tobeornot8259748/projects/balloon_radar_project/data/raw/detection_dataset/train/UAV_IQ/IQ_Data/20260202_144327_beam2.mat,/home/tobeornot8259748/projects/balloon_radar_project/data/raw/detection_dataset/train/UAV_IQ/Labels/20260202_144327_beam2.txt,2,311.29,2040.0,2.19
train,1,20260202_144327_beam3,/home/tobeornot8259748/projects/balloon_radar_project/data/raw/detection_dataset/train/UAV_IQ/IQ_Data/20260202_144327_beam3.mat,/home/tobeornot8259748/projects/balloon_radar_project/data/raw/detection_dataset/train/UAV_IQ/Labels/20260202_144327_beam3.txt,3,311.29,2040.0,2.19
train,1,20260202_144327_beam4,/home/tobeornot8259748/projects/balloon_radar_project/data/raw/detection_dataset/train/UAV_IQ/IQ_Data/20260202_144327_beam4.mat,/home/tobeornot8259748/projects/balloon_radar_project/data/raw/detection_dataset/train/UAV_IQ/Labels/20260202_144327_beam4.txt,4,311.29,2070.0,2.19
train,1,20260202_144327_beam5,/home/tobeornot8259748/projects/balloon_radar_project/data/raw/detection_dataset/train/UAV_IQ/IQ_Data/20260202_144327_beam5.mat,/home/tobeornot8259748/projects/balloon_radar_project/data/raw/detection_dataset/train/UAV_IQ/Labels/20260202_144327_beam5.txt,5,311.29,2040.0,2.19
train,1,20260202_144335_beam1,/home/tobeornot8259748/projects/balloon_radar_project/data/raw/detection_dataset/train/UAV_IQ/IQ_Data/20260202_144335_beam1.mat,/home/tobeornot8259748/projects/balloon_radar_project/data/raw/detection_dataset/train/UAV_IQ/Labels/20260202_144335_beam1.txt,1,312.67,2070.0,2.19
train,1,20260202_144335_beam2,/home/tobeornot8259748/projects/balloon_radar_project/data/raw/detection_dataset/train/UAV_IQ/IQ_Data/20260202_144335_beam2.mat,/home/tobeornot8259748/projects/balloon_radar_project/data/raw/detection_dataset/train/UAV_IQ/Labels/20260202_144335_beam2.txt,2,311.65,2070.0,2.38
train,1,20260202_144335_beam3,/home/tobeornot8259748/projects/balloon_radar_project/data/raw/detection_dataset/train/UAV_IQ/IQ_Data/20260202_144335_beam3.mat,/home/tobeornot8259748/projects/balloon_radar_project/data/raw/detection_dataset/train/UAV_IQ/Labels/20260202_144335_beam3.txt,3,311.65,2070.0,2.19
train,1,20260202_144335_beam4,/home/tobeornot8259748/projects/balloon_radar_project/data/raw/detection_dataset/train/UAV_IQ/IQ_Data/20260202_144335_beam4.mat,/home/tobeornot8259748/projects/balloon_radar_project/data/raw/detection_dataset/train/UAV_IQ/Labels/20260202_144335_beam4.txt,4,311.65,2070.0,2.19
train,1,20260202_144335_beam5,/home/tobeornot8259748/projects/balloon_radar_project/data/raw/detection_dataset/train/UAV_IQ/IQ_Data/20260202_144335_beam5.mat,/home/tobeornot8259748/projects/balloon_radar_project/data/raw/detection_dataset/train/UAV_IQ/Labels/20260202_144335_beam5.txt,5,311.65,2070.0,2.19
train,1,20260202_144344_beam1,/home/tobeornot8259748/projects/balloon_radar_project/data/raw/detection_dataset/train/UAV_IQ/IQ_Data/20260202_144344_beam1.mat,/home/tobeornot8259748/projects/balloon_radar_project/data/raw/detection_dataset/train/UAV_IQ/Labels/20260202_144344_beam1.txt,1,311.44,2070.0,2.01
train,1,20260202_144344_beam2,/home/tobeornot8259748/projects/balloon_radar_project/data/raw/detection_dataset/train/UAV_IQ/IQ_Data/20260202_144344_beam2.mat,/home/tobeornot8259748/projects/balloon_radar_project/data/raw/detection_dataset/train/UAV_IQ/Labels/20260202_144344_beam2.txt,2,311.44,2100.0,2.01
train,1,20260202_144344_beam3,/home/tobeornot8259748/projects/balloon_radar_project/data/raw/detection_dataset/train/UAV_IQ/IQ_Data/20260202_144344_beam3.mat,/home/tobeornot8259748/projects/balloon_radar_project/data/raw/detection_dataset/train/UAV_IQ/Labels/20260202_144344_beam3.txt,3,311.44,2100.0,2.19
train,1,20260202_144344_beam4,/home/tobeornot8259748/projects/balloon_radar_project/data/raw/detection_dataset/train/UAV_IQ/IQ_Data/20260202_144344_beam4.mat,/home/tobeornot8259748/projects/balloon_radar_project/data/raw/detection_dataset/train/UAV_IQ/Labels/20260202_144344_beam4.txt,4,311.44,2070.0,2.19
train,1,20260202_144344_beam5,/home/tobeornot8259748/projects/balloon_radar_project/data/raw/detection_dataset/train/UAV_IQ/IQ_Data/20260202_144344_beam5.mat,/home/tobeornot8259748/projects/balloon_radar_project/data/raw/detection_dataset/train/UAV_IQ/Labels/20260202_144344_beam5.txt,5,312.43,2100.0,2.01
train,1,20260202_144352_beam1,/home/tobeornot8259748/projects/balloon_radar_project/data/raw/detection_dataset/train/UAV_IQ/IQ_Data/20260202_144352_beam1.mat,/home/tobeornot8259748/projects/balloon_radar_project/data/raw/detection_dataset/train/UAV_IQ/Labels/20260202_144352_beam1.txt,1,312.52,2100.0,-2.92
train,1,20260202_144352_beam2,/home/tobeornot8259748/projects/balloon_radar_project/data/raw/detection_dataset/train/UAV_IQ/IQ_Data/20260202_144352_beam2.mat,/home/tobeornot8259748/projects/balloon_radar_project/data/raw/detection_dataset/train/UAV_IQ/Labels/20260202_144352_beam2.txt,2,312.52,2100.0,-2.74
train,1,20260202_144352_beam3,/home/tobeornot8259748/projects/balloon_radar_project/data/raw/detection_dataset/train/UAV_IQ/IQ_Data/20260202_144352_beam3.mat,/home/tobeornot8259748/projects/balloon_radar_project/data/raw/detection_dataset/train/UAV_IQ/Labels/20260202_144352_beam3.txt,3,312.52,2100.0,-2.92
train,1,20260202_144352_beam4,/home/tobeornot8259748/projects/balloon_radar_project/data/raw/detection_dataset/train/UAV_IQ/IQ_Data/20260202_144352_beam4.mat,/home/tobeornot8259748/projects/balloon_radar_project/data/raw/detection_dataset/train/UAV_IQ/Labels/20260202_144352_beam4.txt,4,312.52,2070.0,-2.92
train,1,20260202_144352_beam5,/home/tobeornot8259748/projects/balloon_radar_project/data/raw/detection_dataset/train/UAV_IQ/IQ_Data/20260202_144352_beam5.mat,/home/tobeornot8259748/projects/balloon_radar_project/data/raw/detection_dataset/train/UAV_IQ/Labels/20260202_144352_beam5.txt,5,312.52,2100.0,-2.92
train,1,20260202_144417_beam1,/home/tobeornot8259748/projects/balloon_radar_project/data/raw/detection_dataset/train/UAV_IQ/IQ_Data/20260202_144417_beam1.mat,/home/tobeornot8259748/projects/balloon_radar_project/data/raw/detection_dataset/train/UAV_IQ/Labels/20260202_144417_beam1.txt,1,311.29,2040.0,-3.29
train,1,20260202_144417_beam2,/home/tobeornot8259748/projects/balloon_radar_project/data/raw/detection_dataset/train/UAV_IQ/IQ_Data/20260202_144417_beam2.mat,/home/tobeornot8259748/projects/balloon_radar_project/data/raw/detection_dataset/train/UAV_IQ/Labels/20260202_144417_beam2.txt,2,311.29,2010.0,-3.47
train,1,20260202_144417_beam3,/home/tobeornot8259748/projects/balloon_radar_project/data/raw/detection_dataset/train/UAV_IQ/IQ_Data/20260202_144417_beam3.mat,/home/tobeornot8259748/projects/balloon_radar_project/data/raw/detection_dataset/train/UAV_IQ/Labels/20260202_144417_beam3.txt,3,311.29,2040.0,-3.47
train,1,20260202_144417_beam4,/home/tobeornot8259748/projects/balloon_radar_project/data/raw/detection_dataset/train/UAV_IQ/IQ_Data/20260202_144417_beam4.mat,/home/tobeornot8259748/projects/balloon_radar_project/data/raw/detection_dataset/train/UAV_IQ/Labels/20260202_144417_beam4.txt,4,311.29,2010.0,-3.29
train,1,20260202_144417_beam5,/home/tobeornot8259748/projects/balloon_radar_project/data/raw/detection_dataset/train/UAV_IQ/IQ_Data/20260202_144417_beam5.mat,/home/tobeornot8259748/projects/balloon_radar_project/data/raw/detection_dataset/train/UAV_IQ/Labels/20260202_144417_beam5.txt,5,312.29,2010.0,-3.29
train,1,20260202_144515_beam1,/home/tobeornot8259748/projects/balloon_radar_project/data/raw/detection_dataset/train/UAV_IQ/IQ_Data/20260202_144515_beam1.mat,/home/tobeornot8259748/projects/balloon_radar_project/data/raw/detection_dataset/train/UAV_IQ/Labels/20260202_144515_beam1.txt,1,308.62,2070.0,5.30
train,1,20260202_144515_beam2,/home/tobeornot8259748/projects/balloon_radar_project/data/raw/detection_dataset/train/UAV_IQ/IQ_Data/20260202_144515_beam2.mat,/home/tobeornot8259748/projects/balloon_radar_project/data/raw/detection_dataset/train/UAV_IQ/Labels/20260202_144515_beam2.txt,2,309.61,2070.0,5.30
train,1,20260202_144515_beam3,/home/tobeornot8259748/projects/balloon_radar_project/data/raw/detection_dataset/train/UAV_IQ/IQ_Data/20260202_144515_beam3.mat,/home/tobeornot8259748/projects/balloon_radar_project/data/raw/detection_dataset/train/UAV_IQ/Labels/20260202_144515_beam3.txt,3,308.62,2100.0,5.30
train,1,20260202_144515_beam4,/home/tobeornot8259748/projects/balloon_radar_project/data/raw/detection_dataset/train/UAV_IQ/IQ_Data/20260202_144515_beam4.mat,/home/tobeornot8259748/projects/balloon_radar_project/data/raw/detection_dataset/train/UAV_IQ/Labels/20260202_144515_beam4.txt,4,308.62,2100.0,5.30
train,1,20260202_144515_beam5,/home/tobeornot8259748/projects/balloon_radar_project/data/raw/detection_dataset/train/UAV_IQ/IQ_Data/20260202_144515_beam5.mat,/home/tobeornot8259748/projects/balloon_radar_project/data/raw/detection_dataset/train/UAV_IQ/Labels/20260202_144515_beam5.txt,5,308.62,2070.0,5.30
train,1,20260202_144523_beam1,/home/tobeornot8259748/projects/balloon_radar_project/data/raw/detection_dataset/train/UAV_IQ/IQ_Data/20260202_144523_beam1.mat,/home/tobeornot8259748/projects/balloon_radar_project/data/raw/detection_dataset/train/UAV_IQ/Labels/20260202_144523_beam1.txt,1,308.40,2130.0,5.12
train,1,20260202_144523_beam2,/home/tobeornot8259748/projects/balloon_radar_project/data/raw/detection_dataset/train/UAV_IQ/IQ_Data/20260202_144523_beam2.mat,/home/tobeornot8259748/projects/balloon_radar_project/data/raw/detection_dataset/train/UAV_IQ/Labels/20260202_144523_beam2.txt,2,308.40,2130.0,5.12
train,1,20260202_144523_beam3,/home/tobeornot8259748/projects/balloon_radar_project/data/raw/detection_dataset/train/UAV_IQ/IQ_Data/20260202_144523_beam3.mat,/home/tobeornot8259748/projects/balloon_radar_project/data/raw/detection_dataset/train/UAV_IQ/Labels/20260202_144523_beam3.txt,3,308.40,2100.0,5.12
train,1,20260202_144523_beam4,/home/tobeornot8259748/projects/balloon_radar_project/data/raw/detection_dataset/train/UAV_IQ/IQ_Data/20260202_144523_beam4.mat,/home/tobeornot8259748/projects/balloon_radar_project/data/raw/detection_dataset/train/UAV_IQ/Labels/20260202_144523_beam4.txt,4,308.40,2130.0,5.12
train,1,20260202_144523_beam5,/home/tobeornot8259748/projects/balloon_radar_project/data/raw/detection_dataset/train/UAV_IQ/IQ_Data/20260202_144523_beam5.mat,/home/tobeornot8259748/projects/balloon_radar_project/data/raw/detection_dataset/train/UAV_IQ/Labels/20260202_144523_beam5.txt,5,308.40,2130.0,5.12
train,1,20260202_144548_beam1,/home/tobeornot8259748/projects/balloon_radar_project/data/raw/detection_dataset/train/UAV_IQ/IQ_Data/20260202_144548_beam1.mat,/home/tobeornot8259748/projects/balloon_radar_project/data/raw/detection_dataset/train/UAV_IQ/Labels/20260202_144548_beam1.txt,1,311.90,2220.0,2.38
train,1,20260202_144548_beam2,/home/tobeornot8259748/projects/balloon_radar_project/data/raw/detection_dataset/train/UAV_IQ/IQ_Data/20260202_144548_beam2.mat,/home/tobeornot8259748/projects/balloon_radar_project/data/raw/detection_dataset/train/UAV_IQ/Labels/20260202_144548_beam2.txt,2,311.90,2220.0,2.38
train,1,20260202_144548_beam3,/home/tobeornot8259748/projects/balloon_radar_project/data/raw/detection_dataset/train/UAV_IQ/IQ_Data/20260202_144548_beam3.mat,/home/tobeornot8259748/projects/balloon_radar_project/data/raw/detection_dataset/train/UAV_IQ/Labels/20260202_144548_beam3.txt,3,311.90,2220.0,2.38
train,1,20260202_144548_beam4,/home/tobeornot8259748/projects/balloon_radar_project/data/raw/detection_dataset/train/UAV_IQ/IQ_Data/20260202_144548_beam4.mat,/home/tobeornot8259748/projects/balloon_radar_project/data/raw/detection_dataset/train/UAV_IQ/Labels/20260202_144548_beam4.txt,4,311.90,2220.0,2.38
train,1,20260202_144556_beam1,/home/tobeornot8259748/projects/balloon_radar_project/data/raw/detection_dataset/train/UAV_IQ/IQ_Data/20260202_144556_beam1.mat,/home/tobeornot8259748/projects/balloon_radar_project/data/raw/detection_dataset/train/UAV_IQ/Labels/20260202_144556_beam1.txt,1,313.17,2250.0,-1.64
train,1,20260202_144556_beam2,/home/tobeornot8259748/projects/balloon_radar_project/data/raw/detection_dataset/train/UAV_IQ/IQ_Data/20260202_144556_beam2.mat,/home/tobeornot8259748/projects/balloon_radar_project/data/raw/detection_dataset/train/UAV_IQ/Labels/20260202_144556_beam2.txt,2,312.18,2220.0,-1.64
train,1,20260202_144556_beam3,/home/tobeornot8259748/projects/balloon_radar_project/data/raw/detection_dataset/train/UAV_IQ/IQ_Data/20260202_144556_beam3.mat,/home/tobeornot8259748/projects/balloon_radar_project/data/raw/detection_dataset/train/UAV_IQ/Labels/20260202_144556_beam3.txt,3,312.18,2220.0,-1.64
train,1,20260202_144604_beam1,/home/tobeornot8259748/projects/balloon_radar_project/data/raw/detection_dataset/train/UAV_IQ/IQ_Data/20260202_144604_beam1.mat,/home/tobeornot8259748/projects/balloon_radar_project/data/raw/detection_dataset/train/UAV_IQ/Labels/20260202_144604_beam1.txt,1,313.35,2190.0,-4.02
train,1,20260202_144604_beam2,/home/tobeornot8259748/projects/balloon_radar_project/data/raw/detection_dataset/train/UAV_IQ/IQ_Data/20260202_144604_beam2.mat,/home/tobeornot8259748/projects/balloon_radar_project/data/raw/detection_dataset/train/UAV_IQ/Labels/20260202_144604_beam2.txt,2,314.35,2190.0,-4.20
train,1,20260202_144604_beam3,/home/tobeornot8259748/projects/balloon_radar_project/data/raw/detection_dataset/train/UAV_IQ/IQ_Data/20260202_144604_beam3.mat,/home/tobeornot8259748/projects/balloon_radar_project/data/raw/detection_dataset/train/UAV_IQ/Labels/20260202_144604_beam3.txt,3,314.35,2220.0,-4.20
train,1,20260202_144604_beam4,/home/tobeornot8259748/projects/balloon_radar_project/data/raw/detection_dataset/train/UAV_IQ/IQ_Data/20260202_144604_beam4.mat,/home/tobeornot8259748/projects/balloon_radar_project/data/raw/detection_dataset/train/UAV_IQ/Labels/20260202_144604_beam4.txt,4,314.35,2190.0,-4.20
train,1,20260202_144613_beam1,/home/tobeornot8259748/projects/balloon_radar_project/data/raw/detection_dataset/train/UAV_IQ/IQ_Data/20260202_144613_beam1.mat,/home/tobeornot8259748/projects/balloon_radar_project/data/raw/detection_dataset/train/UAV_IQ/Labels/20260202_144613_beam1.txt,1,314.63,2160.0,-5.66
train,1,20260202_144613_beam2,/home/tobeornot8259748/projects/balloon_radar_project/data/raw/detection_dataset/train/UAV_IQ/IQ_Data/20260202_144613_beam2.mat,/home/tobeornot8259748/projects/balloon_radar_project/data/raw/detection_dataset/train/UAV_IQ/Labels/20260202_144613_beam2.txt,2,314.63,2160.0,-5.66
train,1,20260202_144613_beam3,/home/tobeornot8259748/projects/balloon_radar_project/data/raw/detection_dataset/train/UAV_IQ/IQ_Data/20260202_144613_beam3.mat,/home/tobeornot8259748/projects/balloon_radar_project/data/raw/detection_dataset/train/UAV_IQ/Labels/20260202_144613_beam3.txt,3,314.63,2160.0,-5.66
train,1,20260202_144613_beam4,/home/tobeornot8259748/projects/balloon_radar_project/data/raw/detection_dataset/train/UAV_IQ/IQ_Data/20260202_144613_beam4.mat,/home/tobeornot8259748/projects/balloon_radar_project/data/raw/detection_dataset/train/UAV_IQ/Labels/20260202_144613_beam4.txt,4,314.63,2160.0,-5.66
train,1,20260202_144629_beam1,/home/tobeornot8259748/projects/balloon_radar_project/data/raw/detection_dataset/train/UAV_IQ/IQ_Data/20260202_144629_beam1.mat,/home/tobeornot8259748/projects/balloon_radar_project/data/raw/detection_dataset/train/UAV_IQ/Labels/20260202_144629_beam1.txt,1,313.77,2400.0,-6.76
train,1,20260202_144629_beam2,/home/tobeornot8259748/projects/balloon_radar_project/data/raw/detection_dataset/train/UAV_IQ/IQ_Data/20260202_144629_beam2.mat,/home/tobeornot8259748/projects/balloon_radar_project/data/raw/detection_dataset/train/UAV_IQ/Labels/20260202_144629_beam2.txt,2,313.77,2400.0,-6.76
train,1,20260202_144629_beam3,/home/tobeornot8259748/projects/balloon_radar_project/data/raw/detection_dataset/train/UAV_IQ/IQ_Data/20260202_144629_beam3.mat,/home/tobeornot8259748/projects/balloon_radar_project/data/raw/detection_dataset/train/UAV_IQ/Labels/20260202_144629_beam3.txt,3,314.77,2400.0,-6.76
train,1,20260202_144629_beam4,/home/tobeornot8259748/projects/balloon_radar_project/data/raw/detection_dataset/train/UAV_IQ/IQ_Data/20260202_144629_beam4.mat,/home/tobeornot8259748/projects/balloon_radar_project/data/raw/detection_dataset/train/UAV_IQ/Labels/20260202_144629_beam4.txt,4,313.77,2400.0,-6.76
train,1,20260202_144637_beam1,/home/tobeornot8259748/projects/balloon_radar_project/data/raw/detection_dataset/train/UAV_IQ/IQ_Data/20260202_144637_beam1.mat,/home/tobeornot8259748/projects/balloon_radar_project/data/raw/detection_dataset/train/UAV_IQ/Labels/20260202_144637_beam1.txt,1,315.08,2130.0,-1.28
train,1,20260202_144637_beam2,/home/tobeornot8259748/projects/balloon_radar_project/data/raw/detection_dataset/train/UAV_IQ/IQ_Data/20260202_144637_beam2.mat,/home/tobeornot8259748/projects/balloon_radar_project/data/raw/detection_dataset/train/UAV_IQ/Labels/20260202_144637_beam2.txt,2,315.08,2130.0,-1.10
train,1,20260202_144637_beam3,/home/tobeornot8259748/projects/balloon_radar_project/data/raw/detection_dataset/train/UAV_IQ/IQ_Data/20260202_144637_beam3.mat,/home/tobeornot8259748/projects/balloon_radar_project/data/raw/detection_dataset/train/UAV_IQ/Labels/20260202_144637_beam3.txt,3,315.08,2130.0,-1.10
train,1,20260202_144637_beam4,/home/tobeornot8259748/projects/balloon_radar_project/data/raw/detection_dataset/train/UAV_IQ/IQ_Data/20260202_144637_beam4.mat,/home/tobeornot8259748/projects/balloon_radar_project/data/raw/detection_dataset/train/UAV_IQ/Labels/20260202_144637_beam4.txt,4,315.08,2100.0,-1.28
train,1,20260202_144645_beam1,/home/tobeornot8259748/projects/balloon_radar_project/data/raw/detection_dataset/train/UAV_IQ/IQ_Data/20260202_144645_beam1.mat,/home/tobeornot8259748/projects/balloon_radar_project/data/raw/detection_dataset/train/UAV_IQ/Labels/20260202_144645_beam1.txt,1,310.90,2040.0,2.01
train,1,20260202_144645_beam2,/home/tobeornot8259748/projects/balloon_radar_project/data/raw/detection_dataset/train/UAV_IQ/IQ_Data/20260202_144645_beam2.mat,/home/tobeornot8259748/projects/balloon_radar_project/data/raw/detection_dataset/train/UAV_IQ/Labels/20260202_144645_beam2.txt,2,310.90,2070.0,2.01
train,1,20260202_144645_beam3,/home/tobeornot8259748/projects/balloon_radar_project/data/raw/detection_dataset/train/UAV_IQ/IQ_Data/20260202_144645_beam3.mat,/home/tobeornot8259748/projects/balloon_radar_project/data/raw/detection_dataset/train/UAV_IQ/Labels/20260202_144645_beam3.txt,3,310.90,2070.0,2.01
train,1,20260202_144645_beam4,/home/tobeornot8259748/projects/balloon_radar_project/data/raw/detection_dataset/train/UAV_IQ/IQ_Data/20260202_144645_beam4.mat,/home/tobeornot8259748/projects/balloon_radar_project/data/raw/detection_dataset/train/UAV_IQ/Labels/20260202_144645_beam4.txt,4,310.90,2040.0,2.01
train,1,20260202_144710_beam1,/home/tobeornot8259748/projects/balloon_radar_project/data/raw/detection_dataset/train/UAV_IQ/IQ_Data/20260202_144710_beam1.mat,/home/tobeornot8259748/projects/balloon_radar_project/data/raw/detection_dataset/train/UAV_IQ/Labels/20260202_144710_beam1.txt,1,308.54,2160.0,4.20
train,1,20260202_144710_beam2,/home/tobeornot8259748/projects/balloon_radar_project/data/raw/detection_dataset/train/UAV_IQ/IQ_Data/20260202_144710_beam2.mat,/home/tobeornot8259748/projects/balloon_radar_project/data/raw/detection_dataset/train/UAV_IQ/Labels/20260202_144710_beam2.txt,2,308.54,2160.0,4.20
train,1,20260202_144710_beam3,/home/tobeornot8259748/projects/balloon_radar_project/data/raw/detection_dataset/train/UAV_IQ/IQ_Data/20260202_144710_beam3.mat,/home/tobeornot8259748/projects/balloon_radar_project/data/raw/detection_dataset/train/UAV_IQ/Labels/20260202_144710_beam3.txt,3,308.54,2160.0,4.20
train,1,20260202_144710_beam4,/home/tobeornot8259748/projects/balloon_radar_project/data/raw/detection_dataset/train/UAV_IQ/IQ_Data/20260202_144710_beam4.mat,/home/tobeornot8259748/projects/balloon_radar_project/data/raw/detection_dataset/train/UAV_IQ/Labels/20260202_144710_beam4.txt,4,308.54,2130.0,4.20
train,1,20260202_144718_beam1,/home/tobeornot8259748/projects/balloon_radar_project/data/raw/detection_dataset/train/UAV_IQ/IQ_Data/20260202_144718_beam1.mat,/home/tobeornot8259748/projects/balloon_radar_project/data/raw/detection_dataset/train/UAV_IQ/Labels/20260202_144718_beam1.txt,1,310.45,2190.0,3.47
train,1,20260202_144718_beam2,/home/tobeornot8259748/projects/balloon_radar_project/data/raw/detection_dataset/train/UAV_IQ/IQ_Data/20260202_144718_beam2.mat,/home/tobeornot8259748/projects/balloon_radar_project/data/raw/detection_dataset/train/UAV_IQ/Labels/20260202_144718_beam2.txt,2,310.45,2190.0,3.47
train,1,20260202_144718_beam3,/home/tobeornot8259748/projects/balloon_radar_project/data/raw/detection_dataset/train/UAV_IQ/IQ_Data/20260202_144718_beam3.mat,/home/tobeornot8259748/projects/balloon_radar_project/data/raw/detection_dataset/train/UAV_IQ/Labels/20260202_144718_beam3.txt,3,310.45,2190.0,3.47
train,1,20260202_144718_beam4,/home/tobeornot8259748/projects/balloon_radar_project/data/raw/detection_dataset/train/UAV_IQ/IQ_Data/20260202_144718_beam4.mat,/home/tobeornot8259748/projects/balloon_radar_project/data/raw/detection_dataset/train/UAV_IQ/Labels/20260202_144718_beam4.txt,4,310.45,2190.0,3.47
train,1,20260202_144751_beam1,/home/tobeornot8259748/projects/balloon_radar_project/data/raw/detection_dataset/train/UAV_IQ/IQ_Data/20260202_144751_beam1.mat,/home/tobeornot8259748/projects/balloon_radar_project/data/raw/detection_dataset/train/UAV_IQ/Labels/20260202_144751_beam1.txt,1,312.01,2160.0,-4.75
train,1,20260202_144751_beam2,/home/tobeornot8259748/projects/balloon_radar_project/data/raw/detection_dataset/train/UAV_IQ/IQ_Data/20260202_144751_beam2.mat,/home/tobeornot8259748/projects/balloon_radar_project/data/raw/detection_dataset/train/UAV_IQ/Labels/20260202_144751_beam2.txt,2,312.01,2160.0,-4.75
train,1,20260202_144751_beam3,/home/tobeornot8259748/projects/balloon_radar_project/data/raw/detection_dataset/train/UAV_IQ/IQ_Data/20260202_144751_beam3.mat,/home/tobeornot8259748/projects/balloon_radar_project/data/raw/detection_dataset/train/UAV_IQ/Labels/20260202_144751_beam3.txt,3,312.01,2160.0,-4.75
train,1,20260202_144751_beam4,/home/tobeornot8259748/projects/balloon_radar_project/data/raw/detection_dataset/train/UAV_IQ/IQ_Data/20260202_144751_beam4.mat,/home/tobeornot8259748/projects/balloon_radar_project/data/raw/detection_dataset/train/UAV_IQ/Labels/20260202_144751_beam4.txt,4,312.01,2160.0,-4.75
train,1,20260202_144751_beam5,/home/tobeornot8259748/projects/balloon_radar_project/data/raw/detection_dataset/train/UAV_IQ/IQ_Data/20260202_144751_beam5.mat,/home/tobeornot8259748/projects/balloon_radar_project/data/raw/detection_dataset/train/UAV_IQ/Labels/20260202_144751_beam5.txt,5,312.01,2160.0,-4.75
train,1,20260202_144800_beam1,/home/tobeornot8259748/projects/balloon_radar_project/data/raw/detection_dataset/train/UAV_IQ/IQ_Data/20260202_144800_beam1.mat,/home/tobeornot8259748/projects/balloon_radar_project/data/raw/detection_dataset/train/UAV_IQ/Labels/20260202_144800_beam1.txt,1,311.28,2100.0,-5.48
train,1,20260202_144800_beam2,/home/tobeornot8259748/projects/balloon_radar_project/data/raw/detection_dataset/train/UAV_IQ/IQ_Data/20260202_144800_beam2.mat,/home/tobeornot8259748/projects/balloon_radar_project/data/raw/detection_dataset/train/UAV_IQ/Labels/20260202_144800_beam2.txt,2,311.28,2100.0,-5.48
train,1,20260202_144800_beam3,/home/tobeornot8259748/projects/balloon_radar_project/data/raw/detection_dataset/train/UAV_IQ/IQ_Data/20260202_144800_beam3.mat,/home/tobeornot8259748/projects/balloon_radar_project/data/raw/detection_dataset/train/UAV_IQ/Labels/20260202_144800_beam3.txt,3,311.28,2100.0,-5.48
train,1,20260202_144800_beam4,/home/tobeornot8259748/projects/balloon_radar_project/data/raw/detection_dataset/train/UAV_IQ/IQ_Data/20260202_144800_beam4.mat,/home/tobeornot8259748/projects/balloon_radar_project/data/raw/detection_dataset/train/UAV_IQ/Labels/20260202_144800_beam4.txt,4,310.26,2100.0,-5.48
train,1,20260202_144825_beam1,/home/tobeornot8259748/projects/balloon_radar_project/data/raw/detection_dataset/train/UAV_IQ/IQ_Data/20260202_144825_beam1.mat,/home/tobeornot8259748/projects/balloon_radar_project/data/raw/detection_dataset/train/UAV_IQ/Labels/20260202_144825_beam1.txt,1,311.13,2070.0,5.30
train,1,20260202_144825_beam2,/home/tobeornot8259748/projects/balloon_radar_project/data/raw/detection_dataset/train/UAV_IQ/IQ_Data/20260202_144825_beam2.mat,/home/tobeornot8259748/projects/balloon_radar_project/data/raw/detection_dataset/train/UAV_IQ/Labels/20260202_144825_beam2.txt,2,311.13,2070.0,5.30
train,1,20260202_144825_beam3,/home/tobeornot8259748/projects/balloon_radar_project/data/raw/detection_dataset/train/UAV_IQ/IQ_Data/20260202_144825_beam3.mat,/home/tobeornot8259748/projects/balloon_radar_project/data/raw/detection_dataset/train/UAV_IQ/Labels/20260202_144825_beam3.txt,3,311.13,2040.0,5.12
train,1,20260202_144825_beam4,/home/tobeornot8259748/projects/balloon_radar_project/data/raw/detection_dataset/train/UAV_IQ/IQ_Data/20260202_144825_beam4.mat,/home/tobeornot8259748/projects/balloon_radar_project/data/raw/detection_dataset/train/UAV_IQ/Labels/20260202_144825_beam4.txt,4,310.14,2070.0,5.30
train,1,20260202_144825_beam5,/home/tobeornot8259748/projects/balloon_radar_project/data/raw/detection_dataset/train/UAV_IQ/IQ_Data/20260202_144825_beam5.mat,/home/tobeornot8259748/projects/balloon_radar_project/data/raw/detection_dataset/train/UAV_IQ/Labels/20260202_144825_beam5.txt,5,310.14,2040.0,5.30
train,1,20260202_144833_beam1,/home/tobeornot8259748/projects/balloon_radar_project/data/raw/detection_dataset/train/UAV_IQ/IQ_Data/20260202_144833_beam1.mat,/home/tobeornot8259748/projects/balloon_radar_project/data/raw/detection_dataset/train/UAV_IQ/Labels/20260202_144833_beam1.txt,1,310.72,2100.0,5.48
train,1,20260202_144833_beam2,/home/tobeornot8259748/projects/balloon_radar_project/data/raw/detection_dataset/train/UAV_IQ/IQ_Data/20260202_144833_beam2.mat,/home/tobeornot8259748/projects/balloon_radar_project/data/raw/detection_dataset/train/UAV_IQ/Labels/20260202_144833_beam2.txt,2,309.73,2100.0,5.48
train,1,20260202_144833_beam3,/home/tobeornot8259748/projects/balloon_radar_project/data/raw/detection_dataset/train/UAV_IQ/IQ_Data/20260202_144833_beam3.mat,/home/tobeornot8259748/projects/balloon_radar_project/data/raw/detection_dataset/train/UAV_IQ/Labels/20260202_144833_beam3.txt,3,309.73,2100.0,5.48
train,1,20260202_144833_beam4,/home/tobeornot8259748/projects/balloon_radar_project/data/raw/detection_dataset/train/UAV_IQ/IQ_Data/20260202_144833_beam4.mat,/home/tobeornot8259748/projects/balloon_radar_project/data/raw/detection_dataset/train/UAV_IQ/Labels/20260202_144833_beam4.txt,4,309.73,2100.0,5.48
train,1,20260202_144833_beam5,/home/tobeornot8259748/projects/balloon_radar_project/data/raw/detection_dataset/train/UAV_IQ/IQ_Data/20260202_144833_beam5.mat,/home/tobeornot8259748/projects/balloon_radar_project/data/raw/detection_dataset/train/UAV_IQ/Labels/20260202_144833_beam5.txt,5,310.72,2100.0,5.48
train,1,20260202_144849_beam1,/home/tobeornot8259748/projects/balloon_radar_project/data/raw/detection_dataset/train/UAV_IQ/IQ_Data/20260202_144849_beam1.mat,/home/tobeornot8259748/projects/balloon_radar_project/data/raw/detection_dataset/train/UAV_IQ/Labels/20260202_144849_beam1.txt,1,310.60,2190.0,5.12
train,1,20260202_144849_beam2,/home/tobeornot8259748/projects/balloon_radar_project/data/raw/detection_dataset/train/UAV_IQ/IQ_Data/20260202_144849_beam2.mat,/home/tobeornot8259748/projects/balloon_radar_project/data/raw/detection_dataset/train/UAV_IQ/Labels/20260202_144849_beam2.txt,2,310.60,2190.0,5.12
train,1,20260202_144849_beam3,/home/tobeornot8259748/projects/balloon_radar_project/data/raw/detection_dataset/train/UAV_IQ/IQ_Data/20260202_144849_beam3.mat,/home/tobeornot8259748/projects/balloon_radar_project/data/raw/detection_dataset/train/UAV_IQ/Labels/20260202_144849_beam3.txt,3,310.60,2190.0,5.12
train,1,20260202_144849_beam4,/home/tobeornot8259748/projects/balloon_radar_project/data/raw/detection_dataset/train/UAV_IQ/IQ_Data/20260202_144849_beam4.mat,/home/tobeornot8259748/projects/balloon_radar_project/data/raw/detection_dataset/train/UAV_IQ/Labels/20260202_144849_beam4.txt,4,310.60,2220.0,5.12
train,1,20260202_144914_beam1,/home/tobeornot8259748/projects/balloon_radar_project/data/raw/detection_dataset/train/UAV_IQ/IQ_Data/20260202_144914_beam1.mat,/home/tobeornot8259748/projects/balloon_radar_project/data/raw/detection_dataset/train/UAV_IQ/Labels/20260202_144914_beam1.txt,1,310.21,2130.0,-5.85
train,1,20260202_144914_beam2,/home/tobeornot8259748/projects/balloon_radar_project/data/raw/detection_dataset/train/UAV_IQ/IQ_Data/20260202_144914_beam2.mat,/home/tobeornot8259748/projects/balloon_radar_project/data/raw/detection_dataset/train/UAV_IQ/Labels/20260202_144914_beam2.txt,2,310.21,2100.0,-5.85
train,1,20260202_144914_beam3,/home/tobeornot8259748/projects/balloon_radar_project/data/raw/detection_dataset/train/UAV_IQ/IQ_Data/20260202_144914_beam3.mat,/home/tobeornot8259748/projects/balloon_radar_project/data/raw/detection_dataset/train/UAV_IQ/Labels/20260202_144914_beam3.txt,3,310.21,2100.0,-5.85
train,1,20260202_144914_beam4,/home/tobeornot8259748/projects/balloon_radar_project/data/raw/detection_dataset/train/UAV_IQ/IQ_Data/20260202_144914_beam4.mat,/home/tobeornot8259748/projects/balloon_radar_project/data/raw/detection_dataset/train/UAV_IQ/Labels/20260202_144914_beam4.txt,4,311.19,2130.0,-5.85
train,1,20260202_144922_beam1,/home/tobeornot8259748/projects/balloon_radar_project/data/raw/detection_dataset/train/UAV_IQ/IQ_Data/20260202_144922_beam1.mat,/home/tobeornot8259748/projects/balloon_radar_project/data/raw/detection_dataset/train/UAV_IQ/Labels/20260202_144922_beam1.txt,1,311.42,2040.0,-4.75
train,1,20260202_144922_beam2,/home/tobeornot8259748/projects/balloon_radar_project/data/raw/detection_dataset/train/UAV_IQ/IQ_Data/20260202_144922_beam2.mat,/home/tobeornot8259748/projects/balloon_radar_project/data/raw/detection_dataset/train/UAV_IQ/Labels/20260202_144922_beam2.txt,2,310.42,2070.0,-4.57
train,1,20260202_144922_beam3,/home/tobeornot8259748/projects/balloon_radar_project/data/raw/detection_dataset/train/UAV_IQ/IQ_Data/20260202_144922_beam3.mat,/home/tobeornot8259748/projects/balloon_radar_project/data/raw/detection_dataset/train/UAV_IQ/Labels/20260202_144922_beam3.txt,3,310.42,2070.0,-4.75
train,1,20260202_144922_beam4,/home/tobeornot8259748/projects/balloon_radar_project/data/raw/detection_dataset/train/UAV_IQ/IQ_Data/20260202_144922_beam4.mat,/home/tobeornot8259748/projects/balloon_radar_project/data/raw/detection_dataset/train/UAV_IQ/Labels/20260202_144922_beam4.txt,4,310.42,2070.0,-4.75
train,1,20260202_144922_beam5,/home/tobeornot8259748/projects/balloon_radar_project/data/raw/detection_dataset/train/UAV_IQ/IQ_Data/20260202_144922_beam5.mat,/home/tobeornot8259748/projects/balloon_radar_project/data/raw/detection_dataset/train/UAV_IQ/Labels/20260202_144922_beam5.txt,5,310.42,2070.0,-4.57
train,1,20260202_144939_beam1,/home/tobeornot8259748/projects/balloon_radar_project/data/raw/detection_dataset/train/UAV_IQ/IQ_Data/20260202_144939_beam1.mat,/home/tobeornot8259748/projects/balloon_radar_project/data/raw/detection_dataset/train/UAV_IQ/Labels/20260202_144939_beam1.txt,1,311.75,2010.0,3.11
train,1,20260202_144939_beam2,/home/tobeornot8259748/projects/balloon_radar_project/data/raw/detection_dataset/train/UAV_IQ/IQ_Data/20260202_144939_beam2.mat,/home/tobeornot8259748/projects/balloon_radar_project/data/raw/detection_dataset/train/UAV_IQ/Labels/20260202_144939_beam2.txt,2,311.75,2010.0,3.11
train,1,20260202_144939_beam3,/home/tobeornot8259748/projects/balloon_radar_project/data/raw/detection_dataset/train/UAV_IQ/IQ_Data/20260202_144939_beam3.mat,/home/tobeornot8259748/projects/balloon_radar_project/data/raw/detection_dataset/train/UAV_IQ/Labels/20260202_144939_beam3.txt,3,311.75,2010.0,3.11
train,1,20260202_144939_beam4,/home/tobeornot8259748/projects/balloon_radar_project/data/raw/detection_dataset/train/UAV_IQ/IQ_Data/20260202_144939_beam4.mat,/home/tobeornot8259748/projects/balloon_radar_project/data/raw/detection_dataset/train/UAV_IQ/Labels/20260202_144939_beam4.txt,4,311.75,1980.0,3.11
train,1,20260202_144939_beam5,/home/tobeornot8259748/projects/balloon_radar_project/data/raw/detection_dataset/train/UAV_IQ/IQ_Data/20260202_144939_beam5.mat,/home/tobeornot8259748/projects/balloon_radar_project/data/raw/detection_dataset/train/UAV_IQ/Labels/20260202_144939_beam5.txt,5,311.75,1980.0,3.11
train,1,20260202_144947_beam1,/home/tobeornot8259748/projects/balloon_radar_project/data/raw/detection_dataset/train/UAV_IQ/IQ_Data/20260202_144947_beam1.mat,/home/tobeornot8259748/projects/balloon_radar_project/data/raw/detection_dataset/train/UAV_IQ/Labels/20260202_144947_beam1.txt,1,311.78,2040.0,5.85
train,1,20260202_144947_beam2,/home/tobeornot8259748/projects/balloon_radar_project/data/raw/detection_dataset/train/UAV_IQ/IQ_Data/20260202_144947_beam2.mat,/home/tobeornot8259748/projects/balloon_radar_project/data/raw/detection_dataset/train/UAV_IQ/Labels/20260202_144947_beam2.txt,2,310.77,2010.0,5.85
train,1,20260202_144947_beam3,/home/tobeornot8259748/projects/balloon_radar_project/data/raw/detection_dataset/train/UAV_IQ/IQ_Data/20260202_144947_beam3.mat,/home/tobeornot8259748/projects/balloon_radar_project/data/raw/detection_dataset/train/UAV_IQ/Labels/20260202_144947_beam3.txt,3,311.78,2040.0,5.85
train,1,20260202_144947_beam4,/home/tobeornot8259748/projects/balloon_radar_project/data/raw/detection_dataset/train/UAV_IQ/IQ_Data/20260202_144947_beam4.mat,/home/tobeornot8259748/projects/balloon_radar_project/data/raw/detection_dataset/train/UAV_IQ/Labels/20260202_144947_beam4.txt,4,311.78,2040.0,5.85
train,1,20260202_144947_beam5,/home/tobeornot8259748/projects/balloon_radar_project/data/raw/detection_dataset/train/UAV_IQ/IQ_Data/20260202_144947_beam5.mat,/home/tobeornot8259748/projects/balloon_radar_project/data/raw/detection_dataset/train/UAV_IQ/Labels/20260202_144947_beam5.txt,5,311.78,2010.0,5.85
train,1,20260202_144955_beam1,/home/tobeornot8259748/projects/balloon_radar_project/data/raw/detection_dataset/train/UAV_IQ/IQ_Data/20260202_144955_beam1.mat,/home/tobeornot8259748/projects/balloon_radar_project/data/raw/detection_dataset/train/UAV_IQ/Labels/20260202_144955_beam1.txt,1,312.18,2070.0,5.85
train,1,20260202_144955_beam2,/home/tobeornot8259748/projects/balloon_radar_project/data/raw/detection_dataset/train/UAV_IQ/IQ_Data/20260202_144955_beam2.mat,/home/tobeornot8259748/projects/balloon_radar_project/data/raw/detection_dataset/train/UAV_IQ/Labels/20260202_144955_beam2.txt,2,312.18,2070.0,6.03
train,1,20260202_144955_beam3,/home/tobeornot8259748/projects/balloon_radar_project/data/raw/detection_dataset/train/UAV_IQ/IQ_Data/20260202_144955_beam3.mat,/home/tobeornot8259748/projects/balloon_radar_project/data/raw/detection_dataset/train/UAV_IQ/Labels/20260202_144955_beam3.txt,3,311.20,2070.0,5.85
train,1,20260202_144955_beam4,/home/tobeornot8259748/projects/balloon_radar_project/data/raw/detection_dataset/train/UAV_IQ/IQ_Data/20260202_144955_beam4.mat,/home/tobeornot8259748/projects/balloon_radar_project/data/raw/detection_dataset/train/UAV_IQ/Labels/20260202_144955_beam4.txt,4,311.20,2070.0,5.85
train,1,20260202_144955_beam5,/home/tobeornot8259748/projects/balloon_radar_project/data/raw/detection_dataset/train/UAV_IQ/IQ_Data/20260202_144955_beam5.mat,/home/tobeornot8259748/projects/balloon_radar_project/data/raw/detection_dataset/train/UAV_IQ/Labels/20260202_144955_beam5.txt,5,312.18,2100.0,5.85
train,1,20260202_145012_beam1,/home/tobeornot8259748/projects/balloon_radar_project/data/raw/detection_dataset/train/UAV_IQ/IQ_Data/20260202_145012_beam1.mat,/home/tobeornot8259748/projects/balloon_radar_project/data/raw/detection_dataset/train/UAV_IQ/Labels/20260202_145012_beam1.txt,1,311.05,2190.0,5.12
train,1,20260202_145012_beam2,/home/tobeornot8259748/projects/balloon_radar_project/data/raw/detection_dataset/train/UAV_IQ/IQ_Data/20260202_145012_beam2.mat,/home/tobeornot8259748/projects/balloon_radar_project/data/raw/detection_dataset/train/UAV_IQ/Labels/20260202_145012_beam2.txt,2,311.05,2160.0,5.12
train,1,20260202_145012_beam3,/home/tobeornot8259748/projects/balloon_radar_project/data/raw/detection_dataset/train/UAV_IQ/IQ_Data/20260202_145012_beam3.mat,/home/tobeornot8259748/projects/balloon_radar_project/data/raw/detection_dataset/train/UAV_IQ/Labels/20260202_145012_beam3.txt,3,311.05,2160.0,5.12
train,1,20260202_145012_beam4,/home/tobeornot8259748/projects/balloon_radar_project/data/raw/detection_dataset/train/UAV_IQ/IQ_Data/20260202_145012_beam4.mat,/home/tobeornot8259748/projects/balloon_radar_project/data/raw/detection_dataset/train/UAV_IQ/Labels/20260202_145012_beam4.txt,4,311.05,2160.0,5.12
train,1,20260202_145020_beam1,/home/tobeornot8259748/projects/balloon_radar_project/data/raw/detection_dataset/train/UAV_IQ/IQ_Data/20260202_145020_beam1.mat,/home/tobeornot8259748/projects/balloon_radar_project/data/raw/detection_dataset/train/UAV_IQ/Labels/20260202_145020_beam1.txt,1,311.05,2220.0,2.56
train,1,20260202_145020_beam2,/home/tobeornot8259748/projects/balloon_radar_project/data/raw/detection_dataset/train/UAV_IQ/IQ_Data/20260202_145020_beam2.mat,/home/tobeornot8259748/projects/balloon_radar_project/data/raw/detection_dataset/train/UAV_IQ/Labels/20260202_145020_beam2.txt,2,311.05,2220.0,2.56
train,1,20260202_145020_beam3,/home/tobeornot8259748/projects/balloon_radar_project/data/raw/detection_dataset/train/UAV_IQ/IQ_Data/20260202_145020_beam3.mat,/home/tobeornot8259748/projects/balloon_radar_project/data/raw/detection_dataset/train/UAV_IQ/Labels/20260202_145020_beam3.txt,3,311.05,2220.0,2.56
train,1,20260202_145020_beam4,/home/tobeornot8259748/projects/balloon_radar_project/data/raw/detection_dataset/train/UAV_IQ/IQ_Data/20260202_145020_beam4.mat,/home/tobeornot8259748/projects/balloon_radar_project/data/raw/detection_dataset/train/UAV_IQ/Labels/20260202_145020_beam4.txt,4,311.05,2190.0,2.56
train,1,20260202_145028_beam1,/home/tobeornot8259748/projects/balloon_radar_project/data/raw/detection_dataset/train/UAV_IQ/IQ_Data/20260202_145028_beam1.mat,/home/tobeornot8259748/projects/balloon_radar_project/data/raw/detection_dataset/train/UAV_IQ/Labels/20260202_145028_beam1.txt,1,309.67,2250.0,2.56
train,1,20260202_145028_beam2,/home/tobeornot8259748/projects/balloon_radar_project/data/raw/detection_dataset/train/UAV_IQ/IQ_Data/20260202_145028_beam2.mat,/home/tobeornot8259748/projects/balloon_radar_project/data/raw/detection_dataset/train/UAV_IQ/Labels/20260202_145028_beam2.txt,2,309.67,2220.0,2.56
train,1,20260202_145028_beam3,/home/tobeornot8259748/projects/balloon_radar_project/data/raw/detection_dataset/train/UAV_IQ/IQ_Data/20260202_145028_beam3.mat,/home/tobeornot8259748/projects/balloon_radar_project/data/raw/detection_dataset/train/UAV_IQ/Labels/20260202_145028_beam3.txt,3,309.67,2250.0,2.56
train,1,20260202_145037_beam1,/home/tobeornot8259748/projects/balloon_radar_project/data/raw/detection_dataset/train/UAV_IQ/IQ_Data/20260202_145037_beam1.mat,/home/tobeornot8259748/projects/balloon_radar_project/data/raw/detection_dataset/train/UAV_IQ/Labels/20260202_145037_beam1.txt,1,311.33,2250.0,2.74
train,1,20260202_145037_beam2,/home/tobeornot8259748/projects/balloon_radar_project/data/raw/detection_dataset/train/UAV_IQ/IQ_Data/20260202_145037_beam2.mat,/home/tobeornot8259748/projects/balloon_radar_project/data/raw/detection_dataset/train/UAV_IQ/Labels/20260202_145037_beam2.txt,2,310.34,2220.0,2.74
train,1,20260202_145037_beam3,/home/tobeornot8259748/projects/balloon_radar_project/data/raw/detection_dataset/train/UAV_IQ/IQ_Data/20260202_145037_beam3.mat,/home/tobeornot8259748/projects/balloon_radar_project/data/raw/detection_dataset/train/UAV_IQ/Labels/20260202_145037_beam3.txt,3,311.33,2220.0,2.74
train,1,20260202_145045_beam1,/home/tobeornot8259748/projects/balloon_radar_project/data/raw/detection_dataset/train/UAV_IQ/IQ_Data/20260202_145045_beam1.mat,/home/tobeornot8259748/projects/balloon_radar_project/data/raw/detection_dataset/train/UAV_IQ/Labels/20260202_145045_beam1.txt,1,311.26,2220.0,-3.84
train,1,20260202_145045_beam2,/home/tobeornot8259748/projects/balloon_radar_project/data/raw/detection_dataset/train/UAV_IQ/IQ_Data/20260202_145045_beam2.mat,/home/tobeornot8259748/projects/balloon_radar_project/data/raw/detection_dataset/train/UAV_IQ/Labels/20260202_145045_beam2.txt,2,310.24,2250.0,-4.02
train,1,20260202_145045_beam3,/home/tobeornot8259748/projects/balloon_radar_project/data/raw/detection_dataset/train/UAV_IQ/IQ_Data/20260202_145045_beam3.mat,/home/tobeornot8259748/projects/balloon_radar_project/data/raw/detection_dataset/train/UAV_IQ/Labels/20260202_145045_beam3.txt,3,311.26,2250.0,-3.84
train,1,20260202_145045_beam4,/home/tobeornot8259748/projects/balloon_radar_project/data/raw/detection_dataset/train/UAV_IQ/IQ_Data/20260202_145045_beam4.mat,/home/tobeornot8259748/projects/balloon_radar_project/data/raw/detection_dataset/train/UAV_IQ/Labels/20260202_145045_beam4.txt,4,311.26,2250.0,-4.02
train,1,20260202_145053_beam1,/home/tobeornot8259748/projects/balloon_radar_project/data/raw/detection_dataset/train/UAV_IQ/IQ_Data/20260202_145053_beam1.mat,/home/tobeornot8259748/projects/balloon_radar_project/data/raw/detection_dataset/train/UAV_IQ/Labels/20260202_145053_beam1.txt,1,310.74,2220.0,-3.65
train,1,20260202_145053_beam2,/home/tobeornot8259748/projects/balloon_radar_project/data/raw/detection_dataset/train/UAV_IQ/IQ_Data/20260202_145053_beam2.mat,/home/tobeornot8259748/projects/balloon_radar_project/data/raw/detection_dataset/train/UAV_IQ/Labels/20260202_145053_beam2.txt,2,310.74,2220.0,-3.65
train,1,20260202_145053_beam3,/home/tobeornot8259748/projects/balloon_radar_project/data/raw/detection_dataset/train/UAV_IQ/IQ_Data/20260202_145053_beam3.mat,/home/tobeornot8259748/projects/balloon_radar_project/data/raw/detection_dataset/train/UAV_IQ/Labels/20260202_145053_beam3.txt,3,310.74,2220.0,-3.47
train,1,20260202_145053_beam4,/home/tobeornot8259748/projects/balloon_radar_project/data/raw/detection_dataset/train/UAV_IQ/IQ_Data/20260202_145053_beam4.mat,/home/tobeornot8259748/projects/balloon_radar_project/data/raw/detection_dataset/train/UAV_IQ/Labels/20260202_145053_beam4.txt,4,310.74,2220.0,-3.65
train,1,20260202_145102_beam1,/home/tobeornot8259748/projects/balloon_radar_project/data/raw/detection_dataset/train/UAV_IQ/IQ_Data/20260202_145102_beam1.mat,/home/tobeornot8259748/projects/balloon_radar_project/data/raw/detection_dataset/train/UAV_IQ/Labels/20260202_145102_beam1.txt,1,311.84,2160.0,-5.12
train,1,20260202_145102_beam2,/home/tobeornot8259748/projects/balloon_radar_project/data/raw/detection_dataset/train/UAV_IQ/IQ_Data/20260202_145102_beam2.mat,/home/tobeornot8259748/projects/balloon_radar_project/data/raw/detection_dataset/train/UAV_IQ/Labels/20260202_145102_beam2.txt,2,311.84,2190.0,-5.12
train,1,20260202_145102_beam3,/home/tobeornot8259748/projects/balloon_radar_project/data/raw/detection_dataset/train/UAV_IQ/IQ_Data/20260202_145102_beam3.mat,/home/tobeornot8259748/projects/balloon_radar_project/data/raw/detection_dataset/train/UAV_IQ/Labels/20260202_145102_beam3.txt,3,311.84,2190.0,-4.93
train,1,20260202_145102_beam4,/home/tobeornot8259748/projects/balloon_radar_project/data/raw/detection_dataset/train/UAV_IQ/IQ_Data/20260202_145102_beam4.mat,/home/tobeornot8259748/projects/balloon_radar_project/data/raw/detection_dataset/train/UAV_IQ/Labels/20260202_145102_beam4.txt,4,311.84,2160.0,-5.12
train,1,20260202_145102_beam5,/home/tobeornot8259748/projects/balloon_radar_project/data/raw/detection_dataset/train/UAV_IQ/IQ_Data/20260202_145102_beam5.mat,/home/tobeornot8259748/projects/balloon_radar_project/data/raw/detection_dataset/train/UAV_IQ/Labels/20260202_145102_beam5.txt,5,311.84,2190.0,-4.93
train,1,20260202_145110_beam1,/home/tobeornot8259748/projects/balloon_radar_project/data/raw/detection_dataset/train/UAV_IQ/IQ_Data/20260202_145110_beam1.mat,/home/tobeornot8259748/projects/balloon_radar_project/data/raw/detection_dataset/train/UAV_IQ/Labels/20260202_145110_beam1.txt,1,312.15,2130.0,-5.30
train,1,20260202_145110_beam2,/home/tobeornot8259748/projects/balloon_radar_project/data/raw/detection_dataset/train/UAV_IQ/IQ_Data/20260202_145110_beam2.mat,/home/tobeornot8259748/projects/balloon_radar_project/data/raw/detection_dataset/train/UAV_IQ/Labels/20260202_145110_beam2.txt,2,311.13,2130.0,-5.30
train,1,20260202_145110_beam3,/home/tobeornot8259748/projects/balloon_radar_project/data/raw/detection_dataset/train/UAV_IQ/IQ_Data/20260202_145110_beam3.mat,/home/tobeornot8259748/projects/balloon_radar_project/data/raw/detection_dataset/train/UAV_IQ/Labels/20260202_145110_beam3.txt,3,312.15,2130.0,-5.30
train,1,20260202_145110_beam4,/home/tobeornot8259748/projects/balloon_radar_project/data/raw/detection_dataset/train/UAV_IQ/IQ_Data/20260202_145110_beam4.mat,/home/tobeornot8259748/projects/balloon_radar_project/data/raw/detection_dataset/train/UAV_IQ/Labels/20260202_145110_beam4.txt,4,312.15,2130.0,-5.30
train,1,20260202_145118_beam1,/home/tobeornot8259748/projects/balloon_radar_project/data/raw/detection_dataset/train/UAV_IQ/IQ_Data/20260202_145118_beam1.mat,/home/tobeornot8259748/projects/balloon_radar_project/data/raw/detection_dataset/train/UAV_IQ/Labels/20260202_145118_beam1.txt,1,311.70,2070.0,-4.93
train,1,20260202_145118_beam2,/home/tobeornot8259748/projects/balloon_radar_project/data/raw/detection_dataset/train/UAV_IQ/IQ_Data/20260202_145118_beam2.mat,/home/tobeornot8259748/projects/balloon_radar_project/data/raw/detection_dataset/train/UAV_IQ/Labels/20260202_145118_beam2.txt,2,311.70,2070.0,-4.93
train,1,20260202_145118_beam3,/home/tobeornot8259748/projects/balloon_radar_project/data/raw/detection_dataset/train/UAV_IQ/IQ_Data/20260202_145118_beam3.mat,/home/tobeornot8259748/projects/balloon_radar_project/data/raw/detection_dataset/train/UAV_IQ/Labels/20260202_145118_beam3.txt,3,311.70,2100.0,-4.93
train,1,20260202_145118_beam4,/home/tobeornot8259748/projects/balloon_radar_project/data/raw/detection_dataset/train/UAV_IQ/IQ_Data/20260202_145118_beam4.mat,/home/tobeornot8259748/projects/balloon_radar_project/data/raw/detection_dataset/train/UAV_IQ/Labels/20260202_145118_beam4.txt,4,310.71,2100.0,-4.93
train,1,20260202_145126_beam1,/home/tobeornot8259748/projects/balloon_radar_project/data/raw/detection_dataset/train/UAV_IQ/IQ_Data/20260202_145126_beam1.mat,/home/tobeornot8259748/projects/balloon_radar_project/data/raw/detection_dataset/train/UAV_IQ/Labels/20260202_145126_beam1.txt,1,311.28,2040.0,-4.75
train,1,20260202_145126_beam2,/home/tobeornot8259748/projects/balloon_radar_project/data/raw/detection_dataset/train/UAV_IQ/IQ_Data/20260202_145126_beam2.mat,/home/tobeornot8259748/projects/balloon_radar_project/data/raw/detection_dataset/train/UAV_IQ/Labels/20260202_145126_beam2.txt,2,311.28,2070.0,-4.75
train,1,20260202_145126_beam3,/home/tobeornot8259748/projects/balloon_radar_project/data/raw/detection_dataset/train/UAV_IQ/IQ_Data/20260202_145126_beam3.mat,/home/tobeornot8259748/projects/balloon_radar_project/data/raw/detection_dataset/train/UAV_IQ/Labels/20260202_145126_beam3.txt,3,311.28,2040.0,-4.75
train,1,20260202_145126_beam4,/home/tobeornot8259748/projects/balloon_radar_project/data/raw/detection_dataset/train/UAV_IQ/IQ_Data/20260202_145126_beam4.mat,/home/tobeornot8259748/projects/balloon_radar_project/data/raw/detection_dataset/train/UAV_IQ/Labels/20260202_145126_beam4.txt,4,311.28,2070.0,-4.75
train,1,20260202_145126_beam5,/home/tobeornot8259748/projects/balloon_radar_project/data/raw/detection_dataset/train/UAV_IQ/IQ_Data/20260202_145126_beam5.mat,/home/tobeornot8259748/projects/balloon_radar_project/data/raw/detection_dataset/train/UAV_IQ/Labels/20260202_145126_beam5.txt,5,312.27,2070.0,-4.75
train,1,20260202_145135_beam1,/home/tobeornot8259748/projects/balloon_radar_project/data/raw/detection_dataset/train/UAV_IQ/IQ_Data/20260202_145135_beam1.mat,/home/tobeornot8259748/projects/balloon_radar_project/data/raw/detection_dataset/train/UAV_IQ/Labels/20260202_145135_beam1.txt,1,311.56,2070.0,4.57
train,1,20260202_145135_beam2,/home/tobeornot8259748/projects/balloon_radar_project/data/raw/detection_dataset/train/UAV_IQ/IQ_Data/20260202_145135_beam2.mat,/home/tobeornot8259748/projects/balloon_radar_project/data/raw/detection_dataset/train/UAV_IQ/Labels/20260202_145135_beam2.txt,2,311.56,2040.0,4.57
train,1,20260202_145135_beam3,/home/tobeornot8259748/projects/balloon_radar_project/data/raw/detection_dataset/train/UAV_IQ/IQ_Data/20260202_145135_beam3.mat,/home/tobeornot8259748/projects/balloon_radar_project/data/raw/detection_dataset/train/UAV_IQ/Labels/20260202_145135_beam3.txt,3,311.56,2070.0,4.57
train,1,20260202_145135_beam4,/home/tobeornot8259748/projects/balloon_radar_project/data/raw/detection_dataset/train/UAV_IQ/IQ_Data/20260202_145135_beam4.mat,/home/tobeornot8259748/projects/balloon_radar_project/data/raw/detection_dataset/train/UAV_IQ/Labels/20260202_145135_beam4.txt,4,310.57,2070.0,4.39
train,1,20260202_145135_beam5,/home/tobeornot8259748/projects/balloon_radar_project/data/raw/detection_dataset/train/UAV_IQ/IQ_Data/20260202_145135_beam5.mat,/home/tobeornot8259748/projects/balloon_radar_project/data/raw/detection_dataset/train/UAV_IQ/Labels/20260202_145135_beam5.txt,5,310.57,2070.0,4.57
train,1,20260202_145143_beam1,/home/tobeornot8259748/projects/balloon_radar_project/data/raw/detection_dataset/train/UAV_IQ/IQ_Data/20260202_145143_beam1.mat,/home/tobeornot8259748/projects/balloon_radar_project/data/raw/detection_dataset/train/UAV_IQ/Labels/20260202_145143_beam1.txt,1,312.12,2070.0,5.85
train,1,20260202_145143_beam2,/home/tobeornot8259748/projects/balloon_radar_project/data/raw/detection_dataset/train/UAV_IQ/IQ_Data/20260202_145143_beam2.mat,/home/tobeornot8259748/projects/balloon_radar_project/data/raw/detection_dataset/train/UAV_IQ/Labels/20260202_145143_beam2.txt,2,311.13,2070.0,5.85
train,1,20260202_145143_beam3,/home/tobeornot8259748/projects/balloon_radar_project/data/raw/detection_dataset/train/UAV_IQ/IQ_Data/20260202_145143_beam3.mat,/home/tobeornot8259748/projects/balloon_radar_project/data/raw/detection_dataset/train/UAV_IQ/Labels/20260202_145143_beam3.txt,3,311.13,2100.0,5.85
train,1,20260202_145143_beam4,/home/tobeornot8259748/projects/balloon_radar_project/data/raw/detection_dataset/train/UAV_IQ/IQ_Data/20260202_145143_beam4.mat,/home/tobeornot8259748/projects/balloon_radar_project/data/raw/detection_dataset/train/UAV_IQ/Labels/20260202_145143_beam4.txt,4,312.12,2070.0,5.85
train,1,20260202_145143_beam5,/home/tobeornot8259748/projects/balloon_radar_project/data/raw/detection_dataset/train/UAV_IQ/IQ_Data/20260202_145143_beam5.mat,/home/tobeornot8259748/projects/balloon_radar_project/data/raw/detection_dataset/train/UAV_IQ/Labels/20260202_145143_beam5.txt,5,311.13,2100.0,5.85
train,1,20260202_145151_beam1,/home/tobeornot8259748/projects/balloon_radar_project/data/raw/detection_dataset/train/UAV_IQ/IQ_Data/20260202_145151_beam1.mat,/home/tobeornot8259748/projects/balloon_radar_project/data/raw/detection_dataset/train/UAV_IQ/Labels/20260202_145151_beam1.txt,1,310.86,2130.0,5.66
train,1,20260202_145151_beam2,/home/tobeornot8259748/projects/balloon_radar_project/data/raw/detection_dataset/train/UAV_IQ/IQ_Data/20260202_145151_beam2.mat,/home/tobeornot8259748/projects/balloon_radar_project/data/raw/detection_dataset/train/UAV_IQ/Labels/20260202_145151_beam2.txt,2,310.86,2160.0,5.66
train,1,20260202_145151_beam3,/home/tobeornot8259748/projects/balloon_radar_project/data/raw/detection_dataset/train/UAV_IQ/IQ_Data/20260202_145151_beam3.mat,/home/tobeornot8259748/projects/balloon_radar_project/data/raw/detection_dataset/train/UAV_IQ/Labels/20260202_145151_beam3.txt,3,310.86,2130.0,5.66
train,1,20260202_145151_beam4,/home/tobeornot8259748/projects/balloon_radar_project/data/raw/detection_dataset/train/UAV_IQ/IQ_Data/20260202_145151_beam4.mat,/home/tobeornot8259748/projects/balloon_radar_project/data/raw/detection_dataset/train/UAV_IQ/Labels/20260202_145151_beam4.txt,4,310.86,2130.0,5.66
train,1,20260202_145151_beam5,/home/tobeornot8259748/projects/balloon_radar_project/data/raw/detection_dataset/train/UAV_IQ/IQ_Data/20260202_145151_beam5.mat,/home/tobeornot8259748/projects/balloon_radar_project/data/raw/detection_dataset/train/UAV_IQ/Labels/20260202_145151_beam5.txt,5,310.86,2160.0,5.66
train,1,20260202_145216_beam1,/home/tobeornot8259748/projects/balloon_radar_project/data/raw/detection_dataset/train/UAV_IQ/IQ_Data/20260202_145216_beam1.mat,/home/tobeornot8259748/projects/balloon_radar_project/data/raw/detection_dataset/train/UAV_IQ/Labels/20260202_145216_beam1.txt,1,311.64,2130.0,-2.19
train,1,20260202_145216_beam2,/home/tobeornot8259748/projects/balloon_radar_project/data/raw/detection_dataset/train/UAV_IQ/IQ_Data/20260202_145216_beam2.mat,/home/tobeornot8259748/projects/balloon_radar_project/data/raw/detection_dataset/train/UAV_IQ/Labels/20260202_145216_beam2.txt,2,312.66,2130.0,-2.74
train,1,20260202_145216_beam3,/home/tobeornot8259748/projects/balloon_radar_project/data/raw/detection_dataset/train/UAV_IQ/IQ_Data/20260202_145216_beam3.mat,/home/tobeornot8259748/projects/balloon_radar_project/data/raw/detection_dataset/train/UAV_IQ/Labels/20260202_145216_beam3.txt,3,311.64,2130.0,-2.38
train,1,20260202_145216_beam4,/home/tobeornot8259748/projects/balloon_radar_project/data/raw/detection_dataset/train/UAV_IQ/IQ_Data/20260202_145216_beam4.mat,/home/tobeornot8259748/projects/balloon_radar_project/data/raw/detection_dataset/train/UAV_IQ/Labels/20260202_145216_beam4.txt,4,311.64,2130.0,-2.38
train,1,20260202_145216_beam5,/home/tobeornot8259748/projects/balloon_radar_project/data/raw/detection_dataset/train/UAV_IQ/IQ_Data/20260202_145216_beam5.mat,/home/tobeornot8259748/projects/balloon_radar_project/data/raw/detection_dataset/train/UAV_IQ/Labels/20260202_145216_beam5.txt,5,311.64,2100.0,-2.38
train,1,20260202_145713_beam1,/home/tobeornot8259748/projects/balloon_radar_project/data/raw/detection_dataset/train/UAV_IQ/IQ_Data/20260202_145713_beam1.mat,/home/tobeornot8259748/projects/balloon_radar_project/data/raw/detection_dataset/train/UAV_IQ/Labels/20260202_145713_beam1.txt,1,311.05,2190.0,-5.85
train,1,20260202_145713_beam2,/home/tobeornot8259748/projects/balloon_radar_project/data/raw/detection_dataset/train/UAV_IQ/IQ_Data/20260202_145713_beam2.mat,/home/tobeornot8259748/projects/balloon_radar_project/data/raw/detection_dataset/train/UAV_IQ/Labels/20260202_145713_beam2.txt,2,312.03,2190.0,-5.85
train,1,20260202_145713_beam3,/home/tobeornot8259748/projects/balloon_radar_project/data/raw/detection_dataset/train/UAV_IQ/IQ_Data/20260202_145713_beam3.mat,/home/tobeornot8259748/projects/balloon_radar_project/data/raw/detection_dataset/train/UAV_IQ/Labels/20260202_145713_beam3.txt,3,311.05,2190.0,-5.85
train,1,20260202_145713_beam4,/home/tobeornot8259748/projects/balloon_radar_project/data/raw/detection_dataset/train/UAV_IQ/IQ_Data/20260202_145713_beam4.mat,/home/tobeornot8259748/projects/balloon_radar_project/data/raw/detection_dataset/train/UAV_IQ/Labels/20260202_145713_beam4.txt,4,312.03,2190.0,-5.85
train,1,20260202_145722_beam1,/home/tobeornot8259748/projects/balloon_radar_project/data/raw/detection_dataset/train/UAV_IQ/IQ_Data/20260202_145722_beam1.mat,/home/tobeornot8259748/projects/balloon_radar_project/data/raw/detection_dataset/train/UAV_IQ/Labels/20260202_145722_beam1.txt,1,312.10,2130.0,-5.85
train,1,20260202_145722_beam2,/home/tobeornot8259748/projects/balloon_radar_project/data/raw/detection_dataset/train/UAV_IQ/IQ_Data/20260202_145722_beam2.mat,/home/tobeornot8259748/projects/balloon_radar_project/data/raw/detection_dataset/train/UAV_IQ/Labels/20260202_145722_beam2.txt,2,312.10,2130.0,-5.85
train,1,20260202_145722_beam3,/home/tobeornot8259748/projects/balloon_radar_project/data/raw/detection_dataset/train/UAV_IQ/IQ_Data/20260202_145722_beam3.mat,/home/tobeornot8259748/projects/balloon_radar_project/data/raw/detection_dataset/train/UAV_IQ/Labels/20260202_145722_beam3.txt,3,312.10,2130.0,-5.85
train,1,20260202_145722_beam4,/home/tobeornot8259748/projects/balloon_radar_project/data/raw/detection_dataset/train/UAV_IQ/IQ_Data/20260202_145722_beam4.mat,/home/tobeornot8259748/projects/balloon_radar_project/data/raw/detection_dataset/train/UAV_IQ/Labels/20260202_145722_beam4.txt,4,312.10,2160.0,-5.85
train,1,20260202_145730_beam1,/home/tobeornot8259748/projects/balloon_radar_project/data/raw/detection_dataset/train/UAV_IQ/IQ_Data/20260202_145730_beam1.mat,/home/tobeornot8259748/projects/balloon_radar_project/data/raw/detection_dataset/train/UAV_IQ/Labels/20260202_145730_beam1.txt,1,311.89,2070.0,-5.85
train,1,20260202_145730_beam2,/home/tobeornot8259748/projects/balloon_radar_project/data/raw/detection_dataset/train/UAV_IQ/IQ_Data/20260202_145730_beam2.mat,/home/tobeornot8259748/projects/balloon_radar_project/data/raw/detection_dataset/train/UAV_IQ/Labels/20260202_145730_beam2.txt,2,311.89,2070.0,-5.85
train,1,20260202_145730_beam3,/home/tobeornot8259748/projects/balloon_radar_project/data/raw/detection_dataset/train/UAV_IQ/IQ_Data/20260202_145730_beam3.mat,/home/tobeornot8259748/projects/balloon_radar_project/data/raw/detection_dataset/train/UAV_IQ/Labels/20260202_145730_beam3.txt,3,311.89,2070.0,-5.85
train,1,20260202_145730_beam4,/home/tobeornot8259748/projects/balloon_radar_project/data/raw/detection_dataset/train/UAV_IQ/IQ_Data/20260202_145730_beam4.mat,/home/tobeornot8259748/projects/balloon_radar_project/data/raw/detection_dataset/train/UAV_IQ/Labels/20260202_145730_beam4.txt,4,311.89,2070.0,-5.85
train,1,20260202_145730_beam5,/home/tobeornot8259748/projects/balloon_radar_project/data/raw/detection_dataset/train/UAV_IQ/IQ_Data/20260202_145730_beam5.mat,/home/tobeornot8259748/projects/balloon_radar_project/data/raw/detection_dataset/train/UAV_IQ/Labels/20260202_145730_beam5.txt,5,311.89,2100.0,-5.85
train,1,20260202_145746_beam1,/home/tobeornot8259748/projects/balloon_radar_project/data/raw/detection_dataset/train/UAV_IQ/IQ_Data/20260202_145746_beam1.mat,/home/tobeornot8259748/projects/balloon_radar_project/data/raw/detection_dataset/train/UAV_IQ/Labels/20260202_145746_beam1.txt,1,312.01,2010.0,-5.85
train,1,20260202_145746_beam2,/home/tobeornot8259748/projects/balloon_radar_project/data/raw/detection_dataset/train/UAV_IQ/IQ_Data/20260202_145746_beam2.mat,/home/tobeornot8259748/projects/balloon_radar_project/data/raw/detection_dataset/train/UAV_IQ/Labels/20260202_145746_beam2.txt,2,312.01,2010.0,-6.03
train,1,20260202_145746_beam3,/home/tobeornot8259748/projects/balloon_radar_project/data/raw/detection_dataset/train/UAV_IQ/IQ_Data/20260202_145746_beam3.mat,/home/tobeornot8259748/projects/balloon_radar_project/data/raw/detection_dataset/train/UAV_IQ/Labels/20260202_145746_beam3.txt,3,312.01,2010.0,-5.85
train,1,20260202_145746_beam4,/home/tobeornot8259748/projects/balloon_radar_project/data/raw/detection_dataset/train/UAV_IQ/IQ_Data/20260202_145746_beam4.mat,/home/tobeornot8259748/projects/balloon_radar_project/data/raw/detection_dataset/train/UAV_IQ/Labels/20260202_145746_beam4.txt,4,312.01,1980.0,-6.03
train,1,20260202_145746_beam5,/home/tobeornot8259748/projects/balloon_radar_project/data/raw/detection_dataset/train/UAV_IQ/IQ_Data/20260202_145746_beam5.mat,/home/tobeornot8259748/projects/balloon_radar_project/data/raw/detection_dataset/train/UAV_IQ/Labels/20260202_145746_beam5.txt,5,312.01,1980.0,-5.85
train,1,20260202_145755_beam1,/home/tobeornot8259748/projects/balloon_radar_project/data/raw/detection_dataset/train/UAV_IQ/IQ_Data/20260202_145755_beam1.mat,/home/tobeornot8259748/projects/balloon_radar_project/data/raw/detection_dataset/train/UAV_IQ/Labels/20260202_145755_beam1.txt,1,311.93,1950.0,-6.03
train,1,20260202_145755_beam2,/home/tobeornot8259748/projects/balloon_radar_project/data/raw/detection_dataset/train/UAV_IQ/IQ_Data/20260202_145755_beam2.mat,/home/tobeornot8259748/projects/balloon_radar_project/data/raw/detection_dataset/train/UAV_IQ/Labels/20260202_145755_beam2.txt,2,311.93,1950.0,-6.03
train,1,20260202_145755_beam3,/home/tobeornot8259748/projects/balloon_radar_project/data/raw/detection_dataset/train/UAV_IQ/IQ_Data/20260202_145755_beam3.mat,/home/tobeornot8259748/projects/balloon_radar_project/data/raw/detection_dataset/train/UAV_IQ/Labels/20260202_145755_beam3.txt,3,311.93,1950.0,-5.85
train,1,20260202_145755_beam4,/home/tobeornot8259748/projects/balloon_radar_project/data/raw/detection_dataset/train/UAV_IQ/IQ_Data/20260202_145755_beam4.mat,/home/tobeornot8259748/projects/balloon_radar_project/data/raw/detection_dataset/train/UAV_IQ/Labels/20260202_145755_beam4.txt,4,311.93,1950.0,-6.03
train,1,20260202_145755_beam5,/home/tobeornot8259748/projects/balloon_radar_project/data/raw/detection_dataset/train/UAV_IQ/IQ_Data/20260202_145755_beam5.mat,/home/tobeornot8259748/projects/balloon_radar_project/data/raw/detection_dataset/train/UAV_IQ/Labels/20260202_145755_beam5.txt,5,311.93,1950.0,-6.03
train,1,20260202_145813_beam1,/home/tobeornot8259748/projects/balloon_radar_project/data/raw/detection_dataset/train/UAV_IQ/IQ_Data/20260202_145813_beam1.mat,/home/tobeornot8259748/projects/balloon_radar_project/data/raw/detection_dataset/train/UAV_IQ/Labels/20260202_145813_beam1.txt,1,311.82,1950.0,4.57
train,1,20260202_145813_beam2,/home/tobeornot8259748/projects/balloon_radar_project/data/raw/detection_dataset/train/UAV_IQ/IQ_Data/20260202_145813_beam2.mat,/home/tobeornot8259748/projects/balloon_radar_project/data/raw/detection_dataset/train/UAV_IQ/Labels/20260202_145813_beam2.txt,2,311.82,1950.0,4.75
train,1,20260202_145813_beam3,/home/tobeornot8259748/projects/balloon_radar_project/data/raw/detection_dataset/train/UAV_IQ/IQ_Data/20260202_145813_beam3.mat,/home/tobeornot8259748/projects/balloon_radar_project/data/raw/detection_dataset/train/UAV_IQ/Labels/20260202_145813_beam3.txt,3,312.81,1950.0,4.75
train,1,20260202_145813_beam4,/home/tobeornot8259748/projects/balloon_radar_project/data/raw/detection_dataset/train/UAV_IQ/IQ_Data/20260202_145813_beam4.mat,/home/tobeornot8259748/projects/balloon_radar_project/data/raw/detection_dataset/train/UAV_IQ/Labels/20260202_145813_beam4.txt,4,312.81,1950.0,4.75
train,1,20260202_145813_beam5,/home/tobeornot8259748/projects/balloon_radar_project/data/raw/detection_dataset/train/UAV_IQ/IQ_Data/20260202_145813_beam5.mat,/home/tobeornot8259748/projects/balloon_radar_project/data/raw/detection_dataset/train/UAV_IQ/Labels/20260202_145813_beam5.txt,5,312.81,1950.0,4.57
train,1,20260202_145828_beam1,/home/tobeornot8259748/projects/balloon_radar_project/data/raw/detection_dataset/train/UAV_IQ/IQ_Data/20260202_145828_beam1.mat,/home/tobeornot8259748/projects/balloon_radar_project/data/raw/detection_dataset/train/UAV_IQ/Labels/20260202_145828_beam1.txt,1,312.40,2070.0,6.03
train,1,20260202_145828_beam2,/home/tobeornot8259748/projects/balloon_radar_project/data/raw/detection_dataset/train/UAV_IQ/IQ_Data/20260202_145828_beam2.mat,/home/tobeornot8259748/projects/balloon_radar_project/data/raw/detection_dataset/train/UAV_IQ/Labels/20260202_145828_beam2.txt,2,311.42,2010.0,6.03
train,1,20260202_145828_beam3,/home/tobeornot8259748/projects/balloon_radar_project/data/raw/detection_dataset/train/UAV_IQ/IQ_Data/20260202_145828_beam3.mat,/home/tobeornot8259748/projects/balloon_radar_project/data/raw/detection_dataset/train/UAV_IQ/Labels/20260202_145828_beam3.txt,3,312.40,2040.0,6.03
train,1,20260202_145828_beam4,/home/tobeornot8259748/projects/balloon_radar_project/data/raw/detection_dataset/train/UAV_IQ/IQ_Data/20260202_145828_beam4.mat,/home/tobeornot8259748/projects/balloon_radar_project/data/raw/detection_dataset/train/UAV_IQ/Labels/20260202_145828_beam4.txt,4,312.40,2040.0,6.03
train,1,20260202_145828_beam5,/home/tobeornot8259748/projects/balloon_radar_project/data/raw/detection_dataset/train/UAV_IQ/IQ_Data/20260202_145828_beam5.mat,/home/tobeornot8259748/projects/balloon_radar_project/data/raw/detection_dataset/train/UAV_IQ/Labels/20260202_145828_beam5.txt,5,312.40,2040.0,6.03
val,0,20260204_100739_beam1_az019,/home/tobeornot8259748/projects/balloon_radar_project/data/raw/detection_dataset/val/Background_IQ/IQ_Data/20260204_100739_beam1_az019.mat,,,,,
val,0,20260204_100739_beam1_az064,/home/tobeornot8259748/projects/balloon_radar_project/data/raw/detection_dataset/val/Background_IQ/IQ_Data/20260204_100739_beam1_az064.mat,,,,,
val,0,20260204_100739_beam1_az136,/home/tobeornot8259748/projects/balloon_radar_project/data/raw/detection_dataset/val/Background_IQ/IQ_Data/20260204_100739_beam1_az136.mat,,,,,
val,0,20260204_100739_beam1_az190,/home/tobeornot8259748/projects/balloon_radar_project/data/raw/detection_dataset/val/Background_IQ/IQ_Data/20260204_100739_beam1_az190.mat,,,,,
val,0,20260204_100739_beam2_az190,/home/tobeornot8259748/projects/balloon_radar_project/data/raw/detection_dataset/val/Background_IQ/IQ_Data/20260204_100739_beam2_az190.mat,,,,,
val,0,20260204_100739_beam2_az226,/home/tobeornot8259748/projects/balloon_radar_project/data/raw/detection_dataset/val/Background_IQ/IQ_Data/20260204_100739_beam2_az226.mat,,,,,
val,0,20260204_100739_beam2_az253,/home/tobeornot8259748/projects/balloon_radar_project/data/raw/detection_dataset/val/Background_IQ/IQ_Data/20260204_100739_beam2_az253.mat,,,,,
val,0,20260204_100739_beam3_az001,/home/tobeornot8259748/projects/balloon_radar_project/data/raw/detection_dataset/val/Background_IQ/IQ_Data/20260204_100739_beam3_az001.mat,,,,,
val,0,20260204_100739_beam3_az019,/home/tobeornot8259748/projects/balloon_radar_project/data/raw/detection_dataset/val/Background_IQ/IQ_Data/20260204_100739_beam3_az019.mat,,,,,
val,0,20260204_100739_beam3_az082,/home/tobeornot8259748/projects/balloon_radar_project/data/raw/detection_dataset/val/Background_IQ/IQ_Data/20260204_100739_beam3_az082.mat,,,,,
val,0,20260204_100739_beam3_az091,/home/tobeornot8259748/projects/balloon_radar_project/data/raw/detection_dataset/val/Background_IQ/IQ_Data/20260204_100739_beam3_az091.mat,,,,,
val,0,20260204_100739_beam3_az109,/home/tobeornot8259748/projects/balloon_radar_project/data/raw/detection_dataset/val/Background_IQ/IQ_Data/20260204_100739_beam3_az109.mat,,,,,
val,0,20260204_100739_beam3_az154,/home/tobeornot8259748/projects/balloon_radar_project/data/raw/detection_dataset/val/Background_IQ/IQ_Data/20260204_100739_beam3_az154.mat,,,,,
val,0,20260204_100739_beam3_az181,/home/tobeornot8259748/projects/balloon_radar_project/data/raw/detection_dataset/val/Background_IQ/IQ_Data/20260204_100739_beam3_az181.mat,,,,,
val,0,20260204_100739_beam3_az244,/home/tobeornot8259748/projects/balloon_radar_project/data/raw/detection_dataset/val/Background_IQ/IQ_Data/20260204_100739_beam3_az244.mat,,,,,
val,0,20260204_100739_beam4_az046,/home/tobeornot8259748/projects/balloon_radar_project/data/raw/detection_dataset/val/Background_IQ/IQ_Data/20260204_100739_beam4_az046.mat,,,,,
val,0,20260204_100739_beam4_az055,/home/tobeornot8259748/projects/balloon_radar_project/data/raw/detection_dataset/val/Background_IQ/IQ_Data/20260204_100739_beam4_az055.mat,,,,,
val,0,20260204_100739_beam4_az082,/home/tobeornot8259748/projects/balloon_radar_project/data/raw/detection_dataset/val/Background_IQ/IQ_Data/20260204_100739_beam4_az082.mat,,,,,
val,0,20260204_100739_beam4_az091,/home/tobeornot8259748/projects/balloon_radar_project/data/raw/detection_dataset/val/Background_IQ/IQ_Data/20260204_100739_beam4_az091.mat,,,,,
val,0,20260204_100739_beam4_az190,/home/tobeornot8259748/projects/balloon_radar_project/data/raw/detection_dataset/val/Background_IQ/IQ_Data/20260204_100739_beam4_az190.mat,,,,,
val,0,20260204_100739_beam5_az028,/home/tobeornot8259748/projects/balloon_radar_project/data/raw/detection_dataset/val/Background_IQ/IQ_Data/20260204_100739_beam5_az028.mat,,,,,
val,0,20260204_100739_beam5_az073,/home/tobeornot8259748/projects/balloon_radar_project/data/raw/detection_dataset/val/Background_IQ/IQ_Data/20260204_100739_beam5_az073.mat,,,,,
val,0,20260204_100739_beam5_az100,/home/tobeornot8259748/projects/balloon_radar_project/data/raw/detection_dataset/val/Background_IQ/IQ_Data/20260204_100739_beam5_az100.mat,,,,,
val,0,20260204_100739_beam5_az136,/home/tobeornot8259748/projects/balloon_radar_project/data/raw/detection_dataset/val/Background_IQ/IQ_Data/20260204_100739_beam5_az136.mat,,,,,
val,0,20260204_100739_beam5_az208,/home/tobeornot8259748/projects/balloon_radar_project/data/raw/detection_dataset/val/Background_IQ/IQ_Data/20260204_100739_beam5_az208.mat,,,,,
val,0,20260204_100802_beam1_az073,/home/tobeornot8259748/projects/balloon_radar_project/data/raw/detection_dataset/val/Background_IQ/IQ_Data/20260204_100802_beam1_az073.mat,,,,,
val,0,20260204_100802_beam1_az163,/home/tobeornot8259748/projects/balloon_radar_project/data/raw/detection_dataset/val/Background_IQ/IQ_Data/20260204_100802_beam1_az163.mat,,,,,
val,0,20260204_100802_beam1_az172,/home/tobeornot8259748/projects/balloon_radar_project/data/raw/detection_dataset/val/Background_IQ/IQ_Data/20260204_100802_beam1_az172.mat,,,,,
val,0,20260204_100802_beam1_az181,/home/tobeornot8259748/projects/balloon_radar_project/data/raw/detection_dataset/val/Background_IQ/IQ_Data/20260204_100802_beam1_az181.mat,,,,,
val,0,20260204_100802_beam2_az064,/home/tobeornot8259748/projects/balloon_radar_project/data/raw/detection_dataset/val/Background_IQ/IQ_Data/20260204_100802_beam2_az064.mat,,,,,
val,0,20260204_100802_beam2_az127,/home/tobeornot8259748/projects/balloon_radar_project/data/raw/detection_dataset/val/Background_IQ/IQ_Data/20260204_100802_beam2_az127.mat,,,,,
val,0,20260204_100802_beam2_az145,/home/tobeornot8259748/projects/balloon_radar_project/data/raw/detection_dataset/val/Background_IQ/IQ_Data/20260204_100802_beam2_az145.mat,,,,,
val,0,20260204_100802_beam2_az226,/home/tobeornot8259748/projects/balloon_radar_project/data/raw/detection_dataset/val/Background_IQ/IQ_Data/20260204_100802_beam2_az226.mat,,,,,
val,0,20260204_100802_beam3_az073,/home/tobeornot8259748/projects/balloon_radar_project/data/raw/detection_dataset/val/Background_IQ/IQ_Data/20260204_100802_beam3_az073.mat,,,,,
val,0,20260204_100802_beam3_az082,/home/tobeornot8259748/projects/balloon_radar_project/data/raw/detection_dataset/val/Background_IQ/IQ_Data/20260204_100802_beam3_az082.mat,,,,,
val,0,20260204_100802_beam3_az109,/home/tobeornot8259748/projects/balloon_radar_project/data/raw/detection_dataset/val/Background_IQ/IQ_Data/20260204_100802_beam3_az109.mat,,,,,
val,0,20260204_100802_beam3_az136,/home/tobeornot8259748/projects/balloon_radar_project/data/raw/detection_dataset/val/Background_IQ/IQ_Data/20260204_100802_beam3_az136.mat,,,,,
val,0,20260204_100802_beam3_az181,/home/tobeornot8259748/projects/balloon_radar_project/data/raw/detection_dataset/val/Background_IQ/IQ_Data/20260204_100802_beam3_az181.mat,,,,,
val,0,20260204_100802_beam3_az226,/home/tobeornot8259748/projects/balloon_radar_project/data/raw/detection_dataset/val/Background_IQ/IQ_Data/20260204_100802_beam3_az226.mat,,,,,
val,0,20260204_100802_beam4_az019,/home/tobeornot8259748/projects/balloon_radar_project/data/raw/detection_dataset/val/Background_IQ/IQ_Data/20260204_100802_beam4_az019.mat,,,,,
val,0,20260204_100802_beam4_az028,/home/tobeornot8259748/projects/balloon_radar_project/data/raw/detection_dataset/val/Background_IQ/IQ_Data/20260204_100802_beam4_az028.mat,,,,,
val,0,20260204_100802_beam4_az073,/home/tobeornot8259748/projects/balloon_radar_project/data/raw/detection_dataset/val/Background_IQ/IQ_Data/20260204_100802_beam4_az073.mat,,,,,
val,0,20260204_100802_beam4_az118,/home/tobeornot8259748/projects/balloon_radar_project/data/raw/detection_dataset/val/Background_IQ/IQ_Data/20260204_100802_beam4_az118.mat,,,,,
val,0,20260204_100802_beam4_az127,/home/tobeornot8259748/projects/balloon_radar_project/data/raw/detection_dataset/val/Background_IQ/IQ_Data/20260204_100802_beam4_az127.mat,,,,,
val,0,20260204_100802_beam4_az136,/home/tobeornot8259748/projects/balloon_radar_project/data/raw/detection_dataset/val/Background_IQ/IQ_Data/20260204_100802_beam4_az136.mat,,,,,
val,0,20260204_100802_beam5_az136,/home/tobeornot8259748/projects/balloon_radar_project/data/raw/detection_dataset/val/Background_IQ/IQ_Data/20260204_100802_beam5_az136.mat,,,,,
val,0,20260204_100802_beam5_az199,/home/tobeornot8259748/projects/balloon_radar_project/data/raw/detection_dataset/val/Background_IQ/IQ_Data/20260204_100802_beam5_az199.mat,,,,,
val,0,20260204_100826_beam1_az028,/home/tobeornot8259748/projects/balloon_radar_project/data/raw/detection_dataset/val/Background_IQ/IQ_Data/20260204_100826_beam1_az028.mat,,,,,
val,0,20260204_100826_beam1_az172,/home/tobeornot8259748/projects/balloon_radar_project/data/raw/detection_dataset/val/Background_IQ/IQ_Data/20260204_100826_beam1_az172.mat,,,,,
val,0,20260204_100826_beam1_az190,/home/tobeornot8259748/projects/balloon_radar_project/data/raw/detection_dataset/val/Background_IQ/IQ_Data/20260204_100826_beam1_az190.mat,,,,,
val,0,20260204_100826_beam2_az136,/home/tobeornot8259748/projects/balloon_radar_project/data/raw/detection_dataset/val/Background_IQ/IQ_Data/20260204_100826_beam2_az136.mat,,,,,
val,0,20260204_100826_beam3_az001,/home/tobeornot8259748/projects/balloon_radar_project/data/raw/detection_dataset/val/Background_IQ/IQ_Data/20260204_100826_beam3_az001.mat,,,,,
val,0,20260204_100826_beam3_az010,/home/tobeornot8259748/projects/balloon_radar_project/data/raw/detection_dataset/val/Background_IQ/IQ_Data/20260204_100826_beam3_az010.mat,,,,,
val,0,20260204_100826_beam3_az145,/home/tobeornot8259748/projects/balloon_radar_project/data/raw/detection_dataset/val/Background_IQ/IQ_Data/20260204_100826_beam3_az145.mat,,,,,
val,0,20260204_100826_beam5_az064,/home/tobeornot8259748/projects/balloon_radar_project/data/raw/detection_dataset/val/Background_IQ/IQ_Data/20260204_100826_beam5_az064.mat,,,,,
val,0,20260204_100826_beam5_az181,/home/tobeornot8259748/projects/balloon_radar_project/data/raw/detection_dataset/val/Background_IQ/IQ_Data/20260204_100826_beam5_az181.mat,,,,,
val,0,20260204_100845_beam1_az010,/home/tobeornot8259748/projects/balloon_radar_project/data/raw/detection_dataset/val/Background_IQ/IQ_Data/20260204_100845_beam1_az010.mat,,,,,
val,0,20260204_100845_beam1_az046,/home/tobeornot8259748/projects/balloon_radar_project/data/raw/detection_dataset/val/Background_IQ/IQ_Data/20260204_100845_beam1_az046.mat,,,,,
val,0,20260204_100845_beam1_az163,/home/tobeornot8259748/projects/balloon_radar_project/data/raw/detection_dataset/val/Background_IQ/IQ_Data/20260204_100845_beam1_az163.mat,,,,,
val,0,20260204_100845_beam1_az235,/home/tobeornot8259748/projects/balloon_radar_project/data/raw/detection_dataset/val/Background_IQ/IQ_Data/20260204_100845_beam1_az235.mat,,,,,
val,0,20260204_100845_beam2_az028,/home/tobeornot8259748/projects/balloon_radar_project/data/raw/detection_dataset/val/Background_IQ/IQ_Data/20260204_100845_beam2_az028.mat,,,,,
val,0,20260204_100845_beam2_az073,/home/tobeornot8259748/projects/balloon_radar_project/data/raw/detection_dataset/val/Background_IQ/IQ_Data/20260204_100845_beam2_az073.mat,,,,,
val,0,20260204_100845_beam2_az127,/home/tobeornot8259748/projects/balloon_radar_project/data/raw/detection_dataset/val/Background_IQ/IQ_Data/20260204_100845_beam2_az127.mat,,,,,
val,0,20260204_100845_beam2_az154,/home/tobeornot8259748/projects/balloon_radar_project/data/raw/detection_dataset/val/Background_IQ/IQ_Data/20260204_100845_beam2_az154.mat,,,,,
val,0,20260204_100845_beam2_az181,/home/tobeornot8259748/projects/balloon_radar_project/data/raw/detection_dataset/val/Background_IQ/IQ_Data/20260204_100845_beam2_az181.mat,,,,,
val,0,20260204_100845_beam3_az028,/home/tobeornot8259748/projects/balloon_radar_project/data/raw/detection_dataset/val/Background_IQ/IQ_Data/20260204_100845_beam3_az028.mat,,,,,
val,0,20260204_100845_beam3_az082,/home/tobeornot8259748/projects/balloon_radar_project/data/raw/detection_dataset/val/Background_IQ/IQ_Data/20260204_100845_beam3_az082.mat,,,,,
val,0,20260204_100845_beam3_az100,/home/tobeornot8259748/projects/balloon_radar_project/data/raw/detection_dataset/val/Background_IQ/IQ_Data/20260204_100845_beam3_az100.mat,,,,,
val,0,20260204_100845_beam3_az118,/home/tobeornot8259748/projects/balloon_radar_project/data/raw/detection_dataset/val/Background_IQ/IQ_Data/20260204_100845_beam3_az118.mat,,,,,
val,0,20260204_100845_beam3_az154,/home/tobeornot8259748/projects/balloon_radar_project/data/raw/detection_dataset/val/Background_IQ/IQ_Data/20260204_100845_beam3_az154.mat,,,,,
val,0,20260204_100845_beam3_az199,/home/tobeornot8259748/projects/balloon_radar_project/data/raw/detection_dataset/val/Background_IQ/IQ_Data/20260204_100845_beam3_az199.mat,,,,,
val,0,20260204_100845_beam3_az208,/home/tobeornot8259748/projects/balloon_radar_project/data/raw/detection_dataset/val/Background_IQ/IQ_Data/20260204_100845_beam3_az208.mat,,,,,
val,0,20260204_100845_beam4_az082,/home/tobeornot8259748/projects/balloon_radar_project/data/raw/detection_dataset/val/Background_IQ/IQ_Data/20260204_100845_beam4_az082.mat,,,,,
val,0,20260204_100845_beam4_az190,/home/tobeornot8259748/projects/balloon_radar_project/data/raw/detection_dataset/val/Background_IQ/IQ_Data/20260204_100845_beam4_az190.mat,,,,,
val,0,20260204_100845_beam4_az217,/home/tobeornot8259748/projects/balloon_radar_project/data/raw/detection_dataset/val/Background_IQ/IQ_Data/20260204_100845_beam4_az217.mat,,,,,
val,0,20260204_100845_beam5_az046,/home/tobeornot8259748/projects/balloon_radar_project/data/raw/detection_dataset/val/Background_IQ/IQ_Data/20260204_100845_beam5_az046.mat,,,,,
val,0,20260204_100845_beam5_az091,/home/tobeornot8259748/projects/balloon_radar_project/data/raw/detection_dataset/val/Background_IQ/IQ_Data/20260204_100845_beam5_az091.mat,,,,,
val,0,20260204_100845_beam5_az163,/home/tobeornot8259748/projects/balloon_radar_project/data/raw/detection_dataset/val/Background_IQ/IQ_Data/20260204_100845_beam5_az163.mat,,,,,
val,0,20260204_100845_beam5_az181,/home/tobeornot8259748/projects/balloon_radar_project/data/raw/detection_dataset/val/Background_IQ/IQ_Data/20260204_100845_beam5_az181.mat,,,,,
val,0,20260204_100845_beam5_az244,/home/tobeornot8259748/projects/balloon_radar_project/data/raw/detection_dataset/val/Background_IQ/IQ_Data/20260204_100845_beam5_az244.mat,,,,,
val,0,20260204_100845_beam5_az253,/home/tobeornot8259748/projects/balloon_radar_project/data/raw/detection_dataset/val/Background_IQ/IQ_Data/20260204_100845_beam5_az253.mat,,,,,
val,0,20260204_100908_beam1_az019,/home/tobeornot8259748/projects/balloon_radar_project/data/raw/detection_dataset/val/Background_IQ/IQ_Data/20260204_100908_beam1_az019.mat,,,,,
val,0,20260204_100908_beam1_az037,/home/tobeornot8259748/projects/balloon_radar_project/data/raw/detection_dataset/val/Background_IQ/IQ_Data/20260204_100908_beam1_az037.mat,,,,,
val,0,20260204_100908_beam1_az172,/home/tobeornot8259748/projects/balloon_radar_project/data/raw/detection_dataset/val/Background_IQ/IQ_Data/20260204_100908_beam1_az172.mat,,,,,
val,0,20260204_100908_beam1_az199,/home/tobeornot8259748/projects/balloon_radar_project/data/raw/detection_dataset/val/Background_IQ/IQ_Data/20260204_100908_beam1_az199.mat,,,,,
val,0,20260204_100908_beam1_az226,/home/tobeornot8259748/projects/balloon_radar_project/data/raw/detection_dataset/val/Background_IQ/IQ_Data/20260204_100908_beam1_az226.mat,,,,,
val,0,20260204_100908_beam2_az064,/home/tobeornot8259748/projects/balloon_radar_project/data/raw/detection_dataset/val/Background_IQ/IQ_Data/20260204_100908_beam2_az064.mat,,,,,
val,0,20260204_100908_beam2_az199,/home/tobeornot8259748/projects/balloon_radar_project/data/raw/detection_dataset/val/Background_IQ/IQ_Data/20260204_100908_beam2_az199.mat,,,,,
val,0,20260204_100908_beam2_az235,/home/tobeornot8259748/projects/balloon_radar_project/data/raw/detection_dataset/val/Background_IQ/IQ_Data/20260204_100908_beam2_az235.mat,,,,,
val,0,20260204_100908_beam3_az046,/home/tobeornot8259748/projects/balloon_radar_project/data/raw/detection_dataset/val/Background_IQ/IQ_Data/20260204_100908_beam3_az046.mat,,,,,
val,0,20260204_100908_beam3_az100,/home/tobeornot8259748/projects/balloon_radar_project/data/raw/detection_dataset/val/Background_IQ/IQ_Data/20260204_100908_beam3_az100.mat,,,,,
val,0,20260204_100908_beam3_az109,/home/tobeornot8259748/projects/balloon_radar_project/data/raw/detection_dataset/val/Background_IQ/IQ_Data/20260204_100908_beam3_az109.mat,,,,,
val,0,20260204_100908_beam3_az145,/home/tobeornot8259748/projects/balloon_radar_project/data/raw/detection_dataset/val/Background_IQ/IQ_Data/20260204_100908_beam3_az145.mat,,,,,
val,0,20260204_100908_beam3_az190,/home/tobeornot8259748/projects/balloon_radar_project/data/raw/detection_dataset/val/Background_IQ/IQ_Data/20260204_100908_beam3_az190.mat,,,,,
val,0,20260204_100908_beam3_az199,/home/tobeornot8259748/projects/balloon_radar_project/data/raw/detection_dataset/val/Background_IQ/IQ_Data/20260204_100908_beam3_az199.mat,,,,,
val,0,20260204_100908_beam4_az019,/home/tobeornot8259748/projects/balloon_radar_project/data/raw/detection_dataset/val/Background_IQ/IQ_Data/20260204_100908_beam4_az019.mat,,,,,
val,0,20260204_100908_beam4_az091,/home/tobeornot8259748/projects/balloon_radar_project/data/raw/detection_dataset/val/Background_IQ/IQ_Data/20260204_100908_beam4_az091.mat,,,,,
val,0,20260204_100908_beam4_az100,/home/tobeornot8259748/projects/balloon_radar_project/data/raw/detection_dataset/val/Background_IQ/IQ_Data/20260204_100908_beam4_az100.mat,,,,,
val,0,20260204_100908_beam4_az109,/home/tobeornot8259748/projects/balloon_radar_project/data/raw/detection_dataset/val/Background_IQ/IQ_Data/20260204_100908_beam4_az109.mat,,,,,
val,0,20260204_100908_beam4_az163,/home/tobeornot8259748/projects/balloon_radar_project/data/raw/detection_dataset/val/Background_IQ/IQ_Data/20260204_100908_beam4_az163.mat,,,,,
val,0,20260204_100908_beam4_az181,/home/tobeornot8259748/projects/balloon_radar_project/data/raw/detection_dataset/val/Background_IQ/IQ_Data/20260204_100908_beam4_az181.mat,,,,,
val,0,20260204_100908_beam4_az262,/home/tobeornot8259748/projects/balloon_radar_project/data/raw/detection_dataset/val/Background_IQ/IQ_Data/20260204_100908_beam4_az262.mat,,,,,
val,0,20260204_100908_beam5_az028,/home/tobeornot8259748/projects/balloon_radar_project/data/raw/detection_dataset/val/Background_IQ/IQ_Data/20260204_100908_beam5_az028.mat,,,,,
val,0,20260204_100908_beam5_az046,/home/tobeornot8259748/projects/balloon_radar_project/data/raw/detection_dataset/val/Background_IQ/IQ_Data/20260204_100908_beam5_az046.mat,,,,,
val,0,20260204_100908_beam5_az073,/home/tobeornot8259748/projects/balloon_radar_project/data/raw/detection_dataset/val/Background_IQ/IQ_Data/20260204_100908_beam5_az073.mat,,,,,
val,0,20260204_100908_beam5_az154,/home/tobeornot8259748/projects/balloon_radar_project/data/raw/detection_dataset/val/Background_IQ/IQ_Data/20260204_100908_beam5_az154.mat,,,,,
val,0,20260204_100908_beam5_az199,/home/tobeornot8259748/projects/balloon_radar_project/data/raw/detection_dataset/val/Background_IQ/IQ_Data/20260204_100908_beam5_az199.mat,,,,,
val,0,20260204_100932_beam1_az019,/home/tobeornot8259748/projects/balloon_radar_project/data/raw/detection_dataset/val/Background_IQ/IQ_Data/20260204_100932_beam1_az019.mat,,,,,
val,0,20260204_100932_beam1_az046,/home/tobeornot8259748/projects/balloon_radar_project/data/raw/detection_dataset/val/Background_IQ/IQ_Data/20260204_100932_beam1_az046.mat,,,,,
val,0,20260204_100932_beam2_az019,/home/tobeornot8259748/projects/balloon_radar_project/data/raw/detection_dataset/val/Background_IQ/IQ_Data/20260204_100932_beam2_az019.mat,,,,,
val,0,20260204_100932_beam2_az037,/home/tobeornot8259748/projects/balloon_radar_project/data/raw/detection_dataset/val/Background_IQ/IQ_Data/20260204_100932_beam2_az037.mat,,,,,
val,0,20260204_100932_beam2_az154,/home/tobeornot8259748/projects/balloon_radar_project/data/raw/detection_dataset/val/Background_IQ/IQ_Data/20260204_100932_beam2_az154.mat,,,,,
val,0,20260204_100932_beam2_az172,/home/tobeornot8259748/projects/balloon_radar_project/data/raw/detection_dataset/val/Background_IQ/IQ_Data/20260204_100932_beam2_az172.mat,,,,,
val,0,20260204_100932_beam3_az082,/home/tobeornot8259748/projects/balloon_radar_project/data/raw/detection_dataset/val/Background_IQ/IQ_Data/20260204_100932_beam3_az082.mat,,,,,
val,0,20260204_100932_beam3_az181,/home/tobeornot8259748/projects/balloon_radar_project/data/raw/detection_dataset/val/Background_IQ/IQ_Data/20260204_100932_beam3_az181.mat,,,,,
val,0,20260204_100932_beam4_az055,/home/tobeornot8259748/projects/balloon_radar_project/data/raw/detection_dataset/val/Background_IQ/IQ_Data/20260204_100932_beam4_az055.mat,,,,,
val,0,20260204_100932_beam4_az073,/home/tobeornot8259748/projects/balloon_radar_project/data/raw/detection_dataset/val/Background_IQ/IQ_Data/20260204_100932_beam4_az073.mat,,,,,
val,0,20260204_100932_beam4_az100,/home/tobeornot8259748/projects/balloon_radar_project/data/raw/detection_dataset/val/Background_IQ/IQ_Data/20260204_100932_beam4_az100.mat,,,,,
val,0,20260204_100932_beam4_az118,/home/tobeornot8259748/projects/balloon_radar_project/data/raw/detection_dataset/val/Background_IQ/IQ_Data/20260204_100932_beam4_az118.mat,,,,,
val,0,20260204_100932_beam4_az127,/home/tobeornot8259748/projects/balloon_radar_project/data/raw/detection_dataset/val/Background_IQ/IQ_Data/20260204_100932_beam4_az127.mat,,,,,
val,0,20260204_100932_beam5_az019,/home/tobeornot8259748/projects/balloon_radar_project/data/raw/detection_dataset/val/Background_IQ/IQ_Data/20260204_100932_beam5_az019.mat,,,,,
val,0,20260204_100932_beam5_az028,/home/tobeornot8259748/projects/balloon_radar_project/data/raw/detection_dataset/val/Background_IQ/IQ_Data/20260204_100932_beam5_az028.mat,,,,,
val,0,20260204_100932_beam5_az082,/home/tobeornot8259748/projects/balloon_radar_project/data/raw/detection_dataset/val/Background_IQ/IQ_Data/20260204_100932_beam5_az082.mat,,,,,
val,0,20260204_100932_beam5_az127,/home/tobeornot8259748/projects/balloon_radar_project/data/raw/detection_dataset/val/Background_IQ/IQ_Data/20260204_100932_beam5_az127.mat,,,,,
val,1,20260202_144319_beam1,/home/tobeornot8259748/projects/balloon_radar_project/data/raw/detection_dataset/val/UAV_IQ/IQ_Data/20260202_144319_beam1.mat,/home/tobeornot8259748/projects/balloon_radar_project/data/raw/detection_dataset/val/UAV_IQ/Labels/20260202_144319_beam1.txt,1,311.70,2040.0,2.19
val,1,20260202_144319_beam2,/home/tobeornot8259748/projects/balloon_radar_project/data/raw/detection_dataset/val/UAV_IQ/IQ_Data/20260202_144319_beam2.mat,/home/tobeornot8259748/projects/balloon_radar_project/data/raw/detection_dataset/val/UAV_IQ/Labels/20260202_144319_beam2.txt,2,311.70,2040.0,2.19
val,1,20260202_144319_beam3,/home/tobeornot8259748/projects/balloon_radar_project/data/raw/detection_dataset/val/UAV_IQ/IQ_Data/20260202_144319_beam3.mat,/home/tobeornot8259748/projects/balloon_radar_project/data/raw/detection_dataset/val/UAV_IQ/Labels/20260202_144319_beam3.txt,3,311.70,2040.0,2.19
val,1,20260202_144319_beam4,/home/tobeornot8259748/projects/balloon_radar_project/data/raw/detection_dataset/val/UAV_IQ/IQ_Data/20260202_144319_beam4.mat,/home/tobeornot8259748/projects/balloon_radar_project/data/raw/detection_dataset/val/UAV_IQ/Labels/20260202_144319_beam4.txt,4,311.70,2040.0,2.19
val,1,20260202_144319_beam5,/home/tobeornot8259748/projects/balloon_radar_project/data/raw/detection_dataset/val/UAV_IQ/IQ_Data/20260202_144319_beam5.mat,/home/tobeornot8259748/projects/balloon_radar_project/data/raw/detection_dataset/val/UAV_IQ/Labels/20260202_144319_beam5.txt,5,311.70,2040.0,2.19
val,1,20260202_144433_beam1,/home/tobeornot8259748/projects/balloon_radar_project/data/raw/detection_dataset/val/UAV_IQ/IQ_Data/20260202_144433_beam1.mat,/home/tobeornot8259748/projects/balloon_radar_project/data/raw/detection_dataset/val/UAV_IQ/Labels/20260202_144433_beam1.txt,1,310.71,1950.0,-4.20
val,1,20260202_144433_beam2,/home/tobeornot8259748/projects/balloon_radar_project/data/raw/detection_dataset/val/UAV_IQ/IQ_Data/20260202_144433_beam2.mat,/home/tobeornot8259748/projects/balloon_radar_project/data/raw/detection_dataset/val/UAV_IQ/Labels/20260202_144433_beam2.txt,2,310.71,1950.0,-4.20
val,1,20260202_144433_beam3,/home/tobeornot8259748/projects/balloon_radar_project/data/raw/detection_dataset/val/UAV_IQ/IQ_Data/20260202_144433_beam3.mat,/home/tobeornot8259748/projects/balloon_radar_project/data/raw/detection_dataset/val/UAV_IQ/Labels/20260202_144433_beam3.txt,3,310.71,1950.0,-4.20
val,1,20260202_144433_beam4,/home/tobeornot8259748/projects/balloon_radar_project/data/raw/detection_dataset/val/UAV_IQ/IQ_Data/20260202_144433_beam4.mat,/home/tobeornot8259748/projects/balloon_radar_project/data/raw/detection_dataset/val/UAV_IQ/Labels/20260202_144433_beam4.txt,4,310.71,1950.0,-4.20
val,1,20260202_144433_beam5,/home/tobeornot8259748/projects/balloon_radar_project/data/raw/detection_dataset/val/UAV_IQ/IQ_Data/20260202_144433_beam5.mat,/home/tobeornot8259748/projects/balloon_radar_project/data/raw/detection_dataset/val/UAV_IQ/Labels/20260202_144433_beam5.txt,5,311.70,1950.0,-4.20
val,1,20260202_144816_beam1,/home/tobeornot8259748/projects/balloon_radar_project/data/raw/detection_dataset/val/UAV_IQ/IQ_Data/20260202_144816_beam1.mat,/home/tobeornot8259748/projects/balloon_radar_project/data/raw/detection_dataset/val/UAV_IQ/Labels/20260202_144816_beam1.txt,1,311.14,2040.0,2.56
val,1,20260202_144816_beam2,/home/tobeornot8259748/projects/balloon_radar_project/data/raw/detection_dataset/val/UAV_IQ/IQ_Data/20260202_144816_beam2.mat,/home/tobeornot8259748/projects/balloon_radar_project/data/raw/detection_dataset/val/UAV_IQ/Labels/20260202_144816_beam2.txt,2,310.14,2010.0,2.56
val,1,20260202_144816_beam3,/home/tobeornot8259748/projects/balloon_radar_project/data/raw/detection_dataset/val/UAV_IQ/IQ_Data/20260202_144816_beam3.mat,/home/tobeornot8259748/projects/balloon_radar_project/data/raw/detection_dataset/val/UAV_IQ/Labels/20260202_144816_beam3.txt,3,311.14,2040.0,2.56
val,1,20260202_144816_beam4,/home/tobeornot8259748/projects/balloon_radar_project/data/raw/detection_dataset/val/UAV_IQ/IQ_Data/20260202_144816_beam4.mat,/home/tobeornot8259748/projects/balloon_radar_project/data/raw/detection_dataset/val/UAV_IQ/Labels/20260202_144816_beam4.txt,4,311.14,2010.0,2.56
val,1,20260202_144816_beam5,/home/tobeornot8259748/projects/balloon_radar_project/data/raw/detection_dataset/val/UAV_IQ/IQ_Data/20260202_144816_beam5.mat,/home/tobeornot8259748/projects/balloon_radar_project/data/raw/detection_dataset/val/UAV_IQ/Labels/20260202_144816_beam5.txt,5,311.14,2010.0,2.56
val,1,20260202_144906_beam1,/home/tobeornot8259748/projects/balloon_radar_project/data/raw/detection_dataset/val/UAV_IQ/IQ_Data/20260202_144906_beam1.mat,/home/tobeornot8259748/projects/balloon_radar_project/data/raw/detection_dataset/val/UAV_IQ/Labels/20260202_144906_beam1.txt,1,310.47,2130.0,-5.66
val,1,20260202_144906_beam2,/home/tobeornot8259748/projects/balloon_radar_project/data/raw/detection_dataset/val/UAV_IQ/IQ_Data/20260202_144906_beam2.mat,/home/tobeornot8259748/projects/balloon_radar_project/data/raw/detection_dataset/val/UAV_IQ/Labels/20260202_144906_beam2.txt,2,310.47,2130.0,-5.66
val,1,20260202_144906_beam3,/home/tobeornot8259748/projects/balloon_radar_project/data/raw/detection_dataset/val/UAV_IQ/IQ_Data/20260202_144906_beam3.mat,/home/tobeornot8259748/projects/balloon_radar_project/data/raw/detection_dataset/val/UAV_IQ/Labels/20260202_144906_beam3.txt,3,310.47,2130.0,-5.66
val,1,20260202_144906_beam4,/home/tobeornot8259748/projects/balloon_radar_project/data/raw/detection_dataset/val/UAV_IQ/IQ_Data/20260202_144906_beam4.mat,/home/tobeornot8259748/projects/balloon_radar_project/data/raw/detection_dataset/val/UAV_IQ/Labels/20260202_144906_beam4.txt,4,310.47,2130.0,-5.66
val,1,20260202_144931_beam1,/home/tobeornot8259748/projects/balloon_radar_project/data/raw/detection_dataset/val/UAV_IQ/IQ_Data/20260202_144931_beam1.mat,/home/tobeornot8259748/projects/balloon_radar_project/data/raw/detection_dataset/val/UAV_IQ/Labels/20260202_144931_beam1.txt,1,311.92,2040.0,-4.75
val,1,20260202_144931_beam2,/home/tobeornot8259748/projects/balloon_radar_project/data/raw/detection_dataset/val/UAV_IQ/IQ_Data/20260202_144931_beam2.mat,/home/tobeornot8259748/projects/balloon_radar_project/data/raw/detection_dataset/val/UAV_IQ/Labels/20260202_144931_beam2.txt,2,311.92,2040.0,-4.75
val,1,20260202_144931_beam3,/home/tobeornot8259748/projects/balloon_radar_project/data/raw/detection_dataset/val/UAV_IQ/IQ_Data/20260202_144931_beam3.mat,/home/tobeornot8259748/projects/balloon_radar_project/data/raw/detection_dataset/val/UAV_IQ/Labels/20260202_144931_beam3.txt,3,310.94,2010.0,-4.75
val,1,20260202_144931_beam4,/home/tobeornot8259748/projects/balloon_radar_project/data/raw/detection_dataset/val/UAV_IQ/IQ_Data/20260202_144931_beam4.mat,/home/tobeornot8259748/projects/balloon_radar_project/data/raw/detection_dataset/val/UAV_IQ/Labels/20260202_144931_beam4.txt,4,311.92,2040.0,-4.75
val,1,20260202_145004_beam1,/home/tobeornot8259748/projects/balloon_radar_project/data/raw/detection_dataset/val/UAV_IQ/IQ_Data/20260202_145004_beam1.mat,/home/tobeornot8259748/projects/balloon_radar_project/data/raw/detection_dataset/val/UAV_IQ/Labels/20260202_145004_beam1.txt,1,312.92,2130.0,5.30
val,1,20260202_145004_beam2,/home/tobeornot8259748/projects/balloon_radar_project/data/raw/detection_dataset/val/UAV_IQ/IQ_Data/20260202_145004_beam2.mat,/home/tobeornot8259748/projects/balloon_radar_project/data/raw/detection_dataset/val/UAV_IQ/Labels/20260202_145004_beam2.txt,2,311.90,2130.0,5.30
val,1,20260202_145004_beam3,/home/tobeornot8259748/projects/balloon_radar_project/data/raw/detection_dataset/val/UAV_IQ/IQ_Data/20260202_145004_beam3.mat,/home/tobeornot8259748/projects/balloon_radar_project/data/raw/detection_dataset/val/UAV_IQ/Labels/20260202_145004_beam3.txt,3,311.90,2130.0,5.30
val,1,20260202_145004_beam4,/home/tobeornot8259748/projects/balloon_radar_project/data/raw/detection_dataset/val/UAV_IQ/IQ_Data/20260202_145004_beam4.mat,/home/tobeornot8259748/projects/balloon_radar_project/data/raw/detection_dataset/val/UAV_IQ/Labels/20260202_145004_beam4.txt,4,312.92,2130.0,5.30
val,1,20260202_145208_beam1,/home/tobeornot8259748/projects/balloon_radar_project/data/raw/detection_dataset/val/UAV_IQ/IQ_Data/20260202_145208_beam1.mat,/home/tobeornot8259748/projects/balloon_radar_project/data/raw/detection_dataset/val/UAV_IQ/Labels/20260202_145208_beam1.txt,1,311.45,2160.0,-4.02
val,1,20260202_145208_beam2,/home/tobeornot8259748/projects/balloon_radar_project/data/raw/detection_dataset/val/UAV_IQ/IQ_Data/20260202_145208_beam2.mat,/home/tobeornot8259748/projects/balloon_radar_project/data/raw/detection_dataset/val/UAV_IQ/Labels/20260202_145208_beam2.txt,2,311.45,2160.0,-3.84
val,1,20260202_145208_beam3,/home/tobeornot8259748/projects/balloon_radar_project/data/raw/detection_dataset/val/UAV_IQ/IQ_Data/20260202_145208_beam3.mat,/home/tobeornot8259748/projects/balloon_radar_project/data/raw/detection_dataset/val/UAV_IQ/Labels/20260202_145208_beam3.txt,3,311.45,2160.0,-3.84
val,1,20260202_145208_beam4,/home/tobeornot8259748/projects/balloon_radar_project/data/raw/detection_dataset/val/UAV_IQ/IQ_Data/20260202_145208_beam4.mat,/home/tobeornot8259748/projects/balloon_radar_project/data/raw/detection_dataset/val/UAV_IQ/Labels/20260202_145208_beam4.txt,4,311.45,2160.0,-3.84
val,1,20260202_145738_beam1,/home/tobeornot8259748/projects/balloon_radar_project/data/raw/detection_dataset/val/UAV_IQ/IQ_Data/20260202_145738_beam1.mat,/home/tobeornot8259748/projects/balloon_radar_project/data/raw/detection_dataset/val/UAV_IQ/Labels/20260202_145738_beam1.txt,1,311.96,2040.0,-5.85
val,1,20260202_145738_beam2,/home/tobeornot8259748/projects/balloon_radar_project/data/raw/detection_dataset/val/UAV_IQ/IQ_Data/20260202_145738_beam2.mat,/home/tobeornot8259748/projects/balloon_radar_project/data/raw/detection_dataset/val/UAV_IQ/Labels/20260202_145738_beam2.txt,2,311.96,2040.0,-5.85
val,1,20260202_145738_beam3,/home/tobeornot8259748/projects/balloon_radar_project/data/raw/detection_dataset/val/UAV_IQ/IQ_Data/20260202_145738_beam3.mat,/home/tobeornot8259748/projects/balloon_radar_project/data/raw/detection_dataset/val/UAV_IQ/Labels/20260202_145738_beam3.txt,3,311.96,2040.0,-5.85
val,1,20260202_145738_beam4,/home/tobeornot8259748/projects/balloon_radar_project/data/raw/detection_dataset/val/UAV_IQ/IQ_Data/20260202_145738_beam4.mat,/home/tobeornot8259748/projects/balloon_radar_project/data/raw/detection_dataset/val/UAV_IQ/Labels/20260202_145738_beam4.txt,4,311.96,2040.0,-5.85
val,1,20260202_145738_beam5,/home/tobeornot8259748/projects/balloon_radar_project/data/raw/detection_dataset/val/UAV_IQ/IQ_Data/20260202_145738_beam5.mat,/home/tobeornot8259748/projects/balloon_radar_project/data/raw/detection_dataset/val/UAV_IQ/Labels/20260202_145738_beam5.txt,5,311.96,2040.0,-5.85
val,1,20260202_145819_beam1,/home/tobeornot8259748/projects/balloon_radar_project/data/raw/detection_dataset/val/UAV_IQ/IQ_Data/20260202_145819_beam1.mat,/home/tobeornot8259748/projects/balloon_radar_project/data/raw/detection_dataset/val/UAV_IQ/Labels/20260202_145819_beam1.txt,1,311.56,2010.0,6.03
val,1,20260202_145819_beam2,/home/tobeornot8259748/projects/balloon_radar_project/data/raw/detection_dataset/val/UAV_IQ/IQ_Data/20260202_145819_beam2.mat,/home/tobeornot8259748/projects/balloon_radar_project/data/raw/detection_dataset/val/UAV_IQ/Labels/20260202_145819_beam2.txt,2,312.55,2010.0,6.03
val,1,20260202_145819_beam3,/home/tobeornot8259748/projects/balloon_radar_project/data/raw/detection_dataset/val/UAV_IQ/IQ_Data/20260202_145819_beam3.mat,/home/tobeornot8259748/projects/balloon_radar_project/data/raw/detection_dataset/val/UAV_IQ/Labels/20260202_145819_beam3.txt,3,311.56,1980.0,6.03
val,1,20260202_145819_beam4,/home/tobeornot8259748/projects/balloon_radar_project/data/raw/detection_dataset/val/UAV_IQ/IQ_Data/20260202_145819_beam4.mat,/home/tobeornot8259748/projects/balloon_radar_project/data/raw/detection_dataset/val/UAV_IQ/Labels/20260202_145819_beam4.txt,4,312.55,1980.0,6.03
val,1,20260202_145819_beam5,/home/tobeornot8259748/projects/balloon_radar_project/data/raw/detection_dataset/val/UAV_IQ/IQ_Data/20260202_145819_beam5.mat,/home/tobeornot8259748/projects/balloon_radar_project/data/raw/detection_dataset/val/UAV_IQ/Labels/20260202_145819_beam5.txt,5,312.55,2010.0,6.03
val,1,20260202_145836_beam1,/home/tobeornot8259748/projects/balloon_radar_project/data/raw/detection_dataset/val/UAV_IQ/IQ_Data/20260202_145836_beam1.mat,/home/tobeornot8259748/projects/balloon_radar_project/data/raw/detection_dataset/val/UAV_IQ/Labels/20260202_145836_beam1.txt,1,311.96,2100.0,3.65
val,1,20260202_145836_beam2,/home/tobeornot8259748/projects/balloon_radar_project/data/raw/detection_dataset/val/UAV_IQ/IQ_Data/20260202_145836_beam2.mat,/home/tobeornot8259748/projects/balloon_radar_project/data/raw/detection_dataset/val/UAV_IQ/Labels/20260202_145836_beam2.txt,2,311.96,2100.0,3.84
val,1,20260202_145836_beam3,/home/tobeornot8259748/projects/balloon_radar_project/data/raw/detection_dataset/val/UAV_IQ/IQ_Data/20260202_145836_beam3.mat,/home/tobeornot8259748/projects/balloon_radar_project/data/raw/detection_dataset/val/UAV_IQ/Labels/20260202_145836_beam3.txt,3,311.96,2070.0,3.84
val,1,20260202_145836_beam4,/home/tobeornot8259748/projects/balloon_radar_project/data/raw/detection_dataset/val/UAV_IQ/IQ_Data/20260202_145836_beam4.mat,/home/tobeornot8259748/projects/balloon_radar_project/data/raw/detection_dataset/val/UAV_IQ/Labels/20260202_145836_beam4.txt,4,312.95,2070.0,4.20
val,1,20260202_145836_beam5,/home/tobeornot8259748/projects/balloon_radar_project/data/raw/detection_dataset/val/UAV_IQ/IQ_Data/20260202_145836_beam5.mat,/home/tobeornot8259748/projects/balloon_radar_project/data/raw/detection_dataset/val/UAV_IQ/Labels/20260202_145836_beam5.txt,5,311.96,2100.0,3.84
test,0,20260204_100739_beam1_az001,/home/tobeornot8259748/projects/balloon_radar_project/data/raw/detection_dataset/test/Background_IQ/IQ_Data/20260204_100739_beam1_az001.mat,,,,,
test,0,20260204_100739_beam1_az028,/home/tobeornot8259748/projects/balloon_radar_project/data/raw/detection_dataset/test/Background_IQ/IQ_Data/20260204_100739_beam1_az028.mat,,,,,
test,0,20260204_100739_beam1_az100,/home/tobeornot8259748/projects/balloon_radar_project/data/raw/detection_dataset/test/Background_IQ/IQ_Data/20260204_100739_beam1_az100.mat,,,,,
test,0,20260204_100739_beam1_az172,/home/tobeornot8259748/projects/balloon_radar_project/data/raw/detection_dataset/test/Background_IQ/IQ_Data/20260204_100739_beam1_az172.mat,,,,,
test,0,20260204_100739_beam2_az019,/home/tobeornot8259748/projects/balloon_radar_project/data/raw/detection_dataset/test/Background_IQ/IQ_Data/20260204_100739_beam2_az019.mat,,,,,
test,0,20260204_100739_beam2_az163,/home/tobeornot8259748/projects/balloon_radar_project/data/raw/detection_dataset/test/Background_IQ/IQ_Data/20260204_100739_beam2_az163.mat,,,,,
test,0,20260204_100739_beam2_az244,/home/tobeornot8259748/projects/balloon_radar_project/data/raw/detection_dataset/test/Background_IQ/IQ_Data/20260204_100739_beam2_az244.mat,,,,,
test,0,20260204_100739_beam2_az262,/home/tobeornot8259748/projects/balloon_radar_project/data/raw/detection_dataset/test/Background_IQ/IQ_Data/20260204_100739_beam2_az262.mat,,,,,
test,0,20260204_100739_beam3_az046,/home/tobeornot8259748/projects/balloon_radar_project/data/raw/detection_dataset/test/Background_IQ/IQ_Data/20260204_100739_beam3_az046.mat,,,,,
test,0,20260204_100739_beam3_az064,/home/tobeornot8259748/projects/balloon_radar_project/data/raw/detection_dataset/test/Background_IQ/IQ_Data/20260204_100739_beam3_az064.mat,,,,,
test,0,20260204_100739_beam3_az118,/home/tobeornot8259748/projects/balloon_radar_project/data/raw/detection_dataset/test/Background_IQ/IQ_Data/20260204_100739_beam3_az118.mat,,,,,
test,0,20260204_100739_beam4_az028,/home/tobeornot8259748/projects/balloon_radar_project/data/raw/detection_dataset/test/Background_IQ/IQ_Data/20260204_100739_beam4_az028.mat,,,,,
test,0,20260204_100739_beam4_az163,/home/tobeornot8259748/projects/balloon_radar_project/data/raw/detection_dataset/test/Background_IQ/IQ_Data/20260204_100739_beam4_az163.mat,,,,,
test,0,20260204_100739_beam4_az199,/home/tobeornot8259748/projects/balloon_radar_project/data/raw/detection_dataset/test/Background_IQ/IQ_Data/20260204_100739_beam4_az199.mat,,,,,
test,0,20260204_100739_beam4_az217,/home/tobeornot8259748/projects/balloon_radar_project/data/raw/detection_dataset/test/Background_IQ/IQ_Data/20260204_100739_beam4_az217.mat,,,,,
test,0,20260204_100739_beam4_az244,/home/tobeornot8259748/projects/balloon_radar_project/data/raw/detection_dataset/test/Background_IQ/IQ_Data/20260204_100739_beam4_az244.mat,,,,,
test,0,20260204_100739_beam5_az190,/home/tobeornot8259748/projects/balloon_radar_project/data/raw/detection_dataset/test/Background_IQ/IQ_Data/20260204_100739_beam5_az190.mat,,,,,
test,0,20260204_100739_beam5_az199,/home/tobeornot8259748/projects/balloon_radar_project/data/raw/detection_dataset/test/Background_IQ/IQ_Data/20260204_100739_beam5_az199.mat,,,,,
test,0,20260204_100739_beam5_az235,/home/tobeornot8259748/projects/balloon_radar_project/data/raw/detection_dataset/test/Background_IQ/IQ_Data/20260204_100739_beam5_az235.mat,,,,,
test,0,20260204_100802_beam1_az055,/home/tobeornot8259748/projects/balloon_radar_project/data/raw/detection_dataset/test/Background_IQ/IQ_Data/20260204_100802_beam1_az055.mat,,,,,
test,0,20260204_100802_beam1_az100,/home/tobeornot8259748/projects/balloon_radar_project/data/raw/detection_dataset/test/Background_IQ/IQ_Data/20260204_100802_beam1_az100.mat,,,,,
test,0,20260204_100802_beam1_az118,/home/tobeornot8259748/projects/balloon_radar_project/data/raw/detection_dataset/test/Background_IQ/IQ_Data/20260204_100802_beam1_az118.mat,,,,,
test,0,20260204_100802_beam1_az136,/home/tobeornot8259748/projects/balloon_radar_project/data/raw/detection_dataset/test/Background_IQ/IQ_Data/20260204_100802_beam1_az136.mat,,,,,
test,0,20260204_100802_beam1_az145,/home/tobeornot8259748/projects/balloon_radar_project/data/raw/detection_dataset/test/Background_IQ/IQ_Data/20260204_100802_beam1_az145.mat,,,,,
test,0,20260204_100802_beam1_az154,/home/tobeornot8259748/projects/balloon_radar_project/data/raw/detection_dataset/test/Background_IQ/IQ_Data/20260204_100802_beam1_az154.mat,,,,,
test,0,20260204_100802_beam1_az226,/home/tobeornot8259748/projects/balloon_radar_project/data/raw/detection_dataset/test/Background_IQ/IQ_Data/20260204_100802_beam1_az226.mat,,,,,
test,0,20260204_100802_beam2_az019,/home/tobeornot8259748/projects/balloon_radar_project/data/raw/detection_dataset/test/Background_IQ/IQ_Data/20260204_100802_beam2_az019.mat,,,,,
test,0,20260204_100802_beam2_az208,/home/tobeornot8259748/projects/balloon_radar_project/data/raw/detection_dataset/test/Background_IQ/IQ_Data/20260204_100802_beam2_az208.mat,,,,,
test,0,20260204_100802_beam3_az037,/home/tobeornot8259748/projects/balloon_radar_project/data/raw/detection_dataset/test/Background_IQ/IQ_Data/20260204_100802_beam3_az037.mat,,,,,
test,0,20260204_100802_beam3_az055,/home/tobeornot8259748/projects/balloon_radar_project/data/raw/detection_dataset/test/Background_IQ/IQ_Data/20260204_100802_beam3_az055.mat,,,,,
test,0,20260204_100802_beam3_az064,/home/tobeornot8259748/projects/balloon_radar_project/data/raw/detection_dataset/test/Background_IQ/IQ_Data/20260204_100802_beam3_az064.mat,,,,,
test,0,20260204_100802_beam3_az127,/home/tobeornot8259748/projects/balloon_radar_project/data/raw/detection_dataset/test/Background_IQ/IQ_Data/20260204_100802_beam3_az127.mat,,,,,
test,0,20260204_100802_beam3_az217,/home/tobeornot8259748/projects/balloon_radar_project/data/raw/detection_dataset/test/Background_IQ/IQ_Data/20260204_100802_beam3_az217.mat,,,,,
test,0,20260204_100802_beam4_az046,/home/tobeornot8259748/projects/balloon_radar_project/data/raw/detection_dataset/test/Background_IQ/IQ_Data/20260204_100802_beam4_az046.mat,,,,,
test,0,20260204_100802_beam4_az055,/home/tobeornot8259748/projects/balloon_radar_project/data/raw/detection_dataset/test/Background_IQ/IQ_Data/20260204_100802_beam4_az055.mat,,,,,
test,0,20260204_100802_beam4_az091,/home/tobeornot8259748/projects/balloon_radar_project/data/raw/detection_dataset/test/Background_IQ/IQ_Data/20260204_100802_beam4_az091.mat,,,,,
test,0,20260204_100802_beam4_az109,/home/tobeornot8259748/projects/balloon_radar_project/data/raw/detection_dataset/test/Background_IQ/IQ_Data/20260204_100802_beam4_az109.mat,,,,,
test,0,20260204_100802_beam4_az154,/home/tobeornot8259748/projects/balloon_radar_project/data/raw/detection_dataset/test/Background_IQ/IQ_Data/20260204_100802_beam4_az154.mat,,,,,
test,0,20260204_100802_beam4_az262,/home/tobeornot8259748/projects/balloon_radar_project/data/raw/detection_dataset/test/Background_IQ/IQ_Data/20260204_100802_beam4_az262.mat,,,,,
test,0,20260204_100802_beam5_az010,/home/tobeornot8259748/projects/balloon_radar_project/data/raw/detection_dataset/test/Background_IQ/IQ_Data/20260204_100802_beam5_az010.mat,,,,,
test,0,20260204_100802_beam5_az028,/home/tobeornot8259748/projects/balloon_radar_project/data/raw/detection_dataset/test/Background_IQ/IQ_Data/20260204_100802_beam5_az028.mat,,,,,
test,0,20260204_100802_beam5_az037,/home/tobeornot8259748/projects/balloon_radar_project/data/raw/detection_dataset/test/Background_IQ/IQ_Data/20260204_100802_beam5_az037.mat,,,,,
test,0,20260204_100802_beam5_az055,/home/tobeornot8259748/projects/balloon_radar_project/data/raw/detection_dataset/test/Background_IQ/IQ_Data/20260204_100802_beam5_az055.mat,,,,,
test,0,20260204_100826_beam1_az001,/home/tobeornot8259748/projects/balloon_radar_project/data/raw/detection_dataset/test/Background_IQ/IQ_Data/20260204_100826_beam1_az001.mat,,,,,
test,0,20260204_100826_beam1_az046,/home/tobeornot8259748/projects/balloon_radar_project/data/raw/detection_dataset/test/Background_IQ/IQ_Data/20260204_100826_beam1_az046.mat,,,,,
test,0,20260204_100826_beam1_az127,/home/tobeornot8259748/projects/balloon_radar_project/data/raw/detection_dataset/test/Background_IQ/IQ_Data/20260204_100826_beam1_az127.mat,,,,,
test,0,20260204_100826_beam1_az199,/home/tobeornot8259748/projects/balloon_radar_project/data/raw/detection_dataset/test/Background_IQ/IQ_Data/20260204_100826_beam1_az199.mat,,,,,
test,0,20260204_100826_beam2_az001,/home/tobeornot8259748/projects/balloon_radar_project/data/raw/detection_dataset/test/Background_IQ/IQ_Data/20260204_100826_beam2_az001.mat,,,,,
test,0,20260204_100826_beam2_az073,/home/tobeornot8259748/projects/balloon_radar_project/data/raw/detection_dataset/test/Background_IQ/IQ_Data/20260204_100826_beam2_az073.mat,,,,,
test,0,20260204_100826_beam2_az082,/home/tobeornot8259748/projects/balloon_radar_project/data/raw/detection_dataset/test/Background_IQ/IQ_Data/20260204_100826_beam2_az082.mat,,,,,
test,0,20260204_100826_beam3_az019,/home/tobeornot8259748/projects/balloon_radar_project/data/raw/detection_dataset/test/Background_IQ/IQ_Data/20260204_100826_beam3_az019.mat,,,,,
test,0,20260204_100826_beam3_az154,/home/tobeornot8259748/projects/balloon_radar_project/data/raw/detection_dataset/test/Background_IQ/IQ_Data/20260204_100826_beam3_az154.mat,,,,,
test,0,20260204_100826_beam4_az010,/home/tobeornot8259748/projects/balloon_radar_project/data/raw/detection_dataset/test/Background_IQ/IQ_Data/20260204_100826_beam4_az010.mat,,,,,
test,0,20260204_100826_beam4_az019,/home/tobeornot8259748/projects/balloon_radar_project/data/raw/detection_dataset/test/Background_IQ/IQ_Data/20260204_100826_beam4_az019.mat,,,,,
test,0,20260204_100826_beam4_az037,/home/tobeornot8259748/projects/balloon_radar_project/data/raw/detection_dataset/test/Background_IQ/IQ_Data/20260204_100826_beam4_az037.mat,,,,,
test,0,20260204_100826_beam4_az091,/home/tobeornot8259748/projects/balloon_radar_project/data/raw/detection_dataset/test/Background_IQ/IQ_Data/20260204_100826_beam4_az091.mat,,,,,
test,0,20260204_100826_beam4_az118,/home/tobeornot8259748/projects/balloon_radar_project/data/raw/detection_dataset/test/Background_IQ/IQ_Data/20260204_100826_beam4_az118.mat,,,,,
test,0,20260204_100826_beam4_az172,/home/tobeornot8259748/projects/balloon_radar_project/data/raw/detection_dataset/test/Background_IQ/IQ_Data/20260204_100826_beam4_az172.mat,,,,,
test,0,20260204_100826_beam4_az190,/home/tobeornot8259748/projects/balloon_radar_project/data/raw/detection_dataset/test/Background_IQ/IQ_Data/20260204_100826_beam4_az190.mat,,,,,
test,0,20260204_100826_beam5_az019,/home/tobeornot8259748/projects/balloon_radar_project/data/raw/detection_dataset/test/Background_IQ/IQ_Data/20260204_100826_beam5_az019.mat,,,,,
test,0,20260204_100826_beam5_az118,/home/tobeornot8259748/projects/balloon_radar_project/data/raw/detection_dataset/test/Background_IQ/IQ_Data/20260204_100826_beam5_az118.mat,,,,,
test,0,20260204_100826_beam5_az145,/home/tobeornot8259748/projects/balloon_radar_project/data/raw/detection_dataset/test/Background_IQ/IQ_Data/20260204_100826_beam5_az145.mat,,,,,
test,0,20260204_100826_beam5_az163,/home/tobeornot8259748/projects/balloon_radar_project/data/raw/detection_dataset/test/Background_IQ/IQ_Data/20260204_100826_beam5_az163.mat,,,,,
test,0,20260204_100845_beam1_az154,/home/tobeornot8259748/projects/balloon_radar_project/data/raw/detection_dataset/test/Background_IQ/IQ_Data/20260204_100845_beam1_az154.mat,,,,,
test,0,20260204_100845_beam1_az208,/home/tobeornot8259748/projects/balloon_radar_project/data/raw/detection_dataset/test/Background_IQ/IQ_Data/20260204_100845_beam1_az208.mat,,,,,
test,0,20260204_100845_beam2_az001,/home/tobeornot8259748/projects/balloon_radar_project/data/raw/detection_dataset/test/Background_IQ/IQ_Data/20260204_100845_beam2_az001.mat,,,,,
test,0,20260204_100845_beam2_az172,/home/tobeornot8259748/projects/balloon_radar_project/data/raw/detection_dataset/test/Background_IQ/IQ_Data/20260204_100845_beam2_az172.mat,,,,,
test,0,20260204_100845_beam2_az217,/home/tobeornot8259748/projects/balloon_radar_project/data/raw/detection_dataset/test/Background_IQ/IQ_Data/20260204_100845_beam2_az217.mat,,,,,
test,0,20260204_100845_beam2_az253,/home/tobeornot8259748/projects/balloon_radar_project/data/raw/detection_dataset/test/Background_IQ/IQ_Data/20260204_100845_beam2_az253.mat,,,,,
test,0,20260204_100845_beam3_az037,/home/tobeornot8259748/projects/balloon_radar_project/data/raw/detection_dataset/test/Background_IQ/IQ_Data/20260204_100845_beam3_az037.mat,,,,,
test,0,20260204_100845_beam3_az226,/home/tobeornot8259748/projects/balloon_radar_project/data/raw/detection_dataset/test/Background_IQ/IQ_Data/20260204_100845_beam3_az226.mat,,,,,
test,0,20260204_100845_beam4_az001,/home/tobeornot8259748/projects/balloon_radar_project/data/raw/detection_dataset/test/Background_IQ/IQ_Data/20260204_100845_beam4_az001.mat,,,,,
test,0,20260204_100845_beam4_az055,/home/tobeornot8259748/projects/balloon_radar_project/data/raw/detection_dataset/test/Background_IQ/IQ_Data/20260204_100845_beam4_az055.mat,,,,,
test,0,20260204_100845_beam4_az064,/home/tobeornot8259748/projects/balloon_radar_project/data/raw/detection_dataset/test/Background_IQ/IQ_Data/20260204_100845_beam4_az064.mat,,,,,
test,0,20260204_100845_beam4_az127,/home/tobeornot8259748/projects/balloon_radar_project/data/raw/detection_dataset/test/Background_IQ/IQ_Data/20260204_100845_beam4_az127.mat,,,,,
test,0,20260204_100845_beam4_az145,/home/tobeornot8259748/projects/balloon_radar_project/data/raw/detection_dataset/test/Background_IQ/IQ_Data/20260204_100845_beam4_az145.mat,,,,,
test,0,20260204_100845_beam5_az055,/home/tobeornot8259748/projects/balloon_radar_project/data/raw/detection_dataset/test/Background_IQ/IQ_Data/20260204_100845_beam5_az055.mat,,,,,
test,0,20260204_100845_beam5_az073,/home/tobeornot8259748/projects/balloon_radar_project/data/raw/detection_dataset/test/Background_IQ/IQ_Data/20260204_100845_beam5_az073.mat,,,,,
test,0,20260204_100845_beam5_az100,/home/tobeornot8259748/projects/balloon_radar_project/data/raw/detection_dataset/test/Background_IQ/IQ_Data/20260204_100845_beam5_az100.mat,,,,,
test,0,20260204_100845_beam5_az127,/home/tobeornot8259748/projects/balloon_radar_project/data/raw/detection_dataset/test/Background_IQ/IQ_Data/20260204_100845_beam5_az127.mat,,,,,
test,0,20260204_100845_beam5_az145,/home/tobeornot8259748/projects/balloon_radar_project/data/raw/detection_dataset/test/Background_IQ/IQ_Data/20260204_100845_beam5_az145.mat,,,,,
test,0,20260204_100845_beam5_az154,/home/tobeornot8259748/projects/balloon_radar_project/data/raw/detection_dataset/test/Background_IQ/IQ_Data/20260204_100845_beam5_az154.mat,,,,,
test,0,20260204_100908_beam1_az010,/home/tobeornot8259748/projects/balloon_radar_project/data/raw/detection_dataset/test/Background_IQ/IQ_Data/20260204_100908_beam1_az010.mat,,,,,
test,0,20260204_100908_beam1_az046,/home/tobeornot8259748/projects/balloon_radar_project/data/raw/detection_dataset/test/Background_IQ/IQ_Data/20260204_100908_beam1_az046.mat,,,,,
test,0,20260204_100908_beam1_az082,/home/tobeornot8259748/projects/balloon_radar_project/data/raw/detection_dataset/test/Background_IQ/IQ_Data/20260204_100908_beam1_az082.mat,,,,,
test,0,20260204_100908_beam1_az136,/home/tobeornot8259748/projects/balloon_radar_project/data/raw/detection_dataset/test/Background_IQ/IQ_Data/20260204_100908_beam1_az136.mat,,,,,
test,0,20260204_100908_beam2_az019,/home/tobeornot8259748/projects/balloon_radar_project/data/raw/detection_dataset/test/Background_IQ/IQ_Data/20260204_100908_beam2_az019.mat,,,,,
test,0,20260204_100908_beam2_az028,/home/tobeornot8259748/projects/balloon_radar_project/data/raw/detection_dataset/test/Background_IQ/IQ_Data/20260204_100908_beam2_az028.mat,,,,,
test,0,20260204_100908_beam2_az136,/home/tobeornot8259748/projects/balloon_radar_project/data/raw/detection_dataset/test/Background_IQ/IQ_Data/20260204_100908_beam2_az136.mat,,,,,
test,0,20260204_100908_beam2_az163,/home/tobeornot8259748/projects/balloon_radar_project/data/raw/detection_dataset/test/Background_IQ/IQ_Data/20260204_100908_beam2_az163.mat,,,,,
test,0,20260204_100908_beam2_az253,/home/tobeornot8259748/projects/balloon_radar_project/data/raw/detection_dataset/test/Background_IQ/IQ_Data/20260204_100908_beam2_az253.mat,,,,,
test,0,20260204_100908_beam3_az136,/home/tobeornot8259748/projects/balloon_radar_project/data/raw/detection_dataset/test/Background_IQ/IQ_Data/20260204_100908_beam3_az136.mat,,,,,
test,0,20260204_100908_beam3_az154,/home/tobeornot8259748/projects/balloon_radar_project/data/raw/detection_dataset/test/Background_IQ/IQ_Data/20260204_100908_beam3_az154.mat,,,,,
test,0,20260204_100908_beam3_az226,/home/tobeornot8259748/projects/balloon_radar_project/data/raw/detection_dataset/test/Background_IQ/IQ_Data/20260204_100908_beam3_az226.mat,,,,,
test,0,20260204_100908_beam3_az262,/home/tobeornot8259748/projects/balloon_radar_project/data/raw/detection_dataset/test/Background_IQ/IQ_Data/20260204_100908_beam3_az262.mat,,,,,
test,0,20260204_100908_beam4_az001,/home/tobeornot8259748/projects/balloon_radar_project/data/raw/detection_dataset/test/Background_IQ/IQ_Data/20260204_100908_beam4_az001.mat,,,,,
test,0,20260204_100908_beam4_az010,/home/tobeornot8259748/projects/balloon_radar_project/data/raw/detection_dataset/test/Background_IQ/IQ_Data/20260204_100908_beam4_az010.mat,,,,,
test,0,20260204_100908_beam4_az028,/home/tobeornot8259748/projects/balloon_radar_project/data/raw/detection_dataset/test/Background_IQ/IQ_Data/20260204_100908_beam4_az028.mat,,,,,
test,0,20260204_100908_beam4_az073,/home/tobeornot8259748/projects/balloon_radar_project/data/raw/detection_dataset/test/Background_IQ/IQ_Data/20260204_100908_beam4_az073.mat,,,,,
test,0,20260204_100908_beam4_az145,/home/tobeornot8259748/projects/balloon_radar_project/data/raw/detection_dataset/test/Background_IQ/IQ_Data/20260204_100908_beam4_az145.mat,,,,,
test,0,20260204_100908_beam5_az010,/home/tobeornot8259748/projects/balloon_radar_project/data/raw/detection_dataset/test/Background_IQ/IQ_Data/20260204_100908_beam5_az010.mat,,,,,
test,0,20260204_100908_beam5_az100,/home/tobeornot8259748/projects/balloon_radar_project/data/raw/detection_dataset/test/Background_IQ/IQ_Data/20260204_100908_beam5_az100.mat,,,,,
test,0,20260204_100908_beam5_az118,/home/tobeornot8259748/projects/balloon_radar_project/data/raw/detection_dataset/test/Background_IQ/IQ_Data/20260204_100908_beam5_az118.mat,,,,,
test,0,20260204_100908_beam5_az127,/home/tobeornot8259748/projects/balloon_radar_project/data/raw/detection_dataset/test/Background_IQ/IQ_Data/20260204_100908_beam5_az127.mat,,,,,
test,0,20260204_100908_beam5_az145,/home/tobeornot8259748/projects/balloon_radar_project/data/raw/detection_dataset/test/Background_IQ/IQ_Data/20260204_100908_beam5_az145.mat,,,,,
test,0,20260204_100908_beam5_az172,/home/tobeornot8259748/projects/balloon_radar_project/data/raw/detection_dataset/test/Background_IQ/IQ_Data/20260204_100908_beam5_az172.mat,,,,,
test,0,20260204_100932_beam1_az028,/home/tobeornot8259748/projects/balloon_radar_project/data/raw/detection_dataset/test/Background_IQ/IQ_Data/20260204_100932_beam1_az028.mat,,,,,
test,0,20260204_100932_beam1_az127,/home/tobeornot8259748/projects/balloon_radar_project/data/raw/detection_dataset/test/Background_IQ/IQ_Data/20260204_100932_beam1_az127.mat,,,,,
test,0,20260204_100932_beam1_az181,/home/tobeornot8259748/projects/balloon_radar_project/data/raw/detection_dataset/test/Background_IQ/IQ_Data/20260204_100932_beam1_az181.mat,,,,,
test,0,20260204_100932_beam2_az001,/home/tobeornot8259748/projects/balloon_radar_project/data/raw/detection_dataset/test/Background_IQ/IQ_Data/20260204_100932_beam2_az001.mat,,,,,
test,0,20260204_100932_beam2_az064,/home/tobeornot8259748/projects/balloon_radar_project/data/raw/detection_dataset/test/Background_IQ/IQ_Data/20260204_100932_beam2_az064.mat,,,,,
test,0,20260204_100932_beam2_az073,/home/tobeornot8259748/projects/balloon_radar_project/data/raw/detection_dataset/test/Background_IQ/IQ_Data/20260204_100932_beam2_az073.mat,,,,,
test,0,20260204_100932_beam2_az163,/home/tobeornot8259748/projects/balloon_radar_project/data/raw/detection_dataset/test/Background_IQ/IQ_Data/20260204_100932_beam2_az163.mat,,,,,
test,0,20260204_100932_beam2_az181,/home/tobeornot8259748/projects/balloon_radar_project/data/raw/detection_dataset/test/Background_IQ/IQ_Data/20260204_100932_beam2_az181.mat,,,,,
test,0,20260204_100932_beam3_az001,/home/tobeornot8259748/projects/balloon_radar_project/data/raw/detection_dataset/test/Background_IQ/IQ_Data/20260204_100932_beam3_az001.mat,,,,,
test,0,20260204_100932_beam3_az010,/home/tobeornot8259748/projects/balloon_radar_project/data/raw/detection_dataset/test/Background_IQ/IQ_Data/20260204_100932_beam3_az010.mat,,,,,
test,0,20260204_100932_beam3_az028,/home/tobeornot8259748/projects/balloon_radar_project/data/raw/detection_dataset/test/Background_IQ/IQ_Data/20260204_100932_beam3_az028.mat,,,,,
test,0,20260204_100932_beam3_az127,/home/tobeornot8259748/projects/balloon_radar_project/data/raw/detection_dataset/test/Background_IQ/IQ_Data/20260204_100932_beam3_az127.mat,,,,,
test,0,20260204_100932_beam4_az019,/home/tobeornot8259748/projects/balloon_radar_project/data/raw/detection_dataset/test/Background_IQ/IQ_Data/20260204_100932_beam4_az019.mat,,,,,
test,0,20260204_100932_beam4_az064,/home/tobeornot8259748/projects/balloon_radar_project/data/raw/detection_dataset/test/Background_IQ/IQ_Data/20260204_100932_beam4_az064.mat,,,,,
test,0,20260204_100932_beam4_az091,/home/tobeornot8259748/projects/balloon_radar_project/data/raw/detection_dataset/test/Background_IQ/IQ_Data/20260204_100932_beam4_az091.mat,,,,,
test,0,20260204_100932_beam4_az181,/home/tobeornot8259748/projects/balloon_radar_project/data/raw/detection_dataset/test/Background_IQ/IQ_Data/20260204_100932_beam4_az181.mat,,,,,
test,0,20260204_100932_beam5_az091,/home/tobeornot8259748/projects/balloon_radar_project/data/raw/detection_dataset/test/Background_IQ/IQ_Data/20260204_100932_beam5_az091.mat,,,,,
test,0,20260204_100932_beam5_az136,/home/tobeornot8259748/projects/balloon_radar_project/data/raw/detection_dataset/test/Background_IQ/IQ_Data/20260204_100932_beam5_az136.mat,,,,,
test,0,20260204_100932_beam5_az199,/home/tobeornot8259748/projects/balloon_radar_project/data/raw/detection_dataset/test/Background_IQ/IQ_Data/20260204_100932_beam5_az199.mat,,,,,
test,1,20260202_144246_beam1,/home/tobeornot8259748/projects/balloon_radar_project/data/raw/detection_dataset/test/UAV_IQ/IQ_Data/20260202_144246_beam1.mat,/home/tobeornot8259748/projects/balloon_radar_project/data/raw/detection_dataset/test/UAV_IQ/Labels/20260202_144246_beam1.txt,1,312.22,2040.0,-1.83
test,1,20260202_144246_beam2,/home/tobeornot8259748/projects/balloon_radar_project/data/raw/detection_dataset/test/UAV_IQ/IQ_Data/20260202_144246_beam2.mat,/home/tobeornot8259748/projects/balloon_radar_project/data/raw/detection_dataset/test/UAV_IQ/Labels/20260202_144246_beam2.txt,2,312.22,2040.0,-1.83
test,1,20260202_144246_beam3,/home/tobeornot8259748/projects/balloon_radar_project/data/raw/detection_dataset/test/UAV_IQ/IQ_Data/20260202_144246_beam3.mat,/home/tobeornot8259748/projects/balloon_radar_project/data/raw/detection_dataset/test/UAV_IQ/Labels/20260202_144246_beam3.txt,3,311.23,2010.0,-1.83
test,1,20260202_144246_beam4,/home/tobeornot8259748/projects/balloon_radar_project/data/raw/detection_dataset/test/UAV_IQ/IQ_Data/20260202_144246_beam4.mat,/home/tobeornot8259748/projects/balloon_radar_project/data/raw/detection_dataset/test/UAV_IQ/Labels/20260202_144246_beam4.txt,4,311.23,2010.0,-1.83
test,1,20260202_144246_beam5,/home/tobeornot8259748/projects/balloon_radar_project/data/raw/detection_dataset/test/UAV_IQ/IQ_Data/20260202_144246_beam5.mat,/home/tobeornot8259748/projects/balloon_radar_project/data/raw/detection_dataset/test/UAV_IQ/Labels/20260202_144246_beam5.txt,5,311.23,2010.0,-1.83
test,1,20260202_144254_beam1,/home/tobeornot8259748/projects/balloon_radar_project/data/raw/detection_dataset/test/UAV_IQ/IQ_Data/20260202_144254_beam1.mat,/home/tobeornot8259748/projects/balloon_radar_project/data/raw/detection_dataset/test/UAV_IQ/Labels/20260202_144254_beam1.txt,1,311.76,2010.0,-2.01
test,1,20260202_144254_beam2,/home/tobeornot8259748/projects/balloon_radar_project/data/raw/detection_dataset/test/UAV_IQ/IQ_Data/20260202_144254_beam2.mat,/home/tobeornot8259748/projects/balloon_radar_project/data/raw/detection_dataset/test/UAV_IQ/Labels/20260202_144254_beam2.txt,2,311.76,2010.0,-2.01
test,1,20260202_144254_beam3,/home/tobeornot8259748/projects/balloon_radar_project/data/raw/detection_dataset/test/UAV_IQ/IQ_Data/20260202_144254_beam3.mat,/home/tobeornot8259748/projects/balloon_radar_project/data/raw/detection_dataset/test/UAV_IQ/Labels/20260202_144254_beam3.txt,3,311.76,2010.0,-2.01
test,1,20260202_144254_beam4,/home/tobeornot8259748/projects/balloon_radar_project/data/raw/detection_dataset/test/UAV_IQ/IQ_Data/20260202_144254_beam4.mat,/home/tobeornot8259748/projects/balloon_radar_project/data/raw/detection_dataset/test/UAV_IQ/Labels/20260202_144254_beam4.txt,4,311.76,2010.0,-2.01
test,1,20260202_144302_beam1,/home/tobeornot8259748/projects/balloon_radar_project/data/raw/detection_dataset/test/UAV_IQ/IQ_Data/20260202_144302_beam1.mat,/home/tobeornot8259748/projects/balloon_radar_project/data/raw/detection_dataset/test/UAV_IQ/Labels/20260202_144302_beam1.txt,1,312.10,1980.0,-2.19
test,1,20260202_144302_beam2,/home/tobeornot8259748/projects/balloon_radar_project/data/raw/detection_dataset/test/UAV_IQ/IQ_Data/20260202_144302_beam2.mat,/home/tobeornot8259748/projects/balloon_radar_project/data/raw/detection_dataset/test/UAV_IQ/Labels/20260202_144302_beam2.txt,2,312.10,1980.0,-2.01
test,1,20260202_144302_beam3,/home/tobeornot8259748/projects/balloon_radar_project/data/raw/detection_dataset/test/UAV_IQ/IQ_Data/20260202_144302_beam3.mat,/home/tobeornot8259748/projects/balloon_radar_project/data/raw/detection_dataset/test/UAV_IQ/Labels/20260202_144302_beam3.txt,3,312.10,2010.0,-2.19
test,1,20260202_144302_beam4,/home/tobeornot8259748/projects/balloon_radar_project/data/raw/detection_dataset/test/UAV_IQ/IQ_Data/20260202_144302_beam4.mat,/home/tobeornot8259748/projects/balloon_radar_project/data/raw/detection_dataset/test/UAV_IQ/Labels/20260202_144302_beam4.txt,4,312.10,2010.0,-2.19
test,1,20260202_144302_beam5,/home/tobeornot8259748/projects/balloon_radar_project/data/raw/detection_dataset/test/UAV_IQ/IQ_Data/20260202_144302_beam5.mat,/home/tobeornot8259748/projects/balloon_radar_project/data/raw/detection_dataset/test/UAV_IQ/Labels/20260202_144302_beam5.txt,5,312.10,2010.0,-2.19
test,1,20260202_144425_beam1,/home/tobeornot8259748/projects/balloon_radar_project/data/raw/detection_dataset/test/UAV_IQ/IQ_Data/20260202_144425_beam1.mat,/home/tobeornot8259748/projects/balloon_radar_project/data/raw/detection_dataset/test/UAV_IQ/Labels/20260202_144425_beam1.txt,1,311.55,1980.0,-3.47
test,1,20260202_144425_beam2,/home/tobeornot8259748/projects/balloon_radar_project/data/raw/detection_dataset/test/UAV_IQ/IQ_Data/20260202_144425_beam2.mat,/home/tobeornot8259748/projects/balloon_radar_project/data/raw/detection_dataset/test/UAV_IQ/Labels/20260202_144425_beam2.txt,2,311.55,1980.0,-3.47
test,1,20260202_144425_beam3,/home/tobeornot8259748/projects/balloon_radar_project/data/raw/detection_dataset/test/UAV_IQ/IQ_Data/20260202_144425_beam3.mat,/home/tobeornot8259748/projects/balloon_radar_project/data/raw/detection_dataset/test/UAV_IQ/Labels/20260202_144425_beam3.txt,3,311.55,2010.0,-3.47
test,1,20260202_144425_beam4,/home/tobeornot8259748/projects/balloon_radar_project/data/raw/detection_dataset/test/UAV_IQ/IQ_Data/20260202_144425_beam4.mat,/home/tobeornot8259748/projects/balloon_radar_project/data/raw/detection_dataset/test/UAV_IQ/Labels/20260202_144425_beam4.txt,4,311.55,1980.0,-3.47
test,1,20260202_144425_beam5,/home/tobeornot8259748/projects/balloon_radar_project/data/raw/detection_dataset/test/UAV_IQ/IQ_Data/20260202_144425_beam5.mat,/home/tobeornot8259748/projects/balloon_radar_project/data/raw/detection_dataset/test/UAV_IQ/Labels/20260202_144425_beam5.txt,5,311.55,2010.0,-3.47
test,1,20260202_144458_beam1,/home/tobeornot8259748/projects/balloon_radar_project/data/raw/detection_dataset/test/UAV_IQ/IQ_Data/20260202_144458_beam1.mat,/home/tobeornot8259748/projects/balloon_radar_project/data/raw/detection_dataset/test/UAV_IQ/Labels/20260202_144458_beam1.txt,1,310.01,2010.0,5.66
test,1,20260202_144458_beam2,/home/tobeornot8259748/projects/balloon_radar_project/data/raw/detection_dataset/test/UAV_IQ/IQ_Data/20260202_144458_beam2.mat,/home/tobeornot8259748/projects/balloon_radar_project/data/raw/detection_dataset/test/UAV_IQ/Labels/20260202_144458_beam2.txt,2,310.01,2010.0,5.66
test,1,20260202_144458_beam3,/home/tobeornot8259748/projects/balloon_radar_project/data/raw/detection_dataset/test/UAV_IQ/IQ_Data/20260202_144458_beam3.mat,/home/tobeornot8259748/projects/balloon_radar_project/data/raw/detection_dataset/test/UAV_IQ/Labels/20260202_144458_beam3.txt,3,310.01,1980.0,5.66
test,1,20260202_144458_beam4,/home/tobeornot8259748/projects/balloon_radar_project/data/raw/detection_dataset/test/UAV_IQ/IQ_Data/20260202_144458_beam4.mat,/home/tobeornot8259748/projects/balloon_radar_project/data/raw/detection_dataset/test/UAV_IQ/Labels/20260202_144458_beam4.txt,4,310.01,2010.0,5.66
test,1,20260202_144458_beam5,/home/tobeornot8259748/projects/balloon_radar_project/data/raw/detection_dataset/test/UAV_IQ/IQ_Data/20260202_144458_beam5.mat,/home/tobeornot8259748/projects/balloon_radar_project/data/raw/detection_dataset/test/UAV_IQ/Labels/20260202_144458_beam5.txt,5,310.01,1980.0,5.66
test,1,20260202_144506_beam1,/home/tobeornot8259748/projects/balloon_radar_project/data/raw/detection_dataset/test/UAV_IQ/IQ_Data/20260202_144506_beam1.mat,/home/tobeornot8259748/projects/balloon_radar_project/data/raw/detection_dataset/test/UAV_IQ/Labels/20260202_144506_beam1.txt,1,310.23,2070.0,4.75
test,1,20260202_144506_beam2,/home/tobeornot8259748/projects/balloon_radar_project/data/raw/detection_dataset/test/UAV_IQ/IQ_Data/20260202_144506_beam2.mat,/home/tobeornot8259748/projects/balloon_radar_project/data/raw/detection_dataset/test/UAV_IQ/Labels/20260202_144506_beam2.txt,2,310.23,2040.0,4.75
test,1,20260202_144506_beam3,/home/tobeornot8259748/projects/balloon_radar_project/data/raw/detection_dataset/test/UAV_IQ/IQ_Data/20260202_144506_beam3.mat,/home/tobeornot8259748/projects/balloon_radar_project/data/raw/detection_dataset/test/UAV_IQ/Labels/20260202_144506_beam3.txt,3,309.24,2070.0,4.75
test,1,20260202_144506_beam4,/home/tobeornot8259748/projects/balloon_radar_project/data/raw/detection_dataset/test/UAV_IQ/IQ_Data/20260202_144506_beam4.mat,/home/tobeornot8259748/projects/balloon_radar_project/data/raw/detection_dataset/test/UAV_IQ/Labels/20260202_144506_beam4.txt,4,309.24,2070.0,4.75
test,1,20260202_144506_beam5,/home/tobeornot8259748/projects/balloon_radar_project/data/raw/detection_dataset/test/UAV_IQ/IQ_Data/20260202_144506_beam5.mat,/home/tobeornot8259748/projects/balloon_radar_project/data/raw/detection_dataset/test/UAV_IQ/Labels/20260202_144506_beam5.txt,5,310.23,2040.0,4.75
test,1,20260202_144539_beam1,/home/tobeornot8259748/projects/balloon_radar_project/data/raw/detection_dataset/test/UAV_IQ/IQ_Data/20260202_144539_beam1.mat,/home/tobeornot8259748/projects/balloon_radar_project/data/raw/detection_dataset/test/UAV_IQ/Labels/20260202_144539_beam1.txt,1,310.79,2190.0,3.29
test,1,20260202_144539_beam2,/home/tobeornot8259748/projects/balloon_radar_project/data/raw/detection_dataset/test/UAV_IQ/IQ_Data/20260202_144539_beam2.mat,/home/tobeornot8259748/projects/balloon_radar_project/data/raw/detection_dataset/test/UAV_IQ/Labels/20260202_144539_beam2.txt,2,310.79,2190.0,3.11
test,1,20260202_144539_beam3,/home/tobeornot8259748/projects/balloon_radar_project/data/raw/detection_dataset/test/UAV_IQ/IQ_Data/20260202_144539_beam3.mat,/home/tobeornot8259748/projects/balloon_radar_project/data/raw/detection_dataset/test/UAV_IQ/Labels/20260202_144539_beam3.txt,3,310.79,2190.0,3.29
test,1,20260202_144539_beam4,/home/tobeornot8259748/projects/balloon_radar_project/data/raw/detection_dataset/test/UAV_IQ/IQ_Data/20260202_144539_beam4.mat,/home/tobeornot8259748/projects/balloon_radar_project/data/raw/detection_dataset/test/UAV_IQ/Labels/20260202_144539_beam4.txt,4,310.79,2190.0,3.29
test,1,20260202_144727_beam1,/home/tobeornot8259748/projects/balloon_radar_project/data/raw/detection_dataset/test/UAV_IQ/IQ_Data/20260202_144727_beam1.mat,/home/tobeornot8259748/projects/balloon_radar_project/data/raw/detection_dataset/test/UAV_IQ/Labels/20260202_144727_beam1.txt,1,311.14,2160.0,-1.46
test,1,20260202_144727_beam2,/home/tobeornot8259748/projects/balloon_radar_project/data/raw/detection_dataset/test/UAV_IQ/IQ_Data/20260202_144727_beam2.mat,/home/tobeornot8259748/projects/balloon_radar_project/data/raw/detection_dataset/test/UAV_IQ/Labels/20260202_144727_beam2.txt,2,310.14,2190.0,-1.46
test,1,20260202_144727_beam3,/home/tobeornot8259748/projects/balloon_radar_project/data/raw/detection_dataset/test/UAV_IQ/IQ_Data/20260202_144727_beam3.mat,/home/tobeornot8259748/projects/balloon_radar_project/data/raw/detection_dataset/test/UAV_IQ/Labels/20260202_144727_beam3.txt,3,310.14,2220.0,-1.46
test,1,20260202_144727_beam4,/home/tobeornot8259748/projects/balloon_radar_project/data/raw/detection_dataset/test/UAV_IQ/IQ_Data/20260202_144727_beam4.mat,/home/tobeornot8259748/projects/balloon_radar_project/data/raw/detection_dataset/test/UAV_IQ/Labels/20260202_144727_beam4.txt,4,310.14,2190.0,-1.46
test,1,20260202_144735_beam1,/home/tobeornot8259748/projects/balloon_radar_project/data/raw/detection_dataset/test/UAV_IQ/IQ_Data/20260202_144735_beam1.mat,/home/tobeornot8259748/projects/balloon_radar_project/data/raw/detection_dataset/test/UAV_IQ/Labels/20260202_144735_beam1.txt,1,311.85,2160.0,-2.38
test,1,20260202_144735_beam2,/home/tobeornot8259748/projects/balloon_radar_project/data/raw/detection_dataset/test/UAV_IQ/IQ_Data/20260202_144735_beam2.mat,/home/tobeornot8259748/projects/balloon_radar_project/data/raw/detection_dataset/test/UAV_IQ/Labels/20260202_144735_beam2.txt,2,310.85,2190.0,-2.38
test,1,20260202_144735_beam3,/home/tobeornot8259748/projects/balloon_radar_project/data/raw/detection_dataset/test/UAV_IQ/IQ_Data/20260202_144735_beam3.mat,/home/tobeornot8259748/projects/balloon_radar_project/data/raw/detection_dataset/test/UAV_IQ/Labels/20260202_144735_beam3.txt,3,311.85,2190.0,-2.38
test,1,20260202_144735_beam4,/home/tobeornot8259748/projects/balloon_radar_project/data/raw/detection_dataset/test/UAV_IQ/IQ_Data/20260202_144735_beam4.mat,/home/tobeornot8259748/projects/balloon_radar_project/data/raw/detection_dataset/test/UAV_IQ/Labels/20260202_144735_beam4.txt,4,311.85,2190.0,-2.38
test,1,20260202_144808_beam1,/home/tobeornot8259748/projects/balloon_radar_project/data/raw/detection_dataset/test/UAV_IQ/IQ_Data/20260202_144808_beam1.mat,/home/tobeornot8259748/projects/balloon_radar_project/data/raw/detection_dataset/test/UAV_IQ/Labels/20260202_144808_beam1.txt,1,310.72,2040.0,-5.48
test,1,20260202_144808_beam2,/home/tobeornot8259748/projects/balloon_radar_project/data/raw/detection_dataset/test/UAV_IQ/IQ_Data/20260202_144808_beam2.mat,/home/tobeornot8259748/projects/balloon_radar_project/data/raw/detection_dataset/test/UAV_IQ/Labels/20260202_144808_beam2.txt,2,310.72,2040.0,-5.66
test,1,20260202_144808_beam3,/home/tobeornot8259748/projects/balloon_radar_project/data/raw/detection_dataset/test/UAV_IQ/IQ_Data/20260202_144808_beam3.mat,/home/tobeornot8259748/projects/balloon_radar_project/data/raw/detection_dataset/test/UAV_IQ/Labels/20260202_144808_beam3.txt,3,310.72,2040.0,-5.66
test,1,20260202_144808_beam4,/home/tobeornot8259748/projects/balloon_radar_project/data/raw/detection_dataset/test/UAV_IQ/IQ_Data/20260202_144808_beam4.mat,/home/tobeornot8259748/projects/balloon_radar_project/data/raw/detection_dataset/test/UAV_IQ/Labels/20260202_144808_beam4.txt,4,310.72,2070.0,-5.66
test,1,20260202_144841_beam1,/home/tobeornot8259748/projects/balloon_radar_project/data/raw/detection_dataset/test/UAV_IQ/IQ_Data/20260202_144841_beam1.mat,/home/tobeornot8259748/projects/balloon_radar_project/data/raw/detection_dataset/test/UAV_IQ/Labels/20260202_144841_beam1.txt,1,311.27,2160.0,5.30
test,1,20260202_144841_beam2,/home/tobeornot8259748/projects/balloon_radar_project/data/raw/detection_dataset/test/UAV_IQ/IQ_Data/20260202_144841_beam2.mat,/home/tobeornot8259748/projects/balloon_radar_project/data/raw/detection_dataset/test/UAV_IQ/Labels/20260202_144841_beam2.txt,2,310.26,2160.0,5.12
test,1,20260202_144841_beam3,/home/tobeornot8259748/projects/balloon_radar_project/data/raw/detection_dataset/test/UAV_IQ/IQ_Data/20260202_144841_beam3.mat,/home/tobeornot8259748/projects/balloon_radar_project/data/raw/detection_dataset/test/UAV_IQ/Labels/20260202_144841_beam3.txt,3,310.26,2130.0,5.30
test,1,20260202_144841_beam4,/home/tobeornot8259748/projects/balloon_radar_project/data/raw/detection_dataset/test/UAV_IQ/IQ_Data/20260202_144841_beam4.mat,/home/tobeornot8259748/projects/balloon_radar_project/data/raw/detection_dataset/test/UAV_IQ/Labels/20260202_144841_beam4.txt,4,310.26,2130.0,5.12
test,1,20260202_144857_beam1,/home/tobeornot8259748/projects/balloon_radar_project/data/raw/detection_dataset/test/UAV_IQ/IQ_Data/20260202_144857_beam1.mat,/home/tobeornot8259748/projects/balloon_radar_project/data/raw/detection_dataset/test/UAV_IQ/Labels/20260202_144857_beam1.txt,1,310.39,2220.0,-3.11
test,1,20260202_144857_beam2,/home/tobeornot8259748/projects/balloon_radar_project/data/raw/detection_dataset/test/UAV_IQ/IQ_Data/20260202_144857_beam2.mat,/home/tobeornot8259748/projects/balloon_radar_project/data/raw/detection_dataset/test/UAV_IQ/Labels/20260202_144857_beam2.txt,2,310.39,2190.0,-3.11
test,1,20260202_144857_beam3,/home/tobeornot8259748/projects/balloon_radar_project/data/raw/detection_dataset/test/UAV_IQ/IQ_Data/20260202_144857_beam3.mat,/home/tobeornot8259748/projects/balloon_radar_project/data/raw/detection_dataset/test/UAV_IQ/Labels/20260202_144857_beam3.txt,3,310.39,2220.0,-3.11
test,1,20260202_144857_beam4,/home/tobeornot8259748/projects/balloon_radar_project/data/raw/detection_dataset/test/UAV_IQ/IQ_Data/20260202_144857_beam4.mat,/home/tobeornot8259748/projects/balloon_radar_project/data/raw/detection_dataset/test/UAV_IQ/Labels/20260202_144857_beam4.txt,4,310.39,2190.0,-3.11
