relative_path,category_dir,role,source_label,extension,size_bytes,sha256,magic,format_version_u16,format_schema_u16,header_kind_u32,station_id,site_name_header,header_coord_1,header_coord_2,filename_scan_type,header_scan_type,header_scan_description,header_field_0x140,header_field_0x144,header_field_0x148,header_timestamp_utc,filename_timestamp_utc,header_minus_filename_seconds,header_bytes_read,label_status,physical_axis_status,hv_status
background_iq/ST001_20250425_103510_444_01_CDX_RHI.IQ,background_iq,background,background_iq,.iq,53606048,528499f4b03dbc5fd9830c1e073325ff5d6cfa3b9230c4e48706d7f2ebb8ce2e,RSTM,18,1,10,ST001,成都远望,46.862552642822266,83.09510040283203,RHI,RHI,俯仰扫描,2,2,2000,2025-04-25T08:56:22+00:00,2025-04-25T10:35:10.444000+00:00,-5928.444,544,source_directory_only_unverified,unverified,unverified
background_iq/ST001_20250425_103512_808_01_CDX_PPI.IQ,background_iq,background,background_iq,.iq,778721504,acbf963398008b01935a35d0a28114a83f6b956070029e26000948c9ac8f6811,RSTM,18,1,10,ST001,成都远望,46.862552642822266,83.09510040283203,PPI,PPI,方位扫描,2,1,1000,2025-04-25T10:35:12+00:00,2025-04-25T10:35:12.808000+00:00,-0.808,544,source_directory_only_unverified,unverified,unverified
background_iq/ST001_20250425_103537_522_01_CDX_PPI.IQ,background_iq,background,background_iq,.iq,138911840,229872cf2a4ce01c5efc2fd8388ed060617962fd4474bf1023a90c8a0c28ddb6,RSTM,18,1,10,ST001,成都远望,46.862552642822266,83.09510040283203,PPI,PPI,方位扫描,2,1,1000,2025-04-25T10:35:37+00:00,2025-04-25T10:35:37.522000+00:00,-0.522,544,source_directory_only_unverified,unverified,unverified
background_products_bz2/Z_RADR_I_ST001_20250425071824_O_DOR-CUT_YLD6-D_CAP_10_2_FMT.bin.bz2,background_products_bz2,background_product,background_product,.bin.bz2,799624,590ce4767130b9c4d8d99d739f2aa8f738736b436b44a91abd7d6835cbc1042f,RSTM,2,0,1,ST001,成都远望,46.862548828125,83.09510040283203,FMT,VCPtest1,,3,0,40000,2025-04-25T07:18:24+00:00,2025-04-25T07:18:24+00:00,0.000,544,source_directory_only_unverified,unverified,unverified
background_products_bz2/Z_RADR_I_ST001_20250425071824_O_DOR-CUT_YLD6-D_CAP_5_1_FMT.bin.bz2,background_products_bz2,background_product,background_product,.bin.bz2,776879,cb9c9586934b347f42846caf3c693b3737f1ec2e7419021cf14f0390f7b2073b,RSTM,2,0,1,ST001,成都远望,46.862548828125,83.09510040283203,FMT,VCPtest1,,3,0,40000,2025-04-25T07:18:24+00:00,2025-04-25T07:18:24+00:00,0.000,544,source_directory_only_unverified,unverified,unverified
background_products_bz2/Z_RADR_I_ST001_20250425072843_O_DOR-CUT_YLD6-D_CAP_520_1_FMT.bin.bz2,background_products_bz2,background_product,background_product,.bin.bz2,953991,46a28a77c6f7528d4345ae252efcff4c9c78dc4b3f27829366393c13a59dea69,RSTM,2,0,1,ST001,成都远望,46.862548828125,83.09510040283203,FMT,PPI,,3,1,1000,2025-04-25T07:28:43+00:00,2025-04-25T07:28:43+00:00,0.000,544,source_directory_only_unverified,unverified,unverified
background_products_bz2/Z_RADR_I_ST001_20250425072907_O_DOR-CUT_YLD6-D_CAP_520_1_FMT.bin.bz2,background_products_bz2,background_product,background_product,.bin.bz2,953740,896764c027c8fa847daa3ef59353948808be49eb8fb04bd3daae0648b3755cd5,RSTM,2,0,1,ST001,成都远望,46.862548828125,83.09510040283203,FMT,PPI,,3,1,1000,2025-04-25T07:29:07+00:00,2025-04-25T07:29:07+00:00,0.000,544,source_directory_only_unverified,unverified,unverified
background_products_bz2/Z_RADR_I_ST001_20250425072932_O_DOR-CUT_YLD6-D_CAP_520_1_FMT.bin.bz2,background_products_bz2,background_product,background_product,.bin.bz2,951681,19bc0774ebc66c5791a486bddd85889d4162b0ad7248ff6f7557b7b560841b7f,RSTM,2,0,1,ST001,成都远望,46.862548828125,83.09510040283203,FMT,PPI,,3,1,1000,2025-04-25T07:29:32+00:00,2025-04-25T07:29:32+00:00,0.000,544,source_directory_only_unverified,unverified,unverified
background_products_bz2/Z_RADR_I_ST001_20250425073701_O_DOR-CUT_YLD6-D_CAP_10_1_FMT.bin.bz2,background_products_bz2,background_product,background_product,.bin.bz2,4713708,d6c1322883067ae5c0472340037806be500110216a11e02977e6bba6e926e0a4,RSTM,2,0,1,ST001,成都远望,46.862548828125,83.09510040283203,FMT,PPI,,3,1,1000,2025-04-25T07:37:01+00:00,2025-04-25T07:37:01+00:00,0.000,544,source_directory_only_unverified,unverified,unverified
background_products_bz2/Z_RADR_I_ST001_20250425073726_O_DOR-CUT_YLD6-D_CAP_10_1_FMT.bin.bz2,background_products_bz2,background_product,background_product,.bin.bz2,4708820,35913bee017e5c04804fd29ed94a50358e1294cb3aa9ff153ba3da5fd94c7f17,RSTM,2,0,1,ST001,成都远望,46.862548828125,83.09510040283203,FMT,PPI,,3,1,1000,2025-04-25T07:37:26+00:00,2025-04-25T07:37:26+00:00,0.000,544,source_directory_only_unverified,unverified,unverified
background_products_bz2/Z_RADR_I_ST001_20250425073924_O_DOR-CUT_YLD6-D_CAP_10_1_FMT.bin.bz2,background_products_bz2,background_product,background_product,.bin.bz2,4703863,3725beefa6f1fd836349df18ff886b24ad12dc263abb4b74aa72de7d7ba74239,RSTM,2,0,1,ST001,成都远望,46.862548828125,83.09510040283203,FMT,PPI,,3,1,1000,2025-04-25T07:39:24+00:00,2025-04-25T07:39:24+00:00,0.000,544,source_directory_only_unverified,unverified,unverified
background_products_bz2/Z_RADR_I_ST001_20250425073949_O_DOR-CUT_YLD6-D_CAP_10_1_FMT.bin.bz2,background_products_bz2,background_product,background_product,.bin.bz2,4705006,246c44a03ad0153a66ac6129d1e0eb81f7b97e2ac6bd2e8aa3050db8e216af43,RSTM,2,0,1,ST001,成都远望,46.862548828125,83.09510040283203,FMT,PPI,,3,1,1000,2025-04-25T07:39:49+00:00,2025-04-25T07:39:49+00:00,0.000,544,source_directory_only_unverified,unverified,unverified
background_products_bz2/Z_RADR_I_ST001_20250425074014_O_DOR-CUT_YLD6-D_CAP_10_1_FMT.bin.bz2,background_products_bz2,background_product,background_product,.bin.bz2,4699370,945e108548995d313c82e9947e72e1c1ca095ce6ddacbf714813493ce8f1ecc0,RSTM,2,0,1,ST001,成都远望,46.862548828125,83.09510040283203,FMT,PPI,,3,1,1000,2025-04-25T07:40:14+00:00,2025-04-25T07:40:14+00:00,0.000,544,source_directory_only_unverified,unverified,unverified
background_products_bz2/Z_RADR_I_ST001_20250425074341_O_DOR_YLD6-D_RHI_FMT.bin.bz2,background_products_bz2,background_product,background_product,.bin.bz2,890681,602de4501465410eedcfafa4076468caaaca57f8e72591c6d772ba7eccca1a2f,RSTM,2,0,1,ST001,成都远望,46.862548828125,83.09510040283203,FMT,RHI,,3,2,2000,2025-04-25T07:43:41+00:00,2025-04-25T07:43:41+00:00,0.000,544,source_directory_only_unverified,unverified,unverified
background_products_bz2/Z_RADR_I_ST001_20250425074350_O_DOR_YLD6-D_RHI_FMT.bin.bz2,background_products_bz2,background_product,background_product,.bin.bz2,890755,48ea977f9ebf8428da7d930279671e370b9e83a458c5d38d32eb929ad5973b91,RSTM,2,0,1,ST001,成都远望,46.862548828125,83.09510040283203,FMT,RHI,,3,2,2000,2025-04-25T07:43:50+00:00,2025-04-25T07:43:50+00:00,0.000,544,source_directory_only_unverified,unverified,unverified
background_products_bz2/Z_RADR_I_ST001_20250425074400_O_DOR_YLD6-D_RHI_FMT.bin.bz2,background_products_bz2,background_product,background_product,.bin.bz2,890791,0896e02f823e99e1b15839d398cb42f4bc7c48d8fd685076a0ea747beb0c2a93,RSTM,2,0,1,ST001,成都远望,46.862548828125,83.09510040283203,FMT,RHI,,3,2,2000,2025-04-25T07:44:00+00:00,2025-04-25T07:44:00+00:00,0.000,544,source_directory_only_unverified,unverified,unverified
background_products_bz2/Z_RADR_I_ST001_20250425074410_O_DOR_YLD6-D_RHI_FMT.bin.bz2,background_products_bz2,background_product,background_product,.bin.bz2,890050,0d930f9b2068d773cf99ca0b39a07fbbce0450b04ba4ef9eda77a3b92ab487f8,RSTM,2,0,1,ST001,成都远望,46.862548828125,83.09510040283203,FMT,RHI,,3,2,2000,2025-04-25T07:44:10+00:00,2025-04-25T07:44:10+00:00,0.000,544,source_directory_only_unverified,unverified,unverified
background_products_bz2/Z_RADR_I_ST001_20250425074420_O_DOR_YLD6-D_RHI_FMT.bin.bz2,background_products_bz2,background_product,background_product,.bin.bz2,889893,144aceb5b08aaf7eeda449f6d387391e35bafb74db62446115048e9e6f5246d1,RSTM,2,0,1,ST001,成都远望,46.862548828125,83.09510040283203,FMT,RHI,,3,2,2000,2025-04-25T07:44:20+00:00,2025-04-25T07:44:20+00:00,0.000,544,source_directory_only_unverified,unverified,unverified
background_products_bz2/Z_RADR_I_ST001_20250425074430_O_DOR_YLD6-D_RHI_FMT.bin.bz2,background_products_bz2,background_product,background_product,.bin.bz2,890143,d945d89240c37c0a4aa68a5e0e48909b01f453aa525303b2e6f5a2ae296629c0,RSTM,2,0,1,ST001,成都远望,46.862548828125,83.09510040283203,FMT,RHI,,3,2,2000,2025-04-25T07:44:30+00:00,2025-04-25T07:44:30+00:00,0.000,544,source_directory_only_unverified,unverified,unverified
background_products_bz2/Z_RADR_I_ST001_20250425074440_O_DOR_YLD6-D_RHI_FMT.bin.bz2,background_products_bz2,background_product,background_product,.bin.bz2,890458,1c2e4a0c5c1d60e40560869f349e81c9af1904a1195557b473353afad7cea4dc,RSTM,2,0,1,ST001,成都远望,46.862548828125,83.09510040283203,FMT,RHI,,3,2,2000,2025-04-25T07:44:40+00:00,2025-04-25T07:44:40+00:00,0.000,544,source_directory_only_unverified,unverified,unverified
background_products_bz2/Z_RADR_I_ST001_20250425074450_O_DOR_YLD6-D_RHI_FMT.bin.bz2,background_products_bz2,background_product,background_product,.bin.bz2,889845,a77917c4c91061d6ccb0c769b5965ad06dc492cfb875141209c87422089723cc,RSTM,2,0,1,ST001,成都远望,46.862548828125,83.09510040283203,FMT,RHI,,3,2,2000,2025-04-25T07:44:50+00:00,2025-04-25T07:44:50+00:00,0.000,544,source_directory_only_unverified,unverified,unverified
background_products_bz2/Z_RADR_I_ST001_20250425074500_O_DOR_YLD6-D_RHI_FMT.bin.bz2,background_products_bz2,background_product,background_product,.bin.bz2,890212,3a472f39308343acf9ab9a8bfdbac2b829b48c8c5832f7fec3271b07801c1a7f,RSTM,2,0,1,ST001,成都远望,46.862548828125,83.09510040283203,FMT,RHI,,3,2,2000,2025-04-25T07:45:00+00:00,2025-04-25T07:45:00+00:00,0.000,544,source_directory_only_unverified,unverified,unverified
background_products_bz2/Z_RADR_I_ST001_20250425074509_O_DOR_YLD6-D_RHI_FMT.bin.bz2,background_products_bz2,background_product,background_product,.bin.bz2,889560,5976f9f7bdc9d70d0cad7d608e197c0892e26c139737a7f42435d10172618740,RSTM,2,0,1,ST001,成都远望,46.862548828125,83.09510040283203,FMT,RHI,,3,2,2000,2025-04-25T07:45:09+00:00,2025-04-25T07:45:09+00:00,0.000,544,source_directory_only_unverified,unverified,unverified
background_products_bz2/Z_RADR_I_ST001_20250425074519_O_DOR_YLD6-D_RHI_FMT.bin.bz2,background_products_bz2,background_product,background_product,.bin.bz2,889052,356589d976ebe6b1a14850d81273f26ce882fb7fd416f6c82390ee467acdfcce,RSTM,2,0,1,ST001,成都远望,46.862548828125,83.09510040283203,FMT,RHI,,3,2,2000,2025-04-25T07:45:19+00:00,2025-04-25T07:45:19+00:00,0.000,544,source_directory_only_unverified,unverified,unverified
background_products_bz2/Z_RADR_I_ST001_20250425074530_O_DOR_YLD6-D_RHI_FMT.bin.bz2,background_products_bz2,background_product,background_product,.bin.bz2,890160,cb6ba2a4610c430f342d4b0965f98d5ade09876ae65d616e4ca8531a27493f1e,RSTM,2,0,1,ST001,成都远望,46.862548828125,83.09510040283203,FMT,RHI,,3,2,2000,2025-04-25T07:45:30+00:00,2025-04-25T07:45:30+00:00,0.000,544,source_directory_only_unverified,unverified,unverified
background_products_bz2/Z_RADR_I_ST001_20250425074540_O_DOR_YLD6-D_RHI_FMT.bin.bz2,background_products_bz2,background_product,background_product,.bin.bz2,889430,e9f2d4582cc96177348b5a01240a59af0e0f36b9caf4bd3083b3fcb8079b2bff,RSTM,2,0,1,ST001,成都远望,46.862548828125,83.09510040283203,FMT,RHI,,3,2,2000,2025-04-25T07:45:40+00:00,2025-04-25T07:45:40+00:00,0.000,544,source_directory_only_unverified,unverified,unverified
background_products_bz2/Z_RADR_I_ST001_20250425074550_O_DOR_YLD6-D_RHI_FMT.bin.bz2,background_products_bz2,background_product,background_product,.bin.bz2,890424,6dc27e590c2548a77cba2f101398422365a89287f723917617a4ba5c96f7ab62,RSTM,2,0,1,ST001,成都远望,46.862548828125,83.09510040283203,FMT,RHI,,3,2,2000,2025-04-25T07:45:50+00:00,2025-04-25T07:45:50+00:00,0.000,544,source_directory_only_unverified,unverified,unverified
background_products_bz2/Z_RADR_I_ST001_20250425074559_O_DOR_YLD6-D_RHI_FMT.bin.bz2,background_products_bz2,background_product,background_product,.bin.bz2,889712,db0253df6aeb913c189360c35f34ca317f5aaa77bce4d1b3b0d4d218620ba1fe,RSTM,2,0,1,ST001,成都远望,46.862548828125,83.09510040283203,FMT,RHI,,3,2,2000,2025-04-25T07:45:59+00:00,2025-04-25T07:45:59+00:00,0.000,544,source_directory_only_unverified,unverified,unverified
background_products_bz2/Z_RADR_I_ST001_20250425074609_O_DOR_YLD6-D_RHI_FMT.bin.bz2,background_products_bz2,background_product,background_product,.bin.bz2,891024,a37a2164a0b52f18ce3296d612a3cce5e1487503387463d394a74691dc1682fe,RSTM,2,0,1,ST001,成都远望,46.862548828125,83.09510040283203,FMT,RHI,,3,2,2000,2025-04-25T07:46:09+00:00,2025-04-25T07:46:09+00:00,0.000,544,source_directory_only_unverified,unverified,unverified
background_products_bz2/Z_RADR_I_ST001_20250425074849_O_DOR-CUT_YLD6-D_CAP_30_1_FMT.bin.bz2,background_products_bz2,background_product,background_product,.bin.bz2,4689441,8629ac316963ec1c44ae5e7ee3b6fc382b30853b76b6e3be7ea30700097ad910,RSTM,2,0,1,ST001,成都远望,46.862548828125,83.09510040283203,FMT,PPI,,3,1,1000,2025-04-25T07:48:49+00:00,2025-04-25T07:48:49+00:00,0.000,544,source_directory_only_unverified,unverified,unverified
background_products_bz2/Z_RADR_I_ST001_20250425074914_O_DOR-CUT_YLD6-D_CAP_30_1_FMT.bin.bz2,background_products_bz2,background_product,background_product,.bin.bz2,4680003,46a43246c90d2760429389c696ba0ba17b6d2eadb4e9d37f839f900901282261,RSTM,2,0,1,ST001,成都远望,46.862548828125,83.09510040283203,FMT,PPI,,3,1,1000,2025-04-25T07:49:14+00:00,2025-04-25T07:49:14+00:00,0.000,544,source_directory_only_unverified,unverified,unverified
background_products_bz2/Z_RADR_I_ST001_20250425074939_O_DOR-CUT_YLD6-D_CAP_30_1_FMT.bin.bz2,background_products_bz2,background_product,background_product,.bin.bz2,4677952,06b668917cad261cd732ea2a615e79401042b6cc51c219694272cdda684f59f8,RSTM,2,0,1,ST001,成都远望,46.862548828125,83.09510040283203,FMT,PPI,,3,1,1000,2025-04-25T07:49:39+00:00,2025-04-25T07:49:39+00:00,0.000,544,source_directory_only_unverified,unverified,unverified
background_products_bz2/Z_RADR_I_ST001_20250425075308_O_DOR-CUT_YLD6-D_CAP_30_1_FMT.bin.bz2,background_products_bz2,background_product,background_product,.bin.bz2,4676314,33fd83f8bc3a7400a878e478c6d90f8e55ecd241801fbf32413b583d527349e6,RSTM,2,0,1,ST001,成都远望,46.862548828125,83.09510040283203,FMT,PPI,,3,1,1000,2025-04-25T07:53:08+00:00,2025-04-25T07:53:08+00:00,0.000,544,source_directory_only_unverified,unverified,unverified
background_products_bz2/Z_RADR_I_ST001_20250425075333_O_DOR-CUT_YLD6-D_CAP_30_1_FMT.bin.bz2,background_products_bz2,background_product,background_product,.bin.bz2,4687871,622f1fe2287abe49bc32a121e06920f3091598028fe59382aee2d6eeaea52e1f,RSTM,2,0,1,ST001,成都远望,46.862548828125,83.09510040283203,FMT,PPI,,3,1,1000,2025-04-25T07:53:33+00:00,2025-04-25T07:53:33+00:00,0.000,544,source_directory_only_unverified,unverified,unverified
background_products_bz2/Z_RADR_I_ST001_20250425075358_O_DOR-CUT_YLD6-D_CAP_30_1_FMT.bin.bz2,background_products_bz2,background_product,background_product,.bin.bz2,4686679,cc956263452247aaf1af0a6acbf7dee9bf7d20586f64023f649fc06d89db9026,RSTM,2,0,1,ST001,成都远望,46.862548828125,83.09510040283203,FMT,PPI,,3,1,1000,2025-04-25T07:53:58+00:00,2025-04-25T07:53:58+00:00,0.000,544,source_directory_only_unverified,unverified,unverified
background_products_bz2/Z_RADR_I_ST001_20250425075422_O_DOR-CUT_YLD6-D_CAP_30_1_FMT.bin.bz2,background_products_bz2,background_product,background_product,.bin.bz2,4689612,cbccbaa4c4dcbd7d9f9fb2509155488e341d6138aa280bdc50fb879a8287ae31,RSTM,2,0,1,ST001,成都远望,46.862548828125,83.09510040283203,FMT,PPI,,3,1,1000,2025-04-25T07:54:22+00:00,2025-04-25T07:54:22+00:00,0.000,544,source_directory_only_unverified,unverified,unverified
background_products_bz2/Z_RADR_I_ST001_20250425075447_O_DOR-CUT_YLD6-D_CAP_30_1_FMT.bin.bz2,background_products_bz2,background_product,background_product,.bin.bz2,4687337,9f2265c8488ee667902c48eaf4bb6f8e8e1dc8d918111ead229a3972a74d1e01,RSTM,2,0,1,ST001,成都远望,46.862548828125,83.09510040283203,FMT,PPI,,3,1,1000,2025-04-25T07:54:47+00:00,2025-04-25T07:54:47+00:00,0.000,544,source_directory_only_unverified,unverified,unverified
background_products_bz2/Z_RADR_I_ST001_20250425075512_O_DOR-CUT_YLD6-D_CAP_30_1_FMT.bin.bz2,background_products_bz2,background_product,background_product,.bin.bz2,4689652,d44d2bb1ab624018607884318544748ec3c26cd070fc02b0033e01df16912034,RSTM,2,0,1,ST001,成都远望,46.862548828125,83.09510040283203,FMT,PPI,,3,1,1000,2025-04-25T07:55:12+00:00,2025-04-25T07:55:12+00:00,0.000,544,source_directory_only_unverified,unverified,unverified
background_products_bz2/Z_RADR_I_ST001_20250425075536_O_DOR-CUT_YLD6-D_CAP_30_1_FMT.bin.bz2,background_products_bz2,background_product,background_product,.bin.bz2,4682442,7a19152a81f791ab3538de4e329f656b44accfe1ff1f36f23d317b14589def1b,RSTM,2,0,1,ST001,成都远望,46.862548828125,83.09510040283203,FMT,PPI,,3,1,1000,2025-04-25T07:55:36+00:00,2025-04-25T07:55:36+00:00,0.000,544,source_directory_only_unverified,unverified,unverified
background_products_bz2/Z_RADR_I_ST001_20250425075601_O_DOR-CUT_YLD6-D_CAP_30_1_FMT.bin.bz2,background_products_bz2,background_product,background_product,.bin.bz2,4686026,1b2e78806e85bb585b12ceb7f650155fc16707be7a9c0a469c59c8411b810bc2,RSTM,2,0,1,ST001,成都远望,46.862548828125,83.09510040283203,FMT,PPI,,3,1,1000,2025-04-25T07:56:01+00:00,2025-04-25T07:56:01+00:00,0.000,544,source_directory_only_unverified,unverified,unverified
background_products_bz2/Z_RADR_I_ST001_20250425075626_O_DOR-CUT_YLD6-D_CAP_30_1_FMT.bin.bz2,background_products_bz2,background_product,background_product,.bin.bz2,4699203,2e9bb9af347f74d85b3e09e86d3cd105916c3c894704bedef0f030646347120c,RSTM,2,0,1,ST001,成都远望,46.862548828125,83.09510040283203,FMT,PPI,,3,1,1000,2025-04-25T07:56:26+00:00,2025-04-25T07:56:26+00:00,0.000,544,source_directory_only_unverified,unverified,unverified
background_products_bz2/Z_RADR_I_ST001_20250425075651_O_DOR-CUT_YLD6-D_CAP_30_1_FMT.bin.bz2,background_products_bz2,background_product,background_product,.bin.bz2,4687973,4f29a885a55ec42dcfe2edea2b3a2b5c98b82719417eb07cca4029d710461cbe,RSTM,2,0,1,ST001,成都远望,46.862548828125,83.09510040283203,FMT,PPI,,3,1,1000,2025-04-25T07:56:51+00:00,2025-04-25T07:56:51+00:00,0.000,544,source_directory_only_unverified,unverified,unverified
background_products_bz2/Z_RADR_I_ST001_20250425075716_O_DOR-CUT_YLD6-D_CAP_30_1_FMT.bin.bz2,background_products_bz2,background_product,background_product,.bin.bz2,4689102,ad0bfa06dd7c04993b6abc429835a5d06589ca2f2160653bbfe2cdeeb3869a91,RSTM,2,0,1,ST001,成都远望,46.862548828125,83.09510040283203,FMT,PPI,,3,1,1000,2025-04-25T07:57:16+00:00,2025-04-25T07:57:16+00:00,0.000,544,source_directory_only_unverified,unverified,unverified
background_products_bz2/Z_RADR_I_ST001_20250425075740_O_DOR-CUT_YLD6-D_CAP_30_1_FMT.bin.bz2,background_products_bz2,background_product,background_product,.bin.bz2,4690196,700c9fadd2c53e95a3b007eed76b9d8dce22c21c49dd79c4f31c13dc26fb8b86,RSTM,2,0,1,ST001,成都远望,46.862548828125,83.09510040283203,FMT,PPI,,3,1,1000,2025-04-25T07:57:40+00:00,2025-04-25T07:57:40+00:00,0.000,544,source_directory_only_unverified,unverified,unverified
background_products_bz2/Z_RADR_I_ST001_20250425075805_O_DOR-CUT_YLD6-D_CAP_30_1_FMT.bin.bz2,background_products_bz2,background_product,background_product,.bin.bz2,4688760,a9e912fc7784dd0a6407895f521009654566d9c4f520d154e634f4c868ac2d1e,RSTM,2,0,1,ST001,成都远望,46.862548828125,83.09510040283203,FMT,PPI,,3,1,1000,2025-04-25T07:58:05+00:00,2025-04-25T07:58:05+00:00,0.000,544,source_directory_only_unverified,unverified,unverified
background_products_bz2/Z_RADR_I_ST001_20250425075830_O_DOR-CUT_YLD6-D_CAP_30_1_FMT.bin.bz2,background_products_bz2,background_product,background_product,.bin.bz2,4682418,9790afc568c1d32bd5af49f0b6e91542be7e6148fbc3469a728fea427ffc7481,RSTM,2,0,1,ST001,成都远望,46.862548828125,83.09510040283203,FMT,PPI,,3,1,1000,2025-04-25T07:58:30+00:00,2025-04-25T07:58:30+00:00,0.000,544,source_directory_only_unverified,unverified,unverified
background_products_bz2/Z_RADR_I_ST001_20250425075854_O_DOR-CUT_YLD6-D_CAP_30_1_FMT.bin.bz2,background_products_bz2,background_product,background_product,.bin.bz2,4685926,625a3e8650fe54f1c9d775d56f3ac1361fa1e2f5d9cdfcdfe4b4871677154e27,RSTM,2,0,1,ST001,成都远望,46.862548828125,83.09510040283203,FMT,PPI,,3,1,1000,2025-04-25T07:58:54+00:00,2025-04-25T07:58:54+00:00,0.000,544,source_directory_only_unverified,unverified,unverified
background_products_bz2/Z_RADR_I_ST001_20250425075919_O_DOR-CUT_YLD6-D_CAP_30_1_FMT.bin.bz2,background_products_bz2,background_product,background_product,.bin.bz2,4687096,d162f6528e81fba3cf35d9fe95844a82e4aa9f6be5c8e7838c393e53479d17b0,RSTM,2,0,1,ST001,成都远望,46.862548828125,83.09510040283203,FMT,PPI,,3,1,1000,2025-04-25T07:59:19+00:00,2025-04-25T07:59:19+00:00,0.000,544,source_directory_only_unverified,unverified,unverified
background_products_bz2/Z_RADR_I_ST001_20250425075944_O_DOR-CUT_YLD6-D_CAP_30_1_FMT.bin.bz2,background_products_bz2,background_product,background_product,.bin.bz2,4691284,b58548939d262aabd56d2135a956b1ed3751088c94272ff6265e44193fe80cb8,RSTM,2,0,1,ST001,成都远望,46.862548828125,83.09510040283203,FMT,PPI,,3,1,1000,2025-04-25T07:59:44+00:00,2025-04-25T07:59:44+00:00,0.000,544,source_directory_only_unverified,unverified,unverified
background_products_bz2/Z_RADR_I_ST001_20250425080009_O_DOR-CUT_YLD6-D_CAP_30_1_FMT.bin.bz2,background_products_bz2,background_product,background_product,.bin.bz2,4690293,32f834470a64ebd99ec89e1a1ad2d9c1f5f922720ae18a19a908a64feab69ad0,RSTM,2,0,1,ST001,成都远望,46.862548828125,83.09510040283203,FMT,PPI,,3,1,1000,2025-04-25T08:00:09+00:00,2025-04-25T08:00:09+00:00,0.000,544,source_directory_only_unverified,unverified,unverified
background_products_bz2/Z_RADR_I_ST001_20250425080033_O_DOR-CUT_YLD6-D_CAP_30_1_FMT.bin.bz2,background_products_bz2,background_product,background_product,.bin.bz2,4689772,8995e59af83cd3cd451fee21837553e690fc9825861ba1d721abee0210ab383c,RSTM,2,0,1,ST001,成都远望,46.862548828125,83.09510040283203,FMT,PPI,,3,1,1000,2025-04-25T08:00:33+00:00,2025-04-25T08:00:33+00:00,0.000,544,source_directory_only_unverified,unverified,unverified
background_products_bz2/Z_RADR_I_ST001_20250425080058_O_DOR-CUT_YLD6-D_CAP_30_1_FMT.bin.bz2,background_products_bz2,background_product,background_product,.bin.bz2,4689794,97c437c97009a54e7e99f995729e95035759c2af56bff5017c2cc20cd2226ecc,RSTM,2,0,1,ST001,成都远望,46.862548828125,83.09510040283203,FMT,PPI,,3,1,1000,2025-04-25T08:00:58+00:00,2025-04-25T08:00:58+00:00,0.000,544,source_directory_only_unverified,unverified,unverified
background_products_bz2/Z_RADR_I_ST001_20250425080123_O_DOR-CUT_YLD6-D_CAP_30_1_FMT.bin.bz2,background_products_bz2,background_product,background_product,.bin.bz2,4690647,529588b582ceb43bc7b0864c8a3b38a986abed3b862029619662a10371a99998,RSTM,2,0,1,ST001,成都远望,46.862548828125,83.09510040283203,FMT,PPI,,3,1,1000,2025-04-25T08:01:23+00:00,2025-04-25T08:01:23+00:00,0.000,544,source_directory_only_unverified,unverified,unverified
background_products_bz2/Z_RADR_I_ST001_20250425080148_O_DOR-CUT_YLD6-D_CAP_30_1_FMT.bin.bz2,background_products_bz2,background_product,background_product,.bin.bz2,4684221,7559cc341961fda2479049fcefcc34f5872b466f04d9e30d8c541233298e24f6,RSTM,2,0,1,ST001,成都远望,46.862548828125,83.09510040283203,FMT,PPI,,3,1,1000,2025-04-25T08:01:48+00:00,2025-04-25T08:01:48+00:00,0.000,544,source_directory_only_unverified,unverified,unverified
background_products_bz2/Z_RADR_I_ST001_20250425084907_O_DOR-CUT_YLD6-D_CAP_30_1_FMT.bin.bz2,background_products_bz2,background_product,background_product,.bin.bz2,4691506,2ad79c108a6b37f6bf6c713f827915f3e520c61bfe8ba7cd3b96677cab0ccf26,RSTM,2,0,1,ST001,成都远望,46.862548828125,83.09510040283203,FMT,PPI,,3,1,1000,2025-04-25T08:49:07+00:00,2025-04-25T08:49:07+00:00,0.000,544,source_directory_only_unverified,unverified,unverified
background_products_bz2/Z_RADR_I_ST001_20250425084931_O_DOR-CUT_YLD6-D_CAP_30_1_FMT.bin.bz2,background_products_bz2,background_product,background_product,.bin.bz2,4683775,bf232e4aff201c1aadba3eaea7ef038c1c4d9a69d9727ffee27e0dceae324fd5,RSTM,2,0,1,ST001,成都远望,46.862548828125,83.09510040283203,FMT,PPI,,3,1,1000,2025-04-25T08:49:31+00:00,2025-04-25T08:49:31+00:00,0.000,544,source_directory_only_unverified,unverified,unverified
background_products_bz2/Z_RADR_I_ST001_20250425084956_O_DOR-CUT_YLD6-D_CAP_30_1_FMT.bin.bz2,background_products_bz2,background_product,background_product,.bin.bz2,4693619,2918a3220da533dcf025cfb5c6104ec07b0f8e035e13b4d043c409d151842531,RSTM,2,0,1,ST001,成都远望,46.862548828125,83.09510040283203,FMT,PPI,,3,1,1000,2025-04-25T08:49:56+00:00,2025-04-25T08:49:56+00:00,0.000,544,source_directory_only_unverified,unverified,unverified
background_products_bz2/Z_RADR_I_ST001_20250425085021_O_DOR-CUT_YLD6-D_CAP_30_1_FMT.bin.bz2,background_products_bz2,background_product,background_product,.bin.bz2,4687682,734665a9680cd15dea1a5dfae3e014fc0f121c9494e3e43f17d3218d3315d26a,RSTM,2,0,1,ST001,成都远望,46.862548828125,83.09510040283203,FMT,PPI,,3,1,1000,2025-04-25T08:50:21+00:00,2025-04-25T08:50:21+00:00,0.000,544,source_directory_only_unverified,unverified,unverified
background_products_bz2/Z_RADR_I_ST001_20250425085045_O_DOR-CUT_YLD6-D_CAP_30_1_FMT.bin.bz2,background_products_bz2,background_product,background_product,.bin.bz2,4682487,a8f4066ae909ebfd4bde75586f5b9ecb71483b58fa1b44868660fac7edc48dc6,RSTM,2,0,1,ST001,成都远望,46.862548828125,83.09510040283203,FMT,PPI,,3,1,1000,2025-04-25T08:50:45+00:00,2025-04-25T08:50:45+00:00,0.000,544,source_directory_only_unverified,unverified,unverified
background_products_bz2/Z_RADR_I_ST001_20250425085110_O_DOR-CUT_YLD6-D_CAP_30_1_FMT.bin.bz2,background_products_bz2,background_product,background_product,.bin.bz2,4687408,992c80509ee9375f899bc0da0bb3c46f1bfcca0e5c060b5a2f272c7f26720cad,RSTM,2,0,1,ST001,成都远望,46.862548828125,83.09510040283203,FMT,PPI,,3,1,1000,2025-04-25T08:51:10+00:00,2025-04-25T08:51:10+00:00,0.000,544,source_directory_only_unverified,unverified,unverified
background_products_bz2/Z_RADR_I_ST001_20250425085135_O_DOR-CUT_YLD6-D_CAP_30_1_FMT.bin.bz2,background_products_bz2,background_product,background_product,.bin.bz2,4688270,7ebe28b2b20ab91954ef029aeaff6db632a28ef5e136a010932390246ade4f0c,RSTM,2,0,1,ST001,成都远望,46.862548828125,83.09510040283203,FMT,PPI,,3,1,1000,2025-04-25T08:51:35+00:00,2025-04-25T08:51:35+00:00,0.000,544,source_directory_only_unverified,unverified,unverified
background_products_bz2/Z_RADR_I_ST001_20250425085200_O_DOR-CUT_YLD6-D_CAP_30_1_FMT.bin.bz2,background_products_bz2,background_product,background_product,.bin.bz2,4688022,961d88c1290939aebb602d25ff55328587bf01e8c06cd441dab78fdc927389f3,RSTM,2,0,1,ST001,成都远望,46.862548828125,83.09510040283203,FMT,PPI,,3,1,1000,2025-04-25T08:52:00+00:00,2025-04-25T08:52:00+00:00,0.000,544,source_directory_only_unverified,unverified,unverified
background_products_bz2/Z_RADR_I_ST001_20250425085224_O_DOR-CUT_YLD6-D_CAP_30_1_FMT.bin.bz2,background_products_bz2,background_product,background_product,.bin.bz2,4688352,fd5b4e33ca85252b5749d2496f698b4621b1836f82de8649b4d01e49c0d5e423,RSTM,2,0,1,ST001,成都远望,46.862548828125,83.09510040283203,FMT,PPI,,3,1,1000,2025-04-25T08:52:24+00:00,2025-04-25T08:52:24+00:00,0.000,544,source_directory_only_unverified,unverified,unverified
background_products_bz2/Z_RADR_I_ST001_20250425085305_O_DOR_YLD6-D_RHI_FMT.bin.bz2,background_products_bz2,background_product,background_product,.bin.bz2,888536,6b8737de7b3dcf3b031e845ae304ae157552165fb9b57b592b3a17acb5550fbe,RSTM,2,0,1,ST001,成都远望,46.862548828125,83.09510040283203,FMT,RHI,,3,2,2000,2025-04-25T08:53:05+00:00,2025-04-25T08:53:05+00:00,0.000,544,source_directory_only_unverified,unverified,unverified
background_products_bz2/Z_RADR_I_ST001_20250425085315_O_DOR_YLD6-D_RHI_FMT.bin.bz2,background_products_bz2,background_product,background_product,.bin.bz2,888997,c998491a9e91088a4aa389888006cc7e7c74e0e62a3f6fca2602ecb5998778c3,RSTM,2,0,1,ST001,成都远望,46.862548828125,83.09510040283203,FMT,RHI,,3,2,2000,2025-04-25T08:53:15+00:00,2025-04-25T08:53:15+00:00,0.000,544,source_directory_only_unverified,unverified,unverified
background_products_bz2/Z_RADR_I_ST001_20250425085325_O_DOR_YLD6-D_RHI_FMT.bin.bz2,background_products_bz2,background_product,background_product,.bin.bz2,890501,eb3b7055682546b5afa50a1a66d7c9a2c205b2fa6f162c371306dfe5711e6a13,RSTM,2,0,1,ST001,成都远望,46.862548828125,83.09510040283203,FMT,RHI,,3,2,2000,2025-04-25T08:53:25+00:00,2025-04-25T08:53:25+00:00,0.000,544,source_directory_only_unverified,unverified,unverified
background_products_bz2/Z_RADR_I_ST001_20250425085335_O_DOR_YLD6-D_RHI_FMT.bin.bz2,background_products_bz2,background_product,background_product,.bin.bz2,888954,6982880867ed3d4b095d414cd7e9031c6657baef47bb55c327af1a07f96440ee,RSTM,2,0,1,ST001,成都远望,46.862548828125,83.09510040283203,FMT,RHI,,3,2,2000,2025-04-25T08:53:35+00:00,2025-04-25T08:53:35+00:00,0.000,544,source_directory_only_unverified,unverified,unverified
background_products_bz2/Z_RADR_I_ST001_20250425085345_O_DOR_YLD6-D_RHI_FMT.bin.bz2,background_products_bz2,background_product,background_product,.bin.bz2,889560,a2ab37a4322a85d79115e99373ec5477d76feed1979f6e4f9947205d73e8e707,RSTM,2,0,1,ST001,成都远望,46.862548828125,83.09510040283203,FMT,RHI,,3,2,2000,2025-04-25T08:53:45+00:00,2025-04-25T08:53:45+00:00,0.000,544,source_directory_only_unverified,unverified,unverified
background_products_bz2/Z_RADR_I_ST001_20250425085355_O_DOR_YLD6-D_RHI_FMT.bin.bz2,background_products_bz2,background_product,background_product,.bin.bz2,888932,9f66d8e654764c600f09c4eebb2e7e89fe7eef3e0dee173ec6b710582239c823,RSTM,2,0,1,ST001,成都远望,46.862548828125,83.09510040283203,FMT,RHI,,3,2,2000,2025-04-25T08:53:55+00:00,2025-04-25T08:53:55+00:00,0.000,544,source_directory_only_unverified,unverified,unverified
background_products_bz2/Z_RADR_I_ST001_20250425085405_O_DOR_YLD6-D_RHI_FMT.bin.bz2,background_products_bz2,background_product,background_product,.bin.bz2,889985,15c9c0957eb18c95e4f9ca5c6ba5ef280f751851de5d47a0162d02590ddd1518,RSTM,2,0,1,ST001,成都远望,46.862548828125,83.09510040283203,FMT,RHI,,3,2,2000,2025-04-25T08:54:05+00:00,2025-04-25T08:54:05+00:00,0.000,544,source_directory_only_unverified,unverified,unverified
background_products_bz2/Z_RADR_I_ST001_20250425085415_O_DOR_YLD6-D_RHI_FMT.bin.bz2,background_products_bz2,background_product,background_product,.bin.bz2,889443,0cfe36fd082870af17e2abc3da766f0fa7cd50b1654497e3a97928bd586a6ab1,RSTM,2,0,1,ST001,成都远望,46.862548828125,83.09510040283203,FMT,RHI,,3,2,2000,2025-04-25T08:54:15+00:00,2025-04-25T08:54:15+00:00,0.000,544,source_directory_only_unverified,unverified,unverified
background_products_bz2/Z_RADR_I_ST001_20250425085424_O_DOR_YLD6-D_RHI_FMT.bin.bz2,background_products_bz2,background_product,background_product,.bin.bz2,889424,d838e91e1fd33f105bfbee88213969cb8aed0481963d567f145e961fb145b0e1,RSTM,2,0,1,ST001,成都远望,46.862548828125,83.09510040283203,FMT,RHI,,3,2,2000,2025-04-25T08:54:24+00:00,2025-04-25T08:54:24+00:00,0.000,544,source_directory_only_unverified,unverified,unverified
background_products_bz2/Z_RADR_I_ST001_20250425085434_O_DOR_YLD6-D_RHI_FMT.bin.bz2,background_products_bz2,background_product,background_product,.bin.bz2,888684,95f4efd72f1b877af99a32cab185956b44d30f6db53e2566077f8100e61e3c4d,RSTM,2,0,1,ST001,成都远望,46.862548828125,83.09510040283203,FMT,RHI,,3,2,2000,2025-04-25T08:54:34+00:00,2025-04-25T08:54:34+00:00,0.000,544,source_directory_only_unverified,unverified,unverified
background_products_bz2/Z_RADR_I_ST001_20250425085444_O_DOR_YLD6-D_RHI_FMT.bin.bz2,background_products_bz2,background_product,background_product,.bin.bz2,889239,6e738ceb00172891892b83c92fcc627b37eb7fb691faed3ccd6927f068ce122f,RSTM,2,0,1,ST001,成都远望,46.862548828125,83.09510040283203,FMT,RHI,,3,2,2000,2025-04-25T08:54:44+00:00,2025-04-25T08:54:44+00:00,0.000,544,source_directory_only_unverified,unverified,unverified
background_products_bz2/Z_RADR_I_ST001_20250425085454_O_DOR_YLD6-D_RHI_FMT.bin.bz2,background_products_bz2,background_product,background_product,.bin.bz2,889196,dcca4b8b44b112a2851b1cbe067214b791f6e11d9ef26dfd8bceb4ff74117aeb,RSTM,2,0,1,ST001,成都远望,46.862548828125,83.09510040283203,FMT,RHI,,3,2,2000,2025-04-25T08:54:54+00:00,2025-04-25T08:54:54+00:00,0.000,544,source_directory_only_unverified,unverified,unverified
background_products_bz2/Z_RADR_I_ST001_20250425085504_O_DOR_YLD6-D_RHI_FMT.bin.bz2,background_products_bz2,background_product,background_product,.bin.bz2,890148,b3fd565cad6595623263c9b64128a1256a1fd038072dbf94d35c37afa10e4ee1,RSTM,2,0,1,ST001,成都远望,46.862548828125,83.09510040283203,FMT,RHI,,3,2,2000,2025-04-25T08:55:04+00:00,2025-04-25T08:55:04+00:00,0.000,544,source_directory_only_unverified,unverified,unverified
background_products_bz2/Z_RADR_I_ST001_20250425085514_O_DOR_YLD6-D_RHI_FMT.bin.bz2,background_products_bz2,background_product,background_product,.bin.bz2,890465,9d20ffab20b196536a5ee5c37e10d695db2db990867b99bfa4948dd4de46fdec,RSTM,2,0,1,ST001,成都远望,46.862548828125,83.09510040283203,FMT,RHI,,3,2,2000,2025-04-25T08:55:14+00:00,2025-04-25T08:55:14+00:00,0.000,544,source_directory_only_unverified,unverified,unverified
background_products_bz2/Z_RADR_I_ST001_20250425085523_O_DOR_YLD6-D_RHI_FMT.bin.bz2,background_products_bz2,background_product,background_product,.bin.bz2,889820,039ccfcadfff0712d12842693bb43037ec041068a355d21d546e8189f77a6e24,RSTM,2,0,1,ST001,成都远望,46.862548828125,83.09510040283203,FMT,RHI,,3,2,2000,2025-04-25T08:55:23+00:00,2025-04-25T08:55:23+00:00,0.000,544,source_directory_only_unverified,unverified,unverified
background_products_bz2/Z_RADR_I_ST001_20250425085533_O_DOR_YLD6-D_RHI_FMT.bin.bz2,background_products_bz2,background_product,background_product,.bin.bz2,888703,6d01071284355810e5850a98126dfbfab3c42a05f7f3b882ca7201c4f9e122df,RSTM,2,0,1,ST001,成都远望,46.862548828125,83.09510040283203,FMT,RHI,,3,2,2000,2025-04-25T08:55:33+00:00,2025-04-25T08:55:33+00:00,0.000,544,source_directory_only_unverified,unverified,unverified
background_products_bz2/Z_RADR_I_ST001_20250425085543_O_DOR_YLD6-D_RHI_FMT.bin.bz2,background_products_bz2,background_product,background_product,.bin.bz2,890183,4f31d7f67584bf0f1344a376b7d84cab3f8c52aaeac3f3f7590cfefff9dc98c3,RSTM,2,0,1,ST001,成都远望,46.862548828125,83.09510040283203,FMT,RHI,,3,2,2000,2025-04-25T08:55:43+00:00,2025-04-25T08:55:43+00:00,0.000,544,source_directory_only_unverified,unverified,unverified
background_products_bz2/Z_RADR_I_ST001_20250425085553_O_DOR_YLD6-D_RHI_FMT.bin.bz2,background_products_bz2,background_product,background_product,.bin.bz2,889836,98ced6ba2f07140ffb786d760133d21d4932cba62988e9f056ecedde7990fc31,RSTM,2,0,1,ST001,成都远望,46.862548828125,83.09510040283203,FMT,RHI,,3,2,2000,2025-04-25T08:55:53+00:00,2025-04-25T08:55:53+00:00,0.000,544,source_directory_only_unverified,unverified,unverified
background_products_bz2/Z_RADR_I_ST001_20250425085603_O_DOR_YLD6-D_RHI_FMT.bin.bz2,background_products_bz2,background_product,background_product,.bin.bz2,888074,dcc2aa3692bcbe2455d9e2a1058ef3d2cfe5ccf68ef159dc4521dcecd0ddb893,RSTM,2,0,1,ST001,成都远望,46.862548828125,83.09510040283203,FMT,RHI,,3,2,2000,2025-04-25T08:56:03+00:00,2025-04-25T08:56:03+00:00,0.000,544,source_directory_only_unverified,unverified,unverified
background_products_bz2/Z_RADR_I_ST001_20250425085613_O_DOR_YLD6-D_RHI_FMT.bin.bz2,background_products_bz2,background_product,background_product,.bin.bz2,887860,70e4d12208f19fb64cc6b8589227bb55549135a626091036647ff33cd1171a4b,RSTM,2,0,1,ST001,成都远望,46.862548828125,83.09510040283203,FMT,RHI,,3,2,2000,2025-04-25T08:56:13+00:00,2025-04-25T08:56:13+00:00,0.000,544,source_directory_only_unverified,unverified,unverified
background_products_bz2/Z_RADR_I_ST001_20250425085623_O_DOR_YLD6-D_RHI_FMT.bin.bz2,background_products_bz2,background_product,background_product,.bin.bz2,887713,72480c2e95bd08182832ab181199d8c9c54e16cb377716b5affeb7228e0d92da,RSTM,2,0,1,ST001,成都远望,46.862548828125,83.09510040283203,FMT,RHI,,3,2,2000,2025-04-25T08:56:23+00:00,2025-04-25T08:56:23+00:00,0.000,544,source_directory_only_unverified,unverified,unverified
background_products_bz2/Z_RADR_I_ST001_20250425085633_O_DOR_YLD6-D_RHI_FMT.bin.bz2,background_products_bz2,background_product,background_product,.bin.bz2,888889,74b54002c0e2aebad01375b3578756b0d692b148537d82a11342a7f3f46cf0d0,RSTM,2,0,1,ST001,成都远望,46.862548828125,83.09510040283203,FMT,RHI,,3,2,2000,2025-04-25T08:56:33+00:00,2025-04-25T08:56:33+00:00,0.000,544,source_directory_only_unverified,unverified,unverified
background_products_bz2/Z_RADR_I_ST001_20250425085642_O_DOR_YLD6-D_RHI_FMT.bin.bz2,background_products_bz2,background_product,background_product,.bin.bz2,888968,eb3b14a1403652b80252d04851c8abaf683515fca6c28aa37b15d1e817e54c4e,RSTM,2,0,1,ST001,成都远望,46.862548828125,83.09510040283203,FMT,RHI,,3,2,2000,2025-04-25T08:56:42+00:00,2025-04-25T08:56:42+00:00,0.000,544,source_directory_only_unverified,unverified,unverified
background_products_bz2/Z_RADR_I_ST001_20250425085652_O_DOR_YLD6-D_RHI_FMT.bin.bz2,background_products_bz2,background_product,background_product,.bin.bz2,889636,2384399c3a5668264ce65a212e47b3dca536081cdc59dfeadb3aa1691dcb96e3,RSTM,2,0,1,ST001,成都远望,46.862548828125,83.09510040283203,FMT,RHI,,3,2,2000,2025-04-25T08:56:52+00:00,2025-04-25T08:56:52+00:00,0.000,544,source_directory_only_unverified,unverified,unverified
background_products_bz2/Z_RADR_I_ST001_20250425085702_O_DOR_YLD6-D_RHI_FMT.bin.bz2,background_products_bz2,background_product,background_product,.bin.bz2,889524,2300f0c6b27a49afbfb6bed749bdc3b2ba6bbab09e983533b1241344ac1d3d31,RSTM,2,0,1,ST001,成都远望,46.862548828125,83.09510040283203,FMT,RHI,,3,2,2000,2025-04-25T08:57:02+00:00,2025-04-25T08:57:02+00:00,0.000,544,source_directory_only_unverified,unverified,unverified
background_products_bz2/Z_RADR_I_ST001_20250425085712_O_DOR_YLD6-D_RHI_FMT.bin.bz2,background_products_bz2,background_product,background_product,.bin.bz2,889264,44f38b73d70dd4b4d089f53d8122a63abf1bbf95fd5893f28174e72b2828d412,RSTM,2,0,1,ST001,成都远望,46.862548828125,83.09510040283203,FMT,RHI,,3,2,2000,2025-04-25T08:57:12+00:00,2025-04-25T08:57:12+00:00,0.000,544,source_directory_only_unverified,unverified,unverified
background_products_bz2/Z_RADR_I_ST001_20250425085729_O_DOR-CUT_YLD6-D_CAP_50_1_FMT.bin.bz2,background_products_bz2,background_product,background_product,.bin.bz2,4683344,57b3f58724ecd568d334b41c3d895a7a96b6deed88431108dbfb4ebac9aba714,RSTM,2,0,1,ST001,成都远望,46.862548828125,83.09510040283203,FMT,PPI,,3,1,1000,2025-04-25T08:57:29+00:00,2025-04-25T08:57:29+00:00,0.000,544,source_directory_only_unverified,unverified,unverified
background_products_bz2/Z_RADR_I_ST001_20250425085838_O_DOR-CUT_YLD6-D_CAP_0_1_FMT.bin.bz2,background_products_bz2,background_product,background_product,.bin.bz2,3337982,4694c6c106c9e5f0b8d5af268ac098ae90a20062170b050649cf439ffd7a35aa,RSTM,2,0,1,ST001,成都远望,46.862548828125,83.09510040283203,FMT,PPI,,3,1,1000,2025-04-25T08:58:38+00:00,2025-04-25T08:58:38+00:00,0.000,544,source_directory_only_unverified,unverified,unverified
background_products_bz2/Z_RADR_I_ST001_20250425085902_O_DOR-CUT_YLD6-D_CAP_0_1_FMT.bin.bz2,background_products_bz2,background_product,background_product,.bin.bz2,3342821,2f10d2aeaef152f65b45c8e912fca3c377fb1451089389b6f5bdcd4a34ab8d21,RSTM,2,0,1,ST001,成都远望,46.862548828125,83.09510040283203,FMT,PPI,,3,1,1000,2025-04-25T08:59:02+00:00,2025-04-25T08:59:02+00:00,0.000,544,source_directory_only_unverified,unverified,unverified
background_products_bz2/Z_RADR_I_ST001_20250425085958_O_DOR-CUT_YLD6-D_CAP_10_2_FMT.bin.bz2,background_products_bz2,background_product,background_product,.bin.bz2,1020250,7f9420b07261269e47808d4c668041733619d4d40e32b333ea22fb6ae18da867,RSTM,2,0,1,ST001,成都远望,46.862548828125,83.09510040283203,FMT,VCPtest1,,3,0,40000,2025-04-25T08:59:58+00:00,2025-04-25T08:59:58+00:00,0.000,544,source_directory_only_unverified,unverified,unverified
background_products_bz2/Z_RADR_I_ST001_20250425085958_O_DOR-CUT_YLD6-D_CAP_20_3_FMT.bin.bz2,background_products_bz2,background_product,background_product,.bin.bz2,879300,ba95c2f4fdbd7a7bf8c00654f72c7894e98a1239ff4b2da7d443f0a2b1a650a3,RSTM,2,0,1,ST001,成都远望,46.862548828125,83.09510040283203,FMT,VCPtest1,,3,0,40000,2025-04-25T08:59:58+00:00,2025-04-25T08:59:58+00:00,0.000,544,source_directory_only_unverified,unverified,unverified
background_products_bz2/Z_RADR_I_ST001_20250425085958_O_DOR-CUT_YLD6-D_CAP_5_1_FMT.bin.bz2,background_products_bz2,background_product,background_product,.bin.bz2,1037342,e3d77e4a1c9ec55ac90e3f3ab3a965d3689ec034dca3150624afd76398b1544a,RSTM,2,0,1,ST001,成都远望,46.862548828125,83.09510040283203,FMT,VCPtest1,,3,0,40000,2025-04-25T08:59:58+00:00,2025-04-25T08:59:58+00:00,0.000,544,source_directory_only_unverified,unverified,unverified
background_products_bz2/Z_RADR_I_ST001_20250425090302_O_DOR-CUT_YLD6-D_CAP_10_2_FMT.bin.bz2,background_products_bz2,background_product,background_product,.bin.bz2,1012636,a28e6b75b3590ca8c92bf4fb8b3606a0b45ea09d64ec35a3020f35d12505f2c5,RSTM,2,0,1,ST001,成都远望,46.862548828125,83.09510040283203,FMT,VCPtest1,,3,0,40000,2025-04-25T09:03:02+00:00,2025-04-25T09:03:02+00:00,0.000,544,source_directory_only_unverified,unverified,unverified
background_products_bz2/Z_RADR_I_ST001_20250425090302_O_DOR-CUT_YLD6-D_CAP_20_3_FMT.bin.bz2,background_products_bz2,background_product,background_product,.bin.bz2,880369,4f4833ae46c0a72e6ae8fea1446b31ed41a5c76a867d72867c36e4c37a4e114a,RSTM,2,0,1,ST001,成都远望,46.862548828125,83.09510040283203,FMT,VCPtest1,,3,0,40000,2025-04-25T09:03:02+00:00,2025-04-25T09:03:02+00:00,0.000,544,source_directory_only_unverified,unverified,unverified
background_products_bz2/Z_RADR_I_ST001_20250425090302_O_DOR-CUT_YLD6-D_CAP_30_4_FMT.bin.bz2,background_products_bz2,background_product,background_product,.bin.bz2,722254,e554e56181dc34a1d442ed7bb35627cebb3fa3de02cab3cb5ab97217252ad2d0,RSTM,2,0,1,ST001,成都远望,46.862548828125,83.09510040283203,FMT,VCPtest1,,3,0,40000,2025-04-25T09:03:02+00:00,2025-04-25T09:03:02+00:00,0.000,544,source_directory_only_unverified,unverified,unverified
background_products_bz2/Z_RADR_I_ST001_20250425090302_O_DOR-CUT_YLD6-D_CAP_40_5_FMT.bin.bz2,background_products_bz2,background_product,background_product,.bin.bz2,642100,32d8aad500bae3d0b70d6d0031b89dbd72147f3695e5e803eb39e5903651ec37,RSTM,2,0,1,ST001,成都远望,46.862548828125,83.09510040283203,FMT,VCPtest1,,3,0,40000,2025-04-25T09:03:02+00:00,2025-04-25T09:03:02+00:00,0.000,544,source_directory_only_unverified,unverified,unverified
background_products_bz2/Z_RADR_I_ST001_20250425090302_O_DOR-CUT_YLD6-D_CAP_50_6_FMT.bin.bz2,background_products_bz2,background_product,background_product,.bin.bz2,600983,c53321737e3f172f2833a1eec105fef44d5afd1f78ec9e05a8ff84dcf585c564,RSTM,2,0,1,ST001,成都远望,46.862548828125,83.09510040283203,FMT,VCPtest1,,3,0,40000,2025-04-25T09:03:02+00:00,2025-04-25T09:03:02+00:00,0.000,544,source_directory_only_unverified,unverified,unverified
background_products_bz2/Z_RADR_I_ST001_20250425090302_O_DOR-CUT_YLD6-D_CAP_5_1_FMT.bin.bz2,background_products_bz2,background_product,background_product,.bin.bz2,1034746,94fbd363d60fc1dc4b8d50f3cd5ebf0ee2256d3f4e469948dd1657ceb201691b,RSTM,2,0,1,ST001,成都远望,46.862548828125,83.09510040283203,FMT,VCPtest1,,3,0,40000,2025-04-25T09:03:02+00:00,2025-04-25T09:03:02+00:00,0.000,544,source_directory_only_unverified,unverified,unverified
background_products_bz2/Z_RADR_I_ST001_20250425090302_O_DOR-CUT_YLD6-D_CAP_60_7_FMT.bin.bz2,background_products_bz2,background_product,background_product,.bin.bz2,564018,704d8a5fe8f83b7b2d7395a5832d0b870e4373c08b98421187972e623b29dc51,RSTM,2,0,1,ST001,成都远望,46.862548828125,83.09510040283203,FMT,VCPtest1,,3,0,40000,2025-04-25T09:03:02+00:00,2025-04-25T09:03:02+00:00,0.000,544,source_directory_only_unverified,unverified,unverified
background_products_bz2/Z_RADR_I_ST001_20250425090515_O_DOR-CUT_YLD6-D_CAP_10_1_FMT.bin.bz2,background_products_bz2,background_product,background_product,.bin.bz2,4702473,f7fef35cc3a1ba1d759c33b0e1c409bba64a81b5184b010870d71f645e013906,RSTM,2,0,1,ST001,成都远望,46.862548828125,83.09510040283203,FMT,PPI,,3,1,1000,2025-04-25T09:05:15+00:00,2025-04-25T09:05:15+00:00,0.000,544,source_directory_only_unverified,unverified,unverified
background_products_bz2/Z_RADR_I_ST001_20250425090539_O_DOR-CUT_YLD6-D_CAP_10_1_FMT.bin.bz2,background_products_bz2,background_product,background_product,.bin.bz2,4700377,b5f5bbe01c421812a7abdcfaa09f8f76e18ebe84f87c0123f9ce4ae28dbc38f7,RSTM,2,0,1,ST001,成都远望,46.862548828125,83.09510040283203,FMT,PPI,,3,1,1000,2025-04-25T09:05:39+00:00,2025-04-25T09:05:39+00:00,0.000,544,source_directory_only_unverified,unverified,unverified
background_products_bz2/Z_RADR_I_ST001_20250425090604_O_DOR-CUT_YLD6-D_CAP_10_1_FMT.bin.bz2,background_products_bz2,background_product,background_product,.bin.bz2,4701029,1b2cbd5d1e776a4cdf80882fc736f73faccc7c4a51d11e299c26ca231c24ce64,RSTM,2,0,1,ST001,成都远望,46.862548828125,83.09510040283203,FMT,PPI,,3,1,1000,2025-04-25T09:06:04+00:00,2025-04-25T09:06:04+00:00,0.000,544,source_directory_only_unverified,unverified,unverified
background_products_bz2/Z_RADR_I_ST001_20250425090629_O_DOR-CUT_YLD6-D_CAP_10_1_FMT.bin.bz2,background_products_bz2,background_product,background_product,.bin.bz2,4702105,11885b4e8c99edadd91236c71281f84b3484ac2f67813c2b5226b23b685c94ac,RSTM,2,0,1,ST001,成都远望,46.862548828125,83.09510040283203,FMT,PPI,,3,1,1000,2025-04-25T09:06:29+00:00,2025-04-25T09:06:29+00:00,0.000,544,source_directory_only_unverified,unverified,unverified
background_products_bz2/Z_RADR_I_ST001_20250425090654_O_DOR-CUT_YLD6-D_CAP_10_1_FMT.bin.bz2,background_products_bz2,background_product,background_product,.bin.bz2,4696823,f3ee378c09ba6a22b6e08501ac5235be95e0b5a6d12073b12ca1c4c21afa422f,RSTM,2,0,1,ST001,成都远望,46.862548828125,83.09510040283203,FMT,PPI,,3,1,1000,2025-04-25T09:06:54+00:00,2025-04-25T09:06:54+00:00,0.000,544,source_directory_only_unverified,unverified,unverified
background_products_bz2/Z_RADR_I_ST001_20250425090718_O_DOR-CUT_YLD6-D_CAP_10_1_FMT.bin.bz2,background_products_bz2,background_product,background_product,.bin.bz2,4699820,c9c583272412ab9ce5bf7b43e65774d312eee67cc237fd2e7a49fbb291428ebd,RSTM,2,0,1,ST001,成都远望,46.862548828125,83.09510040283203,FMT,PPI,,3,1,1000,2025-04-25T09:07:18+00:00,2025-04-25T09:07:18+00:00,0.000,544,source_directory_only_unverified,unverified,unverified
background_products_bz2/Z_RADR_I_ST001_20250425090743_O_DOR-CUT_YLD6-D_CAP_10_1_FMT.bin.bz2,background_products_bz2,background_product,background_product,.bin.bz2,4700418,92f5531030cbb3592addb19c8b820b03e7b385e9664b2bf346e4001dab7bdcea,RSTM,2,0,1,ST001,成都远望,46.862548828125,83.09510040283203,FMT,PPI,,3,1,1000,2025-04-25T09:07:43+00:00,2025-04-25T09:07:43+00:00,0.000,544,source_directory_only_unverified,unverified,unverified
background_products_bz2/Z_RADR_I_ST001_20250425090808_O_DOR-CUT_YLD6-D_CAP_10_1_FMT.bin.bz2,background_products_bz2,background_product,background_product,.bin.bz2,4700302,8bbaa24fa0989a505d4f1a894c77a50b5a5b32d1c3c57697923dd6af81a989ee,RSTM,2,0,1,ST001,成都远望,46.862548828125,83.09510040283203,FMT,PPI,,3,1,1000,2025-04-25T09:08:08+00:00,2025-04-25T09:08:08+00:00,0.000,544,source_directory_only_unverified,unverified,unverified
background_products_bz2/Z_RADR_I_ST001_20250425090832_O_DOR-CUT_YLD6-D_CAP_10_1_FMT.bin.bz2,background_products_bz2,background_product,background_product,.bin.bz2,4705465,a275ec2ac262958678d5db01050bd55a8f4b296090cc583e3de2102b41960daf,RSTM,2,0,1,ST001,成都远望,46.862548828125,83.09510040283203,FMT,PPI,,3,1,1000,2025-04-25T09:08:32+00:00,2025-04-25T09:08:32+00:00,0.000,544,source_directory_only_unverified,unverified,unverified
background_products_bz2/Z_RADR_I_ST001_20250425090857_O_DOR-CUT_YLD6-D_CAP_10_1_FMT.bin.bz2,background_products_bz2,background_product,background_product,.bin.bz2,4699174,9071d43bec2b86626ff664089b9a5b4180b16557e4839f0f9ebb9e92dd89a964,RSTM,2,0,1,ST001,成都远望,46.862548828125,83.09510040283203,FMT,PPI,,3,1,1000,2025-04-25T09:08:57+00:00,2025-04-25T09:08:57+00:00,0.000,544,source_directory_only_unverified,unverified,unverified
background_products_bz2/Z_RADR_I_ST001_20250425090922_O_DOR-CUT_YLD6-D_CAP_10_1_FMT.bin.bz2,background_products_bz2,background_product,background_product,.bin.bz2,4699253,907aa6f228b34909f37e609d6730fafd469d8eb7b97a923876be839dce00af76,RSTM,2,0,1,ST001,成都远望,46.862548828125,83.09510040283203,FMT,PPI,,3,1,1000,2025-04-25T09:09:22+00:00,2025-04-25T09:09:22+00:00,0.000,544,source_directory_only_unverified,unverified,unverified
background_products_bz2/Z_RADR_I_ST001_20250425090947_O_DOR-CUT_YLD6-D_CAP_10_1_FMT.bin.bz2,background_products_bz2,background_product,background_product,.bin.bz2,4702131,beb107b121133cf6a4de75da09845f7fbc8bb80099968fa8623356c5a7efd2f9,RSTM,2,0,1,ST001,成都远望,46.862548828125,83.09510040283203,FMT,PPI,,3,1,1000,2025-04-25T09:09:47+00:00,2025-04-25T09:09:47+00:00,0.000,544,source_directory_only_unverified,unverified,unverified
background_products_bz2/Z_RADR_I_ST001_20250425091011_O_DOR-CUT_YLD6-D_CAP_10_1_FMT.bin.bz2,background_products_bz2,background_product,background_product,.bin.bz2,4706228,5404afb4c759689696b8abe2617bb9df45a02e9ccf34777c024504f1a12e2e8a,RSTM,2,0,1,ST001,成都远望,46.862548828125,83.09510040283203,FMT,PPI,,3,1,1000,2025-04-25T09:10:11+00:00,2025-04-25T09:10:11+00:00,0.000,544,source_directory_only_unverified,unverified,unverified
background_products_bz2/Z_RADR_I_ST001_20250425091036_O_DOR-CUT_YLD6-D_CAP_10_1_FMT.bin.bz2,background_products_bz2,background_product,background_product,.bin.bz2,4707943,a83dbe6d08fa0125652dad4cdd26409df3d3abecb2aae3b04371c6f5f28a5679,RSTM,2,0,1,ST001,成都远望,46.862548828125,83.09510040283203,FMT,PPI,,3,1,1000,2025-04-25T09:10:36+00:00,2025-04-25T09:10:36+00:00,0.000,544,source_directory_only_unverified,unverified,unverified
background_products_bz2/Z_RADR_I_ST001_20250425091101_O_DOR-CUT_YLD6-D_CAP_10_1_FMT.bin.bz2,background_products_bz2,background_product,background_product,.bin.bz2,4703771,60064814312012fa41fb9644a7ac511bb02e7c95c1d0a266cea38b52aec2a034,RSTM,2,0,1,ST001,成都远望,46.862548828125,83.09510040283203,FMT,PPI,,3,1,1000,2025-04-25T09:11:01+00:00,2025-04-25T09:11:01+00:00,0.000,544,source_directory_only_unverified,unverified,unverified
background_products_bz2/Z_RADR_I_ST001_20250425091125_O_DOR-CUT_YLD6-D_CAP_10_1_FMT.bin.bz2,background_products_bz2,background_product,background_product,.bin.bz2,4697099,bfb229d4e5ea9b78e14dccc0422f07e70634d2cde4d8f6f26c9c8366d9d04d96,RSTM,2,0,1,ST001,成都远望,46.862548828125,83.09510040283203,FMT,PPI,,3,1,1000,2025-04-25T09:11:25+00:00,2025-04-25T09:11:25+00:00,0.000,544,source_directory_only_unverified,unverified,unverified
background_products_bz2/Z_RADR_I_ST001_20250425091150_O_DOR-CUT_YLD6-D_CAP_10_1_FMT.bin.bz2,background_products_bz2,background_product,background_product,.bin.bz2,4692552,97667848737f0c1ad968f50f8b56b5764ba528920d39cd08fe6c56709a0617cc,RSTM,2,0,1,ST001,成都远望,46.862548828125,83.09510040283203,FMT,PPI,,3,1,1000,2025-04-25T09:11:50+00:00,2025-04-25T09:11:50+00:00,0.000,544,source_directory_only_unverified,unverified,unverified
background_products_bz2/Z_RADR_I_ST001_20250425091215_O_DOR-CUT_YLD6-D_CAP_10_1_FMT.bin.bz2,background_products_bz2,background_product,background_product,.bin.bz2,4703065,5e8ddddfd48789bb2845b730a21a1d4e82c2d6f599563bee621f89cd0be7aa4b,RSTM,2,0,1,ST001,成都远望,46.862548828125,83.09510040283203,FMT,PPI,,3,1,1000,2025-04-25T09:12:15+00:00,2025-04-25T09:12:15+00:00,0.000,544,source_directory_only_unverified,unverified,unverified
background_products_bz2/Z_RADR_I_ST001_20250425091240_O_DOR-CUT_YLD6-D_CAP_10_1_FMT.bin.bz2,background_products_bz2,background_product,background_product,.bin.bz2,4703364,b62deb0aa67b56a9edcc87e8d481e5b37796b3c6f4b23a0f6aa346f8c38a3220,RSTM,2,0,1,ST001,成都远望,46.862548828125,83.09510040283203,FMT,PPI,,3,1,1000,2025-04-25T09:12:40+00:00,2025-04-25T09:12:40+00:00,0.000,544,source_directory_only_unverified,unverified,unverified
background_products_bz2/Z_RADR_I_ST001_20250425091304_O_DOR-CUT_YLD6-D_CAP_10_1_FMT.bin.bz2,background_products_bz2,background_product,background_product,.bin.bz2,4705661,4ee756bd54fd7cab47a12bc0f02fc53f46d1a318e4f0a1164f251ecc5963cf33,RSTM,2,0,1,ST001,成都远望,46.862548828125,83.09510040283203,FMT,PPI,,3,1,1000,2025-04-25T09:13:04+00:00,2025-04-25T09:13:04+00:00,0.000,544,source_directory_only_unverified,unverified,unverified
background_products_bz2/Z_RADR_I_ST001_20250425091329_O_DOR-CUT_YLD6-D_CAP_10_1_FMT.bin.bz2,background_products_bz2,background_product,background_product,.bin.bz2,4703778,b5b0d5a215e7da0a48ed1a43b6f35631e1f19d207f81c8b8975066175ef5492a,RSTM,2,0,1,ST001,成都远望,46.862548828125,83.09510040283203,FMT,PPI,,3,1,1000,2025-04-25T09:13:29+00:00,2025-04-25T09:13:29+00:00,0.000,544,source_directory_only_unverified,unverified,unverified
background_products_bz2/Z_RADR_I_ST001_20250425091354_O_DOR-CUT_YLD6-D_CAP_10_1_FMT.bin.bz2,background_products_bz2,background_product,background_product,.bin.bz2,4694121,01dd8fae6a3c7007864cd823c0f1ce2d37ddf76c3c2c22658a9356f60414faaf,RSTM,2,0,1,ST001,成都远望,46.862548828125,83.09510040283203,FMT,PPI,,3,1,1000,2025-04-25T09:13:54+00:00,2025-04-25T09:13:54+00:00,0.000,544,source_directory_only_unverified,unverified,unverified
background_products_bz2/Z_RADR_I_ST001_20250425091419_O_DOR-CUT_YLD6-D_CAP_10_1_FMT.bin.bz2,background_products_bz2,background_product,background_product,.bin.bz2,4706066,9e6083c036b316aa9be37bbceb523ac2a5d32f61547a0c5c18f7c59b5afb7860,RSTM,2,0,1,ST001,成都远望,46.862548828125,83.09510040283203,FMT,PPI,,3,1,1000,2025-04-25T09:14:19+00:00,2025-04-25T09:14:19+00:00,0.000,544,source_directory_only_unverified,unverified,unverified
background_products_bz2/Z_RADR_I_ST001_20250425091443_O_DOR-CUT_YLD6-D_CAP_10_1_FMT.bin.bz2,background_products_bz2,background_product,background_product,.bin.bz2,4702167,4690a29bbc4c3621fc90beb0c2583f8d44904ee3f4a00b1cb6b6c6955cb952eb,RSTM,2,0,1,ST001,成都远望,46.862548828125,83.09510040283203,FMT,PPI,,3,1,1000,2025-04-25T09:14:43+00:00,2025-04-25T09:14:43+00:00,0.000,544,source_directory_only_unverified,unverified,unverified
background_products_bz2/Z_RADR_I_ST001_20250425091508_O_DOR-CUT_YLD6-D_CAP_10_1_FMT.bin.bz2,background_products_bz2,background_product,background_product,.bin.bz2,4702990,39db6f5486fd0043469546eab59d5a1e73ea89846b7784c1c76d79e205e98f7f,RSTM,2,0,1,ST001,成都远望,46.862548828125,83.09510040283203,FMT,PPI,,3,1,1000,2025-04-25T09:15:08+00:00,2025-04-25T09:15:08+00:00,0.000,544,source_directory_only_unverified,unverified,unverified
background_products_bz2/Z_RADR_I_ST001_20250425091533_O_DOR-CUT_YLD6-D_CAP_10_1_FMT.bin.bz2,background_products_bz2,background_product,background_product,.bin.bz2,4701061,197c810283849ab55d71231fbef3ba18a777b4e12c420e0517b7c665013a4e73,RSTM,2,0,1,ST001,成都远望,46.862548828125,83.09510040283203,FMT,PPI,,3,1,1000,2025-04-25T09:15:33+00:00,2025-04-25T09:15:33+00:00,0.000,544,source_directory_only_unverified,unverified,unverified
background_products_bz2/Z_RADR_I_ST001_20250425091557_O_DOR-CUT_YLD6-D_CAP_10_1_FMT.bin.bz2,background_products_bz2,background_product,background_product,.bin.bz2,4703325,d996fcadbe0a43d3003167418a69b5b15bf452938b3b37e6dfe04382402b91f1,RSTM,2,0,1,ST001,成都远望,46.862548828125,83.09510040283203,FMT,PPI,,3,1,1000,2025-04-25T09:15:57+00:00,2025-04-25T09:15:57+00:00,0.000,544,source_directory_only_unverified,unverified,unverified
background_products_bz2/Z_RADR_I_ST001_20250425091622_O_DOR-CUT_YLD6-D_CAP_10_1_FMT.bin.bz2,background_products_bz2,background_product,background_product,.bin.bz2,4703110,eba906fa16005354e8347a468621cd5a462c5b8f9c4b88eaddc2c392c3fb182f,RSTM,2,0,1,ST001,成都远望,46.862548828125,83.09510040283203,FMT,PPI,,3,1,1000,2025-04-25T09:16:22+00:00,2025-04-25T09:16:22+00:00,0.000,544,source_directory_only_unverified,unverified,unverified
background_products_bz2/Z_RADR_I_ST001_20250425091647_O_DOR-CUT_YLD6-D_CAP_10_1_FMT.bin.bz2,background_products_bz2,background_product,background_product,.bin.bz2,4708106,f03fe91b7c83de6bd11f505d039f9ec744800ae2929c15ea0a643e1e4ba89c85,RSTM,2,0,1,ST001,成都远望,46.862548828125,83.09510040283203,FMT,PPI,,3,1,1000,2025-04-25T09:16:47+00:00,2025-04-25T09:16:47+00:00,0.000,544,source_directory_only_unverified,unverified,unverified
background_products_bz2/Z_RADR_I_ST001_20250425091712_O_DOR-CUT_YLD6-D_CAP_10_1_FMT.bin.bz2,background_products_bz2,background_product,background_product,.bin.bz2,4695852,76c2783baed566d085e0a0f49d2e1375dbe14d948ba1be276f36b4225cdaf61e,RSTM,2,0,1,ST001,成都远望,46.862548828125,83.09510040283203,FMT,PPI,,3,1,1000,2025-04-25T09:17:12+00:00,2025-04-25T09:17:12+00:00,0.000,544,source_directory_only_unverified,unverified,unverified
background_products_bz2/Z_RADR_I_ST001_20250425091736_O_DOR-CUT_YLD6-D_CAP_10_1_FMT.bin.bz2,background_products_bz2,background_product,background_product,.bin.bz2,4694634,e908435671c623decb4d5a6890922c1ebe80ce779fb7415c8f63be9f6558e456,RSTM,2,0,1,ST001,成都远望,46.862548828125,83.09510040283203,FMT,PPI,,3,1,1000,2025-04-25T09:17:36+00:00,2025-04-25T09:17:36+00:00,0.000,544,source_directory_only_unverified,unverified,unverified
background_products_bz2/Z_RADR_I_ST001_20250425091801_O_DOR-CUT_YLD6-D_CAP_10_1_FMT.bin.bz2,background_products_bz2,background_product,background_product,.bin.bz2,4706435,cb2d3900d9ea4c2c03f9cd5856ee6e67d889af63ef77b4d87f11a8f9afcc136c,RSTM,2,0,1,ST001,成都远望,46.862548828125,83.09510040283203,FMT,PPI,,3,1,1000,2025-04-25T09:18:01+00:00,2025-04-25T09:18:01+00:00,0.000,544,source_directory_only_unverified,unverified,unverified
background_products_bz2/Z_RADR_I_ST001_20250425091826_O_DOR-CUT_YLD6-D_CAP_10_1_FMT.bin.bz2,background_products_bz2,background_product,background_product,.bin.bz2,4707489,75aa4443faf81994b575c099c794911fe09702d93b77bb47375fca03f7784d17,RSTM,2,0,1,ST001,成都远望,46.862548828125,83.09510040283203,FMT,PPI,,3,1,1000,2025-04-25T09:18:26+00:00,2025-04-25T09:18:26+00:00,0.000,544,source_directory_only_unverified,unverified,unverified
background_products_bz2/Z_RADR_I_ST001_20250425091850_O_DOR-CUT_YLD6-D_CAP_10_1_FMT.bin.bz2,background_products_bz2,background_product,background_product,.bin.bz2,4701224,0965bb7ceeea660c140cd00e68e88000b8028e57351a52c181fb15c456de61c0,RSTM,2,0,1,ST001,成都远望,46.862548828125,83.09510040283203,FMT,PPI,,3,1,1000,2025-04-25T09:18:50+00:00,2025-04-25T09:18:50+00:00,0.000,544,source_directory_only_unverified,unverified,unverified
background_products_bz2/Z_RADR_I_ST001_20250425091915_O_DOR-CUT_YLD6-D_CAP_10_1_FMT.bin.bz2,background_products_bz2,background_product,background_product,.bin.bz2,4702394,2933216a6b254ac73c425ee134e9dc15026d61e4d76ee8e4379c0b00e699ea30,RSTM,2,0,1,ST001,成都远望,46.862548828125,83.09510040283203,FMT,PPI,,3,1,1000,2025-04-25T09:19:15+00:00,2025-04-25T09:19:15+00:00,0.000,544,source_directory_only_unverified,unverified,unverified
background_products_bz2/Z_RADR_I_ST001_20250425091940_O_DOR-CUT_YLD6-D_CAP_10_1_FMT.bin.bz2,background_products_bz2,background_product,background_product,.bin.bz2,4703277,9887ca31021b47f981b03ad6be2507e0c42c0b4455a4d37ebe5619583374ae51,RSTM,2,0,1,ST001,成都远望,46.862548828125,83.09510040283203,FMT,PPI,,3,1,1000,2025-04-25T09:19:40+00:00,2025-04-25T09:19:40+00:00,0.000,544,source_directory_only_unverified,unverified,unverified
background_products_bz2/Z_RADR_I_ST001_20250425092005_O_DOR-CUT_YLD6-D_CAP_10_1_FMT.bin.bz2,background_products_bz2,background_product,background_product,.bin.bz2,4707620,4d0cc8f16a5dbf5fbec6a5cf642784b627ab76720f91b30deb1128c41d94d004,RSTM,2,0,1,ST001,成都远望,46.862548828125,83.09510040283203,FMT,PPI,,3,1,1000,2025-04-25T09:20:05+00:00,2025-04-25T09:20:05+00:00,0.000,544,source_directory_only_unverified,unverified,unverified
background_products_bz2/Z_RADR_I_ST001_20250425092029_O_DOR-CUT_YLD6-D_CAP_10_1_FMT.bin.bz2,background_products_bz2,background_product,background_product,.bin.bz2,4700234,cecce424ddded2021ca9d1576305c1345336b0bd0af744ba897f636649f0a415,RSTM,2,0,1,ST001,成都远望,46.862548828125,83.09510040283203,FMT,PPI,,3,1,1000,2025-04-25T09:20:29+00:00,2025-04-25T09:20:29+00:00,0.000,544,source_directory_only_unverified,unverified,unverified
background_products_bz2/Z_RADR_I_ST001_20250425092054_O_DOR-CUT_YLD6-D_CAP_10_1_FMT.bin.bz2,background_products_bz2,background_product,background_product,.bin.bz2,4701143,92a0089cfd944fda2fd464f5d05fe1ed237c776d7352350aa55cb3f502d238cc,RSTM,2,0,1,ST001,成都远望,46.862548828125,83.09510040283203,FMT,PPI,,3,1,1000,2025-04-25T09:20:54+00:00,2025-04-25T09:20:54+00:00,0.000,544,source_directory_only_unverified,unverified,unverified
background_products_bz2/Z_RADR_I_ST001_20250425092119_O_DOR-CUT_YLD6-D_CAP_10_1_FMT.bin.bz2,background_products_bz2,background_product,background_product,.bin.bz2,4696656,0d603c008cf29820f585707f94f8c4485eb95df0c5bc569c04282cf121c3bdb0,RSTM,2,0,1,ST001,成都远望,46.862548828125,83.09510040283203,FMT,PPI,,3,1,1000,2025-04-25T09:21:19+00:00,2025-04-25T09:21:19+00:00,0.000,544,source_directory_only_unverified,unverified,unverified
background_products_bz2/Z_RADR_I_ST001_20250425092143_O_DOR-CUT_YLD6-D_CAP_10_1_FMT.bin.bz2,background_products_bz2,background_product,background_product,.bin.bz2,4709153,22cd23525783081c59062ebf4d01fa8336bb5509b574d976c7ad60e7ee872266,RSTM,2,0,1,ST001,成都远望,46.862548828125,83.09510040283203,FMT,PPI,,3,1,1000,2025-04-25T09:21:43+00:00,2025-04-25T09:21:43+00:00,0.000,544,source_directory_only_unverified,unverified,unverified
background_products_bz2/Z_RADR_I_ST001_20250425092208_O_DOR-CUT_YLD6-D_CAP_10_1_FMT.bin.bz2,background_products_bz2,background_product,background_product,.bin.bz2,4699566,15507447254634167b01a2ff1ff50680eb1bd09f367be36b0c4d60aa4ce94e54,RSTM,2,0,1,ST001,成都远望,46.862548828125,83.09510040283203,FMT,PPI,,3,1,1000,2025-04-25T09:22:08+00:00,2025-04-25T09:22:08+00:00,0.000,544,source_directory_only_unverified,unverified,unverified
background_products_bz2/Z_RADR_I_ST001_20250425092233_O_DOR-CUT_YLD6-D_CAP_10_1_FMT.bin.bz2,background_products_bz2,background_product,background_product,.bin.bz2,4705359,1016fd690129eba1802e9a0f3eb735d3f9f45f5691063e4a9d3b4cc590b3aebe,RSTM,2,0,1,ST001,成都远望,46.862548828125,83.09510040283203,FMT,PPI,,3,1,1000,2025-04-25T09:22:33+00:00,2025-04-25T09:22:33+00:00,0.000,544,source_directory_only_unverified,unverified,unverified
background_products_bz2/Z_RADR_I_ST001_20250425092258_O_DOR-CUT_YLD6-D_CAP_10_1_FMT.bin.bz2,background_products_bz2,background_product,background_product,.bin.bz2,4698966,7bd14293a717db0376cea10f5ae570f509767d2e012a743b619ecf71540dc703,RSTM,2,0,1,ST001,成都远望,46.862548828125,83.09510040283203,FMT,PPI,,3,1,1000,2025-04-25T09:22:58+00:00,2025-04-25T09:22:58+00:00,0.000,544,source_directory_only_unverified,unverified,unverified
background_products_bz2/Z_RADR_I_ST001_20250425092322_O_DOR-CUT_YLD6-D_CAP_10_1_FMT.bin.bz2,background_products_bz2,background_product,background_product,.bin.bz2,4691026,dc509cbd44d770feba11c969382ad90906828401dfe230ba046a9e5025e1b2d1,RSTM,2,0,1,ST001,成都远望,46.862548828125,83.09510040283203,FMT,PPI,,3,1,1000,2025-04-25T09:23:22+00:00,2025-04-25T09:23:22+00:00,0.000,544,source_directory_only_unverified,unverified,unverified
background_products_bz2/Z_RADR_I_ST001_20250425092347_O_DOR-CUT_YLD6-D_CAP_10_1_FMT.bin.bz2,background_products_bz2,background_product,background_product,.bin.bz2,4701045,2bf374e7d7f7c90fbbfea0627b646a5bd48b8d5c395ca612d27ada0ed1e5da42,RSTM,2,0,1,ST001,成都远望,46.862548828125,83.09510040283203,FMT,PPI,,3,1,1000,2025-04-25T09:23:47+00:00,2025-04-25T09:23:47+00:00,0.000,544,source_directory_only_unverified,unverified,unverified
background_products_bz2/Z_RADR_I_ST001_20250425092412_O_DOR-CUT_YLD6-D_CAP_10_1_FMT.bin.bz2,background_products_bz2,background_product,background_product,.bin.bz2,4686376,2ccc12741be13bcfc6a44c97c95d906a847db552c230fa36875d57e3d22ca050,RSTM,2,0,1,ST001,成都远望,46.862548828125,83.09510040283203,FMT,PPI,,3,1,1000,2025-04-25T09:24:12+00:00,2025-04-25T09:24:12+00:00,0.000,544,source_directory_only_unverified,unverified,unverified
background_products_bz2/Z_RADR_I_ST001_20250425092436_O_DOR-CUT_YLD6-D_CAP_10_1_FMT.bin.bz2,background_products_bz2,background_product,background_product,.bin.bz2,4699268,7c95c54ad1853f41fd1aa142f46ddcc3547795d835e364590d894341912e0d81,RSTM,2,0,1,ST001,成都远望,46.862548828125,83.09510040283203,FMT,PPI,,3,1,1000,2025-04-25T09:24:36+00:00,2025-04-25T09:24:36+00:00,0.000,544,source_directory_only_unverified,unverified,unverified
background_products_bz2/Z_RADR_I_ST001_20250425092501_O_DOR-CUT_YLD6-D_CAP_10_1_FMT.bin.bz2,background_products_bz2,background_product,background_product,.bin.bz2,4702823,0f5ff4515444692f9de562a4cb8915336b413a06dee6d1720c5e71c645cb2dd2,RSTM,2,0,1,ST001,成都远望,46.862548828125,83.09510040283203,FMT,PPI,,3,1,1000,2025-04-25T09:25:01+00:00,2025-04-25T09:25:01+00:00,0.000,544,source_directory_only_unverified,unverified,unverified
background_products_bz2/Z_RADR_I_ST001_20250425092526_O_DOR-CUT_YLD6-D_CAP_10_1_FMT.bin.bz2,background_products_bz2,background_product,background_product,.bin.bz2,4701689,c553ed835350648a12d6b8231f6e16e062372e9077a0f00af7f4957fa6e9d643,RSTM,2,0,1,ST001,成都远望,46.862548828125,83.09510040283203,FMT,PPI,,3,1,1000,2025-04-25T09:25:26+00:00,2025-04-25T09:25:26+00:00,0.000,544,source_directory_only_unverified,unverified,unverified
background_products_bz2/Z_RADR_I_ST001_20250425092551_O_DOR-CUT_YLD6-D_CAP_10_1_FMT.bin.bz2,background_products_bz2,background_product,background_product,.bin.bz2,4702410,b688a1015da987ef30f8e6e9e48f4543872889ebe3f1d15eda692995b98dabd0,RSTM,2,0,1,ST001,成都远望,46.862548828125,83.09510040283203,FMT,PPI,,3,1,1000,2025-04-25T09:25:51+00:00,2025-04-25T09:25:51+00:00,0.000,544,source_directory_only_unverified,unverified,unverified
background_products_bz2/Z_RADR_I_ST001_20250425092615_O_DOR-CUT_YLD6-D_CAP_10_1_FMT.bin.bz2,background_products_bz2,background_product,background_product,.bin.bz2,4706960,20898c822fafe8e81c1e19ddbdea654b083eb0f061ca321d501aa36d20a8f290,RSTM,2,0,1,ST001,成都远望,46.862548828125,83.09510040283203,FMT,PPI,,3,1,1000,2025-04-25T09:26:15+00:00,2025-04-25T09:26:15+00:00,0.000,544,source_directory_only_unverified,unverified,unverified
background_products_bz2/Z_RADR_I_ST001_20250425092640_O_DOR-CUT_YLD6-D_CAP_10_1_FMT.bin.bz2,background_products_bz2,background_product,background_product,.bin.bz2,4694155,8163ac2cc20e51949c50f1cf2cc0f90149950e0d139500f0fdc6c0e8892f99c0,RSTM,2,0,1,ST001,成都远望,46.862548828125,83.09510040283203,FMT,PPI,,3,1,1000,2025-04-25T09:26:40+00:00,2025-04-25T09:26:40+00:00,0.000,544,source_directory_only_unverified,unverified,unverified
background_products_bz2/Z_RADR_I_ST001_20250425092705_O_DOR-CUT_YLD6-D_CAP_10_1_FMT.bin.bz2,background_products_bz2,background_product,background_product,.bin.bz2,4700364,fa8f41ec1a6b6f55f40116adb90b59b3a82c3d9bcab8e6e917ba955e931f906f,RSTM,2,0,1,ST001,成都远望,46.862548828125,83.09510040283203,FMT,PPI,,3,1,1000,2025-04-25T09:27:05+00:00,2025-04-25T09:27:05+00:00,0.000,544,source_directory_only_unverified,unverified,unverified
background_products_bz2/Z_RADR_I_ST001_20250425092729_O_DOR-CUT_YLD6-D_CAP_10_1_FMT.bin.bz2,background_products_bz2,background_product,background_product,.bin.bz2,4697688,00b2538e41869ebe7ad19d9785c15d6cce3d5c017152d281c982ace428e3b3c5,RSTM,2,0,1,ST001,成都远望,46.862548828125,83.09510040283203,FMT,PPI,,3,1,1000,2025-04-25T09:27:29+00:00,2025-04-25T09:27:29+00:00,0.000,544,source_directory_only_unverified,unverified,unverified
background_products_bz2/Z_RADR_I_ST001_20250425092754_O_DOR-CUT_YLD6-D_CAP_10_1_FMT.bin.bz2,background_products_bz2,background_product,background_product,.bin.bz2,4695058,6fc6f7b0be56463033e2b27dcceefd4f2729fc61e171405d13b254a12747bef8,RSTM,2,0,1,ST001,成都远望,46.862548828125,83.09510040283203,FMT,PPI,,3,1,1000,2025-04-25T09:27:54+00:00,2025-04-25T09:27:54+00:00,0.000,544,source_directory_only_unverified,unverified,unverified
background_products_bz2/Z_RADR_I_ST001_20250425092819_O_DOR-CUT_YLD6-D_CAP_10_1_FMT.bin.bz2,background_products_bz2,background_product,background_product,.bin.bz2,4701420,121d9f80b7d1e175bcb7d7ad52a98df207e2079bc593e5164f5cb5bf1a4d43a1,RSTM,2,0,1,ST001,成都远望,46.862548828125,83.09510040283203,FMT,PPI,,3,1,1000,2025-04-25T09:28:19+00:00,2025-04-25T09:28:19+00:00,0.000,544,source_directory_only_unverified,unverified,unverified
background_products_bz2/Z_RADR_I_ST001_20250425092844_O_DOR-CUT_YLD6-D_CAP_10_1_FMT.bin.bz2,background_products_bz2,background_product,background_product,.bin.bz2,4705959,11f0f07a59860a1d8995c6d860ad4840984a18a967d3d148349ac23d3d353861,RSTM,2,0,1,ST001,成都远望,46.862548828125,83.09510040283203,FMT,PPI,,3,1,1000,2025-04-25T09:28:44+00:00,2025-04-25T09:28:44+00:00,0.000,544,source_directory_only_unverified,unverified,unverified
background_products_bz2/Z_RADR_I_ST001_20250425092908_O_DOR-CUT_YLD6-D_CAP_10_1_FMT.bin.bz2,background_products_bz2,background_product,background_product,.bin.bz2,4707983,923d7b8f07b240651a73c328e6937dfae0b9a980ed7f8e198f3d985289d340e3,RSTM,2,0,1,ST001,成都远望,46.862548828125,83.09510040283203,FMT,PPI,,3,1,1000,2025-04-25T09:29:08+00:00,2025-04-25T09:29:08+00:00,0.000,544,source_directory_only_unverified,unverified,unverified
background_products_bz2/Z_RADR_I_ST001_20250425092933_O_DOR-CUT_YLD6-D_CAP_10_1_FMT.bin.bz2,background_products_bz2,background_product,background_product,.bin.bz2,4699997,57e1e8e0512d06e1c818ab641be633f13af93aa85dae132366cd7296c2fa061e,RSTM,2,0,1,ST001,成都远望,46.862548828125,83.09510040283203,FMT,PPI,,3,1,1000,2025-04-25T09:29:33+00:00,2025-04-25T09:29:33+00:00,0.000,544,source_directory_only_unverified,unverified,unverified
background_products_bz2/Z_RADR_I_ST001_20250425092958_O_DOR-CUT_YLD6-D_CAP_10_1_FMT.bin.bz2,background_products_bz2,background_product,background_product,.bin.bz2,4706228,48912e536e6c7e9f06bd4f6d31cc4d19bd4a4dd21631640b69fbb507569cc365,RSTM,2,0,1,ST001,成都远望,46.862548828125,83.09510040283203,FMT,PPI,,3,1,1000,2025-04-25T09:29:58+00:00,2025-04-25T09:29:58+00:00,0.000,544,source_directory_only_unverified,unverified,unverified
background_products_bz2/Z_RADR_I_ST001_20250425093023_O_DOR-CUT_YLD6-D_CAP_10_1_FMT.bin.bz2,background_products_bz2,background_product,background_product,.bin.bz2,4698355,1b497c430bea79c0ad8b96fb64c910f6466ea55440ce5f9528da73aec899155c,RSTM,2,0,1,ST001,成都远望,46.862548828125,83.09510040283203,FMT,PPI,,3,1,1000,2025-04-25T09:30:23+00:00,2025-04-25T09:30:23+00:00,0.000,544,source_directory_only_unverified,unverified,unverified
background_products_bz2/Z_RADR_I_ST001_20250425093047_O_DOR-CUT_YLD6-D_CAP_10_1_FMT.bin.bz2,background_products_bz2,background_product,background_product,.bin.bz2,4705588,9eaff84e1c200f1bb92f1300f790762f63e5ea22c6f903a2f9df44f1e46f6bf2,RSTM,2,0,1,ST001,成都远望,46.862548828125,83.09510040283203,FMT,PPI,,3,1,1000,2025-04-25T09:30:47+00:00,2025-04-25T09:30:47+00:00,0.000,544,source_directory_only_unverified,unverified,unverified
background_products_bz2/Z_RADR_I_ST001_20250425093112_O_DOR-CUT_YLD6-D_CAP_10_1_FMT.bin.bz2,background_products_bz2,background_product,background_product,.bin.bz2,4702584,93be72cf9028c7e7027e1d441ee9d9dba14c92a8b3fad91659564d710e41cb97,RSTM,2,0,1,ST001,成都远望,46.862548828125,83.09510040283203,FMT,PPI,,3,1,1000,2025-04-25T09:31:12+00:00,2025-04-25T09:31:12+00:00,0.000,544,source_directory_only_unverified,unverified,unverified
background_products_bz2/Z_RADR_I_ST001_20250425093137_O_DOR-CUT_YLD6-D_CAP_10_1_FMT.bin.bz2,background_products_bz2,background_product,background_product,.bin.bz2,4698152,6b03d3689d58e1e8abe5c9cac02bb566d7c7110e72c3a82ff90c6ea9b0d935d1,RSTM,2,0,1,ST001,成都远望,46.862548828125,83.09510040283203,FMT,PPI,,3,1,1000,2025-04-25T09:31:37+00:00,2025-04-25T09:31:37+00:00,0.000,544,source_directory_only_unverified,unverified,unverified
background_products_bz2/Z_RADR_I_ST001_20250425093202_O_DOR-CUT_YLD6-D_CAP_10_1_FMT.bin.bz2,background_products_bz2,background_product,background_product,.bin.bz2,4702627,e0f4c1aaf7b7cd6bbacd2b82624f89dc6f25b7a2bb128f92f6d8854b7399fed2,RSTM,2,0,1,ST001,成都远望,46.862548828125,83.09510040283203,FMT,PPI,,3,1,1000,2025-04-25T09:32:02+00:00,2025-04-25T09:32:02+00:00,0.000,544,source_directory_only_unverified,unverified,unverified
background_products_bz2/Z_RADR_I_ST001_20250425093227_O_DOR-CUT_YLD6-D_CAP_10_1_FMT.bin.bz2,background_products_bz2,background_product,background_product,.bin.bz2,4704358,683a9fbce9f334c8009107bca2b86a4b2f7a3d72ca374b5f8c729f0fcb1b8b5c,RSTM,2,0,1,ST001,成都远望,46.862548828125,83.09510040283203,FMT,PPI,,3,1,1000,2025-04-25T09:32:27+00:00,2025-04-25T09:32:27+00:00,0.000,544,source_directory_only_unverified,unverified,unverified
background_products_bz2/Z_RADR_I_ST001_20250425093251_O_DOR-CUT_YLD6-D_CAP_10_1_FMT.bin.bz2,background_products_bz2,background_product,background_product,.bin.bz2,4704759,63d366a0f43110fa5b4feae97fd3a7bc448a5ca853753de809941451a46d8996,RSTM,2,0,1,ST001,成都远望,46.862548828125,83.09510040283203,FMT,PPI,,3,1,1000,2025-04-25T09:32:51+00:00,2025-04-25T09:32:51+00:00,0.000,544,source_directory_only_unverified,unverified,unverified
background_products_bz2/Z_RADR_I_ST001_20250425093316_O_DOR-CUT_YLD6-D_CAP_10_1_FMT.bin.bz2,background_products_bz2,background_product,background_product,.bin.bz2,4702014,1736604e16eba8c6d6a77d77729ebabeb81a5a5611ab3cc1839ccfd5f14746e1,RSTM,2,0,1,ST001,成都远望,46.862548828125,83.09510040283203,FMT,PPI,,3,1,1000,2025-04-25T09:33:16+00:00,2025-04-25T09:33:16+00:00,0.000,544,source_directory_only_unverified,unverified,unverified
background_products_bz2/Z_RADR_I_ST001_20250425093341_O_DOR-CUT_YLD6-D_CAP_10_1_FMT.bin.bz2,background_products_bz2,background_product,background_product,.bin.bz2,4701416,5a849857f99333e09d2f24fa989650278b0952b7eaa661190fff2d12d7d95310,RSTM,2,0,1,ST001,成都远望,46.862548828125,83.09510040283203,FMT,PPI,,3,1,1000,2025-04-25T09:33:41+00:00,2025-04-25T09:33:41+00:00,0.000,544,source_directory_only_unverified,unverified,unverified
background_products_bz2/Z_RADR_I_ST001_20250425093405_O_DOR-CUT_YLD6-D_CAP_10_1_FMT.bin.bz2,background_products_bz2,background_product,background_product,.bin.bz2,4703357,5495db4c67cab1cd783a94402f7331cdc620458d7dc182d3e0c61ee5f9a7f8e3,RSTM,2,0,1,ST001,成都远望,46.862548828125,83.09510040283203,FMT,PPI,,3,1,1000,2025-04-25T09:34:05+00:00,2025-04-25T09:34:05+00:00,0.000,544,source_directory_only_unverified,unverified,unverified
background_products_bz2/Z_RADR_I_ST001_20250425093430_O_DOR-CUT_YLD6-D_CAP_10_1_FMT.bin.bz2,background_products_bz2,background_product,background_product,.bin.bz2,4696494,dc68b0de00b70de0d3129939df82ecf9940d2e2781d757ab2e82d227226724d6,RSTM,2,0,1,ST001,成都远望,46.862548828125,83.09510040283203,FMT,PPI,,3,1,1000,2025-04-25T09:34:30+00:00,2025-04-25T09:34:30+00:00,0.000,544,source_directory_only_unverified,unverified,unverified
background_products_bz2/Z_RADR_I_ST001_20250425093455_O_DOR-CUT_YLD6-D_CAP_10_1_FMT.bin.bz2,background_products_bz2,background_product,background_product,.bin.bz2,4695499,7b4d787a587bd1b760085ac320087472964afc87fc70189e49a4c839a90490c8,RSTM,2,0,1,ST001,成都远望,46.862548828125,83.09510040283203,FMT,PPI,,3,1,1000,2025-04-25T09:34:55+00:00,2025-04-25T09:34:55+00:00,0.000,544,source_directory_only_unverified,unverified,unverified
background_products_bz2/Z_RADR_I_ST001_20250425093520_O_DOR-CUT_YLD6-D_CAP_10_1_FMT.bin.bz2,background_products_bz2,background_product,background_product,.bin.bz2,4706989,2ae211903c98223a2790ed67af539b153eec08a88edcdb3b8d679dda75587e35,RSTM,2,0,1,ST001,成都远望,46.862548828125,83.09510040283203,FMT,PPI,,3,1,1000,2025-04-25T09:35:20+00:00,2025-04-25T09:35:20+00:00,0.000,544,source_directory_only_unverified,unverified,unverified
background_products_bz2/Z_RADR_I_ST001_20250425093545_O_DOR-CUT_YLD6-D_CAP_10_1_FMT.bin.bz2,background_products_bz2,background_product,background_product,.bin.bz2,4688710,4048e2c03cfca2638531ee87a9f951db573f86108ffac25e700976e9fdd9a5a4,RSTM,2,0,1,ST001,成都远望,46.862548828125,83.09510040283203,FMT,PPI,,3,1,1000,2025-04-25T09:35:45+00:00,2025-04-25T09:35:45+00:00,0.000,544,source_directory_only_unverified,unverified,unverified
background_products_bz2/Z_RADR_I_ST001_20250425093609_O_DOR-CUT_YLD6-D_CAP_10_1_FMT.bin.bz2,background_products_bz2,background_product,background_product,.bin.bz2,4698852,57f82a7e1acdfac117590c01b1847b29b0eb2ae184dd1e968513488669171d5f,RSTM,2,0,1,ST001,成都远望,46.862548828125,83.09510040283203,FMT,PPI,,3,1,1000,2025-04-25T09:36:09+00:00,2025-04-25T09:36:09+00:00,0.000,544,source_directory_only_unverified,unverified,unverified
background_products_bz2/Z_RADR_I_ST001_20250425093634_O_DOR-CUT_YLD6-D_CAP_10_1_FMT.bin.bz2,background_products_bz2,background_product,background_product,.bin.bz2,4691066,54255ec87c6df29f629e1cdb045247bd96ac108b7837ea7755f09ea1f7aa15d6,RSTM,2,0,1,ST001,成都远望,46.862548828125,83.09510040283203,FMT,PPI,,3,1,1000,2025-04-25T09:36:34+00:00,2025-04-25T09:36:34+00:00,0.000,544,source_directory_only_unverified,unverified,unverified
background_products_bz2/Z_RADR_I_ST001_20250425093659_O_DOR-CUT_YLD6-D_CAP_10_1_FMT.bin.bz2,background_products_bz2,background_product,background_product,.bin.bz2,4701549,4d8153747db8f0dd2e4fc9b6163a19e063b4975bc84fd37cb3234c922ed46ce9,RSTM,2,0,1,ST001,成都远望,46.862548828125,83.09510040283203,FMT,PPI,,3,1,1000,2025-04-25T09:36:59+00:00,2025-04-25T09:36:59+00:00,0.000,544,source_directory_only_unverified,unverified,unverified
background_products_bz2/Z_RADR_I_ST001_20250425093724_O_DOR-CUT_YLD6-D_CAP_10_1_FMT.bin.bz2,background_products_bz2,background_product,background_product,.bin.bz2,4701296,89fe01b7d5977b0f5dceb154c194bf22385ff28afb7a796f3d465aafc4419c4d,RSTM,2,0,1,ST001,成都远望,46.862548828125,83.09510040283203,FMT,PPI,,3,1,1000,2025-04-25T09:37:24+00:00,2025-04-25T09:37:24+00:00,0.000,544,source_directory_only_unverified,unverified,unverified
background_products_bz2/Z_RADR_I_ST001_20250425093748_O_DOR-CUT_YLD6-D_CAP_10_1_FMT.bin.bz2,background_products_bz2,background_product,background_product,.bin.bz2,4704692,d2f0aea142d8edb7b012dd603e0beb7c433f30b1ba4775c4ccd0c46e0b290a49,RSTM,2,0,1,ST001,成都远望,46.862548828125,83.09510040283203,FMT,PPI,,3,1,1000,2025-04-25T09:37:48+00:00,2025-04-25T09:37:48+00:00,0.000,544,source_directory_only_unverified,unverified,unverified
background_products_bz2/Z_RADR_I_ST001_20250425093813_O_DOR-CUT_YLD6-D_CAP_10_1_FMT.bin.bz2,background_products_bz2,background_product,background_product,.bin.bz2,4696809,c4adcb1390c4c0852169ded4b54cda49aa83dcbac5da5a30b69a43e00d6d8b4f,RSTM,2,0,1,ST001,成都远望,46.862548828125,83.09510040283203,FMT,PPI,,3,1,1000,2025-04-25T09:38:13+00:00,2025-04-25T09:38:13+00:00,0.000,544,source_directory_only_unverified,unverified,unverified
background_products_bz2/Z_RADR_I_ST001_20250425093838_O_DOR-CUT_YLD6-D_CAP_10_1_FMT.bin.bz2,background_products_bz2,background_product,background_product,.bin.bz2,4702109,ef714be23b598e991d9f04c31b9e59db9bc5956611a3f90a3bb8f6514ddcca13,RSTM,2,0,1,ST001,成都远望,46.862548828125,83.09510040283203,FMT,PPI,,3,1,1000,2025-04-25T09:38:38+00:00,2025-04-25T09:38:38+00:00,0.000,544,source_directory_only_unverified,unverified,unverified
background_products_bz2/Z_RADR_I_ST001_20250425093902_O_DOR-CUT_YLD6-D_CAP_10_1_FMT.bin.bz2,background_products_bz2,background_product,background_product,.bin.bz2,4700109,c8742af2b4fc9718b32bf91b44bfea818b0b0c8a8958b7a916aa6bdaa7998725,RSTM,2,0,1,ST001,成都远望,46.862548828125,83.09510040283203,FMT,PPI,,3,1,1000,2025-04-25T09:39:02+00:00,2025-04-25T09:39:02+00:00,0.000,544,source_directory_only_unverified,unverified,unverified
background_products_bz2/Z_RADR_I_ST001_20250425093927_O_DOR-CUT_YLD6-D_CAP_10_1_FMT.bin.bz2,background_products_bz2,background_product,background_product,.bin.bz2,4694913,6a848d744271c02c774ace9d5d0f1354d5a2b798e53276359afe6249290b7817,RSTM,2,0,1,ST001,成都远望,46.862548828125,83.09510040283203,FMT,PPI,,3,1,1000,2025-04-25T09:39:27+00:00,2025-04-25T09:39:27+00:00,0.000,544,source_directory_only_unverified,unverified,unverified
background_products_bz2/Z_RADR_I_ST001_20250425093952_O_DOR-CUT_YLD6-D_CAP_10_1_FMT.bin.bz2,background_products_bz2,background_product,background_product,.bin.bz2,4689051,a879a55f8f1114cd185a711b9beeb72eff91a3bf8f1abe15107b0ded09816cc7,RSTM,2,0,1,ST001,成都远望,46.862548828125,83.09510040283203,FMT,PPI,,3,1,1000,2025-04-25T09:39:52+00:00,2025-04-25T09:39:52+00:00,0.000,544,source_directory_only_unverified,unverified,unverified
background_products_bz2/Z_RADR_I_ST001_20250425094017_O_DOR-CUT_YLD6-D_CAP_10_1_FMT.bin.bz2,background_products_bz2,background_product,background_product,.bin.bz2,4695229,5349e5e7f3034be59059387f2f9ff40d494e505cf8dce75868afa58b87a5ac4d,RSTM,2,0,1,ST001,成都远望,46.862548828125,83.09510040283203,FMT,PPI,,3,1,1000,2025-04-25T09:40:17+00:00,2025-04-25T09:40:17+00:00,0.000,544,source_directory_only_unverified,unverified,unverified
background_products_bz2/Z_RADR_I_ST001_20250425094041_O_DOR-CUT_YLD6-D_CAP_10_1_FMT.bin.bz2,background_products_bz2,background_product,background_product,.bin.bz2,4703597,bde29639e8d0f242050bd59f97f44fd267cdb2a45f64ba0c29dbdca7f6e1af45,RSTM,2,0,1,ST001,成都远望,46.862548828125,83.09510040283203,FMT,PPI,,3,1,1000,2025-04-25T09:40:41+00:00,2025-04-25T09:40:41+00:00,0.000,544,source_directory_only_unverified,unverified,unverified
background_products_bz2/Z_RADR_I_ST001_20250425094106_O_DOR-CUT_YLD6-D_CAP_10_1_FMT.bin.bz2,background_products_bz2,background_product,background_product,.bin.bz2,4706190,c73f5f622f0b558fa4dce4dbf33b742e9c12d84e170f20d3b9d9a73792bca469,RSTM,2,0,1,ST001,成都远望,46.862548828125,83.09510040283203,FMT,PPI,,3,1,1000,2025-04-25T09:41:06+00:00,2025-04-25T09:41:06+00:00,0.000,544,source_directory_only_unverified,unverified,unverified
background_products_bz2/Z_RADR_I_ST001_20250425094131_O_DOR-CUT_YLD6-D_CAP_10_1_FMT.bin.bz2,background_products_bz2,background_product,background_product,.bin.bz2,4700218,f213c04b2b7622c008a46269253795105c4ff7b10c0a825cc1778aca83cd4893,RSTM,2,0,1,ST001,成都远望,46.862548828125,83.09510040283203,FMT,PPI,,3,1,1000,2025-04-25T09:41:31+00:00,2025-04-25T09:41:31+00:00,0.000,544,source_directory_only_unverified,unverified,unverified
background_products_bz2/Z_RADR_I_ST001_20250425094155_O_DOR-CUT_YLD6-D_CAP_10_1_FMT.bin.bz2,background_products_bz2,background_product,background_product,.bin.bz2,4692847,79197d54dce0f03fb756fd1bd608f5db63a140bf9076a9e31468453fb39b0424,RSTM,2,0,1,ST001,成都远望,46.862548828125,83.09510040283203,FMT,PPI,,3,1,1000,2025-04-25T09:41:55+00:00,2025-04-25T09:41:55+00:00,0.000,544,source_directory_only_unverified,unverified,unverified
background_products_bz2/Z_RADR_I_ST001_20250425094220_O_DOR-CUT_YLD6-D_CAP_10_1_FMT.bin.bz2,background_products_bz2,background_product,background_product,.bin.bz2,4689029,dc0e4df1d9b673d7c8aaf1813e452ebf1505ee28320d889d88113b09cdff5a65,RSTM,2,0,1,ST001,成都远望,46.862548828125,83.09510040283203,FMT,PPI,,3,1,1000,2025-04-25T09:42:20+00:00,2025-04-25T09:42:20+00:00,0.000,544,source_directory_only_unverified,unverified,unverified
background_products_bz2/Z_RADR_I_ST001_20250425094245_O_DOR-CUT_YLD6-D_CAP_10_1_FMT.bin.bz2,background_products_bz2,background_product,background_product,.bin.bz2,4702733,db8f47c1b73db2dc7f343d163c4e728bda4311f483e0f4272aee52a83f652a6f,RSTM,2,0,1,ST001,成都远望,46.862548828125,83.09510040283203,FMT,PPI,,3,1,1000,2025-04-25T09:42:45+00:00,2025-04-25T09:42:45+00:00,0.000,544,source_directory_only_unverified,unverified,unverified
background_products_bz2/Z_RADR_I_ST001_20250425094310_O_DOR-CUT_YLD6-D_CAP_10_1_FMT.bin.bz2,background_products_bz2,background_product,background_product,.bin.bz2,4701039,ec42badec4fedcb4419c56bf486be4895ee59e750fe2257fbddfabbbc9d3f31f,RSTM,2,0,1,ST001,成都远望,46.862548828125,83.09510040283203,FMT,PPI,,3,1,1000,2025-04-25T09:43:10+00:00,2025-04-25T09:43:10+00:00,0.000,544,source_directory_only_unverified,unverified,unverified
background_products_bz2/Z_RADR_I_ST001_20250425094334_O_DOR-CUT_YLD6-D_CAP_10_1_FMT.bin.bz2,background_products_bz2,background_product,background_product,.bin.bz2,4705252,24c40cf57afc9dc0df78ba38f9402ebb56fd5dd551d24d104a1394c341a1d2c7,RSTM,2,0,1,ST001,成都远望,46.862548828125,83.09510040283203,FMT,PPI,,3,1,1000,2025-04-25T09:43:34+00:00,2025-04-25T09:43:34+00:00,0.000,544,source_directory_only_unverified,unverified,unverified
background_products_bz2/Z_RADR_I_ST001_20250425094359_O_DOR-CUT_YLD6-D_CAP_10_1_FMT.bin.bz2,background_products_bz2,background_product,background_product,.bin.bz2,4701433,a6ebc266f2d343cae078e34a42648fe03b0b4b836e91c558a3df90f3e5e1c657,RSTM,2,0,1,ST001,成都远望,46.862548828125,83.09510040283203,FMT,PPI,,3,1,1000,2025-04-25T09:43:59+00:00,2025-04-25T09:43:59+00:00,0.000,544,source_directory_only_unverified,unverified,unverified
background_products_bz2/Z_RADR_I_ST001_20250425094424_O_DOR-CUT_YLD6-D_CAP_10_1_FMT.bin.bz2,background_products_bz2,background_product,background_product,.bin.bz2,4694174,2b57fc88369ec1b65a88404ea113939a702984a134e2100ca5f310e706933af8,RSTM,2,0,1,ST001,成都远望,46.862548828125,83.09510040283203,FMT,PPI,,3,1,1000,2025-04-25T09:44:24+00:00,2025-04-25T09:44:24+00:00,0.000,544,source_directory_only_unverified,unverified,unverified
background_products_bz2/Z_RADR_I_ST001_20250425094449_O_DOR-CUT_YLD6-D_CAP_10_1_FMT.bin.bz2,background_products_bz2,background_product,background_product,.bin.bz2,4701069,7faec6860b3d564c009cb911a47beff02f72bd10efa828c529f9d0d3d12dfc7c,RSTM,2,0,1,ST001,成都远望,46.862548828125,83.09510040283203,FMT,PPI,,3,1,1000,2025-04-25T09:44:49+00:00,2025-04-25T09:44:49+00:00,0.000,544,source_directory_only_unverified,unverified,unverified
background_products_bz2/Z_RADR_I_ST001_20250425094513_O_DOR-CUT_YLD6-D_CAP_10_1_FMT.bin.bz2,background_products_bz2,background_product,background_product,.bin.bz2,4702454,e9cd651b9feb625e4a053f0f85fe6b1c3a7885d23b83901c41c63bdf26837bfe,RSTM,2,0,1,ST001,成都远望,46.862548828125,83.09510040283203,FMT,PPI,,3,1,1000,2025-04-25T09:45:13+00:00,2025-04-25T09:45:13+00:00,0.000,544,source_directory_only_unverified,unverified,unverified
background_products_bz2/Z_RADR_I_ST001_20250425094538_O_DOR-CUT_YLD6-D_CAP_10_1_FMT.bin.bz2,background_products_bz2,background_product,background_product,.bin.bz2,4695380,8a4f52a62e5985ae3a32c7a96f4231c0247ecca6b2696a0ccc79d13687c4b6df,RSTM,2,0,1,ST001,成都远望,46.862548828125,83.09510040283203,FMT,PPI,,3,1,1000,2025-04-25T09:45:38+00:00,2025-04-25T09:45:38+00:00,0.000,544,source_directory_only_unverified,unverified,unverified
background_products_bz2/Z_RADR_I_ST001_20250425094603_O_DOR-CUT_YLD6-D_CAP_10_1_FMT.bin.bz2,background_products_bz2,background_product,background_product,.bin.bz2,4699779,7aed3d722ef5913af5065b4ce443c0f444308ee58033d89c3e8aeab25bb856a0,RSTM,2,0,1,ST001,成都远望,46.862548828125,83.09510040283203,FMT,PPI,,3,1,1000,2025-04-25T09:46:03+00:00,2025-04-25T09:46:03+00:00,0.000,544,source_directory_only_unverified,unverified,unverified
background_products_bz2/Z_RADR_I_ST001_20250425094627_O_DOR-CUT_YLD6-D_CAP_10_1_FMT.bin.bz2,background_products_bz2,background_product,background_product,.bin.bz2,4692402,10c26fb8996a5b9d67cb9cd55f6dc1acd544537d536ce2f5c44adcf51d45d020,RSTM,2,0,1,ST001,成都远望,46.862548828125,83.09510040283203,FMT,PPI,,3,1,1000,2025-04-25T09:46:27+00:00,2025-04-25T09:46:27+00:00,0.000,544,source_directory_only_unverified,unverified,unverified
background_products_bz2/Z_RADR_I_ST001_20250425094652_O_DOR-CUT_YLD6-D_CAP_10_1_FMT.bin.bz2,background_products_bz2,background_product,background_product,.bin.bz2,4705213,cbca9b95e277b267d4a4c921b9e178ff57946d689b23f2b6791917057d0204b3,RSTM,2,0,1,ST001,成都远望,46.862548828125,83.09510040283203,FMT,PPI,,3,1,1000,2025-04-25T09:46:52+00:00,2025-04-25T09:46:52+00:00,0.000,544,source_directory_only_unverified,unverified,unverified
background_products_bz2/Z_RADR_I_ST001_20250425094717_O_DOR-CUT_YLD6-D_CAP_10_1_FMT.bin.bz2,background_products_bz2,background_product,background_product,.bin.bz2,4705093,8881ac1145ec3ef2e76c4985bab3df7f91bde939f28f0f91ab0696b98d5e02d7,RSTM,2,0,1,ST001,成都远望,46.862548828125,83.09510040283203,FMT,PPI,,3,1,1000,2025-04-25T09:47:17+00:00,2025-04-25T09:47:17+00:00,0.000,544,source_directory_only_unverified,unverified,unverified
background_products_bz2/Z_RADR_I_ST001_20250425094742_O_DOR-CUT_YLD6-D_CAP_10_1_FMT.bin.bz2,background_products_bz2,background_product,background_product,.bin.bz2,4709278,ddbbcbac057c5d318caa015e8a71cddc31e77f8edee4571b1e4438d3ac554aba,RSTM,2,0,1,ST001,成都远望,46.862548828125,83.09510040283203,FMT,PPI,,3,1,1000,2025-04-25T09:47:42+00:00,2025-04-25T09:47:42+00:00,0.000,544,source_directory_only_unverified,unverified,unverified
background_products_bz2/Z_RADR_I_ST001_20250425094806_O_DOR-CUT_YLD6-D_CAP_10_1_FMT.bin.bz2,background_products_bz2,background_product,background_product,.bin.bz2,4698021,3777fb0d82a2ddc7dd7a6e0d62ff97bf606d8ba342d6991d8114bd1b8b38d213,RSTM,2,0,1,ST001,成都远望,46.862548828125,83.09510040283203,FMT,PPI,,3,1,1000,2025-04-25T09:48:06+00:00,2025-04-25T09:48:06+00:00,0.000,544,source_directory_only_unverified,unverified,unverified
background_products_bz2/Z_RADR_I_ST001_20250425094831_O_DOR-CUT_YLD6-D_CAP_10_1_FMT.bin.bz2,background_products_bz2,background_product,background_product,.bin.bz2,4708394,9686761f1bfbfa0bb2063d5f08daf067da55280b453746c214e9ab7525dc422a,RSTM,2,0,1,ST001,成都远望,46.862548828125,83.09510040283203,FMT,PPI,,3,1,1000,2025-04-25T09:48:31+00:00,2025-04-25T09:48:31+00:00,0.000,544,source_directory_only_unverified,unverified,unverified
background_products_bz2/Z_RADR_I_ST001_20250425094856_O_DOR-CUT_YLD6-D_CAP_10_1_FMT.bin.bz2,background_products_bz2,background_product,background_product,.bin.bz2,4703662,d8677afb73b3242d8e6e09fa0b97eeb0bf578120103e23fdf94a35fab51bd03f,RSTM,2,0,1,ST001,成都远望,46.862548828125,83.09510040283203,FMT,PPI,,3,1,1000,2025-04-25T09:48:56+00:00,2025-04-25T09:48:56+00:00,0.000,544,source_directory_only_unverified,unverified,unverified
background_products_bz2/Z_RADR_I_ST001_20250425094921_O_DOR-CUT_YLD6-D_CAP_10_1_FMT.bin.bz2,background_products_bz2,background_product,background_product,.bin.bz2,4702718,8827edb054f5b2cd3e090bd9f71fe50b67bf1fb46587e5abdf2d9ecfb251e970,RSTM,2,0,1,ST001,成都远望,46.862548828125,83.09510040283203,FMT,PPI,,3,1,1000,2025-04-25T09:49:21+00:00,2025-04-25T09:49:21+00:00,0.000,544,source_directory_only_unverified,unverified,unverified
background_products_bz2/Z_RADR_I_ST001_20250425094946_O_DOR-CUT_YLD6-D_CAP_10_1_FMT.bin.bz2,background_products_bz2,background_product,background_product,.bin.bz2,4702219,3e0bafa8330472c9fa9daeb9a750b54771641ad6c7dc5db10f43846e968207bc,RSTM,2,0,1,ST001,成都远望,46.862548828125,83.09510040283203,FMT,PPI,,3,1,1000,2025-04-25T09:49:46+00:00,2025-04-25T09:49:46+00:00,0.000,544,source_directory_only_unverified,unverified,unverified
background_products_bz2/Z_RADR_I_ST001_20250425095010_O_DOR-CUT_YLD6-D_CAP_10_1_FMT.bin.bz2,background_products_bz2,background_product,background_product,.bin.bz2,4697921,5b54036c64778269262cb87b944bbfec5268a7b6f3eefc535e3a7dacf878feb6,RSTM,2,0,1,ST001,成都远望,46.862548828125,83.09510040283203,FMT,PPI,,3,1,1000,2025-04-25T09:50:10+00:00,2025-04-25T09:50:10+00:00,0.000,544,source_directory_only_unverified,unverified,unverified
background_products_bz2/Z_RADR_I_ST001_20250425095035_O_DOR-CUT_YLD6-D_CAP_10_1_FMT.bin.bz2,background_products_bz2,background_product,background_product,.bin.bz2,4696174,6a645b32c691f02c47db57fa838db3256393a314712fe8ec0be06eb14b8dc44c,RSTM,2,0,1,ST001,成都远望,46.862548828125,83.09510040283203,FMT,PPI,,3,1,1000,2025-04-25T09:50:35+00:00,2025-04-25T09:50:35+00:00,0.000,544,source_directory_only_unverified,unverified,unverified
background_products_bz2/Z_RADR_I_ST001_20250425095100_O_DOR-CUT_YLD6-D_CAP_10_1_FMT.bin.bz2,background_products_bz2,background_product,background_product,.bin.bz2,4696934,1bfcebb2d93da453a75acbe5e1a2afe8c5003543bca50b7ac37a9feaba99de52,RSTM,2,0,1,ST001,成都远望,46.862548828125,83.09510040283203,FMT,PPI,,3,1,1000,2025-04-25T09:51:00+00:00,2025-04-25T09:51:00+00:00,0.000,544,source_directory_only_unverified,unverified,unverified
background_products_bz2/Z_RADR_I_ST001_20250425095125_O_DOR-CUT_YLD6-D_CAP_10_1_FMT.bin.bz2,background_products_bz2,background_product,background_product,.bin.bz2,4706394,20802c5540af79d3ca5cfaca3baa0d96517221f0599ae8919c568e8fe7cb368a,RSTM,2,0,1,ST001,成都远望,46.862548828125,83.09510040283203,FMT,PPI,,3,1,1000,2025-04-25T09:51:25+00:00,2025-04-25T09:51:25+00:00,0.000,544,source_directory_only_unverified,unverified,unverified
background_products_bz2/Z_RADR_I_ST001_20250425095149_O_DOR-CUT_YLD6-D_CAP_10_1_FMT.bin.bz2,background_products_bz2,background_product,background_product,.bin.bz2,4702641,8b910aea8a12d628ba71bcc593819cb1df8be62ac66464cdfcb77a390089879d,RSTM,2,0,1,ST001,成都远望,46.862548828125,83.09510040283203,FMT,PPI,,3,1,1000,2025-04-25T09:51:49+00:00,2025-04-25T09:51:49+00:00,0.000,544,source_directory_only_unverified,unverified,unverified
background_products_bz2/Z_RADR_I_ST001_20250425095214_O_DOR-CUT_YLD6-D_CAP_10_1_FMT.bin.bz2,background_products_bz2,background_product,background_product,.bin.bz2,4703990,1e9c9cb60f4fa545d75576708302f3c3696b7a0c92ddd4cff66443bd2bbc933f,RSTM,2,0,1,ST001,成都远望,46.862548828125,83.09510040283203,FMT,PPI,,3,1,1000,2025-04-25T09:52:14+00:00,2025-04-25T09:52:14+00:00,0.000,544,source_directory_only_unverified,unverified,unverified
background_products_bz2/Z_RADR_I_ST001_20250425095239_O_DOR-CUT_YLD6-D_CAP_10_1_FMT.bin.bz2,background_products_bz2,background_product,background_product,.bin.bz2,4702667,a7f0166c1495fbf33d63518605fd755510c5e5dc18dfa127698bc0102f774118,RSTM,2,0,1,ST001,成都远望,46.862548828125,83.09510040283203,FMT,PPI,,3,1,1000,2025-04-25T09:52:39+00:00,2025-04-25T09:52:39+00:00,0.000,544,source_directory_only_unverified,unverified,unverified
background_products_bz2/Z_RADR_I_ST001_20250425095304_O_DOR-CUT_YLD6-D_CAP_10_1_FMT.bin.bz2,background_products_bz2,background_product,background_product,.bin.bz2,4704085,9e75bf97d3dfb6d810f5e40291da40b6054334c8f9dc2316021464fa46938971,RSTM,2,0,1,ST001,成都远望,46.862548828125,83.09510040283203,FMT,PPI,,3,1,1000,2025-04-25T09:53:04+00:00,2025-04-25T09:53:04+00:00,0.000,544,source_directory_only_unverified,unverified,unverified
background_products_bz2/Z_RADR_I_ST001_20250425095329_O_DOR-CUT_YLD6-D_CAP_10_1_FMT.bin.bz2,background_products_bz2,background_product,background_product,.bin.bz2,4703171,3e5a4671e19307b4cb055a840a1b2a7c7272b5c4dd165eb8a88666f3ce71253c,RSTM,2,0,1,ST001,成都远望,46.862548828125,83.09510040283203,FMT,PPI,,3,1,1000,2025-04-25T09:53:29+00:00,2025-04-25T09:53:29+00:00,0.000,544,source_directory_only_unverified,unverified,unverified
background_products_bz2/Z_RADR_I_ST001_20250425095354_O_DOR-CUT_YLD6-D_CAP_10_1_FMT.bin.bz2,background_products_bz2,background_product,background_product,.bin.bz2,4695999,bedb450f6c4e05ff164372ac06547df5956b54fe3fe0a8e7cc5208dd78cb14ad,RSTM,2,0,1,ST001,成都远望,46.862548828125,83.09510040283203,FMT,PPI,,3,1,1000,2025-04-25T09:53:54+00:00,2025-04-25T09:53:54+00:00,0.000,544,source_directory_only_unverified,unverified,unverified
background_products_bz2/Z_RADR_I_ST001_20250425095418_O_DOR-CUT_YLD6-D_CAP_10_1_FMT.bin.bz2,background_products_bz2,background_product,background_product,.bin.bz2,4702396,9977d7ea04c8dce47a50fccbbb0f3893e65b15c2e66b7409a30f64c066bb3633,RSTM,2,0,1,ST001,成都远望,46.862548828125,83.09510040283203,FMT,PPI,,3,1,1000,2025-04-25T09:54:18+00:00,2025-04-25T09:54:18+00:00,0.000,544,source_directory_only_unverified,unverified,unverified
background_products_bz2/Z_RADR_I_ST001_20250425095443_O_DOR-CUT_YLD6-D_CAP_10_1_FMT.bin.bz2,background_products_bz2,background_product,background_product,.bin.bz2,4699300,3c014b9e83d6c0c8b7b9231f3c70f0f398ea59e0d4de04a74b66bd5dc642eed2,RSTM,2,0,1,ST001,成都远望,46.862548828125,83.09510040283203,FMT,PPI,,3,1,1000,2025-04-25T09:54:43+00:00,2025-04-25T09:54:43+00:00,0.000,544,source_directory_only_unverified,unverified,unverified
background_products_bz2/Z_RADR_I_ST001_20250425095508_O_DOR-CUT_YLD6-D_CAP_10_1_FMT.bin.bz2,background_products_bz2,background_product,background_product,.bin.bz2,4700846,77748ad551246931d954e9922b4faa479a3ae17ca58829f9f4c08cdda90f833f,RSTM,2,0,1,ST001,成都远望,46.862548828125,83.09510040283203,FMT,PPI,,3,1,1000,2025-04-25T09:55:08+00:00,2025-04-25T09:55:08+00:00,0.000,544,source_directory_only_unverified,unverified,unverified
background_products_bz2/Z_RADR_I_ST001_20250425095532_O_DOR-CUT_YLD6-D_CAP_10_1_FMT.bin.bz2,background_products_bz2,background_product,background_product,.bin.bz2,4705946,b93d896167f4b02960476b7449ce39d5bae1ca5636bc5a27e640376c21124b7b,RSTM,2,0,1,ST001,成都远望,46.862548828125,83.09510040283203,FMT,PPI,,3,1,1000,2025-04-25T09:55:32+00:00,2025-04-25T09:55:32+00:00,0.000,544,source_directory_only_unverified,unverified,unverified
background_products_bz2/Z_RADR_I_ST001_20250425095557_O_DOR-CUT_YLD6-D_CAP_10_1_FMT.bin.bz2,background_products_bz2,background_product,background_product,.bin.bz2,4702397,c506d04c2eba888d43bfb82dff02b6eb6c5531b20f1eb248652ce293a0b3fc40,RSTM,2,0,1,ST001,成都远望,46.862548828125,83.09510040283203,FMT,PPI,,3,1,1000,2025-04-25T09:55:57+00:00,2025-04-25T09:55:57+00:00,0.000,544,source_directory_only_unverified,unverified,unverified
background_products_bz2/Z_RADR_I_ST001_20250425095622_O_DOR-CUT_YLD6-D_CAP_10_1_FMT.bin.bz2,background_products_bz2,background_product,background_product,.bin.bz2,4706093,48aa19fb9d0145c1c2444d1bb86e6735ae25ac11e173a18b1c475884a1045437,RSTM,2,0,1,ST001,成都远望,46.862548828125,83.09510040283203,FMT,PPI,,3,1,1000,2025-04-25T09:56:22+00:00,2025-04-25T09:56:22+00:00,0.000,544,source_directory_only_unverified,unverified,unverified
background_products_bz2/Z_RADR_I_ST001_20250425095647_O_DOR-CUT_YLD6-D_CAP_10_1_FMT.bin.bz2,background_products_bz2,background_product,background_product,.bin.bz2,4707235,e13afc43ffba45a973fbac5df265ab07afad0c544779567dc1403364681fb32d,RSTM,2,0,1,ST001,成都远望,46.862548828125,83.09510040283203,FMT,PPI,,3,1,1000,2025-04-25T09:56:47+00:00,2025-04-25T09:56:47+00:00,0.000,544,source_directory_only_unverified,unverified,unverified
background_products_bz2/Z_RADR_I_ST001_20250425095711_O_DOR-CUT_YLD6-D_CAP_10_1_FMT.bin.bz2,background_products_bz2,background_product,background_product,.bin.bz2,4697933,fd032423ef1ad704627805b0528968773518ef467e419f4f69c1994464d88282,RSTM,2,0,1,ST001,成都远望,46.862548828125,83.09510040283203,FMT,PPI,,3,1,1000,2025-04-25T09:57:11+00:00,2025-04-25T09:57:11+00:00,0.000,544,source_directory_only_unverified,unverified,unverified
background_products_bz2/Z_RADR_I_ST001_20250425095736_O_DOR-CUT_YLD6-D_CAP_10_1_FMT.bin.bz2,background_products_bz2,background_product,background_product,.bin.bz2,4699055,dbe02e258cee4bb06e51d81b879486136dfd7118647430ba5151d113555528f7,RSTM,2,0,1,ST001,成都远望,46.862548828125,83.09510040283203,FMT,PPI,,3,1,1000,2025-04-25T09:57:36+00:00,2025-04-25T09:57:36+00:00,0.000,544,source_directory_only_unverified,unverified,unverified
background_products_bz2/Z_RADR_I_ST001_20250425095801_O_DOR-CUT_YLD6-D_CAP_10_1_FMT.bin.bz2,background_products_bz2,background_product,background_product,.bin.bz2,4706220,7982934e1676e62dd72e48c6c1758e18096227bbf7ad70dd19d6a248addee3db,RSTM,2,0,1,ST001,成都远望,46.862548828125,83.09510040283203,FMT,PPI,,3,1,1000,2025-04-25T09:58:01+00:00,2025-04-25T09:58:01+00:00,0.000,544,source_directory_only_unverified,unverified,unverified
background_products_bz2/Z_RADR_I_ST001_20250425095825_O_DOR-CUT_YLD6-D_CAP_10_1_FMT.bin.bz2,background_products_bz2,background_product,background_product,.bin.bz2,4703018,02a284908cdf7a20b7387830de7f4f42837a12618d3e7627decf7bb1a4bbaa51,RSTM,2,0,1,ST001,成都远望,46.862548828125,83.09510040283203,FMT,PPI,,3,1,1000,2025-04-25T09:58:25+00:00,2025-04-25T09:58:25+00:00,0.000,544,source_directory_only_unverified,unverified,unverified
background_products_bz2/Z_RADR_I_ST001_20250425095850_O_DOR-CUT_YLD6-D_CAP_10_1_FMT.bin.bz2,background_products_bz2,background_product,background_product,.bin.bz2,4708504,e673cb47dfd56a95815598486603a7c5f4aa7ad0c5849c51c8c8e0268e36906f,RSTM,2,0,1,ST001,成都远望,46.862548828125,83.09510040283203,FMT,PPI,,3,1,1000,2025-04-25T09:58:50+00:00,2025-04-25T09:58:50+00:00,0.000,544,source_directory_only_unverified,unverified,unverified
background_products_bz2/Z_RADR_I_ST001_20250425095915_O_DOR-CUT_YLD6-D_CAP_10_1_FMT.bin.bz2,background_products_bz2,background_product,background_product,.bin.bz2,4695453,b121bcf0dd5359479d827486212eed78da63a4de11b7af202a01bc19f7ea0b74,RSTM,2,0,1,ST001,成都远望,46.862548828125,83.09510040283203,FMT,PPI,,3,1,1000,2025-04-25T09:59:15+00:00,2025-04-25T09:59:15+00:00,0.000,544,source_directory_only_unverified,unverified,unverified
background_products_bz2/Z_RADR_I_ST001_20250425095940_O_DOR-CUT_YLD6-D_CAP_10_1_FMT.bin.bz2,background_products_bz2,background_product,background_product,.bin.bz2,4707722,d953d7168481c863875b516833a084acc01147555718c1fd13b964ddf8806285,RSTM,2,0,1,ST001,成都远望,46.862548828125,83.09510040283203,FMT,PPI,,3,1,1000,2025-04-25T09:59:40+00:00,2025-04-25T09:59:40+00:00,0.000,544,source_directory_only_unverified,unverified,unverified
background_products_bz2/Z_RADR_I_ST001_20250425100004_O_DOR-CUT_YLD6-D_CAP_10_1_FMT.bin.bz2,background_products_bz2,background_product,background_product,.bin.bz2,4699893,b1ff1127f8baa498afbf634b1e68012007b7a967acb510bd7253f619ec8df49f,RSTM,2,0,1,ST001,成都远望,46.862548828125,83.09510040283203,FMT,PPI,,3,1,1000,2025-04-25T10:00:04+00:00,2025-04-25T10:00:04+00:00,0.000,544,source_directory_only_unverified,unverified,unverified
background_products_bz2/Z_RADR_I_ST001_20250425100029_O_DOR-CUT_YLD6-D_CAP_10_1_FMT.bin.bz2,background_products_bz2,background_product,background_product,.bin.bz2,4708748,dca78d3f0390fdce18031bd6f4040fb8598c1c96728c9a304cd5210783d8fcb6,RSTM,2,0,1,ST001,成都远望,46.862548828125,83.09510040283203,FMT,PPI,,3,1,1000,2025-04-25T10:00:29+00:00,2025-04-25T10:00:29+00:00,0.000,544,source_directory_only_unverified,unverified,unverified
background_products_bz2/Z_RADR_I_ST001_20250425100054_O_DOR-CUT_YLD6-D_CAP_10_1_FMT.bin.bz2,background_products_bz2,background_product,background_product,.bin.bz2,4701217,2207e1c43071237e8cb10b08eeb5736becfbfda0d667a6fceef1867e7642888a,RSTM,2,0,1,ST001,成都远望,46.862548828125,83.09510040283203,FMT,PPI,,3,1,1000,2025-04-25T10:00:54+00:00,2025-04-25T10:00:54+00:00,0.000,544,source_directory_only_unverified,unverified,unverified
background_products_bz2/Z_RADR_I_ST001_20250425100118_O_DOR-CUT_YLD6-D_CAP_10_1_FMT.bin.bz2,background_products_bz2,background_product,background_product,.bin.bz2,4709293,01885a4d637a07badc444344ee38d61bfccae54d0f3767637b70a38a41ffa9aa,RSTM,2,0,1,ST001,成都远望,46.862548828125,83.09510040283203,FMT,PPI,,3,1,1000,2025-04-25T10:01:18+00:00,2025-04-25T10:01:18+00:00,0.000,544,source_directory_only_unverified,unverified,unverified
background_products_bz2/Z_RADR_I_ST001_20250425100143_O_DOR-CUT_YLD6-D_CAP_10_1_FMT.bin.bz2,background_products_bz2,background_product,background_product,.bin.bz2,4701584,f473f1098ffec25d65d66dc937d5fbff841a509d7f2cff1277123ebef6d9ee8d,RSTM,2,0,1,ST001,成都远望,46.862548828125,83.09510040283203,FMT,PPI,,3,1,1000,2025-04-25T10:01:43+00:00,2025-04-25T10:01:43+00:00,0.000,544,source_directory_only_unverified,unverified,unverified
background_products_bz2/Z_RADR_I_ST001_20250425100208_O_DOR-CUT_YLD6-D_CAP_10_1_FMT.bin.bz2,background_products_bz2,background_product,background_product,.bin.bz2,4702447,8ba334961e89e4acd6471413e4338b07c9d7b4abf4d9c5382149a0c7b34ac3ea,RSTM,2,0,1,ST001,成都远望,46.862548828125,83.09510040283203,FMT,PPI,,3,1,1000,2025-04-25T10:02:08+00:00,2025-04-25T10:02:08+00:00,0.000,544,source_directory_only_unverified,unverified,unverified
background_products_bz2/Z_RADR_I_ST001_20250425100233_O_DOR-CUT_YLD6-D_CAP_10_1_FMT.bin.bz2,background_products_bz2,background_product,background_product,.bin.bz2,4703638,94fa4888c8950717754809c24408a016d5880fd64a5e7664c1ffdb99b3c881d8,RSTM,2,0,1,ST001,成都远望,46.862548828125,83.09510040283203,FMT,PPI,,3,1,1000,2025-04-25T10:02:33+00:00,2025-04-25T10:02:33+00:00,0.000,544,source_directory_only_unverified,unverified,unverified
background_products_bz2/Z_RADR_I_ST001_20250425100257_O_DOR-CUT_YLD6-D_CAP_10_1_FMT.bin.bz2,background_products_bz2,background_product,background_product,.bin.bz2,4709921,0957642c32ca15f6f078d92cc713944c2b35757e6f1454e29bb89252b29e54c3,RSTM,2,0,1,ST001,成都远望,46.862548828125,83.09510040283203,FMT,PPI,,3,1,1000,2025-04-25T10:02:57+00:00,2025-04-25T10:02:57+00:00,0.000,544,source_directory_only_unverified,unverified,unverified
background_products_bz2/Z_RADR_I_ST001_20250425100322_O_DOR-CUT_YLD6-D_CAP_10_1_FMT.bin.bz2,background_products_bz2,background_product,background_product,.bin.bz2,4694614,435f0e7ef9473b4423e53ddbf0981728e817c39ed84e538444bacc1289cd3ba6,RSTM,2,0,1,ST001,成都远望,46.862548828125,83.09510040283203,FMT,PPI,,3,1,1000,2025-04-25T10:03:22+00:00,2025-04-25T10:03:22+00:00,0.000,544,source_directory_only_unverified,unverified,unverified
background_products_bz2/Z_RADR_I_ST001_20250425100347_O_DOR-CUT_YLD6-D_CAP_10_1_FMT.bin.bz2,background_products_bz2,background_product,background_product,.bin.bz2,4707281,990149bccc13fd324c8c4062fe9b595c12a10f76a88b1d3e7fd0230c8da18914,RSTM,2,0,1,ST001,成都远望,46.862548828125,83.09510040283203,FMT,PPI,,3,1,1000,2025-04-25T10:03:47+00:00,2025-04-25T10:03:47+00:00,0.000,544,source_directory_only_unverified,unverified,unverified
background_products_bz2/Z_RADR_I_ST001_20250425100411_O_DOR-CUT_YLD6-D_CAP_10_1_FMT.bin.bz2,background_products_bz2,background_product,background_product,.bin.bz2,4691152,22469b117427947dd09d01d4985493cc18233976c3ec40eb79f4c21c063af32a,RSTM,2,0,1,ST001,成都远望,46.862548828125,83.09510040283203,FMT,PPI,,3,1,1000,2025-04-25T10:04:11+00:00,2025-04-25T10:04:11+00:00,0.000,544,source_directory_only_unverified,unverified,unverified
background_products_bz2/Z_RADR_I_ST001_20250425100436_O_DOR-CUT_YLD6-D_CAP_10_1_FMT.bin.bz2,background_products_bz2,background_product,background_product,.bin.bz2,4704838,191d191f0c5d24df2a72e8ee1a02f646b89248dab3c6b3c9b95490a5a9575449,RSTM,2,0,1,ST001,成都远望,46.862548828125,83.09510040283203,FMT,PPI,,3,1,1000,2025-04-25T10:04:36+00:00,2025-04-25T10:04:36+00:00,0.000,544,source_directory_only_unverified,unverified,unverified
background_products_bz2/Z_RADR_I_ST001_20250425100501_O_DOR-CUT_YLD6-D_CAP_10_1_FMT.bin.bz2,background_products_bz2,background_product,background_product,.bin.bz2,4703720,0ce6588fc710473dde0475c7a741a9d215e267c31edf4ffd4c880c8f1dc69497,RSTM,2,0,1,ST001,成都远望,46.862548828125,83.09510040283203,FMT,PPI,,3,1,1000,2025-04-25T10:05:01+00:00,2025-04-25T10:05:01+00:00,0.000,544,source_directory_only_unverified,unverified,unverified
background_products_bz2/Z_RADR_I_ST001_20250425100526_O_DOR-CUT_YLD6-D_CAP_10_1_FMT.bin.bz2,background_products_bz2,background_product,background_product,.bin.bz2,4706751,df67135abce6b0306c45e085b4ba965e5dac29b7f9901346ed474a8d8f989f67,RSTM,2,0,1,ST001,成都远望,46.862548828125,83.09510040283203,FMT,PPI,,3,1,1000,2025-04-25T10:05:26+00:00,2025-04-25T10:05:26+00:00,0.000,544,source_directory_only_unverified,unverified,unverified
background_products_bz2/Z_RADR_I_ST001_20250425100550_O_DOR-CUT_YLD6-D_CAP_10_1_FMT.bin.bz2,background_products_bz2,background_product,background_product,.bin.bz2,4701230,dd965b91311f78f771a0599264aa376a76e971559d168ef9f1456f526d3ca4d9,RSTM,2,0,1,ST001,成都远望,46.862548828125,83.09510040283203,FMT,PPI,,3,1,1000,2025-04-25T10:05:50+00:00,2025-04-25T10:05:50+00:00,0.000,544,source_directory_only_unverified,unverified,unverified
background_products_bz2/Z_RADR_I_ST001_20250425100615_O_DOR-CUT_YLD6-D_CAP_10_1_FMT.bin.bz2,background_products_bz2,background_product,background_product,.bin.bz2,4703255,1faade6215dc2c93609a9a9fd59b35248451411f3f09162f015357fbcdaa6f51,RSTM,2,0,1,ST001,成都远望,46.862548828125,83.09510040283203,FMT,PPI,,3,1,1000,2025-04-25T10:06:15+00:00,2025-04-25T10:06:15+00:00,0.000,544,source_directory_only_unverified,unverified,unverified
background_products_bz2/Z_RADR_I_ST001_20250425100640_O_DOR-CUT_YLD6-D_CAP_10_1_FMT.bin.bz2,background_products_bz2,background_product,background_product,.bin.bz2,4703149,2accd3e232ca09f49923e0a0e347710b2d3d1cb3876189746e5f451fbd7f00ea,RSTM,2,0,1,ST001,成都远望,46.862548828125,83.09510040283203,FMT,PPI,,3,1,1000,2025-04-25T10:06:40+00:00,2025-04-25T10:06:40+00:00,0.000,544,source_directory_only_unverified,unverified,unverified
background_products_bz2/Z_RADR_I_ST001_20250425100704_O_DOR-CUT_YLD6-D_CAP_10_1_FMT.bin.bz2,background_products_bz2,background_product,background_product,.bin.bz2,4699258,51f2c725fa0f991b4a36daa2a423af5498dea3a47ac0752a55a906f470ea245f,RSTM,2,0,1,ST001,成都远望,46.862548828125,83.09510040283203,FMT,PPI,,3,1,1000,2025-04-25T10:07:04+00:00,2025-04-25T10:07:04+00:00,0.000,544,source_directory_only_unverified,unverified,unverified
background_products_bz2/Z_RADR_I_ST001_20250425100729_O_DOR-CUT_YLD6-D_CAP_10_1_FMT.bin.bz2,background_products_bz2,background_product,background_product,.bin.bz2,4703184,fcf022810df55e194b3c46cc9185d1c3feaaf068464bf65d29eb89b16530fa81,RSTM,2,0,1,ST001,成都远望,46.862548828125,83.09510040283203,FMT,PPI,,3,1,1000,2025-04-25T10:07:29+00:00,2025-04-25T10:07:29+00:00,0.000,544,source_directory_only_unverified,unverified,unverified
background_products_bz2/Z_RADR_I_ST001_20250425100754_O_DOR-CUT_YLD6-D_CAP_10_1_FMT.bin.bz2,background_products_bz2,background_product,background_product,.bin.bz2,4707449,3b2c4f80f2c310fb15b17b30aef93caffbac5d70b1e5f30af6eb11e18e470404,RSTM,2,0,1,ST001,成都远望,46.862548828125,83.09510040283203,FMT,PPI,,3,1,1000,2025-04-25T10:07:54+00:00,2025-04-25T10:07:54+00:00,0.000,544,source_directory_only_unverified,unverified,unverified
background_products_bz2/Z_RADR_I_ST001_20250425100819_O_DOR-CUT_YLD6-D_CAP_10_1_FMT.bin.bz2,background_products_bz2,background_product,background_product,.bin.bz2,4700559,d5920d02d99cc9d7ce4372973b1f2bada846e16e7155544320c0b86e8e89a671,RSTM,2,0,1,ST001,成都远望,46.862548828125,83.09510040283203,FMT,PPI,,3,1,1000,2025-04-25T10:08:19+00:00,2025-04-25T10:08:19+00:00,0.000,544,source_directory_only_unverified,unverified,unverified
background_products_bz2/Z_RADR_I_ST001_20250425100843_O_DOR-CUT_YLD6-D_CAP_10_1_FMT.bin.bz2,background_products_bz2,background_product,background_product,.bin.bz2,4704993,3bb2f1768ed4f604f7fd5026da4f1269678acbee55b11b99e2f17e48fb499eff,RSTM,2,0,1,ST001,成都远望,46.862548828125,83.09510040283203,FMT,PPI,,3,1,1000,2025-04-25T10:08:43+00:00,2025-04-25T10:08:43+00:00,0.000,544,source_directory_only_unverified,unverified,unverified
background_products_bz2/Z_RADR_I_ST001_20250425100908_O_DOR-CUT_YLD6-D_CAP_10_1_FMT.bin.bz2,background_products_bz2,background_product,background_product,.bin.bz2,4700093,0e9eeddf86922a44119d23932b825a61050e0245ac0e35385e587fbfbe8e960b,RSTM,2,0,1,ST001,成都远望,46.862548828125,83.09510040283203,FMT,PPI,,3,1,1000,2025-04-25T10:09:08+00:00,2025-04-25T10:09:08+00:00,0.000,544,source_directory_only_unverified,unverified,unverified
background_products_bz2/Z_RADR_I_ST001_20250425100933_O_DOR-CUT_YLD6-D_CAP_10_1_FMT.bin.bz2,background_products_bz2,background_product,background_product,.bin.bz2,4704581,d33c40509fdf0b15cde0c0a3aa96f71c304431888c8b90a88df307aa431625c4,RSTM,2,0,1,ST001,成都远望,46.862548828125,83.09510040283203,FMT,PPI,,3,1,1000,2025-04-25T10:09:33+00:00,2025-04-25T10:09:33+00:00,0.000,544,source_directory_only_unverified,unverified,unverified
background_products_bz2/Z_RADR_I_ST001_20250425100958_O_DOR-CUT_YLD6-D_CAP_10_1_FMT.bin.bz2,background_products_bz2,background_product,background_product,.bin.bz2,4704192,6a009ddf30ad6934eb0cd106a0e9d21b966bda5c42a4d7fe92e68b0644b25286,RSTM,2,0,1,ST001,成都远望,46.862548828125,83.09510040283203,FMT,PPI,,3,1,1000,2025-04-25T10:09:58+00:00,2025-04-25T10:09:58+00:00,0.000,544,source_directory_only_unverified,unverified,unverified
background_products_bz2/Z_RADR_I_ST001_20250425101023_O_DOR-CUT_YLD6-D_CAP_10_1_FMT.bin.bz2,background_products_bz2,background_product,background_product,.bin.bz2,4693345,06b5d26ed5fd07d19f3478c1b12a02583054d9b2273d0c3827e22b5e5e416643,RSTM,2,0,1,ST001,成都远望,46.862548828125,83.09510040283203,FMT,PPI,,3,1,1000,2025-04-25T10:10:23+00:00,2025-04-25T10:10:23+00:00,0.000,544,source_directory_only_unverified,unverified,unverified
background_products_bz2/Z_RADR_I_ST001_20250425101111_O_DOR-CUT_YLD6-D_CAP_50_1_FMT.bin.bz2,background_products_bz2,background_product,background_product,.bin.bz2,4685312,90e260f068511e84b9288cff1fb3ee5bd75c9ba464ea76cc1fe3d115fd46a9ff,RSTM,2,0,1,ST001,成都远望,46.862548828125,83.09510040283203,FMT,PPI,,3,1,1000,2025-04-25T10:11:11+00:00,2025-04-25T10:11:11+00:00,0.000,544,source_directory_only_unverified,unverified,unverified
background_products_bz2/Z_RADR_I_ST001_20250425101136_O_DOR-CUT_YLD6-D_CAP_50_1_FMT.bin.bz2,background_products_bz2,background_product,background_product,.bin.bz2,4681258,0d82033f7e00d5ac163e176093ff0426d296c94358eff9f4a53c0dc76ce08bbc,RSTM,2,0,1,ST001,成都远望,46.862548828125,83.09510040283203,FMT,PPI,,3,1,1000,2025-04-25T10:11:36+00:00,2025-04-25T10:11:36+00:00,0.000,544,source_directory_only_unverified,unverified,unverified
background_products_bz2/Z_RADR_I_ST001_20250425101201_O_DOR-CUT_YLD6-D_CAP_50_1_FMT.bin.bz2,background_products_bz2,background_product,background_product,.bin.bz2,4678755,b0c83675d08373b8d14eb8308379e88b1bfdb21362e6459cec097bab74dbc30f,RSTM,2,0,1,ST001,成都远望,46.862548828125,83.09510040283203,FMT,PPI,,3,1,1000,2025-04-25T10:12:01+00:00,2025-04-25T10:12:01+00:00,0.000,544,source_directory_only_unverified,unverified,unverified
background_products_bz2/Z_RADR_I_ST001_20250425101225_O_DOR-CUT_YLD6-D_CAP_50_1_FMT.bin.bz2,background_products_bz2,background_product,background_product,.bin.bz2,4681362,9a05d5c8645d011b398a893d93e061171b394f2609c9d03c070efab9af35ff09,RSTM,2,0,1,ST001,成都远望,46.862548828125,83.09510040283203,FMT,PPI,,3,1,1000,2025-04-25T10:12:25+00:00,2025-04-25T10:12:25+00:00,0.000,544,source_directory_only_unverified,unverified,unverified
background_products_bz2/Z_RADR_I_ST001_20250425101250_O_DOR-CUT_YLD6-D_CAP_50_1_FMT.bin.bz2,background_products_bz2,background_product,background_product,.bin.bz2,4683259,64458b19ba28c0f73eba4e9dbfb7f2c1937f0ea2b434723b7f8f01d769c8422b,RSTM,2,0,1,ST001,成都远望,46.862548828125,83.09510040283203,FMT,PPI,,3,1,1000,2025-04-25T10:12:50+00:00,2025-04-25T10:12:50+00:00,0.000,544,source_directory_only_unverified,unverified,unverified
background_products_bz2/Z_RADR_I_ST001_20250425101333_O_DOR-CUT_YLD6-D_CAP_50_1_FMT.bin.bz2,background_products_bz2,background_product,background_product,.bin.bz2,4682421,1aa6bf1639549b1e13ea8042b95c44882e511a855409627464d8a218965f4056,RSTM,2,0,1,ST001,成都远望,46.862548828125,83.09510040283203,FMT,PPI,,3,1,1000,2025-04-25T10:13:33+00:00,2025-04-25T10:13:33+00:00,0.000,544,source_directory_only_unverified,unverified,unverified
background_products_bz2/Z_RADR_I_ST001_20250425101357_O_DOR-CUT_YLD6-D_CAP_50_1_FMT.bin.bz2,background_products_bz2,background_product,background_product,.bin.bz2,4674048,9d21ee831b5743055078c5f337e7d848fc6581e879cfcf479f09d24b96eb1e1c,RSTM,2,0,1,ST001,成都远望,46.862548828125,83.09510040283203,FMT,PPI,,3,1,1000,2025-04-25T10:13:57+00:00,2025-04-25T10:13:57+00:00,0.000,544,source_directory_only_unverified,unverified,unverified
background_products_bz2/Z_RADR_I_ST001_20250425101422_O_DOR-CUT_YLD6-D_CAP_50_1_FMT.bin.bz2,background_products_bz2,background_product,background_product,.bin.bz2,4675506,b5f2cba75447cb2114bbe61d1d31ec17272f8e426f6d85070edd7e16b7838f88,RSTM,2,0,1,ST001,成都远望,46.862548828125,83.09510040283203,FMT,PPI,,3,1,1000,2025-04-25T10:14:22+00:00,2025-04-25T10:14:22+00:00,0.000,544,source_directory_only_unverified,unverified,unverified
background_products_bz2/Z_RADR_I_ST001_20250425101447_O_DOR-CUT_YLD6-D_CAP_50_1_FMT.bin.bz2,background_products_bz2,background_product,background_product,.bin.bz2,4664868,50fe3b556119fa58e5e8629166f6ad5353ee138c2fe1a30d673893bb6b6ce95a,RSTM,2,0,1,ST001,成都远望,46.862548828125,83.09510040283203,FMT,PPI,,3,1,1000,2025-04-25T10:14:47+00:00,2025-04-25T10:14:47+00:00,0.000,544,source_directory_only_unverified,unverified,unverified
background_products_bz2/Z_RADR_I_ST001_20250425101512_O_DOR-CUT_YLD6-D_CAP_50_1_FMT.bin.bz2,background_products_bz2,background_product,background_product,.bin.bz2,4662464,7cc9d491152cc0e2496dd6b97dab466c229a076b1d0d7ee532959a75b306ab95,RSTM,2,0,1,ST001,成都远望,46.862548828125,83.09510040283203,FMT,PPI,,3,1,1000,2025-04-25T10:15:12+00:00,2025-04-25T10:15:12+00:00,0.000,544,source_directory_only_unverified,unverified,unverified
background_products_bz2/Z_RADR_I_ST001_20250425101536_O_DOR-CUT_YLD6-D_CAP_50_1_FMT.bin.bz2,background_products_bz2,background_product,background_product,.bin.bz2,4670413,9dea810529c4a4817e324439f39ea1f6fb3d6243a08b8634ed2dd3d9856fc4df,RSTM,2,0,1,ST001,成都远望,46.862548828125,83.09510040283203,FMT,PPI,,3,1,1000,2025-04-25T10:15:36+00:00,2025-04-25T10:15:36+00:00,0.000,544,source_directory_only_unverified,unverified,unverified
background_products_bz2/Z_RADR_I_ST001_20250425101601_O_DOR-CUT_YLD6-D_CAP_50_1_FMT.bin.bz2,background_products_bz2,background_product,background_product,.bin.bz2,4678513,6cd9527edb91028caf7adbe383601887a0494d61eaf9077d9997c09682e59642,RSTM,2,0,1,ST001,成都远望,46.862548828125,83.09510040283203,FMT,PPI,,3,1,1000,2025-04-25T10:16:01+00:00,2025-04-25T10:16:01+00:00,0.000,544,source_directory_only_unverified,unverified,unverified
background_products_bz2/Z_RADR_I_ST001_20250425101626_O_DOR-CUT_YLD6-D_CAP_50_1_FMT.bin.bz2,background_products_bz2,background_product,background_product,.bin.bz2,4667567,4cc6be35651f378972bb3245fd99c9f84ef32cc19caa9267a03287c4666afc9c,RSTM,2,0,1,ST001,成都远望,46.862548828125,83.09510040283203,FMT,PPI,,3,1,1000,2025-04-25T10:16:26+00:00,2025-04-25T10:16:26+00:00,0.000,544,source_directory_only_unverified,unverified,unverified
background_products_bz2/Z_RADR_I_ST001_20250425101651_O_DOR-CUT_YLD6-D_CAP_50_1_FMT.bin.bz2,background_products_bz2,background_product,background_product,.bin.bz2,4671380,7fd23a51f664d9b8fa2c8b3281c544d658d6f17218ffd63c0f4d2b62a6cc2139,RSTM,2,0,1,ST001,成都远望,46.862548828125,83.09510040283203,FMT,PPI,,3,1,1000,2025-04-25T10:16:51+00:00,2025-04-25T10:16:51+00:00,0.000,544,source_directory_only_unverified,unverified,unverified
background_products_bz2/Z_RADR_I_ST001_20250425101715_O_DOR-CUT_YLD6-D_CAP_50_1_FMT.bin.bz2,background_products_bz2,background_product,background_product,.bin.bz2,4669121,690abc1a3d4a8fadc01e86ded4e5ee6cdcb7657aba5c07a79b156bc400954d1a,RSTM,2,0,1,ST001,成都远望,46.862548828125,83.09510040283203,FMT,PPI,,3,1,1000,2025-04-25T10:17:15+00:00,2025-04-25T10:17:15+00:00,0.000,544,source_directory_only_unverified,unverified,unverified
background_products_bz2/Z_RADR_I_ST001_20250425101740_O_DOR-CUT_YLD6-D_CAP_50_1_FMT.bin.bz2,background_products_bz2,background_product,background_product,.bin.bz2,4671022,6fd646c88727e0dad5e5ac7957ff3be44a8d9a3e0ea439ed9d1598ae40e37e38,RSTM,2,0,1,ST001,成都远望,46.862548828125,83.09510040283203,FMT,PPI,,3,1,1000,2025-04-25T10:17:40+00:00,2025-04-25T10:17:40+00:00,0.000,544,source_directory_only_unverified,unverified,unverified
background_products_bz2/Z_RADR_I_ST001_20250425101805_O_DOR-CUT_YLD6-D_CAP_50_1_FMT.bin.bz2,background_products_bz2,background_product,background_product,.bin.bz2,4674915,926ad961e8055cbd9533924a6d6f79dbacf44e19ce54bd0c10468ff55d0312cd,RSTM,2,0,1,ST001,成都远望,46.862548828125,83.09510040283203,FMT,PPI,,3,1,1000,2025-04-25T10:18:05+00:00,2025-04-25T10:18:05+00:00,0.000,544,source_directory_only_unverified,unverified,unverified
background_products_bz2/Z_RADR_I_ST001_20250425101920_O_DOR_YLD6-D_RHI_FMT.bin.bz2,background_products_bz2,background_product,background_product,.bin.bz2,314483,b36f50c73cc4f3249737124c35b6af3e7a6b5877c975ff8ac0a4fce80a65d526,RSTM,2,0,1,ST001,成都远望,46.862548828125,83.09510040283203,FMT,RHI,,3,2,1000,2025-04-25T10:19:20+00:00,2025-04-25T10:19:20+00:00,0.000,544,source_directory_only_unverified,unverified,unverified
background_products_bz2/Z_RADR_I_ST001_20250425101925_O_DOR_YLD6-D_RHI_FMT.bin.bz2,background_products_bz2,background_product,background_product,.bin.bz2,313808,8956ce92e6309dc34bc10fa58244b48c41b8b6512a854860a93132fe9022d1e5,RSTM,2,0,1,ST001,成都远望,46.862548828125,83.09510040283203,FMT,RHI,,3,2,1000,2025-04-25T10:19:25+00:00,2025-04-25T10:19:25+00:00,0.000,544,source_directory_only_unverified,unverified,unverified
background_products_bz2/Z_RADR_I_ST001_20250425101931_O_DOR_YLD6-D_RHI_FMT.bin.bz2,background_products_bz2,background_product,background_product,.bin.bz2,314562,a3c4144245ffc58b12962c3ade48f544ceaa7c4600cfa261135e63dbc48be042,RSTM,2,0,1,ST001,成都远望,46.862548828125,83.09510040283203,FMT,RHI,,3,2,1000,2025-04-25T10:19:31+00:00,2025-04-25T10:19:31+00:00,0.000,544,source_directory_only_unverified,unverified,unverified
background_products_bz2/Z_RADR_I_ST001_20250425101937_O_DOR_YLD6-D_RHI_FMT.bin.bz2,background_products_bz2,background_product,background_product,.bin.bz2,314472,63a2b4c0eca505fc605334d620caca154c5bb54a4a2016f5717d910f18e25c40,RSTM,2,0,1,ST001,成都远望,46.862548828125,83.09510040283203,FMT,RHI,,3,2,1000,2025-04-25T10:19:37+00:00,2025-04-25T10:19:37+00:00,0.000,544,source_directory_only_unverified,unverified,unverified
background_products_bz2/Z_RADR_I_ST001_20250425101943_O_DOR_YLD6-D_RHI_FMT.bin.bz2,background_products_bz2,background_product,background_product,.bin.bz2,314051,a9a1995f532f13d651fdc00b694d8a2cc7d1e32d2c61752bc5d7d3f3f11cddbc,RSTM,2,0,1,ST001,成都远望,46.862548828125,83.09510040283203,FMT,RHI,,3,2,1000,2025-04-25T10:19:43+00:00,2025-04-25T10:19:43+00:00,0.000,544,source_directory_only_unverified,unverified,unverified
background_products_bz2/Z_RADR_I_ST001_20250425101949_O_DOR_YLD6-D_RHI_FMT.bin.bz2,background_products_bz2,background_product,background_product,.bin.bz2,315028,968d76076c195fc6d0fcdad3b0de0bcd83198a8820c4da830e3b61fc87f76a6e,RSTM,2,0,1,ST001,成都远望,46.862548828125,83.09510040283203,FMT,RHI,,3,2,1000,2025-04-25T10:19:49+00:00,2025-04-25T10:19:49+00:00,0.000,544,source_directory_only_unverified,unverified,unverified
background_products_bz2/Z_RADR_I_ST001_20250425101955_O_DOR_YLD6-D_RHI_FMT.bin.bz2,background_products_bz2,background_product,background_product,.bin.bz2,314606,f741ab81dfe8df42bae54810545d8a3afffb7b48cb151b2047527c9ac316412a,RSTM,2,0,1,ST001,成都远望,46.862548828125,83.09510040283203,FMT,RHI,,3,2,1000,2025-04-25T10:19:55+00:00,2025-04-25T10:19:55+00:00,0.000,544,source_directory_only_unverified,unverified,unverified
background_products_bz2/Z_RADR_I_ST001_20250425102000_O_DOR_YLD6-D_RHI_FMT.bin.bz2,background_products_bz2,background_product,background_product,.bin.bz2,313753,fd04fdce620575966b139c7cf98bfdf07b0741303cb97caf326441b9e2977856,RSTM,2,0,1,ST001,成都远望,46.862548828125,83.09510040283203,FMT,RHI,,3,2,1000,2025-04-25T10:20:00+00:00,2025-04-25T10:20:00+00:00,0.000,544,source_directory_only_unverified,unverified,unverified
background_products_bz2/Z_RADR_I_ST001_20250425102006_O_DOR_YLD6-D_RHI_FMT.bin.bz2,background_products_bz2,background_product,background_product,.bin.bz2,314148,7e0ef94652dbc358cc27016fb66a66437e8deff2c3cc28e3a88f0daee4486355,RSTM,2,0,1,ST001,成都远望,46.862548828125,83.09510040283203,FMT,RHI,,3,2,1000,2025-04-25T10:20:06+00:00,2025-04-25T10:20:06+00:00,0.000,544,source_directory_only_unverified,unverified,unverified
background_products_bz2/Z_RADR_I_ST001_20250425102012_O_DOR_YLD6-D_RHI_FMT.bin.bz2,background_products_bz2,background_product,background_product,.bin.bz2,314137,d5b9c474aba53162e2e932a556d733068696c101c9fcfebd1abd29f7a20b9fe6,RSTM,2,0,1,ST001,成都远望,46.862548828125,83.09510040283203,FMT,RHI,,3,2,1000,2025-04-25T10:20:12+00:00,2025-04-25T10:20:12+00:00,0.000,544,source_directory_only_unverified,unverified,unverified
background_products_bz2/Z_RADR_I_ST001_20250425102018_O_DOR_YLD6-D_RHI_FMT.bin.bz2,background_products_bz2,background_product,background_product,.bin.bz2,314206,d0994ff70ce175350f86c78ba0f9e394837cb6725335bf80b82ad75c661a48f1,RSTM,2,0,1,ST001,成都远望,46.862548828125,83.09510040283203,FMT,RHI,,3,2,1000,2025-04-25T10:20:18+00:00,2025-04-25T10:20:18+00:00,0.000,544,source_directory_only_unverified,unverified,unverified
background_products_bz2/Z_RADR_I_ST001_20250425103423_O_DOR-CUT_YLD6-D_CAP_50_1_FMT.bin.bz2,background_products_bz2,background_product,background_product,.bin.bz2,4664046,041941c6d2fa826f1edd9642d2379edc7bf4ece2e3c0dcc9df16445c026fca31,RSTM,2,0,1,ST001,成都远望,46.862548828125,83.09510040283203,FMT,PPI,,3,1,1000,2025-04-25T10:34:23+00:00,2025-04-25T10:34:23+00:00,0.000,544,source_directory_only_unverified,unverified,unverified
background_products_bz2/Z_RADR_I_ST001_20250425103448_O_DOR-CUT_YLD6-D_CAP_50_1_FMT.bin.bz2,background_products_bz2,background_product,background_product,.bin.bz2,4665357,41d12b302a63ca47dc0043eddf6a99577532f8b3800d3a39a1b269f0b4cbba8f,RSTM,2,0,1,ST001,成都远望,46.862548828125,83.09510040283203,FMT,PPI,,3,1,1000,2025-04-25T10:34:48+00:00,2025-04-25T10:34:48+00:00,0.000,544,source_directory_only_unverified,unverified,unverified
background_products_bz2/Z_RADR_I_ST001_20250425103512_O_DOR-CUT_YLD6-D_CAP_50_1_FMT.bin.bz2,background_products_bz2,background_product,background_product,.bin.bz2,4668237,f26c46dcfbe289ef8d58528bb26eb1b7d2b40f920a0837b8081bc2c06511ec70,RSTM,2,0,1,ST001,成都远望,46.862548828125,83.09510040283203,FMT,PPI,,3,1,1000,2025-04-25T10:35:12+00:00,2025-04-25T10:35:12+00:00,0.000,544,source_directory_only_unverified,unverified,unverified
background_products_bz2/Z_RADR_I_ST001_20250425103537_O_DOR-CUT_YLD6-D_CAP_50_1_FMT.bin.bz2,background_products_bz2,background_product,background_product,.bin.bz2,4660468,8d6b6fbb4940385901f1cbc87d62d7ac72a4e2bc0f13ed5b20ea28e2f1ccdf82,RSTM,2,0,1,ST001,成都远望,46.862548828125,83.09510040283203,FMT,PPI,,3,1,1000,2025-04-25T10:35:37+00:00,2025-04-25T10:35:37+00:00,0.000,544,source_directory_only_unverified,unverified,unverified
background_products_bz2/Z_RADR_I_ST001_20250425103602_O_DOR-CUT_YLD6-D_CAP_50_1_FMT.bin.bz2,background_products_bz2,background_product,background_product,.bin.bz2,4662307,0405cbb719af064d121868990d316c14dfc6968ce7fb43019d943522de7ce529,RSTM,2,0,1,ST001,成都远望,46.862548828125,83.09510040283203,FMT,PPI,,3,1,1000,2025-04-25T10:36:02+00:00,2025-04-25T10:36:02+00:00,0.000,544,source_directory_only_unverified,unverified,unverified
target_balloon/ST001_20250425_135455_818_01_CDX_RHI.IQ,target_balloon,target,balloon_source_label,.iq,259926656,95f8f091b635a6b408d449e7bd3a569e3218fbb7bd8662a2316a506beeb21b0b,RSTM,18,1,10,ST001,成都远望,46.862552642822266,83.09510040283203,RHI,RHI,俯仰扫描,2,2,1000,2025-04-25T13:32:37+00:00,2025-04-25T13:54:55.818000+00:00,-1338.818,544,source_directory_only_unverified,unverified,unverified
target_balloon/ST001_20250425_135504_853_01_CDX_RHI.IQ,target_balloon,target,balloon_source_label,.iq,294710912,5871a0b7a1c5d4ed6110d0a0647d748ebbe3d8f37ff347b882d83c23b277c302,RSTM,18,1,10,ST001,成都远望,46.862552642822266,83.09510040283203,RHI,RHI,俯仰扫描,2,2,1000,2025-04-25T13:55:04+00:00,2025-04-25T13:55:04.853000+00:00,-0.853,544,source_directory_only_unverified,unverified,unverified
target_balloon/ST001_20250425_135514_910_01_CDX_RHI.IQ,target_balloon,target,balloon_source_label,.iq,296106176,42d547c86bd7cc9b2148e7321459bc4ed5a94c346b53dc105212e47b3f60445e,RSTM,18,1,10,ST001,成都远望,46.862552642822266,83.09510040283203,RHI,RHI,俯仰扫描,2,2,1000,2025-04-25T13:55:14+00:00,2025-04-25T13:55:14.910000+00:00,-0.910,544,source_directory_only_unverified,unverified,unverified
target_balloon/ST001_20250425_135524_962_01_CDX_RHI.IQ,target_balloon,target,balloon_source_label,.iq,297923264,9c9d753d1fc86e24d5b1518b79a78bda5ae70cd5f34ab50b4b4afe1be4bcc13f,RSTM,18,1,10,ST001,成都远望,46.862552642822266,83.09510040283203,RHI,RHI,俯仰扫描,2,2,1000,2025-04-25T13:55:24+00:00,2025-04-25T13:55:24.962000+00:00,-0.962,544,source_directory_only_unverified,unverified,unverified
target_balloon/ST001_20250425_135535_016_01_CDX_RHI.IQ,target_balloon,target,balloon_source_label,.iq,296089952,c991d839c11377cf8550585532b7bccdadd7e8782fe496b464e9dcc7988fa318,RSTM,18,1,10,ST001,成都远望,46.862552642822266,83.09510040283203,RHI,RHI,俯仰扫描,2,2,1000,2025-04-25T13:55:35+00:00,2025-04-25T13:55:35.016000+00:00,-0.016,544,source_directory_only_unverified,unverified,unverified
target_balloon/ST001_20250425_135545_065_01_CDX_RHI.IQ,target_balloon,target,balloon_source_label,.iq,297809696,8b18bc59070a7313f5fa9f319a3d84eb926abbe69842420c416ac02ef6dc466a,RSTM,18,1,10,ST001,成都远望,46.862552642822266,83.09510040283203,RHI,RHI,俯仰扫描,2,2,1000,2025-04-25T13:55:45+00:00,2025-04-25T13:55:45.065000+00:00,-0.065,544,source_directory_only_unverified,unverified,unverified
target_balloon/ST001_20250425_135555_116_01_CDX_RHI.IQ,target_balloon,target,balloon_source_label,.iq,296252192,6a87c07a7866ffdafd1de91d145ecbc8a3f3aa3b66fd155f82e1818d5c1c0c79,RSTM,18,1,10,ST001,成都远望,46.862552642822266,83.09510040283203,RHI,RHI,俯仰扫描,2,2,1000,2025-04-25T13:55:55+00:00,2025-04-25T13:55:55.116000+00:00,-0.116,544,source_directory_only_unverified,unverified,unverified
target_balloon/ST001_20250425_135605_171_01_CDX_RHI.IQ,target_balloon,target,balloon_source_label,.iq,299594336,ddbf1030b70a104f9bfcee148a96cab9c85488ff85186362f0595c0cfe2890fe,RSTM,18,1,10,ST001,成都远望,46.862552642822266,83.09510040283203,RHI,RHI,俯仰扫描,2,2,1000,2025-04-25T13:56:05+00:00,2025-04-25T13:56:05.171000+00:00,-0.171,544,source_directory_only_unverified,unverified,unverified
target_balloon/ST001_20250425_135615_226_01_CDX_RHI.IQ,target_balloon,target,balloon_source_label,.iq,297858368,9cb3d9d27d65f31c653d7f5e7270d7043a9dbc3944b794b0ce6f6087392e6dd5,RSTM,18,1,10,ST001,成都远望,46.862552642822266,83.09510040283203,RHI,RHI,俯仰扫描,2,2,1000,2025-04-25T13:56:15+00:00,2025-04-25T13:56:15.226000+00:00,-0.226,544,source_directory_only_unverified,unverified,unverified
target_balloon/ST001_20250425_135625_274_01_CDX_RHI.IQ,target_balloon,target,balloon_source_label,.iq,299334752,88b3c8229e11e9771604698a3210e5f28a7724535c5edc400555a06431a6f0fb,RSTM,18,1,10,ST001,成都远望,46.862552642822266,83.09510040283203,RHI,RHI,俯仰扫描,2,2,1000,2025-04-25T13:56:25+00:00,2025-04-25T13:56:25.274000+00:00,-0.274,544,source_directory_only_unverified,unverified,unverified
target_balloon/ST001_20250425_135635_525_01_CDX_RHI.IQ,target_balloon,target,balloon_source_label,.iq,296284640,da106b1b1553136f89f3144c1a43fdaa878a8c77e5cc4f383678beefba9651dd,RSTM,18,1,10,ST001,成都远望,46.862552642822266,83.09510040283203,RHI,RHI,俯仰扫描,2,2,1000,2025-04-25T13:56:35+00:00,2025-04-25T13:56:35.525000+00:00,-0.525,544,source_directory_only_unverified,unverified,unverified
target_balloon/ST001_20250425_135645_580_01_CDX_RHI.IQ,target_balloon,target,balloon_source_label,.iq,50166560,e9786c233ea6e075b15e12b4cbbd472beab271c4aa9195e3073f416532d02f2d,RSTM,18,1,10,ST001,成都远望,46.862552642822266,83.09510040283203,RHI,RHI,俯仰扫描,2,2,1000,2025-04-25T13:56:45+00:00,2025-04-25T13:56:45.580000+00:00,-0.580,544,source_directory_only_unverified,unverified,unverified
target_balloon/ST001_20250425_135652_253_01_CDX_RPI.IQ,target_balloon,target,balloon_source_label,.iq,395526848,56a9159d5627d361eed1243eb6719d8f564cadd5149e1718af456d2d462f3ec3,RSTM,18,1,10,ST001,成都远望,46.862552642822266,83.09510040283203,RPI,RPI,方位扇扫,2,3,1000,2025-04-25T13:56:52+00:00,2025-04-25T13:56:52.253000+00:00,-0.253,544,source_directory_only_unverified,unverified,unverified
target_balloon/ST001_20250425_135708_359_01_CDX_RPI.IQ,target_balloon,target,balloon_source_label,.iq,363062624,2369f7136cf46c9f7d77796cfbe452bf0cd57abc987bc8a098999da363b51b03,RSTM,18,1,10,ST001,成都远望,46.862552642822266,83.09510040283203,RPI,RPI,方位扇扫,2,3,1000,2025-04-25T13:57:08+00:00,2025-04-25T13:57:08.359000+00:00,-0.359,544,source_directory_only_unverified,unverified,unverified
target_balloon/ST001_20250425_135723_462_01_CDX_RPI.IQ,target_balloon,target,balloon_source_label,.iq,364555232,e06a7697475f8b331635cd2583632f6cbe6ed599297575163832a72895b89821,RSTM,18,1,10,ST001,成都远望,46.862552642822266,83.09510040283203,RPI,RPI,方位扇扫,2,3,1000,2025-04-25T13:57:23+00:00,2025-04-25T13:57:23.462000+00:00,-0.462,544,source_directory_only_unverified,unverified,unverified
target_balloon/ST001_20250425_135738_558_01_CDX_RPI.IQ,target_balloon,target,balloon_source_label,.iq,363127520,317ae17ed74caad1ce1fc38bab27eda0992faf279b559231faf9f1951e02d7df,RSTM,18,1,10,ST001,成都远望,46.862552642822266,83.09510040283203,RPI,RPI,方位扇扫,2,3,1000,2025-04-25T13:57:38+00:00,2025-04-25T13:57:38.558000+00:00,-0.558,544,source_directory_only_unverified,unverified,unverified
target_balloon/ST001_20250425_135753_660_01_CDX_RPI.IQ,target_balloon,target,balloon_source_label,.iq,237683552,ca1a19021cdc65bf9fb48b3d72c192d6972044ef7d37abdcb07951280aed7669,RSTM,18,1,10,ST001,成都远望,46.862552642822266,83.09510040283203,RPI,RPI,方位扇扫,2,3,1000,2025-04-25T13:57:53+00:00,2025-04-25T13:57:53.660000+00:00,-0.660,544,source_directory_only_unverified,unverified,unverified
target_balloon/ST001_20250425_135805_560_01_CDX_RHI.IQ,target_balloon,target,balloon_source_label,.iq,305727008,4fe16b42a8224bdb4ee4d78fc2b67f119c257d106b504e10db9db6de961e391f,RSTM,18,1,10,ST001,成都远望,46.862552642822266,83.09510040283203,RHI,RHI,俯仰扫描,2,2,1000,2025-04-25T13:58:05+00:00,2025-04-25T13:58:05.560000+00:00,-0.560,544,source_directory_only_unverified,unverified,unverified
target_balloon/ST001_20250425_135818_436_01_CDX_RHI.IQ,target_balloon,target,balloon_source_label,.iq,307836128,3a544c893e965ed6ca5a9d08ef76d3a2c375f019c3d4e14c9ac7cd35db19bf5b,RSTM,18,1,10,ST001,成都远望,46.862552642822266,83.09510040283203,RHI,RHI,俯仰扫描,2,2,1000,2025-04-25T13:58:18+00:00,2025-04-25T13:58:18.436000+00:00,-0.436,544,source_directory_only_unverified,unverified,unverified
target_balloon/ST001_20250425_135831_327_01_CDX_RHI.IQ,target_balloon,target,balloon_source_label,.iq,307608992,5c537e5178316a5aa89453516c0d3bfa56c661c1d7bddb705d952716ae154626,RSTM,18,1,10,ST001,成都远望,46.862552642822266,83.09510040283203,RHI,RHI,俯仰扫描,2,2,1000,2025-04-25T13:58:31+00:00,2025-04-25T13:58:31.327000+00:00,-0.327,544,source_directory_only_unverified,unverified,unverified
target_balloon/ST001_20250425_135844_161_01_CDX_RHI.IQ,target_balloon,target,balloon_source_label,.iq,307673888,d7cb4dfeffcbe9e0ef255ceea210554798eb005286b08f86bd2c19b5b6ca0223,RSTM,18,1,10,ST001,成都远望,46.862552642822266,83.09510040283203,RHI,RHI,俯仰扫描,2,2,1000,2025-04-25T13:58:44+00:00,2025-04-25T13:58:44.161000+00:00,-0.161,544,source_directory_only_unverified,unverified,unverified
target_balloon/ST001_20250425_135857_054_01_CDX_RHI.IQ,target_balloon,target,balloon_source_label,.iq,308890688,b9656357839d176fe4c7f53b732ff5e636dafd1bdd95aa31f824efd0164b0470,RSTM,18,1,10,ST001,成都远望,46.862552642822266,83.09510040283203,RHI,RHI,俯仰扫描,2,2,1000,2025-04-25T13:58:57+00:00,2025-04-25T13:58:57.054000+00:00,-0.054,544,source_directory_only_unverified,unverified,unverified
target_balloon/ST001_20250425_135909_926_01_CDX_RHI.IQ,target_balloon,target,balloon_source_label,.iq,309328736,5f0f1c8be80ede358212f7ea55ccdd8695ed2f4f01dc8aee462a7439d152dbd0,RSTM,18,1,10,ST001,成都远望,46.862552642822266,83.09510040283203,RHI,RHI,俯仰扫描,2,2,1000,2025-04-25T13:59:09+00:00,2025-04-25T13:59:09.926000+00:00,-0.926,544,source_directory_only_unverified,unverified,unverified
target_balloon/ST001_20250425_135920_435_01_CDX_RHI.IQ,target_balloon,target,balloon_source_label,.iq,294532448,a341c9c765544119fe91669ddda2753e1e82eeed9bc31aa22bda28f1b460c779,RSTM,18,1,10,ST001,成都远望,46.862552642822266,83.09510040283203,RHI,RHI,俯仰扫描,2,2,1000,2025-04-25T13:59:20+00:00,2025-04-25T13:59:20.435000+00:00,-0.435,544,source_directory_only_unverified,unverified,unverified
target_balloon/ST001_20250425_135930_486_01_CDX_RHI.IQ,target_balloon,target,balloon_source_label,.iq,297939488,47da1d07e2a850cfd5d0ed6fa9de5ca0aa7a76421c3c8e48c54b5bfeb7344535,RSTM,18,1,10,ST001,成都远望,46.862552642822266,83.09510040283203,RHI,RHI,俯仰扫描,2,2,1000,2025-04-25T13:59:30+00:00,2025-04-25T13:59:30.486000+00:00,-0.486,544,source_directory_only_unverified,unverified,unverified
target_balloon/ST001_20250425_135940_540_01_CDX_RHI.IQ,target_balloon,target,balloon_source_label,.iq,294921824,f197dc593ec356a1297febeffe784f008d35668b0fdc512edfed5a90b0533c55,RSTM,18,1,10,ST001,成都远望,46.862552642822266,83.09510040283203,RHI,RHI,俯仰扫描,2,2,1000,2025-04-25T13:59:40+00:00,2025-04-25T13:59:40.540000+00:00,-0.540,544,source_directory_only_unverified,unverified,unverified
target_balloon/ST001_20250425_135950_547_01_CDX_RHI.IQ,target_balloon,target,balloon_source_label,.iq,299464544,d069a8e6305ff724a3780c1b4c24eae4c9d22da5c649bd917c557953d70f019a,RSTM,18,1,10,ST001,成都远望,46.862552642822266,83.09510040283203,RHI,RHI,俯仰扫描,2,2,1000,2025-04-25T13:59:50+00:00,2025-04-25T13:59:50.547000+00:00,-0.547,544,source_directory_only_unverified,unverified,unverified
target_balloon/ST001_20250425_140000_597_01_CDX_RHI.IQ,target_balloon,target,balloon_source_label,.iq,297842144,3cc1d5bd4d61644f1b526aed15fbf6a20e391635c8a5203b74d2a5aaddc42507,RSTM,18,1,10,ST001,成都远望,46.862552642822266,83.09510040283203,RHI,RHI,俯仰扫描,2,2,1000,2025-04-25T14:00:00+00:00,2025-04-25T14:00:00.597000+00:00,-0.597,544,source_directory_only_unverified,unverified,unverified
target_balloon/ST001_20250425_140010_648_01_CDX_RHI.IQ,target_balloon,target,balloon_source_label,.iq,299383424,dc52481a95d9b48b82397251e6e3cbe6792c456f896e71ac27f1e77b5b30826f,RSTM,18,1,10,ST001,成都远望,46.862552642822266,83.09510040283203,RHI,RHI,俯仰扫描,2,2,1000,2025-04-25T14:00:10+00:00,2025-04-25T14:00:10.648000+00:00,-0.648,544,source_directory_only_unverified,unverified,unverified
target_balloon/ST001_20250425_140020_747_01_CDX_RHI.IQ,target_balloon,target,balloon_source_label,.iq,296398208,fb1e80f6259dc9f1245823e484bce29e11697328633346380ac9f9ade1cf633e,RSTM,18,1,10,ST001,成都远望,46.862552642822266,83.09510040283203,RHI,RHI,俯仰扫描,2,2,1000,2025-04-25T14:00:20+00:00,2025-04-25T14:00:20.747000+00:00,-0.747,544,source_directory_only_unverified,unverified,unverified
target_balloon/ST001_20250425_140030_804_01_CDX_RHI.IQ,target_balloon,target,balloon_source_label,.iq,300957152,dd225de07f41aeb34cb5c31be7e1c4584ac69fef2881cac751e4892e5db8bcfc,RSTM,18,1,10,ST001,成都远望,46.862552642822266,83.09510040283203,RHI,RHI,俯仰扫描,2,2,1000,2025-04-25T14:00:30+00:00,2025-04-25T14:00:30.804000+00:00,-0.804,544,source_directory_only_unverified,unverified,unverified
target_balloon/ST001_20250425_140041_053_01_CDX_RHI.IQ,target_balloon,target,balloon_source_label,.iq,291190304,f96e4e37a1541c88f87ec065746e77832f8ee0cf9b55f13fee795c3f140ab609,RSTM,18,1,10,ST001,成都远望,46.862552642822266,83.09510040283203,RHI,RHI,俯仰扫描,2,2,1000,2025-04-25T14:00:41+00:00,2025-04-25T14:00:41.053000+00:00,-0.053,544,source_directory_only_unverified,unverified,unverified
target_balloon/ST001_20250425_140050_901_01_CDX_RHI.IQ,target_balloon,target,balloon_source_label,.iq,299464544,ace90be909b9a3caa1ecdf4b2313c19fe874388a25473121535ba6879ea3a438,RSTM,18,1,10,ST001,成都远望,46.862552642822266,83.09510040283203,RHI,RHI,俯仰扫描,2,2,1000,2025-04-25T14:00:50+00:00,2025-04-25T14:00:50.901000+00:00,-0.901,544,source_directory_only_unverified,unverified,unverified
target_balloon/ST001_20250425_140101_109_01_CDX_RHI.IQ,target_balloon,target,balloon_source_label,.iq,293072288,df71ecc09d713686b06a70d766445d28a99684b3a5feee209a4b2e4afdd68890,RSTM,18,1,10,ST001,成都远望,46.862552642822266,83.09510040283203,RHI,RHI,俯仰扫描,2,2,1000,2025-04-25T14:01:01+00:00,2025-04-25T14:01:01.109000+00:00,-0.109,544,source_directory_only_unverified,unverified,unverified
target_balloon/ST001_20250425_140110_963_01_CDX_RHI.IQ,target_balloon,target,balloon_source_label,.iq,301216736,38e4a1ed0dd222ad8656511384eb0945cc9b90f55f14d8caea413a1f8930a4d3,RSTM,18,1,10,ST001,成都远望,46.862552642822266,83.09510040283203,RHI,RHI,俯仰扫描,2,2,1000,2025-04-25T14:01:10+00:00,2025-04-25T14:01:10.963000+00:00,-0.963,544,source_directory_only_unverified,unverified,unverified
target_balloon/ST001_20250425_140121_219_01_CDX_RHI.IQ,target_balloon,target,balloon_source_label,.iq,293137184,11c3358024c8e3c99fa5f603d75f68a1e3d29fd0e671b0c8203091572e5a1cd6,RSTM,18,1,10,ST001,成都远望,46.862552642822266,83.09510040283203,RHI,RHI,俯仰扫描,2,2,1000,2025-04-25T14:01:21+00:00,2025-04-25T14:01:21.219000+00:00,-0.219,544,source_directory_only_unverified,unverified,unverified
target_balloon/ST001_20250425_140131_279_01_CDX_RHI.IQ,target_balloon,target,balloon_source_label,.iq,297939488,d678aec7b7b8598b387f3d52ff6418990e8c924f13ba812de4419b6ba4535989,RSTM,18,1,10,ST001,成都远望,46.862552642822266,83.09510040283203,RHI,RHI,俯仰扫描,2,2,1000,2025-04-25T14:01:31+00:00,2025-04-25T14:01:31.279000+00:00,-0.279,544,source_directory_only_unverified,unverified,unverified
target_balloon/ST001_20250425_140141_333_01_CDX_RHI.IQ,target_balloon,target,balloon_source_label,.iq,296349536,584f2ea4e61ab5822cf514724b60d1c23691d2d2b3484b3d021a715799810a48,RSTM,18,1,10,ST001,成都远望,46.862552642822266,83.09510040283203,RHI,RHI,俯仰扫描,2,2,1000,2025-04-25T14:01:41+00:00,2025-04-25T14:01:41.333000+00:00,-0.333,544,source_directory_only_unverified,unverified,unverified
target_balloon/ST001_20250425_140151_387_01_CDX_RHI.IQ,target_balloon,target,balloon_source_label,.iq,297809696,64e3266c1e3fe9ebda72474f472901369f0c47eca826bff8a2a1147f0c5ba9b4,RSTM,18,1,10,ST001,成都远望,46.862552642822266,83.09510040283203,RHI,RHI,俯仰扫描,2,2,1000,2025-04-25T14:01:51+00:00,2025-04-25T14:01:51.387000+00:00,-0.387,544,source_directory_only_unverified,unverified,unverified
target_balloon/ST001_20250425_140201_437_01_CDX_RHI.IQ,target_balloon,target,balloon_source_label,.iq,298134176,43fa7637d7a5bf3b3b4419f4529417283b69c258934ffb7a01d5a200ee9cd458,RSTM,18,1,10,ST001,成都远望,46.862552642822266,83.09510040283203,RHI,RHI,俯仰扫描,2,2,1000,2025-04-25T14:02:01+00:00,2025-04-25T14:02:01.437000+00:00,-0.437,544,source_directory_only_unverified,unverified,unverified
target_balloon/ST001_20250425_140211_497_01_CDX_RHI.IQ,target_balloon,target,balloon_source_label,.iq,301216736,c1b451f364e16b9ff9bbe82c2820542fe43f6809d6d294a529c20de3d579cdcb,RSTM,18,1,10,ST001,成都远望,46.862552642822266,83.09510040283203,RHI,RHI,俯仰扫描,2,2,1000,2025-04-25T14:02:11+00:00,2025-04-25T14:02:11.497000+00:00,-0.497,544,source_directory_only_unverified,unverified,unverified
target_balloon/ST001_20250425_140221_754_01_CDX_RHI.IQ,target_balloon,target,balloon_source_label,.iq,292942496,05472ea5b1d74e79ac3dfc74b10ec4beeed92729f60dcfd95bb0df13b40b8799,RSTM,18,1,10,ST001,成都远望,46.862552642822266,83.09510040283203,RHI,RHI,俯仰扫描,2,2,1000,2025-04-25T14:02:21+00:00,2025-04-25T14:02:21.754000+00:00,-0.754,544,source_directory_only_unverified,unverified,unverified
target_balloon/ST001_20250425_140231_601_01_CDX_RHI.IQ,target_balloon,target,balloon_source_label,.iq,299464544,af87f602a0577678dae1b74206adb8d75735748d67bec724ae2b6b67841b2da6,RSTM,18,1,10,ST001,成都远望,46.862552642822266,83.09510040283203,RHI,RHI,俯仰扫描,2,2,1000,2025-04-25T14:02:31+00:00,2025-04-25T14:02:31.601000+00:00,-0.601,544,source_directory_only_unverified,unverified,unverified
target_balloon/ST001_20250425_140241_653_01_CDX_RHI.IQ,target_balloon,target,balloon_source_label,.iq,297907040,47ea41a81d29c6d0b8dd812f2629a20a5cf409b23d851d492fe43e8b972aac75,RSTM,18,1,10,ST001,成都远望,46.862552642822266,83.09510040283203,RHI,RHI,俯仰扫描,2,2,1000,2025-04-25T14:02:41+00:00,2025-04-25T14:02:41.653000+00:00,-0.653,544,source_directory_only_unverified,unverified,unverified
target_balloon/ST001_20250425_140251_705_01_CDX_RHI.IQ,target_balloon,target,balloon_source_label,.iq,299578112,87a505abd8d5d5ce38947e61529d7f90a7b75f2d8e57493ef275fbc95e426a8d,RSTM,18,1,10,ST001,成都远望,46.862552642822266,83.09510040283203,RHI,RHI,俯仰扫描,2,2,1000,2025-04-25T14:02:51+00:00,2025-04-25T14:02:51.705000+00:00,-0.705,544,source_directory_only_unverified,unverified,unverified
target_balloon/ST001_20250425_140301_756_01_CDX_RHI.IQ,target_balloon,target,balloon_source_label,.iq,297939488,618f9b01023101ff373cb6fde3b080e3dae1406d65c3f1d6efd16a0bf4076573,RSTM,18,1,10,ST001,成都远望,46.862552642822266,83.09510040283203,RHI,RHI,俯仰扫描,2,2,1000,2025-04-25T14:03:01+00:00,2025-04-25T14:03:01.756000+00:00,-0.756,544,source_directory_only_unverified,unverified,unverified
target_balloon/ST001_20250425_140311_809_01_CDX_RHI.IQ,target_balloon,target,balloon_source_label,.iq,301103168,1708ed59572af4ad886089fd9187e0d7dd7f14e9de249ab2a9495709b0d27eaf,RSTM,18,1,10,ST001,成都远望,46.862552642822266,83.09510040283203,RHI,RHI,俯仰扫描,2,2,1000,2025-04-25T14:03:11+00:00,2025-04-25T14:03:11.809000+00:00,-0.809,544,source_directory_only_unverified,unverified,unverified
target_balloon/ST001_20250425_140322_069_01_CDX_RHI.IQ,target_balloon,target,balloon_source_label,.iq,292780256,b5a3f6f3094a760fbf5f2bfddd01a3e00ed130d5edf890e3561a778f4a695c6b,RSTM,18,1,10,ST001,成都远望,46.862552642822266,83.09510040283203,RHI,RHI,俯仰扫描,2,2,1000,2025-04-25T14:03:22+00:00,2025-04-25T14:03:22.069000+00:00,-0.069,544,source_directory_only_unverified,unverified,unverified
target_balloon/ST001_20250425_140331_965_01_CDX_RHI.IQ,target_balloon,target,balloon_source_label,.iq,250435616,ed0b82c25ff822902798d181316d31b9eab355ef573073458c07ef5ed8009785,RSTM,18,1,10,ST001,成都远望,46.862552642822266,83.09510040283203,RHI,RHI,俯仰扫描,2,2,1000,2025-04-25T14:03:31+00:00,2025-04-25T14:03:31.965000+00:00,-0.965,544,source_directory_only_unverified,unverified,unverified
target_balloon/ST001_20250425_140344_661_01_CDX_RPI.IQ,target_balloon,target,balloon_source_label,.iq,390481184,fb67313db9eaaf9eebd812bda57c3dd9feeaedd49e5663ef52297c7a1f343c7c,RSTM,18,1,10,ST001,成都远望,46.862552642822266,83.09510040283203,RPI,RPI,方位扇扫,2,3,1000,2025-04-25T14:03:44+00:00,2025-04-25T14:03:44.661000+00:00,-0.661,544,source_directory_only_unverified,unverified,unverified
target_balloon/ST001_20250425_140400_560_01_CDX_RPI.IQ,target_balloon,target,balloon_source_label,.iq,362673248,fad43010901600896d1744bdf0d6f3f54c3820a61d19c91c13832d23c4a209e5,RSTM,18,1,10,ST001,成都远望,46.862552642822266,83.09510040283203,RPI,RPI,方位扇扫,2,3,1000,2025-04-25T14:04:00+00:00,2025-04-25T14:04:00.560000+00:00,-0.560,544,source_directory_only_unverified,unverified,unverified
target_balloon/ST001_20250425_140415_648_01_CDX_RPI.IQ,target_balloon,target,balloon_source_label,.iq,364603904,0d995ce97d4f1d91301460252477d9998d68c866697316eba7b46a04c64c9241,RSTM,18,1,10,ST001,成都远望,46.862552642822266,83.09510040283203,RPI,RPI,方位扇扫,2,3,1000,2025-04-25T14:04:15+00:00,2025-04-25T14:04:15.648000+00:00,-0.648,544,source_directory_only_unverified,unverified,unverified
target_balloon/ST001_20250425_140430_902_01_CDX_RPI.IQ,target_balloon,target,balloon_source_label,.iq,9168512,5f389e611c93584ab44177d8db315fec3e11a44696757d939c67be9ecc7f6eea,RSTM,18,1,10,ST001,成都远望,46.862552642822266,83.09510040283203,RPI,RPI,方位扇扫,2,3,1000,2025-04-25T14:04:30+00:00,2025-04-25T14:04:30.902000+00:00,-0.902,544,source_directory_only_unverified,unverified,unverified
target_balloon/ST001_20250425_140435_973_01_CDX_RHI.IQ,target_balloon,target,balloon_source_label,.iq,305597216,ae03d8a68f81b43e098732ecbbcb3de27ca6d6bcba54846bbb267864c8b30762,RSTM,18,1,10,ST001,成都远望,46.862552642822266,83.09510040283203,RHI,RHI,俯仰扫描,2,2,1000,2025-04-25T14:04:35+00:00,2025-04-25T14:04:35.973000+00:00,-0.973,544,source_directory_only_unverified,unverified,unverified
target_balloon/ST001_20250425_140448_688_01_CDX_RHI.IQ,target_balloon,target,balloon_source_label,.iq,306083936,5fca6bb6e90658e4d0535046f1243282e2157636c98a05eab537b1e5d4087ec0,RSTM,18,1,10,ST001,成都远望,46.862552642822266,83.09510040283203,RHI,RHI,俯仰扫描,2,2,1000,2025-04-25T14:04:48+00:00,2025-04-25T14:04:48.688000+00:00,-0.688,544,source_directory_only_unverified,unverified,unverified
target_balloon/ST001_20250425_140459_145_01_CDX_RHI.IQ,target_balloon,target,balloon_source_label,.iq,296284640,c67ad0f532427d36ae30ea1ec4edce72f5e2416019ee7639ec90f3cf3709265a,RSTM,18,1,10,ST001,成都远望,46.862552642822266,83.09510040283203,RHI,RHI,俯仰扫描,2,2,1000,2025-04-25T14:04:59+00:00,2025-04-25T14:04:59.145000+00:00,-0.145,544,source_directory_only_unverified,unverified,unverified
target_balloon/ST001_20250425_140509_196_01_CDX_RHI.IQ,target_balloon,target,balloon_source_label,.iq,296187296,2c8ee90250ff1eef2634aa87aac340d487b0714221a206f3b8bc12e74d2ece55,RSTM,18,1,10,ST001,成都远望,46.862552642822266,83.09510040283203,RHI,RHI,俯仰扫描,2,2,1000,2025-04-25T14:05:09+00:00,2025-04-25T14:05:09.196000+00:00,-0.196,544,source_directory_only_unverified,unverified,unverified
target_balloon/ST001_20250425_140519_250_01_CDX_RHI.IQ,target_balloon,target,balloon_source_label,.iq,297923264,390e0fe4c23c319b3d1aa4e5a6e4f27e80842d8d2df980bc785636fbf2a43e20,RSTM,18,1,10,ST001,成都远望,46.862552642822266,83.09510040283203,RHI,RHI,俯仰扫描,2,2,1000,2025-04-25T14:05:19+00:00,2025-04-25T14:05:19.250000+00:00,-0.250,544,source_directory_only_unverified,unverified,unverified
target_balloon/ST001_20250425_140529_302_01_CDX_RHI.IQ,target_balloon,target,balloon_source_label,.iq,294581120,14b6e67d49367feffc033ed00f490ce2320c4656b96ef318e27baf56f7a4941a,RSTM,18,1,10,ST001,成都远望,46.862552642822266,83.09510040283203,RHI,RHI,俯仰扫描,2,2,1000,2025-04-25T14:05:29+00:00,2025-04-25T14:05:29.302000+00:00,-0.302,544,source_directory_only_unverified,unverified,unverified
target_balloon/ST001_20250425_140539_357_01_CDX_RHI.IQ,target_balloon,target,balloon_source_label,.iq,298117952,f6a9ebfaff0a94334397dc6e2c1c0ab7285e711f8d8a6eee47e7de2c694b4df7,RSTM,18,1,10,ST001,成都远望,46.862552642822266,83.09510040283203,RHI,RHI,俯仰扫描,2,2,1000,2025-04-25T14:05:39+00:00,2025-04-25T14:05:39.357000+00:00,-0.357,544,source_directory_only_unverified,unverified,unverified
target_balloon/ST001_20250425_140549_412_01_CDX_RHI.IQ,target_balloon,target,balloon_source_label,.iq,296511776,5e36255d9627e2e6bc85591433e88b3c372d88fed055acd3182706978c3d93e6,RSTM,18,1,10,ST001,成都远望,46.862552642822266,83.09510040283203,RHI,RHI,俯仰扫描,2,2,1000,2025-04-25T14:05:49+00:00,2025-04-25T14:05:49.412000+00:00,-0.412,544,source_directory_only_unverified,unverified,unverified
target_balloon/ST001_20250425_140559_472_01_CDX_RHI.IQ,target_balloon,target,balloon_source_label,.iq,299529440,2da0277e11b1bc6b15f0f0bd018f82b1467ce25069265149a615c373a6c8b8f7,RSTM,18,1,10,ST001,成都远望,46.862552642822266,83.09510040283203,RHI,RHI,俯仰扫描,2,2,1000,2025-04-25T14:05:59+00:00,2025-04-25T14:05:59.472000+00:00,-0.472,544,source_directory_only_unverified,unverified,unverified
target_balloon/ST001_20250425_140609_731_01_CDX_RHI.IQ,target_balloon,target,balloon_source_label,.iq,291271424,b5be79ae8da59affd96d805fa86a255d209cf7f69930ffbb6596116bc8761919,RSTM,18,1,10,ST001,成都远望,46.862552642822266,83.09510040283203,RHI,RHI,俯仰扫描,2,2,1000,2025-04-25T14:06:09+00:00,2025-04-25T14:06:09.731000+00:00,-0.731,544,source_directory_only_unverified,unverified,unverified
target_balloon/ST001_20250425_140619_581_01_CDX_RHI.IQ,target_balloon,target,balloon_source_label,.iq,299367200,e07b929d61d8c1459cd369a0e9b6084a07edd6042a9bbe8023d0c64fa00af279,RSTM,18,1,10,ST001,成都远望,46.862552642822266,83.09510040283203,RHI,RHI,俯仰扫描,2,2,1000,2025-04-25T14:06:19+00:00,2025-04-25T14:06:19.581000+00:00,-0.581,544,source_directory_only_unverified,unverified,unverified
target_balloon/ST001_20250425_140629_836_01_CDX_RHI.IQ,target_balloon,target,balloon_source_label,.iq,294597344,2ef3fff0fa0870e4232d3380915d65f7abdb1ecfbc368c1d96f551d29eb6e26d,RSTM,18,1,10,ST001,成都远望,46.862552642822266,83.09510040283203,RHI,RHI,俯仰扫描,2,2,1000,2025-04-25T14:06:29+00:00,2025-04-25T14:06:29.836000+00:00,-0.836,544,source_directory_only_unverified,unverified,unverified
target_balloon/ST001_20250425_140639_888_01_CDX_RHI.IQ,target_balloon,target,balloon_source_label,.iq,297890816,c1c02dc95a734fcfa423c055253f443c3fa36af84a8410730524c8c62d97a131,RSTM,18,1,10,ST001,成都远望,46.862552642822266,83.09510040283203,RHI,RHI,俯仰扫描,2,2,1000,2025-04-25T14:06:39+00:00,2025-04-25T14:06:39.888000+00:00,-0.888,544,source_directory_only_unverified,unverified,unverified
target_balloon/ST001_20250425_140649_941_01_CDX_RHI.IQ,target_balloon,target,balloon_source_label,.iq,296349536,f38694d591d046ce2a95e2c138f68fd7ae4f1fcbcdfa181bba434beb10da32ab,RSTM,18,1,10,ST001,成都远望,46.862552642822266,83.09510040283203,RHI,RHI,俯仰扫描,2,2,1000,2025-04-25T14:06:49+00:00,2025-04-25T14:06:49.941000+00:00,-0.941,544,source_directory_only_unverified,unverified,unverified
target_balloon/ST001_20250425_140659_995_01_CDX_RHI.IQ,target_balloon,target,balloon_source_label,.iq,298004384,b237b1f178f0e99a28e3b20c2f3e4b4afb4fc3583e6639aa45e422983cc6b334,RSTM,18,1,10,ST001,成都远望,46.862552642822266,83.09510040283203,RHI,RHI,俯仰扫描,2,2,1000,2025-04-25T14:06:59+00:00,2025-04-25T14:06:59.995000+00:00,-0.995,544,source_directory_only_unverified,unverified,unverified
target_balloon/ST001_20250425_140710_052_01_CDX_RHI.IQ,target_balloon,target,balloon_source_label,.iq,296154848,ea92be04753eb90cb84f61594c84ecc8bea56dfa82cc0912dabc3872fc46e056,RSTM,18,1,10,ST001,成都远望,46.862552642822266,83.09510040283203,RHI,RHI,俯仰扫描,2,2,1000,2025-04-25T14:07:10+00:00,2025-04-25T14:07:10.052000+00:00,-0.052,544,source_directory_only_unverified,unverified,unverified
target_balloon/ST001_20250425_140720_096_01_CDX_RHI.IQ,target_balloon,target,balloon_source_label,.iq,299659232,9dd5bf96633591ae74c852d68eb049ad710ab52e249261ddb33a04417c238859,RSTM,18,1,10,ST001,成都远望,46.862552642822266,83.09510040283203,RHI,RHI,俯仰扫描,2,2,1000,2025-04-25T14:07:20+00:00,2025-04-25T14:07:20.096000+00:00,-0.096,544,source_directory_only_unverified,unverified,unverified
target_balloon/ST001_20250425_140730_154_01_CDX_RHI.IQ,target_balloon,target,balloon_source_label,.iq,297874592,ca33a1c10215dcfa2426ce8b8d31c5e37daeec10aa74ba5b1e708dd63d5968f4,RSTM,18,1,10,ST001,成都远望,46.862552642822266,83.09510040283203,RHI,RHI,俯仰扫描,2,2,1000,2025-04-25T14:07:30+00:00,2025-04-25T14:07:30.154000+00:00,-0.154,544,source_directory_only_unverified,unverified,unverified
target_balloon/ST001_20250425_140740_204_01_CDX_RHI.IQ,target_balloon,target,balloon_source_label,.iq,299464544,713390f34fef7c7bf9955cbe25d9d157acb689925043459a953f5bc87657049a,RSTM,18,1,10,ST001,成都远望,46.862552642822266,83.09510040283203,RHI,RHI,俯仰扫描,2,2,1000,2025-04-25T14:07:40+00:00,2025-04-25T14:07:40.204000+00:00,-0.204,544,source_directory_only_unverified,unverified,unverified
target_balloon/ST001_20250425_140750_457_01_CDX_RHI.IQ,target_balloon,target,balloon_source_label,.iq,293104736,a998fec2e76ad4250471deec51657046f5d6719493fc1bedcc0b878a82771c75,RSTM,18,1,10,ST001,成都远望,46.862552642822266,83.09510040283203,RHI,RHI,俯仰扫描,2,2,1000,2025-04-25T14:07:50+00:00,2025-04-25T14:07:50.457000+00:00,-0.457,544,source_directory_only_unverified,unverified,unverified
target_balloon/ST001_20250425_140800_512_01_CDX_RHI.IQ,target_balloon,target,balloon_source_label,.iq,294889376,9530b79323154fb3541d4db5f44b9425776eaf263cf0929c50fbd147c06d70f6,RSTM,18,1,10,ST001,成都远望,46.862552642822266,83.09510040283203,RHI,RHI,俯仰扫描,2,2,1000,2025-04-25T14:08:00+00:00,2025-04-25T14:08:00.512000+00:00,-0.512,544,source_directory_only_unverified,unverified,unverified
target_balloon/ST001_20250425_140810_577_01_CDX_RHI.IQ,target_balloon,target,balloon_source_label,.iq,296252192,d24d7f423b40207ea525af4ab3ebe16ffc2547052168b92ef9ada7f335fe9015,RSTM,18,1,10,ST001,成都远望,46.862552642822266,83.09510040283203,RHI,RHI,俯仰扫描,2,2,1000,2025-04-25T14:08:10+00:00,2025-04-25T14:08:10.577000+00:00,-0.577,544,source_directory_only_unverified,unverified,unverified
target_balloon/ST001_20250425_140820_628_01_CDX_RHI.IQ,target_balloon,target,balloon_source_label,.iq,297761024,6c10390dc7f6b94735283a6b2c62bd1ef2c8f4b7628bc6f91b7ae1bbaee5702b,RSTM,18,1,10,ST001,成都远望,46.862552642822266,83.09510040283203,RHI,RHI,俯仰扫描,2,2,1000,2025-04-25T14:08:20+00:00,2025-04-25T14:08:20.628000+00:00,-0.628,544,source_directory_only_unverified,unverified,unverified
target_balloon/ST001_20250425_140830_674_01_CDX_RHI.IQ,target_balloon,target,balloon_source_label,.iq,294597344,b05b060f3e03ffcb2fd7576c961f7b5d8c88bc577ea5294c53bc163f31aa725a,RSTM,18,1,10,ST001,成都远望,46.862552642822266,83.09510040283203,RHI,RHI,俯仰扫描,2,2,1000,2025-04-25T14:08:30+00:00,2025-04-25T14:08:30.674000+00:00,-0.674,544,source_directory_only_unverified,unverified,unverified
target_balloon/ST001_20250425_140840_729_01_CDX_RHI.IQ,target_balloon,target,balloon_source_label,.iq,297971936,ff4cda83836c47bfdfbb2f46d2fb6a802472684a86b71853bb9652e0680217e1,RSTM,18,1,10,ST001,成都远望,46.862552642822266,83.09510040283203,RHI,RHI,俯仰扫描,2,2,1000,2025-04-25T14:08:40+00:00,2025-04-25T14:08:40.729000+00:00,-0.729,544,source_directory_only_unverified,unverified,unverified
target_balloon/ST001_20250425_140850_782_01_CDX_RHI.IQ,target_balloon,target,balloon_source_label,.iq,296235968,965b54b0cbae06fd0955702b70f630e145b12183b58163577faec91791da75af,RSTM,18,1,10,ST001,成都远望,46.862552642822266,83.09510040283203,RHI,RHI,俯仰扫描,2,2,1000,2025-04-25T14:08:50+00:00,2025-04-25T14:08:50.782000+00:00,-0.782,544,source_directory_only_unverified,unverified,unverified
target_balloon/ST001_20250425_140900_832_01_CDX_RHI.IQ,target_balloon,target,balloon_source_label,.iq,299594336,be43b5d44ebec45757b34d64429c4bdb1ad8c18499a24267d907fc79576f7aa5,RSTM,18,1,10,ST001,成都远望,46.862552642822266,83.09510040283203,RHI,RHI,俯仰扫描,2,2,1000,2025-04-25T14:09:00+00:00,2025-04-25T14:09:00.832000+00:00,-0.832,544,source_directory_only_unverified,unverified,unverified
target_balloon/ST001_20250425_140910_888_01_CDX_RHI.IQ,target_balloon,target,balloon_source_label,.iq,297712352,669badbec6e5c544c4f6526dc9f321225025d1f20b5a5ef8b7858a635a8f2d97,RSTM,18,1,10,ST001,成都远望,46.862552642822266,83.09510040283203,RHI,RHI,俯仰扫描,2,2,1000,2025-04-25T14:09:10+00:00,2025-04-25T14:09:10.888000+00:00,-0.888,544,source_directory_only_unverified,unverified,unverified
target_balloon/ST001_20250425_140920_934_01_CDX_RHI.IQ,target_balloon,target,balloon_source_label,.iq,299594336,4e5d77ff2ffdcca098e95ac5ed9a627094e0d7743a895169e36ddf3a673f3338,RSTM,18,1,10,ST001,成都远望,46.862552642822266,83.09510040283203,RHI,RHI,俯仰扫描,2,2,1000,2025-04-25T14:09:20+00:00,2025-04-25T14:09:20.934000+00:00,-0.934,544,source_directory_only_unverified,unverified,unverified
target_balloon/ST001_20250425_140931_193_01_CDX_RHI.IQ,target_balloon,target,balloon_source_label,.iq,292780256,b9c91c1b7d2c711d66a90d9edf7417a67c3933acde3e680d563f50dac1b5d6bc,RSTM,18,1,10,ST001,成都远望,46.862552642822266,83.09510040283203,RHI,RHI,俯仰扫描,2,2,1000,2025-04-25T14:09:31+00:00,2025-04-25T14:09:31.193000+00:00,-0.193,544,source_directory_only_unverified,unverified,unverified
target_balloon/ST001_20250425_140941_241_01_CDX_RHI.IQ,target_balloon,target,balloon_source_label,.iq,296219744,7f177e853ec48daf7c51418d4c2bc87b1820d468c7ef8c9b83b76478eb64ae90,RSTM,18,1,10,ST001,成都远望,46.862552642822266,83.09510040283203,RHI,RHI,俯仰扫描,2,2,1000,2025-04-25T14:09:41+00:00,2025-04-25T14:09:41.241000+00:00,-0.241,544,source_directory_only_unverified,unverified,unverified
target_balloon/ST001_20250425_140951_293_01_CDX_RHI.IQ,target_balloon,target,balloon_source_label,.iq,294678464,9ef055cdd6c18732aff3a6221bb93cfc85523f87a1e1b60f3a2e9982e854ad6e,RSTM,18,1,10,ST001,成都远望,46.862552642822266,83.09510040283203,RHI,RHI,俯仰扫描,2,2,1000,2025-04-25T14:09:51+00:00,2025-04-25T14:09:51.293000+00:00,-0.293,544,source_directory_only_unverified,unverified,unverified
target_balloon/ST001_20250425_141001_351_01_CDX_RHI.IQ,target_balloon,target,balloon_source_label,.iq,296479328,448f87f99f8290266f03181c399cda5c4d90802537a88275ac88f4e9e94d69f4,RSTM,18,1,10,ST001,成都远望,46.862552642822266,83.09510040283203,RHI,RHI,俯仰扫描,2,2,1000,2025-04-25T14:10:01+00:00,2025-04-25T14:10:01.351000+00:00,-0.351,544,source_directory_only_unverified,unverified,unverified
target_balloon/ST001_20250425_141011_411_01_CDX_RHI.IQ,target_balloon,target,balloon_source_label,.iq,294678464,c039b87ff5d9794c792fa2cdc86a86c9ed938755019f4957be986d4cb56dbd86,RSTM,18,1,10,ST001,成都远望,46.862552642822266,83.09510040283203,RHI,RHI,俯仰扫描,2,2,1000,2025-04-25T14:10:11+00:00,2025-04-25T14:10:11.411000+00:00,-0.411,544,source_directory_only_unverified,unverified,unverified
target_balloon/ST001_20250425_141021_466_01_CDX_RHI.IQ,target_balloon,target,balloon_source_label,.iq,299367200,0e409b3f8569ed07bffdbeb0b93d0e77f123b3846e82f580d36b2ffce7641f72,RSTM,18,1,10,ST001,成都远望,46.862552642822266,83.09510040283203,RHI,RHI,俯仰扫描,2,2,1000,2025-04-25T14:10:21+00:00,2025-04-25T14:10:21.466000+00:00,-0.466,544,source_directory_only_unverified,unverified,unverified
target_balloon/ST001_20250425_141031_513_01_CDX_RHI.IQ,target_balloon,target,balloon_source_label,.iq,297777248,26793043ee64583e3affafb0310735d9e88ca397b59931da8e157b74cf7af75f,RSTM,18,1,10,ST001,成都远望,46.862552642822266,83.09510040283203,RHI,RHI,俯仰扫描,2,2,1000,2025-04-25T14:10:31+00:00,2025-04-25T14:10:31.513000+00:00,-0.513,544,source_directory_only_unverified,unverified,unverified
target_balloon/ST001_20250425_141041_564_01_CDX_RHI.IQ,target_balloon,target,balloon_source_label,.iq,299496992,da215547320afc0ea01b2105396e03c237a720b111e94539fd0453de8449de63,RSTM,18,1,10,ST001,成都远望,46.862552642822266,83.09510040283203,RHI,RHI,俯仰扫描,2,2,1000,2025-04-25T14:10:41+00:00,2025-04-25T14:10:41.564000+00:00,-0.564,544,source_directory_only_unverified,unverified,unverified
target_balloon/ST001_20250425_141051_822_01_CDX_RHI.IQ,target_balloon,target,balloon_source_label,.iq,292877600,fb917e40334656961c0942796541f404c66a41e11a71dc75e6061a323572c7b8,RSTM,18,1,10,ST001,成都远望,46.862552642822266,83.09510040283203,RHI,RHI,俯仰扫描,2,2,1000,2025-04-25T14:10:51+00:00,2025-04-25T14:10:51.822000+00:00,-0.822,544,source_directory_only_unverified,unverified,unverified
target_balloon/ST001_20250425_141101_870_01_CDX_RHI.IQ,target_balloon,target,balloon_source_label,.iq,297777248,74bea534fb0fc77bef69a5133fed812d04ebcc2e764041d378bf366cca1313aa,RSTM,18,1,10,ST001,成都远望,46.862552642822266,83.09510040283203,RHI,RHI,俯仰扫描,2,2,1000,2025-04-25T14:11:01+00:00,2025-04-25T14:11:01.870000+00:00,-0.870,544,source_directory_only_unverified,unverified,unverified
target_balloon/ST001_20250425_141112_123_01_CDX_RHI.IQ,target_balloon,target,balloon_source_label,.iq,292910048,12e348dc5a9f254c4a03049466c961e7aa48d5f5c0fa587fbab7691f020a0215,RSTM,18,1,10,ST001,成都远望,46.862552642822266,83.09510040283203,RHI,RHI,俯仰扫描,2,2,1000,2025-04-25T14:11:12+00:00,2025-04-25T14:11:12.123000+00:00,-0.123,544,source_directory_only_unverified,unverified,unverified
target_balloon/ST001_20250425_141122_174_01_CDX_RHI.IQ,target_balloon,target,balloon_source_label,.iq,294629792,a4dd2cd6b6431011fee15f5c62c63ca74c611ba856e2f91ce9227f7d9d1a382b,RSTM,18,1,10,ST001,成都远望,46.862552642822266,83.09510040283203,RHI,RHI,俯仰扫描,2,2,1000,2025-04-25T14:11:22+00:00,2025-04-25T14:11:22.174000+00:00,-0.174,544,source_directory_only_unverified,unverified,unverified
target_balloon/ST001_20250425_141132_229_01_CDX_RHI.IQ,target_balloon,target,balloon_source_label,.iq,292845152,ab9df8a67563705d850c451ec9051f2af46778b868c12dc9eac1f71fb3e10597,RSTM,18,1,10,ST001,成都远望,46.862552642822266,83.09510040283203,RHI,RHI,俯仰扫描,2,2,1000,2025-04-25T14:11:32+00:00,2025-04-25T14:11:32.229000+00:00,-0.229,544,source_directory_only_unverified,unverified,unverified
target_balloon/ST001_20250425_141142_276_01_CDX_RHI.IQ,target_balloon,target,balloon_source_label,.iq,298004384,52a17d8b97f8abf0117df06b8175a8908c8a8c77297327daf856bb69330bdc98,RSTM,18,1,10,ST001,成都远望,46.862552642822266,83.09510040283203,RHI,RHI,俯仰扫描,2,2,1000,2025-04-25T14:11:42+00:00,2025-04-25T14:11:42.276000+00:00,-0.276,544,source_directory_only_unverified,unverified,unverified
target_balloon/ST001_20250425_141152_336_01_CDX_RHI.IQ,target_balloon,target,balloon_source_label,.iq,294613568,8efb66fc2bd611e5da8bf6c2d8fc840827fd982487eaff42dca641819081202f,RSTM,18,1,10,ST001,成都远望,46.862552642822266,83.09510040283203,RHI,RHI,俯仰扫描,2,2,1000,2025-04-25T14:11:52+00:00,2025-04-25T14:11:52.336000+00:00,-0.336,544,source_directory_only_unverified,unverified,unverified
target_balloon/ST001_20250425_141202_389_01_CDX_RHI.IQ,target_balloon,target,balloon_source_label,.iq,297809696,584ecf03984a87952169fc22b4db3f0525d00480d94104951ce4f419d0fd0d57,RSTM,18,1,10,ST001,成都远望,46.862552642822266,83.09510040283203,RHI,RHI,俯仰扫描,2,2,1000,2025-04-25T14:12:02+00:00,2025-04-25T14:12:02.389000+00:00,-0.389,544,source_directory_only_unverified,unverified,unverified
target_balloon/ST001_20250425_141212_439_01_CDX_RHI.IQ,target_balloon,target,balloon_source_label,.iq,297939488,b07e1c4c3d197f8a3e9cdb777843b440cdc64408afc15aab6d378456e25e5325,RSTM,18,1,10,ST001,成都远望,46.862552642822266,83.09510040283203,RHI,RHI,俯仰扫描,2,2,1000,2025-04-25T14:12:12+00:00,2025-04-25T14:12:12.439000+00:00,-0.439,544,source_directory_only_unverified,unverified,unverified
target_balloon/ST001_20250425_141222_494_01_CDX_RHI.IQ,target_balloon,target,balloon_source_label,.iq,301022048,faaf2c55f1dbe2aa4b8837ea41766151db06b7774040ff14070ae33406c02492,RSTM,18,1,10,ST001,成都远望,46.862552642822266,83.09510040283203,RHI,RHI,俯仰扫描,2,2,1000,2025-04-25T14:12:22+00:00,2025-04-25T14:12:22.494000+00:00,-0.494,544,source_directory_only_unverified,unverified,unverified
target_balloon/ST001_20250425_141232_745_01_CDX_RHI.IQ,target_balloon,target,balloon_source_label,.iq,294321536,17bce92133b46357d1f928dfc05d791dbc1048687dbe5df12453e39541c231e0,RSTM,18,1,10,ST001,成都远望,46.862552642822266,83.09510040283203,RHI,RHI,俯仰扫描,2,2,1000,2025-04-25T14:12:32+00:00,2025-04-25T14:12:32.745000+00:00,-0.745,544,source_directory_only_unverified,unverified,unverified
target_balloon/ST001_20250425_141242_794_01_CDX_RHI.IQ,target_balloon,target,balloon_source_label,.iq,294629792,bc6f4cffe30e9239fe10d694af3b9c355769e86e87f04350990224b05b3c1297,RSTM,18,1,10,ST001,成都远望,46.862552642822266,83.09510040283203,RHI,RHI,俯仰扫描,2,2,1000,2025-04-25T14:12:42+00:00,2025-04-25T14:12:42.794000+00:00,-0.794,544,source_directory_only_unverified,unverified,unverified
target_balloon/ST001_20250425_141252_894_01_CDX_RHI.IQ,target_balloon,target,balloon_source_label,.iq,294418880,f9b8676abc6e957182adba0da945a06ee9580255ee7f8b9ee3cf95f34607a739,RSTM,18,1,10,ST001,成都远望,46.862552642822266,83.09510040283203,RHI,RHI,俯仰扫描,2,2,1000,2025-04-25T14:12:52+00:00,2025-04-25T14:12:52.894000+00:00,-0.894,544,source_directory_only_unverified,unverified,unverified
target_balloon/ST001_20250425_141302_947_01_CDX_RHI.IQ,target_balloon,target,balloon_source_label,.iq,298166624,1cff4c5d5528f23bde6f07c4f6aaa817d52bbb5f4b13741ae61712c19cca221d,RSTM,18,1,10,ST001,成都远望,46.862552642822266,83.09510040283203,RHI,RHI,俯仰扫描,2,2,1000,2025-04-25T14:13:02+00:00,2025-04-25T14:13:02.947000+00:00,-0.947,544,source_directory_only_unverified,unverified,unverified
target_balloon/ST001_20250425_141312_954_01_CDX_RHI.IQ,target_balloon,target,balloon_source_label,.iq,225677792,825b455d0135892146b2a5fe6f3ad6c02373378c7b01c0e95d9ad3d2841adb37,RSTM,18,1,10,ST001,成都远望,46.862552642822266,83.09510040283203,RHI,RHI,俯仰扫描,2,2,1000,2025-04-25T14:13:12+00:00,2025-04-25T14:13:12.954000+00:00,-0.954,544,source_directory_only_unverified,unverified,unverified
target_reflector/ST001_20250425_120744_700_01_CDX_RHI.IQ,target_reflector,target,reflector_source_label,.iq,202120544,817456cf38307b6fd02848ed203e8c0618f282629164aff04c6efbd645a7dc65,RSTM,18,1,10,ST001,成都远望,46.862552642822266,83.09510040283203,RHI,RHI,俯仰扫描,2,2,1000,2025-04-25T12:07:44+00:00,2025-04-25T12:07:44.700000+00:00,-0.700,544,source_directory_only_unverified,unverified,unverified
target_reflector/ST001_20250425_120751_953_01_CDX_RHI.IQ,target_reflector,target,reflector_source_label,.iq,294629792,e769ddda00d9af76a8b8d2632a17dc7a938c79b4db69d3d039c02e9d750bb9e6,RSTM,18,1,10,ST001,成都远望,46.862552642822266,83.09510040283203,RHI,RHI,俯仰扫描,2,2,1000,2025-04-25T12:07:51+00:00,2025-04-25T12:07:51.953000+00:00,-0.953,544,source_directory_only_unverified,unverified,unverified
target_reflector/ST001_20250425_120803_869_01_CDX_RHI.IQ,target_reflector,target,reflector_source_label,.iq,304493984,66b716a49dfbe2e0fcd9d00a5f6337235405b79c36eb4eff317ed33b362585bd,RSTM,18,1,10,ST001,成都远望,46.862552642822266,83.09510040283203,RHI,RHI,俯仰扫描,2,2,1000,2025-04-25T12:08:03+00:00,2025-04-25T12:08:03.869000+00:00,-0.869,544,source_directory_only_unverified,unverified,unverified
target_reflector/ST001_20250425_120814_125_01_CDX_RHI.IQ,target_reflector,target,reflector_source_label,.iq,302693120,f6465e476644624cbc64e7079739541f02a5fe50dd21f3db0d20b5382bc9fe70,RSTM,18,1,10,ST001,成都远望,46.862552642822266,83.09510040283203,RHI,RHI,俯仰扫描,2,2,1000,2025-04-25T12:08:14+00:00,2025-04-25T12:08:14.125000+00:00,-0.125,544,source_directory_only_unverified,unverified,unverified
target_reflector/ST001_20250425_120827_201_01_CDX_RHI.IQ,target_reflector,target,reflector_source_label,.iq,200400800,d73bce6d8dd750a69c1ff899349ae72785160cf2d855c00fa67dbd941c88efda,RSTM,18,1,10,ST001,成都远望,46.862552642822266,83.09510040283203,RHI,RHI,俯仰扫描,2,2,1000,2025-04-25T12:08:27+00:00,2025-04-25T12:08:27.201000+00:00,-0.201,544,source_directory_only_unverified,unverified,unverified
target_reflector/ST001_20250425_120834_201_01_CDX_RHI.IQ,target_reflector,target,reflector_source_label,.iq,299626784,00de69be14cad341642726609e34d0230835fc82e4eb1fdfc274dd71e1ede63d,RSTM,18,1,10,ST001,成都远望,46.862552642822266,83.09510040283203,RHI,RHI,俯仰扫描,2,2,1000,2025-04-25T12:08:34+00:00,2025-04-25T12:08:34.201000+00:00,-0.201,544,source_directory_only_unverified,unverified,unverified
target_reflector/ST001_20250425_120846_527_01_CDX_RHI.IQ,target_reflector,target,reflector_source_label,.iq,303196064,8d85ce6b6046ad4a65477b843299cff6def322c1ca9915352161f368ae1bec38,RSTM,18,1,10,ST001,成都远望,46.862552642822266,83.09510040283203,RHI,RHI,俯仰扫描,2,2,1000,2025-04-25T12:08:46+00:00,2025-04-25T12:08:46.527000+00:00,-0.527,544,source_directory_only_unverified,unverified,unverified
target_reflector/ST001_20250425_120856_788_01_CDX_RHI.IQ,target_reflector,target,reflector_source_label,.iq,298199072,32640d0d59d41859b66784664b9b8688efa1798070f5408bf55787a83981ca5b,RSTM,18,1,10,ST001,成都远望,46.862552642822266,83.09510040283203,RHI,RHI,俯仰扫描,2,2,1000,2025-04-25T12:08:56+00:00,2025-04-25T12:08:56.788000+00:00,-0.788,544,source_directory_only_unverified,unverified,unverified
target_reflector/ST001_20250425_120909_632_01_CDX_RHI.IQ,target_reflector,target,reflector_source_label,.iq,216284096,f74baa2af5d55ff15a4e11016a11771d752f7485e60164dcda8b426f2ef7ce65,RSTM,18,1,10,ST001,成都远望,46.862552642822266,83.09510040283203,RHI,RHI,俯仰扫描,2,2,1000,2025-04-25T12:09:09+00:00,2025-04-25T12:09:09.632000+00:00,-0.632,544,source_directory_only_unverified,unverified,unverified
target_reflector/ST001_20250425_120917_068_01_CDX_RHI.IQ,target_reflector,target,reflector_source_label,.iq,288237536,5f0c658eddb6cd8dce7b272744b50e5980d375e68c5db47de8cffd11e5caba37,RSTM,18,1,10,ST001,成都远望,46.862552642822266,83.09510040283203,RHI,RHI,俯仰扫描,2,2,1000,2025-04-25T12:09:17+00:00,2025-04-25T12:09:17.068000+00:00,-0.068,544,source_directory_only_unverified,unverified,unverified
target_reflector/ST001_20250425_120928_743_01_CDX_RHI.IQ,target_reflector,target,reflector_source_label,.iq,304380416,74ab5ade0685572f980b1fc6af0b59ea38cea0ce3bdbe05e29d9a12c3b9a6140,RSTM,18,1,10,ST001,成都远望,46.862552642822266,83.09510040283203,RHI,RHI,俯仰扫描,2,2,1000,2025-04-25T12:09:28+00:00,2025-04-25T12:09:28.743000+00:00,-0.743,544,source_directory_only_unverified,unverified,unverified
target_reflector/ST001_20250425_120939_044_01_CDX_RHI.IQ,target_reflector,target,reflector_source_label,.iq,301070720,e85589350f7c39d41ecd19800d401d2fde8c67f880d72cc9d3c43b2caeb86608,RSTM,18,1,10,ST001,成都远望,46.862552642822266,83.09510040283203,RHI,RHI,俯仰扫描,2,2,1000,2025-04-25T12:09:39+00:00,2025-04-25T12:09:39.044000+00:00,-0.044,544,source_directory_only_unverified,unverified,unverified
target_reflector/ST001_20250425_120951_925_01_CDX_RHI.IQ,target_reflector,target,reflector_source_label,.iq,236158496,1a75f0f63ad4e8154bde0968490f869bdf337c0402114ba5de20cd569101efad,RSTM,18,1,10,ST001,成都远望,46.862552642822266,83.09510040283203,RHI,RHI,俯仰扫描,2,2,1000,2025-04-25T12:09:51+00:00,2025-04-25T12:09:51.925000+00:00,-0.925,544,source_directory_only_unverified,unverified,unverified
target_reflector/ST001_20250425_121000_531_01_CDX_RHI.IQ,target_reflector,target,reflector_source_label,.iq,306327296,eab2966174f20ea324f118456daf1a3c3fbd27636ffb99a9b206052d3c329a68,RSTM,18,1,10,ST001,成都远望,46.862552642822266,83.09510040283203,RHI,RHI,俯仰扫描,2,2,1000,2025-04-25T12:10:00+00:00,2025-04-25T12:10:00.531000+00:00,-0.531,544,source_directory_only_unverified,unverified,unverified
target_reflector/ST001_20250425_121013_062_01_CDX_RHI.IQ,target_reflector,target,reflector_source_label,.iq,301427648,c4d6e24ff731471c5ee2566c1154fa86f856c1792810835e1fe85511e9a81c26,RSTM,18,1,10,ST001,成都远望,46.862552642822266,83.09510040283203,RHI,RHI,俯仰扫描,2,2,1000,2025-04-25T12:10:13+00:00,2025-04-25T12:10:13.062000+00:00,-0.062,544,source_directory_only_unverified,unverified,unverified
target_reflector/ST001_20250425_121023_277_01_CDX_RHI.IQ,target_reflector,target,reflector_source_label,.iq,300989600,49b8d4537c4268ab4bfd00dbc5d3efe732ac35e3bd92fc2d3a87ec13a7e1274b,RSTM,18,1,10,ST001,成都远望,46.862552642822266,83.09510040283203,RHI,RHI,俯仰扫描,2,2,1000,2025-04-25T12:10:23+00:00,2025-04-25T12:10:23.277000+00:00,-0.277,544,source_directory_only_unverified,unverified,unverified
target_reflector/ST001_20250425_121033_377_01_CDX_RHI.IQ,target_reflector,target,reflector_source_label,.iq,296268416,052c3c47fffae8094590d81985596238bb954a3e7a15e939be5a27892473baa4,RSTM,18,1,10,ST001,成都远望,46.862552642822266,83.09510040283203,RHI,RHI,俯仰扫描,2,2,1000,2025-04-25T12:10:33+00:00,2025-04-25T12:10:33.377000+00:00,-0.377,544,source_directory_only_unverified,unverified,unverified
target_reflector/ST001_20250425_121043_430_01_CDX_RHI.IQ,target_reflector,target,reflector_source_label,.iq,299350976,6b541d09520c4b81cc4f1cd4d0d22742dac0dd805b5b61e92bf167430446a26c,RSTM,18,1,10,ST001,成都远望,46.862552642822266,83.09510040283203,RHI,RHI,俯仰扫描,2,2,1000,2025-04-25T12:10:43+00:00,2025-04-25T12:10:43.430000+00:00,-0.430,544,source_directory_only_unverified,unverified,unverified
target_reflector/ST001_20250425_121053_679_01_CDX_RHI.IQ,target_reflector,target,reflector_source_label,.iq,299561888,5e076b65cc10ff95e3dcf80d75cafe9494cdaee46648946d0d069fd0bc99a633,RSTM,18,1,10,ST001,成都远望,46.862552642822266,83.09510040283203,RHI,RHI,俯仰扫描,2,2,1000,2025-04-25T12:10:53+00:00,2025-04-25T12:10:53.679000+00:00,-0.679,544,source_directory_only_unverified,unverified,unverified
target_reflector/ST001_20250425_121103_731_01_CDX_RHI.IQ,target_reflector,target,reflector_source_label,.iq,296511776,d28e8e0b790324c7b58da483ca1f0eb72494d826b5f7d4a6a5d5d6553268673d,RSTM,18,1,10,ST001,成都远望,46.862552642822266,83.09510040283203,RHI,RHI,俯仰扫描,2,2,1000,2025-04-25T12:11:03+00:00,2025-04-25T12:11:03.731000+00:00,-0.731,544,source_directory_only_unverified,unverified,unverified
target_reflector/ST001_20250425_121113_787_01_CDX_RHI.IQ,target_reflector,target,reflector_source_label,.iq,296738912,5b4b34fdebfdc4f0b48aad179b549bcf61391b424531d0c0bcce122242d89da0,RSTM,18,1,10,ST001,成都远望,46.862552642822266,83.09510040283203,RHI,RHI,俯仰扫描,2,2,1000,2025-04-25T12:11:13+00:00,2025-04-25T12:11:13.787000+00:00,-0.787,544,source_directory_only_unverified,unverified,unverified
target_reflector/ST001_20250425_121123_851_01_CDX_RHI.IQ,target_reflector,target,reflector_source_label,.iq,298312640,5e75e14b83ec3c434fb88edfc636a07886a66fc2d6e5ba3b1d054ee55e2e593f,RSTM,18,1,10,ST001,成都远望,46.862552642822266,83.09510040283203,RHI,RHI,俯仰扫描,2,2,1000,2025-04-25T12:11:23+00:00,2025-04-25T12:11:23.851000+00:00,-0.851,544,source_directory_only_unverified,unverified,unverified
target_reflector/ST001_20250425_121133_915_01_CDX_RHI.IQ,target_reflector,target,reflector_source_label,.iq,296722688,f0ab9051aa25cd20e723639daabdfb029e720011e7326e1a264b2c6c7c1cf7d3,RSTM,18,1,10,ST001,成都远望,46.862552642822266,83.09510040283203,RHI,RHI,俯仰扫描,2,2,1000,2025-04-25T12:11:33+00:00,2025-04-25T12:11:33.915000+00:00,-0.915,544,source_directory_only_unverified,unverified,unverified
target_reflector/ST001_20250425_121143_983_01_CDX_RHI.IQ,target_reflector,target,reflector_source_label,.iq,297874592,2511f7f018b7fcd1240ae41cca15f4079f2d5b6622182062b6e4683b6d05080d,RSTM,18,1,10,ST001,成都远望,46.862552642822266,83.09510040283203,RHI,RHI,俯仰扫描,2,2,1000,2025-04-25T12:11:43+00:00,2025-04-25T12:11:43.983000+00:00,-0.983,544,source_directory_only_unverified,unverified,unverified
target_reflector/ST001_20250425_121154_035_01_CDX_RHI.IQ,target_reflector,target,reflector_source_label,.iq,296252192,aa52249479b1884ca51aec965eec88103e4a8aa1b07acaab7e0d48bb3e5cbf48,RSTM,18,1,10,ST001,成都远望,46.862552642822266,83.09510040283203,RHI,RHI,俯仰扫描,2,2,1000,2025-04-25T12:11:54+00:00,2025-04-25T12:11:54.035000+00:00,-0.035,544,source_directory_only_unverified,unverified,unverified
target_reflector/ST001_20250425_121204_090_01_CDX_RHI.IQ,target_reflector,target,reflector_source_label,.iq,299513216,6799935ee6def0aa45578c69bf9c1c2090ba5f094ec0efd7009ea16d17cb210e,RSTM,18,1,10,ST001,成都远望,46.862552642822266,83.09510040283203,RHI,RHI,俯仰扫描,2,2,1000,2025-04-25T12:12:04+00:00,2025-04-25T12:12:04.090000+00:00,-0.090,544,source_directory_only_unverified,unverified,unverified
target_reflector/ST001_20250425_121214_343_01_CDX_RHI.IQ,target_reflector,target,reflector_source_label,.iq,291482336,b9356f2c491c5e1f45336c50ee8adbf8851dee46c206f79b64665ab3c30b42f2,RSTM,18,1,10,ST001,成都远望,46.862552642822266,83.09510040283203,RHI,RHI,俯仰扫描,2,2,1000,2025-04-25T12:12:14+00:00,2025-04-25T12:12:14.343000+00:00,-0.343,544,source_directory_only_unverified,unverified,unverified
target_reflector/ST001_20250425_121224_197_01_CDX_RHI.IQ,target_reflector,target,reflector_source_label,.iq,297842144,1d5916ad59bcba29448a9422bda2aa4aa6b2b46d4dee765a1478ca0dd7f5350b,RSTM,18,1,10,ST001,成都远望,46.862552642822266,83.09510040283203,RHI,RHI,俯仰扫描,2,2,1000,2025-04-25T12:12:24+00:00,2025-04-25T12:12:24.197000+00:00,-0.197,544,source_directory_only_unverified,unverified,unverified
target_reflector/ST001_20250425_121234_251_01_CDX_RHI.IQ,target_reflector,target,reflector_source_label,.iq,296235968,32183f561ac0f7bfbae57b2c9486baf45810051dfb94dd19a4ea33eac1b45237,RSTM,18,1,10,ST001,成都远望,46.862552642822266,83.09510040283203,RHI,RHI,俯仰扫描,2,2,1000,2025-04-25T12:12:34+00:00,2025-04-25T12:12:34.251000+00:00,-0.251,544,source_directory_only_unverified,unverified,unverified
target_reflector/ST001_20250425_121244_300_01_CDX_RHI.IQ,target_reflector,target,reflector_source_label,.iq,301346528,652f56a5fa9b1a6befe9868a38fb86ca6090b425b663d7e6b8f43d0085594972,RSTM,18,1,10,ST001,成都远望,46.862552642822266,83.09510040283203,RHI,RHI,俯仰扫描,2,2,1000,2025-04-25T12:12:44+00:00,2025-04-25T12:12:44.300000+00:00,-0.300,544,source_directory_only_unverified,unverified,unverified
target_reflector/ST001_20250425_121255_770_01_CDX_RHI.IQ,target_reflector,target,reflector_source_label,.iq,306229952,5547960a626617d398372b2680360b5e3e691b494d493be46363f97039c92486,RSTM,18,1,10,ST001,成都远望,46.862552642822266,83.09510040283203,RHI,RHI,俯仰扫描,2,2,1000,2025-04-25T12:12:55+00:00,2025-04-25T12:12:55.770000+00:00,-0.770,544,source_directory_only_unverified,unverified,unverified
target_reflector/ST001_20250425_121306_226_01_CDX_RHI.IQ,target_reflector,target,reflector_source_label,.iq,294873152,20458bc5d229b8d1e830bf5945ef821fc7ac5fa7ef04cb238b82a1d8c3bb11e2,RSTM,18,1,10,ST001,成都远望,46.862552642822266,83.09510040283203,RHI,RHI,俯仰扫描,2,2,1000,2025-04-25T12:13:06+00:00,2025-04-25T12:13:06.226000+00:00,-0.226,544,source_directory_only_unverified,unverified,unverified
target_reflector/ST001_20250425_121317_293_01_CDX_RHI.IQ,target_reflector,target,reflector_source_label,.iq,309052928,1fddc016b63b5a6b68f664e59be05e8254b672c0ffac030da5a4a952de037807,RSTM,18,1,10,ST001,成都远望,46.862552642822266,83.09510040283203,RHI,RHI,俯仰扫描,2,2,1000,2025-04-25T12:13:17+00:00,2025-04-25T12:13:17.293000+00:00,-0.293,544,source_directory_only_unverified,unverified,unverified
target_reflector/ST001_20250425_121327_739_01_CDX_RHI.IQ,target_reflector,target,reflector_source_label,.iq,299886368,cac91908bdf02a965c7601cbc07cde2417d10d59ab9b8eff1e358826c036f24a,RSTM,18,1,10,ST001,成都远望,46.862552642822266,83.09510040283203,RHI,RHI,俯仰扫描,2,2,1000,2025-04-25T12:13:27+00:00,2025-04-25T12:13:27.739000+00:00,-0.739,544,source_directory_only_unverified,unverified,unverified
target_reflector/ST001_20250425_121339_421_01_CDX_RHI.IQ,target_reflector,target,reflector_source_label,.iq,304526432,14ebc6b02a7626345cf97cef7de671c2aaf8650096205f2ba7dda0090a3e3996,RSTM,18,1,10,ST001,成都远望,46.862552642822266,83.09510040283203,RHI,RHI,俯仰扫描,2,2,1000,2025-04-25T12:13:39+00:00,2025-04-25T12:13:39.421000+00:00,-0.421,544,source_directory_only_unverified,unverified,unverified
target_reflector/ST001_20250425_121349_682_01_CDX_RHI.IQ,target_reflector,target,reflector_source_label,.iq,299399648,e3db77a8ecd65c0088c122a30780f247a99992bdc855240749d187e2aace1271,RSTM,18,1,10,ST001,成都远望,46.862552642822266,83.09510040283203,RHI,RHI,俯仰扫描,2,2,1000,2025-04-25T12:13:49+00:00,2025-04-25T12:13:49.682000+00:00,-0.682,544,source_directory_only_unverified,unverified,unverified
target_reflector/ST001_20250425_121401_348_01_CDX_RHI.IQ,target_reflector,target,reflector_source_label,.iq,304364192,a7be3d7550dc210a59ce7d23dd955c4a4f28623c5321f64a4c8dff93d8382ac5,RSTM,18,1,10,ST001,成都远望,46.862552642822266,83.09510040283203,RHI,RHI,俯仰扫描,2,2,1000,2025-04-25T12:14:01+00:00,2025-04-25T12:14:01.348000+00:00,-0.348,544,source_directory_only_unverified,unverified,unverified
target_reflector/ST001_20250425_121411_598_01_CDX_RHI.IQ,target_reflector,target,reflector_source_label,.iq,299594336,d3263bded02f24e8cb451af4aa1af0d4404787585501aab0a8b0a1dfe7b9b6a5,RSTM,18,1,10,ST001,成都远望,46.862552642822266,83.09510040283203,RHI,RHI,俯仰扫描,2,2,1000,2025-04-25T12:14:11+00:00,2025-04-25T12:14:11.598000+00:00,-0.598,544,source_directory_only_unverified,unverified,unverified
target_reflector/ST001_20250425_121423_070_01_CDX_RHI.IQ,target_reflector,target,reflector_source_label,.iq,304461536,8b3bd63b4ce3db57d10c9fe353e84a14891078b0a588dbf841e756c4f246a815,RSTM,18,1,10,ST001,成都远望,46.862552642822266,83.09510040283203,RHI,RHI,俯仰扫描,2,2,1000,2025-04-25T12:14:23+00:00,2025-04-25T12:14:23.070000+00:00,-0.070,544,source_directory_only_unverified,unverified,unverified
target_reflector/ST001_20250425_121433_323_01_CDX_RHI.IQ,target_reflector,target,reflector_source_label,.iq,301265408,77505200f6ce77b00bd281b3d08c6c802d8133b7fdc1010846be7c8bf90d0ebd,RSTM,18,1,10,ST001,成都远望,46.862552642822266,83.09510040283203,RHI,RHI,俯仰扫描,2,2,1000,2025-04-25T12:14:33+00:00,2025-04-25T12:14:33.323000+00:00,-0.323,544,source_directory_only_unverified,unverified,unverified
target_reflector/ST001_20250425_121443_577_01_CDX_RHI.IQ,target_reflector,target,reflector_source_label,.iq,307868576,4a2a404ecfc2cc650f8516623967970f04916ab58858ba03fe8e3e6a7861a075,RSTM,18,1,10,ST001,成都远望,46.862552642822266,83.09510040283203,RHI,RHI,俯仰扫描,2,2,1000,2025-04-25T12:14:43+00:00,2025-04-25T12:14:43.577000+00:00,-0.577,544,source_directory_only_unverified,unverified,unverified
target_reflector/ST001_20250425_121454_037_01_CDX_RHI.IQ,target_reflector,target,reflector_source_label,.iq,286501568,ca8ca52069bb2a998e17c952e01b1d3ea078007886fb6a1fc09a0110b540c73f,RSTM,18,1,10,ST001,成都远望,46.862552642822266,83.09510040283203,RHI,RHI,俯仰扫描,2,2,1000,2025-04-25T12:14:54+00:00,2025-04-25T12:14:54.037000+00:00,-0.037,544,source_directory_only_unverified,unverified,unverified
target_reflector/ST001_20250425_121504_690_01_CDX_RHI.IQ,target_reflector,target,reflector_source_label,.iq,302871584,4bf1a2647b1af9f7ab048003c0eafcd4a91ff8ddb2812b325185e8203068a90a,RSTM,18,1,10,ST001,成都远望,46.862552642822266,83.09510040283203,RHI,RHI,俯仰扫描,2,2,1000,2025-04-25T12:15:04+00:00,2025-04-25T12:15:04.690000+00:00,-0.690,544,source_directory_only_unverified,unverified,unverified
target_reflector/ST001_20250425_121514_946_01_CDX_RHI.IQ,target_reflector,target,reflector_source_label,.iq,299610560,5ebb39ef33d5987ff106db3bac126ecbfc9143c388e0ea3ac18679f0ad7628ca,RSTM,18,1,10,ST001,成都远望,46.862552642822266,83.09510040283203,RHI,RHI,俯仰扫描,2,2,1000,2025-04-25T12:15:14+00:00,2025-04-25T12:15:14.946000+00:00,-0.946,544,source_directory_only_unverified,unverified,unverified
target_reflector/ST001_20250425_121526_620_01_CDX_RHI.IQ,target_reflector,target,reflector_source_label,.iq,304640000,9781d56d029ca8e14b096173bb2a284869d1017e2257f9792078cd23eb84032a,RSTM,18,1,10,ST001,成都远望,46.862552642822266,83.09510040283203,RHI,RHI,俯仰扫描,2,2,1000,2025-04-25T12:15:26+00:00,2025-04-25T12:15:26.620000+00:00,-0.620,544,source_directory_only_unverified,unverified,unverified
target_reflector/ST001_20250425_121536_880_01_CDX_RHI.IQ,target_reflector,target,reflector_source_label,.iq,299918816,4402848e96cf4070e1f42fd57a264ec173f03681f7372c2be9b8d2be464f7fec,RSTM,18,1,10,ST001,成都远望,46.862552642822266,83.09510040283203,RHI,RHI,俯仰扫描,2,2,1000,2025-04-25T12:15:36+00:00,2025-04-25T12:15:36.880000+00:00,-0.880,544,source_directory_only_unverified,unverified,unverified
target_reflector/ST001_20250425_121547_144_01_CDX_RHI.IQ,target_reflector,target,reflector_source_label,.iq,294759584,55ce4650ef0db6ae12bb2b2118c1843970f36829dd8d3f851fd9cf9bcaf03b2d,RSTM,18,1,10,ST001,成都远望,46.862552642822266,83.09510040283203,RHI,RHI,俯仰扫描,2,2,1000,2025-04-25T12:15:47+00:00,2025-04-25T12:15:47.144000+00:00,-0.144,544,source_directory_only_unverified,unverified,unverified
target_reflector/ST001_20250425_121557_199_01_CDX_RHI.IQ,target_reflector,target,reflector_source_label,.iq,296106176,520fe81fb86d6f94603e135d657a6a286d3dcc823c69c5a3a0680014ece75e67,RSTM,18,1,10,ST001,成都远望,46.862552642822266,83.09510040283203,RHI,RHI,俯仰扫描,2,2,1000,2025-04-25T12:15:57+00:00,2025-04-25T12:15:57.199000+00:00,-0.199,544,source_directory_only_unverified,unverified,unverified
target_reflector/ST001_20250425_121607_243_01_CDX_RHI.IQ,target_reflector,target,reflector_source_label,.iq,296463104,646804faca0a54227439845764d1cdb2a7532a2dbbb85c2f924163433c3d5ff1,RSTM,18,1,10,ST001,成都远望,46.862552642822266,83.09510040283203,RHI,RHI,俯仰扫描,2,2,1000,2025-04-25T12:16:07+00:00,2025-04-25T12:16:07.243000+00:00,-0.243,544,source_directory_only_unverified,unverified,unverified
target_reflector/ST001_20250425_121627_349_01_CDX_RHI.IQ,target_reflector,target,reflector_source_label,.iq,294532448,fdd96cd03b069a9a47435f6353ca6e3948357eb644a2e0c5270c6b3fda8d6492,RSTM,18,1,10,ST001,成都远望,46.862552642822266,83.09510040283203,RHI,RHI,俯仰扫描,2,2,1000,2025-04-25T12:16:27+00:00,2025-04-25T12:16:27.349000+00:00,-0.349,544,source_directory_only_unverified,unverified,unverified
target_reflector/ST001_20250425_121637_398_01_CDX_RHI.IQ,target_reflector,target,reflector_source_label,.iq,299870144,24af63c3fe91ef52273f304baedf05794e6321e799e9d370bc3de2171652722c,RSTM,18,1,10,ST001,成都远望,46.862552642822266,83.09510040283203,RHI,RHI,俯仰扫描,2,2,1000,2025-04-25T12:16:37+00:00,2025-04-25T12:16:37.398000+00:00,-0.398,544,source_directory_only_unverified,unverified,unverified
target_reflector/ST001_20250425_121647_661_01_CDX_RHI.IQ,target_reflector,target,reflector_source_label,.iq,291368768,6ebb48ce0a12c8c15b227cbd867882a60a4b94ecce83080932cbdeb2998dfa01,RSTM,18,1,10,ST001,成都远望,46.862552642822266,83.09510040283203,RHI,RHI,俯仰扫描,2,2,1000,2025-04-25T12:16:47+00:00,2025-04-25T12:16:47.661000+00:00,-0.661,544,source_directory_only_unverified,unverified,unverified
target_reflector/ST001_20250425_121657_509_01_CDX_RHI.IQ,target_reflector,target,reflector_source_label,.iq,299529440,871d4a4411d05e2df219932dfca06563686b76ee729a4e2f9467d3e6466752bd,RSTM,18,1,10,ST001,成都远望,46.862552642822266,83.09510040283203,RHI,RHI,俯仰扫描,2,2,1000,2025-04-25T12:16:57+00:00,2025-04-25T12:16:57.509000+00:00,-0.509,544,source_directory_only_unverified,unverified,unverified
target_reflector/ST001_20250425_121707_760_01_CDX_RHI.IQ,target_reflector,target,reflector_source_label,.iq,293461664,1fddd2f83ebc277f89afaa1457a85d0d29fa3e637a301da7e852dc5a6c64966b,RSTM,18,1,10,ST001,成都远望,46.862552642822266,83.09510040283203,RHI,RHI,俯仰扫描,2,2,1000,2025-04-25T12:17:07+00:00,2025-04-25T12:17:07.760000+00:00,-0.760,544,source_directory_only_unverified,unverified,unverified
target_reflector/ST001_20250425_121717_827_01_CDX_RHI.IQ,target_reflector,target,reflector_source_label,.iq,297923264,914e4953cc35fb9858c5247eeb4f129a64923ea9b056eb33c9d8179fcd974d53,RSTM,18,1,10,ST001,成都远望,46.862552642822266,83.09510040283203,RHI,RHI,俯仰扫描,2,2,1000,2025-04-25T12:17:17+00:00,2025-04-25T12:17:17.827000+00:00,-0.827,544,source_directory_only_unverified,unverified,unverified
target_reflector/ST001_20250425_121727_878_01_CDX_RHI.IQ,target_reflector,target,reflector_source_label,.iq,296122400,5970163470b60783df52be22459ef28156e20ba521cc05ef01f515d24fb07224,RSTM,18,1,10,ST001,成都远望,46.862552642822266,83.09510040283203,RHI,RHI,俯仰扫描,2,2,1000,2025-04-25T12:17:27+00:00,2025-04-25T12:17:27.878000+00:00,-0.878,544,source_directory_only_unverified,unverified,unverified
target_reflector/ST001_20250425_121737_926_01_CDX_RHI.IQ,target_reflector,target,reflector_source_label,.iq,297874592,81a9a20f024eb6d4176eaefef57dba6be0c04276c4bd4264d41c8d9e76bb4f80,RSTM,18,1,10,ST001,成都远望,46.862552642822266,83.09510040283203,RHI,RHI,俯仰扫描,2,2,1000,2025-04-25T12:17:37+00:00,2025-04-25T12:17:37.926000+00:00,-0.926,544,source_directory_only_unverified,unverified,unverified
target_reflector/ST001_20250425_121747_975_01_CDX_RHI.IQ,target_reflector,target,reflector_source_label,.iq,298069280,e6ae53d2833fd49c8bb45a2e8259830a8523ea6302f157d1daebe14212232967,RSTM,18,1,10,ST001,成都远望,46.862552642822266,83.09510040283203,RHI,RHI,俯仰扫描,2,2,1000,2025-04-25T12:17:47+00:00,2025-04-25T12:17:47.975000+00:00,-0.975,544,source_directory_only_unverified,unverified,unverified
target_reflector/ST001_20250425_121758_234_01_CDX_RHI.IQ,target_reflector,target,reflector_source_label,.iq,320847776,54f015cd22f6d4a8cf2d4d2caf5391918bb0bab77651ee171e64d1f2be54c848,RSTM,18,1,10,ST001,成都远望,46.862552642822266,83.09510040283203,RHI,RHI,俯仰扫描,2,2,1000,2025-04-25T12:17:58+00:00,2025-04-25T12:17:58.234000+00:00,-0.234,544,source_directory_only_unverified,unverified,unverified
target_reflector/ST001_20250425_121809_091_01_CDX_RHI.IQ,target_reflector,target,reflector_source_label,.iq,270342464,3db6d5d62ee5693cb46fd565d13e6f9e6877396e15f6c10815377976c68ba7e6,RSTM,18,1,10,ST001,成都远望,46.862552642822266,83.09510040283203,RHI,RHI,俯仰扫描,2,2,1000,2025-04-25T12:18:09+00:00,2025-04-25T12:18:09.091000+00:00,-0.091,544,source_directory_only_unverified,unverified,unverified
target_reflector/ST001_20250425_121818_345_01_CDX_RHI.IQ,target_reflector,target,reflector_source_label,.iq,296284640,aca4b632474c08381873da3bfd5c320773e6209e62a2dfaa786c0318def44c50,RSTM,18,1,10,ST001,成都远望,46.862552642822266,83.09510040283203,RHI,RHI,俯仰扫描,2,2,1000,2025-04-25T12:18:18+00:00,2025-04-25T12:18:18.345000+00:00,-0.345,544,source_directory_only_unverified,unverified,unverified
target_reflector/ST001_20250425_121829_003_01_CDX_RHI.IQ,target_reflector,target,reflector_source_label,.iq,298393760,a1a992a3e2259094095010ac2e6c6e4bf3d0bc8d849963c627cbe4f072da4912,RSTM,18,1,10,ST001,成都远望,46.862552642822266,83.09510040283203,RHI,RHI,俯仰扫描,2,2,1000,2025-04-25T12:18:29+00:00,2025-04-25T12:18:29.003000+00:00,-0.003,544,source_directory_only_unverified,unverified,unverified
target_reflector/ST001_20250425_121839_069_01_CDX_RHI.IQ,target_reflector,target,reflector_source_label,.iq,301330304,464ad84a1bc2425ffcdd4a58c819be9356fe4c398f964bee5b70c8afcff85188,RSTM,18,1,10,ST001,成都远望,46.862552642822266,83.09510040283203,RHI,RHI,俯仰扫描,2,2,1000,2025-04-25T12:18:39+00:00,2025-04-25T12:18:39.069000+00:00,-0.069,544,source_directory_only_unverified,unverified,unverified
target_reflector/ST001_20250425_121850_137_01_CDX_RHI.IQ,target_reflector,target,reflector_source_label,.iq,291287648,4ddffb61d27936e27a7846940bf70646f5f418a5cce63a9e85b55dcef219ea71,RSTM,18,1,10,ST001,成都远望,46.862552642822266,83.09510040283203,RHI,RHI,俯仰扫描,2,2,1000,2025-04-25T12:18:50+00:00,2025-04-25T12:18:50.137000+00:00,-0.137,544,source_directory_only_unverified,unverified,unverified
target_reflector/ST001_20250425_121859_983_01_CDX_RHI.IQ,target_reflector,target,reflector_source_label,.iq,299983712,b56ee581c7358be1907fe4b9ab3a398237e8d083d08b4545e89415f12d1a07ef,RSTM,18,1,10,ST001,成都远望,46.862552642822266,83.09510040283203,RHI,RHI,俯仰扫描,2,2,1000,2025-04-25T12:18:59+00:00,2025-04-25T12:18:59.983000+00:00,-0.983,544,source_directory_only_unverified,unverified,unverified
target_reflector/ST001_20250425_121910_906_01_CDX_RHI.IQ,target_reflector,target,reflector_source_label,.iq,301346528,7002fd4cfe954de91a2699b88e6b74bbb09317e73b5419fbeaf540e5ca3c11ab,RSTM,18,1,10,ST001,成都远望,46.862552642822266,83.09510040283203,RHI,RHI,俯仰扫描,2,2,1000,2025-04-25T12:19:10+00:00,2025-04-25T12:19:10.906000+00:00,-0.906,544,source_directory_only_unverified,unverified,unverified
target_reflector/ST001_20250425_121920_909_01_CDX_RHI.IQ,target_reflector,target,reflector_source_label,.iq,294727136,1b452962eb3a7cfed26ecdc4fb368ed7c819db3c183580b6744d38439a047da5,RSTM,18,1,10,ST001,成都远望,46.862552642822266,83.09510040283203,RHI,RHI,俯仰扫描,2,2,1000,2025-04-25T12:19:20+00:00,2025-04-25T12:19:20.909000+00:00,-0.909,544,source_directory_only_unverified,unverified,unverified
target_reflector/ST001_20250425_121931_571_01_CDX_RHI.IQ,target_reflector,target,reflector_source_label,.iq,298069280,30f6906037976461e926a8c6031b7a64060c6cd6d1aebf9b0d1d8fb234610799,RSTM,18,1,10,ST001,成都远望,46.862552642822266,83.09510040283203,RHI,RHI,俯仰扫描,2,2,1000,2025-04-25T12:19:31+00:00,2025-04-25T12:19:31.571000+00:00,-0.571,544,source_directory_only_unverified,unverified,unverified
target_reflector/ST001_20250425_121941_625_01_CDX_RHI.IQ,target_reflector,target,reflector_source_label,.iq,299659232,768ff54ecf12b3bbeea7aeffd89ee2fb54873260216562a4241520c35a89299c,RSTM,18,1,10,ST001,成都远望,46.862552642822266,83.09510040283203,RHI,RHI,俯仰扫描,2,2,1000,2025-04-25T12:19:41+00:00,2025-04-25T12:19:41.625000+00:00,-0.625,544,source_directory_only_unverified,unverified,unverified
target_reflector/ST001_20250425_121952_490_01_CDX_RHI.IQ,target_reflector,target,reflector_source_label,.iq,298328864,94f8e989cc5a9085df1c78d786b950c9ab65dc9a0eac681b06e80bcc025c1924,RSTM,18,1,10,ST001,成都远望,46.862552642822266,83.09510040283203,RHI,RHI,俯仰扫描,2,2,1000,2025-04-25T12:19:52+00:00,2025-04-25T12:19:52.490000+00:00,-0.490,544,source_directory_only_unverified,unverified,unverified
target_reflector/ST001_20250425_122002_555_01_CDX_RHI.IQ,target_reflector,target,reflector_source_label,.iq,299724128,96fff99ce0341f2d751cc7be2b94e435a296f6a0ed8a57a010ee3ed3ae241be9,RSTM,18,1,10,ST001,成都远望,46.862552642822266,83.09510040283203,RHI,RHI,俯仰扫描,2,2,1000,2025-04-25T12:20:02+00:00,2025-04-25T12:20:02.555000+00:00,-0.555,544,source_directory_only_unverified,unverified,unverified
target_reflector/ST001_20250425_122013_423_01_CDX_RHI.IQ,target_reflector,target,reflector_source_label,.iq,296625344,0f678902579763095b0ccd055fffb0789fd6018fbf9e1999093d422ea043659b,RSTM,18,1,10,ST001,成都远望,46.862552642822266,83.09510040283203,RHI,RHI,俯仰扫描,2,2,1000,2025-04-25T12:20:13+00:00,2025-04-25T12:20:13.423000+00:00,-0.423,544,source_directory_only_unverified,unverified,unverified
target_reflector/ST001_20250425_122023_486_01_CDX_RHI.IQ,target_reflector,target,reflector_source_label,.iq,298134176,e0ae7ae47f856273075d259d9c1ff47d6676decedcdf19b4e6bd7f8994a00833,RSTM,18,1,10,ST001,成都远望,46.862552642822266,83.09510040283203,RHI,RHI,俯仰扫描,2,2,1000,2025-04-25T12:20:23+00:00,2025-04-25T12:20:23.486000+00:00,-0.486,544,source_directory_only_unverified,unverified,unverified
target_reflector/ST001_20250425_122034_201_01_CDX_RHI.IQ,target_reflector,target,reflector_source_label,.iq,296446880,07f37620583c6e962aa81210761b5030599d7bd25ac4ac11bf33b6c4732f50af,RSTM,18,1,10,ST001,成都远望,46.862552642822266,83.09510040283203,RHI,RHI,俯仰扫描,2,2,1000,2025-04-25T12:20:34+00:00,2025-04-25T12:20:34.201000+00:00,-0.201,544,source_directory_only_unverified,unverified,unverified
target_reflector/ST001_20250425_122044_254_01_CDX_RHI.IQ,target_reflector,target,reflector_source_label,.iq,296414432,6169b734ff29b75b3c6573564d885f8a2594bfefcea56596eda8bd9bbf311181,RSTM,18,1,10,ST001,成都远望,46.862552642822266,83.09510040283203,RHI,RHI,俯仰扫描,2,2,1000,2025-04-25T12:20:44+00:00,2025-04-25T12:20:44.254000+00:00,-0.254,544,source_directory_only_unverified,unverified,unverified
target_reflector/ST001_20250425_122055_070_01_CDX_RHI.IQ,target_reflector,target,reflector_source_label,.iq,299643008,261455fea1810fcb6c80256f06e2ade8bf2c8950a5b2afa1e16bb4c6ced54c4b,RSTM,18,1,10,ST001,成都远望,46.862552642822266,83.09510040283203,RHI,RHI,俯仰扫描,2,2,1000,2025-04-25T12:20:55+00:00,2025-04-25T12:20:55.070000+00:00,-0.070,544,source_directory_only_unverified,unverified,unverified
target_reflector/ST001_20250425_122105_176_01_CDX_RHI.IQ,target_reflector,target,reflector_source_label,.iq,294548672,848aff6e83454143a87aa00dcb93a29716201063605deb499b61a0132b4b956a,RSTM,18,1,10,ST001,成都远望,46.862552642822266,83.09510040283203,RHI,RHI,俯仰扫描,2,2,1000,2025-04-25T12:21:05+00:00,2025-04-25T12:21:05.176000+00:00,-0.176,544,source_directory_only_unverified,unverified,unverified
target_reflector/ST001_20250425_122115_827_01_CDX_RHI.IQ,target_reflector,target,reflector_source_label,.iq,298036832,a36197c2af1596d9778da88772b15b7016431aacee37935f434c893addcf02d9,RSTM,18,1,10,ST001,成都远望,46.862552642822266,83.09510040283203,RHI,RHI,俯仰扫描,2,2,1000,2025-04-25T12:21:15+00:00,2025-04-25T12:21:15.827000+00:00,-0.827,544,source_directory_only_unverified,unverified,unverified
target_reflector/ST001_20250425_122125_883_01_CDX_RHI.IQ,target_reflector,target,reflector_source_label,.iq,26739104,02f41e6465a6b634c12f075d2c031a32b479ae856a0207ae76065ccbf2d866d4,RSTM,18,1,10,ST001,成都远望,46.862552642822266,83.09510040283203,RHI,RHI,俯仰扫描,2,2,1000,2025-04-25T12:21:25+00:00,2025-04-25T12:21:25.883000+00:00,-0.883,544,source_directory_only_unverified,unverified,unverified
target_six_wing/ST001_20250425_110449_816_01_CDX_RHI.IQ,target_six_wing,target,six_wing_source_label,.iq,307868576,975ab5a0cd57c3195d7515b1f89576ac646831e5e8107735db38fe14afea5309,RSTM,18,1,10,ST001,成都远望,46.862552642822266,83.09510040283203,RHI,RHI,俯仰扫描,2,2,1000,2025-04-25T11:04:49+00:00,2025-04-25T11:04:49.816000+00:00,-0.816,544,source_directory_only_unverified,unverified,unverified
target_six_wing/ST001_20250425_110502_658_01_CDX_RHI.IQ,target_six_wing,target,six_wing_source_label,.iq,306051488,087cfc4e84134760179d28c6cbde72a169041a6268c436290d671983ba00b7ad,RSTM,18,1,10,ST001,成都远望,46.862552642822266,83.09510040283203,RHI,RHI,俯仰扫描,2,2,1000,2025-04-25T11:05:02+00:00,2025-04-25T11:05:02.658000+00:00,-0.658,544,source_directory_only_unverified,unverified,unverified
target_six_wing/ST001_20250425_110515_349_01_CDX_RHI.IQ,target_six_wing,target,six_wing_source_label,.iq,305986592,1af9adc4d9920f065d5636760cff6f8a1881b4b89fcc2ea59aa61c470d0b2d29,RSTM,18,1,10,ST001,成都远望,46.862552642822266,83.09510040283203,RHI,RHI,俯仰扫描,2,2,1000,2025-04-25T11:05:15+00:00,2025-04-25T11:05:15.349000+00:00,-0.349,544,source_directory_only_unverified,unverified,unverified
target_six_wing/ST001_20250425_110528_235_01_CDX_RHI.IQ,target_six_wing,target,six_wing_source_label,.iq,305791904,39ea40bbad2023ac866ad46c29a0995aa21f815c598ff850abab576df3307bd5,RSTM,18,1,10,ST001,成都远望,46.862552642822266,83.09510040283203,RHI,RHI,俯仰扫描,2,2,1000,2025-04-25T11:05:28+00:00,2025-04-25T11:05:28.235000+00:00,-0.235,544,source_directory_only_unverified,unverified,unverified
target_six_wing/ST001_20250425_110540_960_01_CDX_RHI.IQ,target_six_wing,target,six_wing_source_label,.iq,311259392,4892ade34d3741dfc9bdfd48b781eef318378b23729c849a823dba63df100f81,RSTM,18,1,10,ST001,成都远望,46.862552642822266,83.09510040283203,RHI,RHI,俯仰扫描,2,2,1000,2025-04-25T11:05:40+00:00,2025-04-25T11:05:40.960000+00:00,-0.960,544,source_directory_only_unverified,unverified,unverified
target_six_wing/ST001_20250425_110553_856_01_CDX_RHI.IQ,target_six_wing,target,six_wing_source_label,.iq,306035264,1750fd5171976600b82dae3c2d1542ae008dafad090e2933ee2c98ade8b96978,RSTM,18,1,10,ST001,成都远望,46.862552642822266,83.09510040283203,RHI,RHI,俯仰扫描,2,2,1000,2025-04-25T11:05:53+00:00,2025-04-25T11:05:53.856000+00:00,-0.856,544,source_directory_only_unverified,unverified,unverified
target_six_wing/ST001_20250425_110606_537_01_CDX_RHI.IQ,target_six_wing,target,six_wing_source_label,.iq,306278624,6997bc2498d31f037fbc40aec4f0cc7df766cb7844ac161638d517baef63fd7b,RSTM,18,1,10,ST001,成都远望,46.862552642822266,83.09510040283203,RHI,RHI,俯仰扫描,2,2,1000,2025-04-25T11:06:06+00:00,2025-04-25T11:06:06.537000+00:00,-0.537,544,source_directory_only_unverified,unverified,unverified
target_six_wing/ST001_20250425_110619_183_01_CDX_RHI.IQ,target_six_wing,target,six_wing_source_label,.iq,307462976,e80bea7b6edd28564639473f2b36638acec65f567d21354ee0743cb6c71d8d2a,RSTM,18,1,10,ST001,成都远望,46.862552642822266,83.09510040283203,RHI,RHI,俯仰扫描,2,2,1000,2025-04-25T11:06:19+00:00,2025-04-25T11:06:19.183000+00:00,-0.183,544,source_directory_only_unverified,unverified,unverified
target_six_wing/ST001_20250425_110631_864_01_CDX_RHI.IQ,target_six_wing,target,six_wing_source_label,.iq,307479200,066d5cfbe0b6eae8085207f35709ef723a54b1c85bac0a908717d0065540ca9f,RSTM,18,1,10,ST001,成都远望,46.862552642822266,83.09510040283203,RHI,RHI,俯仰扫描,2,2,1000,2025-04-25T11:06:31+00:00,2025-04-25T11:06:31.864000+00:00,-0.864,544,source_directory_only_unverified,unverified,unverified
target_six_wing/ST001_20250425_110644_592_01_CDX_RHI.IQ,target_six_wing,target,six_wing_source_label,.iq,305840576,3696fbbe3183cce946eb7c7edd38d545541a11f86a814221371ef465c97ff208,RSTM,18,1,10,ST001,成都远望,46.862552642822266,83.09510040283203,RHI,RHI,俯仰扫描,2,2,1000,2025-04-25T11:06:44+00:00,2025-04-25T11:06:44.592000+00:00,-0.592,544,source_directory_only_unverified,unverified,unverified
target_six_wing/ST001_20250425_110657_280_01_CDX_RHI.IQ,target_six_wing,target,six_wing_source_label,.iq,302644448,03bcd280fe9c9505239030a1ac20b67bf21068aa6061f963559d25768701f1d7,RSTM,18,1,10,ST001,成都远望,46.862552642822266,83.09510040283203,RHI,RHI,俯仰扫描,2,2,1000,2025-04-25T11:06:57+00:00,2025-04-25T11:06:57.280000+00:00,-0.280,544,source_directory_only_unverified,unverified,unverified
target_six_wing/ST001_20250425_110709_958_01_CDX_RHI.IQ,target_six_wing,target,six_wing_source_label,.iq,305954144,7471ff9f8ae76c3a52049673564a20e8222c16c2758841245ffe70f6b6bb613a,RSTM,18,1,10,ST001,成都远望,46.862552642822266,83.09510040283203,RHI,RHI,俯仰扫描,2,2,1000,2025-04-25T11:07:09+00:00,2025-04-25T11:07:09.958000+00:00,-0.958,544,source_directory_only_unverified,unverified,unverified
target_six_wing/ST001_20250425_110722_642_01_CDX_RHI.IQ,target_six_wing,target,six_wing_source_label,.iq,305986592,ef139991bcc008aa1ed535e0885773281960277df7ca8fe382111b8ba0c9421a,RSTM,18,1,10,ST001,成都远望,46.862552642822266,83.09510040283203,RHI,RHI,俯仰扫描,2,2,1000,2025-04-25T11:07:22+00:00,2025-04-25T11:07:22.642000+00:00,-0.642,544,source_directory_only_unverified,unverified,unverified
target_six_wing/ST001_20250425_110735_324_01_CDX_RHI.IQ,target_six_wing,target,six_wing_source_label,.iq,304526432,ff2dfe2c7e5c623f3afe3e67cff7ae992c178ec369b60cdad40047c09eca49b5,RSTM,18,1,10,ST001,成都远望,46.862552642822266,83.09510040283203,RHI,RHI,俯仰扫描,2,2,1000,2025-04-25T11:07:35+00:00,2025-04-25T11:07:35.324000+00:00,-0.324,544,source_directory_only_unverified,unverified,unverified
target_six_wing/ST001_20250425_110748_224_01_CDX_RHI.IQ,target_six_wing,target,six_wing_source_label,.iq,305856800,b1869fe8d493f7dd205405f3672cce221e7c7cda9c84c4936554ce7d364e9a5a,RSTM,18,1,10,ST001,成都远望,46.862552642822266,83.09510040283203,RHI,RHI,俯仰扫描,2,2,1000,2025-04-25T11:07:48+00:00,2025-04-25T11:07:48.224000+00:00,-0.224,544,source_directory_only_unverified,unverified,unverified
target_six_wing/ST001_20250425_110801_107_01_CDX_RHI.IQ,target_six_wing,target,six_wing_source_label,.iq,306132608,0ad36efbadd46832a19c71af83c4a728ae6f7600b4f24520f5eea965c93c1436,RSTM,18,1,10,ST001,成都远望,46.862552642822266,83.09510040283203,RHI,RHI,俯仰扫描,2,2,1000,2025-04-25T11:08:01+00:00,2025-04-25T11:08:01.107000+00:00,-0.107,544,source_directory_only_unverified,unverified,unverified
target_six_wing/ST001_20250425_110813_794_01_CDX_RHI.IQ,target_six_wing,target,six_wing_source_label,.iq,305921696,6a556c27f8b433d60fd46c519be2107cbf69ebe41e590665578e6d39307e01fa,RSTM,18,1,10,ST001,成都远望,46.862552642822266,83.09510040283203,RHI,RHI,俯仰扫描,2,2,1000,2025-04-25T11:08:13+00:00,2025-04-25T11:08:13.794000+00:00,-0.794,544,source_directory_only_unverified,unverified,unverified
target_six_wing/ST001_20250425_110826_474_01_CDX_RHI.IQ,target_six_wing,target,six_wing_source_label,.iq,305954144,5143e9cddcf728f639773c8858c0feaf271e1c6cde43842a9e6663c7b51dea7f,RSTM,18,1,10,ST001,成都远望,46.862552642822266,83.09510040283203,RHI,RHI,俯仰扫描,2,2,1000,2025-04-25T11:08:26+00:00,2025-04-25T11:08:26.474000+00:00,-0.474,544,source_directory_only_unverified,unverified,unverified
target_six_wing/ST001_20250425_110839_210_01_CDX_RHI.IQ,target_six_wing,target,six_wing_source_label,.iq,305824352,f3ca4026eb84141e445bdd56a839c4e14366177a24b516314b5d84d7e4ac0408,RSTM,18,1,10,ST001,成都远望,46.862552642822266,83.09510040283203,RHI,RHI,俯仰扫描,2,2,1000,2025-04-25T11:08:39+00:00,2025-04-25T11:08:39.210000+00:00,-0.210,544,source_directory_only_unverified,unverified,unverified
target_six_wing/ST001_20250425_110851_889_01_CDX_RHI.IQ,target_six_wing,target,six_wing_source_label,.iq,306067712,331dd40095f7837faa5bb1b630ff7ec46754cfeab86d0972d01ac2a414a2504a,RSTM,18,1,10,ST001,成都远望,46.862552642822266,83.09510040283203,RHI,RHI,俯仰扫描,2,2,1000,2025-04-25T11:08:51+00:00,2025-04-25T11:08:51.889000+00:00,-0.889,544,source_directory_only_unverified,unverified,unverified
target_six_wing/ST001_20250425_110904_577_01_CDX_RHI.IQ,target_six_wing,target,six_wing_source_label,.iq,305986592,935bc1107890b7e4e3d7dd30ead2b454b75d6b092807ecf68010ff7343ff5d58,RSTM,18,1,10,ST001,成都远望,46.862552642822266,83.09510040283203,RHI,RHI,俯仰扫描,2,2,1000,2025-04-25T11:09:04+00:00,2025-04-25T11:09:04.577000+00:00,-0.577,544,source_directory_only_unverified,unverified,unverified
target_six_wing/ST001_20250425_110917_257_01_CDX_RHI.IQ,target_six_wing,target,six_wing_source_label,.iq,306278624,bef9abe69ae3e2a2213abe2cb4c5199b75a92c6c3b67d1fa61c30d69e8545345,RSTM,18,1,10,ST001,成都远望,46.862552642822266,83.09510040283203,RHI,RHI,俯仰扫描,2,2,1000,2025-04-25T11:09:17+00:00,2025-04-25T11:09:17.257000+00:00,-0.257,544,source_directory_only_unverified,unverified,unverified
target_six_wing/ST001_20250425_110930_155_01_CDX_RHI.IQ,target_six_wing,target,six_wing_source_label,.iq,306181280,d9aa1742e91bc142642c015458339c721904e1a452e2dda1f85847df9b61f48e,RSTM,18,1,10,ST001,成都远望,46.862552642822266,83.09510040283203,RHI,RHI,俯仰扫描,2,2,1000,2025-04-25T11:09:30+00:00,2025-04-25T11:09:30.155000+00:00,-0.155,544,source_directory_only_unverified,unverified,unverified
target_six_wing/ST001_20250425_110943_603_01_CDX_RHI.IQ,target_six_wing,target,six_wing_source_label,.iq,221167520,70ad454db10b13a0e19140787517a05fa0b862109d8090fc565396e6cd647668,RSTM,18,1,10,ST001,成都远望,46.862552642822266,83.09510040283203,RHI,RHI,俯仰扫描,2,2,1000,2025-04-25T11:09:43+00:00,2025-04-25T11:09:43.603000+00:00,-0.603,544,source_directory_only_unverified,unverified,unverified
target_six_wing/ST001_20250425_110953_467_01_CDX_RHI.IQ,target_six_wing,target,six_wing_source_label,.iq,224623232,fcd10a65dc657be34760986ef83eae3e574714668c00b34bc90d00340603c50e,RSTM,18,1,10,ST001,成都远望,46.862552642822266,83.09510040283203,RHI,RHI,俯仰扫描,2,2,1000,2025-04-25T11:09:53+00:00,2025-04-25T11:09:53.467000+00:00,-0.467,544,source_directory_only_unverified,unverified,unverified
target_six_wing/ST001_20250425_111003_339_01_CDX_RHI.IQ,target_six_wing,target,six_wing_source_label,.iq,87725120,bbda51f56d5ff40528be14e68111b40ee9ec7972629546101725f9975a2e556c,RSTM,18,1,10,ST001,成都远望,46.862552642822266,83.09510040283203,RHI,RHI,俯仰扫描,2,2,1000,2025-04-25T11:10:03+00:00,2025-04-25T11:10:03.339000+00:00,-0.339,544,source_directory_only_unverified,unverified,unverified
target_six_wing/ST001_20250425_111247_780_01_CDX_RHI.IQ,target_six_wing,target,six_wing_source_label,.iq,37106240,6d554c73d24eb20efec6ab78532258f6031fed8ea2319e1321ce123b7b42a10c,RSTM,18,1,10,ST001,成都远望,46.862552642822266,83.09510040283203,RHI,RHI,俯仰扫描,2,2,1000,2025-04-25T11:10:03+00:00,2025-04-25T11:12:47.780000+00:00,-164.780,544,source_directory_only_unverified,unverified,unverified
target_six_wing/ST001_20250425_111252_228_01_CDX_RHI.IQ,target_six_wing,target,six_wing_source_label,.iq,253777760,a73de70904c61604394a7f796dacf090cf1606f59b52f8224b68e23dde6c6bd9,RSTM,18,1,10,ST001,成都远望,46.862552642822266,83.09510040283203,RHI,RHI,俯仰扫描,2,2,1000,2025-04-25T11:12:52+00:00,2025-04-25T11:12:52.228000+00:00,-0.228,544,source_directory_only_unverified,unverified,unverified
target_six_wing/ST001_20250425_111307_933_01_CDX_RHI.IQ,target_six_wing,target,six_wing_source_label,.iq,306116384,bb0241def9eae44a96fb3de9d7e1994bb9ce432f21d788c367e0bf2f6cdbd8fe,RSTM,18,1,10,ST001,成都远望,46.862552642822266,83.09510040283203,RHI,RHI,俯仰扫描,2,2,1000,2025-04-25T11:13:07+00:00,2025-04-25T11:13:07.933000+00:00,-0.933,544,source_directory_only_unverified,unverified,unverified
target_six_wing/ST001_20250425_111320_623_01_CDX_RHI.IQ,target_six_wing,target,six_wing_source_label,.iq,116879648,afa99f003eedfa45f872fc965687c85527e786aad9819fce8466a7d85d16e034,RSTM,18,1,10,ST001,成都远望,46.862552642822266,83.09510040283203,RHI,RHI,俯仰扫描,2,2,1000,2025-04-25T11:13:20+00:00,2025-04-25T11:13:20.623000+00:00,-0.623,544,source_directory_only_unverified,unverified,unverified
target_six_wing/ST001_20250425_111329_098_01_CDX_RPI.IQ,target_six_wing,target,six_wing_source_label,.iq,395624192,cdb7bc461a3666c1ae6c70e6a691fa787ae906038ec9fbc13ea1c10b14589163,RSTM,18,1,10,ST001,成都远望,46.862552642822266,83.09510040283203,RPI,RPI,方位扇扫,2,3,1000,2025-04-25T11:13:29+00:00,2025-04-25T11:13:29.098000+00:00,-0.098,544,source_directory_only_unverified,unverified,unverified
target_six_wing/ST001_20250425_111345_201_01_CDX_RPI.IQ,target_six_wing,target,six_wing_source_label,.iq,364555232,3f023943a945832642fe04ce192d3d5395108955b9146692b316c7864b8dfff4,RSTM,18,1,10,ST001,成都远望,46.862552642822266,83.09510040283203,RPI,RPI,方位扇扫,2,3,1000,2025-04-25T11:13:45+00:00,2025-04-25T11:13:45.201000+00:00,-0.201,544,source_directory_only_unverified,unverified,unverified
target_six_wing/ST001_20250425_111400_311_01_CDX_RPI.IQ,target_six_wing,target,six_wing_source_label,.iq,364246976,d56e62b3cb0df7826eaec2525cc3510dff18b69435c15f1860224b0402e2cfe3,RSTM,18,1,10,ST001,成都远望,46.862552642822266,83.09510040283203,RPI,RPI,方位扇扫,2,3,1000,2025-04-25T11:14:00+00:00,2025-04-25T11:14:00.311000+00:00,-0.311,544,source_directory_only_unverified,unverified,unverified
target_six_wing/ST001_20250425_111415_451_01_CDX_RPI.IQ,target_six_wing,target,six_wing_source_label,.iq,388858784,166375b1b8203ec648dbec44cd65d0051102483519227105aadb0b50ea47a3b8,RSTM,18,1,10,ST001,成都远望,46.862552642822266,83.09510040283203,RPI,RPI,方位扇扫,2,3,1000,2025-04-25T11:14:15+00:00,2025-04-25T11:14:15.451000+00:00,-0.451,544,source_directory_only_unverified,unverified,unverified
target_six_wing/ST001_20250425_111431_355_01_CDX_RPI.IQ,target_six_wing,target,six_wing_source_label,.iq,364539008,dedc9c1c16ad7e837ec0acd5002846fbc467ddef4c8e43e7eec9d0c7bd403cf8,RSTM,18,1,10,ST001,成都远望,46.862552642822266,83.09510040283203,RPI,RPI,方位扇扫,2,3,1000,2025-04-25T11:14:31+00:00,2025-04-25T11:14:31.355000+00:00,-0.355,544,source_directory_only_unverified,unverified,unverified
target_six_wing/ST001_20250425_111446_661_01_CDX_RPI.IQ,target_six_wing,target,six_wing_source_label,.iq,366128960,daa2e7b153aad3f3d9a5945c01e793e3536b801d835f8da3103d2ee6d74d347e,RSTM,18,1,10,ST001,成都远望,46.862552642822266,83.09510040283203,RPI,RPI,方位扇扫,2,3,1000,2025-04-25T11:14:46+00:00,2025-04-25T11:14:46.661000+00:00,-0.661,544,source_directory_only_unverified,unverified,unverified
target_six_wing/ST001_20250425_111501_968_01_CDX_RPI.IQ,target_six_wing,target,six_wing_source_label,.iq,362803040,38a79a0aaf07617a554b580e076b224f65a1525c5ee6d465d8b89dc24532b0b5,RSTM,18,1,10,ST001,成都远望,46.862552642822266,83.09510040283203,RPI,RPI,方位扇扫,2,3,1000,2025-04-25T11:15:01+00:00,2025-04-25T11:15:01.968000+00:00,-0.968,544,source_directory_only_unverified,unverified,unverified
target_six_wing/ST001_20250425_111517_065_01_CDX_RPI.IQ,target_six_wing,target,six_wing_source_label,.iq,362721920,cd43e150fed5b6ac5e91b510a9ce1ee3801c02f5eac84c1a71e786504fe5cb7b,RSTM,18,1,10,ST001,成都远望,46.862552642822266,83.09510040283203,RPI,RPI,方位扇扫,2,3,1000,2025-04-25T11:15:17+00:00,2025-04-25T11:15:17.065000+00:00,-0.065,544,source_directory_only_unverified,unverified,unverified
target_six_wing/ST001_20250425_111716_420_01_CDX_RPI.IQ,target_six_wing,target,six_wing_source_label,.iq,290573792,c5a7fb3eed1de754257ee3737950e2a51b28ebbf99cfe5c134f4106a095868cb,RSTM,18,1,10,ST001,成都远望,46.862552642822266,83.09510040283203,RPI,RPI,方位扇扫,2,3,1000,2025-04-25T11:15:17+00:00,2025-04-25T11:17:16.420000+00:00,-119.420,544,source_directory_only_unverified,unverified,unverified
target_six_wing/ST001_20250425_111727_366_01_CDX_RHI.IQ,target_six_wing,target,six_wing_source_label,.iq,302725568,9b2b1a9d9f32e3c37e032d4efff7263f3036cc802f77bce1dee6d54a388208d1,RSTM,18,1,10,ST001,成都远望,46.862552642822266,83.09510040283203,RHI,RHI,俯仰扫描,2,2,1000,2025-04-25T11:17:27+00:00,2025-04-25T11:17:27.366000+00:00,-0.366,544,source_directory_only_unverified,unverified,unverified
target_six_wing/ST001_20250425_111738_622_01_CDX_RHI.IQ,target_six_wing,target,six_wing_source_label,.iq,297939488,0f43dd7f35bcb8f75b49991c067de85a50cacc365f1a53a7e78d93d98da374cd,RSTM,18,1,10,ST001,成都远望,46.862552642822266,83.09510040283203,RHI,RHI,俯仰扫描,2,2,1000,2025-04-25T11:17:38+00:00,2025-04-25T11:17:38.622000+00:00,-0.622,544,source_directory_only_unverified,unverified,unverified
target_six_wing/ST001_20250425_111750_093_01_CDX_RHI.IQ,target_six_wing,target,six_wing_source_label,.iq,309280064,68064de4d0b082adcaa46cbd09b198e44b2c18b489a559dfd68ff3bc44d23ff2,RSTM,18,1,10,ST001,成都远望,46.862552642822266,83.09510040283203,RHI,RHI,俯仰扫描,2,2,1000,2025-04-25T11:17:50+00:00,2025-04-25T11:17:50.093000+00:00,-0.093,544,source_directory_only_unverified,unverified,unverified
target_six_wing/ST001_20250425_111805_207_01_CDX_RHI.IQ,target_six_wing,target,six_wing_source_label,.iq,306148832,5d45aaba22c732ad4a6c650a8505400638a3811913d35b38294294fc3f466d4c,RSTM,18,1,10,ST001,成都远望,46.862552642822266,83.09510040283203,RHI,RHI,俯仰扫描,2,2,1000,2025-04-25T11:18:05+00:00,2025-04-25T11:18:05.207000+00:00,-0.207,544,source_directory_only_unverified,unverified,unverified
target_six_wing/ST001_20250425_111817_901_01_CDX_RHI.IQ,target_six_wing,target,six_wing_source_label,.iq,309134048,bdf1d7f3e6371066de06944b4e091ddb3eff2e2f0f0f8c2626281e2eaef99afe,RSTM,18,1,10,ST001,成都远望,46.862552642822266,83.09510040283203,RHI,RHI,俯仰扫描,2,2,1000,2025-04-25T11:18:17+00:00,2025-04-25T11:18:17.901000+00:00,-0.901,544,source_directory_only_unverified,unverified,unverified
target_six_wing/ST001_20250425_111828_350_01_CDX_RHI.IQ,target_six_wing,target,six_wing_source_label,.iq,319144256,f259b28f0b332c13fe2cde5dc68ba57d716cc2e28bd71873cdfed8eb956f9fc2,RSTM,18,1,10,ST001,成都远望,46.862552642822266,83.09510040283203,RHI,RHI,俯仰扫描,2,2,1000,2025-04-25T11:18:28+00:00,2025-04-25T11:18:28.350000+00:00,-0.350,544,source_directory_only_unverified,unverified,unverified
target_six_wing/ST001_20250425_111839_008_01_CDX_RHI.IQ,target_six_wing,target,six_wing_source_label,.iq,284538464,f84088d76e1a2190d03b788d9a2716115a7bf04246bdf78e3b8e3852d93868db,RSTM,18,1,10,ST001,成都远望,46.862552642822266,83.09510040283203,RHI,RHI,俯仰扫描,2,2,1000,2025-04-25T11:18:39+00:00,2025-04-25T11:18:39.008000+00:00,-0.008,544,source_directory_only_unverified,unverified,unverified
target_six_wing/ST001_20250425_111848_654_01_CDX_RHI.IQ,target_six_wing,target,six_wing_source_label,.iq,296057504,c1ffa0041589dc1bf6a5f08f0a300824fe43980ca012c0bc19d591bb04e633f2,RSTM,18,1,10,ST001,成都远望,46.862552642822266,83.09510040283203,RHI,RHI,俯仰扫描,2,2,1000,2025-04-25T11:18:48+00:00,2025-04-25T11:18:48.654000+00:00,-0.654,544,source_directory_only_unverified,unverified,unverified
target_six_wing/ST001_20250425_111858_749_01_CDX_RHI.IQ,target_six_wing,target,six_wing_source_label,.iq,298004384,e577b4c4acbd819865be038cf7568bfa108862fa6d60fb07968877b5ce2bad0f,RSTM,18,1,10,ST001,成都远望,46.862552642822266,83.09510040283203,RHI,RHI,俯仰扫描,2,2,1000,2025-04-25T11:18:58+00:00,2025-04-25T11:18:58.749000+00:00,-0.749,544,source_directory_only_unverified,unverified,unverified
target_six_wing/ST001_20250425_111908_753_01_CDX_RHI.IQ,target_six_wing,target,six_wing_source_label,.iq,43676960,a7623869d19cf87ad064f30e5ec204e65930e72f42a9d1b7e282efb988bca2f1,RSTM,18,1,10,ST001,成都远望,46.862552642822266,83.09510040283203,RHI,RHI,俯仰扫描,2,2,1000,2025-04-25T11:19:08+00:00,2025-04-25T11:19:08.753000+00:00,-0.753,544,source_directory_only_unverified,unverified,unverified
target_six_wing/ST001_20250425_111934_293_01_CDX_RHI.IQ,target_six_wing,target,six_wing_source_label,.iq,309523424,4dde549a2d88d11a79faf2db181eb0eaef4f4a40a71b581e4fa59b90d172904a,RSTM,18,1,10,ST001,成都远望,46.862552642822266,83.09510040283203,RHI,RHI,俯仰扫描,2,2,1000,2025-04-25T11:19:34+00:00,2025-04-25T11:19:34.293000+00:00,-0.293,544,source_directory_only_unverified,unverified,unverified
target_six_wing/ST001_20250425_111944_758_01_CDX_RHI.IQ,target_six_wing,target,six_wing_source_label,.iq,292926272,da9da2dd742823cbd8ee5df246747679402b8dda25b903bdeecb79750dbc51dc,RSTM,18,1,10,ST001,成都远望,46.862552642822266,83.09510040283203,RHI,RHI,俯仰扫描,2,2,1000,2025-04-25T11:19:44+00:00,2025-04-25T11:19:44.758000+00:00,-0.758,544,source_directory_only_unverified,unverified,unverified
target_six_wing/ST001_20250425_111957_858_01_CDX_RHI.IQ,target_six_wing,target,six_wing_source_label,.iq,222692576,8fd13958010889a1e307a95b2e22fd5051852a770d5375dce26653029e5df4b9,RSTM,18,1,10,ST001,成都远望,46.862552642822266,83.09510040283203,RHI,RHI,俯仰扫描,2,2,1000,2025-04-25T11:19:57+00:00,2025-04-25T11:19:57.858000+00:00,-0.858,544,source_directory_only_unverified,unverified,unverified
target_six_wing/ST001_20250425_112005_697_01_CDX_RHI.IQ,target_six_wing,target,six_wing_source_label,.iq,296122400,aaa33924e77786747f2edb7f714f09375b11390a5598f738616a1b0214d04f5c,RSTM,18,1,10,ST001,成都远望,46.862552642822266,83.09510040283203,RHI,RHI,俯仰扫描,2,2,1000,2025-04-25T11:20:05+00:00,2025-04-25T11:20:05.697000+00:00,-0.697,544,source_directory_only_unverified,unverified,unverified
target_six_wing/ST001_20250425_112019_398_01_CDX_RHI.IQ,target_six_wing,target,six_wing_source_label,.iq,307511648,42a60fc5b01db1bec233a8e97996096e9b1490c693886c9e556b78a1b0403a28,RSTM,18,1,10,ST001,成都远望,46.862552642822266,83.09510040283203,RHI,RHI,俯仰扫描,2,2,1000,2025-04-25T11:20:19+00:00,2025-04-25T11:20:19.398000+00:00,-0.398,544,source_directory_only_unverified,unverified,unverified
target_six_wing/ST001_20250425_112029_852_01_CDX_RHI.IQ,target_six_wing,target,six_wing_source_label,.iq,292910048,dc01d7561da183ad4a25bd7e41708191b52c55140b9421b3915cbf18c6792feb,RSTM,18,1,10,ST001,成都远望,46.862552642822266,83.09510040283203,RHI,RHI,俯仰扫描,2,2,1000,2025-04-25T11:20:29+00:00,2025-04-25T11:20:29.852000+00:00,-0.852,544,source_directory_only_unverified,unverified,unverified
target_six_wing/ST001_20250425_112042_947_01_CDX_RHI.IQ,target_six_wing,target,six_wing_source_label,.iq,222887264,b25b6f6b265a9c1d13c301362762743377c94e3d4fd83af43d6c56255c6040e0,RSTM,18,1,10,ST001,成都远望,46.862552642822266,83.09510040283203,RHI,RHI,俯仰扫描,2,2,1000,2025-04-25T11:20:42+00:00,2025-04-25T11:20:42.947000+00:00,-0.947,544,source_directory_only_unverified,unverified,unverified
target_six_wing/ST001_20250425_112050_784_01_CDX_RHI.IQ,target_six_wing,target,six_wing_source_label,.iq,298004384,9e8ca68c01442136644598a1baed9a0636165fa14d22e96b1c2e7b3984657cb2,RSTM,18,1,10,ST001,成都远望,46.862552642822266,83.09510040283203,RHI,RHI,俯仰扫描,2,2,1000,2025-04-25T11:20:50+00:00,2025-04-25T11:20:50.784000+00:00,-0.784,544,source_directory_only_unverified,unverified,unverified
target_six_wing/ST001_20250425_112104_490_01_CDX_RHI.IQ,target_six_wing,target,six_wing_source_label,.iq,306148832,e54643891afe46464d1f0f5a673716a75b012b33bec2341cd86af8635e964a86,RSTM,18,1,10,ST001,成都远望,46.862552642822266,83.09510040283203,RHI,RHI,俯仰扫描,2,2,1000,2025-04-25T11:21:04+00:00,2025-04-25T11:21:04.490000+00:00,-0.490,544,source_directory_only_unverified,unverified,unverified
target_six_wing/ST001_20250425_112114_947_01_CDX_RHI.IQ,target_six_wing,target,six_wing_source_label,.iq,292796480,878d877b188525edd79397229f942fa6c8ddac563b818a9b07f3bb3efa3141a9,RSTM,18,1,10,ST001,成都远望,46.862552642822266,83.09510040283203,RHI,RHI,俯仰扫描,2,2,1000,2025-04-25T11:21:14+00:00,2025-04-25T11:21:14.947000+00:00,-0.947,544,source_directory_only_unverified,unverified,unverified
target_six_wing/ST001_20250425_112128_033_01_CDX_RHI.IQ,target_six_wing,target,six_wing_source_label,.iq,222822368,d5e7b9c9af48d9c13005a0a1b97cf28da1a4f01c535248782fd3681cb26d8de0,RSTM,18,1,10,ST001,成都远望,46.862552642822266,83.09510040283203,RHI,RHI,俯仰扫描,2,2,1000,2025-04-25T11:21:28+00:00,2025-04-25T11:21:28.033000+00:00,-0.033,544,source_directory_only_unverified,unverified,unverified
target_six_wing/ST001_20250425_112135_871_01_CDX_RHI.IQ,target_six_wing,target,six_wing_source_label,.iq,297744800,3b65b2135e01901da916a6054dd94fb618e2eb3256b2ed302821707e8941fac5,RSTM,18,1,10,ST001,成都远望,46.862552642822266,83.09510040283203,RHI,RHI,俯仰扫描,2,2,1000,2025-04-25T11:21:35+00:00,2025-04-25T11:21:35.871000+00:00,-0.871,544,source_directory_only_unverified,unverified,unverified
target_six_wing/ST001_20250425_112149_360_01_CDX_RHI.IQ,target_six_wing,target,six_wing_source_label,.iq,320620640,8f797d43d124ac89a98872998ce5d30b6566d7af2c0f9c869adb13bb9253f1d8,RSTM,18,1,10,ST001,成都远望,46.862552642822266,83.09510040283203,RHI,RHI,俯仰扫描,2,2,1000,2025-04-25T11:21:49+00:00,2025-04-25T11:21:49.360000+00:00,-0.360,544,source_directory_only_unverified,unverified,unverified
target_six_wing/ST001_20250425_112200_221_01_CDX_RHI.IQ,target_six_wing,target,six_wing_source_label,.iq,284570912,262edc3e9f4997fa9b29eb69d9c4b923237cf58379298440361d22f43b9033cb,RSTM,18,1,10,ST001,成都远望,46.862552642822266,83.09510040283203,RHI,RHI,俯仰扫描,2,2,1000,2025-04-25T11:22:00+00:00,2025-04-25T11:22:00.221000+00:00,-0.221,544,source_directory_only_unverified,unverified,unverified
target_six_wing/ST001_20250425_112212_907_01_CDX_RHI.IQ,target_six_wing,target,six_wing_source_label,.iq,224444768,148c35e92b197b6f6a31bace95ced4a433889250bb17cd49226924449974ec72,RSTM,18,1,10,ST001,成都远望,46.862552642822266,83.09510040283203,RHI,RHI,俯仰扫描,2,2,1000,2025-04-25T11:22:12+00:00,2025-04-25T11:22:12.907000+00:00,-0.907,544,source_directory_only_unverified,unverified,unverified
target_six_wing/ST001_20250425_112220_747_01_CDX_RHI.IQ,target_six_wing,target,six_wing_source_label,.iq,298004384,6e9ff7d0e53b1f0a1a43a174536cdddd7fcc6f83c0dec48b7d42e7ce51dc2d5a,RSTM,18,1,10,ST001,成都远望,46.862552642822266,83.09510040283203,RHI,RHI,俯仰扫描,2,2,1000,2025-04-25T11:22:20+00:00,2025-04-25T11:22:20.747000+00:00,-0.747,544,source_directory_only_unverified,unverified,unverified
target_six_wing/ST001_20250425_112236_887_01_CDX_RHI.IQ,target_six_wing,target,six_wing_source_label,.iq,221459552,9e2ea94fc291b7261dabb94957d13500c168f4e5964b9eed525164f4fd97944a,RSTM,18,1,10,ST001,成都远望,46.862552642822266,83.09510040283203,RHI,RHI,俯仰扫描,2,2,1000,2025-04-25T11:22:36+00:00,2025-04-25T11:22:36.887000+00:00,-0.887,544,source_directory_only_unverified,unverified,unverified
target_six_wing/ST001_20250425_112244_737_01_CDX_RHI.IQ,target_six_wing,target,six_wing_source_label,.iq,302709344,a4e427d393eac7944d0b292f41ad54823fe8a10849430696b8023b11e8747acf,RSTM,18,1,10,ST001,成都远望,46.862552642822266,83.09510040283203,RHI,RHI,俯仰扫描,2,2,1000,2025-04-25T11:22:44+00:00,2025-04-25T11:22:44.737000+00:00,-0.737,544,source_directory_only_unverified,unverified,unverified
target_six_wing/ST001_20250425_112256_609_01_CDX_RHI.IQ,target_six_wing,target,six_wing_source_label,.iq,195274016,cc1c8c922d306a61f8b503182194c952f9fb023c906cfcbb0578f0fa4d6cf2d9,RSTM,18,1,10,ST001,成都远望,46.862552642822266,83.09510040283203,RHI,RHI,俯仰扫描,2,2,1000,2025-04-25T11:22:56+00:00,2025-04-25T11:22:56.609000+00:00,-0.609,544,source_directory_only_unverified,unverified,unverified
target_six_wing/ST001_20250425_112303_450_01_CDX_RHI.IQ,target_six_wing,target,six_wing_source_label,.iq,301054496,de6da09fe841b976dbeda9acd368503b20a698cfe9f18485ec9ec817634abc17,RSTM,18,1,10,ST001,成都远望,46.862552642822266,83.09510040283203,RHI,RHI,俯仰扫描,2,2,1000,2025-04-25T11:23:03+00:00,2025-04-25T11:23:03.450000+00:00,-0.450,544,source_directory_only_unverified,unverified,unverified
target_six_wing/ST001_20250425_112314_921_01_CDX_RHI.IQ,target_six_wing,target,six_wing_source_label,.iq,305856800,fd0afb8552441b5c1c2abe0a21bdbd4768e3cebbec721d107c79d7b924017753,RSTM,18,1,10,ST001,成都远望,46.862552642822266,83.09510040283203,RHI,RHI,俯仰扫描,2,2,1000,2025-04-25T11:23:14+00:00,2025-04-25T11:23:14.921000+00:00,-0.921,544,source_directory_only_unverified,unverified,unverified
target_six_wing/ST001_20250425_112325_366_01_CDX_RHI.IQ,target_six_wing,target,six_wing_source_label,.iq,294873152,60560259635d15f5a47aac2605ce4d612ea0af201383fc9ae6c4a013fee30e0d,RSTM,18,1,10,ST001,成都远望,46.862552642822266,83.09510040283203,RHI,RHI,俯仰扫描,2,2,1000,2025-04-25T11:23:25+00:00,2025-04-25T11:23:25.366000+00:00,-0.366,544,source_directory_only_unverified,unverified,unverified
target_six_wing/ST001_20250425_112337_855_01_CDX_RHI.IQ,target_six_wing,target,six_wing_source_label,.iq,206403680,011e4de7f3b5c3336a03cae7b42aafce88e92bcb045c4c9f393d011cbb45e7db,RSTM,18,1,10,ST001,成都远望,46.862552642822266,83.09510040283203,RHI,RHI,俯仰扫描,2,2,1000,2025-04-25T11:23:37+00:00,2025-04-25T11:23:37.855000+00:00,-0.855,544,source_directory_only_unverified,unverified,unverified
target_six_wing/ST001_20250425_112345_086_01_CDX_RHI.IQ,target_six_wing,target,six_wing_source_label,.iq,299188736,9e03320670acb333a0b6029a3a7c59d43570d35303b49c811ab76fde4e0a11fc,RSTM,18,1,10,ST001,成都远望,46.862552642822266,83.09510040283203,RHI,RHI,俯仰扫描,2,2,1000,2025-04-25T11:23:45+00:00,2025-04-25T11:23:45.086000+00:00,-0.086,544,source_directory_only_unverified,unverified,unverified
target_six_wing/ST001_20250425_112356_144_01_CDX_RHI.IQ,target_six_wing,target,six_wing_source_label,.iq,297907040,aca1490668dac4e3a71d10e3c38c4a116751f125751b43476dcb05403fe0c5b4,RSTM,18,1,10,ST001,成都远望,46.862552642822266,83.09510040283203,RHI,RHI,俯仰扫描,2,2,1000,2025-04-25T11:23:56+00:00,2025-04-25T11:23:56.144000+00:00,-0.144,544,source_directory_only_unverified,unverified,unverified
target_six_wing/ST001_20250425_112406_200_01_CDX_RHI.IQ,target_six_wing,target,six_wing_source_label,.iq,299237408,48ffbc36fcd7dbe64d50336ef805b41c221a70c0200936cdb6a97507fcd02182,RSTM,18,1,10,ST001,成都远望,46.862552642822266,83.09510040283203,RHI,RHI,俯仰扫描,2,2,1000,2025-04-25T11:24:06+00:00,2025-04-25T11:24:06.200000+00:00,-0.200,544,source_directory_only_unverified,unverified,unverified
target_six_wing/ST001_20250425_112419_081_01_CDX_RHI.IQ,target_six_wing,target,six_wing_source_label,.iq,188330144,ce914247b47ebd3a67b7bb1e1cd589e69cf8b30f772aca7628e8840493d25b2d,RSTM,18,1,10,ST001,成都远望,46.862552642822266,83.09510040283203,RHI,RHI,俯仰扫描,2,2,1000,2025-04-25T11:24:19+00:00,2025-04-25T11:24:19.081000+00:00,-0.081,544,source_directory_only_unverified,unverified,unverified
target_six_wing/ST001_20250425_112425_707_01_CDX_RHI.IQ,target_six_wing,target,six_wing_source_label,.iq,301005824,ae28b0386ce38770d3201d656a486b8535efad180c8e9af8a435b2b318005268,RSTM,18,1,10,ST001,成都远望,46.862552642822266,83.09510040283203,RHI,RHI,俯仰扫描,2,2,1000,2025-04-25T11:24:25+00:00,2025-04-25T11:24:25.707000+00:00,-0.707,544,source_directory_only_unverified,unverified,unverified
target_six_wing/ST001_20250425_112437_174_01_CDX_RHI.IQ,target_six_wing,target,six_wing_source_label,.iq,306002816,89527927744459ec2dca70407b0af4906c994b33215affc0e0e2605c396ed534,RSTM,18,1,10,ST001,成都远望,46.862552642822266,83.09510040283203,RHI,RHI,俯仰扫描,2,2,1000,2025-04-25T11:24:37+00:00,2025-04-25T11:24:37.174000+00:00,-0.174,544,source_directory_only_unverified,unverified,unverified
target_six_wing/ST001_20250425_112447_632_01_CDX_RHI.IQ,target_six_wing,target,six_wing_source_label,.iq,296235968,364b1a1d463fc124539ada81ee558a16c1364bb3f17ac07f2ae80c64d04b5853,RSTM,18,1,10,ST001,成都远望,46.862552642822266,83.09510040283203,RHI,RHI,俯仰扫描,2,2,1000,2025-04-25T11:24:47+00:00,2025-04-25T11:24:47.632000+00:00,-0.632,544,source_directory_only_unverified,unverified,unverified
target_six_wing/ST001_20250425_112500_109_01_CDX_RHI.IQ,target_six_wing,target,six_wing_source_label,.iq,209875616,d92df5db0c2fafea5a7d677151e6ea29795e87c72b201ba2219c8facf2392b37,RSTM,18,1,10,ST001,成都远望,46.862552642822266,83.09510040283203,RHI,RHI,俯仰扫描,2,2,1000,2025-04-25T11:25:00+00:00,2025-04-25T11:25:00.109000+00:00,-0.109,544,source_directory_only_unverified,unverified,unverified
target_six_wing/ST001_20250425_112507_553_01_CDX_RHI.IQ,target_six_wing,target,six_wing_source_label,.iq,296219744,e1cd6cfd9c17975a90ee3b2137caf9856fabac51ae47bbe6fbad99de8161f241,RSTM,18,1,10,ST001,成都远望,46.862552642822266,83.09510040283203,RHI,RHI,俯仰扫描,2,2,1000,2025-04-25T11:25:07+00:00,2025-04-25T11:25:07.553000+00:00,-0.553,544,source_directory_only_unverified,unverified,unverified
target_six_wing/ST001_20250425_112518_823_01_CDX_RHI.IQ,target_six_wing,target,six_wing_source_label,.iq,304380416,12f1e14fe09dcef35c6d462706bab0d6feffe22e15e51d459e25a3099630f43f,RSTM,18,1,10,ST001,成都远望,46.862552642822266,83.09510040283203,RHI,RHI,俯仰扫描,2,2,1000,2025-04-25T11:25:18+00:00,2025-04-25T11:25:18.823000+00:00,-0.823,544,source_directory_only_unverified,unverified,unverified
target_six_wing/ST001_20250425_112529_076_01_CDX_RHI.IQ,target_six_wing,target,six_wing_source_label,.iq,302612000,f78553b239ce4de79c804513f82c8787b8db874a74ba1d0ed2f143a8a2cbe401,RSTM,18,1,10,ST001,成都远望,46.862552642822266,83.09510040283203,RHI,RHI,俯仰扫描,2,2,1000,2025-04-25T11:25:29+00:00,2025-04-25T11:25:29.076000+00:00,-0.076,544,source_directory_only_unverified,unverified,unverified
target_six_wing/ST001_20250425_112541_759_01_CDX_RHI.IQ,target_six_wing,target,six_wing_source_label,.iq,196734176,8ab24213f316117cdd09cd16afc48ac7fa8c68190b5f079c2d2153af11e2af8e,RSTM,18,1,10,ST001,成都远望,46.862552642822266,83.09510040283203,RHI,RHI,俯仰扫描,2,2,1000,2025-04-25T11:25:41+00:00,2025-04-25T11:25:41.759000+00:00,-0.759,544,source_directory_only_unverified,unverified,unverified
target_six_wing/ST001_20250425_112548_798_01_CDX_RHI.IQ,target_six_wing,target,six_wing_source_label,.iq,296122400,28dc7621a05d9d807118454299e84f0214cac75d5607992896358e5f722f82be,RSTM,18,1,10,ST001,成都远望,46.862552642822266,83.09510040283203,RHI,RHI,俯仰扫描,2,2,1000,2025-04-25T11:25:48+00:00,2025-04-25T11:25:48.798000+00:00,-0.798,544,source_directory_only_unverified,unverified,unverified
target_six_wing/ST001_20250425_112600_058_01_CDX_RHI.IQ,target_six_wing,target,six_wing_source_label,.iq,307706336,f94995fcfb2121c8562cbd4dea43e1bc952937ec16a83aaa580f685577600020,RSTM,18,1,10,ST001,成都远望,46.862552642822266,83.09510040283203,RHI,RHI,俯仰扫描,2,2,1000,2025-04-25T11:26:00+00:00,2025-04-25T11:26:00.058000+00:00,-0.058,544,source_directory_only_unverified,unverified,unverified
target_six_wing/ST001_20250425_112610_513_01_CDX_RHI.IQ,target_six_wing,target,six_wing_source_label,.iq,297696128,a198e1862540604e53ec8ffd1e0f27feaf1a549b4833a45aca6e47912570141f,RSTM,18,1,10,ST001,成都远望,46.862552642822266,83.09510040283203,RHI,RHI,俯仰扫描,2,2,1000,2025-04-25T11:26:10+00:00,2025-04-25T11:26:10.513000+00:00,-0.513,544,source_directory_only_unverified,unverified,unverified
target_six_wing/ST001_20250425_112622_998_01_CDX_RHI.IQ,target_six_wing,target,six_wing_source_label,.iq,208058528,3a0a2f2a9a53ad2a92191f5cfe4efcedb88f45ea19659881c3efdc5c529e6e6f,RSTM,18,1,10,ST001,成都远望,46.862552642822266,83.09510040283203,RHI,RHI,俯仰扫描,2,2,1000,2025-04-25T11:26:22+00:00,2025-04-25T11:26:22.998000+00:00,-0.998,544,source_directory_only_unverified,unverified,unverified
target_six_wing/ST001_20250425_112630_233_01_CDX_RHI.IQ,target_six_wing,target,six_wing_source_label,.iq,302676896,2040e1df0d95574225182bf25d17a4e9e6e309c49d1394ff3cb2ded9d7e8fe0a,RSTM,18,1,10,ST001,成都远望,46.862552642822266,83.09510040283203,RHI,RHI,俯仰扫描,2,2,1000,2025-04-25T11:26:30+00:00,2025-04-25T11:26:30.233000+00:00,-0.233,544,source_directory_only_unverified,unverified,unverified
target_six_wing/ST001_20250425_112641_948_01_CDX_RHI.IQ,target_six_wing,target,six_wing_source_label,.iq,302904032,412a57ae9d85864135c5a47b8d0cef7a0ee070c3236e0391c896d00eb02c03f7,RSTM,18,1,10,ST001,成都远望,46.862552642822266,83.09510040283203,RHI,RHI,俯仰扫描,2,2,1000,2025-04-25T11:26:41+00:00,2025-04-25T11:26:41.948000+00:00,-0.948,544,source_directory_only_unverified,unverified,unverified
target_six_wing/ST001_20250425_112652_154_01_CDX_RHI.IQ,target_six_wing,target,six_wing_source_label,.iq,299448320,a5d14a2142f18fde9e969987c007b6b673978c4288923a0ab1990b9ec3c81b0b,RSTM,18,1,10,ST001,成都远望,46.862552642822266,83.09510040283203,RHI,RHI,俯仰扫描,2,2,1000,2025-04-25T11:26:52+00:00,2025-04-25T11:26:52.154000+00:00,-0.154,544,source_directory_only_unverified,unverified,unverified
target_six_wing/ST001_20250425_112704_838_01_CDX_RHI.IQ,target_six_wing,target,six_wing_source_label,.iq,206533472,357a38393f752e69290eb4ca49fdb71c64f524ac942ba5dfa65ea41123eacf4b,RSTM,18,1,10,ST001,成都远望,46.862552642822266,83.09510040283203,RHI,RHI,俯仰扫描,2,2,1000,2025-04-25T11:27:04+00:00,2025-04-25T11:27:04.838000+00:00,-0.838,544,source_directory_only_unverified,unverified,unverified
target_six_wing/ST001_20250425_112712_076_01_CDX_RHI.IQ,target_six_wing,target,six_wing_source_label,.iq,299302304,533143ddf629a37a5bbb979a3b300ce9238921dd2af29e865ea9c79865037309,RSTM,18,1,10,ST001,成都远望,46.862552642822266,83.09510040283203,RHI,RHI,俯仰扫描,2,2,1000,2025-04-25T11:27:12+00:00,2025-04-25T11:27:12.076000+00:00,-0.076,544,source_directory_only_unverified,unverified,unverified
target_six_wing/ST001_20250425_112723_938_01_CDX_RHI.IQ,target_six_wing,target,six_wing_source_label,.iq,304591328,a1913d0e102fa4db9a3fbdc05ece2d6317ed38eb0ce00de3bd5cac66f77dcd70,RSTM,18,1,10,ST001,成都远望,46.862552642822266,83.09510040283203,RHI,RHI,俯仰扫描,2,2,1000,2025-04-25T11:27:23+00:00,2025-04-25T11:27:23.938000+00:00,-0.938,544,source_directory_only_unverified,unverified,unverified
target_six_wing/ST001_20250425_112734_196_01_CDX_RHI.IQ,target_six_wing,target,six_wing_source_label,.iq,299367200,aae47fd5f880b414184cbabb4271d7a760ea091dcb98642a0b3fb52159a88e95,RSTM,18,1,10,ST001,成都远望,46.862552642822266,83.09510040283203,RHI,RHI,俯仰扫描,2,2,1000,2025-04-25T11:27:34+00:00,2025-04-25T11:27:34.196000+00:00,-0.196,544,source_directory_only_unverified,unverified,unverified
target_six_wing/ST001_20250425_112747_138_01_CDX_RHI.IQ,target_six_wing,target,six_wing_source_label,.iq,188508608,51f0819a5eada993b9ce07cf21d7eca55c1e7dde2d8b9659202ff60681eaeb06,RSTM,18,1,10,ST001,成都远望,46.862552642822266,83.09510040283203,RHI,RHI,俯仰扫描,2,2,1000,2025-04-25T11:27:47+00:00,2025-04-25T11:27:47.138000+00:00,-0.138,544,source_directory_only_unverified,unverified,unverified
target_six_wing/ST001_20250425_112753_772_01_CDX_RHI.IQ,target_six_wing,target,six_wing_source_label,.iq,300940928,6d917775aff5eeb30de2cb9c49f973e6dcd01e2e51961a4cd46014721f7fbf3c,RSTM,18,1,10,ST001,成都远望,46.862552642822266,83.09510040283203,RHI,RHI,俯仰扫描,2,2,1000,2025-04-25T11:27:53+00:00,2025-04-25T11:27:53.772000+00:00,-0.772,544,source_directory_only_unverified,unverified,unverified
target_six_wing/ST001_20250425_112805_235_01_CDX_RHI.IQ,target_six_wing,target,six_wing_source_label,.iq,306019040,b9df279b16f8771c42735f9155ac614df1aafd527f9f621a50b418e13a7315f1,RSTM,18,1,10,ST001,成都远望,46.862552642822266,83.09510040283203,RHI,RHI,俯仰扫描,2,2,1000,2025-04-25T11:28:05+00:00,2025-04-25T11:28:05.235000+00:00,-0.235,544,source_directory_only_unverified,unverified,unverified
target_six_wing/ST001_20250425_112815_690_01_CDX_RHI.IQ,target_six_wing,target,six_wing_source_label,.iq,296154848,13ccec6417d34e51326ce9f459a0de3697674f2a6438a5ac97b1fe5646f91051,RSTM,18,1,10,ST001,成都远望,46.862552642822266,83.09510040283203,RHI,RHI,俯仰扫描,2,2,1000,2025-04-25T11:28:15+00:00,2025-04-25T11:28:15.690000+00:00,-0.690,544,source_directory_only_unverified,unverified,unverified
target_six_wing/ST001_20250425_112828_372_01_CDX_RHI.IQ,target_six_wing,target,six_wing_source_label,.iq,190147232,0d370522575d04b1ee2e299a2003163992d95945293aedc53645aa8e129329b4,RSTM,18,1,10,ST001,成都远望,46.862552642822266,83.09510040283203,RHI,RHI,俯仰扫描,2,2,1000,2025-04-25T11:28:28+00:00,2025-04-25T11:28:28.372000+00:00,-0.372,544,source_directory_only_unverified,unverified,unverified
target_six_wing/ST001_20250425_112835_212_01_CDX_RHI.IQ,target_six_wing,target,six_wing_source_label,.iq,296138624,ee8fdccb16684c034f3711753a6aa2a21396c92a8dd022ebcb12591cb80c600f,RSTM,18,1,10,ST001,成都远望,46.862552642822266,83.09510040283203,RHI,RHI,俯仰扫描,2,2,1000,2025-04-25T11:28:35+00:00,2025-04-25T11:28:35.212000+00:00,-0.212,544,source_directory_only_unverified,unverified,unverified
target_six_wing/ST001_20250425_112846_480_01_CDX_RHI.IQ,target_six_wing,target,six_wing_source_label,.iq,302514656,0b6c0415c1ed0bc0d86ecbe6049834d3d5195ac1c4d240fe0e9d3f09dd9d5bf3,RSTM,18,1,10,ST001,成都远望,46.862552642822266,83.09510040283203,RHI,RHI,俯仰扫描,2,2,1000,2025-04-25T11:28:46+00:00,2025-04-25T11:28:46.480000+00:00,-0.480,544,source_directory_only_unverified,unverified,unverified
target_six_wing/ST001_20250425_112856_727_01_CDX_RHI.IQ,target_six_wing,target,six_wing_source_label,.iq,300957152,88d0d727ef8d5f742401b24c796abe37099c81ffbc3168d69f192b28d19d5e79,RSTM,18,1,10,ST001,成都远望,46.862552642822266,83.09510040283203,RHI,RHI,俯仰扫描,2,2,1000,2025-04-25T11:28:56+00:00,2025-04-25T11:28:56.727000+00:00,-0.727,544,source_directory_only_unverified,unverified,unverified
target_six_wing/ST001_20250425_112909_607_01_CDX_RHI.IQ,target_six_wing,target,six_wing_source_label,.iq,187162016,bb1d4d4f5b93dc5976960e66c3859d6785bc815cbbfdae644104800605372ab7,RSTM,18,1,10,ST001,成都远望,46.862552642822266,83.09510040283203,RHI,RHI,俯仰扫描,2,2,1000,2025-04-25T11:29:09+00:00,2025-04-25T11:29:09.607000+00:00,-0.607,544,source_directory_only_unverified,unverified,unverified
target_six_wing/ST001_20250425_112916_247_01_CDX_RHI.IQ,target_six_wing,target,six_wing_source_label,.iq,300924704,ece1e8035fdea05ce248617095524b6770f6ad45df4f324310ea2b056477656e,RSTM,18,1,10,ST001,成都远望,46.862552642822266,83.09510040283203,RHI,RHI,俯仰扫描,2,2,1000,2025-04-25T11:29:16+00:00,2025-04-25T11:29:16.247000+00:00,-0.247,544,source_directory_only_unverified,unverified,unverified
target_six_wing/ST001_20250425_112927_710_01_CDX_RHI.IQ,target_six_wing,target,six_wing_source_label,.iq,306051488,161453b7e094df10860f6314bfcca100d6f0ba9b3fdc5be375e20e52f719c48b,RSTM,18,1,10,ST001,成都远望,46.862552642822266,83.09510040283203,RHI,RHI,俯仰扫描,2,2,1000,2025-04-25T11:29:27+00:00,2025-04-25T11:29:27.710000+00:00,-0.710,544,source_directory_only_unverified,unverified,unverified
target_six_wing/ST001_20250425_112938_168_01_CDX_RHI.IQ,target_six_wing,target,six_wing_source_label,.iq,297777248,7243b5598dfb489b1e71d1145783a6d36c0798c37390dfefbcff4338806d66c0,RSTM,18,1,10,ST001,成都远望,46.862552642822266,83.09510040283203,RHI,RHI,俯仰扫描,2,2,1000,2025-04-25T11:29:38+00:00,2025-04-25T11:29:38.168000+00:00,-0.168,544,source_directory_only_unverified,unverified,unverified
target_six_wing/ST001_20250425_112950_853_01_CDX_RHI.IQ,target_six_wing,target,six_wing_source_label,.iq,190244576,94a98314be74afb592ca5b575062fd3a459aaf6925504a4bee6887441e6b456f,RSTM,18,1,10,ST001,成都远望,46.862552642822266,83.09510040283203,RHI,RHI,俯仰扫描,2,2,1000,2025-04-25T11:29:50+00:00,2025-04-25T11:29:50.853000+00:00,-0.853,544,source_directory_only_unverified,unverified,unverified
target_six_wing/ST001_20250425_112957_686_01_CDX_RHI.IQ,target_six_wing,target,six_wing_source_label,.iq,294678464,ca33884aca547e2e3de1e650dabe566b1a65bfcccd7203370dc066ae01426b9f,RSTM,18,1,10,ST001,成都远望,46.862552642822266,83.09510040283203,RHI,RHI,俯仰扫描,2,2,1000,2025-04-25T11:29:57+00:00,2025-04-25T11:29:57.686000+00:00,-0.686,544,source_directory_only_unverified,unverified,unverified
target_six_wing/ST001_20250425_113008_751_01_CDX_RHI.IQ,target_six_wing,target,six_wing_source_label,.iq,307673888,2f18589e430cb9fae55c123519d7c52bb2bb165141c96a01d234bbdc6f0f6d49,RSTM,18,1,10,ST001,成都远望,46.862552642822266,83.09510040283203,RHI,RHI,俯仰扫描,2,2,1000,2025-04-25T11:30:08+00:00,2025-04-25T11:30:08.751000+00:00,-0.751,544,source_directory_only_unverified,unverified,unverified
target_six_wing/ST001_20250425_113019_206_01_CDX_RHI.IQ,target_six_wing,target,six_wing_source_label,.iq,297728576,46ed787130dac083c9084fa16318421f5897527273b5289bd8d2d5a6d46db86c,RSTM,18,1,10,ST001,成都远望,46.862552642822266,83.09510040283203,RHI,RHI,俯仰扫描,2,2,1000,2025-04-25T11:30:19+00:00,2025-04-25T11:30:19.206000+00:00,-0.206,544,source_directory_only_unverified,unverified,unverified
target_six_wing/ST001_20250425_113031_690_01_CDX_RHI.IQ,target_six_wing,target,six_wing_source_label,.iq,209453792,3de263f1741a5021355993e42ef2a93819df8c919bce4fa12ec5d5f107ba856d,RSTM,18,1,10,ST001,成都远望,46.862552642822266,83.09510040283203,RHI,RHI,俯仰扫描,2,2,1000,2025-04-25T11:30:31+00:00,2025-04-25T11:30:31.690000+00:00,-0.690,544,source_directory_only_unverified,unverified,unverified
target_six_wing/ST001_20250425_113039_119_01_CDX_RHI.IQ,target_six_wing,target,six_wing_source_label,.iq,297842144,fb64dcd063e05f95cde4cf3b29d79471f950dd600f4ef6f3d9bffe8f6bfa2bee,RSTM,18,1,10,ST001,成都远望,46.862552642822266,83.09510040283203,RHI,RHI,俯仰扫描,2,2,1000,2025-04-25T11:30:39+00:00,2025-04-25T11:30:39.119000+00:00,-0.119,544,source_directory_only_unverified,unverified,unverified
target_six_wing/ST001_20250425_113050_793_01_CDX_RHI.IQ,target_six_wing,target,six_wing_source_label,.iq,194835968,2a55b0676c9a02912aa35d5b8a2dddca0bbcdcb6eadc53764ed29eca0a6d6dfb,RSTM,18,1,10,ST001,成都远望,46.862552642822266,83.09510040283203,RHI,RHI,俯仰扫描,2,2,1000,2025-04-25T11:30:50+00:00,2025-04-25T11:30:50.793000+00:00,-0.793,544,source_directory_only_unverified,unverified,unverified
target_six_wing/ST001_20250425_113057_618_01_CDX_RHI.IQ,target_six_wing,target,six_wing_source_label,.iq,301086944,33b25e27161abbfd223759ac560224dd78c4359e23f1473b362b67f6364f5829,RSTM,18,1,10,ST001,成都远望,46.862552642822266,83.09510040283203,RHI,RHI,俯仰扫描,2,2,1000,2025-04-25T11:30:57+00:00,2025-04-25T11:30:57.618000+00:00,-0.618,544,source_directory_only_unverified,unverified,unverified
target_six_wing/ST001_20250425_113109_296_01_CDX_RHI.IQ,target_six_wing,target,six_wing_source_label,.iq,224477216,2d23865f826c4e05fe3d1f96f1f9cc0b1be99dccaa0486e7e0fbe09a5615db69,RSTM,18,1,10,ST001,成都远望,46.862552642822266,83.09510040283203,RHI,RHI,俯仰扫描,2,2,1000,2025-04-25T11:31:09+00:00,2025-04-25T11:31:09.296000+00:00,-0.296,544,source_directory_only_unverified,unverified,unverified
target_six_wing/ST001_20250425_113117_136_01_CDX_RHI.IQ,target_six_wing,target,six_wing_source_label,.iq,286355552,0d00fe4a970df7d5700dffa802b0bc20f135266b3091f517f8e2f3b9b8cc7f66,RSTM,18,1,10,ST001,成都远望,46.862552642822266,83.09510040283203,RHI,RHI,俯仰扫描,2,2,1000,2025-04-25T11:31:17+00:00,2025-04-25T11:31:17.136000+00:00,-0.136,544,source_directory_only_unverified,unverified,unverified
target_six_wing/ST001_20250425_113127_797_01_CDX_RHI.IQ,target_six_wing,target,six_wing_source_label,.iq,305662112,cb4e48d400d2109c3f87c40feaec508c923fc5a04757bb09e27110f4d40ec65c,RSTM,18,1,10,ST001,成都远望,46.862552642822266,83.09510040283203,RHI,RHI,俯仰扫描,2,2,1000,2025-04-25T11:31:27+00:00,2025-04-25T11:31:27.797000+00:00,-0.797,544,source_directory_only_unverified,unverified,unverified
target_six_wing/ST001_20250425_113138_091_01_CDX_RHI.IQ,target_six_wing,target,six_wing_source_label,.iq,300973376,3d7abe829689201bdb7fbd536f6bcb63d378c8bb941d9b4beeb9ab599af683cc,RSTM,18,1,10,ST001,成都远望,46.862552642822266,83.09510040283203,RHI,RHI,俯仰扫描,2,2,1000,2025-04-25T11:31:38+00:00,2025-04-25T11:31:38.091000+00:00,-0.091,544,source_directory_only_unverified,unverified,unverified
target_six_wing/ST001_20250425_113150_725_01_CDX_RHI.IQ,target_six_wing,target,six_wing_source_label,.iq,206695712,5033570b501c0334bb238142bc1a5f1bb28adc37da3da6613734e33938283a1f,RSTM,18,1,10,ST001,成都远望,46.862552642822266,83.09510040283203,RHI,RHI,俯仰扫描,2,2,1000,2025-04-25T11:31:50+00:00,2025-04-25T11:31:50.725000+00:00,-0.725,544,source_directory_only_unverified,unverified,unverified
target_six_wing/ST001_20250425_113157_966_01_CDX_RHI.IQ,target_six_wing,target,six_wing_source_label,.iq,301216736,2fdd5c05b93a1a9b6ba1efc730fa6e00d5cee88e2d0aa48166ae2371b7ef963a,RSTM,18,1,10,ST001,成都远望,46.862552642822266,83.09510040283203,RHI,RHI,俯仰扫描,2,2,1000,2025-04-25T11:31:57+00:00,2025-04-25T11:31:57.966000+00:00,-0.966,544,source_directory_only_unverified,unverified,unverified
target_six_wing/ST001_20250425_113209_036_01_CDX_RHI.IQ,target_six_wing,target,six_wing_source_label,.iq,294435104,103ca8bc78429793ef45f1c49095321874ee7e4c18976e3993bd77dff1dc8132,RSTM,18,1,10,ST001,成都远望,46.862552642822266,83.09510040283203,RHI,RHI,俯仰扫描,2,2,1000,2025-04-25T11:32:09+00:00,2025-04-25T11:32:09.036000+00:00,-0.036,544,source_directory_only_unverified,unverified,unverified
target_six_wing/ST001_20250425_113219_128_01_CDX_RHI.IQ,target_six_wing,target,six_wing_source_label,.iq,294662240,310fc70e97e431e89bc6ed27d11cf6aaef26968055d9401d29532a17b6bc4f4c,RSTM,18,1,10,ST001,成都远望,46.862552642822266,83.09510040283203,RHI,RHI,俯仰扫描,2,2,1000,2025-04-25T11:32:19+00:00,2025-04-25T11:32:19.128000+00:00,-0.128,544,source_directory_only_unverified,unverified,unverified
target_six_wing/ST001_20250425_113231_761_01_CDX_RHI.IQ,target_six_wing,target,six_wing_source_label,.iq,200043872,8aff9ffb020290e2bb550b18a0ef6562d2969b0fc257131edc89b0fb113d36d0,RSTM,18,1,10,ST001,成都远望,46.862552642822266,83.09510040283203,RHI,RHI,俯仰扫描,2,2,1000,2025-04-25T11:32:31+00:00,2025-04-25T11:32:31.761000+00:00,-0.761,544,source_directory_only_unverified,unverified,unverified
target_six_wing/ST001_20250425_113238_798_01_CDX_RHI.IQ,target_six_wing,target,six_wing_source_label,.iq,300859808,6533251229718f86b0355108b66a58f6edbd68501f6b99d1df59514551e50e85,RSTM,18,1,10,ST001,成都远望,46.862552642822266,83.09510040283203,RHI,RHI,俯仰扫描,2,2,1000,2025-04-25T11:32:38+00:00,2025-04-25T11:32:38.798000+00:00,-0.798,544,source_directory_only_unverified,unverified,unverified
target_six_wing/ST001_20250425_113250_059_01_CDX_RHI.IQ,target_six_wing,target,six_wing_source_label,.iq,305921696,7aafb1d3f8e6034dfcf0334afffb0542d307741c909bf87cd8aaebf1b64dcd9b,RSTM,18,1,10,ST001,成都远望,46.862552642822266,83.09510040283203,RHI,RHI,俯仰扫描,2,2,1000,2025-04-25T11:32:50+00:00,2025-04-25T11:32:50.059000+00:00,-0.059,544,source_directory_only_unverified,unverified,unverified
target_six_wing/ST001_20250425_113300_355_01_CDX_RHI.IQ,target_six_wing,target,six_wing_source_label,.iq,299626784,4f2b8e3cd18d77873bd67b3481adeb68f2ceedf9c1e91c029424c90d8ed59c60,RSTM,18,1,10,ST001,成都远望,46.862552642822266,83.09510040283203,RHI,RHI,俯仰扫描,2,2,1000,2025-04-25T11:33:00+00:00,2025-04-25T11:33:00.355000+00:00,-0.355,544,source_directory_only_unverified,unverified,unverified
target_six_wing/ST001_20250425_113313_247_01_CDX_RHI.IQ,target_six_wing,target,six_wing_source_label,.iq,189076448,3081dd954177322d46d637b3c38051b416fb5dafae9e38e6faff793d5b2c2f86,RSTM,18,1,10,ST001,成都远望,46.862552642822266,83.09510040283203,RHI,RHI,俯仰扫描,2,2,1000,2025-04-25T11:33:13+00:00,2025-04-25T11:33:13.247000+00:00,-0.247,544,source_directory_only_unverified,unverified,unverified
target_six_wing/ST001_20250425_113319_843_01_CDX_RHI.IQ,target_six_wing,target,six_wing_source_label,.iq,302774240,faaa162a0e3dd166ee19b9b9b59ffc52eb89245440937c7549abd8e07046d165,RSTM,18,1,10,ST001,成都远望,46.862552642822266,83.09510040283203,RHI,RHI,俯仰扫描,2,2,1000,2025-04-25T11:33:19+00:00,2025-04-25T11:33:19.843000+00:00,-0.843,544,source_directory_only_unverified,unverified,unverified
target_six_wing/ST001_20250425_113331_110_01_CDX_RHI.IQ,target_six_wing,target,six_wing_source_label,.iq,304266848,2a6dfb31499956951e1659217fe05c66f0c23455313cb7fd2e40dbd9acb6125e,RSTM,18,1,10,ST001,成都远望,46.862552642822266,83.09510040283203,RHI,RHI,俯仰扫描,2,2,1000,2025-04-25T11:33:31+00:00,2025-04-25T11:33:31.110000+00:00,-0.110,544,source_directory_only_unverified,unverified,unverified
target_six_wing/ST001_20250425_113341_359_01_CDX_RHI.IQ,target_six_wing,target,six_wing_source_label,.iq,302806688,ce4873e207e1e73c2580a606644b3eccd3ca76b5f3358c1885d57d7063f1f937,RSTM,18,1,10,ST001,成都远望,46.862552642822266,83.09510040283203,RHI,RHI,俯仰扫描,2,2,1000,2025-04-25T11:33:41+00:00,2025-04-25T11:33:41.359000+00:00,-0.359,544,source_directory_only_unverified,unverified,unverified
target_six_wing/ST001_20250425_113354_257_01_CDX_RHI.IQ,target_six_wing,target,six_wing_source_label,.iq,199978976,9caf6fd6eea58820c46e3472c7cc79aa1c964a4f83fc1dfa168f73dda2f47c84,RSTM,18,1,10,ST001,成都远望,46.862552642822266,83.09510040283203,RHI,RHI,俯仰扫描,2,2,1000,2025-04-25T11:33:54+00:00,2025-04-25T11:33:54.257000+00:00,-0.257,544,source_directory_only_unverified,unverified,unverified
target_six_wing/ST001_20250425_113401_345_01_CDX_RHI.IQ,target_six_wing,target,six_wing_source_label,.iq,301249184,5306f78b9d1a27fd5b189dc9b8500b4dccf9c056f104b053274f0da13fdabd2d,RSTM,18,1,10,ST001,成都远望,46.862552642822266,83.09510040283203,RHI,RHI,俯仰扫描,2,2,1000,2025-04-25T11:34:01+00:00,2025-04-25T11:34:01.345000+00:00,-0.345,544,source_directory_only_unverified,unverified,unverified
target_six_wing/ST001_20250425_113412_977_01_CDX_RHI.IQ,target_six_wing,target,six_wing_source_label,.iq,304331744,941935045bc85c0f0b359883e8340130e0f5e2ca0318d8c2b711d3d0b2ba307a,RSTM,18,1,10,ST001,成都远望,46.862552642822266,83.09510040283203,RHI,RHI,俯仰扫描,2,2,1000,2025-04-25T11:34:12+00:00,2025-04-25T11:34:12.977000+00:00,-0.977,544,source_directory_only_unverified,unverified,unverified
target_six_wing/ST001_20250425_113423_279_01_CDX_RHI.IQ,target_six_wing,target,six_wing_source_label,.iq,299496992,56dc412c3dfc5737861c2690885ec7a3990a9fe52a5e0f96e68a544b02b8e85b,RSTM,18,1,10,ST001,成都远望,46.862552642822266,83.09510040283203,RHI,RHI,俯仰扫描,2,2,1000,2025-04-25T11:34:23+00:00,2025-04-25T11:34:23.279000+00:00,-0.279,544,source_directory_only_unverified,unverified,unverified
target_six_wing/ST001_20250425_113435_915_01_CDX_RHI.IQ,target_six_wing,target,six_wing_source_label,.iq,209891840,e9fb23bbd675486455d563ea66cdd5bee98abee1fb22790b3ce2516c3c1f4f22,RSTM,18,1,10,ST001,成都远望,46.862552642822266,83.09510040283203,RHI,RHI,俯仰扫描,2,2,1000,2025-04-25T11:34:35+00:00,2025-04-25T11:34:35.915000+00:00,-0.915,544,source_directory_only_unverified,unverified,unverified
target_six_wing/ST001_20250425_113443_154_01_CDX_RHI.IQ,target_six_wing,target,six_wing_source_label,.iq,300989600,c5f12db9c3436d7a5ddffa8583ebd12635ee6a737e944c5af521125665237aeb,RSTM,18,1,10,ST001,成都远望,46.862552642822266,83.09510040283203,RHI,RHI,俯仰扫描,2,2,1000,2025-04-25T11:34:43+00:00,2025-04-25T11:34:43.154000+00:00,-0.154,544,source_directory_only_unverified,unverified,unverified
target_six_wing/ST001_20250425_113454_623_01_CDX_RHI.IQ,target_six_wing,target,six_wing_source_label,.iq,306019040,25c6d34281b91d8a7dd849eca9e54b389aa17215a4dd9d9e00da6cedb51e3acd,RSTM,18,1,10,ST001,成都远望,46.862552642822266,83.09510040283203,RHI,RHI,俯仰扫描,2,2,1000,2025-04-25T11:34:54+00:00,2025-04-25T11:34:54.623000+00:00,-0.623,544,source_directory_only_unverified,unverified,unverified
target_six_wing/ST001_20250425_113504_879_01_CDX_RHI.IQ,target_six_wing,target,six_wing_source_label,.iq,301135616,3a13b84f720c9e528a2be6c1b8d8efe6ebe4da863f89308ac66c3daf3ee62ab2,RSTM,18,1,10,ST001,成都远望,46.862552642822266,83.09510040283203,RHI,RHI,俯仰扫描,2,2,1000,2025-04-25T11:35:04+00:00,2025-04-25T11:35:04.879000+00:00,-0.879,544,source_directory_only_unverified,unverified,unverified
target_six_wing/ST001_20250425_113517_770_01_CDX_RHI.IQ,target_six_wing,target,six_wing_source_label,.iq,203142656,82c14cf46e991fc4536297952ec04d4139a9a950d56938eddec4ebeff8f21f14,RSTM,18,1,10,ST001,成都远望,46.862552642822266,83.09510040283203,RHI,RHI,俯仰扫描,2,2,1000,2025-04-25T11:35:17+00:00,2025-04-25T11:35:17.770000+00:00,-0.770,544,source_directory_only_unverified,unverified,unverified
target_six_wing/ST001_20250425_113525_003_01_CDX_RHI.IQ,target_six_wing,target,six_wing_source_label,.iq,298004384,696ae81ddc8f585e279fc985ed315b6dc9eb3511413e1676a553576f5e7cdafd,RSTM,18,1,10,ST001,成都远望,46.862552642822266,83.09510040283203,RHI,RHI,俯仰扫描,2,2,1000,2025-04-25T11:35:25+00:00,2025-04-25T11:35:25.003000+00:00,-0.003,544,source_directory_only_unverified,unverified,unverified
target_six_wing/ST001_20250425_113536_076_01_CDX_RHI.IQ,target_six_wing,target,six_wing_source_label,.iq,301103168,a41b65a8de8006fb33363a235b7e3f412e64cfd1e4ed00e511f08ef488c2377c,RSTM,18,1,10,ST001,成都远望,46.862552642822266,83.09510040283203,RHI,RHI,俯仰扫描,2,2,1000,2025-04-25T11:35:36+00:00,2025-04-25T11:35:36.076000+00:00,-0.076,544,source_directory_only_unverified,unverified,unverified
target_six_wing/ST001_20250425_113546_330_01_CDX_RHI.IQ,target_six_wing,target,six_wing_source_label,.iq,307690112,e59a89d5a107b4621d38112900249ea391c11e3596bd822a2b2074284d662452,RSTM,18,1,10,ST001,成都远望,46.862552642822266,83.09510040283203,RHI,RHI,俯仰扫描,2,2,1000,2025-04-25T11:35:46+00:00,2025-04-25T11:35:46.330000+00:00,-0.330,544,source_directory_only_unverified,unverified,unverified
target_six_wing/ST001_20250425_113559_210_01_CDX_RHI.IQ,target_six_wing,target,six_wing_source_label,.iq,198470144,3accb6be25dacefde2b03068bfef0d49ce19700829757a2007aa330644d9939b,RSTM,18,1,10,ST001,成都远望,46.862552642822266,83.09510040283203,RHI,RHI,俯仰扫描,2,2,1000,2025-04-25T11:35:59+00:00,2025-04-25T11:35:59.210000+00:00,-0.210,544,source_directory_only_unverified,unverified,unverified
target_six_wing/ST001_20250425_113606_251_01_CDX_RHI.IQ,target_six_wing,target,six_wing_source_label,.iq,299432096,f6d1df43c166bc4bcaa51140aac5ce8258fa5e9cf7380bb65b79cafab6ba5cb0,RSTM,18,1,10,ST001,成都远望,46.862552642822266,83.09510040283203,RHI,RHI,俯仰扫描,2,2,1000,2025-04-25T11:36:06+00:00,2025-04-25T11:36:06.251000+00:00,-0.251,544,source_directory_only_unverified,unverified,unverified
target_six_wing/ST001_20250425_113617_720_01_CDX_RHI.IQ,target_six_wing,target,six_wing_source_label,.iq,306083936,bab6f84e1d9181a5ea0c5621e9afa53e74b3b93b015f92f2fd90ff9a695086cd,RSTM,18,1,10,ST001,成都远望,46.862552642822266,83.09510040283203,RHI,RHI,俯仰扫描,2,2,1000,2025-04-25T11:36:17+00:00,2025-04-25T11:36:17.720000+00:00,-0.720,544,source_directory_only_unverified,unverified,unverified
target_six_wing/ST001_20250425_113627_976_01_CDX_RHI.IQ,target_six_wing,target,six_wing_source_label,.iq,302676896,d5144fd5f8b85fe545ff3286cf8a186a0b320aba4f5ef9f5f87e3abe5220846d,RSTM,18,1,10,ST001,成都远望,46.862552642822266,83.09510040283203,RHI,RHI,俯仰扫描,2,2,1000,2025-04-25T11:36:27+00:00,2025-04-25T11:36:27.976000+00:00,-0.976,544,source_directory_only_unverified,unverified,unverified
target_six_wing/ST001_20250425_113640_655_01_CDX_RHI.IQ,target_six_wing,target,six_wing_source_label,.iq,206598368,90dc164027c478d7aff3270c369d6435a6b845cf1111c481e252de94d0d08b34,RSTM,18,1,10,ST001,成都远望,46.862552642822266,83.09510040283203,RHI,RHI,俯仰扫描,2,2,1000,2025-04-25T11:36:40+00:00,2025-04-25T11:36:40.655000+00:00,-0.655,544,source_directory_only_unverified,unverified,unverified
target_six_wing/ST001_20250425_113647_898_01_CDX_RHI.IQ,target_six_wing,target,six_wing_source_label,.iq,299496992,dbada7d181d663f3fa10709c1c4966f1048da898bbd0d7aa938ca3cde4650f36,RSTM,18,1,10,ST001,成都远望,46.862552642822266,83.09510040283203,RHI,RHI,俯仰扫描,2,2,1000,2025-04-25T11:36:47+00:00,2025-04-25T11:36:47.898000+00:00,-0.898,544,source_directory_only_unverified,unverified,unverified
target_six_wing/ST001_20250425_113658_965_01_CDX_RHI.IQ,target_six_wing,target,six_wing_source_label,.iq,302644448,93979338943131efeed8eb411eefb85e2ff75a3bb1f64b1ecd137e82a9b14889,RSTM,18,1,10,ST001,成都远望,46.862552642822266,83.09510040283203,RHI,RHI,俯仰扫描,2,2,1000,2025-04-25T11:36:58+00:00,2025-04-25T11:36:58.965000+00:00,-0.965,544,source_directory_only_unverified,unverified,unverified
target_six_wing/ST001_20250425_113709_218_01_CDX_RHI.IQ,target_six_wing,target,six_wing_source_label,.iq,299399648,17b15e5482aab50d49f6a2865fb2331c10ced7da39b56024283d453252db8c91,RSTM,18,1,10,ST001,成都远望,46.862552642822266,83.09510040283203,RHI,RHI,俯仰扫描,2,2,1000,2025-04-25T11:37:09+00:00,2025-04-25T11:37:09.218000+00:00,-0.218,544,source_directory_only_unverified,unverified,unverified
target_six_wing/ST001_20250425_113721_894_01_CDX_RHI.IQ,target_six_wing,target,six_wing_source_label,.iq,205105760,7e748122f13401d4e5c319e923772a20375a57f399894cd15b77b75859ce5b63,RSTM,18,1,10,ST001,成都远望,46.862552642822266,83.09510040283203,RHI,RHI,俯仰扫描,2,2,1000,2025-04-25T11:37:21+00:00,2025-04-25T11:37:21.894000+00:00,-0.894,544,source_directory_only_unverified,unverified,unverified
target_six_wing/ST001_20250425_113729_142_01_CDX_RHI.IQ,target_six_wing,target,six_wing_source_label,.iq,299496992,c364bb9afd9f04a21a9a47986b8137d3d27184dee13fbe24dfa2575b1412a9c7,RSTM,18,1,10,ST001,成都远望,46.862552642822266,83.09510040283203,RHI,RHI,俯仰扫描,2,2,1000,2025-04-25T11:37:29+00:00,2025-04-25T11:37:29.142000+00:00,-0.142,544,source_directory_only_unverified,unverified,unverified
target_six_wing/ST001_20250425_113740_203_01_CDX_RHI.IQ,target_six_wing,target,six_wing_source_label,.iq,304656224,6f711b21d92b9ff684634c9d6ad95328f43992dc1136005dc884c19ecfaa7e50,RSTM,18,1,10,ST001,成都远望,46.862552642822266,83.09510040283203,RHI,RHI,俯仰扫描,2,2,1000,2025-04-25T11:37:40+00:00,2025-04-25T11:37:40.203000+00:00,-0.203,544,source_directory_only_unverified,unverified,unverified
target_six_wing/ST001_20250425_113750_464_01_CDX_RHI.IQ,target_six_wing,target,six_wing_source_label,.iq,301168064,030b9d6883bfe0d5ea32ffd7f319a664e2a102ef27a870582407a7dbcc7a64cc,RSTM,18,1,10,ST001,成都远望,46.862552642822266,83.09510040283203,RHI,RHI,俯仰扫描,2,2,1000,2025-04-25T11:37:50+00:00,2025-04-25T11:37:50.464000+00:00,-0.464,544,source_directory_only_unverified,unverified,unverified
target_six_wing/ST001_20250425_113803_143_01_CDX_RHI.IQ,target_six_wing,target,six_wing_source_label,.iq,211676480,f940fa482be85358c2e834f557ad4dc68cd92b81eff7c5aa4d915d4ba8bf3be2,RSTM,18,1,10,ST001,成都远望,46.862552642822266,83.09510040283203,RHI,RHI,俯仰扫描,2,2,1000,2025-04-25T11:38:03+00:00,2025-04-25T11:38:03.143000+00:00,-0.143,544,source_directory_only_unverified,unverified,unverified
target_six_wing/ST001_20250425_113810_591_01_CDX_RHI.IQ,target_six_wing,target,six_wing_source_label,.iq,294629792,4ecf0e5c52ef4a7f15729cb5251ec8b8a0804bfe2cbc8b2db646312040854325,RSTM,18,1,10,ST001,成都远望,46.862552642822266,83.09510040283203,RHI,RHI,俯仰扫描,2,2,1000,2025-04-25T11:38:10+00:00,2025-04-25T11:38:10.591000+00:00,-0.591,544,source_directory_only_unverified,unverified,unverified
target_six_wing/ST001_20250425_113821_456_01_CDX_RHI.IQ,target_six_wing,target,six_wing_source_label,.iq,302612000,599978c8055166bc79286b549e3f013a57e1d2295f24a75cd08c6bb488cc7146,RSTM,18,1,10,ST001,成都远望,46.862552642822266,83.09510040283203,RHI,RHI,俯仰扫描,2,2,1000,2025-04-25T11:38:21+00:00,2025-04-25T11:38:21.456000+00:00,-0.456,544,source_directory_only_unverified,unverified,unverified
target_six_wing/ST001_20250425_113831_707_01_CDX_RHI.IQ,target_six_wing,target,six_wing_source_label,.iq,302579552,b421be3a36ba0a493b3fca34898dffdbc5e20d8d0cc579b12dcc31c1ad6fdd43,RSTM,18,1,10,ST001,成都远望,46.862552642822266,83.09510040283203,RHI,RHI,俯仰扫描,2,2,1000,2025-04-25T11:38:31+00:00,2025-04-25T11:38:31.707000+00:00,-0.707,544,source_directory_only_unverified,unverified,unverified
target_six_wing/ST001_20250425_113844_384_01_CDX_RHI.IQ,target_six_wing,target,six_wing_source_label,.iq,201422912,ac869165b17df79d844276455c645f60ee6ef325334455b676f1e82392b90b2a,RSTM,18,1,10,ST001,成都远望,46.862552642822266,83.09510040283203,RHI,RHI,俯仰扫描,2,2,1000,2025-04-25T11:38:44+00:00,2025-04-25T11:38:44.384000+00:00,-0.384,544,source_directory_only_unverified,unverified,unverified
target_six_wing/ST001_20250425_113851_413_01_CDX_RHI.IQ,target_six_wing,target,six_wing_source_label,.iq,302790464,bac354b2fef457d6c7b5ad629587dcb722342aa9589d8df25aaa49e5a7606897,RSTM,18,1,10,ST001,成都远望,46.862552642822266,83.09510040283203,RHI,RHI,俯仰扫描,2,2,1000,2025-04-25T11:38:51+00:00,2025-04-25T11:38:51.413000+00:00,-0.413,544,source_directory_only_unverified,unverified,unverified
target_six_wing/ST001_20250425_113902_684_01_CDX_RHI.IQ,target_six_wing,target,six_wing_source_label,.iq,306116384,8e155667366761444e035b077035459d61eaaddb858b89ce2fed78abc34a7fb5,RSTM,18,1,10,ST001,成都远望,46.862552642822266,83.09510040283203,RHI,RHI,俯仰扫描,2,2,1000,2025-04-25T11:39:02+00:00,2025-04-25T11:39:02.684000+00:00,-0.684,544,source_directory_only_unverified,unverified,unverified
target_six_wing/ST001_20250425_113912_943_01_CDX_RHI.IQ,target_six_wing,target,six_wing_source_label,.iq,301022048,78783b6073de4529850640d7a939e3efcab978d7e03e19a1679a796901951ae8,RSTM,18,1,10,ST001,成都远望,46.862552642822266,83.09510040283203,RHI,RHI,俯仰扫描,2,2,1000,2025-04-25T11:39:12+00:00,2025-04-25T11:39:12.943000+00:00,-0.943,544,source_directory_only_unverified,unverified,unverified
target_six_wing/ST001_20250425_113925_627_01_CDX_RHI.IQ,target_six_wing,target,six_wing_source_label,.iq,203061536,2bfa26e2cfd2ae9ed2ce888fdee36b59a2b35835215946b96b3ed8883bd72041,RSTM,18,1,10,ST001,成都远望,46.862552642822266,83.09510040283203,RHI,RHI,俯仰扫描,2,2,1000,2025-04-25T11:39:25+00:00,2025-04-25T11:39:25.627000+00:00,-0.627,544,source_directory_only_unverified,unverified,unverified
target_six_wing/ST001_20250425_113932_858_01_CDX_RHI.IQ,target_six_wing,target,six_wing_source_label,.iq,299561888,adf0279df4e4ad3dd73bd8490c88a429cc10bdc48402d024158d5223b4b74498,RSTM,18,1,10,ST001,成都远望,46.862552642822266,83.09510040283203,RHI,RHI,俯仰扫描,2,2,1000,2025-04-25T11:39:32+00:00,2025-04-25T11:39:32.858000+00:00,-0.858,544,source_directory_only_unverified,unverified,unverified
target_six_wing/ST001_20250425_113944_538_01_CDX_RHI.IQ,target_six_wing,target,six_wing_source_label,.iq,304201952,abd86272de87d71622eea9c06f212fd3dad3e3a1780d0ab1ab2e39c652fee8fb,RSTM,18,1,10,ST001,成都远望,46.862552642822266,83.09510040283203,RHI,RHI,俯仰扫描,2,2,1000,2025-04-25T11:39:44+00:00,2025-04-25T11:39:44.538000+00:00,-0.538,544,source_directory_only_unverified,unverified,unverified
target_six_wing/ST001_20250425_113954_782_01_CDX_RHI.IQ,target_six_wing,target,six_wing_source_label,.iq,299561888,2a061c9892b9e5b20c919a08a0ef2c6e92f3bd320b76aaf081017e6946cb034a,RSTM,18,1,10,ST001,成都远望,46.862552642822266,83.09510040283203,RHI,RHI,俯仰扫描,2,2,1000,2025-04-25T11:39:54+00:00,2025-04-25T11:39:54.782000+00:00,-0.782,544,source_directory_only_unverified,unverified,unverified
target_six_wing/ST001_20250425_114007_471_01_CDX_RHI.IQ,target_six_wing,target,six_wing_source_label,.iq,204975968,d7d586a39c034de469122e38af88a2b9fd47485ad87796d03f8e0f3ff5e004b7,RSTM,18,1,10,ST001,成都远望,46.862552642822266,83.09510040283203,RHI,RHI,俯仰扫描,2,2,1000,2025-04-25T11:40:07+00:00,2025-04-25T11:40:07.471000+00:00,-0.471,544,source_directory_only_unverified,unverified,unverified
target_six_wing/ST001_20250425_114014_712_01_CDX_RHI.IQ,target_six_wing,target,six_wing_source_label,.iq,297777248,29b18d9e45749fd4b7d2d0a9f63b2242371b4dbf2164c175ddfdb9f1b742557c,RSTM,18,1,10,ST001,成都远望,46.862552642822266,83.09510040283203,RHI,RHI,俯仰扫描,2,2,1000,2025-04-25T11:40:14+00:00,2025-04-25T11:40:14.712000+00:00,-0.712,544,source_directory_only_unverified,unverified,unverified
target_six_wing/ST001_20250425_114026_386_01_CDX_RHI.IQ,target_six_wing,target,six_wing_source_label,.iq,193456928,ebd508b2be8bfd86b16126c2dff554c10e8786e5c5a218b68dd50d8fc17c1044,RSTM,18,1,10,ST001,成都远望,46.862552642822266,83.09510040283203,RHI,RHI,俯仰扫描,2,2,1000,2025-04-25T11:40:26+00:00,2025-04-25T11:40:26.386000+00:00,-0.386,544,source_directory_only_unverified,unverified,unverified
target_six_wing/ST001_20250425_114033_220_01_CDX_RHI.IQ,target_six_wing,target,six_wing_source_label,.iq,302806688,4ed9a081c9a914911b999610ad70b55f133703af7984cc3977724c4e1e381c7b,RSTM,18,1,10,ST001,成都远望,46.862552642822266,83.09510040283203,RHI,RHI,俯仰扫描,2,2,1000,2025-04-25T11:40:33+00:00,2025-04-25T11:40:33.220000+00:00,-0.220,544,source_directory_only_unverified,unverified,unverified
target_six_wing/ST001_20250425_114045_104_01_CDX_RHI.IQ,target_six_wing,target,six_wing_source_label,.iq,196555712,795c6ea2b8c2c965b3abcaeb031131de14526cd6e5b59e141a55ad89424072d5,RSTM,18,1,10,ST001,成都远望,46.862552642822266,83.09510040283203,RHI,RHI,俯仰扫描,2,2,1000,2025-04-25T11:40:45+00:00,2025-04-25T11:40:45.104000+00:00,-0.104,544,source_directory_only_unverified,unverified,unverified
target_six_wing/ST001_20250425_114052_134_01_CDX_RHI.IQ,target_six_wing,target,six_wing_source_label,.iq,296219744,cbc54e66906be1f23f6a4505d6900bc8a52e13cbc523b4f99caf2f5beab04843,RSTM,18,1,10,ST001,成都远望,46.862552642822266,83.09510040283203,RHI,RHI,俯仰扫描,2,2,1000,2025-04-25T11:40:52+00:00,2025-04-25T11:40:52.134000+00:00,-0.134,544,source_directory_only_unverified,unverified,unverified
target_six_wing/ST001_20250425_114104_419_01_CDX_RHI.IQ,target_six_wing,target,six_wing_source_label,.iq,304331744,3475865b9b610b280c3ad18b7dc6cd656daf8c9a4398b2535831048396b82b0f,RSTM,18,1,10,ST001,成都远望,46.862552642822266,83.09510040283203,RHI,RHI,俯仰扫描,2,2,1000,2025-04-25T11:41:04+00:00,2025-04-25T11:41:04.419000+00:00,-0.419,544,source_directory_only_unverified,unverified,unverified
target_six_wing/ST001_20250425_114114_672_01_CDX_RHI.IQ,target_six_wing,target,six_wing_source_label,.iq,301135616,432d7194ed1c716b51cd9c65fd4ea72fd42c163948af7dec36897625918e7338,RSTM,18,1,10,ST001,成都远望,46.862552642822266,83.09510040283203,RHI,RHI,俯仰扫描,2,2,1000,2025-04-25T11:41:14+00:00,2025-04-25T11:41:14.672000+00:00,-0.672,544,source_directory_only_unverified,unverified,unverified
target_six_wing/ST001_20250425_114127_558_01_CDX_RHI.IQ,target_six_wing,target,six_wing_source_label,.iq,203369792,4387553dba53a38022157568dfa437cbc390b7e07103cd0af3c5a340aaf69e6c,RSTM,18,1,10,ST001,成都远望,46.862552642822266,83.09510040283203,RHI,RHI,俯仰扫描,2,2,1000,2025-04-25T11:41:27+00:00,2025-04-25T11:41:27.558000+00:00,-0.558,544,source_directory_only_unverified,unverified,unverified
target_six_wing/ST001_20250425_114134_801_01_CDX_RHI.IQ,target_six_wing,target,six_wing_source_label,.iq,43871648,ff9a8223f949d104b6d47e66121839addc6b46746dc215464191726af82b9d36,RSTM,18,1,10,ST001,成都远望,46.862552642822266,83.09510040283203,RHI,RHI,俯仰扫描,2,2,1000,2025-04-25T11:41:34+00:00,2025-04-25T11:41:34.801000+00:00,-0.801,544,source_directory_only_unverified,unverified,unverified
target_small_satellite/ST001_20250425_125633_331_01_CDX_RHI.IQ,target_small_satellite,target,small_satellite_source_label,.iq,299448320,f2b6fdc1b42c524211fc0c18d0010ba34ab58bab809b1fbbac67efaa017eee18,RSTM,18,1,10,ST001,成都远望,46.862552642822266,83.09510040283203,RHI,RHI,俯仰扫描,2,2,1000,2025-04-25T12:56:33+00:00,2025-04-25T12:56:33.331000+00:00,-0.331,544,source_directory_only_unverified,unverified,unverified
target_small_satellite/ST001_20250425_125643_446_01_CDX_RHI.IQ,target_small_satellite,target,small_satellite_source_label,.iq,300340640,d3365c2eca8ebdd32113d874000f989b8e4e857eb1225f7c80f5995a38617703,RSTM,18,1,10,ST001,成都远望,46.862552642822266,83.09510040283203,RHI,RHI,俯仰扫描,2,2,1000,2025-04-25T12:56:43+00:00,2025-04-25T12:56:43.446000+00:00,-0.446,544,source_directory_only_unverified,unverified,unverified
target_small_satellite/ST001_20250425_125653_742_01_CDX_RHI.IQ,target_small_satellite,target,small_satellite_source_label,.iq,292374656,3741d5decd99d095df32bc84b23fd0dff5150736ab6b333ff0fe606548e46871,RSTM,18,1,10,ST001,成都远望,46.862552642822266,83.09510040283203,RHI,RHI,俯仰扫描,2,2,1000,2025-04-25T12:56:53+00:00,2025-04-25T12:56:53.742000+00:00,-0.742,544,source_directory_only_unverified,unverified,unverified
target_small_satellite/ST001_20250425_125703_803_01_CDX_RHI.IQ,target_small_satellite,target,small_satellite_source_label,.iq,295668128,84cde5a1aa842afa5b8c7e3e5acaf7112358d4964ca9bde8cfb872bec80d2573,RSTM,18,1,10,ST001,成都远望,46.862552642822266,83.09510040283203,RHI,RHI,俯仰扫描,2,2,1000,2025-04-25T12:57:03+00:00,2025-04-25T12:57:03.803000+00:00,-0.803,544,source_directory_only_unverified,unverified,unverified
target_small_satellite/ST001_20250425_125713_785_01_CDX_RHI.IQ,target_small_satellite,target,small_satellite_source_label,.iq,295148960,049ca3cf18e3fe555ae3b03280f0075956b4a0e79d42704dfe094d46599d1c39,RSTM,18,1,10,ST001,成都远望,46.862552642822266,83.09510040283203,RHI,RHI,俯仰扫描,2,2,1000,2025-04-25T12:57:13+00:00,2025-04-25T12:57:13.785000+00:00,-0.785,544,source_directory_only_unverified,unverified,unverified
target_small_satellite/ST001_20250425_125723_850_01_CDX_RHI.IQ,target_small_satellite,target,small_satellite_source_label,.iq,297095840,098f4178deba89783bfdd2ee40383ce62c3ba67bacc59106e9452703d937fff4,RSTM,18,1,10,ST001,成都远望,46.862552642822266,83.09510040283203,RHI,RHI,俯仰扫描,2,2,1000,2025-04-25T12:57:23+00:00,2025-04-25T12:57:23.850000+00:00,-0.850,544,source_directory_only_unverified,unverified,unverified
target_small_satellite/ST001_20250425_125733_889_01_CDX_RHI.IQ,target_small_satellite,target,small_satellite_source_label,.iq,296495552,853c21d343ac980d7e4a8ecc1184793ea893c0b1b01bc44928b61d505d47b2f7,RSTM,18,1,10,ST001,成都远望,46.862552642822266,83.09510040283203,RHI,RHI,俯仰扫描,2,2,1000,2025-04-25T12:57:33+00:00,2025-04-25T12:57:33.889000+00:00,-0.889,544,source_directory_only_unverified,unverified,unverified
target_small_satellite/ST001_20250425_125744_091_01_CDX_RHI.IQ,target_small_satellite,target,small_satellite_source_label,.iq,298442432,314cef39304ad631fd4ff6307bc3f8eea0ee6e2b302a68a3bc51478fbd80b0e5,RSTM,18,1,10,ST001,成都远望,46.862552642822266,83.09510040283203,RHI,RHI,俯仰扫描,2,2,1000,2025-04-25T12:57:44+00:00,2025-04-25T12:57:44.091000+00:00,-0.091,544,source_directory_only_unverified,unverified,unverified
target_small_satellite/ST001_20250425_125754_201_01_CDX_RHI.IQ,target_small_satellite,target,small_satellite_source_label,.iq,293331872,6dfb31660b08f59b440842d55903cc46419017da504785ffeb386d64504f41e5,RSTM,18,1,10,ST001,成都远望,46.862552642822266,83.09510040283203,RHI,RHI,俯仰扫描,2,2,1000,2025-04-25T12:57:54+00:00,2025-04-25T12:57:54.201000+00:00,-0.201,544,source_directory_only_unverified,unverified,unverified
target_small_satellite/ST001_20250425_125804_213_01_CDX_RHI.IQ,target_small_satellite,target,small_satellite_source_label,.iq,298556000,bed94364bfc3a43aba8b947604794667843499a5c7f6ed3697dcaa2968b8afbb,RSTM,18,1,10,ST001,成都远望,46.862552642822266,83.09510040283203,RHI,RHI,俯仰扫描,2,2,1000,2025-04-25T12:58:04+00:00,2025-04-25T12:58:04.213000+00:00,-0.213,544,source_directory_only_unverified,unverified,unverified
target_small_satellite/ST001_20250425_125814_293_01_CDX_RHI.IQ,target_small_satellite,target,small_satellite_source_label,.iq,294483776,c7ff10bb43d479e554ddb974557b71aaba420b108060ceee2e3b1b5e106608f9,RSTM,18,1,10,ST001,成都远望,46.862552642822266,83.09510040283203,RHI,RHI,俯仰扫描,2,2,1000,2025-04-25T12:58:14+00:00,2025-04-25T12:58:14.293000+00:00,-0.293,544,source_directory_only_unverified,unverified,unverified
target_small_satellite/ST001_20250425_125824_348_01_CDX_RHI.IQ,target_small_satellite,target,small_satellite_source_label,.iq,298588448,bb4b838bc575afc7ba3d2c7f019484a7ef46b4133be547544637c9e4a8e4b64d,RSTM,18,1,10,ST001,成都远望,46.862552642822266,83.09510040283203,RHI,RHI,俯仰扫描,2,2,1000,2025-04-25T12:58:24+00:00,2025-04-25T12:58:24.348000+00:00,-0.348,544,source_directory_only_unverified,unverified,unverified
target_small_satellite/ST001_20250425_125834_694_01_CDX_RHI.IQ,target_small_satellite,target,small_satellite_source_label,.iq,289081184,11268b81ac21bb4d295d568ea464245f5708bb46979ae2b612f1d07e2117fc3f,RSTM,18,1,10,ST001,成都远望,46.862552642822266,83.09510040283203,RHI,RHI,俯仰扫描,2,2,1000,2025-04-25T12:58:34+00:00,2025-04-25T12:58:34.694000+00:00,-0.694,544,source_directory_only_unverified,unverified,unverified
target_small_satellite/ST001_20250425_125844_702_01_CDX_RHI.IQ,target_small_satellite,target,small_satellite_source_label,.iq,297274304,e6920b7c374ce8ce8d90e8949f7c34e56e1714ee1d2c2b68bbe105dd56c16e6e,RSTM,18,1,10,ST001,成都远望,46.862552642822266,83.09510040283203,RHI,RHI,俯仰扫描,2,2,1000,2025-04-25T12:58:44+00:00,2025-04-25T12:58:44.702000+00:00,-0.702,544,source_directory_only_unverified,unverified,unverified
target_small_satellite/ST001_20250425_125854_859_01_CDX_RHI.IQ,target_small_satellite,target,small_satellite_source_label,.iq,291952832,757a4e3f96185ac63f9fa9fafb11cf074ded810c0cfb147482d7c006472140d0,RSTM,18,1,10,ST001,成都远望,46.862552642822266,83.09510040283203,RHI,RHI,俯仰扫描,2,2,1000,2025-04-25T12:58:54+00:00,2025-04-25T12:58:54.859000+00:00,-0.859,544,source_directory_only_unverified,unverified,unverified
target_small_satellite/ST001_20250425_125904_837_01_CDX_RHI.IQ,target_small_satellite,target,small_satellite_source_label,.iq,296771360,3792511396362b0e8869d793aa3a813c7b1fdea1aedd8f0e9a08dfb4eae5552b,RSTM,18,1,10,ST001,成都远望,46.862552642822266,83.09510040283203,RHI,RHI,俯仰扫描,2,2,1000,2025-04-25T12:59:04+00:00,2025-04-25T12:59:04.837000+00:00,-0.837,544,source_directory_only_unverified,unverified,unverified
target_small_satellite/ST001_20250425_125914_926_01_CDX_RHI.IQ,target_small_satellite,target,small_satellite_source_label,.iq,293412992,fb3cc6f0d6962fb2cebb72d329bbbae968da6b274cf93b2f33ef28d4ee92ce74,RSTM,18,1,10,ST001,成都远望,46.862552642822266,83.09510040283203,RHI,RHI,俯仰扫描,2,2,1000,2025-04-25T12:59:14+00:00,2025-04-25T12:59:14.926000+00:00,-0.926,544,source_directory_only_unverified,unverified,unverified
target_small_satellite/ST001_20250425_125924_867_01_CDX_RHI.IQ,target_small_satellite,target,small_satellite_source_label,.iq,297533888,c78af1d3ef3f1619e211c1b2c120f4e7dcb7eddfeb4cc83ac9589a6aaf3d8841,RSTM,18,1,10,ST001,成都远望,46.862552642822266,83.09510040283203,RHI,RHI,俯仰扫描,2,2,1000,2025-04-25T12:59:24+00:00,2025-04-25T12:59:24.867000+00:00,-0.867,544,source_directory_only_unverified,unverified,unverified
target_small_satellite/ST001_20250425_125935_043_01_CDX_RHI.IQ,target_small_satellite,target,small_satellite_source_label,.iq,293591456,f2837d8ad2b94676230c0d7da5ce379e34cf7f69c16d33c6acfc70f79805bc00,RSTM,18,1,10,ST001,成都远望,46.862552642822266,83.09510040283203,RHI,RHI,俯仰扫描,2,2,1000,2025-04-25T12:59:35+00:00,2025-04-25T12:59:35.043000+00:00,-0.043,544,source_directory_only_unverified,unverified,unverified
target_small_satellite/ST001_20250425_125945_107_01_CDX_RHI.IQ,target_small_satellite,target,small_satellite_source_label,.iq,297485216,f22b5df32965f70a0591d1ad917247f6bca98bf89fd4da863407080d9876696d,RSTM,18,1,10,ST001,成都远望,46.862552642822266,83.09510040283203,RHI,RHI,俯仰扫描,2,2,1000,2025-04-25T12:59:45+00:00,2025-04-25T12:59:45.107000+00:00,-0.107,544,source_directory_only_unverified,unverified,unverified
target_small_satellite/ST001_20250425_125955_148_01_CDX_RHI.IQ,target_small_satellite,target,small_satellite_source_label,.iq,297809696,872cac050cc2fc6ea044403ae10bed566df466da9f3a3f36e4e645505bbdb16e,RSTM,18,1,10,ST001,成都远望,46.862552642822266,83.09510040283203,RHI,RHI,俯仰扫描,2,2,1000,2025-04-25T12:59:55+00:00,2025-04-25T12:59:55.148000+00:00,-0.148,544,source_directory_only_unverified,unverified,unverified
target_small_satellite/ST001_20250425_130005_059_01_CDX_RHI.IQ,target_small_satellite,target,small_satellite_source_label,.iq,299513216,289eee9fe86b86ae1bb55bdd99988d7e5297c2093117655034df6ba16817721c,RSTM,18,1,10,ST001,成都远望,46.862552642822266,83.09510040283203,RHI,RHI,俯仰扫描,2,2,1000,2025-04-25T13:00:05+00:00,2025-04-25T13:00:05.059000+00:00,-0.059,544,source_directory_only_unverified,unverified,unverified
target_small_satellite/ST001_20250425_130015_321_01_CDX_RHI.IQ,target_small_satellite,target,small_satellite_source_label,.iq,297468992,f75204ec7bebc692e9d306f4de68f91e64a0dfde5e9d4853eed709345d6e9a41,RSTM,18,1,10,ST001,成都远望,46.862552642822266,83.09510040283203,RHI,RHI,俯仰扫描,2,2,1000,2025-04-25T13:00:15+00:00,2025-04-25T13:00:15.321000+00:00,-0.321,544,source_directory_only_unverified,unverified,unverified
target_small_satellite/ST001_20250425_130025_380_01_CDX_RHI.IQ,target_small_satellite,target,small_satellite_source_label,.iq,298036832,ee9a3e9f583a1b3468257081237e0af8269bd07adda6780f2a4d9d00b8aa9bfb,RSTM,18,1,10,ST001,成都远望,46.862552642822266,83.09510040283203,RHI,RHI,俯仰扫描,2,2,1000,2025-04-25T13:00:25+00:00,2025-04-25T13:00:25.380000+00:00,-0.380,544,source_directory_only_unverified,unverified,unverified
target_small_satellite/ST001_20250425_130035_520_01_CDX_RHI.IQ,target_small_satellite,target,small_satellite_source_label,.iq,296430656,88f14c19f1c48072baf323cab7149b5bcd50ff05ce658404ad94f7f68e209250,RSTM,18,1,10,ST001,成都远望,46.862552642822266,83.09510040283203,RHI,RHI,俯仰扫描,2,2,1000,2025-04-25T13:00:35+00:00,2025-04-25T13:00:35.520000+00:00,-0.520,544,source_directory_only_unverified,unverified,unverified
target_small_satellite/ST001_20250425_130045_632_01_CDX_RHI.IQ,target_small_satellite,target,small_satellite_source_label,.iq,298831808,d1696ab43a8843b52a66151497856524fcfb7f0fe8fe78b16552f40f19b74b0d,RSTM,18,1,10,ST001,成都远望,46.862552642822266,83.09510040283203,RHI,RHI,俯仰扫描,2,2,1000,2025-04-25T13:00:45+00:00,2025-04-25T13:00:45.632000+00:00,-0.632,544,source_directory_only_unverified,unverified,unverified
target_small_satellite/ST001_20250425_130055_716_01_CDX_RHI.IQ,target_small_satellite,target,small_satellite_source_label,.iq,296706464,d0e22285c27897fd6fa4afd1f1019dd1eae7338d10f7d7e25bcfe03604ccefb9,RSTM,18,1,10,ST001,成都远望,46.862552642822266,83.09510040283203,RHI,RHI,俯仰扫描,2,2,1000,2025-04-25T13:00:55+00:00,2025-04-25T13:00:55.716000+00:00,-0.716,544,source_directory_only_unverified,unverified,unverified
target_small_satellite/ST001_20250425_130105_882_01_CDX_RHI.IQ,target_small_satellite,target,small_satellite_source_label,.iq,293964608,c501299ba016b75b83f11effbe15dac158f63f97df1410c897581f1f7da8d809,RSTM,18,1,10,ST001,成都远望,46.862552642822266,83.09510040283203,RHI,RHI,俯仰扫描,2,2,1000,2025-04-25T13:01:05+00:00,2025-04-25T13:01:05.882000+00:00,-0.882,544,source_directory_only_unverified,unverified,unverified
target_small_satellite/ST001_20250425_130115_853_01_CDX_RHI.IQ,target_small_satellite,target,small_satellite_source_label,.iq,295116512,eaa4e56617cf21d6427ab12ddc58ef9252c868030d40f6876b20a2d9e7b98ef1,RSTM,18,1,10,ST001,成都远望,46.862552642822266,83.09510040283203,RHI,RHI,俯仰扫描,2,2,1000,2025-04-25T13:01:15+00:00,2025-04-25T13:01:15.853000+00:00,-0.853,544,source_directory_only_unverified,unverified,unverified
target_small_satellite/ST001_20250425_130125_922_01_CDX_RHI.IQ,target_small_satellite,target,small_satellite_source_label,.iq,300730016,776917280e342223b1d4ddd1a916c52d09294c649f1e7ecfb9c2cc94476e1df2,RSTM,18,1,10,ST001,成都远望,46.862552642822266,83.09510040283203,RHI,RHI,俯仰扫描,2,2,1000,2025-04-25T13:01:25+00:00,2025-04-25T13:01:25.922000+00:00,-0.922,544,source_directory_only_unverified,unverified,unverified
target_small_satellite/ST001_20250425_130136_081_01_CDX_RHI.IQ,target_small_satellite,target,small_satellite_source_label,.iq,295684352,dd5f02eab46c5c4bb227fcd4ee734907104d03e7309db3655148c923d47be840,RSTM,18,1,10,ST001,成都远望,46.862552642822266,83.09510040283203,RHI,RHI,俯仰扫描,2,2,1000,2025-04-25T13:01:36+00:00,2025-04-25T13:01:36.081000+00:00,-0.081,544,source_directory_only_unverified,unverified,unverified
target_small_satellite/ST001_20250425_130145_983_01_CDX_RHI.IQ,target_small_satellite,target,small_satellite_source_label,.iq,301817024,a06e0de03173d6c08a734027b4b883bb76bd0164b4a03c2f11affaa2ffc67a6f,RSTM,18,1,10,ST001,成都远望,46.862552642822266,83.09510040283203,RHI,RHI,俯仰扫描,2,2,1000,2025-04-25T13:01:45+00:00,2025-04-25T13:01:45.983000+00:00,-0.983,544,source_directory_only_unverified,unverified,unverified
target_small_satellite/ST001_20250425_130156_379_01_CDX_RHI.IQ,target_small_satellite,target,small_satellite_source_label,.iq,290590016,ed7b793b1fc24144aa96974a4a5304c11aac5eabe25858df05032b315ee517f5,RSTM,18,1,10,ST001,成都远望,46.862552642822266,83.09510040283203,RHI,RHI,俯仰扫描,2,2,1000,2025-04-25T13:01:56+00:00,2025-04-25T13:01:56.379000+00:00,-0.379,544,source_directory_only_unverified,unverified,unverified
target_small_satellite/ST001_20250425_130206_360_01_CDX_RHI.IQ,target_small_satellite,target,small_satellite_source_label,.iq,298604672,0378a6d63249b45e61b44b79c2b7233304f91559ed4d0e29cfb2a119db385b22,RSTM,18,1,10,ST001,成都远望,46.862552642822266,83.09510040283203,RHI,RHI,俯仰扫描,2,2,1000,2025-04-25T13:02:06+00:00,2025-04-25T13:02:06.360000+00:00,-0.360,544,source_directory_only_unverified,unverified,unverified
target_small_satellite/ST001_20250425_130216_504_01_CDX_RHI.IQ,target_small_satellite,target,small_satellite_source_label,.iq,295246304,da4cf4278e13d0be117448c2b674462a32fa07d4592953fb32f493514fd95492,RSTM,18,1,10,ST001,成都远望,46.862552642822266,83.09510040283203,RHI,RHI,俯仰扫描,2,2,1000,2025-04-25T13:02:16+00:00,2025-04-25T13:02:16.504000+00:00,-0.504,544,source_directory_only_unverified,unverified,unverified
target_small_satellite/ST001_20250425_130226_564_01_CDX_RHI.IQ,target_small_satellite,target,small_satellite_source_label,.iq,298896704,2bbc976ba4c640853addb5dcb730802d3422e711bc0dc75fd729370b898ec850,RSTM,18,1,10,ST001,成都远望,46.862552642822266,83.09510040283203,RHI,RHI,俯仰扫描,2,2,1000,2025-04-25T13:02:26+00:00,2025-04-25T13:02:26.564000+00:00,-0.564,544,source_directory_only_unverified,unverified,unverified
target_small_satellite/ST001_20250425_130236_805_01_CDX_RHI.IQ,target_small_satellite,target,small_satellite_source_label,.iq,293056064,52a80425b90db01f2c2046ea13280f3e151a5fe4af495a3aaadc795b678cc951,RSTM,18,1,10,ST001,成都远望,46.862552642822266,83.09510040283203,RHI,RHI,俯仰扫描,2,2,1000,2025-04-25T13:02:36+00:00,2025-04-25T13:02:36.805000+00:00,-0.805,544,source_directory_only_unverified,unverified,unverified
target_small_satellite/ST001_20250425_130246_684_01_CDX_RHI.IQ,target_small_satellite,target,small_satellite_source_label,.iq,299010272,2be1ef1c67bee708d4b68afa8fdb058ecfef9434db36917799c38f48aa7d5a39,RSTM,18,1,10,ST001,成都远望,46.862552642822266,83.09510040283203,RHI,RHI,俯仰扫描,2,2,1000,2025-04-25T13:02:46+00:00,2025-04-25T13:02:46.684000+00:00,-0.684,544,source_directory_only_unverified,unverified,unverified
target_small_satellite/ST001_20250425_130256_771_01_CDX_RHI.IQ,target_small_satellite,target,small_satellite_source_label,.iq,298345088,f4db2cc0367584bb1313745e6d99be272eda8edc89b346616d2ddc0f549b70a9,RSTM,18,1,10,ST001,成都远望,46.862552642822266,83.09510040283203,RHI,RHI,俯仰扫描,2,2,1000,2025-04-25T13:02:56+00:00,2025-04-25T13:02:56.771000+00:00,-0.771,544,source_directory_only_unverified,unverified,unverified
target_small_satellite/ST001_20250425_130306_888_01_CDX_RHI.IQ,target_small_satellite,target,small_satellite_source_label,.iq,297988160,7b514fece8507e57cf59b770f0fa962a12bff6a6985c08aaacb6859a7b6d7a24,RSTM,18,1,10,ST001,成都远望,46.862552642822266,83.09510040283203,RHI,RHI,俯仰扫描,2,2,1000,2025-04-25T13:03:06+00:00,2025-04-25T13:03:06.888000+00:00,-0.888,544,source_directory_only_unverified,unverified,unverified
target_small_satellite/ST001_20250425_130317_047_01_CDX_RHI.IQ,target_small_satellite,target,small_satellite_source_label,.iq,292747808,98d4ac675ffed7a11d8f9884027e4f930f1ce0fd833d08d7ac6481340a484472,RSTM,18,1,10,ST001,成都远望,46.862552642822266,83.09510040283203,RHI,RHI,俯仰扫描,2,2,1000,2025-04-25T13:03:17+00:00,2025-04-25T13:03:17.047000+00:00,-0.047,544,source_directory_only_unverified,unverified,unverified
target_small_satellite/ST001_20250425_130327_064_01_CDX_RHI.IQ,target_small_satellite,target,small_satellite_source_label,.iq,298912928,5bd26e98fa18d4ae8757caa2c941d1dda6463cac17a8893826ae861135548b53,RSTM,18,1,10,ST001,成都远望,46.862552642822266,83.09510040283203,RHI,RHI,俯仰扫描,2,2,1000,2025-04-25T13:03:27+00:00,2025-04-25T13:03:27.064000+00:00,-0.064,544,source_directory_only_unverified,unverified,unverified
target_small_satellite/ST001_20250425_130337_343_01_CDX_RHI.IQ,target_small_satellite,target,small_satellite_source_label,.iq,291855488,86d269123ba02e40d86cd4be3d080f182ee45c807dfdecc4ddfd87692c7d3f6b,RSTM,18,1,10,ST001,成都远望,46.862552642822266,83.09510040283203,RHI,RHI,俯仰扫描,2,2,1000,2025-04-25T13:03:37+00:00,2025-04-25T13:03:37.343000+00:00,-0.343,544,source_directory_only_unverified,unverified,unverified
target_small_satellite/ST001_20250425_130347_312_01_CDX_RHI.IQ,target_small_satellite,target,small_satellite_source_label,.iq,323670752,d6e2734a2f4ff46fc028d1633c5172725cb3ac4733ed8c82de5105d79027e481,RSTM,18,1,10,ST001,成都远望,46.862552642822266,83.09510040283203,RHI,RHI,俯仰扫描,2,2,1000,2025-04-25T13:03:47+00:00,2025-04-25T13:03:47.312000+00:00,-0.312,544,source_directory_only_unverified,unverified,unverified
target_small_satellite/ST001_20250425_130358_175_01_CDX_RHI.IQ,target_small_satellite,target,small_satellite_source_label,.iq,280563584,425cbee871fd643c8bfb94bac7e60ab78fb0862787f463ab6e115d86464c5fed,RSTM,18,1,10,ST001,成都远望,46.862552642822266,83.09510040283203,RHI,RHI,俯仰扫描,2,2,1000,2025-04-25T13:03:58+00:00,2025-04-25T13:03:58.175000+00:00,-0.175,544,source_directory_only_unverified,unverified,unverified
target_small_satellite/ST001_20250425_130407_938_01_CDX_RHI.IQ,target_small_satellite,target,small_satellite_source_label,.iq,293169632,4846183ef62dcd947cfbdbb343176045cc383e5da16f3088e9c534e8cb972e56,RSTM,18,1,10,ST001,成都远望,46.862552642822266,83.09510040283203,RHI,RHI,俯仰扫描,2,2,1000,2025-04-25T13:04:07+00:00,2025-04-25T13:04:07.938000+00:00,-0.938,544,source_directory_only_unverified,unverified,unverified
target_small_satellite/ST001_20250425_130417_892_01_CDX_RHI.IQ,target_small_satellite,target,small_satellite_source_label,.iq,296690240,f81df7f500ce61161da3305784d6a8b94eabcbf8208eba57d5cef8343904ad2f,RSTM,18,1,10,ST001,成都远望,46.862552642822266,83.09510040283203,RHI,RHI,俯仰扫描,2,2,1000,2025-04-25T13:04:17+00:00,2025-04-25T13:04:17.892000+00:00,-0.892,544,source_directory_only_unverified,unverified,unverified
target_small_satellite/ST001_20250425_130427_939_01_CDX_RHI.IQ,target_small_satellite,target,small_satellite_source_label,.iq,301151840,322461a2c900ae7cded23eca4857334407ed8cddc176583cdedd46a2376eb1e5,RSTM,18,1,10,ST001,成都远望,46.862552642822266,83.09510040283203,RHI,RHI,俯仰扫描,2,2,1000,2025-04-25T13:04:27+00:00,2025-04-25T13:04:27.939000+00:00,-0.939,544,source_directory_only_unverified,unverified,unverified
target_small_satellite/ST001_20250425_130438_705_01_CDX_RHI.IQ,target_small_satellite,target,small_satellite_source_label,.iq,298929152,81e5134a8ad034307d88040bf90e4e650acf67a48c5206f13754788b1ad48d57,RSTM,18,1,10,ST001,成都远望,46.862552642822266,83.09510040283203,RHI,RHI,俯仰扫描,2,2,1000,2025-04-25T13:04:38+00:00,2025-04-25T13:04:38.705000+00:00,-0.705,544,source_directory_only_unverified,unverified,unverified
target_small_satellite/ST001_20250425_130448_832_01_CDX_RHI.IQ,target_small_satellite,target,small_satellite_source_label,.iq,301687232,628281d2145a86fd0b4caf60793f3dc469be5f66619b0bf42a45aff7ab5825d9,RSTM,18,1,10,ST001,成都远望,46.862552642822266,83.09510040283203,RHI,RHI,俯仰扫描,2,2,1000,2025-04-25T13:04:48+00:00,2025-04-25T13:04:48.832000+00:00,-0.832,544,source_directory_only_unverified,unverified,unverified
target_small_satellite/ST001_20250425_130501_378_01_CDX_RHI.IQ,target_small_satellite,target,small_satellite_source_label,.iq,310707776,a874ac11105bd56b24e80e24240d57a78e473fb28d0b8fd53814b9c12f5c5329,RSTM,18,1,10,ST001,成都远望,46.862552642822266,83.09510040283203,RHI,RHI,俯仰扫描,2,2,1000,2025-04-25T13:05:01+00:00,2025-04-25T13:05:01.378000+00:00,-0.378,544,source_directory_only_unverified,unverified,unverified
target_small_satellite/ST001_20250425_130512_666_01_CDX_RHI.IQ,target_small_satellite,target,small_satellite_source_label,.iq,292796480,f329d75b2a8d89b1607b77f1f3b09f7784d5a46179ac197e7ca4982d265fce92,RSTM,18,1,10,ST001,成都远望,46.862552642822266,83.09510040283203,RHI,RHI,俯仰扫描,2,2,1000,2025-04-25T13:05:12+00:00,2025-04-25T13:05:12.666000+00:00,-0.666,544,source_directory_only_unverified,unverified,unverified
target_small_satellite/ST001_20250425_130522_582_01_CDX_RHI.IQ,target_small_satellite,target,small_satellite_source_label,.iq,297825920,53348ee988853d38d8906102c812ce7178f95788529e56895052bd66aba2a144,RSTM,18,1,10,ST001,成都远望,46.862552642822266,83.09510040283203,RHI,RHI,俯仰扫描,2,2,1000,2025-04-25T13:05:22+00:00,2025-04-25T13:05:22.582000+00:00,-0.582,544,source_directory_only_unverified,unverified,unverified
target_small_satellite/ST001_20250425_130532_696_01_CDX_RHI.IQ,target_small_satellite,target,small_satellite_source_label,.iq,298247744,517a4ea8ac5eee4f2560209d7919ec5b99075ebdabd4abaa0c708078242c2b23,RSTM,18,1,10,ST001,成都远望,46.862552642822266,83.09510040283203,RHI,RHI,俯仰扫描,2,2,1000,2025-04-25T13:05:32+00:00,2025-04-25T13:05:32.696000+00:00,-0.696,544,source_directory_only_unverified,unverified,unverified
target_small_satellite/ST001_20250425_130542_863_01_CDX_RHI.IQ,target_small_satellite,target,small_satellite_source_label,.iq,293331872,7b76bf9082360b9747ac2a11633579943bec22f24719e68c0d9149503886e724,RSTM,18,1,10,ST001,成都远望,46.862552642822266,83.09510040283203,RHI,RHI,俯仰扫描,2,2,1000,2025-04-25T13:05:42+00:00,2025-04-25T13:05:42.863000+00:00,-0.863,544,source_directory_only_unverified,unverified,unverified
target_small_satellite/ST001_20250425_130553_002_01_CDX_RHI.IQ,target_small_satellite,target,small_satellite_source_label,.iq,291433664,ae63c1b1e1772f8ce452c2b29a99beb16ff01abbcd70573080744f0975df4ef2,RSTM,18,1,10,ST001,成都远望,46.862552642822266,83.09510040283203,RHI,RHI,俯仰扫描,2,2,1000,2025-04-25T13:05:53+00:00,2025-04-25T13:05:53.002000+00:00,-0.002,544,source_directory_only_unverified,unverified,unverified
target_small_satellite/ST001_20250425_130603_045_01_CDX_RHI.IQ,target_small_satellite,target,small_satellite_source_label,.iq,43417376,582517f39139dd9a28928bc26dace23ea821fc1671c3bc4bd1df18a8f405fefa,RSTM,18,1,10,ST001,成都远望,46.862552642822266,83.09510040283203,RHI,RHI,俯仰扫描,2,2,1000,2025-04-25T13:06:03+00:00,2025-04-25T13:06:03.045000+00:00,-0.045,544,source_directory_only_unverified,unverified,unverified
target_uav/ST001_20250425_132352_297_01_CDX_RHI.IQ,target_uav,target,uav_source_label,.iq,19048928,2cdeee925bd7897d1b51ffb14a1a5a30c2003ede796caade00717c0be9fa375f,RSTM,18,1,10,ST001,成都远望,46.862552642822266,83.09510040283203,RHI,RHI,俯仰扫描,2,2,1000,2025-04-25T13:06:03+00:00,2025-04-25T13:23:52.297000+00:00,-1069.297,544,source_directory_only_unverified,unverified,unverified
target_uav/ST001_20250425_132353_858_01_CDX_RHI.IQ,target_uav,target,uav_source_label,.iq,294694688,e12fc9370c3181b880606b321e97119d010abedaf7fa5a960feff48764e464ac,RSTM,18,1,10,ST001,成都远望,46.862552642822266,83.09510040283203,RHI,RHI,俯仰扫描,2,2,1000,2025-04-25T13:23:53+00:00,2025-04-25T13:23:53.858000+00:00,-0.858,544,source_directory_only_unverified,unverified,unverified
target_uav/ST001_20250425_132403_857_01_CDX_RHI.IQ,target_uav,target,uav_source_label,.iq,296430656,85e8ebce6af319276aba2f5dbeb5d7abeb79b291952d6e5963c11ef10abc496e,RSTM,18,1,10,ST001,成都远望,46.862552642822266,83.09510040283203,RHI,RHI,俯仰扫描,2,2,1000,2025-04-25T13:24:03+00:00,2025-04-25T13:24:03.857000+00:00,-0.857,544,source_directory_only_unverified,unverified,unverified
target_uav/ST001_20250425_132413_955_01_CDX_RHI.IQ,target_uav,target,uav_source_label,.iq,301557440,ba5132e4bd1946c534c79ece5f683286bd57989dd307f8bbd0625168dac42a92,RSTM,18,1,10,ST001,成都远望,46.862552642822266,83.09510040283203,RHI,RHI,俯仰扫描,2,2,1000,2025-04-25T13:24:13+00:00,2025-04-25T13:24:13.955000+00:00,-0.955,544,source_directory_only_unverified,unverified,unverified
target_uav/ST001_20250425_132424_247_01_CDX_RHI.IQ,target_uav,target,uav_source_label,.iq,292861376,8d2c1f3df9b240a8321ec181d619a426e75f413697803fc3766d5e493c8beea9,RSTM,18,1,10,ST001,成都远望,46.862552642822266,83.09510040283203,RHI,RHI,俯仰扫描,2,2,1000,2025-04-25T13:24:24+00:00,2025-04-25T13:24:24.247000+00:00,-0.247,544,source_directory_only_unverified,unverified,unverified
target_uav/ST001_20250425_132434_606_01_CDX_RHI.IQ,target_uav,target,uav_source_label,.iq,285090080,7fa2f39cfc99880f82d99c50c3d58dc247ebb1fc6ea246a3c9295a1e5f15d684,RSTM,18,1,10,ST001,成都远望,46.862552642822266,83.09510040283203,RHI,RHI,俯仰扫描,2,2,1000,2025-04-25T13:24:34+00:00,2025-04-25T13:24:34.606000+00:00,-0.606,544,source_directory_only_unverified,unverified,unverified
target_uav/ST001_20250425_132444_303_01_CDX_RHI.IQ,target_uav,target,uav_source_label,.iq,301541216,869ea51718a0e29ed96345fa96d751cebbde59f5854ac47dc5434e6cee824e99,RSTM,18,1,10,ST001,成都远望,46.862552642822266,83.09510040283203,RHI,RHI,俯仰扫描,2,2,1000,2025-04-25T13:24:44+00:00,2025-04-25T13:24:44.303000+00:00,-0.303,544,source_directory_only_unverified,unverified,unverified
target_uav/ST001_20250425_132454_555_01_CDX_RHI.IQ,target_uav,target,uav_source_label,.iq,297874592,f054d453cb0592082dee67e574c257c86b079173c2d17f35f167f3f8c5e83532,RSTM,18,1,10,ST001,成都远望,46.862552642822266,83.09510040283203,RHI,RHI,俯仰扫描,2,2,1000,2025-04-25T13:24:54+00:00,2025-04-25T13:24:54.555000+00:00,-0.555,544,source_directory_only_unverified,unverified,unverified
target_uav/ST001_20250425_132504_647_01_CDX_RHI.IQ,target_uav,target,uav_source_label,.iq,296463104,f7089af127bc095868598fbc9ec96f88bf184dabdf57c25e2a055e8759fc8b8e,RSTM,18,1,10,ST001,成都远望,46.862552642822266,83.09510040283203,RHI,RHI,俯仰扫描,2,2,1000,2025-04-25T13:25:04+00:00,2025-04-25T13:25:04.647000+00:00,-0.647,544,source_directory_only_unverified,unverified,unverified
target_uav/ST001_20250425_132514_762_01_CDX_RHI.IQ,target_uav,target,uav_source_label,.iq,293412992,820e4228b2dcece9511ca68aed35cfc33dd74ffad625dd5ebe3d052a3c0c6ba5,RSTM,18,1,10,ST001,成都远望,46.862552642822266,83.09510040283203,RHI,RHI,俯仰扫描,2,2,1000,2025-04-25T13:25:14+00:00,2025-04-25T13:25:14.762000+00:00,-0.762,544,source_directory_only_unverified,unverified,unverified
target_uav/ST001_20250425_132524_678_01_CDX_RHI.IQ,target_uav,target,uav_source_label,.iq,300470432,75cc56e2801f9d4f6803219a023f38805c9839c73c3c62c563304e32516697e0,RSTM,18,1,10,ST001,成都远望,46.862552642822266,83.09510040283203,RHI,RHI,俯仰扫描,2,2,1000,2025-04-25T13:25:24+00:00,2025-04-25T13:25:24.678000+00:00,-0.678,544,source_directory_only_unverified,unverified,unverified
target_uav/ST001_20250425_132535_016_01_CDX_RHI.IQ,target_uav,target,uav_source_label,.iq,291417440,03fedd6f33b80bacf87325d4ee90a4e3a7ea800a9d82d53968528744f7ee4055,RSTM,18,1,10,ST001,成都远望,46.862552642822266,83.09510040283203,RHI,RHI,俯仰扫描,2,2,1000,2025-04-25T13:25:35+00:00,2025-04-25T13:25:35.016000+00:00,-0.016,544,source_directory_only_unverified,unverified,unverified
target_uav/ST001_20250425_132545_061_01_CDX_RHI.IQ,target_uav,target,uav_source_label,.iq,297079616,f2c5d9acbb9968bdb721e56175c2517f605a8fd78ede2bb1ab57a9de7306a710,RSTM,18,1,10,ST001,成都远望,46.862552642822266,83.09510040283203,RHI,RHI,俯仰扫描,2,2,1000,2025-04-25T13:25:45+00:00,2025-04-25T13:25:45.061000+00:00,-0.061,544,source_directory_only_unverified,unverified,unverified
target_uav/ST001_20250425_132555_023_01_CDX_RHI.IQ,target_uav,target,uav_source_label,.iq,294516224,61cb444f219097ce251203d4651b6c6e2f98d792decc053081fc6634459189da,RSTM,18,1,10,ST001,成都远望,46.862552642822266,83.09510040283203,RHI,RHI,俯仰扫描,2,2,1000,2025-04-25T13:25:55+00:00,2025-04-25T13:25:55.023000+00:00,-0.023,544,source_directory_only_unverified,unverified,unverified
target_uav/ST001_20250425_132604_995_01_CDX_RHI.IQ,target_uav,target,uav_source_label,.iq,303325856,45a5d0e7ef56f8362debddf4af88cea73726a66eed0fb10d0a328c005618a53c,RSTM,18,1,10,ST001,成都远望,46.862552642822266,83.09510040283203,RHI,RHI,俯仰扫描,2,2,1000,2025-04-25T13:26:04+00:00,2025-04-25T13:26:04.995000+00:00,-0.995,544,source_directory_only_unverified,unverified,unverified
target_uav/ST001_20250425_132615_255_01_CDX_RHI.IQ,target_uav,target,uav_source_label,.iq,295181408,c90124c6c75528408e40d84983ce8f0fd02f1cededbac16be6ffe936388b4117,RSTM,18,1,10,ST001,成都远望,46.862552642822266,83.09510040283203,RHI,RHI,俯仰扫描,2,2,1000,2025-04-25T13:26:15+00:00,2025-04-25T13:26:15.255000+00:00,-0.255,544,source_directory_only_unverified,unverified,unverified
target_uav/ST001_20250425_132625_292_01_CDX_RHI.IQ,target_uav,target,uav_source_label,.iq,297225632,ab618deaf83dcdf60f0504de19dc44b6428384a8e9173518882c8927b9e38dcd,RSTM,18,1,10,ST001,成都远望,46.862552642822266,83.09510040283203,RHI,RHI,俯仰扫描,2,2,1000,2025-04-25T13:26:25+00:00,2025-04-25T13:26:25.292000+00:00,-0.292,544,source_directory_only_unverified,unverified,unverified
target_uav/ST001_20250425_132635_307_01_CDX_RHI.IQ,target_uav,target,uav_source_label,.iq,296171072,6157dcda13db0b8589575eb56db2ec395e37ed6f3686d4c9a32069fc22822fab,RSTM,18,1,10,ST001,成都远望,46.862552642822266,83.09510040283203,RHI,RHI,俯仰扫描,2,2,1000,2025-04-25T13:26:35+00:00,2025-04-25T13:26:35.307000+00:00,-0.307,544,source_directory_only_unverified,unverified,unverified
target_uav/ST001_20250425_132645_434_01_CDX_RHI.IQ,target_uav,target,uav_source_label,.iq,296268416,c52b8c830ef04405cd8976f065f571c8caf69acaf9aeadf754df220dd1505e86,RSTM,18,1,10,ST001,成都远望,46.862552642822266,83.09510040283203,RHI,RHI,俯仰扫描,2,2,1000,2025-04-25T13:26:45+00:00,2025-04-25T13:26:45.434000+00:00,-0.434,544,source_directory_only_unverified,unverified,unverified
target_uav/ST001_20250425_132655_369_01_CDX_RHI.IQ,target_uav,target,uav_source_label,.iq,298166624,18fbb9a51e00a84d44c65206c39bfd2c37f1d0cab6a21b7fcd76c432a28e8ca7,RSTM,18,1,10,ST001,成都远望,46.862552642822266,83.09510040283203,RHI,RHI,俯仰扫描,2,2,1000,2025-04-25T13:26:55+00:00,2025-04-25T13:26:55.369000+00:00,-0.369,544,source_directory_only_unverified,unverified,unverified
target_uav/ST001_20250425_132705_432_01_CDX_RHI.IQ,target_uav,target,uav_source_label,.iq,301184288,a32a3c099f9ce59b61459a4c5e80dd471fe137cc6bc7de967c229d8913f6f9d2,RSTM,18,1,10,ST001,成都远望,46.862552642822266,83.09510040283203,RHI,RHI,俯仰扫描,2,2,1000,2025-04-25T13:27:05+00:00,2025-04-25T13:27:05.432000+00:00,-0.432,544,source_directory_only_unverified,unverified,unverified
target_uav/ST001_20250425_132715_687_01_CDX_RHI.IQ,target_uav,target,uav_source_label,.iq,299789024,b0de1d5f7932ab284dec421eb2dc99e6bf7f505651b4bc6cf93c0d97bf44a647,RSTM,18,1,10,ST001,成都远望,46.862552642822266,83.09510040283203,RHI,RHI,俯仰扫描,2,2,1000,2025-04-25T13:27:15+00:00,2025-04-25T13:27:15.687000+00:00,-0.687,544,source_directory_only_unverified,unverified,unverified
target_uav/ST001_20250425_132725_748_01_CDX_RHI.IQ,target_uav,target,uav_source_label,.iq,296446880,0ddf971b35b59c5bb26378603afe3d7d95ab4affb02c71b7def90dd1ed53af57,RSTM,18,1,10,ST001,成都远望,46.862552642822266,83.09510040283203,RHI,RHI,俯仰扫描,2,2,1000,2025-04-25T13:27:25+00:00,2025-04-25T13:27:25.748000+00:00,-0.748,544,source_directory_only_unverified,unverified,unverified
target_uav/ST001_20250425_132735_855_01_CDX_RHI.IQ,target_uav,target,uav_source_label,.iq,291595904,9f3efcb20eb4ab39830c83c675208182af5129fdebb8677d22f0e499ef9778ff,RSTM,18,1,10,ST001,成都远望,46.862552642822266,83.09510040283203,RHI,RHI,俯仰扫描,2,2,1000,2025-04-25T13:27:35+00:00,2025-04-25T13:27:35.855000+00:00,-0.855,544,source_directory_only_unverified,unverified,unverified
target_uav/ST001_20250425_132745_660_01_CDX_RHI.IQ,target_uav,target,uav_source_label,.iq,303066272,383b4525efc0376cd80fab2d567c76bdf486aec02a6c44962c4dd73877547f43,RSTM,18,1,10,ST001,成都远望,46.862552642822266,83.09510040283203,RHI,RHI,俯仰扫描,2,2,1000,2025-04-25T13:27:45+00:00,2025-04-25T13:27:45.660000+00:00,-0.660,544,source_directory_only_unverified,unverified,unverified
target_uav/ST001_20250425_132755_922_01_CDX_RHI.IQ,target_uav,target,uav_source_label,.iq,294792032,48bc60005166cbb675c3769740ee899485ba8a4cfb2ba25f5bb1268d4dd5af3d,RSTM,18,1,10,ST001,成都远望,46.862552642822266,83.09510040283203,RHI,RHI,俯仰扫描,2,2,1000,2025-04-25T13:27:55+00:00,2025-04-25T13:27:55.922000+00:00,-0.922,544,source_directory_only_unverified,unverified,unverified
target_uav/ST001_20250425_132805_978_01_CDX_RHI.IQ,target_uav,target,uav_source_label,.iq,296446880,07301b417fff8729f4b4c98b1ffcfbc587c99e221275f152c0ce7746a85e0058,RSTM,18,1,10,ST001,成都远望,46.862552642822266,83.09510040283203,RHI,RHI,俯仰扫描,2,2,1000,2025-04-25T13:28:05+00:00,2025-04-25T13:28:05.978000+00:00,-0.978,544,source_directory_only_unverified,unverified,unverified
target_uav/ST001_20250425_132816_034_01_CDX_RHI.IQ,target_uav,target,uav_source_label,.iq,294759584,2ff3ab4b6981494715135902d335d80c518d6a3a3c23308bfa73cf8515d5ddc6,RSTM,18,1,10,ST001,成都远望,46.862552642822266,83.09510040283203,RHI,RHI,俯仰扫描,2,2,1000,2025-04-25T13:28:16+00:00,2025-04-25T13:28:16.034000+00:00,-0.034,544,source_directory_only_unverified,unverified,unverified
target_uav/ST001_20250425_132826_091_01_CDX_RHI.IQ,target_uav,target,uav_source_label,.iq,297923264,58cfc4c8a29f0ff32bb91be2ef1345edd2ad959d8ed454ecdc163f3ea5f55874,RSTM,18,1,10,ST001,成都远望,46.862552642822266,83.09510040283203,RHI,RHI,俯仰扫描,2,2,1000,2025-04-25T13:28:26+00:00,2025-04-25T13:28:26.091000+00:00,-0.091,544,source_directory_only_unverified,unverified,unverified
target_uav/ST001_20250425_132836_148_01_CDX_RHI.IQ,target_uav,target,uav_source_label,.iq,298101728,534e6d14cb0271248bda18beeeb7075d19b705b6589549e22a0efd8fccbb5d30,RSTM,18,1,10,ST001,成都远望,46.862552642822266,83.09510040283203,RHI,RHI,俯仰扫描,2,2,1000,2025-04-25T13:28:36+00:00,2025-04-25T13:28:36.148000+00:00,-0.148,544,source_directory_only_unverified,unverified,unverified
target_uav/ST001_20250425_132846_205_01_CDX_RHI.IQ,target_uav,target,uav_source_label,.iq,299789024,e24d6b86a3d615ccc2d041b2db5125dfa4436326d2c8a71a0e7935e4ebbb9eea,RSTM,18,1,10,ST001,成都远望,46.862552642822266,83.09510040283203,RHI,RHI,俯仰扫描,2,2,1000,2025-04-25T13:28:46+00:00,2025-04-25T13:28:46.205000+00:00,-0.205,544,source_directory_only_unverified,unverified,unverified
target_uav/ST001_20250425_132856_470_01_CDX_RHI.IQ,target_uav,target,uav_source_label,.iq,291417440,7707951934296a56aadf8ae28a1414abe0e8cb8dbec0da4c68ada0e90bb1cd30,RSTM,18,1,10,ST001,成都远望,46.862552642822266,83.09510040283203,RHI,RHI,俯仰扫描,2,2,1000,2025-04-25T13:28:56+00:00,2025-04-25T13:28:56.470000+00:00,-0.470,544,source_directory_only_unverified,unverified,unverified
target_uav/ST001_20250425_132906_323_01_CDX_RHI.IQ,target_uav,target,uav_source_label,.iq,299789024,3e6c039c1bcc39ac4ee3968921f52c2a4a1630dc69ac350294d8135ea644c965,RSTM,18,1,10,ST001,成都远望,46.862552642822266,83.09510040283203,RHI,RHI,俯仰扫描,2,2,1000,2025-04-25T13:29:06+00:00,2025-04-25T13:29:06.323000+00:00,-0.323,544,source_directory_only_unverified,unverified,unverified
target_uav/ST001_20250425_132916_585_01_CDX_RHI.IQ,target_uav,target,uav_source_label,.iq,293299424,17aa487b60fcba937c8cd400b9004332ee56ff6d22ab7edcd108fba68fc42a6e,RSTM,18,1,10,ST001,成都远望,46.862552642822266,83.09510040283203,RHI,RHI,俯仰扫描,2,2,1000,2025-04-25T13:29:16+00:00,2025-04-25T13:29:16.585000+00:00,-0.585,544,source_directory_only_unverified,unverified,unverified
target_uav/ST001_20250425_132926_647_01_CDX_RHI.IQ,target_uav,target,uav_source_label,.iq,297955712,80e4265c579002666022febf92ccece99cf82f671357ed0a71883970a8bafabc,RSTM,18,1,10,ST001,成都远望,46.862552642822266,83.09510040283203,RHI,RHI,俯仰扫描,2,2,1000,2025-04-25T13:29:26+00:00,2025-04-25T13:29:26.647000+00:00,-0.647,544,source_directory_only_unverified,unverified,unverified
target_uav/ST001_20250425_132936_701_01_CDX_RHI.IQ,target_uav,target,uav_source_label,.iq,296430656,db417f3b23513c02e5bf420b6c47450dc8363151ca9e477782cb6d97d11f97d1,RSTM,18,1,10,ST001,成都远望,46.862552642822266,83.09510040283203,RHI,RHI,俯仰扫描,2,2,1000,2025-04-25T13:29:36+00:00,2025-04-25T13:29:36.701000+00:00,-0.701,544,source_directory_only_unverified,unverified,unverified
target_uav/ST001_20250425_132946_762_01_CDX_RHI.IQ,target_uav,target,uav_source_label,.iq,297988160,87edc3f8b2ccc1d6c85081de1e313d5c2987fbcbe1212db6f45dd9fd4ccb92cc,RSTM,18,1,10,ST001,成都远望,46.862552642822266,83.09510040283203,RHI,RHI,俯仰扫描,2,2,1000,2025-04-25T13:29:46+00:00,2025-04-25T13:29:46.762000+00:00,-0.762,544,source_directory_only_unverified,unverified,unverified
target_uav/ST001_20250425_132956_818_01_CDX_RHI.IQ,target_uav,target,uav_source_label,.iq,296576672,cfc0f94cb02e1e5151c526b017626c9bbf3ec1f9234e0a0458db7261260119fd,RSTM,18,1,10,ST001,成都远望,46.862552642822266,83.09510040283203,RHI,RHI,俯仰扫描,2,2,1000,2025-04-25T13:29:56+00:00,2025-04-25T13:29:56.818000+00:00,-0.818,544,source_directory_only_unverified,unverified,unverified
target_uav/ST001_20250425_133006_881_01_CDX_RHI.IQ,target_uav,target,uav_source_label,.iq,298247744,9b62c6466ed611fac1f30ec4b2b303a7684d09a56e1df8cc40e7eb6dcf016dea,RSTM,18,1,10,ST001,成都远望,46.862552642822266,83.09510040283203,RHI,RHI,俯仰扫描,2,2,1000,2025-04-25T13:30:06+00:00,2025-04-25T13:30:06.881000+00:00,-0.881,544,source_directory_only_unverified,unverified,unverified
target_uav/ST001_20250425_133016_943_01_CDX_RHI.IQ,target_uav,target,uav_source_label,.iq,296609120,a2afaabe019ea267f430f1867dfe482d497d4f9171d0c183016bffba24fd67c7,RSTM,18,1,10,ST001,成都远望,46.862552642822266,83.09510040283203,RHI,RHI,俯仰扫描,2,2,1000,2025-04-25T13:30:16+00:00,2025-04-25T13:30:16.943000+00:00,-0.943,544,source_directory_only_unverified,unverified,unverified
target_uav/ST001_20250425_133027_006_01_CDX_RHI.IQ,target_uav,target,uav_source_label,.iq,299691680,5c71ec7ce81b7c628e6bdad12aa779d8c4777a50513ed7c893c13a19894d69bf,RSTM,18,1,10,ST001,成都远望,46.862552642822266,83.09510040283203,RHI,RHI,俯仰扫描,2,2,1000,2025-04-25T13:30:27+00:00,2025-04-25T13:30:27.006000+00:00,-0.006,544,source_directory_only_unverified,unverified,unverified
target_uav/ST001_20250425_133037_266_01_CDX_RHI.IQ,target_uav,target,uav_source_label,.iq,292942496,f5f11d964a796a4ef07c46bfb3050f0fe63b8d4077595bab7c2d89ba9b33f631,RSTM,18,1,10,ST001,成都远望,46.862552642822266,83.09510040283203,RHI,RHI,俯仰扫描,2,2,1000,2025-04-25T13:30:37+00:00,2025-04-25T13:30:37.266000+00:00,-0.266,544,source_directory_only_unverified,unverified,unverified
target_uav/ST001_20250425_133047_114_01_CDX_RHI.IQ,target_uav,target,uav_source_label,.iq,301249184,88365668562f7891b51bf085f11cb849a96d6863df91a355c48af415e085aa10,RSTM,18,1,10,ST001,成都远望,46.862552642822266,83.09510040283203,RHI,RHI,俯仰扫描,2,2,1000,2025-04-25T13:30:47+00:00,2025-04-25T13:30:47.114000+00:00,-0.114,544,source_directory_only_unverified,unverified,unverified
target_uav/ST001_20250425_133057_370_01_CDX_RHI.IQ,target_uav,target,uav_source_label,.iq,294662240,b9687cf1377f72b34178bf82237d1f4e7e61e77312e9d392625ff1c68a355c1a,RSTM,18,1,10,ST001,成都远望,46.862552642822266,83.09510040283203,RHI,RHI,俯仰扫描,2,2,1000,2025-04-25T13:30:57+00:00,2025-04-25T13:30:57.370000+00:00,-0.370,544,source_directory_only_unverified,unverified,unverified
target_uav/ST001_20250425_133107_421_01_CDX_RHI.IQ,target_uav,target,uav_source_label,.iq,296544224,57ea2d0e5417171f615074879f4c148eca995d5d602e7a4fa5930d61d187c179,RSTM,18,1,10,ST001,成都远望,46.862552642822266,83.09510040283203,RHI,RHI,俯仰扫描,2,2,1000,2025-04-25T13:31:07+00:00,2025-04-25T13:31:07.421000+00:00,-0.421,544,source_directory_only_unverified,unverified,unverified
target_uav/ST001_20250425_133117_483_01_CDX_RHI.IQ,target_uav,target,uav_source_label,.iq,295181408,14f831ded24b59fbd84a96826def32a8dac9574e0d27ee9b687d6f7e41e40dfc,RSTM,18,1,10,ST001,成都远望,46.862552642822266,83.09510040283203,RHI,RHI,俯仰扫描,2,2,1000,2025-04-25T13:31:17+00:00,2025-04-25T13:31:17.483000+00:00,-0.483,544,source_directory_only_unverified,unverified,unverified
target_uav/ST001_20250425_133127_558_01_CDX_RHI.IQ,target_uav,target,uav_source_label,.iq,299805248,317895f81485d795521e1486f8e344679e0d87a5551be0324f59096bf2639591,RSTM,18,1,10,ST001,成都远望,46.862552642822266,83.09510040283203,RHI,RHI,俯仰扫描,2,2,1000,2025-04-25T13:31:27+00:00,2025-04-25T13:31:27.558000+00:00,-0.558,544,source_directory_only_unverified,unverified,unverified
target_uav/ST001_20250425_133137_617_01_CDX_RHI.IQ,target_uav,target,uav_source_label,.iq,297988160,b995bf168b9e41ae5eb3737b136f596fd968b5666e2e1499b4d7f6b9f3f37534,RSTM,18,1,10,ST001,成都远望,46.862552642822266,83.09510040283203,RHI,RHI,俯仰扫描,2,2,1000,2025-04-25T13:31:37+00:00,2025-04-25T13:31:37.617000+00:00,-0.617,544,source_directory_only_unverified,unverified,unverified
target_uav/ST001_20250425_133147_669_01_CDX_RHI.IQ,target_uav,target,uav_source_label,.iq,296609120,1875625ba561d652ca448fd0e0d9320e6c30fd30ff16616c499cc70e9a51a45c,RSTM,18,1,10,ST001,成都远望,46.862552642822266,83.09510040283203,RHI,RHI,俯仰扫描,2,2,1000,2025-04-25T13:31:47+00:00,2025-04-25T13:31:47.669000+00:00,-0.669,544,source_directory_only_unverified,unverified,unverified
target_uav/ST001_20250425_133157_729_01_CDX_RHI.IQ,target_uav,target,uav_source_label,.iq,298117952,4f01b4508df13974646278564a5a8519f3d2b892888c3884c536545aa1e0f51b,RSTM,18,1,10,ST001,成都远望,46.862552642822266,83.09510040283203,RHI,RHI,俯仰扫描,2,2,1000,2025-04-25T13:31:57+00:00,2025-04-25T13:31:57.729000+00:00,-0.729,544,source_directory_only_unverified,unverified,unverified
target_uav/ST001_20250425_133207_787_01_CDX_RHI.IQ,target_uav,target,uav_source_label,.iq,299594336,a5c12b68825f92599e8e8377f1a932dee9fd600e5ef9269525740a2962308e59,RSTM,18,1,10,ST001,成都远望,46.862552642822266,83.09510040283203,RHI,RHI,俯仰扫描,2,2,1000,2025-04-25T13:32:07+00:00,2025-04-25T13:32:07.787000+00:00,-0.787,544,source_directory_only_unverified,unverified,unverified
target_uav/ST001_20250425_133217_841_01_CDX_RHI.IQ,target_uav,target,uav_source_label,.iq,296674016,20a9c2ba4127e1de8413b9a9c61629edd6c5477e2b72e74eab74740e257b769f,RSTM,18,1,10,ST001,成都远望,46.862552642822266,83.09510040283203,RHI,RHI,俯仰扫描,2,2,1000,2025-04-25T13:32:17+00:00,2025-04-25T13:32:17.841000+00:00,-0.841,544,source_directory_only_unverified,unverified,unverified
target_uav/ST001_20250425_133227_905_01_CDX_RHI.IQ,target_uav,target,uav_source_label,.iq,298117952,1e5f32c8809818af69a72ac413e24f67e8646de259878c41fcbc21cf0368fb01,RSTM,18,1,10,ST001,成都远望,46.862552642822266,83.09510040283203,RHI,RHI,俯仰扫描,2,2,1000,2025-04-25T13:32:27+00:00,2025-04-25T13:32:27.905000+00:00,-0.905,544,source_directory_only_unverified,unverified,unverified
target_uav/ST001_20250425_133237_961_01_CDX_RHI.IQ,target_uav,target,uav_source_label,.iq,81803360,5e7128fa8307ddc735cf11e4befab165f15c245984026bc43c755719a80e1965,RSTM,18,1,10,ST001,成都远望,46.862552642822266,83.09510040283203,RHI,RHI,俯仰扫描,2,2,1000,2025-04-25T13:32:37+00:00,2025-04-25T13:32:37.961000+00:00,-0.961,544,source_directory_only_unverified,unverified,unverified
