relative_path,category_dir,role,source_label,extension,size_bytes,sha256,magic,format_version_u16,format_schema_u16,header_kind_u32,station_id,site_name_header,header_coord_1,header_coord_2,filename_scan_type,header_scan_type,header_scan_description,header_field_0x140,header_field_0x144,header_field_0x148,header_timestamp_utc,filename_timestamp_utc,header_minus_filename_seconds,header_bytes_read,label_status,physical_axis_status,hv_status
background_iq/ST001_20250425_103510_444_01_CDX_RHI.IQ,background_iq,background,background_iq,.iq,53606048,,RSTM,18,1,10,ST001,成都远望,46.862552642822266,83.09510040283203,RHI,RHI,俯仰扫描,2,2,2000,2025-04-25T08:56:22+00:00,2025-04-25T10:35:10.444000+00:00,-5928.444,544,source_directory_only_unverified,unverified,unverified
background_iq/ST001_20250425_103512_808_01_CDX_PPI.IQ,background_iq,background,background_iq,.iq,778721504,,RSTM,18,1,10,ST001,成都远望,46.862552642822266,83.09510040283203,PPI,PPI,方位扫描,2,1,1000,2025-04-25T10:35:12+00:00,2025-04-25T10:35:12.808000+00:00,-0.808,544,source_directory_only_unverified,unverified,unverified
background_iq/ST001_20250425_103537_522_01_CDX_PPI.IQ,background_iq,background,background_iq,.iq,138911840,,RSTM,18,1,10,ST001,成都远望,46.862552642822266,83.09510040283203,PPI,PPI,方位扫描,2,1,1000,2025-04-25T10:35:37+00:00,2025-04-25T10:35:37.522000+00:00,-0.522,544,source_directory_only_unverified,unverified,unverified
background_products_bz2/Z_RADR_I_ST001_20250425071824_O_DOR-CUT_YLD6-D_CAP_10_2_FMT.bin.bz2,background_products_bz2,background_product,background_product,.bin.bz2,799624,,RSTM,2,0,1,ST001,成都远望,46.862548828125,83.09510040283203,FMT,VCPtest1,,3,0,40000,2025-04-25T07:18:24+00:00,2025-04-25T07:18:24+00:00,0.000,544,source_directory_only_unverified,unverified,unverified
background_products_bz2/Z_RADR_I_ST001_20250425071824_O_DOR-CUT_YLD6-D_CAP_5_1_FMT.bin.bz2,background_products_bz2,background_product,background_product,.bin.bz2,776879,,RSTM,2,0,1,ST001,成都远望,46.862548828125,83.09510040283203,FMT,VCPtest1,,3,0,40000,2025-04-25T07:18:24+00:00,2025-04-25T07:18:24+00:00,0.000,544,source_directory_only_unverified,unverified,unverified
background_products_bz2/Z_RADR_I_ST001_20250425072843_O_DOR-CUT_YLD6-D_CAP_520_1_FMT.bin.bz2,background_products_bz2,background_product,background_product,.bin.bz2,953991,,RSTM,2,0,1,ST001,成都远望,46.862548828125,83.09510040283203,FMT,PPI,,3,1,1000,2025-04-25T07:28:43+00:00,2025-04-25T07:28:43+00:00,0.000,544,source_directory_only_unverified,unverified,unverified
background_products_bz2/Z_RADR_I_ST001_20250425072907_O_DOR-CUT_YLD6-D_CAP_520_1_FMT.bin.bz2,background_products_bz2,background_product,background_product,.bin.bz2,953740,,RSTM,2,0,1,ST001,成都远望,46.862548828125,83.09510040283203,FMT,PPI,,3,1,1000,2025-04-25T07:29:07+00:00,2025-04-25T07:29:07+00:00,0.000,544,source_directory_only_unverified,unverified,unverified
background_products_bz2/Z_RADR_I_ST001_20250425072932_O_DOR-CUT_YLD6-D_CAP_520_1_FMT.bin.bz2,background_products_bz2,background_product,background_product,.bin.bz2,951681,,RSTM,2,0,1,ST001,成都远望,46.862548828125,83.09510040283203,FMT,PPI,,3,1,1000,2025-04-25T07:29:32+00:00,2025-04-25T07:29:32+00:00,0.000,544,source_directory_only_unverified,unverified,unverified
background_products_bz2/Z_RADR_I_ST001_20250425073701_O_DOR-CUT_YLD6-D_CAP_10_1_FMT.bin.bz2,background_products_bz2,background_product,background_product,.bin.bz2,4713708,,RSTM,2,0,1,ST001,成都远望,46.862548828125,83.09510040283203,FMT,PPI,,3,1,1000,2025-04-25T07:37:01+00:00,2025-04-25T07:37:01+00:00,0.000,544,source_directory_only_unverified,unverified,unverified
background_products_bz2/Z_RADR_I_ST001_20250425073726_O_DOR-CUT_YLD6-D_CAP_10_1_FMT.bin.bz2,background_products_bz2,background_product,background_product,.bin.bz2,4708820,,RSTM,2,0,1,ST001,成都远望,46.862548828125,83.09510040283203,FMT,PPI,,3,1,1000,2025-04-25T07:37:26+00:00,2025-04-25T07:37:26+00:00,0.000,544,source_directory_only_unverified,unverified,unverified
background_products_bz2/Z_RADR_I_ST001_20250425073924_O_DOR-CUT_YLD6-D_CAP_10_1_FMT.bin.bz2,background_products_bz2,background_product,background_product,.bin.bz2,4703863,,RSTM,2,0,1,ST001,成都远望,46.862548828125,83.09510040283203,FMT,PPI,,3,1,1000,2025-04-25T07:39:24+00:00,2025-04-25T07:39:24+00:00,0.000,544,source_directory_only_unverified,unverified,unverified
background_products_bz2/Z_RADR_I_ST001_20250425073949_O_DOR-CUT_YLD6-D_CAP_10_1_FMT.bin.bz2,background_products_bz2,background_product,background_product,.bin.bz2,4705006,,RSTM,2,0,1,ST001,成都远望,46.862548828125,83.09510040283203,FMT,PPI,,3,1,1000,2025-04-25T07:39:49+00:00,2025-04-25T07:39:49+00:00,0.000,544,source_directory_only_unverified,unverified,unverified
background_products_bz2/Z_RADR_I_ST001_20250425074014_O_DOR-CUT_YLD6-D_CAP_10_1_FMT.bin.bz2,background_products_bz2,background_product,background_product,.bin.bz2,4699370,,RSTM,2,0,1,ST001,成都远望,46.862548828125,83.09510040283203,FMT,PPI,,3,1,1000,2025-04-25T07:40:14+00:00,2025-04-25T07:40:14+00:00,0.000,544,source_directory_only_unverified,unverified,unverified
background_products_bz2/Z_RADR_I_ST001_20250425074341_O_DOR_YLD6-D_RHI_FMT.bin.bz2,background_products_bz2,background_product,background_product,.bin.bz2,890681,,RSTM,2,0,1,ST001,成都远望,46.862548828125,83.09510040283203,FMT,RHI,,3,2,2000,2025-04-25T07:43:41+00:00,2025-04-25T07:43:41+00:00,0.000,544,source_directory_only_unverified,unverified,unverified
background_products_bz2/Z_RADR_I_ST001_20250425074350_O_DOR_YLD6-D_RHI_FMT.bin.bz2,background_products_bz2,background_product,background_product,.bin.bz2,890755,,RSTM,2,0,1,ST001,成都远望,46.862548828125,83.09510040283203,FMT,RHI,,3,2,2000,2025-04-25T07:43:50+00:00,2025-04-25T07:43:50+00:00,0.000,544,source_directory_only_unverified,unverified,unverified
background_products_bz2/Z_RADR_I_ST001_20250425074400_O_DOR_YLD6-D_RHI_FMT.bin.bz2,background_products_bz2,background_product,background_product,.bin.bz2,890791,,RSTM,2,0,1,ST001,成都远望,46.862548828125,83.09510040283203,FMT,RHI,,3,2,2000,2025-04-25T07:44:00+00:00,2025-04-25T07:44:00+00:00,0.000,544,source_directory_only_unverified,unverified,unverified
background_products_bz2/Z_RADR_I_ST001_20250425074410_O_DOR_YLD6-D_RHI_FMT.bin.bz2,background_products_bz2,background_product,background_product,.bin.bz2,890050,,RSTM,2,0,1,ST001,成都远望,46.862548828125,83.09510040283203,FMT,RHI,,3,2,2000,2025-04-25T07:44:10+00:00,2025-04-25T07:44:10+00:00,0.000,544,source_directory_only_unverified,unverified,unverified
background_products_bz2/Z_RADR_I_ST001_20250425074420_O_DOR_YLD6-D_RHI_FMT.bin.bz2,background_products_bz2,background_product,background_product,.bin.bz2,889893,,RSTM,2,0,1,ST001,成都远望,46.862548828125,83.09510040283203,FMT,RHI,,3,2,2000,2025-04-25T07:44:20+00:00,2025-04-25T07:44:20+00:00,0.000,544,source_directory_only_unverified,unverified,unverified
background_products_bz2/Z_RADR_I_ST001_20250425074430_O_DOR_YLD6-D_RHI_FMT.bin.bz2,background_products_bz2,background_product,background_product,.bin.bz2,890143,,RSTM,2,0,1,ST001,成都远望,46.862548828125,83.09510040283203,FMT,RHI,,3,2,2000,2025-04-25T07:44:30+00:00,2025-04-25T07:44:30+00:00,0.000,544,source_directory_only_unverified,unverified,unverified
background_products_bz2/Z_RADR_I_ST001_20250425074440_O_DOR_YLD6-D_RHI_FMT.bin.bz2,background_products_bz2,background_product,background_product,.bin.bz2,890458,,RSTM,2,0,1,ST001,成都远望,46.862548828125,83.09510040283203,FMT,RHI,,3,2,2000,2025-04-25T07:44:40+00:00,2025-04-25T07:44:40+00:00,0.000,544,source_directory_only_unverified,unverified,unverified
background_products_bz2/Z_RADR_I_ST001_20250425074450_O_DOR_YLD6-D_RHI_FMT.bin.bz2,background_products_bz2,background_product,background_product,.bin.bz2,889845,,RSTM,2,0,1,ST001,成都远望,46.862548828125,83.09510040283203,FMT,RHI,,3,2,2000,2025-04-25T07:44:50+00:00,2025-04-25T07:44:50+00:00,0.000,544,source_directory_only_unverified,unverified,unverified
background_products_bz2/Z_RADR_I_ST001_20250425074500_O_DOR_YLD6-D_RHI_FMT.bin.bz2,background_products_bz2,background_product,background_product,.bin.bz2,890212,,RSTM,2,0,1,ST001,成都远望,46.862548828125,83.09510040283203,FMT,RHI,,3,2,2000,2025-04-25T07:45:00+00:00,2025-04-25T07:45:00+00:00,0.000,544,source_directory_only_unverified,unverified,unverified
background_products_bz2/Z_RADR_I_ST001_20250425074509_O_DOR_YLD6-D_RHI_FMT.bin.bz2,background_products_bz2,background_product,background_product,.bin.bz2,889560,,RSTM,2,0,1,ST001,成都远望,46.862548828125,83.09510040283203,FMT,RHI,,3,2,2000,2025-04-25T07:45:09+00:00,2025-04-25T07:45:09+00:00,0.000,544,source_directory_only_unverified,unverified,unverified
background_products_bz2/Z_RADR_I_ST001_20250425074519_O_DOR_YLD6-D_RHI_FMT.bin.bz2,background_products_bz2,background_product,background_product,.bin.bz2,889052,,RSTM,2,0,1,ST001,成都远望,46.862548828125,83.09510040283203,FMT,RHI,,3,2,2000,2025-04-25T07:45:19+00:00,2025-04-25T07:45:19+00:00,0.000,544,source_directory_only_unverified,unverified,unverified
background_products_bz2/Z_RADR_I_ST001_20250425074530_O_DOR_YLD6-D_RHI_FMT.bin.bz2,background_products_bz2,background_product,background_product,.bin.bz2,890160,,RSTM,2,0,1,ST001,成都远望,46.862548828125,83.09510040283203,FMT,RHI,,3,2,2000,2025-04-25T07:45:30+00:00,2025-04-25T07:45:30+00:00,0.000,544,source_directory_only_unverified,unverified,unverified
background_products_bz2/Z_RADR_I_ST001_20250425074540_O_DOR_YLD6-D_RHI_FMT.bin.bz2,background_products_bz2,background_product,background_product,.bin.bz2,889430,,RSTM,2,0,1,ST001,成都远望,46.862548828125,83.09510040283203,FMT,RHI,,3,2,2000,2025-04-25T07:45:40+00:00,2025-04-25T07:45:40+00:00,0.000,544,source_directory_only_unverified,unverified,unverified
background_products_bz2/Z_RADR_I_ST001_20250425074550_O_DOR_YLD6-D_RHI_FMT.bin.bz2,background_products_bz2,background_product,background_product,.bin.bz2,890424,,RSTM,2,0,1,ST001,成都远望,46.862548828125,83.09510040283203,FMT,RHI,,3,2,2000,2025-04-25T07:45:50+00:00,2025-04-25T07:45:50+00:00,0.000,544,source_directory_only_unverified,unverified,unverified
background_products_bz2/Z_RADR_I_ST001_20250425074559_O_DOR_YLD6-D_RHI_FMT.bin.bz2,background_products_bz2,background_product,background_product,.bin.bz2,889712,,RSTM,2,0,1,ST001,成都远望,46.862548828125,83.09510040283203,FMT,RHI,,3,2,2000,2025-04-25T07:45:59+00:00,2025-04-25T07:45:59+00:00,0.000,544,source_directory_only_unverified,unverified,unverified
background_products_bz2/Z_RADR_I_ST001_20250425074609_O_DOR_YLD6-D_RHI_FMT.bin.bz2,background_products_bz2,background_product,background_product,.bin.bz2,891024,,RSTM,2,0,1,ST001,成都远望,46.862548828125,83.09510040283203,FMT,RHI,,3,2,2000,2025-04-25T07:46:09+00:00,2025-04-25T07:46:09+00:00,0.000,544,source_directory_only_unverified,unverified,unverified
background_products_bz2/Z_RADR_I_ST001_20250425074849_O_DOR-CUT_YLD6-D_CAP_30_1_FMT.bin.bz2,background_products_bz2,background_product,background_product,.bin.bz2,4689441,,RSTM,2,0,1,ST001,成都远望,46.862548828125,83.09510040283203,FMT,PPI,,3,1,1000,2025-04-25T07:48:49+00:00,2025-04-25T07:48:49+00:00,0.000,544,source_directory_only_unverified,unverified,unverified
background_products_bz2/Z_RADR_I_ST001_20250425074914_O_DOR-CUT_YLD6-D_CAP_30_1_FMT.bin.bz2,background_products_bz2,background_product,background_product,.bin.bz2,4680003,,RSTM,2,0,1,ST001,成都远望,46.862548828125,83.09510040283203,FMT,PPI,,3,1,1000,2025-04-25T07:49:14+00:00,2025-04-25T07:49:14+00:00,0.000,544,source_directory_only_unverified,unverified,unverified
background_products_bz2/Z_RADR_I_ST001_20250425074939_O_DOR-CUT_YLD6-D_CAP_30_1_FMT.bin.bz2,background_products_bz2,background_product,background_product,.bin.bz2,4677952,,RSTM,2,0,1,ST001,成都远望,46.862548828125,83.09510040283203,FMT,PPI,,3,1,1000,2025-04-25T07:49:39+00:00,2025-04-25T07:49:39+00:00,0.000,544,source_directory_only_unverified,unverified,unverified
background_products_bz2/Z_RADR_I_ST001_20250425075308_O_DOR-CUT_YLD6-D_CAP_30_1_FMT.bin.bz2,background_products_bz2,background_product,background_product,.bin.bz2,4676314,,RSTM,2,0,1,ST001,成都远望,46.862548828125,83.09510040283203,FMT,PPI,,3,1,1000,2025-04-25T07:53:08+00:00,2025-04-25T07:53:08+00:00,0.000,544,source_directory_only_unverified,unverified,unverified
background_products_bz2/Z_RADR_I_ST001_20250425075333_O_DOR-CUT_YLD6-D_CAP_30_1_FMT.bin.bz2,background_products_bz2,background_product,background_product,.bin.bz2,4687871,,RSTM,2,0,1,ST001,成都远望,46.862548828125,83.09510040283203,FMT,PPI,,3,1,1000,2025-04-25T07:53:33+00:00,2025-04-25T07:53:33+00:00,0.000,544,source_directory_only_unverified,unverified,unverified
background_products_bz2/Z_RADR_I_ST001_20250425075358_O_DOR-CUT_YLD6-D_CAP_30_1_FMT.bin.bz2,background_products_bz2,background_product,background_product,.bin.bz2,4686679,,RSTM,2,0,1,ST001,成都远望,46.862548828125,83.09510040283203,FMT,PPI,,3,1,1000,2025-04-25T07:53:58+00:00,2025-04-25T07:53:58+00:00,0.000,544,source_directory_only_unverified,unverified,unverified
background_products_bz2/Z_RADR_I_ST001_20250425075422_O_DOR-CUT_YLD6-D_CAP_30_1_FMT.bin.bz2,background_products_bz2,background_product,background_product,.bin.bz2,4689612,,RSTM,2,0,1,ST001,成都远望,46.862548828125,83.09510040283203,FMT,PPI,,3,1,1000,2025-04-25T07:54:22+00:00,2025-04-25T07:54:22+00:00,0.000,544,source_directory_only_unverified,unverified,unverified
background_products_bz2/Z_RADR_I_ST001_20250425075447_O_DOR-CUT_YLD6-D_CAP_30_1_FMT.bin.bz2,background_products_bz2,background_product,background_product,.bin.bz2,4687337,,RSTM,2,0,1,ST001,成都远望,46.862548828125,83.09510040283203,FMT,PPI,,3,1,1000,2025-04-25T07:54:47+00:00,2025-04-25T07:54:47+00:00,0.000,544,source_directory_only_unverified,unverified,unverified
background_products_bz2/Z_RADR_I_ST001_20250425075512_O_DOR-CUT_YLD6-D_CAP_30_1_FMT.bin.bz2,background_products_bz2,background_product,background_product,.bin.bz2,4689652,,RSTM,2,0,1,ST001,成都远望,46.862548828125,83.09510040283203,FMT,PPI,,3,1,1000,2025-04-25T07:55:12+00:00,2025-04-25T07:55:12+00:00,0.000,544,source_directory_only_unverified,unverified,unverified
background_products_bz2/Z_RADR_I_ST001_20250425075536_O_DOR-CUT_YLD6-D_CAP_30_1_FMT.bin.bz2,background_products_bz2,background_product,background_product,.bin.bz2,4682442,,RSTM,2,0,1,ST001,成都远望,46.862548828125,83.09510040283203,FMT,PPI,,3,1,1000,2025-04-25T07:55:36+00:00,2025-04-25T07:55:36+00:00,0.000,544,source_directory_only_unverified,unverified,unverified
background_products_bz2/Z_RADR_I_ST001_20250425075601_O_DOR-CUT_YLD6-D_CAP_30_1_FMT.bin.bz2,background_products_bz2,background_product,background_product,.bin.bz2,4686026,,RSTM,2,0,1,ST001,成都远望,46.862548828125,83.09510040283203,FMT,PPI,,3,1,1000,2025-04-25T07:56:01+00:00,2025-04-25T07:56:01+00:00,0.000,544,source_directory_only_unverified,unverified,unverified
background_products_bz2/Z_RADR_I_ST001_20250425075626_O_DOR-CUT_YLD6-D_CAP_30_1_FMT.bin.bz2,background_products_bz2,background_product,background_product,.bin.bz2,4699203,,RSTM,2,0,1,ST001,成都远望,46.862548828125,83.09510040283203,FMT,PPI,,3,1,1000,2025-04-25T07:56:26+00:00,2025-04-25T07:56:26+00:00,0.000,544,source_directory_only_unverified,unverified,unverified
background_products_bz2/Z_RADR_I_ST001_20250425075651_O_DOR-CUT_YLD6-D_CAP_30_1_FMT.bin.bz2,background_products_bz2,background_product,background_product,.bin.bz2,4687973,,RSTM,2,0,1,ST001,成都远望,46.862548828125,83.09510040283203,FMT,PPI,,3,1,1000,2025-04-25T07:56:51+00:00,2025-04-25T07:56:51+00:00,0.000,544,source_directory_only_unverified,unverified,unverified
background_products_bz2/Z_RADR_I_ST001_20250425075716_O_DOR-CUT_YLD6-D_CAP_30_1_FMT.bin.bz2,background_products_bz2,background_product,background_product,.bin.bz2,4689102,,RSTM,2,0,1,ST001,成都远望,46.862548828125,83.09510040283203,FMT,PPI,,3,1,1000,2025-04-25T07:57:16+00:00,2025-04-25T07:57:16+00:00,0.000,544,source_directory_only_unverified,unverified,unverified
background_products_bz2/Z_RADR_I_ST001_20250425075740_O_DOR-CUT_YLD6-D_CAP_30_1_FMT.bin.bz2,background_products_bz2,background_product,background_product,.bin.bz2,4690196,,RSTM,2,0,1,ST001,成都远望,46.862548828125,83.09510040283203,FMT,PPI,,3,1,1000,2025-04-25T07:57:40+00:00,2025-04-25T07:57:40+00:00,0.000,544,source_directory_only_unverified,unverified,unverified
background_products_bz2/Z_RADR_I_ST001_20250425075805_O_DOR-CUT_YLD6-D_CAP_30_1_FMT.bin.bz2,background_products_bz2,background_product,background_product,.bin.bz2,4688760,,RSTM,2,0,1,ST001,成都远望,46.862548828125,83.09510040283203,FMT,PPI,,3,1,1000,2025-04-25T07:58:05+00:00,2025-04-25T07:58:05+00:00,0.000,544,source_directory_only_unverified,unverified,unverified
background_products_bz2/Z_RADR_I_ST001_20250425075830_O_DOR-CUT_YLD6-D_CAP_30_1_FMT.bin.bz2,background_products_bz2,background_product,background_product,.bin.bz2,4682418,,RSTM,2,0,1,ST001,成都远望,46.862548828125,83.09510040283203,FMT,PPI,,3,1,1000,2025-04-25T07:58:30+00:00,2025-04-25T07:58:30+00:00,0.000,544,source_directory_only_unverified,unverified,unverified
background_products_bz2/Z_RADR_I_ST001_20250425075854_O_DOR-CUT_YLD6-D_CAP_30_1_FMT.bin.bz2,background_products_bz2,background_product,background_product,.bin.bz2,4685926,,RSTM,2,0,1,ST001,成都远望,46.862548828125,83.09510040283203,FMT,PPI,,3,1,1000,2025-04-25T07:58:54+00:00,2025-04-25T07:58:54+00:00,0.000,544,source_directory_only_unverified,unverified,unverified
background_products_bz2/Z_RADR_I_ST001_20250425075919_O_DOR-CUT_YLD6-D_CAP_30_1_FMT.bin.bz2,background_products_bz2,background_product,background_product,.bin.bz2,4687096,,RSTM,2,0,1,ST001,成都远望,46.862548828125,83.09510040283203,FMT,PPI,,3,1,1000,2025-04-25T07:59:19+00:00,2025-04-25T07:59:19+00:00,0.000,544,source_directory_only_unverified,unverified,unverified
background_products_bz2/Z_RADR_I_ST001_20250425075944_O_DOR-CUT_YLD6-D_CAP_30_1_FMT.bin.bz2,background_products_bz2,background_product,background_product,.bin.bz2,4691284,,RSTM,2,0,1,ST001,成都远望,46.862548828125,83.09510040283203,FMT,PPI,,3,1,1000,2025-04-25T07:59:44+00:00,2025-04-25T07:59:44+00:00,0.000,544,source_directory_only_unverified,unverified,unverified
background_products_bz2/Z_RADR_I_ST001_20250425080009_O_DOR-CUT_YLD6-D_CAP_30_1_FMT.bin.bz2,background_products_bz2,background_product,background_product,.bin.bz2,4690293,,RSTM,2,0,1,ST001,成都远望,46.862548828125,83.09510040283203,FMT,PPI,,3,1,1000,2025-04-25T08:00:09+00:00,2025-04-25T08:00:09+00:00,0.000,544,source_directory_only_unverified,unverified,unverified
background_products_bz2/Z_RADR_I_ST001_20250425080033_O_DOR-CUT_YLD6-D_CAP_30_1_FMT.bin.bz2,background_products_bz2,background_product,background_product,.bin.bz2,4689772,,RSTM,2,0,1,ST001,成都远望,46.862548828125,83.09510040283203,FMT,PPI,,3,1,1000,2025-04-25T08:00:33+00:00,2025-04-25T08:00:33+00:00,0.000,544,source_directory_only_unverified,unverified,unverified
background_products_bz2/Z_RADR_I_ST001_20250425080058_O_DOR-CUT_YLD6-D_CAP_30_1_FMT.bin.bz2,background_products_bz2,background_product,background_product,.bin.bz2,4689794,,RSTM,2,0,1,ST001,成都远望,46.862548828125,83.09510040283203,FMT,PPI,,3,1,1000,2025-04-25T08:00:58+00:00,2025-04-25T08:00:58+00:00,0.000,544,source_directory_only_unverified,unverified,unverified
background_products_bz2/Z_RADR_I_ST001_20250425080123_O_DOR-CUT_YLD6-D_CAP_30_1_FMT.bin.bz2,background_products_bz2,background_product,background_product,.bin.bz2,4690647,,RSTM,2,0,1,ST001,成都远望,46.862548828125,83.09510040283203,FMT,PPI,,3,1,1000,2025-04-25T08:01:23+00:00,2025-04-25T08:01:23+00:00,0.000,544,source_directory_only_unverified,unverified,unverified
background_products_bz2/Z_RADR_I_ST001_20250425080148_O_DOR-CUT_YLD6-D_CAP_30_1_FMT.bin.bz2,background_products_bz2,background_product,background_product,.bin.bz2,4684221,,RSTM,2,0,1,ST001,成都远望,46.862548828125,83.09510040283203,FMT,PPI,,3,1,1000,2025-04-25T08:01:48+00:00,2025-04-25T08:01:48+00:00,0.000,544,source_directory_only_unverified,unverified,unverified
background_products_bz2/Z_RADR_I_ST001_20250425084907_O_DOR-CUT_YLD6-D_CAP_30_1_FMT.bin.bz2,background_products_bz2,background_product,background_product,.bin.bz2,4691506,,RSTM,2,0,1,ST001,成都远望,46.862548828125,83.09510040283203,FMT,PPI,,3,1,1000,2025-04-25T08:49:07+00:00,2025-04-25T08:49:07+00:00,0.000,544,source_directory_only_unverified,unverified,unverified
background_products_bz2/Z_RADR_I_ST001_20250425084931_O_DOR-CUT_YLD6-D_CAP_30_1_FMT.bin.bz2,background_products_bz2,background_product,background_product,.bin.bz2,4683775,,RSTM,2,0,1,ST001,成都远望,46.862548828125,83.09510040283203,FMT,PPI,,3,1,1000,2025-04-25T08:49:31+00:00,2025-04-25T08:49:31+00:00,0.000,544,source_directory_only_unverified,unverified,unverified
background_products_bz2/Z_RADR_I_ST001_20250425084956_O_DOR-CUT_YLD6-D_CAP_30_1_FMT.bin.bz2,background_products_bz2,background_product,background_product,.bin.bz2,4693619,,RSTM,2,0,1,ST001,成都远望,46.862548828125,83.09510040283203,FMT,PPI,,3,1,1000,2025-04-25T08:49:56+00:00,2025-04-25T08:49:56+00:00,0.000,544,source_directory_only_unverified,unverified,unverified
background_products_bz2/Z_RADR_I_ST001_20250425085021_O_DOR-CUT_YLD6-D_CAP_30_1_FMT.bin.bz2,background_products_bz2,background_product,background_product,.bin.bz2,4687682,,RSTM,2,0,1,ST001,成都远望,46.862548828125,83.09510040283203,FMT,PPI,,3,1,1000,2025-04-25T08:50:21+00:00,2025-04-25T08:50:21+00:00,0.000,544,source_directory_only_unverified,unverified,unverified
background_products_bz2/Z_RADR_I_ST001_20250425085045_O_DOR-CUT_YLD6-D_CAP_30_1_FMT.bin.bz2,background_products_bz2,background_product,background_product,.bin.bz2,4682487,,RSTM,2,0,1,ST001,成都远望,46.862548828125,83.09510040283203,FMT,PPI,,3,1,1000,2025-04-25T08:50:45+00:00,2025-04-25T08:50:45+00:00,0.000,544,source_directory_only_unverified,unverified,unverified
background_products_bz2/Z_RADR_I_ST001_20250425085110_O_DOR-CUT_YLD6-D_CAP_30_1_FMT.bin.bz2,background_products_bz2,background_product,background_product,.bin.bz2,4687408,,RSTM,2,0,1,ST001,成都远望,46.862548828125,83.09510040283203,FMT,PPI,,3,1,1000,2025-04-25T08:51:10+00:00,2025-04-25T08:51:10+00:00,0.000,544,source_directory_only_unverified,unverified,unverified
background_products_bz2/Z_RADR_I_ST001_20250425085135_O_DOR-CUT_YLD6-D_CAP_30_1_FMT.bin.bz2,background_products_bz2,background_product,background_product,.bin.bz2,4688270,,RSTM,2,0,1,ST001,成都远望,46.862548828125,83.09510040283203,FMT,PPI,,3,1,1000,2025-04-25T08:51:35+00:00,2025-04-25T08:51:35+00:00,0.000,544,source_directory_only_unverified,unverified,unverified
background_products_bz2/Z_RADR_I_ST001_20250425085200_O_DOR-CUT_YLD6-D_CAP_30_1_FMT.bin.bz2,background_products_bz2,background_product,background_product,.bin.bz2,4688022,,RSTM,2,0,1,ST001,成都远望,46.862548828125,83.09510040283203,FMT,PPI,,3,1,1000,2025-04-25T08:52:00+00:00,2025-04-25T08:52:00+00:00,0.000,544,source_directory_only_unverified,unverified,unverified
background_products_bz2/Z_RADR_I_ST001_20250425085224_O_DOR-CUT_YLD6-D_CAP_30_1_FMT.bin.bz2,background_products_bz2,background_product,background_product,.bin.bz2,4688352,,RSTM,2,0,1,ST001,成都远望,46.862548828125,83.09510040283203,FMT,PPI,,3,1,1000,2025-04-25T08:52:24+00:00,2025-04-25T08:52:24+00:00,0.000,544,source_directory_only_unverified,unverified,unverified
background_products_bz2/Z_RADR_I_ST001_20250425085305_O_DOR_YLD6-D_RHI_FMT.bin.bz2,background_products_bz2,background_product,background_product,.bin.bz2,888536,,RSTM,2,0,1,ST001,成都远望,46.862548828125,83.09510040283203,FMT,RHI,,3,2,2000,2025-04-25T08:53:05+00:00,2025-04-25T08:53:05+00:00,0.000,544,source_directory_only_unverified,unverified,unverified
background_products_bz2/Z_RADR_I_ST001_20250425085315_O_DOR_YLD6-D_RHI_FMT.bin.bz2,background_products_bz2,background_product,background_product,.bin.bz2,888997,,RSTM,2,0,1,ST001,成都远望,46.862548828125,83.09510040283203,FMT,RHI,,3,2,2000,2025-04-25T08:53:15+00:00,2025-04-25T08:53:15+00:00,0.000,544,source_directory_only_unverified,unverified,unverified
background_products_bz2/Z_RADR_I_ST001_20250425085325_O_DOR_YLD6-D_RHI_FMT.bin.bz2,background_products_bz2,background_product,background_product,.bin.bz2,890501,,RSTM,2,0,1,ST001,成都远望,46.862548828125,83.09510040283203,FMT,RHI,,3,2,2000,2025-04-25T08:53:25+00:00,2025-04-25T08:53:25+00:00,0.000,544,source_directory_only_unverified,unverified,unverified
background_products_bz2/Z_RADR_I_ST001_20250425085335_O_DOR_YLD6-D_RHI_FMT.bin.bz2,background_products_bz2,background_product,background_product,.bin.bz2,888954,,RSTM,2,0,1,ST001,成都远望,46.862548828125,83.09510040283203,FMT,RHI,,3,2,2000,2025-04-25T08:53:35+00:00,2025-04-25T08:53:35+00:00,0.000,544,source_directory_only_unverified,unverified,unverified
background_products_bz2/Z_RADR_I_ST001_20250425085345_O_DOR_YLD6-D_RHI_FMT.bin.bz2,background_products_bz2,background_product,background_product,.bin.bz2,889560,,RSTM,2,0,1,ST001,成都远望,46.862548828125,83.09510040283203,FMT,RHI,,3,2,2000,2025-04-25T08:53:45+00:00,2025-04-25T08:53:45+00:00,0.000,544,source_directory_only_unverified,unverified,unverified
background_products_bz2/Z_RADR_I_ST001_20250425085355_O_DOR_YLD6-D_RHI_FMT.bin.bz2,background_products_bz2,background_product,background_product,.bin.bz2,888932,,RSTM,2,0,1,ST001,成都远望,46.862548828125,83.09510040283203,FMT,RHI,,3,2,2000,2025-04-25T08:53:55+00:00,2025-04-25T08:53:55+00:00,0.000,544,source_directory_only_unverified,unverified,unverified
background_products_bz2/Z_RADR_I_ST001_20250425085405_O_DOR_YLD6-D_RHI_FMT.bin.bz2,background_products_bz2,background_product,background_product,.bin.bz2,889985,,RSTM,2,0,1,ST001,成都远望,46.862548828125,83.09510040283203,FMT,RHI,,3,2,2000,2025-04-25T08:54:05+00:00,2025-04-25T08:54:05+00:00,0.000,544,source_directory_only_unverified,unverified,unverified
background_products_bz2/Z_RADR_I_ST001_20250425085415_O_DOR_YLD6-D_RHI_FMT.bin.bz2,background_products_bz2,background_product,background_product,.bin.bz2,889443,,RSTM,2,0,1,ST001,成都远望,46.862548828125,83.09510040283203,FMT,RHI,,3,2,2000,2025-04-25T08:54:15+00:00,2025-04-25T08:54:15+00:00,0.000,544,source_directory_only_unverified,unverified,unverified
background_products_bz2/Z_RADR_I_ST001_20250425085424_O_DOR_YLD6-D_RHI_FMT.bin.bz2,background_products_bz2,background_product,background_product,.bin.bz2,889424,,RSTM,2,0,1,ST001,成都远望,46.862548828125,83.09510040283203,FMT,RHI,,3,2,2000,2025-04-25T08:54:24+00:00,2025-04-25T08:54:24+00:00,0.000,544,source_directory_only_unverified,unverified,unverified
background_products_bz2/Z_RADR_I_ST001_20250425085434_O_DOR_YLD6-D_RHI_FMT.bin.bz2,background_products_bz2,background_product,background_product,.bin.bz2,888684,,RSTM,2,0,1,ST001,成都远望,46.862548828125,83.09510040283203,FMT,RHI,,3,2,2000,2025-04-25T08:54:34+00:00,2025-04-25T08:54:34+00:00,0.000,544,source_directory_only_unverified,unverified,unverified
background_products_bz2/Z_RADR_I_ST001_20250425085444_O_DOR_YLD6-D_RHI_FMT.bin.bz2,background_products_bz2,background_product,background_product,.bin.bz2,889239,,RSTM,2,0,1,ST001,成都远望,46.862548828125,83.09510040283203,FMT,RHI,,3,2,2000,2025-04-25T08:54:44+00:00,2025-04-25T08:54:44+00:00,0.000,544,source_directory_only_unverified,unverified,unverified
background_products_bz2/Z_RADR_I_ST001_20250425085454_O_DOR_YLD6-D_RHI_FMT.bin.bz2,background_products_bz2,background_product,background_product,.bin.bz2,889196,,RSTM,2,0,1,ST001,成都远望,46.862548828125,83.09510040283203,FMT,RHI,,3,2,2000,2025-04-25T08:54:54+00:00,2025-04-25T08:54:54+00:00,0.000,544,source_directory_only_unverified,unverified,unverified
background_products_bz2/Z_RADR_I_ST001_20250425085504_O_DOR_YLD6-D_RHI_FMT.bin.bz2,background_products_bz2,background_product,background_product,.bin.bz2,890148,,RSTM,2,0,1,ST001,成都远望,46.862548828125,83.09510040283203,FMT,RHI,,3,2,2000,2025-04-25T08:55:04+00:00,2025-04-25T08:55:04+00:00,0.000,544,source_directory_only_unverified,unverified,unverified
background_products_bz2/Z_RADR_I_ST001_20250425085514_O_DOR_YLD6-D_RHI_FMT.bin.bz2,background_products_bz2,background_product,background_product,.bin.bz2,890465,,RSTM,2,0,1,ST001,成都远望,46.862548828125,83.09510040283203,FMT,RHI,,3,2,2000,2025-04-25T08:55:14+00:00,2025-04-25T08:55:14+00:00,0.000,544,source_directory_only_unverified,unverified,unverified
background_products_bz2/Z_RADR_I_ST001_20250425085523_O_DOR_YLD6-D_RHI_FMT.bin.bz2,background_products_bz2,background_product,background_product,.bin.bz2,889820,,RSTM,2,0,1,ST001,成都远望,46.862548828125,83.09510040283203,FMT,RHI,,3,2,2000,2025-04-25T08:55:23+00:00,2025-04-25T08:55:23+00:00,0.000,544,source_directory_only_unverified,unverified,unverified
background_products_bz2/Z_RADR_I_ST001_20250425085533_O_DOR_YLD6-D_RHI_FMT.bin.bz2,background_products_bz2,background_product,background_product,.bin.bz2,888703,,RSTM,2,0,1,ST001,成都远望,46.862548828125,83.09510040283203,FMT,RHI,,3,2,2000,2025-04-25T08:55:33+00:00,2025-04-25T08:55:33+00:00,0.000,544,source_directory_only_unverified,unverified,unverified
background_products_bz2/Z_RADR_I_ST001_20250425085543_O_DOR_YLD6-D_RHI_FMT.bin.bz2,background_products_bz2,background_product,background_product,.bin.bz2,890183,,RSTM,2,0,1,ST001,成都远望,46.862548828125,83.09510040283203,FMT,RHI,,3,2,2000,2025-04-25T08:55:43+00:00,2025-04-25T08:55:43+00:00,0.000,544,source_directory_only_unverified,unverified,unverified
background_products_bz2/Z_RADR_I_ST001_20250425085553_O_DOR_YLD6-D_RHI_FMT.bin.bz2,background_products_bz2,background_product,background_product,.bin.bz2,889836,,RSTM,2,0,1,ST001,成都远望,46.862548828125,83.09510040283203,FMT,RHI,,3,2,2000,2025-04-25T08:55:53+00:00,2025-04-25T08:55:53+00:00,0.000,544,source_directory_only_unverified,unverified,unverified
background_products_bz2/Z_RADR_I_ST001_20250425085603_O_DOR_YLD6-D_RHI_FMT.bin.bz2,background_products_bz2,background_product,background_product,.bin.bz2,888074,,RSTM,2,0,1,ST001,成都远望,46.862548828125,83.09510040283203,FMT,RHI,,3,2,2000,2025-04-25T08:56:03+00:00,2025-04-25T08:56:03+00:00,0.000,544,source_directory_only_unverified,unverified,unverified
background_products_bz2/Z_RADR_I_ST001_20250425085613_O_DOR_YLD6-D_RHI_FMT.bin.bz2,background_products_bz2,background_product,background_product,.bin.bz2,887860,,RSTM,2,0,1,ST001,成都远望,46.862548828125,83.09510040283203,FMT,RHI,,3,2,2000,2025-04-25T08:56:13+00:00,2025-04-25T08:56:13+00:00,0.000,544,source_directory_only_unverified,unverified,unverified
background_products_bz2/Z_RADR_I_ST001_20250425085623_O_DOR_YLD6-D_RHI_FMT.bin.bz2,background_products_bz2,background_product,background_product,.bin.bz2,887713,,RSTM,2,0,1,ST001,成都远望,46.862548828125,83.09510040283203,FMT,RHI,,3,2,2000,2025-04-25T08:56:23+00:00,2025-04-25T08:56:23+00:00,0.000,544,source_directory_only_unverified,unverified,unverified
background_products_bz2/Z_RADR_I_ST001_20250425085633_O_DOR_YLD6-D_RHI_FMT.bin.bz2,background_products_bz2,background_product,background_product,.bin.bz2,888889,,RSTM,2,0,1,ST001,成都远望,46.862548828125,83.09510040283203,FMT,RHI,,3,2,2000,2025-04-25T08:56:33+00:00,2025-04-25T08:56:33+00:00,0.000,544,source_directory_only_unverified,unverified,unverified
background_products_bz2/Z_RADR_I_ST001_20250425085642_O_DOR_YLD6-D_RHI_FMT.bin.bz2,background_products_bz2,background_product,background_product,.bin.bz2,888968,,RSTM,2,0,1,ST001,成都远望,46.862548828125,83.09510040283203,FMT,RHI,,3,2,2000,2025-04-25T08:56:42+00:00,2025-04-25T08:56:42+00:00,0.000,544,source_directory_only_unverified,unverified,unverified
background_products_bz2/Z_RADR_I_ST001_20250425085652_O_DOR_YLD6-D_RHI_FMT.bin.bz2,background_products_bz2,background_product,background_product,.bin.bz2,889636,,RSTM,2,0,1,ST001,成都远望,46.862548828125,83.09510040283203,FMT,RHI,,3,2,2000,2025-04-25T08:56:52+00:00,2025-04-25T08:56:52+00:00,0.000,544,source_directory_only_unverified,unverified,unverified
background_products_bz2/Z_RADR_I_ST001_20250425085702_O_DOR_YLD6-D_RHI_FMT.bin.bz2,background_products_bz2,background_product,background_product,.bin.bz2,889524,,RSTM,2,0,1,ST001,成都远望,46.862548828125,83.09510040283203,FMT,RHI,,3,2,2000,2025-04-25T08:57:02+00:00,2025-04-25T08:57:02+00:00,0.000,544,source_directory_only_unverified,unverified,unverified
background_products_bz2/Z_RADR_I_ST001_20250425085712_O_DOR_YLD6-D_RHI_FMT.bin.bz2,background_products_bz2,background_product,background_product,.bin.bz2,889264,,RSTM,2,0,1,ST001,成都远望,46.862548828125,83.09510040283203,FMT,RHI,,3,2,2000,2025-04-25T08:57:12+00:00,2025-04-25T08:57:12+00:00,0.000,544,source_directory_only_unverified,unverified,unverified
background_products_bz2/Z_RADR_I_ST001_20250425085729_O_DOR-CUT_YLD6-D_CAP_50_1_FMT.bin.bz2,background_products_bz2,background_product,background_product,.bin.bz2,4683344,,RSTM,2,0,1,ST001,成都远望,46.862548828125,83.09510040283203,FMT,PPI,,3,1,1000,2025-04-25T08:57:29+00:00,2025-04-25T08:57:29+00:00,0.000,544,source_directory_only_unverified,unverified,unverified
background_products_bz2/Z_RADR_I_ST001_20250425085838_O_DOR-CUT_YLD6-D_CAP_0_1_FMT.bin.bz2,background_products_bz2,background_product,background_product,.bin.bz2,3337982,,RSTM,2,0,1,ST001,成都远望,46.862548828125,83.09510040283203,FMT,PPI,,3,1,1000,2025-04-25T08:58:38+00:00,2025-04-25T08:58:38+00:00,0.000,544,source_directory_only_unverified,unverified,unverified
background_products_bz2/Z_RADR_I_ST001_20250425085902_O_DOR-CUT_YLD6-D_CAP_0_1_FMT.bin.bz2,background_products_bz2,background_product,background_product,.bin.bz2,3342821,,RSTM,2,0,1,ST001,成都远望,46.862548828125,83.09510040283203,FMT,PPI,,3,1,1000,2025-04-25T08:59:02+00:00,2025-04-25T08:59:02+00:00,0.000,544,source_directory_only_unverified,unverified,unverified
background_products_bz2/Z_RADR_I_ST001_20250425085958_O_DOR-CUT_YLD6-D_CAP_10_2_FMT.bin.bz2,background_products_bz2,background_product,background_product,.bin.bz2,1020250,,RSTM,2,0,1,ST001,成都远望,46.862548828125,83.09510040283203,FMT,VCPtest1,,3,0,40000,2025-04-25T08:59:58+00:00,2025-04-25T08:59:58+00:00,0.000,544,source_directory_only_unverified,unverified,unverified
background_products_bz2/Z_RADR_I_ST001_20250425085958_O_DOR-CUT_YLD6-D_CAP_20_3_FMT.bin.bz2,background_products_bz2,background_product,background_product,.bin.bz2,879300,,RSTM,2,0,1,ST001,成都远望,46.862548828125,83.09510040283203,FMT,VCPtest1,,3,0,40000,2025-04-25T08:59:58+00:00,2025-04-25T08:59:58+00:00,0.000,544,source_directory_only_unverified,unverified,unverified
background_products_bz2/Z_RADR_I_ST001_20250425085958_O_DOR-CUT_YLD6-D_CAP_5_1_FMT.bin.bz2,background_products_bz2,background_product,background_product,.bin.bz2,1037342,,RSTM,2,0,1,ST001,成都远望,46.862548828125,83.09510040283203,FMT,VCPtest1,,3,0,40000,2025-04-25T08:59:58+00:00,2025-04-25T08:59:58+00:00,0.000,544,source_directory_only_unverified,unverified,unverified
background_products_bz2/Z_RADR_I_ST001_20250425090302_O_DOR-CUT_YLD6-D_CAP_10_2_FMT.bin.bz2,background_products_bz2,background_product,background_product,.bin.bz2,1012636,,RSTM,2,0,1,ST001,成都远望,46.862548828125,83.09510040283203,FMT,VCPtest1,,3,0,40000,2025-04-25T09:03:02+00:00,2025-04-25T09:03:02+00:00,0.000,544,source_directory_only_unverified,unverified,unverified
background_products_bz2/Z_RADR_I_ST001_20250425090302_O_DOR-CUT_YLD6-D_CAP_20_3_FMT.bin.bz2,background_products_bz2,background_product,background_product,.bin.bz2,880369,,RSTM,2,0,1,ST001,成都远望,46.862548828125,83.09510040283203,FMT,VCPtest1,,3,0,40000,2025-04-25T09:03:02+00:00,2025-04-25T09:03:02+00:00,0.000,544,source_directory_only_unverified,unverified,unverified
background_products_bz2/Z_RADR_I_ST001_20250425090302_O_DOR-CUT_YLD6-D_CAP_30_4_FMT.bin.bz2,background_products_bz2,background_product,background_product,.bin.bz2,722254,,RSTM,2,0,1,ST001,成都远望,46.862548828125,83.09510040283203,FMT,VCPtest1,,3,0,40000,2025-04-25T09:03:02+00:00,2025-04-25T09:03:02+00:00,0.000,544,source_directory_only_unverified,unverified,unverified
background_products_bz2/Z_RADR_I_ST001_20250425090302_O_DOR-CUT_YLD6-D_CAP_40_5_FMT.bin.bz2,background_products_bz2,background_product,background_product,.bin.bz2,642100,,RSTM,2,0,1,ST001,成都远望,46.862548828125,83.09510040283203,FMT,VCPtest1,,3,0,40000,2025-04-25T09:03:02+00:00,2025-04-25T09:03:02+00:00,0.000,544,source_directory_only_unverified,unverified,unverified
background_products_bz2/Z_RADR_I_ST001_20250425090302_O_DOR-CUT_YLD6-D_CAP_50_6_FMT.bin.bz2,background_products_bz2,background_product,background_product,.bin.bz2,600983,,RSTM,2,0,1,ST001,成都远望,46.862548828125,83.09510040283203,FMT,VCPtest1,,3,0,40000,2025-04-25T09:03:02+00:00,2025-04-25T09:03:02+00:00,0.000,544,source_directory_only_unverified,unverified,unverified
background_products_bz2/Z_RADR_I_ST001_20250425090302_O_DOR-CUT_YLD6-D_CAP_5_1_FMT.bin.bz2,background_products_bz2,background_product,background_product,.bin.bz2,1034746,,RSTM,2,0,1,ST001,成都远望,46.862548828125,83.09510040283203,FMT,VCPtest1,,3,0,40000,2025-04-25T09:03:02+00:00,2025-04-25T09:03:02+00:00,0.000,544,source_directory_only_unverified,unverified,unverified
background_products_bz2/Z_RADR_I_ST001_20250425090302_O_DOR-CUT_YLD6-D_CAP_60_7_FMT.bin.bz2,background_products_bz2,background_product,background_product,.bin.bz2,564018,,RSTM,2,0,1,ST001,成都远望,46.862548828125,83.09510040283203,FMT,VCPtest1,,3,0,40000,2025-04-25T09:03:02+00:00,2025-04-25T09:03:02+00:00,0.000,544,source_directory_only_unverified,unverified,unverified
background_products_bz2/Z_RADR_I_ST001_20250425090515_O_DOR-CUT_YLD6-D_CAP_10_1_FMT.bin.bz2,background_products_bz2,background_product,background_product,.bin.bz2,4702473,,RSTM,2,0,1,ST001,成都远望,46.862548828125,83.09510040283203,FMT,PPI,,3,1,1000,2025-04-25T09:05:15+00:00,2025-04-25T09:05:15+00:00,0.000,544,source_directory_only_unverified,unverified,unverified
background_products_bz2/Z_RADR_I_ST001_20250425090539_O_DOR-CUT_YLD6-D_CAP_10_1_FMT.bin.bz2,background_products_bz2,background_product,background_product,.bin.bz2,4700377,,RSTM,2,0,1,ST001,成都远望,46.862548828125,83.09510040283203,FMT,PPI,,3,1,1000,2025-04-25T09:05:39+00:00,2025-04-25T09:05:39+00:00,0.000,544,source_directory_only_unverified,unverified,unverified
background_products_bz2/Z_RADR_I_ST001_20250425090604_O_DOR-CUT_YLD6-D_CAP_10_1_FMT.bin.bz2,background_products_bz2,background_product,background_product,.bin.bz2,4701029,,RSTM,2,0,1,ST001,成都远望,46.862548828125,83.09510040283203,FMT,PPI,,3,1,1000,2025-04-25T09:06:04+00:00,2025-04-25T09:06:04+00:00,0.000,544,source_directory_only_unverified,unverified,unverified
background_products_bz2/Z_RADR_I_ST001_20250425090629_O_DOR-CUT_YLD6-D_CAP_10_1_FMT.bin.bz2,background_products_bz2,background_product,background_product,.bin.bz2,4702105,,RSTM,2,0,1,ST001,成都远望,46.862548828125,83.09510040283203,FMT,PPI,,3,1,1000,2025-04-25T09:06:29+00:00,2025-04-25T09:06:29+00:00,0.000,544,source_directory_only_unverified,unverified,unverified
background_products_bz2/Z_RADR_I_ST001_20250425090654_O_DOR-CUT_YLD6-D_CAP_10_1_FMT.bin.bz2,background_products_bz2,background_product,background_product,.bin.bz2,4696823,,RSTM,2,0,1,ST001,成都远望,46.862548828125,83.09510040283203,FMT,PPI,,3,1,1000,2025-04-25T09:06:54+00:00,2025-04-25T09:06:54+00:00,0.000,544,source_directory_only_unverified,unverified,unverified
background_products_bz2/Z_RADR_I_ST001_20250425090718_O_DOR-CUT_YLD6-D_CAP_10_1_FMT.bin.bz2,background_products_bz2,background_product,background_product,.bin.bz2,4699820,,RSTM,2,0,1,ST001,成都远望,46.862548828125,83.09510040283203,FMT,PPI,,3,1,1000,2025-04-25T09:07:18+00:00,2025-04-25T09:07:18+00:00,0.000,544,source_directory_only_unverified,unverified,unverified
background_products_bz2/Z_RADR_I_ST001_20250425090743_O_DOR-CUT_YLD6-D_CAP_10_1_FMT.bin.bz2,background_products_bz2,background_product,background_product,.bin.bz2,4700418,,RSTM,2,0,1,ST001,成都远望,46.862548828125,83.09510040283203,FMT,PPI,,3,1,1000,2025-04-25T09:07:43+00:00,2025-04-25T09:07:43+00:00,0.000,544,source_directory_only_unverified,unverified,unverified
background_products_bz2/Z_RADR_I_ST001_20250425090808_O_DOR-CUT_YLD6-D_CAP_10_1_FMT.bin.bz2,background_products_bz2,background_product,background_product,.bin.bz2,4700302,,RSTM,2,0,1,ST001,成都远望,46.862548828125,83.09510040283203,FMT,PPI,,3,1,1000,2025-04-25T09:08:08+00:00,2025-04-25T09:08:08+00:00,0.000,544,source_directory_only_unverified,unverified,unverified
background_products_bz2/Z_RADR_I_ST001_20250425090832_O_DOR-CUT_YLD6-D_CAP_10_1_FMT.bin.bz2,background_products_bz2,background_product,background_product,.bin.bz2,4705465,,RSTM,2,0,1,ST001,成都远望,46.862548828125,83.09510040283203,FMT,PPI,,3,1,1000,2025-04-25T09:08:32+00:00,2025-04-25T09:08:32+00:00,0.000,544,source_directory_only_unverified,unverified,unverified
background_products_bz2/Z_RADR_I_ST001_20250425090857_O_DOR-CUT_YLD6-D_CAP_10_1_FMT.bin.bz2,background_products_bz2,background_product,background_product,.bin.bz2,4699174,,RSTM,2,0,1,ST001,成都远望,46.862548828125,83.09510040283203,FMT,PPI,,3,1,1000,2025-04-25T09:08:57+00:00,2025-04-25T09:08:57+00:00,0.000,544,source_directory_only_unverified,unverified,unverified
background_products_bz2/Z_RADR_I_ST001_20250425090922_O_DOR-CUT_YLD6-D_CAP_10_1_FMT.bin.bz2,background_products_bz2,background_product,background_product,.bin.bz2,4699253,,RSTM,2,0,1,ST001,成都远望,46.862548828125,83.09510040283203,FMT,PPI,,3,1,1000,2025-04-25T09:09:22+00:00,2025-04-25T09:09:22+00:00,0.000,544,source_directory_only_unverified,unverified,unverified
background_products_bz2/Z_RADR_I_ST001_20250425090947_O_DOR-CUT_YLD6-D_CAP_10_1_FMT.bin.bz2,background_products_bz2,background_product,background_product,.bin.bz2,4702131,,RSTM,2,0,1,ST001,成都远望,46.862548828125,83.09510040283203,FMT,PPI,,3,1,1000,2025-04-25T09:09:47+00:00,2025-04-25T09:09:47+00:00,0.000,544,source_directory_only_unverified,unverified,unverified
background_products_bz2/Z_RADR_I_ST001_20250425091011_O_DOR-CUT_YLD6-D_CAP_10_1_FMT.bin.bz2,background_products_bz2,background_product,background_product,.bin.bz2,4706228,,RSTM,2,0,1,ST001,成都远望,46.862548828125,83.09510040283203,FMT,PPI,,3,1,1000,2025-04-25T09:10:11+00:00,2025-04-25T09:10:11+00:00,0.000,544,source_directory_only_unverified,unverified,unverified
background_products_bz2/Z_RADR_I_ST001_20250425091036_O_DOR-CUT_YLD6-D_CAP_10_1_FMT.bin.bz2,background_products_bz2,background_product,background_product,.bin.bz2,4707943,,RSTM,2,0,1,ST001,成都远望,46.862548828125,83.09510040283203,FMT,PPI,,3,1,1000,2025-04-25T09:10:36+00:00,2025-04-25T09:10:36+00:00,0.000,544,source_directory_only_unverified,unverified,unverified
background_products_bz2/Z_RADR_I_ST001_20250425091101_O_DOR-CUT_YLD6-D_CAP_10_1_FMT.bin.bz2,background_products_bz2,background_product,background_product,.bin.bz2,4703771,,RSTM,2,0,1,ST001,成都远望,46.862548828125,83.09510040283203,FMT,PPI,,3,1,1000,2025-04-25T09:11:01+00:00,2025-04-25T09:11:01+00:00,0.000,544,source_directory_only_unverified,unverified,unverified
background_products_bz2/Z_RADR_I_ST001_20250425091125_O_DOR-CUT_YLD6-D_CAP_10_1_FMT.bin.bz2,background_products_bz2,background_product,background_product,.bin.bz2,4697099,,RSTM,2,0,1,ST001,成都远望,46.862548828125,83.09510040283203,FMT,PPI,,3,1,1000,2025-04-25T09:11:25+00:00,2025-04-25T09:11:25+00:00,0.000,544,source_directory_only_unverified,unverified,unverified
background_products_bz2/Z_RADR_I_ST001_20250425091150_O_DOR-CUT_YLD6-D_CAP_10_1_FMT.bin.bz2,background_products_bz2,background_product,background_product,.bin.bz2,4692552,,RSTM,2,0,1,ST001,成都远望,46.862548828125,83.09510040283203,FMT,PPI,,3,1,1000,2025-04-25T09:11:50+00:00,2025-04-25T09:11:50+00:00,0.000,544,source_directory_only_unverified,unverified,unverified
background_products_bz2/Z_RADR_I_ST001_20250425091215_O_DOR-CUT_YLD6-D_CAP_10_1_FMT.bin.bz2,background_products_bz2,background_product,background_product,.bin.bz2,4703065,,RSTM,2,0,1,ST001,成都远望,46.862548828125,83.09510040283203,FMT,PPI,,3,1,1000,2025-04-25T09:12:15+00:00,2025-04-25T09:12:15+00:00,0.000,544,source_directory_only_unverified,unverified,unverified
background_products_bz2/Z_RADR_I_ST001_20250425091240_O_DOR-CUT_YLD6-D_CAP_10_1_FMT.bin.bz2,background_products_bz2,background_product,background_product,.bin.bz2,4703364,,RSTM,2,0,1,ST001,成都远望,46.862548828125,83.09510040283203,FMT,PPI,,3,1,1000,2025-04-25T09:12:40+00:00,2025-04-25T09:12:40+00:00,0.000,544,source_directory_only_unverified,unverified,unverified
background_products_bz2/Z_RADR_I_ST001_20250425091304_O_DOR-CUT_YLD6-D_CAP_10_1_FMT.bin.bz2,background_products_bz2,background_product,background_product,.bin.bz2,4705661,,RSTM,2,0,1,ST001,成都远望,46.862548828125,83.09510040283203,FMT,PPI,,3,1,1000,2025-04-25T09:13:04+00:00,2025-04-25T09:13:04+00:00,0.000,544,source_directory_only_unverified,unverified,unverified
background_products_bz2/Z_RADR_I_ST001_20250425091329_O_DOR-CUT_YLD6-D_CAP_10_1_FMT.bin.bz2,background_products_bz2,background_product,background_product,.bin.bz2,4703778,,RSTM,2,0,1,ST001,成都远望,46.862548828125,83.09510040283203,FMT,PPI,,3,1,1000,2025-04-25T09:13:29+00:00,2025-04-25T09:13:29+00:00,0.000,544,source_directory_only_unverified,unverified,unverified
background_products_bz2/Z_RADR_I_ST001_20250425091354_O_DOR-CUT_YLD6-D_CAP_10_1_FMT.bin.bz2,background_products_bz2,background_product,background_product,.bin.bz2,4694121,,RSTM,2,0,1,ST001,成都远望,46.862548828125,83.09510040283203,FMT,PPI,,3,1,1000,2025-04-25T09:13:54+00:00,2025-04-25T09:13:54+00:00,0.000,544,source_directory_only_unverified,unverified,unverified
background_products_bz2/Z_RADR_I_ST001_20250425091419_O_DOR-CUT_YLD6-D_CAP_10_1_FMT.bin.bz2,background_products_bz2,background_product,background_product,.bin.bz2,4706066,,RSTM,2,0,1,ST001,成都远望,46.862548828125,83.09510040283203,FMT,PPI,,3,1,1000,2025-04-25T09:14:19+00:00,2025-04-25T09:14:19+00:00,0.000,544,source_directory_only_unverified,unverified,unverified
background_products_bz2/Z_RADR_I_ST001_20250425091443_O_DOR-CUT_YLD6-D_CAP_10_1_FMT.bin.bz2,background_products_bz2,background_product,background_product,.bin.bz2,4702167,,RSTM,2,0,1,ST001,成都远望,46.862548828125,83.09510040283203,FMT,PPI,,3,1,1000,2025-04-25T09:14:43+00:00,2025-04-25T09:14:43+00:00,0.000,544,source_directory_only_unverified,unverified,unverified
background_products_bz2/Z_RADR_I_ST001_20250425091508_O_DOR-CUT_YLD6-D_CAP_10_1_FMT.bin.bz2,background_products_bz2,background_product,background_product,.bin.bz2,4702990,,RSTM,2,0,1,ST001,成都远望,46.862548828125,83.09510040283203,FMT,PPI,,3,1,1000,2025-04-25T09:15:08+00:00,2025-04-25T09:15:08+00:00,0.000,544,source_directory_only_unverified,unverified,unverified
background_products_bz2/Z_RADR_I_ST001_20250425091533_O_DOR-CUT_YLD6-D_CAP_10_1_FMT.bin.bz2,background_products_bz2,background_product,background_product,.bin.bz2,4701061,,RSTM,2,0,1,ST001,成都远望,46.862548828125,83.09510040283203,FMT,PPI,,3,1,1000,2025-04-25T09:15:33+00:00,2025-04-25T09:15:33+00:00,0.000,544,source_directory_only_unverified,unverified,unverified
background_products_bz2/Z_RADR_I_ST001_20250425091557_O_DOR-CUT_YLD6-D_CAP_10_1_FMT.bin.bz2,background_products_bz2,background_product,background_product,.bin.bz2,4703325,,RSTM,2,0,1,ST001,成都远望,46.862548828125,83.09510040283203,FMT,PPI,,3,1,1000,2025-04-25T09:15:57+00:00,2025-04-25T09:15:57+00:00,0.000,544,source_directory_only_unverified,unverified,unverified
background_products_bz2/Z_RADR_I_ST001_20250425091622_O_DOR-CUT_YLD6-D_CAP_10_1_FMT.bin.bz2,background_products_bz2,background_product,background_product,.bin.bz2,4703110,,RSTM,2,0,1,ST001,成都远望,46.862548828125,83.09510040283203,FMT,PPI,,3,1,1000,2025-04-25T09:16:22+00:00,2025-04-25T09:16:22+00:00,0.000,544,source_directory_only_unverified,unverified,unverified
background_products_bz2/Z_RADR_I_ST001_20250425091647_O_DOR-CUT_YLD6-D_CAP_10_1_FMT.bin.bz2,background_products_bz2,background_product,background_product,.bin.bz2,4708106,,RSTM,2,0,1,ST001,成都远望,46.862548828125,83.09510040283203,FMT,PPI,,3,1,1000,2025-04-25T09:16:47+00:00,2025-04-25T09:16:47+00:00,0.000,544,source_directory_only_unverified,unverified,unverified
background_products_bz2/Z_RADR_I_ST001_20250425091712_O_DOR-CUT_YLD6-D_CAP_10_1_FMT.bin.bz2,background_products_bz2,background_product,background_product,.bin.bz2,4695852,,RSTM,2,0,1,ST001,成都远望,46.862548828125,83.09510040283203,FMT,PPI,,3,1,1000,2025-04-25T09:17:12+00:00,2025-04-25T09:17:12+00:00,0.000,544,source_directory_only_unverified,unverified,unverified
background_products_bz2/Z_RADR_I_ST001_20250425091736_O_DOR-CUT_YLD6-D_CAP_10_1_FMT.bin.bz2,background_products_bz2,background_product,background_product,.bin.bz2,4694634,,RSTM,2,0,1,ST001,成都远望,46.862548828125,83.09510040283203,FMT,PPI,,3,1,1000,2025-04-25T09:17:36+00:00,2025-04-25T09:17:36+00:00,0.000,544,source_directory_only_unverified,unverified,unverified
background_products_bz2/Z_RADR_I_ST001_20250425091801_O_DOR-CUT_YLD6-D_CAP_10_1_FMT.bin.bz2,background_products_bz2,background_product,background_product,.bin.bz2,4706435,,RSTM,2,0,1,ST001,成都远望,46.862548828125,83.09510040283203,FMT,PPI,,3,1,1000,2025-04-25T09:18:01+00:00,2025-04-25T09:18:01+00:00,0.000,544,source_directory_only_unverified,unverified,unverified
background_products_bz2/Z_RADR_I_ST001_20250425091826_O_DOR-CUT_YLD6-D_CAP_10_1_FMT.bin.bz2,background_products_bz2,background_product,background_product,.bin.bz2,4707489,,RSTM,2,0,1,ST001,成都远望,46.862548828125,83.09510040283203,FMT,PPI,,3,1,1000,2025-04-25T09:18:26+00:00,2025-04-25T09:18:26+00:00,0.000,544,source_directory_only_unverified,unverified,unverified
background_products_bz2/Z_RADR_I_ST001_20250425091850_O_DOR-CUT_YLD6-D_CAP_10_1_FMT.bin.bz2,background_products_bz2,background_product,background_product,.bin.bz2,4701224,,RSTM,2,0,1,ST001,成都远望,46.862548828125,83.09510040283203,FMT,PPI,,3,1,1000,2025-04-25T09:18:50+00:00,2025-04-25T09:18:50+00:00,0.000,544,source_directory_only_unverified,unverified,unverified
background_products_bz2/Z_RADR_I_ST001_20250425091915_O_DOR-CUT_YLD6-D_CAP_10_1_FMT.bin.bz2,background_products_bz2,background_product,background_product,.bin.bz2,4702394,,RSTM,2,0,1,ST001,成都远望,46.862548828125,83.09510040283203,FMT,PPI,,3,1,1000,2025-04-25T09:19:15+00:00,2025-04-25T09:19:15+00:00,0.000,544,source_directory_only_unverified,unverified,unverified
background_products_bz2/Z_RADR_I_ST001_20250425091940_O_DOR-CUT_YLD6-D_CAP_10_1_FMT.bin.bz2,background_products_bz2,background_product,background_product,.bin.bz2,4703277,,RSTM,2,0,1,ST001,成都远望,46.862548828125,83.09510040283203,FMT,PPI,,3,1,1000,2025-04-25T09:19:40+00:00,2025-04-25T09:19:40+00:00,0.000,544,source_directory_only_unverified,unverified,unverified
background_products_bz2/Z_RADR_I_ST001_20250425092005_O_DOR-CUT_YLD6-D_CAP_10_1_FMT.bin.bz2,background_products_bz2,background_product,background_product,.bin.bz2,4707620,,RSTM,2,0,1,ST001,成都远望,46.862548828125,83.09510040283203,FMT,PPI,,3,1,1000,2025-04-25T09:20:05+00:00,2025-04-25T09:20:05+00:00,0.000,544,source_directory_only_unverified,unverified,unverified
background_products_bz2/Z_RADR_I_ST001_20250425092029_O_DOR-CUT_YLD6-D_CAP_10_1_FMT.bin.bz2,background_products_bz2,background_product,background_product,.bin.bz2,4700234,,RSTM,2,0,1,ST001,成都远望,46.862548828125,83.09510040283203,FMT,PPI,,3,1,1000,2025-04-25T09:20:29+00:00,2025-04-25T09:20:29+00:00,0.000,544,source_directory_only_unverified,unverified,unverified
background_products_bz2/Z_RADR_I_ST001_20250425092054_O_DOR-CUT_YLD6-D_CAP_10_1_FMT.bin.bz2,background_products_bz2,background_product,background_product,.bin.bz2,4701143,,RSTM,2,0,1,ST001,成都远望,46.862548828125,83.09510040283203,FMT,PPI,,3,1,1000,2025-04-25T09:20:54+00:00,2025-04-25T09:20:54+00:00,0.000,544,source_directory_only_unverified,unverified,unverified
background_products_bz2/Z_RADR_I_ST001_20250425092119_O_DOR-CUT_YLD6-D_CAP_10_1_FMT.bin.bz2,background_products_bz2,background_product,background_product,.bin.bz2,4696656,,RSTM,2,0,1,ST001,成都远望,46.862548828125,83.09510040283203,FMT,PPI,,3,1,1000,2025-04-25T09:21:19+00:00,2025-04-25T09:21:19+00:00,0.000,544,source_directory_only_unverified,unverified,unverified
background_products_bz2/Z_RADR_I_ST001_20250425092143_O_DOR-CUT_YLD6-D_CAP_10_1_FMT.bin.bz2,background_products_bz2,background_product,background_product,.bin.bz2,4709153,,RSTM,2,0,1,ST001,成都远望,46.862548828125,83.09510040283203,FMT,PPI,,3,1,1000,2025-04-25T09:21:43+00:00,2025-04-25T09:21:43+00:00,0.000,544,source_directory_only_unverified,unverified,unverified
background_products_bz2/Z_RADR_I_ST001_20250425092208_O_DOR-CUT_YLD6-D_CAP_10_1_FMT.bin.bz2,background_products_bz2,background_product,background_product,.bin.bz2,4699566,,RSTM,2,0,1,ST001,成都远望,46.862548828125,83.09510040283203,FMT,PPI,,3,1,1000,2025-04-25T09:22:08+00:00,2025-04-25T09:22:08+00:00,0.000,544,source_directory_only_unverified,unverified,unverified
background_products_bz2/Z_RADR_I_ST001_20250425092233_O_DOR-CUT_YLD6-D_CAP_10_1_FMT.bin.bz2,background_products_bz2,background_product,background_product,.bin.bz2,4705359,,RSTM,2,0,1,ST001,成都远望,46.862548828125,83.09510040283203,FMT,PPI,,3,1,1000,2025-04-25T09:22:33+00:00,2025-04-25T09:22:33+00:00,0.000,544,source_directory_only_unverified,unverified,unverified
background_products_bz2/Z_RADR_I_ST001_20250425092258_O_DOR-CUT_YLD6-D_CAP_10_1_FMT.bin.bz2,background_products_bz2,background_product,background_product,.bin.bz2,4698966,,RSTM,2,0,1,ST001,成都远望,46.862548828125,83.09510040283203,FMT,PPI,,3,1,1000,2025-04-25T09:22:58+00:00,2025-04-25T09:22:58+00:00,0.000,544,source_directory_only_unverified,unverified,unverified
background_products_bz2/Z_RADR_I_ST001_20250425092322_O_DOR-CUT_YLD6-D_CAP_10_1_FMT.bin.bz2,background_products_bz2,background_product,background_product,.bin.bz2,4691026,,RSTM,2,0,1,ST001,成都远望,46.862548828125,83.09510040283203,FMT,PPI,,3,1,1000,2025-04-25T09:23:22+00:00,2025-04-25T09:23:22+00:00,0.000,544,source_directory_only_unverified,unverified,unverified
background_products_bz2/Z_RADR_I_ST001_20250425092347_O_DOR-CUT_YLD6-D_CAP_10_1_FMT.bin.bz2,background_products_bz2,background_product,background_product,.bin.bz2,4701045,,RSTM,2,0,1,ST001,成都远望,46.862548828125,83.09510040283203,FMT,PPI,,3,1,1000,2025-04-25T09:23:47+00:00,2025-04-25T09:23:47+00:00,0.000,544,source_directory_only_unverified,unverified,unverified
background_products_bz2/Z_RADR_I_ST001_20250425092412_O_DOR-CUT_YLD6-D_CAP_10_1_FMT.bin.bz2,background_products_bz2,background_product,background_product,.bin.bz2,4686376,,RSTM,2,0,1,ST001,成都远望,46.862548828125,83.09510040283203,FMT,PPI,,3,1,1000,2025-04-25T09:24:12+00:00,2025-04-25T09:24:12+00:00,0.000,544,source_directory_only_unverified,unverified,unverified
background_products_bz2/Z_RADR_I_ST001_20250425092436_O_DOR-CUT_YLD6-D_CAP_10_1_FMT.bin.bz2,background_products_bz2,background_product,background_product,.bin.bz2,4699268,,RSTM,2,0,1,ST001,成都远望,46.862548828125,83.09510040283203,FMT,PPI,,3,1,1000,2025-04-25T09:24:36+00:00,2025-04-25T09:24:36+00:00,0.000,544,source_directory_only_unverified,unverified,unverified
background_products_bz2/Z_RADR_I_ST001_20250425092501_O_DOR-CUT_YLD6-D_CAP_10_1_FMT.bin.bz2,background_products_bz2,background_product,background_product,.bin.bz2,4702823,,RSTM,2,0,1,ST001,成都远望,46.862548828125,83.09510040283203,FMT,PPI,,3,1,1000,2025-04-25T09:25:01+00:00,2025-04-25T09:25:01+00:00,0.000,544,source_directory_only_unverified,unverified,unverified
background_products_bz2/Z_RADR_I_ST001_20250425092526_O_DOR-CUT_YLD6-D_CAP_10_1_FMT.bin.bz2,background_products_bz2,background_product,background_product,.bin.bz2,4701689,,RSTM,2,0,1,ST001,成都远望,46.862548828125,83.09510040283203,FMT,PPI,,3,1,1000,2025-04-25T09:25:26+00:00,2025-04-25T09:25:26+00:00,0.000,544,source_directory_only_unverified,unverified,unverified
background_products_bz2/Z_RADR_I_ST001_20250425092551_O_DOR-CUT_YLD6-D_CAP_10_1_FMT.bin.bz2,background_products_bz2,background_product,background_product,.bin.bz2,4702410,,RSTM,2,0,1,ST001,成都远望,46.862548828125,83.09510040283203,FMT,PPI,,3,1,1000,2025-04-25T09:25:51+00:00,2025-04-25T09:25:51+00:00,0.000,544,source_directory_only_unverified,unverified,unverified
background_products_bz2/Z_RADR_I_ST001_20250425092615_O_DOR-CUT_YLD6-D_CAP_10_1_FMT.bin.bz2,background_products_bz2,background_product,background_product,.bin.bz2,4706960,,RSTM,2,0,1,ST001,成都远望,46.862548828125,83.09510040283203,FMT,PPI,,3,1,1000,2025-04-25T09:26:15+00:00,2025-04-25T09:26:15+00:00,0.000,544,source_directory_only_unverified,unverified,unverified
background_products_bz2/Z_RADR_I_ST001_20250425092640_O_DOR-CUT_YLD6-D_CAP_10_1_FMT.bin.bz2,background_products_bz2,background_product,background_product,.bin.bz2,4694155,,RSTM,2,0,1,ST001,成都远望,46.862548828125,83.09510040283203,FMT,PPI,,3,1,1000,2025-04-25T09:26:40+00:00,2025-04-25T09:26:40+00:00,0.000,544,source_directory_only_unverified,unverified,unverified
background_products_bz2/Z_RADR_I_ST001_20250425092705_O_DOR-CUT_YLD6-D_CAP_10_1_FMT.bin.bz2,background_products_bz2,background_product,background_product,.bin.bz2,4700364,,RSTM,2,0,1,ST001,成都远望,46.862548828125,83.09510040283203,FMT,PPI,,3,1,1000,2025-04-25T09:27:05+00:00,2025-04-25T09:27:05+00:00,0.000,544,source_directory_only_unverified,unverified,unverified
background_products_bz2/Z_RADR_I_ST001_20250425092729_O_DOR-CUT_YLD6-D_CAP_10_1_FMT.bin.bz2,background_products_bz2,background_product,background_product,.bin.bz2,4697688,,RSTM,2,0,1,ST001,成都远望,46.862548828125,83.09510040283203,FMT,PPI,,3,1,1000,2025-04-25T09:27:29+00:00,2025-04-25T09:27:29+00:00,0.000,544,source_directory_only_unverified,unverified,unverified
background_products_bz2/Z_RADR_I_ST001_20250425092754_O_DOR-CUT_YLD6-D_CAP_10_1_FMT.bin.bz2,background_products_bz2,background_product,background_product,.bin.bz2,4695058,,RSTM,2,0,1,ST001,成都远望,46.862548828125,83.09510040283203,FMT,PPI,,3,1,1000,2025-04-25T09:27:54+00:00,2025-04-25T09:27:54+00:00,0.000,544,source_directory_only_unverified,unverified,unverified
background_products_bz2/Z_RADR_I_ST001_20250425092819_O_DOR-CUT_YLD6-D_CAP_10_1_FMT.bin.bz2,background_products_bz2,background_product,background_product,.bin.bz2,4701420,,RSTM,2,0,1,ST001,成都远望,46.862548828125,83.09510040283203,FMT,PPI,,3,1,1000,2025-04-25T09:28:19+00:00,2025-04-25T09:28:19+00:00,0.000,544,source_directory_only_unverified,unverified,unverified
background_products_bz2/Z_RADR_I_ST001_20250425092844_O_DOR-CUT_YLD6-D_CAP_10_1_FMT.bin.bz2,background_products_bz2,background_product,background_product,.bin.bz2,4705959,,RSTM,2,0,1,ST001,成都远望,46.862548828125,83.09510040283203,FMT,PPI,,3,1,1000,2025-04-25T09:28:44+00:00,2025-04-25T09:28:44+00:00,0.000,544,source_directory_only_unverified,unverified,unverified
background_products_bz2/Z_RADR_I_ST001_20250425092908_O_DOR-CUT_YLD6-D_CAP_10_1_FMT.bin.bz2,background_products_bz2,background_product,background_product,.bin.bz2,4707983,,RSTM,2,0,1,ST001,成都远望,46.862548828125,83.09510040283203,FMT,PPI,,3,1,1000,2025-04-25T09:29:08+00:00,2025-04-25T09:29:08+00:00,0.000,544,source_directory_only_unverified,unverified,unverified
background_products_bz2/Z_RADR_I_ST001_20250425092933_O_DOR-CUT_YLD6-D_CAP_10_1_FMT.bin.bz2,background_products_bz2,background_product,background_product,.bin.bz2,4699997,,RSTM,2,0,1,ST001,成都远望,46.862548828125,83.09510040283203,FMT,PPI,,3,1,1000,2025-04-25T09:29:33+00:00,2025-04-25T09:29:33+00:00,0.000,544,source_directory_only_unverified,unverified,unverified
background_products_bz2/Z_RADR_I_ST001_20250425092958_O_DOR-CUT_YLD6-D_CAP_10_1_FMT.bin.bz2,background_products_bz2,background_product,background_product,.bin.bz2,4706228,,RSTM,2,0,1,ST001,成都远望,46.862548828125,83.09510040283203,FMT,PPI,,3,1,1000,2025-04-25T09:29:58+00:00,2025-04-25T09:29:58+00:00,0.000,544,source_directory_only_unverified,unverified,unverified
background_products_bz2/Z_RADR_I_ST001_20250425093023_O_DOR-CUT_YLD6-D_CAP_10_1_FMT.bin.bz2,background_products_bz2,background_product,background_product,.bin.bz2,4698355,,RSTM,2,0,1,ST001,成都远望,46.862548828125,83.09510040283203,FMT,PPI,,3,1,1000,2025-04-25T09:30:23+00:00,2025-04-25T09:30:23+00:00,0.000,544,source_directory_only_unverified,unverified,unverified
background_products_bz2/Z_RADR_I_ST001_20250425093047_O_DOR-CUT_YLD6-D_CAP_10_1_FMT.bin.bz2,background_products_bz2,background_product,background_product,.bin.bz2,4705588,,RSTM,2,0,1,ST001,成都远望,46.862548828125,83.09510040283203,FMT,PPI,,3,1,1000,2025-04-25T09:30:47+00:00,2025-04-25T09:30:47+00:00,0.000,544,source_directory_only_unverified,unverified,unverified
background_products_bz2/Z_RADR_I_ST001_20250425093112_O_DOR-CUT_YLD6-D_CAP_10_1_FMT.bin.bz2,background_products_bz2,background_product,background_product,.bin.bz2,4702584,,RSTM,2,0,1,ST001,成都远望,46.862548828125,83.09510040283203,FMT,PPI,,3,1,1000,2025-04-25T09:31:12+00:00,2025-04-25T09:31:12+00:00,0.000,544,source_directory_only_unverified,unverified,unverified
background_products_bz2/Z_RADR_I_ST001_20250425093137_O_DOR-CUT_YLD6-D_CAP_10_1_FMT.bin.bz2,background_products_bz2,background_product,background_product,.bin.bz2,4698152,,RSTM,2,0,1,ST001,成都远望,46.862548828125,83.09510040283203,FMT,PPI,,3,1,1000,2025-04-25T09:31:37+00:00,2025-04-25T09:31:37+00:00,0.000,544,source_directory_only_unverified,unverified,unverified
background_products_bz2/Z_RADR_I_ST001_20250425093202_O_DOR-CUT_YLD6-D_CAP_10_1_FMT.bin.bz2,background_products_bz2,background_product,background_product,.bin.bz2,4702627,,RSTM,2,0,1,ST001,成都远望,46.862548828125,83.09510040283203,FMT,PPI,,3,1,1000,2025-04-25T09:32:02+00:00,2025-04-25T09:32:02+00:00,0.000,544,source_directory_only_unverified,unverified,unverified
background_products_bz2/Z_RADR_I_ST001_20250425093227_O_DOR-CUT_YLD6-D_CAP_10_1_FMT.bin.bz2,background_products_bz2,background_product,background_product,.bin.bz2,4704358,,RSTM,2,0,1,ST001,成都远望,46.862548828125,83.09510040283203,FMT,PPI,,3,1,1000,2025-04-25T09:32:27+00:00,2025-04-25T09:32:27+00:00,0.000,544,source_directory_only_unverified,unverified,unverified
background_products_bz2/Z_RADR_I_ST001_20250425093251_O_DOR-CUT_YLD6-D_CAP_10_1_FMT.bin.bz2,background_products_bz2,background_product,background_product,.bin.bz2,4704759,,RSTM,2,0,1,ST001,成都远望,46.862548828125,83.09510040283203,FMT,PPI,,3,1,1000,2025-04-25T09:32:51+00:00,2025-04-25T09:32:51+00:00,0.000,544,source_directory_only_unverified,unverified,unverified
background_products_bz2/Z_RADR_I_ST001_20250425093316_O_DOR-CUT_YLD6-D_CAP_10_1_FMT.bin.bz2,background_products_bz2,background_product,background_product,.bin.bz2,4702014,,RSTM,2,0,1,ST001,成都远望,46.862548828125,83.09510040283203,FMT,PPI,,3,1,1000,2025-04-25T09:33:16+00:00,2025-04-25T09:33:16+00:00,0.000,544,source_directory_only_unverified,unverified,unverified
background_products_bz2/Z_RADR_I_ST001_20250425093341_O_DOR-CUT_YLD6-D_CAP_10_1_FMT.bin.bz2,background_products_bz2,background_product,background_product,.bin.bz2,4701416,,RSTM,2,0,1,ST001,成都远望,46.862548828125,83.09510040283203,FMT,PPI,,3,1,1000,2025-04-25T09:33:41+00:00,2025-04-25T09:33:41+00:00,0.000,544,source_directory_only_unverified,unverified,unverified
background_products_bz2/Z_RADR_I_ST001_20250425093405_O_DOR-CUT_YLD6-D_CAP_10_1_FMT.bin.bz2,background_products_bz2,background_product,background_product,.bin.bz2,4703357,,RSTM,2,0,1,ST001,成都远望,46.862548828125,83.09510040283203,FMT,PPI,,3,1,1000,2025-04-25T09:34:05+00:00,2025-04-25T09:34:05+00:00,0.000,544,source_directory_only_unverified,unverified,unverified
background_products_bz2/Z_RADR_I_ST001_20250425093430_O_DOR-CUT_YLD6-D_CAP_10_1_FMT.bin.bz2,background_products_bz2,background_product,background_product,.bin.bz2,4696494,,RSTM,2,0,1,ST001,成都远望,46.862548828125,83.09510040283203,FMT,PPI,,3,1,1000,2025-04-25T09:34:30+00:00,2025-04-25T09:34:30+00:00,0.000,544,source_directory_only_unverified,unverified,unverified
background_products_bz2/Z_RADR_I_ST001_20250425093455_O_DOR-CUT_YLD6-D_CAP_10_1_FMT.bin.bz2,background_products_bz2,background_product,background_product,.bin.bz2,4695499,,RSTM,2,0,1,ST001,成都远望,46.862548828125,83.09510040283203,FMT,PPI,,3,1,1000,2025-04-25T09:34:55+00:00,2025-04-25T09:34:55+00:00,0.000,544,source_directory_only_unverified,unverified,unverified
background_products_bz2/Z_RADR_I_ST001_20250425093520_O_DOR-CUT_YLD6-D_CAP_10_1_FMT.bin.bz2,background_products_bz2,background_product,background_product,.bin.bz2,4706989,,RSTM,2,0,1,ST001,成都远望,46.862548828125,83.09510040283203,FMT,PPI,,3,1,1000,2025-04-25T09:35:20+00:00,2025-04-25T09:35:20+00:00,0.000,544,source_directory_only_unverified,unverified,unverified
background_products_bz2/Z_RADR_I_ST001_20250425093545_O_DOR-CUT_YLD6-D_CAP_10_1_FMT.bin.bz2,background_products_bz2,background_product,background_product,.bin.bz2,4688710,,RSTM,2,0,1,ST001,成都远望,46.862548828125,83.09510040283203,FMT,PPI,,3,1,1000,2025-04-25T09:35:45+00:00,2025-04-25T09:35:45+00:00,0.000,544,source_directory_only_unverified,unverified,unverified
background_products_bz2/Z_RADR_I_ST001_20250425093609_O_DOR-CUT_YLD6-D_CAP_10_1_FMT.bin.bz2,background_products_bz2,background_product,background_product,.bin.bz2,4698852,,RSTM,2,0,1,ST001,成都远望,46.862548828125,83.09510040283203,FMT,PPI,,3,1,1000,2025-04-25T09:36:09+00:00,2025-04-25T09:36:09+00:00,0.000,544,source_directory_only_unverified,unverified,unverified
background_products_bz2/Z_RADR_I_ST001_20250425093634_O_DOR-CUT_YLD6-D_CAP_10_1_FMT.bin.bz2,background_products_bz2,background_product,background_product,.bin.bz2,4691066,,RSTM,2,0,1,ST001,成都远望,46.862548828125,83.09510040283203,FMT,PPI,,3,1,1000,2025-04-25T09:36:34+00:00,2025-04-25T09:36:34+00:00,0.000,544,source_directory_only_unverified,unverified,unverified
background_products_bz2/Z_RADR_I_ST001_20250425093659_O_DOR-CUT_YLD6-D_CAP_10_1_FMT.bin.bz2,background_products_bz2,background_product,background_product,.bin.bz2,4701549,,RSTM,2,0,1,ST001,成都远望,46.862548828125,83.09510040283203,FMT,PPI,,3,1,1000,2025-04-25T09:36:59+00:00,2025-04-25T09:36:59+00:00,0.000,544,source_directory_only_unverified,unverified,unverified
background_products_bz2/Z_RADR_I_ST001_20250425093724_O_DOR-CUT_YLD6-D_CAP_10_1_FMT.bin.bz2,background_products_bz2,background_product,background_product,.bin.bz2,4701296,,RSTM,2,0,1,ST001,成都远望,46.862548828125,83.09510040283203,FMT,PPI,,3,1,1000,2025-04-25T09:37:24+00:00,2025-04-25T09:37:24+00:00,0.000,544,source_directory_only_unverified,unverified,unverified
background_products_bz2/Z_RADR_I_ST001_20250425093748_O_DOR-CUT_YLD6-D_CAP_10_1_FMT.bin.bz2,background_products_bz2,background_product,background_product,.bin.bz2,4704692,,RSTM,2,0,1,ST001,成都远望,46.862548828125,83.09510040283203,FMT,PPI,,3,1,1000,2025-04-25T09:37:48+00:00,2025-04-25T09:37:48+00:00,0.000,544,source_directory_only_unverified,unverified,unverified
background_products_bz2/Z_RADR_I_ST001_20250425093813_O_DOR-CUT_YLD6-D_CAP_10_1_FMT.bin.bz2,background_products_bz2,background_product,background_product,.bin.bz2,4696809,,RSTM,2,0,1,ST001,成都远望,46.862548828125,83.09510040283203,FMT,PPI,,3,1,1000,2025-04-25T09:38:13+00:00,2025-04-25T09:38:13+00:00,0.000,544,source_directory_only_unverified,unverified,unverified
background_products_bz2/Z_RADR_I_ST001_20250425093838_O_DOR-CUT_YLD6-D_CAP_10_1_FMT.bin.bz2,background_products_bz2,background_product,background_product,.bin.bz2,4702109,,RSTM,2,0,1,ST001,成都远望,46.862548828125,83.09510040283203,FMT,PPI,,3,1,1000,2025-04-25T09:38:38+00:00,2025-04-25T09:38:38+00:00,0.000,544,source_directory_only_unverified,unverified,unverified
background_products_bz2/Z_RADR_I_ST001_20250425093902_O_DOR-CUT_YLD6-D_CAP_10_1_FMT.bin.bz2,background_products_bz2,background_product,background_product,.bin.bz2,4700109,,RSTM,2,0,1,ST001,成都远望,46.862548828125,83.09510040283203,FMT,PPI,,3,1,1000,2025-04-25T09:39:02+00:00,2025-04-25T09:39:02+00:00,0.000,544,source_directory_only_unverified,unverified,unverified
background_products_bz2/Z_RADR_I_ST001_20250425093927_O_DOR-CUT_YLD6-D_CAP_10_1_FMT.bin.bz2,background_products_bz2,background_product,background_product,.bin.bz2,4694913,,RSTM,2,0,1,ST001,成都远望,46.862548828125,83.09510040283203,FMT,PPI,,3,1,1000,2025-04-25T09:39:27+00:00,2025-04-25T09:39:27+00:00,0.000,544,source_directory_only_unverified,unverified,unverified
background_products_bz2/Z_RADR_I_ST001_20250425093952_O_DOR-CUT_YLD6-D_CAP_10_1_FMT.bin.bz2,background_products_bz2,background_product,background_product,.bin.bz2,4689051,,RSTM,2,0,1,ST001,成都远望,46.862548828125,83.09510040283203,FMT,PPI,,3,1,1000,2025-04-25T09:39:52+00:00,2025-04-25T09:39:52+00:00,0.000,544,source_directory_only_unverified,unverified,unverified
background_products_bz2/Z_RADR_I_ST001_20250425094017_O_DOR-CUT_YLD6-D_CAP_10_1_FMT.bin.bz2,background_products_bz2,background_product,background_product,.bin.bz2,4695229,,RSTM,2,0,1,ST001,成都远望,46.862548828125,83.09510040283203,FMT,PPI,,3,1,1000,2025-04-25T09:40:17+00:00,2025-04-25T09:40:17+00:00,0.000,544,source_directory_only_unverified,unverified,unverified
background_products_bz2/Z_RADR_I_ST001_20250425094041_O_DOR-CUT_YLD6-D_CAP_10_1_FMT.bin.bz2,background_products_bz2,background_product,background_product,.bin.bz2,4703597,,RSTM,2,0,1,ST001,成都远望,46.862548828125,83.09510040283203,FMT,PPI,,3,1,1000,2025-04-25T09:40:41+00:00,2025-04-25T09:40:41+00:00,0.000,544,source_directory_only_unverified,unverified,unverified
background_products_bz2/Z_RADR_I_ST001_20250425094106_O_DOR-CUT_YLD6-D_CAP_10_1_FMT.bin.bz2,background_products_bz2,background_product,background_product,.bin.bz2,4706190,,RSTM,2,0,1,ST001,成都远望,46.862548828125,83.09510040283203,FMT,PPI,,3,1,1000,2025-04-25T09:41:06+00:00,2025-04-25T09:41:06+00:00,0.000,544,source_directory_only_unverified,unverified,unverified
background_products_bz2/Z_RADR_I_ST001_20250425094131_O_DOR-CUT_YLD6-D_CAP_10_1_FMT.bin.bz2,background_products_bz2,background_product,background_product,.bin.bz2,4700218,,RSTM,2,0,1,ST001,成都远望,46.862548828125,83.09510040283203,FMT,PPI,,3,1,1000,2025-04-25T09:41:31+00:00,2025-04-25T09:41:31+00:00,0.000,544,source_directory_only_unverified,unverified,unverified
background_products_bz2/Z_RADR_I_ST001_20250425094155_O_DOR-CUT_YLD6-D_CAP_10_1_FMT.bin.bz2,background_products_bz2,background_product,background_product,.bin.bz2,4692847,,RSTM,2,0,1,ST001,成都远望,46.862548828125,83.09510040283203,FMT,PPI,,3,1,1000,2025-04-25T09:41:55+00:00,2025-04-25T09:41:55+00:00,0.000,544,source_directory_only_unverified,unverified,unverified
background_products_bz2/Z_RADR_I_ST001_20250425094220_O_DOR-CUT_YLD6-D_CAP_10_1_FMT.bin.bz2,background_products_bz2,background_product,background_product,.bin.bz2,4689029,,RSTM,2,0,1,ST001,成都远望,46.862548828125,83.09510040283203,FMT,PPI,,3,1,1000,2025-04-25T09:42:20+00:00,2025-04-25T09:42:20+00:00,0.000,544,source_directory_only_unverified,unverified,unverified
background_products_bz2/Z_RADR_I_ST001_20250425094245_O_DOR-CUT_YLD6-D_CAP_10_1_FMT.bin.bz2,background_products_bz2,background_product,background_product,.bin.bz2,4702733,,RSTM,2,0,1,ST001,成都远望,46.862548828125,83.09510040283203,FMT,PPI,,3,1,1000,2025-04-25T09:42:45+00:00,2025-04-25T09:42:45+00:00,0.000,544,source_directory_only_unverified,unverified,unverified
background_products_bz2/Z_RADR_I_ST001_20250425094310_O_DOR-CUT_YLD6-D_CAP_10_1_FMT.bin.bz2,background_products_bz2,background_product,background_product,.bin.bz2,4701039,,RSTM,2,0,1,ST001,成都远望,46.862548828125,83.09510040283203,FMT,PPI,,3,1,1000,2025-04-25T09:43:10+00:00,2025-04-25T09:43:10+00:00,0.000,544,source_directory_only_unverified,unverified,unverified
background_products_bz2/Z_RADR_I_ST001_20250425094334_O_DOR-CUT_YLD6-D_CAP_10_1_FMT.bin.bz2,background_products_bz2,background_product,background_product,.bin.bz2,4705252,,RSTM,2,0,1,ST001,成都远望,46.862548828125,83.09510040283203,FMT,PPI,,3,1,1000,2025-04-25T09:43:34+00:00,2025-04-25T09:43:34+00:00,0.000,544,source_directory_only_unverified,unverified,unverified
background_products_bz2/Z_RADR_I_ST001_20250425094359_O_DOR-CUT_YLD6-D_CAP_10_1_FMT.bin.bz2,background_products_bz2,background_product,background_product,.bin.bz2,4701433,,RSTM,2,0,1,ST001,成都远望,46.862548828125,83.09510040283203,FMT,PPI,,3,1,1000,2025-04-25T09:43:59+00:00,2025-04-25T09:43:59+00:00,0.000,544,source_directory_only_unverified,unverified,unverified
background_products_bz2/Z_RADR_I_ST001_20250425094424_O_DOR-CUT_YLD6-D_CAP_10_1_FMT.bin.bz2,background_products_bz2,background_product,background_product,.bin.bz2,4694174,,RSTM,2,0,1,ST001,成都远望,46.862548828125,83.09510040283203,FMT,PPI,,3,1,1000,2025-04-25T09:44:24+00:00,2025-04-25T09:44:24+00:00,0.000,544,source_directory_only_unverified,unverified,unverified
background_products_bz2/Z_RADR_I_ST001_20250425094449_O_DOR-CUT_YLD6-D_CAP_10_1_FMT.bin.bz2,background_products_bz2,background_product,background_product,.bin.bz2,4701069,,RSTM,2,0,1,ST001,成都远望,46.862548828125,83.09510040283203,FMT,PPI,,3,1,1000,2025-04-25T09:44:49+00:00,2025-04-25T09:44:49+00:00,0.000,544,source_directory_only_unverified,unverified,unverified
background_products_bz2/Z_RADR_I_ST001_20250425094513_O_DOR-CUT_YLD6-D_CAP_10_1_FMT.bin.bz2,background_products_bz2,background_product,background_product,.bin.bz2,4702454,,RSTM,2,0,1,ST001,成都远望,46.862548828125,83.09510040283203,FMT,PPI,,3,1,1000,2025-04-25T09:45:13+00:00,2025-04-25T09:45:13+00:00,0.000,544,source_directory_only_unverified,unverified,unverified
background_products_bz2/Z_RADR_I_ST001_20250425094538_O_DOR-CUT_YLD6-D_CAP_10_1_FMT.bin.bz2,background_products_bz2,background_product,background_product,.bin.bz2,4695380,,RSTM,2,0,1,ST001,成都远望,46.862548828125,83.09510040283203,FMT,PPI,,3,1,1000,2025-04-25T09:45:38+00:00,2025-04-25T09:45:38+00:00,0.000,544,source_directory_only_unverified,unverified,unverified
background_products_bz2/Z_RADR_I_ST001_20250425094603_O_DOR-CUT_YLD6-D_CAP_10_1_FMT.bin.bz2,background_products_bz2,background_product,background_product,.bin.bz2,4699779,,RSTM,2,0,1,ST001,成都远望,46.862548828125,83.09510040283203,FMT,PPI,,3,1,1000,2025-04-25T09:46:03+00:00,2025-04-25T09:46:03+00:00,0.000,544,source_directory_only_unverified,unverified,unverified
background_products_bz2/Z_RADR_I_ST001_20250425094627_O_DOR-CUT_YLD6-D_CAP_10_1_FMT.bin.bz2,background_products_bz2,background_product,background_product,.bin.bz2,4692402,,RSTM,2,0,1,ST001,成都远望,46.862548828125,83.09510040283203,FMT,PPI,,3,1,1000,2025-04-25T09:46:27+00:00,2025-04-25T09:46:27+00:00,0.000,544,source_directory_only_unverified,unverified,unverified
background_products_bz2/Z_RADR_I_ST001_20250425094652_O_DOR-CUT_YLD6-D_CAP_10_1_FMT.bin.bz2,background_products_bz2,background_product,background_product,.bin.bz2,4705213,,RSTM,2,0,1,ST001,成都远望,46.862548828125,83.09510040283203,FMT,PPI,,3,1,1000,2025-04-25T09:46:52+00:00,2025-04-25T09:46:52+00:00,0.000,544,source_directory_only_unverified,unverified,unverified
background_products_bz2/Z_RADR_I_ST001_20250425094717_O_DOR-CUT_YLD6-D_CAP_10_1_FMT.bin.bz2,background_products_bz2,background_product,background_product,.bin.bz2,4705093,,RSTM,2,0,1,ST001,成都远望,46.862548828125,83.09510040283203,FMT,PPI,,3,1,1000,2025-04-25T09:47:17+00:00,2025-04-25T09:47:17+00:00,0.000,544,source_directory_only_unverified,unverified,unverified
background_products_bz2/Z_RADR_I_ST001_20250425094742_O_DOR-CUT_YLD6-D_CAP_10_1_FMT.bin.bz2,background_products_bz2,background_product,background_product,.bin.bz2,4709278,,RSTM,2,0,1,ST001,成都远望,46.862548828125,83.09510040283203,FMT,PPI,,3,1,1000,2025-04-25T09:47:42+00:00,2025-04-25T09:47:42+00:00,0.000,544,source_directory_only_unverified,unverified,unverified
background_products_bz2/Z_RADR_I_ST001_20250425094806_O_DOR-CUT_YLD6-D_CAP_10_1_FMT.bin.bz2,background_products_bz2,background_product,background_product,.bin.bz2,4698021,,RSTM,2,0,1,ST001,成都远望,46.862548828125,83.09510040283203,FMT,PPI,,3,1,1000,2025-04-25T09:48:06+00:00,2025-04-25T09:48:06+00:00,0.000,544,source_directory_only_unverified,unverified,unverified
background_products_bz2/Z_RADR_I_ST001_20250425094831_O_DOR-CUT_YLD6-D_CAP_10_1_FMT.bin.bz2,background_products_bz2,background_product,background_product,.bin.bz2,4708394,,RSTM,2,0,1,ST001,成都远望,46.862548828125,83.09510040283203,FMT,PPI,,3,1,1000,2025-04-25T09:48:31+00:00,2025-04-25T09:48:31+00:00,0.000,544,source_directory_only_unverified,unverified,unverified
background_products_bz2/Z_RADR_I_ST001_20250425094856_O_DOR-CUT_YLD6-D_CAP_10_1_FMT.bin.bz2,background_products_bz2,background_product,background_product,.bin.bz2,4703662,,RSTM,2,0,1,ST001,成都远望,46.862548828125,83.09510040283203,FMT,PPI,,3,1,1000,2025-04-25T09:48:56+00:00,2025-04-25T09:48:56+00:00,0.000,544,source_directory_only_unverified,unverified,unverified
background_products_bz2/Z_RADR_I_ST001_20250425094921_O_DOR-CUT_YLD6-D_CAP_10_1_FMT.bin.bz2,background_products_bz2,background_product,background_product,.bin.bz2,4702718,,RSTM,2,0,1,ST001,成都远望,46.862548828125,83.09510040283203,FMT,PPI,,3,1,1000,2025-04-25T09:49:21+00:00,2025-04-25T09:49:21+00:00,0.000,544,source_directory_only_unverified,unverified,unverified
background_products_bz2/Z_RADR_I_ST001_20250425094946_O_DOR-CUT_YLD6-D_CAP_10_1_FMT.bin.bz2,background_products_bz2,background_product,background_product,.bin.bz2,4702219,,RSTM,2,0,1,ST001,成都远望,46.862548828125,83.09510040283203,FMT,PPI,,3,1,1000,2025-04-25T09:49:46+00:00,2025-04-25T09:49:46+00:00,0.000,544,source_directory_only_unverified,unverified,unverified
background_products_bz2/Z_RADR_I_ST001_20250425095010_O_DOR-CUT_YLD6-D_CAP_10_1_FMT.bin.bz2,background_products_bz2,background_product,background_product,.bin.bz2,4697921,,RSTM,2,0,1,ST001,成都远望,46.862548828125,83.09510040283203,FMT,PPI,,3,1,1000,2025-04-25T09:50:10+00:00,2025-04-25T09:50:10+00:00,0.000,544,source_directory_only_unverified,unverified,unverified
background_products_bz2/Z_RADR_I_ST001_20250425095035_O_DOR-CUT_YLD6-D_CAP_10_1_FMT.bin.bz2,background_products_bz2,background_product,background_product,.bin.bz2,4696174,,RSTM,2,0,1,ST001,成都远望,46.862548828125,83.09510040283203,FMT,PPI,,3,1,1000,2025-04-25T09:50:35+00:00,2025-04-25T09:50:35+00:00,0.000,544,source_directory_only_unverified,unverified,unverified
background_products_bz2/Z_RADR_I_ST001_20250425095100_O_DOR-CUT_YLD6-D_CAP_10_1_FMT.bin.bz2,background_products_bz2,background_product,background_product,.bin.bz2,4696934,,RSTM,2,0,1,ST001,成都远望,46.862548828125,83.09510040283203,FMT,PPI,,3,1,1000,2025-04-25T09:51:00+00:00,2025-04-25T09:51:00+00:00,0.000,544,source_directory_only_unverified,unverified,unverified
background_products_bz2/Z_RADR_I_ST001_20250425095125_O_DOR-CUT_YLD6-D_CAP_10_1_FMT.bin.bz2,background_products_bz2,background_product,background_product,.bin.bz2,4706394,,RSTM,2,0,1,ST001,成都远望,46.862548828125,83.09510040283203,FMT,PPI,,3,1,1000,2025-04-25T09:51:25+00:00,2025-04-25T09:51:25+00:00,0.000,544,source_directory_only_unverified,unverified,unverified
background_products_bz2/Z_RADR_I_ST001_20250425095149_O_DOR-CUT_YLD6-D_CAP_10_1_FMT.bin.bz2,background_products_bz2,background_product,background_product,.bin.bz2,4702641,,RSTM,2,0,1,ST001,成都远望,46.862548828125,83.09510040283203,FMT,PPI,,3,1,1000,2025-04-25T09:51:49+00:00,2025-04-25T09:51:49+00:00,0.000,544,source_directory_only_unverified,unverified,unverified
background_products_bz2/Z_RADR_I_ST001_20250425095214_O_DOR-CUT_YLD6-D_CAP_10_1_FMT.bin.bz2,background_products_bz2,background_product,background_product,.bin.bz2,4703990,,RSTM,2,0,1,ST001,成都远望,46.862548828125,83.09510040283203,FMT,PPI,,3,1,1000,2025-04-25T09:52:14+00:00,2025-04-25T09:52:14+00:00,0.000,544,source_directory_only_unverified,unverified,unverified
background_products_bz2/Z_RADR_I_ST001_20250425095239_O_DOR-CUT_YLD6-D_CAP_10_1_FMT.bin.bz2,background_products_bz2,background_product,background_product,.bin.bz2,4702667,,RSTM,2,0,1,ST001,成都远望,46.862548828125,83.09510040283203,FMT,PPI,,3,1,1000,2025-04-25T09:52:39+00:00,2025-04-25T09:52:39+00:00,0.000,544,source_directory_only_unverified,unverified,unverified
background_products_bz2/Z_RADR_I_ST001_20250425095304_O_DOR-CUT_YLD6-D_CAP_10_1_FMT.bin.bz2,background_products_bz2,background_product,background_product,.bin.bz2,4704085,,RSTM,2,0,1,ST001,成都远望,46.862548828125,83.09510040283203,FMT,PPI,,3,1,1000,2025-04-25T09:53:04+00:00,2025-04-25T09:53:04+00:00,0.000,544,source_directory_only_unverified,unverified,unverified
background_products_bz2/Z_RADR_I_ST001_20250425095329_O_DOR-CUT_YLD6-D_CAP_10_1_FMT.bin.bz2,background_products_bz2,background_product,background_product,.bin.bz2,4703171,,RSTM,2,0,1,ST001,成都远望,46.862548828125,83.09510040283203,FMT,PPI,,3,1,1000,2025-04-25T09:53:29+00:00,2025-04-25T09:53:29+00:00,0.000,544,source_directory_only_unverified,unverified,unverified
background_products_bz2/Z_RADR_I_ST001_20250425095354_O_DOR-CUT_YLD6-D_CAP_10_1_FMT.bin.bz2,background_products_bz2,background_product,background_product,.bin.bz2,4695999,,RSTM,2,0,1,ST001,成都远望,46.862548828125,83.09510040283203,FMT,PPI,,3,1,1000,2025-04-25T09:53:54+00:00,2025-04-25T09:53:54+00:00,0.000,544,source_directory_only_unverified,unverified,unverified
background_products_bz2/Z_RADR_I_ST001_20250425095418_O_DOR-CUT_YLD6-D_CAP_10_1_FMT.bin.bz2,background_products_bz2,background_product,background_product,.bin.bz2,4702396,,RSTM,2,0,1,ST001,成都远望,46.862548828125,83.09510040283203,FMT,PPI,,3,1,1000,2025-04-25T09:54:18+00:00,2025-04-25T09:54:18+00:00,0.000,544,source_directory_only_unverified,unverified,unverified
background_products_bz2/Z_RADR_I_ST001_20250425095443_O_DOR-CUT_YLD6-D_CAP_10_1_FMT.bin.bz2,background_products_bz2,background_product,background_product,.bin.bz2,4699300,,RSTM,2,0,1,ST001,成都远望,46.862548828125,83.09510040283203,FMT,PPI,,3,1,1000,2025-04-25T09:54:43+00:00,2025-04-25T09:54:43+00:00,0.000,544,source_directory_only_unverified,unverified,unverified
background_products_bz2/Z_RADR_I_ST001_20250425095508_O_DOR-CUT_YLD6-D_CAP_10_1_FMT.bin.bz2,background_products_bz2,background_product,background_product,.bin.bz2,4700846,,RSTM,2,0,1,ST001,成都远望,46.862548828125,83.09510040283203,FMT,PPI,,3,1,1000,2025-04-25T09:55:08+00:00,2025-04-25T09:55:08+00:00,0.000,544,source_directory_only_unverified,unverified,unverified
background_products_bz2/Z_RADR_I_ST001_20250425095532_O_DOR-CUT_YLD6-D_CAP_10_1_FMT.bin.bz2,background_products_bz2,background_product,background_product,.bin.bz2,4705946,,RSTM,2,0,1,ST001,成都远望,46.862548828125,83.09510040283203,FMT,PPI,,3,1,1000,2025-04-25T09:55:32+00:00,2025-04-25T09:55:32+00:00,0.000,544,source_directory_only_unverified,unverified,unverified
background_products_bz2/Z_RADR_I_ST001_20250425095557_O_DOR-CUT_YLD6-D_CAP_10_1_FMT.bin.bz2,background_products_bz2,background_product,background_product,.bin.bz2,4702397,,RSTM,2,0,1,ST001,成都远望,46.862548828125,83.09510040283203,FMT,PPI,,3,1,1000,2025-04-25T09:55:57+00:00,2025-04-25T09:55:57+00:00,0.000,544,source_directory_only_unverified,unverified,unverified
background_products_bz2/Z_RADR_I_ST001_20250425095622_O_DOR-CUT_YLD6-D_CAP_10_1_FMT.bin.bz2,background_products_bz2,background_product,background_product,.bin.bz2,4706093,,RSTM,2,0,1,ST001,成都远望,46.862548828125,83.09510040283203,FMT,PPI,,3,1,1000,2025-04-25T09:56:22+00:00,2025-04-25T09:56:22+00:00,0.000,544,source_directory_only_unverified,unverified,unverified
background_products_bz2/Z_RADR_I_ST001_20250425095647_O_DOR-CUT_YLD6-D_CAP_10_1_FMT.bin.bz2,background_products_bz2,background_product,background_product,.bin.bz2,4707235,,RSTM,2,0,1,ST001,成都远望,46.862548828125,83.09510040283203,FMT,PPI,,3,1,1000,2025-04-25T09:56:47+00:00,2025-04-25T09:56:47+00:00,0.000,544,source_directory_only_unverified,unverified,unverified
background_products_bz2/Z_RADR_I_ST001_20250425095711_O_DOR-CUT_YLD6-D_CAP_10_1_FMT.bin.bz2,background_products_bz2,background_product,background_product,.bin.bz2,4697933,,RSTM,2,0,1,ST001,成都远望,46.862548828125,83.09510040283203,FMT,PPI,,3,1,1000,2025-04-25T09:57:11+00:00,2025-04-25T09:57:11+00:00,0.000,544,source_directory_only_unverified,unverified,unverified
background_products_bz2/Z_RADR_I_ST001_20250425095736_O_DOR-CUT_YLD6-D_CAP_10_1_FMT.bin.bz2,background_products_bz2,background_product,background_product,.bin.bz2,4699055,,RSTM,2,0,1,ST001,成都远望,46.862548828125,83.09510040283203,FMT,PPI,,3,1,1000,2025-04-25T09:57:36+00:00,2025-04-25T09:57:36+00:00,0.000,544,source_directory_only_unverified,unverified,unverified
background_products_bz2/Z_RADR_I_ST001_20250425095801_O_DOR-CUT_YLD6-D_CAP_10_1_FMT.bin.bz2,background_products_bz2,background_product,background_product,.bin.bz2,4706220,,RSTM,2,0,1,ST001,成都远望,46.862548828125,83.09510040283203,FMT,PPI,,3,1,1000,2025-04-25T09:58:01+00:00,2025-04-25T09:58:01+00:00,0.000,544,source_directory_only_unverified,unverified,unverified
background_products_bz2/Z_RADR_I_ST001_20250425095825_O_DOR-CUT_YLD6-D_CAP_10_1_FMT.bin.bz2,background_products_bz2,background_product,background_product,.bin.bz2,4703018,,RSTM,2,0,1,ST001,成都远望,46.862548828125,83.09510040283203,FMT,PPI,,3,1,1000,2025-04-25T09:58:25+00:00,2025-04-25T09:58:25+00:00,0.000,544,source_directory_only_unverified,unverified,unverified
background_products_bz2/Z_RADR_I_ST001_20250425095850_O_DOR-CUT_YLD6-D_CAP_10_1_FMT.bin.bz2,background_products_bz2,background_product,background_product,.bin.bz2,4708504,,RSTM,2,0,1,ST001,成都远望,46.862548828125,83.09510040283203,FMT,PPI,,3,1,1000,2025-04-25T09:58:50+00:00,2025-04-25T09:58:50+00:00,0.000,544,source_directory_only_unverified,unverified,unverified
background_products_bz2/Z_RADR_I_ST001_20250425095915_O_DOR-CUT_YLD6-D_CAP_10_1_FMT.bin.bz2,background_products_bz2,background_product,background_product,.bin.bz2,4695453,,RSTM,2,0,1,ST001,成都远望,46.862548828125,83.09510040283203,FMT,PPI,,3,1,1000,2025-04-25T09:59:15+00:00,2025-04-25T09:59:15+00:00,0.000,544,source_directory_only_unverified,unverified,unverified
background_products_bz2/Z_RADR_I_ST001_20250425095940_O_DOR-CUT_YLD6-D_CAP_10_1_FMT.bin.bz2,background_products_bz2,background_product,background_product,.bin.bz2,4707722,,RSTM,2,0,1,ST001,成都远望,46.862548828125,83.09510040283203,FMT,PPI,,3,1,1000,2025-04-25T09:59:40+00:00,2025-04-25T09:59:40+00:00,0.000,544,source_directory_only_unverified,unverified,unverified
background_products_bz2/Z_RADR_I_ST001_20250425100004_O_DOR-CUT_YLD6-D_CAP_10_1_FMT.bin.bz2,background_products_bz2,background_product,background_product,.bin.bz2,4699893,,RSTM,2,0,1,ST001,成都远望,46.862548828125,83.09510040283203,FMT,PPI,,3,1,1000,2025-04-25T10:00:04+00:00,2025-04-25T10:00:04+00:00,0.000,544,source_directory_only_unverified,unverified,unverified
background_products_bz2/Z_RADR_I_ST001_20250425100029_O_DOR-CUT_YLD6-D_CAP_10_1_FMT.bin.bz2,background_products_bz2,background_product,background_product,.bin.bz2,4708748,,RSTM,2,0,1,ST001,成都远望,46.862548828125,83.09510040283203,FMT,PPI,,3,1,1000,2025-04-25T10:00:29+00:00,2025-04-25T10:00:29+00:00,0.000,544,source_directory_only_unverified,unverified,unverified
background_products_bz2/Z_RADR_I_ST001_20250425100054_O_DOR-CUT_YLD6-D_CAP_10_1_FMT.bin.bz2,background_products_bz2,background_product,background_product,.bin.bz2,4701217,,RSTM,2,0,1,ST001,成都远望,46.862548828125,83.09510040283203,FMT,PPI,,3,1,1000,2025-04-25T10:00:54+00:00,2025-04-25T10:00:54+00:00,0.000,544,source_directory_only_unverified,unverified,unverified
background_products_bz2/Z_RADR_I_ST001_20250425100118_O_DOR-CUT_YLD6-D_CAP_10_1_FMT.bin.bz2,background_products_bz2,background_product,background_product,.bin.bz2,4709293,,RSTM,2,0,1,ST001,成都远望,46.862548828125,83.09510040283203,FMT,PPI,,3,1,1000,2025-04-25T10:01:18+00:00,2025-04-25T10:01:18+00:00,0.000,544,source_directory_only_unverified,unverified,unverified
background_products_bz2/Z_RADR_I_ST001_20250425100143_O_DOR-CUT_YLD6-D_CAP_10_1_FMT.bin.bz2,background_products_bz2,background_product,background_product,.bin.bz2,4701584,,RSTM,2,0,1,ST001,成都远望,46.862548828125,83.09510040283203,FMT,PPI,,3,1,1000,2025-04-25T10:01:43+00:00,2025-04-25T10:01:43+00:00,0.000,544,source_directory_only_unverified,unverified,unverified
background_products_bz2/Z_RADR_I_ST001_20250425100208_O_DOR-CUT_YLD6-D_CAP_10_1_FMT.bin.bz2,background_products_bz2,background_product,background_product,.bin.bz2,4702447,,RSTM,2,0,1,ST001,成都远望,46.862548828125,83.09510040283203,FMT,PPI,,3,1,1000,2025-04-25T10:02:08+00:00,2025-04-25T10:02:08+00:00,0.000,544,source_directory_only_unverified,unverified,unverified
background_products_bz2/Z_RADR_I_ST001_20250425100233_O_DOR-CUT_YLD6-D_CAP_10_1_FMT.bin.bz2,background_products_bz2,background_product,background_product,.bin.bz2,4703638,,RSTM,2,0,1,ST001,成都远望,46.862548828125,83.09510040283203,FMT,PPI,,3,1,1000,2025-04-25T10:02:33+00:00,2025-04-25T10:02:33+00:00,0.000,544,source_directory_only_unverified,unverified,unverified
background_products_bz2/Z_RADR_I_ST001_20250425100257_O_DOR-CUT_YLD6-D_CAP_10_1_FMT.bin.bz2,background_products_bz2,background_product,background_product,.bin.bz2,4709921,,RSTM,2,0,1,ST001,成都远望,46.862548828125,83.09510040283203,FMT,PPI,,3,1,1000,2025-04-25T10:02:57+00:00,2025-04-25T10:02:57+00:00,0.000,544,source_directory_only_unverified,unverified,unverified
background_products_bz2/Z_RADR_I_ST001_20250425100322_O_DOR-CUT_YLD6-D_CAP_10_1_FMT.bin.bz2,background_products_bz2,background_product,background_product,.bin.bz2,4694614,,RSTM,2,0,1,ST001,成都远望,46.862548828125,83.09510040283203,FMT,PPI,,3,1,1000,2025-04-25T10:03:22+00:00,2025-04-25T10:03:22+00:00,0.000,544,source_directory_only_unverified,unverified,unverified
background_products_bz2/Z_RADR_I_ST001_20250425100347_O_DOR-CUT_YLD6-D_CAP_10_1_FMT.bin.bz2,background_products_bz2,background_product,background_product,.bin.bz2,4707281,,RSTM,2,0,1,ST001,成都远望,46.862548828125,83.09510040283203,FMT,PPI,,3,1,1000,2025-04-25T10:03:47+00:00,2025-04-25T10:03:47+00:00,0.000,544,source_directory_only_unverified,unverified,unverified
background_products_bz2/Z_RADR_I_ST001_20250425100411_O_DOR-CUT_YLD6-D_CAP_10_1_FMT.bin.bz2,background_products_bz2,background_product,background_product,.bin.bz2,4691152,,RSTM,2,0,1,ST001,成都远望,46.862548828125,83.09510040283203,FMT,PPI,,3,1,1000,2025-04-25T10:04:11+00:00,2025-04-25T10:04:11+00:00,0.000,544,source_directory_only_unverified,unverified,unverified
background_products_bz2/Z_RADR_I_ST001_20250425100436_O_DOR-CUT_YLD6-D_CAP_10_1_FMT.bin.bz2,background_products_bz2,background_product,background_product,.bin.bz2,4704838,,RSTM,2,0,1,ST001,成都远望,46.862548828125,83.09510040283203,FMT,PPI,,3,1,1000,2025-04-25T10:04:36+00:00,2025-04-25T10:04:36+00:00,0.000,544,source_directory_only_unverified,unverified,unverified
background_products_bz2/Z_RADR_I_ST001_20250425100501_O_DOR-CUT_YLD6-D_CAP_10_1_FMT.bin.bz2,background_products_bz2,background_product,background_product,.bin.bz2,4703720,,RSTM,2,0,1,ST001,成都远望,46.862548828125,83.09510040283203,FMT,PPI,,3,1,1000,2025-04-25T10:05:01+00:00,2025-04-25T10:05:01+00:00,0.000,544,source_directory_only_unverified,unverified,unverified
background_products_bz2/Z_RADR_I_ST001_20250425100526_O_DOR-CUT_YLD6-D_CAP_10_1_FMT.bin.bz2,background_products_bz2,background_product,background_product,.bin.bz2,4706751,,RSTM,2,0,1,ST001,成都远望,46.862548828125,83.09510040283203,FMT,PPI,,3,1,1000,2025-04-25T10:05:26+00:00,2025-04-25T10:05:26+00:00,0.000,544,source_directory_only_unverified,unverified,unverified
background_products_bz2/Z_RADR_I_ST001_20250425100550_O_DOR-CUT_YLD6-D_CAP_10_1_FMT.bin.bz2,background_products_bz2,background_product,background_product,.bin.bz2,4701230,,RSTM,2,0,1,ST001,成都远望,46.862548828125,83.09510040283203,FMT,PPI,,3,1,1000,2025-04-25T10:05:50+00:00,2025-04-25T10:05:50+00:00,0.000,544,source_directory_only_unverified,unverified,unverified
background_products_bz2/Z_RADR_I_ST001_20250425100615_O_DOR-CUT_YLD6-D_CAP_10_1_FMT.bin.bz2,background_products_bz2,background_product,background_product,.bin.bz2,4703255,,RSTM,2,0,1,ST001,成都远望,46.862548828125,83.09510040283203,FMT,PPI,,3,1,1000,2025-04-25T10:06:15+00:00,2025-04-25T10:06:15+00:00,0.000,544,source_directory_only_unverified,unverified,unverified
background_products_bz2/Z_RADR_I_ST001_20250425100640_O_DOR-CUT_YLD6-D_CAP_10_1_FMT.bin.bz2,background_products_bz2,background_product,background_product,.bin.bz2,4703149,,RSTM,2,0,1,ST001,成都远望,46.862548828125,83.09510040283203,FMT,PPI,,3,1,1000,2025-04-25T10:06:40+00:00,2025-04-25T10:06:40+00:00,0.000,544,source_directory_only_unverified,unverified,unverified
background_products_bz2/Z_RADR_I_ST001_20250425100704_O_DOR-CUT_YLD6-D_CAP_10_1_FMT.bin.bz2,background_products_bz2,background_product,background_product,.bin.bz2,4699258,,RSTM,2,0,1,ST001,成都远望,46.862548828125,83.09510040283203,FMT,PPI,,3,1,1000,2025-04-25T10:07:04+00:00,2025-04-25T10:07:04+00:00,0.000,544,source_directory_only_unverified,unverified,unverified
background_products_bz2/Z_RADR_I_ST001_20250425100729_O_DOR-CUT_YLD6-D_CAP_10_1_FMT.bin.bz2,background_products_bz2,background_product,background_product,.bin.bz2,4703184,,RSTM,2,0,1,ST001,成都远望,46.862548828125,83.09510040283203,FMT,PPI,,3,1,1000,2025-04-25T10:07:29+00:00,2025-04-25T10:07:29+00:00,0.000,544,source_directory_only_unverified,unverified,unverified
background_products_bz2/Z_RADR_I_ST001_20250425100754_O_DOR-CUT_YLD6-D_CAP_10_1_FMT.bin.bz2,background_products_bz2,background_product,background_product,.bin.bz2,4707449,,RSTM,2,0,1,ST001,成都远望,46.862548828125,83.09510040283203,FMT,PPI,,3,1,1000,2025-04-25T10:07:54+00:00,2025-04-25T10:07:54+00:00,0.000,544,source_directory_only_unverified,unverified,unverified
background_products_bz2/Z_RADR_I_ST001_20250425100819_O_DOR-CUT_YLD6-D_CAP_10_1_FMT.bin.bz2,background_products_bz2,background_product,background_product,.bin.bz2,4700559,,RSTM,2,0,1,ST001,成都远望,46.862548828125,83.09510040283203,FMT,PPI,,3,1,1000,2025-04-25T10:08:19+00:00,2025-04-25T10:08:19+00:00,0.000,544,source_directory_only_unverified,unverified,unverified
background_products_bz2/Z_RADR_I_ST001_20250425100843_O_DOR-CUT_YLD6-D_CAP_10_1_FMT.bin.bz2,background_products_bz2,background_product,background_product,.bin.bz2,4704993,,RSTM,2,0,1,ST001,成都远望,46.862548828125,83.09510040283203,FMT,PPI,,3,1,1000,2025-04-25T10:08:43+00:00,2025-04-25T10:08:43+00:00,0.000,544,source_directory_only_unverified,unverified,unverified
background_products_bz2/Z_RADR_I_ST001_20250425100908_O_DOR-CUT_YLD6-D_CAP_10_1_FMT.bin.bz2,background_products_bz2,background_product,background_product,.bin.bz2,4700093,,RSTM,2,0,1,ST001,成都远望,46.862548828125,83.09510040283203,FMT,PPI,,3,1,1000,2025-04-25T10:09:08+00:00,2025-04-25T10:09:08+00:00,0.000,544,source_directory_only_unverified,unverified,unverified
background_products_bz2/Z_RADR_I_ST001_20250425100933_O_DOR-CUT_YLD6-D_CAP_10_1_FMT.bin.bz2,background_products_bz2,background_product,background_product,.bin.bz2,4704581,,RSTM,2,0,1,ST001,成都远望,46.862548828125,83.09510040283203,FMT,PPI,,3,1,1000,2025-04-25T10:09:33+00:00,2025-04-25T10:09:33+00:00,0.000,544,source_directory_only_unverified,unverified,unverified
background_products_bz2/Z_RADR_I_ST001_20250425100958_O_DOR-CUT_YLD6-D_CAP_10_1_FMT.bin.bz2,background_products_bz2,background_product,background_product,.bin.bz2,4704192,,RSTM,2,0,1,ST001,成都远望,46.862548828125,83.09510040283203,FMT,PPI,,3,1,1000,2025-04-25T10:09:58+00:00,2025-04-25T10:09:58+00:00,0.000,544,source_directory_only_unverified,unverified,unverified
background_products_bz2/Z_RADR_I_ST001_20250425101023_O_DOR-CUT_YLD6-D_CAP_10_1_FMT.bin.bz2,background_products_bz2,background_product,background_product,.bin.bz2,4693345,,RSTM,2,0,1,ST001,成都远望,46.862548828125,83.09510040283203,FMT,PPI,,3,1,1000,2025-04-25T10:10:23+00:00,2025-04-25T10:10:23+00:00,0.000,544,source_directory_only_unverified,unverified,unverified
background_products_bz2/Z_RADR_I_ST001_20250425101111_O_DOR-CUT_YLD6-D_CAP_50_1_FMT.bin.bz2,background_products_bz2,background_product,background_product,.bin.bz2,4685312,,RSTM,2,0,1,ST001,成都远望,46.862548828125,83.09510040283203,FMT,PPI,,3,1,1000,2025-04-25T10:11:11+00:00,2025-04-25T10:11:11+00:00,0.000,544,source_directory_only_unverified,unverified,unverified
background_products_bz2/Z_RADR_I_ST001_20250425101136_O_DOR-CUT_YLD6-D_CAP_50_1_FMT.bin.bz2,background_products_bz2,background_product,background_product,.bin.bz2,4681258,,RSTM,2,0,1,ST001,成都远望,46.862548828125,83.09510040283203,FMT,PPI,,3,1,1000,2025-04-25T10:11:36+00:00,2025-04-25T10:11:36+00:00,0.000,544,source_directory_only_unverified,unverified,unverified
background_products_bz2/Z_RADR_I_ST001_20250425101201_O_DOR-CUT_YLD6-D_CAP_50_1_FMT.bin.bz2,background_products_bz2,background_product,background_product,.bin.bz2,4678755,,RSTM,2,0,1,ST001,成都远望,46.862548828125,83.09510040283203,FMT,PPI,,3,1,1000,2025-04-25T10:12:01+00:00,2025-04-25T10:12:01+00:00,0.000,544,source_directory_only_unverified,unverified,unverified
background_products_bz2/Z_RADR_I_ST001_20250425101225_O_DOR-CUT_YLD6-D_CAP_50_1_FMT.bin.bz2,background_products_bz2,background_product,background_product,.bin.bz2,4681362,,RSTM,2,0,1,ST001,成都远望,46.862548828125,83.09510040283203,FMT,PPI,,3,1,1000,2025-04-25T10:12:25+00:00,2025-04-25T10:12:25+00:00,0.000,544,source_directory_only_unverified,unverified,unverified
background_products_bz2/Z_RADR_I_ST001_20250425101250_O_DOR-CUT_YLD6-D_CAP_50_1_FMT.bin.bz2,background_products_bz2,background_product,background_product,.bin.bz2,4683259,,RSTM,2,0,1,ST001,成都远望,46.862548828125,83.09510040283203,FMT,PPI,,3,1,1000,2025-04-25T10:12:50+00:00,2025-04-25T10:12:50+00:00,0.000,544,source_directory_only_unverified,unverified,unverified
background_products_bz2/Z_RADR_I_ST001_20250425101333_O_DOR-CUT_YLD6-D_CAP_50_1_FMT.bin.bz2,background_products_bz2,background_product,background_product,.bin.bz2,4682421,,RSTM,2,0,1,ST001,成都远望,46.862548828125,83.09510040283203,FMT,PPI,,3,1,1000,2025-04-25T10:13:33+00:00,2025-04-25T10:13:33+00:00,0.000,544,source_directory_only_unverified,unverified,unverified
background_products_bz2/Z_RADR_I_ST001_20250425101357_O_DOR-CUT_YLD6-D_CAP_50_1_FMT.bin.bz2,background_products_bz2,background_product,background_product,.bin.bz2,4674048,,RSTM,2,0,1,ST001,成都远望,46.862548828125,83.09510040283203,FMT,PPI,,3,1,1000,2025-04-25T10:13:57+00:00,2025-04-25T10:13:57+00:00,0.000,544,source_directory_only_unverified,unverified,unverified
background_products_bz2/Z_RADR_I_ST001_20250425101422_O_DOR-CUT_YLD6-D_CAP_50_1_FMT.bin.bz2,background_products_bz2,background_product,background_product,.bin.bz2,4675506,,RSTM,2,0,1,ST001,成都远望,46.862548828125,83.09510040283203,FMT,PPI,,3,1,1000,2025-04-25T10:14:22+00:00,2025-04-25T10:14:22+00:00,0.000,544,source_directory_only_unverified,unverified,unverified
background_products_bz2/Z_RADR_I_ST001_20250425101447_O_DOR-CUT_YLD6-D_CAP_50_1_FMT.bin.bz2,background_products_bz2,background_product,background_product,.bin.bz2,4664868,,RSTM,2,0,1,ST001,成都远望,46.862548828125,83.09510040283203,FMT,PPI,,3,1,1000,2025-04-25T10:14:47+00:00,2025-04-25T10:14:47+00:00,0.000,544,source_directory_only_unverified,unverified,unverified
background_products_bz2/Z_RADR_I_ST001_20250425101512_O_DOR-CUT_YLD6-D_CAP_50_1_FMT.bin.bz2,background_products_bz2,background_product,background_product,.bin.bz2,4662464,,RSTM,2,0,1,ST001,成都远望,46.862548828125,83.09510040283203,FMT,PPI,,3,1,1000,2025-04-25T10:15:12+00:00,2025-04-25T10:15:12+00:00,0.000,544,source_directory_only_unverified,unverified,unverified
background_products_bz2/Z_RADR_I_ST001_20250425101536_O_DOR-CUT_YLD6-D_CAP_50_1_FMT.bin.bz2,background_products_bz2,background_product,background_product,.bin.bz2,4670413,,RSTM,2,0,1,ST001,成都远望,46.862548828125,83.09510040283203,FMT,PPI,,3,1,1000,2025-04-25T10:15:36+00:00,2025-04-25T10:15:36+00:00,0.000,544,source_directory_only_unverified,unverified,unverified
background_products_bz2/Z_RADR_I_ST001_20250425101601_O_DOR-CUT_YLD6-D_CAP_50_1_FMT.bin.bz2,background_products_bz2,background_product,background_product,.bin.bz2,4678513,,RSTM,2,0,1,ST001,成都远望,46.862548828125,83.09510040283203,FMT,PPI,,3,1,1000,2025-04-25T10:16:01+00:00,2025-04-25T10:16:01+00:00,0.000,544,source_directory_only_unverified,unverified,unverified
background_products_bz2/Z_RADR_I_ST001_20250425101626_O_DOR-CUT_YLD6-D_CAP_50_1_FMT.bin.bz2,background_products_bz2,background_product,background_product,.bin.bz2,4667567,,RSTM,2,0,1,ST001,成都远望,46.862548828125,83.09510040283203,FMT,PPI,,3,1,1000,2025-04-25T10:16:26+00:00,2025-04-25T10:16:26+00:00,0.000,544,source_directory_only_unverified,unverified,unverified
background_products_bz2/Z_RADR_I_ST001_20250425101651_O_DOR-CUT_YLD6-D_CAP_50_1_FMT.bin.bz2,background_products_bz2,background_product,background_product,.bin.bz2,4671380,,RSTM,2,0,1,ST001,成都远望,46.862548828125,83.09510040283203,FMT,PPI,,3,1,1000,2025-04-25T10:16:51+00:00,2025-04-25T10:16:51+00:00,0.000,544,source_directory_only_unverified,unverified,unverified
background_products_bz2/Z_RADR_I_ST001_20250425101715_O_DOR-CUT_YLD6-D_CAP_50_1_FMT.bin.bz2,background_products_bz2,background_product,background_product,.bin.bz2,4669121,,RSTM,2,0,1,ST001,成都远望,46.862548828125,83.09510040283203,FMT,PPI,,3,1,1000,2025-04-25T10:17:15+00:00,2025-04-25T10:17:15+00:00,0.000,544,source_directory_only_unverified,unverified,unverified
background_products_bz2/Z_RADR_I_ST001_20250425101740_O_DOR-CUT_YLD6-D_CAP_50_1_FMT.bin.bz2,background_products_bz2,background_product,background_product,.bin.bz2,4671022,,RSTM,2,0,1,ST001,成都远望,46.862548828125,83.09510040283203,FMT,PPI,,3,1,1000,2025-04-25T10:17:40+00:00,2025-04-25T10:17:40+00:00,0.000,544,source_directory_only_unverified,unverified,unverified
background_products_bz2/Z_RADR_I_ST001_20250425101805_O_DOR-CUT_YLD6-D_CAP_50_1_FMT.bin.bz2,background_products_bz2,background_product,background_product,.bin.bz2,4674915,,RSTM,2,0,1,ST001,成都远望,46.862548828125,83.09510040283203,FMT,PPI,,3,1,1000,2025-04-25T10:18:05+00:00,2025-04-25T10:18:05+00:00,0.000,544,source_directory_only_unverified,unverified,unverified
background_products_bz2/Z_RADR_I_ST001_20250425101920_O_DOR_YLD6-D_RHI_FMT.bin.bz2,background_products_bz2,background_product,background_product,.bin.bz2,314483,,RSTM,2,0,1,ST001,成都远望,46.862548828125,83.09510040283203,FMT,RHI,,3,2,1000,2025-04-25T10:19:20+00:00,2025-04-25T10:19:20+00:00,0.000,544,source_directory_only_unverified,unverified,unverified
background_products_bz2/Z_RADR_I_ST001_20250425101925_O_DOR_YLD6-D_RHI_FMT.bin.bz2,background_products_bz2,background_product,background_product,.bin.bz2,313808,,RSTM,2,0,1,ST001,成都远望,46.862548828125,83.09510040283203,FMT,RHI,,3,2,1000,2025-04-25T10:19:25+00:00,2025-04-25T10:19:25+00:00,0.000,544,source_directory_only_unverified,unverified,unverified
background_products_bz2/Z_RADR_I_ST001_20250425101931_O_DOR_YLD6-D_RHI_FMT.bin.bz2,background_products_bz2,background_product,background_product,.bin.bz2,314562,,RSTM,2,0,1,ST001,成都远望,46.862548828125,83.09510040283203,FMT,RHI,,3,2,1000,2025-04-25T10:19:31+00:00,2025-04-25T10:19:31+00:00,0.000,544,source_directory_only_unverified,unverified,unverified
background_products_bz2/Z_RADR_I_ST001_20250425101937_O_DOR_YLD6-D_RHI_FMT.bin.bz2,background_products_bz2,background_product,background_product,.bin.bz2,314472,,RSTM,2,0,1,ST001,成都远望,46.862548828125,83.09510040283203,FMT,RHI,,3,2,1000,2025-04-25T10:19:37+00:00,2025-04-25T10:19:37+00:00,0.000,544,source_directory_only_unverified,unverified,unverified
background_products_bz2/Z_RADR_I_ST001_20250425101943_O_DOR_YLD6-D_RHI_FMT.bin.bz2,background_products_bz2,background_product,background_product,.bin.bz2,314051,,RSTM,2,0,1,ST001,成都远望,46.862548828125,83.09510040283203,FMT,RHI,,3,2,1000,2025-04-25T10:19:43+00:00,2025-04-25T10:19:43+00:00,0.000,544,source_directory_only_unverified,unverified,unverified
background_products_bz2/Z_RADR_I_ST001_20250425101949_O_DOR_YLD6-D_RHI_FMT.bin.bz2,background_products_bz2,background_product,background_product,.bin.bz2,315028,,RSTM,2,0,1,ST001,成都远望,46.862548828125,83.09510040283203,FMT,RHI,,3,2,1000,2025-04-25T10:19:49+00:00,2025-04-25T10:19:49+00:00,0.000,544,source_directory_only_unverified,unverified,unverified
background_products_bz2/Z_RADR_I_ST001_20250425101955_O_DOR_YLD6-D_RHI_FMT.bin.bz2,background_products_bz2,background_product,background_product,.bin.bz2,314606,,RSTM,2,0,1,ST001,成都远望,46.862548828125,83.09510040283203,FMT,RHI,,3,2,1000,2025-04-25T10:19:55+00:00,2025-04-25T10:19:55+00:00,0.000,544,source_directory_only_unverified,unverified,unverified
background_products_bz2/Z_RADR_I_ST001_20250425102000_O_DOR_YLD6-D_RHI_FMT.bin.bz2,background_products_bz2,background_product,background_product,.bin.bz2,313753,,RSTM,2,0,1,ST001,成都远望,46.862548828125,83.09510040283203,FMT,RHI,,3,2,1000,2025-04-25T10:20:00+00:00,2025-04-25T10:20:00+00:00,0.000,544,source_directory_only_unverified,unverified,unverified
background_products_bz2/Z_RADR_I_ST001_20250425102006_O_DOR_YLD6-D_RHI_FMT.bin.bz2,background_products_bz2,background_product,background_product,.bin.bz2,314148,,RSTM,2,0,1,ST001,成都远望,46.862548828125,83.09510040283203,FMT,RHI,,3,2,1000,2025-04-25T10:20:06+00:00,2025-04-25T10:20:06+00:00,0.000,544,source_directory_only_unverified,unverified,unverified
background_products_bz2/Z_RADR_I_ST001_20250425102012_O_DOR_YLD6-D_RHI_FMT.bin.bz2,background_products_bz2,background_product,background_product,.bin.bz2,314137,,RSTM,2,0,1,ST001,成都远望,46.862548828125,83.09510040283203,FMT,RHI,,3,2,1000,2025-04-25T10:20:12+00:00,2025-04-25T10:20:12+00:00,0.000,544,source_directory_only_unverified,unverified,unverified
background_products_bz2/Z_RADR_I_ST001_20250425102018_O_DOR_YLD6-D_RHI_FMT.bin.bz2,background_products_bz2,background_product,background_product,.bin.bz2,314206,,RSTM,2,0,1,ST001,成都远望,46.862548828125,83.09510040283203,FMT,RHI,,3,2,1000,2025-04-25T10:20:18+00:00,2025-04-25T10:20:18+00:00,0.000,544,source_directory_only_unverified,unverified,unverified
background_products_bz2/Z_RADR_I_ST001_20250425103423_O_DOR-CUT_YLD6-D_CAP_50_1_FMT.bin.bz2,background_products_bz2,background_product,background_product,.bin.bz2,4664046,,RSTM,2,0,1,ST001,成都远望,46.862548828125,83.09510040283203,FMT,PPI,,3,1,1000,2025-04-25T10:34:23+00:00,2025-04-25T10:34:23+00:00,0.000,544,source_directory_only_unverified,unverified,unverified
background_products_bz2/Z_RADR_I_ST001_20250425103448_O_DOR-CUT_YLD6-D_CAP_50_1_FMT.bin.bz2,background_products_bz2,background_product,background_product,.bin.bz2,4665357,,RSTM,2,0,1,ST001,成都远望,46.862548828125,83.09510040283203,FMT,PPI,,3,1,1000,2025-04-25T10:34:48+00:00,2025-04-25T10:34:48+00:00,0.000,544,source_directory_only_unverified,unverified,unverified
background_products_bz2/Z_RADR_I_ST001_20250425103512_O_DOR-CUT_YLD6-D_CAP_50_1_FMT.bin.bz2,background_products_bz2,background_product,background_product,.bin.bz2,4668237,,RSTM,2,0,1,ST001,成都远望,46.862548828125,83.09510040283203,FMT,PPI,,3,1,1000,2025-04-25T10:35:12+00:00,2025-04-25T10:35:12+00:00,0.000,544,source_directory_only_unverified,unverified,unverified
background_products_bz2/Z_RADR_I_ST001_20250425103537_O_DOR-CUT_YLD6-D_CAP_50_1_FMT.bin.bz2,background_products_bz2,background_product,background_product,.bin.bz2,4660468,,RSTM,2,0,1,ST001,成都远望,46.862548828125,83.09510040283203,FMT,PPI,,3,1,1000,2025-04-25T10:35:37+00:00,2025-04-25T10:35:37+00:00,0.000,544,source_directory_only_unverified,unverified,unverified
background_products_bz2/Z_RADR_I_ST001_20250425103602_O_DOR-CUT_YLD6-D_CAP_50_1_FMT.bin.bz2,background_products_bz2,background_product,background_product,.bin.bz2,4662307,,RSTM,2,0,1,ST001,成都远望,46.862548828125,83.09510040283203,FMT,PPI,,3,1,1000,2025-04-25T10:36:02+00:00,2025-04-25T10:36:02+00:00,0.000,544,source_directory_only_unverified,unverified,unverified
target_balloon/ST001_20250425_135455_818_01_CDX_RHI.IQ,target_balloon,target,balloon_source_label,.iq,259926656,,RSTM,18,1,10,ST001,成都远望,46.862552642822266,83.09510040283203,RHI,RHI,俯仰扫描,2,2,1000,2025-04-25T13:32:37+00:00,2025-04-25T13:54:55.818000+00:00,-1338.818,544,source_directory_only_unverified,unverified,unverified
target_balloon/ST001_20250425_135504_853_01_CDX_RHI.IQ,target_balloon,target,balloon_source_label,.iq,294710912,,RSTM,18,1,10,ST001,成都远望,46.862552642822266,83.09510040283203,RHI,RHI,俯仰扫描,2,2,1000,2025-04-25T13:55:04+00:00,2025-04-25T13:55:04.853000+00:00,-0.853,544,source_directory_only_unverified,unverified,unverified
target_balloon/ST001_20250425_135514_910_01_CDX_RHI.IQ,target_balloon,target,balloon_source_label,.iq,296106176,,RSTM,18,1,10,ST001,成都远望,46.862552642822266,83.09510040283203,RHI,RHI,俯仰扫描,2,2,1000,2025-04-25T13:55:14+00:00,2025-04-25T13:55:14.910000+00:00,-0.910,544,source_directory_only_unverified,unverified,unverified
target_balloon/ST001_20250425_135524_962_01_CDX_RHI.IQ,target_balloon,target,balloon_source_label,.iq,297923264,,RSTM,18,1,10,ST001,成都远望,46.862552642822266,83.09510040283203,RHI,RHI,俯仰扫描,2,2,1000,2025-04-25T13:55:24+00:00,2025-04-25T13:55:24.962000+00:00,-0.962,544,source_directory_only_unverified,unverified,unverified
target_balloon/ST001_20250425_135535_016_01_CDX_RHI.IQ,target_balloon,target,balloon_source_label,.iq,296089952,,RSTM,18,1,10,ST001,成都远望,46.862552642822266,83.09510040283203,RHI,RHI,俯仰扫描,2,2,1000,2025-04-25T13:55:35+00:00,2025-04-25T13:55:35.016000+00:00,-0.016,544,source_directory_only_unverified,unverified,unverified
target_balloon/ST001_20250425_135545_065_01_CDX_RHI.IQ,target_balloon,target,balloon_source_label,.iq,297809696,,RSTM,18,1,10,ST001,成都远望,46.862552642822266,83.09510040283203,RHI,RHI,俯仰扫描,2,2,1000,2025-04-25T13:55:45+00:00,2025-04-25T13:55:45.065000+00:00,-0.065,544,source_directory_only_unverified,unverified,unverified
target_balloon/ST001_20250425_135555_116_01_CDX_RHI.IQ,target_balloon,target,balloon_source_label,.iq,296252192,,RSTM,18,1,10,ST001,成都远望,46.862552642822266,83.09510040283203,RHI,RHI,俯仰扫描,2,2,1000,2025-04-25T13:55:55+00:00,2025-04-25T13:55:55.116000+00:00,-0.116,544,source_directory_only_unverified,unverified,unverified
target_balloon/ST001_20250425_135605_171_01_CDX_RHI.IQ,target_balloon,target,balloon_source_label,.iq,299594336,,RSTM,18,1,10,ST001,成都远望,46.862552642822266,83.09510040283203,RHI,RHI,俯仰扫描,2,2,1000,2025-04-25T13:56:05+00:00,2025-04-25T13:56:05.171000+00:00,-0.171,544,source_directory_only_unverified,unverified,unverified
target_balloon/ST001_20250425_135615_226_01_CDX_RHI.IQ,target_balloon,target,balloon_source_label,.iq,297858368,,RSTM,18,1,10,ST001,成都远望,46.862552642822266,83.09510040283203,RHI,RHI,俯仰扫描,2,2,1000,2025-04-25T13:56:15+00:00,2025-04-25T13:56:15.226000+00:00,-0.226,544,source_directory_only_unverified,unverified,unverified
target_balloon/ST001_20250425_135625_274_01_CDX_RHI.IQ,target_balloon,target,balloon_source_label,.iq,299334752,,RSTM,18,1,10,ST001,成都远望,46.862552642822266,83.09510040283203,RHI,RHI,俯仰扫描,2,2,1000,2025-04-25T13:56:25+00:00,2025-04-25T13:56:25.274000+00:00,-0.274,544,source_directory_only_unverified,unverified,unverified
target_balloon/ST001_20250425_135635_525_01_CDX_RHI.IQ,target_balloon,target,balloon_source_label,.iq,296284640,,RSTM,18,1,10,ST001,成都远望,46.862552642822266,83.09510040283203,RHI,RHI,俯仰扫描,2,2,1000,2025-04-25T13:56:35+00:00,2025-04-25T13:56:35.525000+00:00,-0.525,544,source_directory_only_unverified,unverified,unverified
target_balloon/ST001_20250425_135645_580_01_CDX_RHI.IQ,target_balloon,target,balloon_source_label,.iq,50166560,,RSTM,18,1,10,ST001,成都远望,46.862552642822266,83.09510040283203,RHI,RHI,俯仰扫描,2,2,1000,2025-04-25T13:56:45+00:00,2025-04-25T13:56:45.580000+00:00,-0.580,544,source_directory_only_unverified,unverified,unverified
target_balloon/ST001_20250425_135652_253_01_CDX_RPI.IQ,target_balloon,target,balloon_source_label,.iq,395526848,,RSTM,18,1,10,ST001,成都远望,46.862552642822266,83.09510040283203,RPI,RPI,方位扇扫,2,3,1000,2025-04-25T13:56:52+00:00,2025-04-25T13:56:52.253000+00:00,-0.253,544,source_directory_only_unverified,unverified,unverified
target_balloon/ST001_20250425_135708_359_01_CDX_RPI.IQ,target_balloon,target,balloon_source_label,.iq,363062624,,RSTM,18,1,10,ST001,成都远望,46.862552642822266,83.09510040283203,RPI,RPI,方位扇扫,2,3,1000,2025-04-25T13:57:08+00:00,2025-04-25T13:57:08.359000+00:00,-0.359,544,source_directory_only_unverified,unverified,unverified
target_balloon/ST001_20250425_135723_462_01_CDX_RPI.IQ,target_balloon,target,balloon_source_label,.iq,364555232,,RSTM,18,1,10,ST001,成都远望,46.862552642822266,83.09510040283203,RPI,RPI,方位扇扫,2,3,1000,2025-04-25T13:57:23+00:00,2025-04-25T13:57:23.462000+00:00,-0.462,544,source_directory_only_unverified,unverified,unverified
target_balloon/ST001_20250425_135738_558_01_CDX_RPI.IQ,target_balloon,target,balloon_source_label,.iq,363127520,,RSTM,18,1,10,ST001,成都远望,46.862552642822266,83.09510040283203,RPI,RPI,方位扇扫,2,3,1000,2025-04-25T13:57:38+00:00,2025-04-25T13:57:38.558000+00:00,-0.558,544,source_directory_only_unverified,unverified,unverified
target_balloon/ST001_20250425_135753_660_01_CDX_RPI.IQ,target_balloon,target,balloon_source_label,.iq,237683552,,RSTM,18,1,10,ST001,成都远望,46.862552642822266,83.09510040283203,RPI,RPI,方位扇扫,2,3,1000,2025-04-25T13:57:53+00:00,2025-04-25T13:57:53.660000+00:00,-0.660,544,source_directory_only_unverified,unverified,unverified
target_balloon/ST001_20250425_135805_560_01_CDX_RHI.IQ,target_balloon,target,balloon_source_label,.iq,305727008,,RSTM,18,1,10,ST001,成都远望,46.862552642822266,83.09510040283203,RHI,RHI,俯仰扫描,2,2,1000,2025-04-25T13:58:05+00:00,2025-04-25T13:58:05.560000+00:00,-0.560,544,source_directory_only_unverified,unverified,unverified
target_balloon/ST001_20250425_135818_436_01_CDX_RHI.IQ,target_balloon,target,balloon_source_label,.iq,307836128,,RSTM,18,1,10,ST001,成都远望,46.862552642822266,83.09510040283203,RHI,RHI,俯仰扫描,2,2,1000,2025-04-25T13:58:18+00:00,2025-04-25T13:58:18.436000+00:00,-0.436,544,source_directory_only_unverified,unverified,unverified
target_balloon/ST001_20250425_135831_327_01_CDX_RHI.IQ,target_balloon,target,balloon_source_label,.iq,307608992,,RSTM,18,1,10,ST001,成都远望,46.862552642822266,83.09510040283203,RHI,RHI,俯仰扫描,2,2,1000,2025-04-25T13:58:31+00:00,2025-04-25T13:58:31.327000+00:00,-0.327,544,source_directory_only_unverified,unverified,unverified
target_balloon/ST001_20250425_135844_161_01_CDX_RHI.IQ,target_balloon,target,balloon_source_label,.iq,307673888,,RSTM,18,1,10,ST001,成都远望,46.862552642822266,83.09510040283203,RHI,RHI,俯仰扫描,2,2,1000,2025-04-25T13:58:44+00:00,2025-04-25T13:58:44.161000+00:00,-0.161,544,source_directory_only_unverified,unverified,unverified
target_balloon/ST001_20250425_135857_054_01_CDX_RHI.IQ,target_balloon,target,balloon_source_label,.iq,308890688,,RSTM,18,1,10,ST001,成都远望,46.862552642822266,83.09510040283203,RHI,RHI,俯仰扫描,2,2,1000,2025-04-25T13:58:57+00:00,2025-04-25T13:58:57.054000+00:00,-0.054,544,source_directory_only_unverified,unverified,unverified
target_balloon/ST001_20250425_135909_926_01_CDX_RHI.IQ,target_balloon,target,balloon_source_label,.iq,309328736,,RSTM,18,1,10,ST001,成都远望,46.862552642822266,83.09510040283203,RHI,RHI,俯仰扫描,2,2,1000,2025-04-25T13:59:09+00:00,2025-04-25T13:59:09.926000+00:00,-0.926,544,source_directory_only_unverified,unverified,unverified
target_balloon/ST001_20250425_135920_435_01_CDX_RHI.IQ,target_balloon,target,balloon_source_label,.iq,294532448,,RSTM,18,1,10,ST001,成都远望,46.862552642822266,83.09510040283203,RHI,RHI,俯仰扫描,2,2,1000,2025-04-25T13:59:20+00:00,2025-04-25T13:59:20.435000+00:00,-0.435,544,source_directory_only_unverified,unverified,unverified
target_balloon/ST001_20250425_135930_486_01_CDX_RHI.IQ,target_balloon,target,balloon_source_label,.iq,297939488,,RSTM,18,1,10,ST001,成都远望,46.862552642822266,83.09510040283203,RHI,RHI,俯仰扫描,2,2,1000,2025-04-25T13:59:30+00:00,2025-04-25T13:59:30.486000+00:00,-0.486,544,source_directory_only_unverified,unverified,unverified
target_balloon/ST001_20250425_135940_540_01_CDX_RHI.IQ,target_balloon,target,balloon_source_label,.iq,294921824,,RSTM,18,1,10,ST001,成都远望,46.862552642822266,83.09510040283203,RHI,RHI,俯仰扫描,2,2,1000,2025-04-25T13:59:40+00:00,2025-04-25T13:59:40.540000+00:00,-0.540,544,source_directory_only_unverified,unverified,unverified
target_balloon/ST001_20250425_135950_547_01_CDX_RHI.IQ,target_balloon,target,balloon_source_label,.iq,299464544,,RSTM,18,1,10,ST001,成都远望,46.862552642822266,83.09510040283203,RHI,RHI,俯仰扫描,2,2,1000,2025-04-25T13:59:50+00:00,2025-04-25T13:59:50.547000+00:00,-0.547,544,source_directory_only_unverified,unverified,unverified
target_balloon/ST001_20250425_140000_597_01_CDX_RHI.IQ,target_balloon,target,balloon_source_label,.iq,297842144,,RSTM,18,1,10,ST001,成都远望,46.862552642822266,83.09510040283203,RHI,RHI,俯仰扫描,2,2,1000,2025-04-25T14:00:00+00:00,2025-04-25T14:00:00.597000+00:00,-0.597,544,source_directory_only_unverified,unverified,unverified
target_balloon/ST001_20250425_140010_648_01_CDX_RHI.IQ,target_balloon,target,balloon_source_label,.iq,299383424,,RSTM,18,1,10,ST001,成都远望,46.862552642822266,83.09510040283203,RHI,RHI,俯仰扫描,2,2,1000,2025-04-25T14:00:10+00:00,2025-04-25T14:00:10.648000+00:00,-0.648,544,source_directory_only_unverified,unverified,unverified
target_balloon/ST001_20250425_140020_747_01_CDX_RHI.IQ,target_balloon,target,balloon_source_label,.iq,296398208,,RSTM,18,1,10,ST001,成都远望,46.862552642822266,83.09510040283203,RHI,RHI,俯仰扫描,2,2,1000,2025-04-25T14:00:20+00:00,2025-04-25T14:00:20.747000+00:00,-0.747,544,source_directory_only_unverified,unverified,unverified
target_balloon/ST001_20250425_140030_804_01_CDX_RHI.IQ,target_balloon,target,balloon_source_label,.iq,300957152,,RSTM,18,1,10,ST001,成都远望,46.862552642822266,83.09510040283203,RHI,RHI,俯仰扫描,2,2,1000,2025-04-25T14:00:30+00:00,2025-04-25T14:00:30.804000+00:00,-0.804,544,source_directory_only_unverified,unverified,unverified
target_balloon/ST001_20250425_140041_053_01_CDX_RHI.IQ,target_balloon,target,balloon_source_label,.iq,291190304,,RSTM,18,1,10,ST001,成都远望,46.862552642822266,83.09510040283203,RHI,RHI,俯仰扫描,2,2,1000,2025-04-25T14:00:41+00:00,2025-04-25T14:00:41.053000+00:00,-0.053,544,source_directory_only_unverified,unverified,unverified
target_balloon/ST001_20250425_140050_901_01_CDX_RHI.IQ,target_balloon,target,balloon_source_label,.iq,299464544,,RSTM,18,1,10,ST001,成都远望,46.862552642822266,83.09510040283203,RHI,RHI,俯仰扫描,2,2,1000,2025-04-25T14:00:50+00:00,2025-04-25T14:00:50.901000+00:00,-0.901,544,source_directory_only_unverified,unverified,unverified
target_balloon/ST001_20250425_140101_109_01_CDX_RHI.IQ,target_balloon,target,balloon_source_label,.iq,293072288,,RSTM,18,1,10,ST001,成都远望,46.862552642822266,83.09510040283203,RHI,RHI,俯仰扫描,2,2,1000,2025-04-25T14:01:01+00:00,2025-04-25T14:01:01.109000+00:00,-0.109,544,source_directory_only_unverified,unverified,unverified
target_balloon/ST001_20250425_140110_963_01_CDX_RHI.IQ,target_balloon,target,balloon_source_label,.iq,301216736,,RSTM,18,1,10,ST001,成都远望,46.862552642822266,83.09510040283203,RHI,RHI,俯仰扫描,2,2,1000,2025-04-25T14:01:10+00:00,2025-04-25T14:01:10.963000+00:00,-0.963,544,source_directory_only_unverified,unverified,unverified
target_balloon/ST001_20250425_140121_219_01_CDX_RHI.IQ,target_balloon,target,balloon_source_label,.iq,293137184,,RSTM,18,1,10,ST001,成都远望,46.862552642822266,83.09510040283203,RHI,RHI,俯仰扫描,2,2,1000,2025-04-25T14:01:21+00:00,2025-04-25T14:01:21.219000+00:00,-0.219,544,source_directory_only_unverified,unverified,unverified
target_balloon/ST001_20250425_140131_279_01_CDX_RHI.IQ,target_balloon,target,balloon_source_label,.iq,297939488,,RSTM,18,1,10,ST001,成都远望,46.862552642822266,83.09510040283203,RHI,RHI,俯仰扫描,2,2,1000,2025-04-25T14:01:31+00:00,2025-04-25T14:01:31.279000+00:00,-0.279,544,source_directory_only_unverified,unverified,unverified
target_balloon/ST001_20250425_140141_333_01_CDX_RHI.IQ,target_balloon,target,balloon_source_label,.iq,296349536,,RSTM,18,1,10,ST001,成都远望,46.862552642822266,83.09510040283203,RHI,RHI,俯仰扫描,2,2,1000,2025-04-25T14:01:41+00:00,2025-04-25T14:01:41.333000+00:00,-0.333,544,source_directory_only_unverified,unverified,unverified
target_balloon/ST001_20250425_140151_387_01_CDX_RHI.IQ,target_balloon,target,balloon_source_label,.iq,297809696,,RSTM,18,1,10,ST001,成都远望,46.862552642822266,83.09510040283203,RHI,RHI,俯仰扫描,2,2,1000,2025-04-25T14:01:51+00:00,2025-04-25T14:01:51.387000+00:00,-0.387,544,source_directory_only_unverified,unverified,unverified
target_balloon/ST001_20250425_140201_437_01_CDX_RHI.IQ,target_balloon,target,balloon_source_label,.iq,298134176,,RSTM,18,1,10,ST001,成都远望,46.862552642822266,83.09510040283203,RHI,RHI,俯仰扫描,2,2,1000,2025-04-25T14:02:01+00:00,2025-04-25T14:02:01.437000+00:00,-0.437,544,source_directory_only_unverified,unverified,unverified
target_balloon/ST001_20250425_140211_497_01_CDX_RHI.IQ,target_balloon,target,balloon_source_label,.iq,301216736,,RSTM,18,1,10,ST001,成都远望,46.862552642822266,83.09510040283203,RHI,RHI,俯仰扫描,2,2,1000,2025-04-25T14:02:11+00:00,2025-04-25T14:02:11.497000+00:00,-0.497,544,source_directory_only_unverified,unverified,unverified
target_balloon/ST001_20250425_140221_754_01_CDX_RHI.IQ,target_balloon,target,balloon_source_label,.iq,292942496,,RSTM,18,1,10,ST001,成都远望,46.862552642822266,83.09510040283203,RHI,RHI,俯仰扫描,2,2,1000,2025-04-25T14:02:21+00:00,2025-04-25T14:02:21.754000+00:00,-0.754,544,source_directory_only_unverified,unverified,unverified
target_balloon/ST001_20250425_140231_601_01_CDX_RHI.IQ,target_balloon,target,balloon_source_label,.iq,299464544,,RSTM,18,1,10,ST001,成都远望,46.862552642822266,83.09510040283203,RHI,RHI,俯仰扫描,2,2,1000,2025-04-25T14:02:31+00:00,2025-04-25T14:02:31.601000+00:00,-0.601,544,source_directory_only_unverified,unverified,unverified
target_balloon/ST001_20250425_140241_653_01_CDX_RHI.IQ,target_balloon,target,balloon_source_label,.iq,297907040,,RSTM,18,1,10,ST001,成都远望,46.862552642822266,83.09510040283203,RHI,RHI,俯仰扫描,2,2,1000,2025-04-25T14:02:41+00:00,2025-04-25T14:02:41.653000+00:00,-0.653,544,source_directory_only_unverified,unverified,unverified
target_balloon/ST001_20250425_140251_705_01_CDX_RHI.IQ,target_balloon,target,balloon_source_label,.iq,299578112,,RSTM,18,1,10,ST001,成都远望,46.862552642822266,83.09510040283203,RHI,RHI,俯仰扫描,2,2,1000,2025-04-25T14:02:51+00:00,2025-04-25T14:02:51.705000+00:00,-0.705,544,source_directory_only_unverified,unverified,unverified
target_balloon/ST001_20250425_140301_756_01_CDX_RHI.IQ,target_balloon,target,balloon_source_label,.iq,297939488,,RSTM,18,1,10,ST001,成都远望,46.862552642822266,83.09510040283203,RHI,RHI,俯仰扫描,2,2,1000,2025-04-25T14:03:01+00:00,2025-04-25T14:03:01.756000+00:00,-0.756,544,source_directory_only_unverified,unverified,unverified
target_balloon/ST001_20250425_140311_809_01_CDX_RHI.IQ,target_balloon,target,balloon_source_label,.iq,301103168,,RSTM,18,1,10,ST001,成都远望,46.862552642822266,83.09510040283203,RHI,RHI,俯仰扫描,2,2,1000,2025-04-25T14:03:11+00:00,2025-04-25T14:03:11.809000+00:00,-0.809,544,source_directory_only_unverified,unverified,unverified
target_balloon/ST001_20250425_140322_069_01_CDX_RHI.IQ,target_balloon,target,balloon_source_label,.iq,292780256,,RSTM,18,1,10,ST001,成都远望,46.862552642822266,83.09510040283203,RHI,RHI,俯仰扫描,2,2,1000,2025-04-25T14:03:22+00:00,2025-04-25T14:03:22.069000+00:00,-0.069,544,source_directory_only_unverified,unverified,unverified
target_balloon/ST001_20250425_140331_965_01_CDX_RHI.IQ,target_balloon,target,balloon_source_label,.iq,250435616,,RSTM,18,1,10,ST001,成都远望,46.862552642822266,83.09510040283203,RHI,RHI,俯仰扫描,2,2,1000,2025-04-25T14:03:31+00:00,2025-04-25T14:03:31.965000+00:00,-0.965,544,source_directory_only_unverified,unverified,unverified
target_balloon/ST001_20250425_140344_661_01_CDX_RPI.IQ,target_balloon,target,balloon_source_label,.iq,390481184,,RSTM,18,1,10,ST001,成都远望,46.862552642822266,83.09510040283203,RPI,RPI,方位扇扫,2,3,1000,2025-04-25T14:03:44+00:00,2025-04-25T14:03:44.661000+00:00,-0.661,544,source_directory_only_unverified,unverified,unverified
target_balloon/ST001_20250425_140400_560_01_CDX_RPI.IQ,target_balloon,target,balloon_source_label,.iq,362673248,,RSTM,18,1,10,ST001,成都远望,46.862552642822266,83.09510040283203,RPI,RPI,方位扇扫,2,3,1000,2025-04-25T14:04:00+00:00,2025-04-25T14:04:00.560000+00:00,-0.560,544,source_directory_only_unverified,unverified,unverified
target_balloon/ST001_20250425_140415_648_01_CDX_RPI.IQ,target_balloon,target,balloon_source_label,.iq,364603904,,RSTM,18,1,10,ST001,成都远望,46.862552642822266,83.09510040283203,RPI,RPI,方位扇扫,2,3,1000,2025-04-25T14:04:15+00:00,2025-04-25T14:04:15.648000+00:00,-0.648,544,source_directory_only_unverified,unverified,unverified
target_balloon/ST001_20250425_140430_902_01_CDX_RPI.IQ,target_balloon,target,balloon_source_label,.iq,9168512,,RSTM,18,1,10,ST001,成都远望,46.862552642822266,83.09510040283203,RPI,RPI,方位扇扫,2,3,1000,2025-04-25T14:04:30+00:00,2025-04-25T14:04:30.902000+00:00,-0.902,544,source_directory_only_unverified,unverified,unverified
target_balloon/ST001_20250425_140435_973_01_CDX_RHI.IQ,target_balloon,target,balloon_source_label,.iq,305597216,,RSTM,18,1,10,ST001,成都远望,46.862552642822266,83.09510040283203,RHI,RHI,俯仰扫描,2,2,1000,2025-04-25T14:04:35+00:00,2025-04-25T14:04:35.973000+00:00,-0.973,544,source_directory_only_unverified,unverified,unverified
target_balloon/ST001_20250425_140448_688_01_CDX_RHI.IQ,target_balloon,target,balloon_source_label,.iq,306083936,,RSTM,18,1,10,ST001,成都远望,46.862552642822266,83.09510040283203,RHI,RHI,俯仰扫描,2,2,1000,2025-04-25T14:04:48+00:00,2025-04-25T14:04:48.688000+00:00,-0.688,544,source_directory_only_unverified,unverified,unverified
target_balloon/ST001_20250425_140459_145_01_CDX_RHI.IQ,target_balloon,target,balloon_source_label,.iq,296284640,,RSTM,18,1,10,ST001,成都远望,46.862552642822266,83.09510040283203,RHI,RHI,俯仰扫描,2,2,1000,2025-04-25T14:04:59+00:00,2025-04-25T14:04:59.145000+00:00,-0.145,544,source_directory_only_unverified,unverified,unverified
target_balloon/ST001_20250425_140509_196_01_CDX_RHI.IQ,target_balloon,target,balloon_source_label,.iq,296187296,,RSTM,18,1,10,ST001,成都远望,46.862552642822266,83.09510040283203,RHI,RHI,俯仰扫描,2,2,1000,2025-04-25T14:05:09+00:00,2025-04-25T14:05:09.196000+00:00,-0.196,544,source_directory_only_unverified,unverified,unverified
target_balloon/ST001_20250425_140519_250_01_CDX_RHI.IQ,target_balloon,target,balloon_source_label,.iq,297923264,,RSTM,18,1,10,ST001,成都远望,46.862552642822266,83.09510040283203,RHI,RHI,俯仰扫描,2,2,1000,2025-04-25T14:05:19+00:00,2025-04-25T14:05:19.250000+00:00,-0.250,544,source_directory_only_unverified,unverified,unverified
target_balloon/ST001_20250425_140529_302_01_CDX_RHI.IQ,target_balloon,target,balloon_source_label,.iq,294581120,,RSTM,18,1,10,ST001,成都远望,46.862552642822266,83.09510040283203,RHI,RHI,俯仰扫描,2,2,1000,2025-04-25T14:05:29+00:00,2025-04-25T14:05:29.302000+00:00,-0.302,544,source_directory_only_unverified,unverified,unverified
target_balloon/ST001_20250425_140539_357_01_CDX_RHI.IQ,target_balloon,target,balloon_source_label,.iq,298117952,,RSTM,18,1,10,ST001,成都远望,46.862552642822266,83.09510040283203,RHI,RHI,俯仰扫描,2,2,1000,2025-04-25T14:05:39+00:00,2025-04-25T14:05:39.357000+00:00,-0.357,544,source_directory_only_unverified,unverified,unverified
target_balloon/ST001_20250425_140549_412_01_CDX_RHI.IQ,target_balloon,target,balloon_source_label,.iq,296511776,,RSTM,18,1,10,ST001,成都远望,46.862552642822266,83.09510040283203,RHI,RHI,俯仰扫描,2,2,1000,2025-04-25T14:05:49+00:00,2025-04-25T14:05:49.412000+00:00,-0.412,544,source_directory_only_unverified,unverified,unverified
target_balloon/ST001_20250425_140559_472_01_CDX_RHI.IQ,target_balloon,target,balloon_source_label,.iq,299529440,,RSTM,18,1,10,ST001,成都远望,46.862552642822266,83.09510040283203,RHI,RHI,俯仰扫描,2,2,1000,2025-04-25T14:05:59+00:00,2025-04-25T14:05:59.472000+00:00,-0.472,544,source_directory_only_unverified,unverified,unverified
target_balloon/ST001_20250425_140609_731_01_CDX_RHI.IQ,target_balloon,target,balloon_source_label,.iq,291271424,,RSTM,18,1,10,ST001,成都远望,46.862552642822266,83.09510040283203,RHI,RHI,俯仰扫描,2,2,1000,2025-04-25T14:06:09+00:00,2025-04-25T14:06:09.731000+00:00,-0.731,544,source_directory_only_unverified,unverified,unverified
target_balloon/ST001_20250425_140619_581_01_CDX_RHI.IQ,target_balloon,target,balloon_source_label,.iq,299367200,,RSTM,18,1,10,ST001,成都远望,46.862552642822266,83.09510040283203,RHI,RHI,俯仰扫描,2,2,1000,2025-04-25T14:06:19+00:00,2025-04-25T14:06:19.581000+00:00,-0.581,544,source_directory_only_unverified,unverified,unverified
target_balloon/ST001_20250425_140629_836_01_CDX_RHI.IQ,target_balloon,target,balloon_source_label,.iq,294597344,,RSTM,18,1,10,ST001,成都远望,46.862552642822266,83.09510040283203,RHI,RHI,俯仰扫描,2,2,1000,2025-04-25T14:06:29+00:00,2025-04-25T14:06:29.836000+00:00,-0.836,544,source_directory_only_unverified,unverified,unverified
target_balloon/ST001_20250425_140639_888_01_CDX_RHI.IQ,target_balloon,target,balloon_source_label,.iq,297890816,,RSTM,18,1,10,ST001,成都远望,46.862552642822266,83.09510040283203,RHI,RHI,俯仰扫描,2,2,1000,2025-04-25T14:06:39+00:00,2025-04-25T14:06:39.888000+00:00,-0.888,544,source_directory_only_unverified,unverified,unverified
target_balloon/ST001_20250425_140649_941_01_CDX_RHI.IQ,target_balloon,target,balloon_source_label,.iq,296349536,,RSTM,18,1,10,ST001,成都远望,46.862552642822266,83.09510040283203,RHI,RHI,俯仰扫描,2,2,1000,2025-04-25T14:06:49+00:00,2025-04-25T14:06:49.941000+00:00,-0.941,544,source_directory_only_unverified,unverified,unverified
target_balloon/ST001_20250425_140659_995_01_CDX_RHI.IQ,target_balloon,target,balloon_source_label,.iq,298004384,,RSTM,18,1,10,ST001,成都远望,46.862552642822266,83.09510040283203,RHI,RHI,俯仰扫描,2,2,1000,2025-04-25T14:06:59+00:00,2025-04-25T14:06:59.995000+00:00,-0.995,544,source_directory_only_unverified,unverified,unverified
target_balloon/ST001_20250425_140710_052_01_CDX_RHI.IQ,target_balloon,target,balloon_source_label,.iq,296154848,,RSTM,18,1,10,ST001,成都远望,46.862552642822266,83.09510040283203,RHI,RHI,俯仰扫描,2,2,1000,2025-04-25T14:07:10+00:00,2025-04-25T14:07:10.052000+00:00,-0.052,544,source_directory_only_unverified,unverified,unverified
target_balloon/ST001_20250425_140720_096_01_CDX_RHI.IQ,target_balloon,target,balloon_source_label,.iq,299659232,,RSTM,18,1,10,ST001,成都远望,46.862552642822266,83.09510040283203,RHI,RHI,俯仰扫描,2,2,1000,2025-04-25T14:07:20+00:00,2025-04-25T14:07:20.096000+00:00,-0.096,544,source_directory_only_unverified,unverified,unverified
target_balloon/ST001_20250425_140730_154_01_CDX_RHI.IQ,target_balloon,target,balloon_source_label,.iq,297874592,,RSTM,18,1,10,ST001,成都远望,46.862552642822266,83.09510040283203,RHI,RHI,俯仰扫描,2,2,1000,2025-04-25T14:07:30+00:00,2025-04-25T14:07:30.154000+00:00,-0.154,544,source_directory_only_unverified,unverified,unverified
target_balloon/ST001_20250425_140740_204_01_CDX_RHI.IQ,target_balloon,target,balloon_source_label,.iq,299464544,,RSTM,18,1,10,ST001,成都远望,46.862552642822266,83.09510040283203,RHI,RHI,俯仰扫描,2,2,1000,2025-04-25T14:07:40+00:00,2025-04-25T14:07:40.204000+00:00,-0.204,544,source_directory_only_unverified,unverified,unverified
target_balloon/ST001_20250425_140750_457_01_CDX_RHI.IQ,target_balloon,target,balloon_source_label,.iq,293104736,,RSTM,18,1,10,ST001,成都远望,46.862552642822266,83.09510040283203,RHI,RHI,俯仰扫描,2,2,1000,2025-04-25T14:07:50+00:00,2025-04-25T14:07:50.457000+00:00,-0.457,544,source_directory_only_unverified,unverified,unverified
target_balloon/ST001_20250425_140800_512_01_CDX_RHI.IQ,target_balloon,target,balloon_source_label,.iq,294889376,,RSTM,18,1,10,ST001,成都远望,46.862552642822266,83.09510040283203,RHI,RHI,俯仰扫描,2,2,1000,2025-04-25T14:08:00+00:00,2025-04-25T14:08:00.512000+00:00,-0.512,544,source_directory_only_unverified,unverified,unverified
target_balloon/ST001_20250425_140810_577_01_CDX_RHI.IQ,target_balloon,target,balloon_source_label,.iq,296252192,,RSTM,18,1,10,ST001,成都远望,46.862552642822266,83.09510040283203,RHI,RHI,俯仰扫描,2,2,1000,2025-04-25T14:08:10+00:00,2025-04-25T14:08:10.577000+00:00,-0.577,544,source_directory_only_unverified,unverified,unverified
target_balloon/ST001_20250425_140820_628_01_CDX_RHI.IQ,target_balloon,target,balloon_source_label,.iq,297761024,,RSTM,18,1,10,ST001,成都远望,46.862552642822266,83.09510040283203,RHI,RHI,俯仰扫描,2,2,1000,2025-04-25T14:08:20+00:00,2025-04-25T14:08:20.628000+00:00,-0.628,544,source_directory_only_unverified,unverified,unverified
target_balloon/ST001_20250425_140830_674_01_CDX_RHI.IQ,target_balloon,target,balloon_source_label,.iq,294597344,,RSTM,18,1,10,ST001,成都远望,46.862552642822266,83.09510040283203,RHI,RHI,俯仰扫描,2,2,1000,2025-04-25T14:08:30+00:00,2025-04-25T14:08:30.674000+00:00,-0.674,544,source_directory_only_unverified,unverified,unverified
target_balloon/ST001_20250425_140840_729_01_CDX_RHI.IQ,target_balloon,target,balloon_source_label,.iq,297971936,,RSTM,18,1,10,ST001,成都远望,46.862552642822266,83.09510040283203,RHI,RHI,俯仰扫描,2,2,1000,2025-04-25T14:08:40+00:00,2025-04-25T14:08:40.729000+00:00,-0.729,544,source_directory_only_unverified,unverified,unverified
target_balloon/ST001_20250425_140850_782_01_CDX_RHI.IQ,target_balloon,target,balloon_source_label,.iq,296235968,,RSTM,18,1,10,ST001,成都远望,46.862552642822266,83.09510040283203,RHI,RHI,俯仰扫描,2,2,1000,2025-04-25T14:08:50+00:00,2025-04-25T14:08:50.782000+00:00,-0.782,544,source_directory_only_unverified,unverified,unverified
target_balloon/ST001_20250425_140900_832_01_CDX_RHI.IQ,target_balloon,target,balloon_source_label,.iq,299594336,,RSTM,18,1,10,ST001,成都远望,46.862552642822266,83.09510040283203,RHI,RHI,俯仰扫描,2,2,1000,2025-04-25T14:09:00+00:00,2025-04-25T14:09:00.832000+00:00,-0.832,544,source_directory_only_unverified,unverified,unverified
target_balloon/ST001_20250425_140910_888_01_CDX_RHI.IQ,target_balloon,target,balloon_source_label,.iq,297712352,,RSTM,18,1,10,ST001,成都远望,46.862552642822266,83.09510040283203,RHI,RHI,俯仰扫描,2,2,1000,2025-04-25T14:09:10+00:00,2025-04-25T14:09:10.888000+00:00,-0.888,544,source_directory_only_unverified,unverified,unverified
target_balloon/ST001_20250425_140920_934_01_CDX_RHI.IQ,target_balloon,target,balloon_source_label,.iq,299594336,,RSTM,18,1,10,ST001,成都远望,46.862552642822266,83.09510040283203,RHI,RHI,俯仰扫描,2,2,1000,2025-04-25T14:09:20+00:00,2025-04-25T14:09:20.934000+00:00,-0.934,544,source_directory_only_unverified,unverified,unverified
target_balloon/ST001_20250425_140931_193_01_CDX_RHI.IQ,target_balloon,target,balloon_source_label,.iq,292780256,,RSTM,18,1,10,ST001,成都远望,46.862552642822266,83.09510040283203,RHI,RHI,俯仰扫描,2,2,1000,2025-04-25T14:09:31+00:00,2025-04-25T14:09:31.193000+00:00,-0.193,544,source_directory_only_unverified,unverified,unverified
target_balloon/ST001_20250425_140941_241_01_CDX_RHI.IQ,target_balloon,target,balloon_source_label,.iq,296219744,,RSTM,18,1,10,ST001,成都远望,46.862552642822266,83.09510040283203,RHI,RHI,俯仰扫描,2,2,1000,2025-04-25T14:09:41+00:00,2025-04-25T14:09:41.241000+00:00,-0.241,544,source_directory_only_unverified,unverified,unverified
target_balloon/ST001_20250425_140951_293_01_CDX_RHI.IQ,target_balloon,target,balloon_source_label,.iq,294678464,,RSTM,18,1,10,ST001,成都远望,46.862552642822266,83.09510040283203,RHI,RHI,俯仰扫描,2,2,1000,2025-04-25T14:09:51+00:00,2025-04-25T14:09:51.293000+00:00,-0.293,544,source_directory_only_unverified,unverified,unverified
target_balloon/ST001_20250425_141001_351_01_CDX_RHI.IQ,target_balloon,target,balloon_source_label,.iq,296479328,,RSTM,18,1,10,ST001,成都远望,46.862552642822266,83.09510040283203,RHI,RHI,俯仰扫描,2,2,1000,2025-04-25T14:10:01+00:00,2025-04-25T14:10:01.351000+00:00,-0.351,544,source_directory_only_unverified,unverified,unverified
target_balloon/ST001_20250425_141011_411_01_CDX_RHI.IQ,target_balloon,target,balloon_source_label,.iq,294678464,,RSTM,18,1,10,ST001,成都远望,46.862552642822266,83.09510040283203,RHI,RHI,俯仰扫描,2,2,1000,2025-04-25T14:10:11+00:00,2025-04-25T14:10:11.411000+00:00,-0.411,544,source_directory_only_unverified,unverified,unverified
target_balloon/ST001_20250425_141021_466_01_CDX_RHI.IQ,target_balloon,target,balloon_source_label,.iq,299367200,,RSTM,18,1,10,ST001,成都远望,46.862552642822266,83.09510040283203,RHI,RHI,俯仰扫描,2,2,1000,2025-04-25T14:10:21+00:00,2025-04-25T14:10:21.466000+00:00,-0.466,544,source_directory_only_unverified,unverified,unverified
target_balloon/ST001_20250425_141031_513_01_CDX_RHI.IQ,target_balloon,target,balloon_source_label,.iq,297777248,,RSTM,18,1,10,ST001,成都远望,46.862552642822266,83.09510040283203,RHI,RHI,俯仰扫描,2,2,1000,2025-04-25T14:10:31+00:00,2025-04-25T14:10:31.513000+00:00,-0.513,544,source_directory_only_unverified,unverified,unverified
target_balloon/ST001_20250425_141041_564_01_CDX_RHI.IQ,target_balloon,target,balloon_source_label,.iq,299496992,,RSTM,18,1,10,ST001,成都远望,46.862552642822266,83.09510040283203,RHI,RHI,俯仰扫描,2,2,1000,2025-04-25T14:10:41+00:00,2025-04-25T14:10:41.564000+00:00,-0.564,544,source_directory_only_unverified,unverified,unverified
target_balloon/ST001_20250425_141051_822_01_CDX_RHI.IQ,target_balloon,target,balloon_source_label,.iq,292877600,,RSTM,18,1,10,ST001,成都远望,46.862552642822266,83.09510040283203,RHI,RHI,俯仰扫描,2,2,1000,2025-04-25T14:10:51+00:00,2025-04-25T14:10:51.822000+00:00,-0.822,544,source_directory_only_unverified,unverified,unverified
target_balloon/ST001_20250425_141101_870_01_CDX_RHI.IQ,target_balloon,target,balloon_source_label,.iq,297777248,,RSTM,18,1,10,ST001,成都远望,46.862552642822266,83.09510040283203,RHI,RHI,俯仰扫描,2,2,1000,2025-04-25T14:11:01+00:00,2025-04-25T14:11:01.870000+00:00,-0.870,544,source_directory_only_unverified,unverified,unverified
target_balloon/ST001_20250425_141112_123_01_CDX_RHI.IQ,target_balloon,target,balloon_source_label,.iq,292910048,,RSTM,18,1,10,ST001,成都远望,46.862552642822266,83.09510040283203,RHI,RHI,俯仰扫描,2,2,1000,2025-04-25T14:11:12+00:00,2025-04-25T14:11:12.123000+00:00,-0.123,544,source_directory_only_unverified,unverified,unverified
target_balloon/ST001_20250425_141122_174_01_CDX_RHI.IQ,target_balloon,target,balloon_source_label,.iq,294629792,,RSTM,18,1,10,ST001,成都远望,46.862552642822266,83.09510040283203,RHI,RHI,俯仰扫描,2,2,1000,2025-04-25T14:11:22+00:00,2025-04-25T14:11:22.174000+00:00,-0.174,544,source_directory_only_unverified,unverified,unverified
target_balloon/ST001_20250425_141132_229_01_CDX_RHI.IQ,target_balloon,target,balloon_source_label,.iq,292845152,,RSTM,18,1,10,ST001,成都远望,46.862552642822266,83.09510040283203,RHI,RHI,俯仰扫描,2,2,1000,2025-04-25T14:11:32+00:00,2025-04-25T14:11:32.229000+00:00,-0.229,544,source_directory_only_unverified,unverified,unverified
target_balloon/ST001_20250425_141142_276_01_CDX_RHI.IQ,target_balloon,target,balloon_source_label,.iq,298004384,,RSTM,18,1,10,ST001,成都远望,46.862552642822266,83.09510040283203,RHI,RHI,俯仰扫描,2,2,1000,2025-04-25T14:11:42+00:00,2025-04-25T14:11:42.276000+00:00,-0.276,544,source_directory_only_unverified,unverified,unverified
target_balloon/ST001_20250425_141152_336_01_CDX_RHI.IQ,target_balloon,target,balloon_source_label,.iq,294613568,,RSTM,18,1,10,ST001,成都远望,46.862552642822266,83.09510040283203,RHI,RHI,俯仰扫描,2,2,1000,2025-04-25T14:11:52+00:00,2025-04-25T14:11:52.336000+00:00,-0.336,544,source_directory_only_unverified,unverified,unverified
target_balloon/ST001_20250425_141202_389_01_CDX_RHI.IQ,target_balloon,target,balloon_source_label,.iq,297809696,,RSTM,18,1,10,ST001,成都远望,46.862552642822266,83.09510040283203,RHI,RHI,俯仰扫描,2,2,1000,2025-04-25T14:12:02+00:00,2025-04-25T14:12:02.389000+00:00,-0.389,544,source_directory_only_unverified,unverified,unverified
target_balloon/ST001_20250425_141212_439_01_CDX_RHI.IQ,target_balloon,target,balloon_source_label,.iq,297939488,,RSTM,18,1,10,ST001,成都远望,46.862552642822266,83.09510040283203,RHI,RHI,俯仰扫描,2,2,1000,2025-04-25T14:12:12+00:00,2025-04-25T14:12:12.439000+00:00,-0.439,544,source_directory_only_unverified,unverified,unverified
target_balloon/ST001_20250425_141222_494_01_CDX_RHI.IQ,target_balloon,target,balloon_source_label,.iq,301022048,,RSTM,18,1,10,ST001,成都远望,46.862552642822266,83.09510040283203,RHI,RHI,俯仰扫描,2,2,1000,2025-04-25T14:12:22+00:00,2025-04-25T14:12:22.494000+00:00,-0.494,544,source_directory_only_unverified,unverified,unverified
target_balloon/ST001_20250425_141232_745_01_CDX_RHI.IQ,target_balloon,target,balloon_source_label,.iq,294321536,,RSTM,18,1,10,ST001,成都远望,46.862552642822266,83.09510040283203,RHI,RHI,俯仰扫描,2,2,1000,2025-04-25T14:12:32+00:00,2025-04-25T14:12:32.745000+00:00,-0.745,544,source_directory_only_unverified,unverified,unverified
target_balloon/ST001_20250425_141242_794_01_CDX_RHI.IQ,target_balloon,target,balloon_source_label,.iq,294629792,,RSTM,18,1,10,ST001,成都远望,46.862552642822266,83.09510040283203,RHI,RHI,俯仰扫描,2,2,1000,2025-04-25T14:12:42+00:00,2025-04-25T14:12:42.794000+00:00,-0.794,544,source_directory_only_unverified,unverified,unverified
target_balloon/ST001_20250425_141252_894_01_CDX_RHI.IQ,target_balloon,target,balloon_source_label,.iq,294418880,,RSTM,18,1,10,ST001,成都远望,46.862552642822266,83.09510040283203,RHI,RHI,俯仰扫描,2,2,1000,2025-04-25T14:12:52+00:00,2025-04-25T14:12:52.894000+00:00,-0.894,544,source_directory_only_unverified,unverified,unverified
target_balloon/ST001_20250425_141302_947_01_CDX_RHI.IQ,target_balloon,target,balloon_source_label,.iq,298166624,,RSTM,18,1,10,ST001,成都远望,46.862552642822266,83.09510040283203,RHI,RHI,俯仰扫描,2,2,1000,2025-04-25T14:13:02+00:00,2025-04-25T14:13:02.947000+00:00,-0.947,544,source_directory_only_unverified,unverified,unverified
target_balloon/ST001_20250425_141312_954_01_CDX_RHI.IQ,target_balloon,target,balloon_source_label,.iq,225677792,,RSTM,18,1,10,ST001,成都远望,46.862552642822266,83.09510040283203,RHI,RHI,俯仰扫描,2,2,1000,2025-04-25T14:13:12+00:00,2025-04-25T14:13:12.954000+00:00,-0.954,544,source_directory_only_unverified,unverified,unverified
target_reflector/ST001_20250425_120744_700_01_CDX_RHI.IQ,target_reflector,target,reflector_source_label,.iq,202120544,,RSTM,18,1,10,ST001,成都远望,46.862552642822266,83.09510040283203,RHI,RHI,俯仰扫描,2,2,1000,2025-04-25T12:07:44+00:00,2025-04-25T12:07:44.700000+00:00,-0.700,544,source_directory_only_unverified,unverified,unverified
target_reflector/ST001_20250425_120751_953_01_CDX_RHI.IQ,target_reflector,target,reflector_source_label,.iq,294629792,,RSTM,18,1,10,ST001,成都远望,46.862552642822266,83.09510040283203,RHI,RHI,俯仰扫描,2,2,1000,2025-04-25T12:07:51+00:00,2025-04-25T12:07:51.953000+00:00,-0.953,544,source_directory_only_unverified,unverified,unverified
target_reflector/ST001_20250425_120803_869_01_CDX_RHI.IQ,target_reflector,target,reflector_source_label,.iq,304493984,,RSTM,18,1,10,ST001,成都远望,46.862552642822266,83.09510040283203,RHI,RHI,俯仰扫描,2,2,1000,2025-04-25T12:08:03+00:00,2025-04-25T12:08:03.869000+00:00,-0.869,544,source_directory_only_unverified,unverified,unverified
target_reflector/ST001_20250425_120814_125_01_CDX_RHI.IQ,target_reflector,target,reflector_source_label,.iq,302693120,,RSTM,18,1,10,ST001,成都远望,46.862552642822266,83.09510040283203,RHI,RHI,俯仰扫描,2,2,1000,2025-04-25T12:08:14+00:00,2025-04-25T12:08:14.125000+00:00,-0.125,544,source_directory_only_unverified,unverified,unverified
target_reflector/ST001_20250425_120827_201_01_CDX_RHI.IQ,target_reflector,target,reflector_source_label,.iq,200400800,,RSTM,18,1,10,ST001,成都远望,46.862552642822266,83.09510040283203,RHI,RHI,俯仰扫描,2,2,1000,2025-04-25T12:08:27+00:00,2025-04-25T12:08:27.201000+00:00,-0.201,544,source_directory_only_unverified,unverified,unverified
target_reflector/ST001_20250425_120834_201_01_CDX_RHI.IQ,target_reflector,target,reflector_source_label,.iq,299626784,,RSTM,18,1,10,ST001,成都远望,46.862552642822266,83.09510040283203,RHI,RHI,俯仰扫描,2,2,1000,2025-04-25T12:08:34+00:00,2025-04-25T12:08:34.201000+00:00,-0.201,544,source_directory_only_unverified,unverified,unverified
target_reflector/ST001_20250425_120846_527_01_CDX_RHI.IQ,target_reflector,target,reflector_source_label,.iq,303196064,,RSTM,18,1,10,ST001,成都远望,46.862552642822266,83.09510040283203,RHI,RHI,俯仰扫描,2,2,1000,2025-04-25T12:08:46+00:00,2025-04-25T12:08:46.527000+00:00,-0.527,544,source_directory_only_unverified,unverified,unverified
target_reflector/ST001_20250425_120856_788_01_CDX_RHI.IQ,target_reflector,target,reflector_source_label,.iq,298199072,,RSTM,18,1,10,ST001,成都远望,46.862552642822266,83.09510040283203,RHI,RHI,俯仰扫描,2,2,1000,2025-04-25T12:08:56+00:00,2025-04-25T12:08:56.788000+00:00,-0.788,544,source_directory_only_unverified,unverified,unverified
target_reflector/ST001_20250425_120909_632_01_CDX_RHI.IQ,target_reflector,target,reflector_source_label,.iq,216284096,,RSTM,18,1,10,ST001,成都远望,46.862552642822266,83.09510040283203,RHI,RHI,俯仰扫描,2,2,1000,2025-04-25T12:09:09+00:00,2025-04-25T12:09:09.632000+00:00,-0.632,544,source_directory_only_unverified,unverified,unverified
target_reflector/ST001_20250425_120917_068_01_CDX_RHI.IQ,target_reflector,target,reflector_source_label,.iq,288237536,,RSTM,18,1,10,ST001,成都远望,46.862552642822266,83.09510040283203,RHI,RHI,俯仰扫描,2,2,1000,2025-04-25T12:09:17+00:00,2025-04-25T12:09:17.068000+00:00,-0.068,544,source_directory_only_unverified,unverified,unverified
target_reflector/ST001_20250425_120928_743_01_CDX_RHI.IQ,target_reflector,target,reflector_source_label,.iq,304380416,,RSTM,18,1,10,ST001,成都远望,46.862552642822266,83.09510040283203,RHI,RHI,俯仰扫描,2,2,1000,2025-04-25T12:09:28+00:00,2025-04-25T12:09:28.743000+00:00,-0.743,544,source_directory_only_unverified,unverified,unverified
target_reflector/ST001_20250425_120939_044_01_CDX_RHI.IQ,target_reflector,target,reflector_source_label,.iq,301070720,,RSTM,18,1,10,ST001,成都远望,46.862552642822266,83.09510040283203,RHI,RHI,俯仰扫描,2,2,1000,2025-04-25T12:09:39+00:00,2025-04-25T12:09:39.044000+00:00,-0.044,544,source_directory_only_unverified,unverified,unverified
target_reflector/ST001_20250425_120951_925_01_CDX_RHI.IQ,target_reflector,target,reflector_source_label,.iq,236158496,,RSTM,18,1,10,ST001,成都远望,46.862552642822266,83.09510040283203,RHI,RHI,俯仰扫描,2,2,1000,2025-04-25T12:09:51+00:00,2025-04-25T12:09:51.925000+00:00,-0.925,544,source_directory_only_unverified,unverified,unverified
target_reflector/ST001_20250425_121000_531_01_CDX_RHI.IQ,target_reflector,target,reflector_source_label,.iq,306327296,,RSTM,18,1,10,ST001,成都远望,46.862552642822266,83.09510040283203,RHI,RHI,俯仰扫描,2,2,1000,2025-04-25T12:10:00+00:00,2025-04-25T12:10:00.531000+00:00,-0.531,544,source_directory_only_unverified,unverified,unverified
target_reflector/ST001_20250425_121013_062_01_CDX_RHI.IQ,target_reflector,target,reflector_source_label,.iq,301427648,,RSTM,18,1,10,ST001,成都远望,46.862552642822266,83.09510040283203,RHI,RHI,俯仰扫描,2,2,1000,2025-04-25T12:10:13+00:00,2025-04-25T12:10:13.062000+00:00,-0.062,544,source_directory_only_unverified,unverified,unverified
target_reflector/ST001_20250425_121023_277_01_CDX_RHI.IQ,target_reflector,target,reflector_source_label,.iq,300989600,,RSTM,18,1,10,ST001,成都远望,46.862552642822266,83.09510040283203,RHI,RHI,俯仰扫描,2,2,1000,2025-04-25T12:10:23+00:00,2025-04-25T12:10:23.277000+00:00,-0.277,544,source_directory_only_unverified,unverified,unverified
target_reflector/ST001_20250425_121033_377_01_CDX_RHI.IQ,target_reflector,target,reflector_source_label,.iq,296268416,,RSTM,18,1,10,ST001,成都远望,46.862552642822266,83.09510040283203,RHI,RHI,俯仰扫描,2,2,1000,2025-04-25T12:10:33+00:00,2025-04-25T12:10:33.377000+00:00,-0.377,544,source_directory_only_unverified,unverified,unverified
target_reflector/ST001_20250425_121043_430_01_CDX_RHI.IQ,target_reflector,target,reflector_source_label,.iq,299350976,,RSTM,18,1,10,ST001,成都远望,46.862552642822266,83.09510040283203,RHI,RHI,俯仰扫描,2,2,1000,2025-04-25T12:10:43+00:00,2025-04-25T12:10:43.430000+00:00,-0.430,544,source_directory_only_unverified,unverified,unverified
target_reflector/ST001_20250425_121053_679_01_CDX_RHI.IQ,target_reflector,target,reflector_source_label,.iq,299561888,,RSTM,18,1,10,ST001,成都远望,46.862552642822266,83.09510040283203,RHI,RHI,俯仰扫描,2,2,1000,2025-04-25T12:10:53+00:00,2025-04-25T12:10:53.679000+00:00,-0.679,544,source_directory_only_unverified,unverified,unverified
target_reflector/ST001_20250425_121103_731_01_CDX_RHI.IQ,target_reflector,target,reflector_source_label,.iq,296511776,,RSTM,18,1,10,ST001,成都远望,46.862552642822266,83.09510040283203,RHI,RHI,俯仰扫描,2,2,1000,2025-04-25T12:11:03+00:00,2025-04-25T12:11:03.731000+00:00,-0.731,544,source_directory_only_unverified,unverified,unverified
target_reflector/ST001_20250425_121113_787_01_CDX_RHI.IQ,target_reflector,target,reflector_source_label,.iq,296738912,,RSTM,18,1,10,ST001,成都远望,46.862552642822266,83.09510040283203,RHI,RHI,俯仰扫描,2,2,1000,2025-04-25T12:11:13+00:00,2025-04-25T12:11:13.787000+00:00,-0.787,544,source_directory_only_unverified,unverified,unverified
target_reflector/ST001_20250425_121123_851_01_CDX_RHI.IQ,target_reflector,target,reflector_source_label,.iq,298312640,,RSTM,18,1,10,ST001,成都远望,46.862552642822266,83.09510040283203,RHI,RHI,俯仰扫描,2,2,1000,2025-04-25T12:11:23+00:00,2025-04-25T12:11:23.851000+00:00,-0.851,544,source_directory_only_unverified,unverified,unverified
target_reflector/ST001_20250425_121133_915_01_CDX_RHI.IQ,target_reflector,target,reflector_source_label,.iq,296722688,,RSTM,18,1,10,ST001,成都远望,46.862552642822266,83.09510040283203,RHI,RHI,俯仰扫描,2,2,1000,2025-04-25T12:11:33+00:00,2025-04-25T12:11:33.915000+00:00,-0.915,544,source_directory_only_unverified,unverified,unverified
target_reflector/ST001_20250425_121143_983_01_CDX_RHI.IQ,target_reflector,target,reflector_source_label,.iq,297874592,,RSTM,18,1,10,ST001,成都远望,46.862552642822266,83.09510040283203,RHI,RHI,俯仰扫描,2,2,1000,2025-04-25T12:11:43+00:00,2025-04-25T12:11:43.983000+00:00,-0.983,544,source_directory_only_unverified,unverified,unverified
target_reflector/ST001_20250425_121154_035_01_CDX_RHI.IQ,target_reflector,target,reflector_source_label,.iq,296252192,,RSTM,18,1,10,ST001,成都远望,46.862552642822266,83.09510040283203,RHI,RHI,俯仰扫描,2,2,1000,2025-04-25T12:11:54+00:00,2025-04-25T12:11:54.035000+00:00,-0.035,544,source_directory_only_unverified,unverified,unverified
target_reflector/ST001_20250425_121204_090_01_CDX_RHI.IQ,target_reflector,target,reflector_source_label,.iq,299513216,,RSTM,18,1,10,ST001,成都远望,46.862552642822266,83.09510040283203,RHI,RHI,俯仰扫描,2,2,1000,2025-04-25T12:12:04+00:00,2025-04-25T12:12:04.090000+00:00,-0.090,544,source_directory_only_unverified,unverified,unverified
target_reflector/ST001_20250425_121214_343_01_CDX_RHI.IQ,target_reflector,target,reflector_source_label,.iq,291482336,,RSTM,18,1,10,ST001,成都远望,46.862552642822266,83.09510040283203,RHI,RHI,俯仰扫描,2,2,1000,2025-04-25T12:12:14+00:00,2025-04-25T12:12:14.343000+00:00,-0.343,544,source_directory_only_unverified,unverified,unverified
target_reflector/ST001_20250425_121224_197_01_CDX_RHI.IQ,target_reflector,target,reflector_source_label,.iq,297842144,,RSTM,18,1,10,ST001,成都远望,46.862552642822266,83.09510040283203,RHI,RHI,俯仰扫描,2,2,1000,2025-04-25T12:12:24+00:00,2025-04-25T12:12:24.197000+00:00,-0.197,544,source_directory_only_unverified,unverified,unverified
target_reflector/ST001_20250425_121234_251_01_CDX_RHI.IQ,target_reflector,target,reflector_source_label,.iq,296235968,,RSTM,18,1,10,ST001,成都远望,46.862552642822266,83.09510040283203,RHI,RHI,俯仰扫描,2,2,1000,2025-04-25T12:12:34+00:00,2025-04-25T12:12:34.251000+00:00,-0.251,544,source_directory_only_unverified,unverified,unverified
target_reflector/ST001_20250425_121244_300_01_CDX_RHI.IQ,target_reflector,target,reflector_source_label,.iq,301346528,,RSTM,18,1,10,ST001,成都远望,46.862552642822266,83.09510040283203,RHI,RHI,俯仰扫描,2,2,1000,2025-04-25T12:12:44+00:00,2025-04-25T12:12:44.300000+00:00,-0.300,544,source_directory_only_unverified,unverified,unverified
target_reflector/ST001_20250425_121255_770_01_CDX_RHI.IQ,target_reflector,target,reflector_source_label,.iq,306229952,,RSTM,18,1,10,ST001,成都远望,46.862552642822266,83.09510040283203,RHI,RHI,俯仰扫描,2,2,1000,2025-04-25T12:12:55+00:00,2025-04-25T12:12:55.770000+00:00,-0.770,544,source_directory_only_unverified,unverified,unverified
target_reflector/ST001_20250425_121306_226_01_CDX_RHI.IQ,target_reflector,target,reflector_source_label,.iq,294873152,,RSTM,18,1,10,ST001,成都远望,46.862552642822266,83.09510040283203,RHI,RHI,俯仰扫描,2,2,1000,2025-04-25T12:13:06+00:00,2025-04-25T12:13:06.226000+00:00,-0.226,544,source_directory_only_unverified,unverified,unverified
target_reflector/ST001_20250425_121317_293_01_CDX_RHI.IQ,target_reflector,target,reflector_source_label,.iq,309052928,,RSTM,18,1,10,ST001,成都远望,46.862552642822266,83.09510040283203,RHI,RHI,俯仰扫描,2,2,1000,2025-04-25T12:13:17+00:00,2025-04-25T12:13:17.293000+00:00,-0.293,544,source_directory_only_unverified,unverified,unverified
target_reflector/ST001_20250425_121327_739_01_CDX_RHI.IQ,target_reflector,target,reflector_source_label,.iq,299886368,,RSTM,18,1,10,ST001,成都远望,46.862552642822266,83.09510040283203,RHI,RHI,俯仰扫描,2,2,1000,2025-04-25T12:13:27+00:00,2025-04-25T12:13:27.739000+00:00,-0.739,544,source_directory_only_unverified,unverified,unverified
target_reflector/ST001_20250425_121339_421_01_CDX_RHI.IQ,target_reflector,target,reflector_source_label,.iq,304526432,,RSTM,18,1,10,ST001,成都远望,46.862552642822266,83.09510040283203,RHI,RHI,俯仰扫描,2,2,1000,2025-04-25T12:13:39+00:00,2025-04-25T12:13:39.421000+00:00,-0.421,544,source_directory_only_unverified,unverified,unverified
target_reflector/ST001_20250425_121349_682_01_CDX_RHI.IQ,target_reflector,target,reflector_source_label,.iq,299399648,,RSTM,18,1,10,ST001,成都远望,46.862552642822266,83.09510040283203,RHI,RHI,俯仰扫描,2,2,1000,2025-04-25T12:13:49+00:00,2025-04-25T12:13:49.682000+00:00,-0.682,544,source_directory_only_unverified,unverified,unverified
target_reflector/ST001_20250425_121401_348_01_CDX_RHI.IQ,target_reflector,target,reflector_source_label,.iq,304364192,,RSTM,18,1,10,ST001,成都远望,46.862552642822266,83.09510040283203,RHI,RHI,俯仰扫描,2,2,1000,2025-04-25T12:14:01+00:00,2025-04-25T12:14:01.348000+00:00,-0.348,544,source_directory_only_unverified,unverified,unverified
target_reflector/ST001_20250425_121411_598_01_CDX_RHI.IQ,target_reflector,target,reflector_source_label,.iq,299594336,,RSTM,18,1,10,ST001,成都远望,46.862552642822266,83.09510040283203,RHI,RHI,俯仰扫描,2,2,1000,2025-04-25T12:14:11+00:00,2025-04-25T12:14:11.598000+00:00,-0.598,544,source_directory_only_unverified,unverified,unverified
target_reflector/ST001_20250425_121423_070_01_CDX_RHI.IQ,target_reflector,target,reflector_source_label,.iq,304461536,,RSTM,18,1,10,ST001,成都远望,46.862552642822266,83.09510040283203,RHI,RHI,俯仰扫描,2,2,1000,2025-04-25T12:14:23+00:00,2025-04-25T12:14:23.070000+00:00,-0.070,544,source_directory_only_unverified,unverified,unverified
target_reflector/ST001_20250425_121433_323_01_CDX_RHI.IQ,target_reflector,target,reflector_source_label,.iq,301265408,,RSTM,18,1,10,ST001,成都远望,46.862552642822266,83.09510040283203,RHI,RHI,俯仰扫描,2,2,1000,2025-04-25T12:14:33+00:00,2025-04-25T12:14:33.323000+00:00,-0.323,544,source_directory_only_unverified,unverified,unverified
target_reflector/ST001_20250425_121443_577_01_CDX_RHI.IQ,target_reflector,target,reflector_source_label,.iq,307868576,,RSTM,18,1,10,ST001,成都远望,46.862552642822266,83.09510040283203,RHI,RHI,俯仰扫描,2,2,1000,2025-04-25T12:14:43+00:00,2025-04-25T12:14:43.577000+00:00,-0.577,544,source_directory_only_unverified,unverified,unverified
target_reflector/ST001_20250425_121454_037_01_CDX_RHI.IQ,target_reflector,target,reflector_source_label,.iq,286501568,,RSTM,18,1,10,ST001,成都远望,46.862552642822266,83.09510040283203,RHI,RHI,俯仰扫描,2,2,1000,2025-04-25T12:14:54+00:00,2025-04-25T12:14:54.037000+00:00,-0.037,544,source_directory_only_unverified,unverified,unverified
target_reflector/ST001_20250425_121504_690_01_CDX_RHI.IQ,target_reflector,target,reflector_source_label,.iq,302871584,,RSTM,18,1,10,ST001,成都远望,46.862552642822266,83.09510040283203,RHI,RHI,俯仰扫描,2,2,1000,2025-04-25T12:15:04+00:00,2025-04-25T12:15:04.690000+00:00,-0.690,544,source_directory_only_unverified,unverified,unverified
target_reflector/ST001_20250425_121514_946_01_CDX_RHI.IQ,target_reflector,target,reflector_source_label,.iq,299610560,,RSTM,18,1,10,ST001,成都远望,46.862552642822266,83.09510040283203,RHI,RHI,俯仰扫描,2,2,1000,2025-04-25T12:15:14+00:00,2025-04-25T12:15:14.946000+00:00,-0.946,544,source_directory_only_unverified,unverified,unverified
target_reflector/ST001_20250425_121526_620_01_CDX_RHI.IQ,target_reflector,target,reflector_source_label,.iq,304640000,,RSTM,18,1,10,ST001,成都远望,46.862552642822266,83.09510040283203,RHI,RHI,俯仰扫描,2,2,1000,2025-04-25T12:15:26+00:00,2025-04-25T12:15:26.620000+00:00,-0.620,544,source_directory_only_unverified,unverified,unverified
target_reflector/ST001_20250425_121536_880_01_CDX_RHI.IQ,target_reflector,target,reflector_source_label,.iq,299918816,,RSTM,18,1,10,ST001,成都远望,46.862552642822266,83.09510040283203,RHI,RHI,俯仰扫描,2,2,1000,2025-04-25T12:15:36+00:00,2025-04-25T12:15:36.880000+00:00,-0.880,544,source_directory_only_unverified,unverified,unverified
target_reflector/ST001_20250425_121547_144_01_CDX_RHI.IQ,target_reflector,target,reflector_source_label,.iq,294759584,,RSTM,18,1,10,ST001,成都远望,46.862552642822266,83.09510040283203,RHI,RHI,俯仰扫描,2,2,1000,2025-04-25T12:15:47+00:00,2025-04-25T12:15:47.144000+00:00,-0.144,544,source_directory_only_unverified,unverified,unverified
target_reflector/ST001_20250425_121557_199_01_CDX_RHI.IQ,target_reflector,target,reflector_source_label,.iq,296106176,,RSTM,18,1,10,ST001,成都远望,46.862552642822266,83.09510040283203,RHI,RHI,俯仰扫描,2,2,1000,2025-04-25T12:15:57+00:00,2025-04-25T12:15:57.199000+00:00,-0.199,544,source_directory_only_unverified,unverified,unverified
target_reflector/ST001_20250425_121607_243_01_CDX_RHI.IQ,target_reflector,target,reflector_source_label,.iq,296463104,,RSTM,18,1,10,ST001,成都远望,46.862552642822266,83.09510040283203,RHI,RHI,俯仰扫描,2,2,1000,2025-04-25T12:16:07+00:00,2025-04-25T12:16:07.243000+00:00,-0.243,544,source_directory_only_unverified,unverified,unverified
target_reflector/ST001_20250425_121627_349_01_CDX_RHI.IQ,target_reflector,target,reflector_source_label,.iq,294532448,,RSTM,18,1,10,ST001,成都远望,46.862552642822266,83.09510040283203,RHI,RHI,俯仰扫描,2,2,1000,2025-04-25T12:16:27+00:00,2025-04-25T12:16:27.349000+00:00,-0.349,544,source_directory_only_unverified,unverified,unverified
target_reflector/ST001_20250425_121637_398_01_CDX_RHI.IQ,target_reflector,target,reflector_source_label,.iq,299870144,,RSTM,18,1,10,ST001,成都远望,46.862552642822266,83.09510040283203,RHI,RHI,俯仰扫描,2,2,1000,2025-04-25T12:16:37+00:00,2025-04-25T12:16:37.398000+00:00,-0.398,544,source_directory_only_unverified,unverified,unverified
target_reflector/ST001_20250425_121647_661_01_CDX_RHI.IQ,target_reflector,target,reflector_source_label,.iq,291368768,,RSTM,18,1,10,ST001,成都远望,46.862552642822266,83.09510040283203,RHI,RHI,俯仰扫描,2,2,1000,2025-04-25T12:16:47+00:00,2025-04-25T12:16:47.661000+00:00,-0.661,544,source_directory_only_unverified,unverified,unverified
target_reflector/ST001_20250425_121657_509_01_CDX_RHI.IQ,target_reflector,target,reflector_source_label,.iq,299529440,,RSTM,18,1,10,ST001,成都远望,46.862552642822266,83.09510040283203,RHI,RHI,俯仰扫描,2,2,1000,2025-04-25T12:16:57+00:00,2025-04-25T12:16:57.509000+00:00,-0.509,544,source_directory_only_unverified,unverified,unverified
target_reflector/ST001_20250425_121707_760_01_CDX_RHI.IQ,target_reflector,target,reflector_source_label,.iq,293461664,,RSTM,18,1,10,ST001,成都远望,46.862552642822266,83.09510040283203,RHI,RHI,俯仰扫描,2,2,1000,2025-04-25T12:17:07+00:00,2025-04-25T12:17:07.760000+00:00,-0.760,544,source_directory_only_unverified,unverified,unverified
target_reflector/ST001_20250425_121717_827_01_CDX_RHI.IQ,target_reflector,target,reflector_source_label,.iq,297923264,,RSTM,18,1,10,ST001,成都远望,46.862552642822266,83.09510040283203,RHI,RHI,俯仰扫描,2,2,1000,2025-04-25T12:17:17+00:00,2025-04-25T12:17:17.827000+00:00,-0.827,544,source_directory_only_unverified,unverified,unverified
target_reflector/ST001_20250425_121727_878_01_CDX_RHI.IQ,target_reflector,target,reflector_source_label,.iq,296122400,,RSTM,18,1,10,ST001,成都远望,46.862552642822266,83.09510040283203,RHI,RHI,俯仰扫描,2,2,1000,2025-04-25T12:17:27+00:00,2025-04-25T12:17:27.878000+00:00,-0.878,544,source_directory_only_unverified,unverified,unverified
target_reflector/ST001_20250425_121737_926_01_CDX_RHI.IQ,target_reflector,target,reflector_source_label,.iq,297874592,,RSTM,18,1,10,ST001,成都远望,46.862552642822266,83.09510040283203,RHI,RHI,俯仰扫描,2,2,1000,2025-04-25T12:17:37+00:00,2025-04-25T12:17:37.926000+00:00,-0.926,544,source_directory_only_unverified,unverified,unverified
target_reflector/ST001_20250425_121747_975_01_CDX_RHI.IQ,target_reflector,target,reflector_source_label,.iq,298069280,,RSTM,18,1,10,ST001,成都远望,46.862552642822266,83.09510040283203,RHI,RHI,俯仰扫描,2,2,1000,2025-04-25T12:17:47+00:00,2025-04-25T12:17:47.975000+00:00,-0.975,544,source_directory_only_unverified,unverified,unverified
target_reflector/ST001_20250425_121758_234_01_CDX_RHI.IQ,target_reflector,target,reflector_source_label,.iq,320847776,,RSTM,18,1,10,ST001,成都远望,46.862552642822266,83.09510040283203,RHI,RHI,俯仰扫描,2,2,1000,2025-04-25T12:17:58+00:00,2025-04-25T12:17:58.234000+00:00,-0.234,544,source_directory_only_unverified,unverified,unverified
target_reflector/ST001_20250425_121809_091_01_CDX_RHI.IQ,target_reflector,target,reflector_source_label,.iq,270342464,,RSTM,18,1,10,ST001,成都远望,46.862552642822266,83.09510040283203,RHI,RHI,俯仰扫描,2,2,1000,2025-04-25T12:18:09+00:00,2025-04-25T12:18:09.091000+00:00,-0.091,544,source_directory_only_unverified,unverified,unverified
target_reflector/ST001_20250425_121818_345_01_CDX_RHI.IQ,target_reflector,target,reflector_source_label,.iq,296284640,,RSTM,18,1,10,ST001,成都远望,46.862552642822266,83.09510040283203,RHI,RHI,俯仰扫描,2,2,1000,2025-04-25T12:18:18+00:00,2025-04-25T12:18:18.345000+00:00,-0.345,544,source_directory_only_unverified,unverified,unverified
target_reflector/ST001_20250425_121829_003_01_CDX_RHI.IQ,target_reflector,target,reflector_source_label,.iq,298393760,,RSTM,18,1,10,ST001,成都远望,46.862552642822266,83.09510040283203,RHI,RHI,俯仰扫描,2,2,1000,2025-04-25T12:18:29+00:00,2025-04-25T12:18:29.003000+00:00,-0.003,544,source_directory_only_unverified,unverified,unverified
target_reflector/ST001_20250425_121839_069_01_CDX_RHI.IQ,target_reflector,target,reflector_source_label,.iq,301330304,,RSTM,18,1,10,ST001,成都远望,46.862552642822266,83.09510040283203,RHI,RHI,俯仰扫描,2,2,1000,2025-04-25T12:18:39+00:00,2025-04-25T12:18:39.069000+00:00,-0.069,544,source_directory_only_unverified,unverified,unverified
target_reflector/ST001_20250425_121850_137_01_CDX_RHI.IQ,target_reflector,target,reflector_source_label,.iq,291287648,,RSTM,18,1,10,ST001,成都远望,46.862552642822266,83.09510040283203,RHI,RHI,俯仰扫描,2,2,1000,2025-04-25T12:18:50+00:00,2025-04-25T12:18:50.137000+00:00,-0.137,544,source_directory_only_unverified,unverified,unverified
target_reflector/ST001_20250425_121859_983_01_CDX_RHI.IQ,target_reflector,target,reflector_source_label,.iq,299983712,,RSTM,18,1,10,ST001,成都远望,46.862552642822266,83.09510040283203,RHI,RHI,俯仰扫描,2,2,1000,2025-04-25T12:18:59+00:00,2025-04-25T12:18:59.983000+00:00,-0.983,544,source_directory_only_unverified,unverified,unverified
target_reflector/ST001_20250425_121910_906_01_CDX_RHI.IQ,target_reflector,target,reflector_source_label,.iq,301346528,,RSTM,18,1,10,ST001,成都远望,46.862552642822266,83.09510040283203,RHI,RHI,俯仰扫描,2,2,1000,2025-04-25T12:19:10+00:00,2025-04-25T12:19:10.906000+00:00,-0.906,544,source_directory_only_unverified,unverified,unverified
target_reflector/ST001_20250425_121920_909_01_CDX_RHI.IQ,target_reflector,target,reflector_source_label,.iq,294727136,,RSTM,18,1,10,ST001,成都远望,46.862552642822266,83.09510040283203,RHI,RHI,俯仰扫描,2,2,1000,2025-04-25T12:19:20+00:00,2025-04-25T12:19:20.909000+00:00,-0.909,544,source_directory_only_unverified,unverified,unverified
target_reflector/ST001_20250425_121931_571_01_CDX_RHI.IQ,target_reflector,target,reflector_source_label,.iq,298069280,,RSTM,18,1,10,ST001,成都远望,46.862552642822266,83.09510040283203,RHI,RHI,俯仰扫描,2,2,1000,2025-04-25T12:19:31+00:00,2025-04-25T12:19:31.571000+00:00,-0.571,544,source_directory_only_unverified,unverified,unverified
target_reflector/ST001_20250425_121941_625_01_CDX_RHI.IQ,target_reflector,target,reflector_source_label,.iq,299659232,,RSTM,18,1,10,ST001,成都远望,46.862552642822266,83.09510040283203,RHI,RHI,俯仰扫描,2,2,1000,2025-04-25T12:19:41+00:00,2025-04-25T12:19:41.625000+00:00,-0.625,544,source_directory_only_unverified,unverified,unverified
target_reflector/ST001_20250425_121952_490_01_CDX_RHI.IQ,target_reflector,target,reflector_source_label,.iq,298328864,,RSTM,18,1,10,ST001,成都远望,46.862552642822266,83.09510040283203,RHI,RHI,俯仰扫描,2,2,1000,2025-04-25T12:19:52+00:00,2025-04-25T12:19:52.490000+00:00,-0.490,544,source_directory_only_unverified,unverified,unverified
target_reflector/ST001_20250425_122002_555_01_CDX_RHI.IQ,target_reflector,target,reflector_source_label,.iq,299724128,,RSTM,18,1,10,ST001,成都远望,46.862552642822266,83.09510040283203,RHI,RHI,俯仰扫描,2,2,1000,2025-04-25T12:20:02+00:00,2025-04-25T12:20:02.555000+00:00,-0.555,544,source_directory_only_unverified,unverified,unverified
target_reflector/ST001_20250425_122013_423_01_CDX_RHI.IQ,target_reflector,target,reflector_source_label,.iq,296625344,,RSTM,18,1,10,ST001,成都远望,46.862552642822266,83.09510040283203,RHI,RHI,俯仰扫描,2,2,1000,2025-04-25T12:20:13+00:00,2025-04-25T12:20:13.423000+00:00,-0.423,544,source_directory_only_unverified,unverified,unverified
target_reflector/ST001_20250425_122023_486_01_CDX_RHI.IQ,target_reflector,target,reflector_source_label,.iq,298134176,,RSTM,18,1,10,ST001,成都远望,46.862552642822266,83.09510040283203,RHI,RHI,俯仰扫描,2,2,1000,2025-04-25T12:20:23+00:00,2025-04-25T12:20:23.486000+00:00,-0.486,544,source_directory_only_unverified,unverified,unverified
target_reflector/ST001_20250425_122034_201_01_CDX_RHI.IQ,target_reflector,target,reflector_source_label,.iq,296446880,,RSTM,18,1,10,ST001,成都远望,46.862552642822266,83.09510040283203,RHI,RHI,俯仰扫描,2,2,1000,2025-04-25T12:20:34+00:00,2025-04-25T12:20:34.201000+00:00,-0.201,544,source_directory_only_unverified,unverified,unverified
target_reflector/ST001_20250425_122044_254_01_CDX_RHI.IQ,target_reflector,target,reflector_source_label,.iq,296414432,,RSTM,18,1,10,ST001,成都远望,46.862552642822266,83.09510040283203,RHI,RHI,俯仰扫描,2,2,1000,2025-04-25T12:20:44+00:00,2025-04-25T12:20:44.254000+00:00,-0.254,544,source_directory_only_unverified,unverified,unverified
target_reflector/ST001_20250425_122055_070_01_CDX_RHI.IQ,target_reflector,target,reflector_source_label,.iq,299643008,,RSTM,18,1,10,ST001,成都远望,46.862552642822266,83.09510040283203,RHI,RHI,俯仰扫描,2,2,1000,2025-04-25T12:20:55+00:00,2025-04-25T12:20:55.070000+00:00,-0.070,544,source_directory_only_unverified,unverified,unverified
target_reflector/ST001_20250425_122105_176_01_CDX_RHI.IQ,target_reflector,target,reflector_source_label,.iq,294548672,,RSTM,18,1,10,ST001,成都远望,46.862552642822266,83.09510040283203,RHI,RHI,俯仰扫描,2,2,1000,2025-04-25T12:21:05+00:00,2025-04-25T12:21:05.176000+00:00,-0.176,544,source_directory_only_unverified,unverified,unverified
target_reflector/ST001_20250425_122115_827_01_CDX_RHI.IQ,target_reflector,target,reflector_source_label,.iq,298036832,,RSTM,18,1,10,ST001,成都远望,46.862552642822266,83.09510040283203,RHI,RHI,俯仰扫描,2,2,1000,2025-04-25T12:21:15+00:00,2025-04-25T12:21:15.827000+00:00,-0.827,544,source_directory_only_unverified,unverified,unverified
target_reflector/ST001_20250425_122125_883_01_CDX_RHI.IQ,target_reflector,target,reflector_source_label,.iq,26739104,,RSTM,18,1,10,ST001,成都远望,46.862552642822266,83.09510040283203,RHI,RHI,俯仰扫描,2,2,1000,2025-04-25T12:21:25+00:00,2025-04-25T12:21:25.883000+00:00,-0.883,544,source_directory_only_unverified,unverified,unverified
target_six_wing/ST001_20250425_110449_816_01_CDX_RHI.IQ,target_six_wing,target,six_wing_source_label,.iq,307868576,,RSTM,18,1,10,ST001,成都远望,46.862552642822266,83.09510040283203,RHI,RHI,俯仰扫描,2,2,1000,2025-04-25T11:04:49+00:00,2025-04-25T11:04:49.816000+00:00,-0.816,544,source_directory_only_unverified,unverified,unverified
target_six_wing/ST001_20250425_110502_658_01_CDX_RHI.IQ,target_six_wing,target,six_wing_source_label,.iq,306051488,,RSTM,18,1,10,ST001,成都远望,46.862552642822266,83.09510040283203,RHI,RHI,俯仰扫描,2,2,1000,2025-04-25T11:05:02+00:00,2025-04-25T11:05:02.658000+00:00,-0.658,544,source_directory_only_unverified,unverified,unverified
target_six_wing/ST001_20250425_110515_349_01_CDX_RHI.IQ,target_six_wing,target,six_wing_source_label,.iq,305986592,,RSTM,18,1,10,ST001,成都远望,46.862552642822266,83.09510040283203,RHI,RHI,俯仰扫描,2,2,1000,2025-04-25T11:05:15+00:00,2025-04-25T11:05:15.349000+00:00,-0.349,544,source_directory_only_unverified,unverified,unverified
target_six_wing/ST001_20250425_110528_235_01_CDX_RHI.IQ,target_six_wing,target,six_wing_source_label,.iq,305791904,,RSTM,18,1,10,ST001,成都远望,46.862552642822266,83.09510040283203,RHI,RHI,俯仰扫描,2,2,1000,2025-04-25T11:05:28+00:00,2025-04-25T11:05:28.235000+00:00,-0.235,544,source_directory_only_unverified,unverified,unverified
target_six_wing/ST001_20250425_110540_960_01_CDX_RHI.IQ,target_six_wing,target,six_wing_source_label,.iq,311259392,,RSTM,18,1,10,ST001,成都远望,46.862552642822266,83.09510040283203,RHI,RHI,俯仰扫描,2,2,1000,2025-04-25T11:05:40+00:00,2025-04-25T11:05:40.960000+00:00,-0.960,544,source_directory_only_unverified,unverified,unverified
target_six_wing/ST001_20250425_110553_856_01_CDX_RHI.IQ,target_six_wing,target,six_wing_source_label,.iq,306035264,,RSTM,18,1,10,ST001,成都远望,46.862552642822266,83.09510040283203,RHI,RHI,俯仰扫描,2,2,1000,2025-04-25T11:05:53+00:00,2025-04-25T11:05:53.856000+00:00,-0.856,544,source_directory_only_unverified,unverified,unverified
target_six_wing/ST001_20250425_110606_537_01_CDX_RHI.IQ,target_six_wing,target,six_wing_source_label,.iq,306278624,,RSTM,18,1,10,ST001,成都远望,46.862552642822266,83.09510040283203,RHI,RHI,俯仰扫描,2,2,1000,2025-04-25T11:06:06+00:00,2025-04-25T11:06:06.537000+00:00,-0.537,544,source_directory_only_unverified,unverified,unverified
target_six_wing/ST001_20250425_110619_183_01_CDX_RHI.IQ,target_six_wing,target,six_wing_source_label,.iq,307462976,,RSTM,18,1,10,ST001,成都远望,46.862552642822266,83.09510040283203,RHI,RHI,俯仰扫描,2,2,1000,2025-04-25T11:06:19+00:00,2025-04-25T11:06:19.183000+00:00,-0.183,544,source_directory_only_unverified,unverified,unverified
target_six_wing/ST001_20250425_110631_864_01_CDX_RHI.IQ,target_six_wing,target,six_wing_source_label,.iq,307479200,,RSTM,18,1,10,ST001,成都远望,46.862552642822266,83.09510040283203,RHI,RHI,俯仰扫描,2,2,1000,2025-04-25T11:06:31+00:00,2025-04-25T11:06:31.864000+00:00,-0.864,544,source_directory_only_unverified,unverified,unverified
target_six_wing/ST001_20250425_110644_592_01_CDX_RHI.IQ,target_six_wing,target,six_wing_source_label,.iq,305840576,,RSTM,18,1,10,ST001,成都远望,46.862552642822266,83.09510040283203,RHI,RHI,俯仰扫描,2,2,1000,2025-04-25T11:06:44+00:00,2025-04-25T11:06:44.592000+00:00,-0.592,544,source_directory_only_unverified,unverified,unverified
target_six_wing/ST001_20250425_110657_280_01_CDX_RHI.IQ,target_six_wing,target,six_wing_source_label,.iq,302644448,,RSTM,18,1,10,ST001,成都远望,46.862552642822266,83.09510040283203,RHI,RHI,俯仰扫描,2,2,1000,2025-04-25T11:06:57+00:00,2025-04-25T11:06:57.280000+00:00,-0.280,544,source_directory_only_unverified,unverified,unverified
target_six_wing/ST001_20250425_110709_958_01_CDX_RHI.IQ,target_six_wing,target,six_wing_source_label,.iq,305954144,,RSTM,18,1,10,ST001,成都远望,46.862552642822266,83.09510040283203,RHI,RHI,俯仰扫描,2,2,1000,2025-04-25T11:07:09+00:00,2025-04-25T11:07:09.958000+00:00,-0.958,544,source_directory_only_unverified,unverified,unverified
target_six_wing/ST001_20250425_110722_642_01_CDX_RHI.IQ,target_six_wing,target,six_wing_source_label,.iq,305986592,,RSTM,18,1,10,ST001,成都远望,46.862552642822266,83.09510040283203,RHI,RHI,俯仰扫描,2,2,1000,2025-04-25T11:07:22+00:00,2025-04-25T11:07:22.642000+00:00,-0.642,544,source_directory_only_unverified,unverified,unverified
target_six_wing/ST001_20250425_110735_324_01_CDX_RHI.IQ,target_six_wing,target,six_wing_source_label,.iq,304526432,,RSTM,18,1,10,ST001,成都远望,46.862552642822266,83.09510040283203,RHI,RHI,俯仰扫描,2,2,1000,2025-04-25T11:07:35+00:00,2025-04-25T11:07:35.324000+00:00,-0.324,544,source_directory_only_unverified,unverified,unverified
target_six_wing/ST001_20250425_110748_224_01_CDX_RHI.IQ,target_six_wing,target,six_wing_source_label,.iq,305856800,,RSTM,18,1,10,ST001,成都远望,46.862552642822266,83.09510040283203,RHI,RHI,俯仰扫描,2,2,1000,2025-04-25T11:07:48+00:00,2025-04-25T11:07:48.224000+00:00,-0.224,544,source_directory_only_unverified,unverified,unverified
target_six_wing/ST001_20250425_110801_107_01_CDX_RHI.IQ,target_six_wing,target,six_wing_source_label,.iq,306132608,,RSTM,18,1,10,ST001,成都远望,46.862552642822266,83.09510040283203,RHI,RHI,俯仰扫描,2,2,1000,2025-04-25T11:08:01+00:00,2025-04-25T11:08:01.107000+00:00,-0.107,544,source_directory_only_unverified,unverified,unverified
target_six_wing/ST001_20250425_110813_794_01_CDX_RHI.IQ,target_six_wing,target,six_wing_source_label,.iq,305921696,,RSTM,18,1,10,ST001,成都远望,46.862552642822266,83.09510040283203,RHI,RHI,俯仰扫描,2,2,1000,2025-04-25T11:08:13+00:00,2025-04-25T11:08:13.794000+00:00,-0.794,544,source_directory_only_unverified,unverified,unverified
target_six_wing/ST001_20250425_110826_474_01_CDX_RHI.IQ,target_six_wing,target,six_wing_source_label,.iq,305954144,,RSTM,18,1,10,ST001,成都远望,46.862552642822266,83.09510040283203,RHI,RHI,俯仰扫描,2,2,1000,2025-04-25T11:08:26+00:00,2025-04-25T11:08:26.474000+00:00,-0.474,544,source_directory_only_unverified,unverified,unverified
target_six_wing/ST001_20250425_110839_210_01_CDX_RHI.IQ,target_six_wing,target,six_wing_source_label,.iq,305824352,,RSTM,18,1,10,ST001,成都远望,46.862552642822266,83.09510040283203,RHI,RHI,俯仰扫描,2,2,1000,2025-04-25T11:08:39+00:00,2025-04-25T11:08:39.210000+00:00,-0.210,544,source_directory_only_unverified,unverified,unverified
target_six_wing/ST001_20250425_110851_889_01_CDX_RHI.IQ,target_six_wing,target,six_wing_source_label,.iq,306067712,,RSTM,18,1,10,ST001,成都远望,46.862552642822266,83.09510040283203,RHI,RHI,俯仰扫描,2,2,1000,2025-04-25T11:08:51+00:00,2025-04-25T11:08:51.889000+00:00,-0.889,544,source_directory_only_unverified,unverified,unverified
target_six_wing/ST001_20250425_110904_577_01_CDX_RHI.IQ,target_six_wing,target,six_wing_source_label,.iq,305986592,,RSTM,18,1,10,ST001,成都远望,46.862552642822266,83.09510040283203,RHI,RHI,俯仰扫描,2,2,1000,2025-04-25T11:09:04+00:00,2025-04-25T11:09:04.577000+00:00,-0.577,544,source_directory_only_unverified,unverified,unverified
target_six_wing/ST001_20250425_110917_257_01_CDX_RHI.IQ,target_six_wing,target,six_wing_source_label,.iq,306278624,,RSTM,18,1,10,ST001,成都远望,46.862552642822266,83.09510040283203,RHI,RHI,俯仰扫描,2,2,1000,2025-04-25T11:09:17+00:00,2025-04-25T11:09:17.257000+00:00,-0.257,544,source_directory_only_unverified,unverified,unverified
target_six_wing/ST001_20250425_110930_155_01_CDX_RHI.IQ,target_six_wing,target,six_wing_source_label,.iq,306181280,,RSTM,18,1,10,ST001,成都远望,46.862552642822266,83.09510040283203,RHI,RHI,俯仰扫描,2,2,1000,2025-04-25T11:09:30+00:00,2025-04-25T11:09:30.155000+00:00,-0.155,544,source_directory_only_unverified,unverified,unverified
target_six_wing/ST001_20250425_110943_603_01_CDX_RHI.IQ,target_six_wing,target,six_wing_source_label,.iq,221167520,,RSTM,18,1,10,ST001,成都远望,46.862552642822266,83.09510040283203,RHI,RHI,俯仰扫描,2,2,1000,2025-04-25T11:09:43+00:00,2025-04-25T11:09:43.603000+00:00,-0.603,544,source_directory_only_unverified,unverified,unverified
target_six_wing/ST001_20250425_110953_467_01_CDX_RHI.IQ,target_six_wing,target,six_wing_source_label,.iq,224623232,,RSTM,18,1,10,ST001,成都远望,46.862552642822266,83.09510040283203,RHI,RHI,俯仰扫描,2,2,1000,2025-04-25T11:09:53+00:00,2025-04-25T11:09:53.467000+00:00,-0.467,544,source_directory_only_unverified,unverified,unverified
target_six_wing/ST001_20250425_111003_339_01_CDX_RHI.IQ,target_six_wing,target,six_wing_source_label,.iq,87725120,,RSTM,18,1,10,ST001,成都远望,46.862552642822266,83.09510040283203,RHI,RHI,俯仰扫描,2,2,1000,2025-04-25T11:10:03+00:00,2025-04-25T11:10:03.339000+00:00,-0.339,544,source_directory_only_unverified,unverified,unverified
target_six_wing/ST001_20250425_111247_780_01_CDX_RHI.IQ,target_six_wing,target,six_wing_source_label,.iq,37106240,,RSTM,18,1,10,ST001,成都远望,46.862552642822266,83.09510040283203,RHI,RHI,俯仰扫描,2,2,1000,2025-04-25T11:10:03+00:00,2025-04-25T11:12:47.780000+00:00,-164.780,544,source_directory_only_unverified,unverified,unverified
target_six_wing/ST001_20250425_111252_228_01_CDX_RHI.IQ,target_six_wing,target,six_wing_source_label,.iq,253777760,,RSTM,18,1,10,ST001,成都远望,46.862552642822266,83.09510040283203,RHI,RHI,俯仰扫描,2,2,1000,2025-04-25T11:12:52+00:00,2025-04-25T11:12:52.228000+00:00,-0.228,544,source_directory_only_unverified,unverified,unverified
target_six_wing/ST001_20250425_111307_933_01_CDX_RHI.IQ,target_six_wing,target,six_wing_source_label,.iq,306116384,,RSTM,18,1,10,ST001,成都远望,46.862552642822266,83.09510040283203,RHI,RHI,俯仰扫描,2,2,1000,2025-04-25T11:13:07+00:00,2025-04-25T11:13:07.933000+00:00,-0.933,544,source_directory_only_unverified,unverified,unverified
target_six_wing/ST001_20250425_111320_623_01_CDX_RHI.IQ,target_six_wing,target,six_wing_source_label,.iq,116879648,,RSTM,18,1,10,ST001,成都远望,46.862552642822266,83.09510040283203,RHI,RHI,俯仰扫描,2,2,1000,2025-04-25T11:13:20+00:00,2025-04-25T11:13:20.623000+00:00,-0.623,544,source_directory_only_unverified,unverified,unverified
target_six_wing/ST001_20250425_111329_098_01_CDX_RPI.IQ,target_six_wing,target,six_wing_source_label,.iq,395624192,,RSTM,18,1,10,ST001,成都远望,46.862552642822266,83.09510040283203,RPI,RPI,方位扇扫,2,3,1000,2025-04-25T11:13:29+00:00,2025-04-25T11:13:29.098000+00:00,-0.098,544,source_directory_only_unverified,unverified,unverified
target_six_wing/ST001_20250425_111345_201_01_CDX_RPI.IQ,target_six_wing,target,six_wing_source_label,.iq,364555232,,RSTM,18,1,10,ST001,成都远望,46.862552642822266,83.09510040283203,RPI,RPI,方位扇扫,2,3,1000,2025-04-25T11:13:45+00:00,2025-04-25T11:13:45.201000+00:00,-0.201,544,source_directory_only_unverified,unverified,unverified
target_six_wing/ST001_20250425_111400_311_01_CDX_RPI.IQ,target_six_wing,target,six_wing_source_label,.iq,364246976,,RSTM,18,1,10,ST001,成都远望,46.862552642822266,83.09510040283203,RPI,RPI,方位扇扫,2,3,1000,2025-04-25T11:14:00+00:00,2025-04-25T11:14:00.311000+00:00,-0.311,544,source_directory_only_unverified,unverified,unverified
target_six_wing/ST001_20250425_111415_451_01_CDX_RPI.IQ,target_six_wing,target,six_wing_source_label,.iq,388858784,,RSTM,18,1,10,ST001,成都远望,46.862552642822266,83.09510040283203,RPI,RPI,方位扇扫,2,3,1000,2025-04-25T11:14:15+00:00,2025-04-25T11:14:15.451000+00:00,-0.451,544,source_directory_only_unverified,unverified,unverified
target_six_wing/ST001_20250425_111431_355_01_CDX_RPI.IQ,target_six_wing,target,six_wing_source_label,.iq,364539008,,RSTM,18,1,10,ST001,成都远望,46.862552642822266,83.09510040283203,RPI,RPI,方位扇扫,2,3,1000,2025-04-25T11:14:31+00:00,2025-04-25T11:14:31.355000+00:00,-0.355,544,source_directory_only_unverified,unverified,unverified
target_six_wing/ST001_20250425_111446_661_01_CDX_RPI.IQ,target_six_wing,target,six_wing_source_label,.iq,366128960,,RSTM,18,1,10,ST001,成都远望,46.862552642822266,83.09510040283203,RPI,RPI,方位扇扫,2,3,1000,2025-04-25T11:14:46+00:00,2025-04-25T11:14:46.661000+00:00,-0.661,544,source_directory_only_unverified,unverified,unverified
target_six_wing/ST001_20250425_111501_968_01_CDX_RPI.IQ,target_six_wing,target,six_wing_source_label,.iq,362803040,,RSTM,18,1,10,ST001,成都远望,46.862552642822266,83.09510040283203,RPI,RPI,方位扇扫,2,3,1000,2025-04-25T11:15:01+00:00,2025-04-25T11:15:01.968000+00:00,-0.968,544,source_directory_only_unverified,unverified,unverified
target_six_wing/ST001_20250425_111517_065_01_CDX_RPI.IQ,target_six_wing,target,six_wing_source_label,.iq,362721920,,RSTM,18,1,10,ST001,成都远望,46.862552642822266,83.09510040283203,RPI,RPI,方位扇扫,2,3,1000,2025-04-25T11:15:17+00:00,2025-04-25T11:15:17.065000+00:00,-0.065,544,source_directory_only_unverified,unverified,unverified
target_six_wing/ST001_20250425_111716_420_01_CDX_RPI.IQ,target_six_wing,target,six_wing_source_label,.iq,290573792,,RSTM,18,1,10,ST001,成都远望,46.862552642822266,83.09510040283203,RPI,RPI,方位扇扫,2,3,1000,2025-04-25T11:15:17+00:00,2025-04-25T11:17:16.420000+00:00,-119.420,544,source_directory_only_unverified,unverified,unverified
target_six_wing/ST001_20250425_111727_366_01_CDX_RHI.IQ,target_six_wing,target,six_wing_source_label,.iq,302725568,,RSTM,18,1,10,ST001,成都远望,46.862552642822266,83.09510040283203,RHI,RHI,俯仰扫描,2,2,1000,2025-04-25T11:17:27+00:00,2025-04-25T11:17:27.366000+00:00,-0.366,544,source_directory_only_unverified,unverified,unverified
target_six_wing/ST001_20250425_111738_622_01_CDX_RHI.IQ,target_six_wing,target,six_wing_source_label,.iq,297939488,,RSTM,18,1,10,ST001,成都远望,46.862552642822266,83.09510040283203,RHI,RHI,俯仰扫描,2,2,1000,2025-04-25T11:17:38+00:00,2025-04-25T11:17:38.622000+00:00,-0.622,544,source_directory_only_unverified,unverified,unverified
target_six_wing/ST001_20250425_111750_093_01_CDX_RHI.IQ,target_six_wing,target,six_wing_source_label,.iq,309280064,,RSTM,18,1,10,ST001,成都远望,46.862552642822266,83.09510040283203,RHI,RHI,俯仰扫描,2,2,1000,2025-04-25T11:17:50+00:00,2025-04-25T11:17:50.093000+00:00,-0.093,544,source_directory_only_unverified,unverified,unverified
target_six_wing/ST001_20250425_111805_207_01_CDX_RHI.IQ,target_six_wing,target,six_wing_source_label,.iq,306148832,,RSTM,18,1,10,ST001,成都远望,46.862552642822266,83.09510040283203,RHI,RHI,俯仰扫描,2,2,1000,2025-04-25T11:18:05+00:00,2025-04-25T11:18:05.207000+00:00,-0.207,544,source_directory_only_unverified,unverified,unverified
target_six_wing/ST001_20250425_111817_901_01_CDX_RHI.IQ,target_six_wing,target,six_wing_source_label,.iq,309134048,,RSTM,18,1,10,ST001,成都远望,46.862552642822266,83.09510040283203,RHI,RHI,俯仰扫描,2,2,1000,2025-04-25T11:18:17+00:00,2025-04-25T11:18:17.901000+00:00,-0.901,544,source_directory_only_unverified,unverified,unverified
target_six_wing/ST001_20250425_111828_350_01_CDX_RHI.IQ,target_six_wing,target,six_wing_source_label,.iq,319144256,,RSTM,18,1,10,ST001,成都远望,46.862552642822266,83.09510040283203,RHI,RHI,俯仰扫描,2,2,1000,2025-04-25T11:18:28+00:00,2025-04-25T11:18:28.350000+00:00,-0.350,544,source_directory_only_unverified,unverified,unverified
target_six_wing/ST001_20250425_111839_008_01_CDX_RHI.IQ,target_six_wing,target,six_wing_source_label,.iq,284538464,,RSTM,18,1,10,ST001,成都远望,46.862552642822266,83.09510040283203,RHI,RHI,俯仰扫描,2,2,1000,2025-04-25T11:18:39+00:00,2025-04-25T11:18:39.008000+00:00,-0.008,544,source_directory_only_unverified,unverified,unverified
target_six_wing/ST001_20250425_111848_654_01_CDX_RHI.IQ,target_six_wing,target,six_wing_source_label,.iq,296057504,,RSTM,18,1,10,ST001,成都远望,46.862552642822266,83.09510040283203,RHI,RHI,俯仰扫描,2,2,1000,2025-04-25T11:18:48+00:00,2025-04-25T11:18:48.654000+00:00,-0.654,544,source_directory_only_unverified,unverified,unverified
target_six_wing/ST001_20250425_111858_749_01_CDX_RHI.IQ,target_six_wing,target,six_wing_source_label,.iq,298004384,,RSTM,18,1,10,ST001,成都远望,46.862552642822266,83.09510040283203,RHI,RHI,俯仰扫描,2,2,1000,2025-04-25T11:18:58+00:00,2025-04-25T11:18:58.749000+00:00,-0.749,544,source_directory_only_unverified,unverified,unverified
target_six_wing/ST001_20250425_111908_753_01_CDX_RHI.IQ,target_six_wing,target,six_wing_source_label,.iq,43676960,,RSTM,18,1,10,ST001,成都远望,46.862552642822266,83.09510040283203,RHI,RHI,俯仰扫描,2,2,1000,2025-04-25T11:19:08+00:00,2025-04-25T11:19:08.753000+00:00,-0.753,544,source_directory_only_unverified,unverified,unverified
target_six_wing/ST001_20250425_111934_293_01_CDX_RHI.IQ,target_six_wing,target,six_wing_source_label,.iq,309523424,,RSTM,18,1,10,ST001,成都远望,46.862552642822266,83.09510040283203,RHI,RHI,俯仰扫描,2,2,1000,2025-04-25T11:19:34+00:00,2025-04-25T11:19:34.293000+00:00,-0.293,544,source_directory_only_unverified,unverified,unverified
target_six_wing/ST001_20250425_111944_758_01_CDX_RHI.IQ,target_six_wing,target,six_wing_source_label,.iq,292926272,,RSTM,18,1,10,ST001,成都远望,46.862552642822266,83.09510040283203,RHI,RHI,俯仰扫描,2,2,1000,2025-04-25T11:19:44+00:00,2025-04-25T11:19:44.758000+00:00,-0.758,544,source_directory_only_unverified,unverified,unverified
target_six_wing/ST001_20250425_111957_858_01_CDX_RHI.IQ,target_six_wing,target,six_wing_source_label,.iq,222692576,,RSTM,18,1,10,ST001,成都远望,46.862552642822266,83.09510040283203,RHI,RHI,俯仰扫描,2,2,1000,2025-04-25T11:19:57+00:00,2025-04-25T11:19:57.858000+00:00,-0.858,544,source_directory_only_unverified,unverified,unverified
target_six_wing/ST001_20250425_112005_697_01_CDX_RHI.IQ,target_six_wing,target,six_wing_source_label,.iq,296122400,,RSTM,18,1,10,ST001,成都远望,46.862552642822266,83.09510040283203,RHI,RHI,俯仰扫描,2,2,1000,2025-04-25T11:20:05+00:00,2025-04-25T11:20:05.697000+00:00,-0.697,544,source_directory_only_unverified,unverified,unverified
target_six_wing/ST001_20250425_112019_398_01_CDX_RHI.IQ,target_six_wing,target,six_wing_source_label,.iq,307511648,,RSTM,18,1,10,ST001,成都远望,46.862552642822266,83.09510040283203,RHI,RHI,俯仰扫描,2,2,1000,2025-04-25T11:20:19+00:00,2025-04-25T11:20:19.398000+00:00,-0.398,544,source_directory_only_unverified,unverified,unverified
target_six_wing/ST001_20250425_112029_852_01_CDX_RHI.IQ,target_six_wing,target,six_wing_source_label,.iq,292910048,,RSTM,18,1,10,ST001,成都远望,46.862552642822266,83.09510040283203,RHI,RHI,俯仰扫描,2,2,1000,2025-04-25T11:20:29+00:00,2025-04-25T11:20:29.852000+00:00,-0.852,544,source_directory_only_unverified,unverified,unverified
target_six_wing/ST001_20250425_112042_947_01_CDX_RHI.IQ,target_six_wing,target,six_wing_source_label,.iq,222887264,,RSTM,18,1,10,ST001,成都远望,46.862552642822266,83.09510040283203,RHI,RHI,俯仰扫描,2,2,1000,2025-04-25T11:20:42+00:00,2025-04-25T11:20:42.947000+00:00,-0.947,544,source_directory_only_unverified,unverified,unverified
target_six_wing/ST001_20250425_112050_784_01_CDX_RHI.IQ,target_six_wing,target,six_wing_source_label,.iq,298004384,,RSTM,18,1,10,ST001,成都远望,46.862552642822266,83.09510040283203,RHI,RHI,俯仰扫描,2,2,1000,2025-04-25T11:20:50+00:00,2025-04-25T11:20:50.784000+00:00,-0.784,544,source_directory_only_unverified,unverified,unverified
target_six_wing/ST001_20250425_112104_490_01_CDX_RHI.IQ,target_six_wing,target,six_wing_source_label,.iq,306148832,,RSTM,18,1,10,ST001,成都远望,46.862552642822266,83.09510040283203,RHI,RHI,俯仰扫描,2,2,1000,2025-04-25T11:21:04+00:00,2025-04-25T11:21:04.490000+00:00,-0.490,544,source_directory_only_unverified,unverified,unverified
target_six_wing/ST001_20250425_112114_947_01_CDX_RHI.IQ,target_six_wing,target,six_wing_source_label,.iq,292796480,,RSTM,18,1,10,ST001,成都远望,46.862552642822266,83.09510040283203,RHI,RHI,俯仰扫描,2,2,1000,2025-04-25T11:21:14+00:00,2025-04-25T11:21:14.947000+00:00,-0.947,544,source_directory_only_unverified,unverified,unverified
target_six_wing/ST001_20250425_112128_033_01_CDX_RHI.IQ,target_six_wing,target,six_wing_source_label,.iq,222822368,,RSTM,18,1,10,ST001,成都远望,46.862552642822266,83.09510040283203,RHI,RHI,俯仰扫描,2,2,1000,2025-04-25T11:21:28+00:00,2025-04-25T11:21:28.033000+00:00,-0.033,544,source_directory_only_unverified,unverified,unverified
target_six_wing/ST001_20250425_112135_871_01_CDX_RHI.IQ,target_six_wing,target,six_wing_source_label,.iq,297744800,,RSTM,18,1,10,ST001,成都远望,46.862552642822266,83.09510040283203,RHI,RHI,俯仰扫描,2,2,1000,2025-04-25T11:21:35+00:00,2025-04-25T11:21:35.871000+00:00,-0.871,544,source_directory_only_unverified,unverified,unverified
target_six_wing/ST001_20250425_112149_360_01_CDX_RHI.IQ,target_six_wing,target,six_wing_source_label,.iq,320620640,,RSTM,18,1,10,ST001,成都远望,46.862552642822266,83.09510040283203,RHI,RHI,俯仰扫描,2,2,1000,2025-04-25T11:21:49+00:00,2025-04-25T11:21:49.360000+00:00,-0.360,544,source_directory_only_unverified,unverified,unverified
target_six_wing/ST001_20250425_112200_221_01_CDX_RHI.IQ,target_six_wing,target,six_wing_source_label,.iq,284570912,,RSTM,18,1,10,ST001,成都远望,46.862552642822266,83.09510040283203,RHI,RHI,俯仰扫描,2,2,1000,2025-04-25T11:22:00+00:00,2025-04-25T11:22:00.221000+00:00,-0.221,544,source_directory_only_unverified,unverified,unverified
target_six_wing/ST001_20250425_112212_907_01_CDX_RHI.IQ,target_six_wing,target,six_wing_source_label,.iq,224444768,,RSTM,18,1,10,ST001,成都远望,46.862552642822266,83.09510040283203,RHI,RHI,俯仰扫描,2,2,1000,2025-04-25T11:22:12+00:00,2025-04-25T11:22:12.907000+00:00,-0.907,544,source_directory_only_unverified,unverified,unverified
target_six_wing/ST001_20250425_112220_747_01_CDX_RHI.IQ,target_six_wing,target,six_wing_source_label,.iq,298004384,,RSTM,18,1,10,ST001,成都远望,46.862552642822266,83.09510040283203,RHI,RHI,俯仰扫描,2,2,1000,2025-04-25T11:22:20+00:00,2025-04-25T11:22:20.747000+00:00,-0.747,544,source_directory_only_unverified,unverified,unverified
target_six_wing/ST001_20250425_112236_887_01_CDX_RHI.IQ,target_six_wing,target,six_wing_source_label,.iq,221459552,,RSTM,18,1,10,ST001,成都远望,46.862552642822266,83.09510040283203,RHI,RHI,俯仰扫描,2,2,1000,2025-04-25T11:22:36+00:00,2025-04-25T11:22:36.887000+00:00,-0.887,544,source_directory_only_unverified,unverified,unverified
target_six_wing/ST001_20250425_112244_737_01_CDX_RHI.IQ,target_six_wing,target,six_wing_source_label,.iq,302709344,,RSTM,18,1,10,ST001,成都远望,46.862552642822266,83.09510040283203,RHI,RHI,俯仰扫描,2,2,1000,2025-04-25T11:22:44+00:00,2025-04-25T11:22:44.737000+00:00,-0.737,544,source_directory_only_unverified,unverified,unverified
target_six_wing/ST001_20250425_112256_609_01_CDX_RHI.IQ,target_six_wing,target,six_wing_source_label,.iq,195274016,,RSTM,18,1,10,ST001,成都远望,46.862552642822266,83.09510040283203,RHI,RHI,俯仰扫描,2,2,1000,2025-04-25T11:22:56+00:00,2025-04-25T11:22:56.609000+00:00,-0.609,544,source_directory_only_unverified,unverified,unverified
target_six_wing/ST001_20250425_112303_450_01_CDX_RHI.IQ,target_six_wing,target,six_wing_source_label,.iq,301054496,,RSTM,18,1,10,ST001,成都远望,46.862552642822266,83.09510040283203,RHI,RHI,俯仰扫描,2,2,1000,2025-04-25T11:23:03+00:00,2025-04-25T11:23:03.450000+00:00,-0.450,544,source_directory_only_unverified,unverified,unverified
target_six_wing/ST001_20250425_112314_921_01_CDX_RHI.IQ,target_six_wing,target,six_wing_source_label,.iq,305856800,,RSTM,18,1,10,ST001,成都远望,46.862552642822266,83.09510040283203,RHI,RHI,俯仰扫描,2,2,1000,2025-04-25T11:23:14+00:00,2025-04-25T11:23:14.921000+00:00,-0.921,544,source_directory_only_unverified,unverified,unverified
target_six_wing/ST001_20250425_112325_366_01_CDX_RHI.IQ,target_six_wing,target,six_wing_source_label,.iq,294873152,,RSTM,18,1,10,ST001,成都远望,46.862552642822266,83.09510040283203,RHI,RHI,俯仰扫描,2,2,1000,2025-04-25T11:23:25+00:00,2025-04-25T11:23:25.366000+00:00,-0.366,544,source_directory_only_unverified,unverified,unverified
target_six_wing/ST001_20250425_112337_855_01_CDX_RHI.IQ,target_six_wing,target,six_wing_source_label,.iq,206403680,,RSTM,18,1,10,ST001,成都远望,46.862552642822266,83.09510040283203,RHI,RHI,俯仰扫描,2,2,1000,2025-04-25T11:23:37+00:00,2025-04-25T11:23:37.855000+00:00,-0.855,544,source_directory_only_unverified,unverified,unverified
target_six_wing/ST001_20250425_112345_086_01_CDX_RHI.IQ,target_six_wing,target,six_wing_source_label,.iq,299188736,,RSTM,18,1,10,ST001,成都远望,46.862552642822266,83.09510040283203,RHI,RHI,俯仰扫描,2,2,1000,2025-04-25T11:23:45+00:00,2025-04-25T11:23:45.086000+00:00,-0.086,544,source_directory_only_unverified,unverified,unverified
target_six_wing/ST001_20250425_112356_144_01_CDX_RHI.IQ,target_six_wing,target,six_wing_source_label,.iq,297907040,,RSTM,18,1,10,ST001,成都远望,46.862552642822266,83.09510040283203,RHI,RHI,俯仰扫描,2,2,1000,2025-04-25T11:23:56+00:00,2025-04-25T11:23:56.144000+00:00,-0.144,544,source_directory_only_unverified,unverified,unverified
target_six_wing/ST001_20250425_112406_200_01_CDX_RHI.IQ,target_six_wing,target,six_wing_source_label,.iq,299237408,,RSTM,18,1,10,ST001,成都远望,46.862552642822266,83.09510040283203,RHI,RHI,俯仰扫描,2,2,1000,2025-04-25T11:24:06+00:00,2025-04-25T11:24:06.200000+00:00,-0.200,544,source_directory_only_unverified,unverified,unverified
target_six_wing/ST001_20250425_112419_081_01_CDX_RHI.IQ,target_six_wing,target,six_wing_source_label,.iq,188330144,,RSTM,18,1,10,ST001,成都远望,46.862552642822266,83.09510040283203,RHI,RHI,俯仰扫描,2,2,1000,2025-04-25T11:24:19+00:00,2025-04-25T11:24:19.081000+00:00,-0.081,544,source_directory_only_unverified,unverified,unverified
target_six_wing/ST001_20250425_112425_707_01_CDX_RHI.IQ,target_six_wing,target,six_wing_source_label,.iq,301005824,,RSTM,18,1,10,ST001,成都远望,46.862552642822266,83.09510040283203,RHI,RHI,俯仰扫描,2,2,1000,2025-04-25T11:24:25+00:00,2025-04-25T11:24:25.707000+00:00,-0.707,544,source_directory_only_unverified,unverified,unverified
target_six_wing/ST001_20250425_112437_174_01_CDX_RHI.IQ,target_six_wing,target,six_wing_source_label,.iq,306002816,,RSTM,18,1,10,ST001,成都远望,46.862552642822266,83.09510040283203,RHI,RHI,俯仰扫描,2,2,1000,2025-04-25T11:24:37+00:00,2025-04-25T11:24:37.174000+00:00,-0.174,544,source_directory_only_unverified,unverified,unverified
target_six_wing/ST001_20250425_112447_632_01_CDX_RHI.IQ,target_six_wing,target,six_wing_source_label,.iq,296235968,,RSTM,18,1,10,ST001,成都远望,46.862552642822266,83.09510040283203,RHI,RHI,俯仰扫描,2,2,1000,2025-04-25T11:24:47+00:00,2025-04-25T11:24:47.632000+00:00,-0.632,544,source_directory_only_unverified,unverified,unverified
target_six_wing/ST001_20250425_112500_109_01_CDX_RHI.IQ,target_six_wing,target,six_wing_source_label,.iq,209875616,,RSTM,18,1,10,ST001,成都远望,46.862552642822266,83.09510040283203,RHI,RHI,俯仰扫描,2,2,1000,2025-04-25T11:25:00+00:00,2025-04-25T11:25:00.109000+00:00,-0.109,544,source_directory_only_unverified,unverified,unverified
target_six_wing/ST001_20250425_112507_553_01_CDX_RHI.IQ,target_six_wing,target,six_wing_source_label,.iq,296219744,,RSTM,18,1,10,ST001,成都远望,46.862552642822266,83.09510040283203,RHI,RHI,俯仰扫描,2,2,1000,2025-04-25T11:25:07+00:00,2025-04-25T11:25:07.553000+00:00,-0.553,544,source_directory_only_unverified,unverified,unverified
target_six_wing/ST001_20250425_112518_823_01_CDX_RHI.IQ,target_six_wing,target,six_wing_source_label,.iq,304380416,,RSTM,18,1,10,ST001,成都远望,46.862552642822266,83.09510040283203,RHI,RHI,俯仰扫描,2,2,1000,2025-04-25T11:25:18+00:00,2025-04-25T11:25:18.823000+00:00,-0.823,544,source_directory_only_unverified,unverified,unverified
target_six_wing/ST001_20250425_112529_076_01_CDX_RHI.IQ,target_six_wing,target,six_wing_source_label,.iq,302612000,,RSTM,18,1,10,ST001,成都远望,46.862552642822266,83.09510040283203,RHI,RHI,俯仰扫描,2,2,1000,2025-04-25T11:25:29+00:00,2025-04-25T11:25:29.076000+00:00,-0.076,544,source_directory_only_unverified,unverified,unverified
target_six_wing/ST001_20250425_112541_759_01_CDX_RHI.IQ,target_six_wing,target,six_wing_source_label,.iq,196734176,,RSTM,18,1,10,ST001,成都远望,46.862552642822266,83.09510040283203,RHI,RHI,俯仰扫描,2,2,1000,2025-04-25T11:25:41+00:00,2025-04-25T11:25:41.759000+00:00,-0.759,544,source_directory_only_unverified,unverified,unverified
target_six_wing/ST001_20250425_112548_798_01_CDX_RHI.IQ,target_six_wing,target,six_wing_source_label,.iq,296122400,,RSTM,18,1,10,ST001,成都远望,46.862552642822266,83.09510040283203,RHI,RHI,俯仰扫描,2,2,1000,2025-04-25T11:25:48+00:00,2025-04-25T11:25:48.798000+00:00,-0.798,544,source_directory_only_unverified,unverified,unverified
target_six_wing/ST001_20250425_112600_058_01_CDX_RHI.IQ,target_six_wing,target,six_wing_source_label,.iq,307706336,,RSTM,18,1,10,ST001,成都远望,46.862552642822266,83.09510040283203,RHI,RHI,俯仰扫描,2,2,1000,2025-04-25T11:26:00+00:00,2025-04-25T11:26:00.058000+00:00,-0.058,544,source_directory_only_unverified,unverified,unverified
target_six_wing/ST001_20250425_112610_513_01_CDX_RHI.IQ,target_six_wing,target,six_wing_source_label,.iq,297696128,,RSTM,18,1,10,ST001,成都远望,46.862552642822266,83.09510040283203,RHI,RHI,俯仰扫描,2,2,1000,2025-04-25T11:26:10+00:00,2025-04-25T11:26:10.513000+00:00,-0.513,544,source_directory_only_unverified,unverified,unverified
target_six_wing/ST001_20250425_112622_998_01_CDX_RHI.IQ,target_six_wing,target,six_wing_source_label,.iq,208058528,,RSTM,18,1,10,ST001,成都远望,46.862552642822266,83.09510040283203,RHI,RHI,俯仰扫描,2,2,1000,2025-04-25T11:26:22+00:00,2025-04-25T11:26:22.998000+00:00,-0.998,544,source_directory_only_unverified,unverified,unverified
target_six_wing/ST001_20250425_112630_233_01_CDX_RHI.IQ,target_six_wing,target,six_wing_source_label,.iq,302676896,,RSTM,18,1,10,ST001,成都远望,46.862552642822266,83.09510040283203,RHI,RHI,俯仰扫描,2,2,1000,2025-04-25T11:26:30+00:00,2025-04-25T11:26:30.233000+00:00,-0.233,544,source_directory_only_unverified,unverified,unverified
target_six_wing/ST001_20250425_112641_948_01_CDX_RHI.IQ,target_six_wing,target,six_wing_source_label,.iq,302904032,,RSTM,18,1,10,ST001,成都远望,46.862552642822266,83.09510040283203,RHI,RHI,俯仰扫描,2,2,1000,2025-04-25T11:26:41+00:00,2025-04-25T11:26:41.948000+00:00,-0.948,544,source_directory_only_unverified,unverified,unverified
target_six_wing/ST001_20250425_112652_154_01_CDX_RHI.IQ,target_six_wing,target,six_wing_source_label,.iq,299448320,,RSTM,18,1,10,ST001,成都远望,46.862552642822266,83.09510040283203,RHI,RHI,俯仰扫描,2,2,1000,2025-04-25T11:26:52+00:00,2025-04-25T11:26:52.154000+00:00,-0.154,544,source_directory_only_unverified,unverified,unverified
target_six_wing/ST001_20250425_112704_838_01_CDX_RHI.IQ,target_six_wing,target,six_wing_source_label,.iq,206533472,,RSTM,18,1,10,ST001,成都远望,46.862552642822266,83.09510040283203,RHI,RHI,俯仰扫描,2,2,1000,2025-04-25T11:27:04+00:00,2025-04-25T11:27:04.838000+00:00,-0.838,544,source_directory_only_unverified,unverified,unverified
target_six_wing/ST001_20250425_112712_076_01_CDX_RHI.IQ,target_six_wing,target,six_wing_source_label,.iq,299302304,,RSTM,18,1,10,ST001,成都远望,46.862552642822266,83.09510040283203,RHI,RHI,俯仰扫描,2,2,1000,2025-04-25T11:27:12+00:00,2025-04-25T11:27:12.076000+00:00,-0.076,544,source_directory_only_unverified,unverified,unverified
target_six_wing/ST001_20250425_112723_938_01_CDX_RHI.IQ,target_six_wing,target,six_wing_source_label,.iq,304591328,,RSTM,18,1,10,ST001,成都远望,46.862552642822266,83.09510040283203,RHI,RHI,俯仰扫描,2,2,1000,2025-04-25T11:27:23+00:00,2025-04-25T11:27:23.938000+00:00,-0.938,544,source_directory_only_unverified,unverified,unverified
target_six_wing/ST001_20250425_112734_196_01_CDX_RHI.IQ,target_six_wing,target,six_wing_source_label,.iq,299367200,,RSTM,18,1,10,ST001,成都远望,46.862552642822266,83.09510040283203,RHI,RHI,俯仰扫描,2,2,1000,2025-04-25T11:27:34+00:00,2025-04-25T11:27:34.196000+00:00,-0.196,544,source_directory_only_unverified,unverified,unverified
target_six_wing/ST001_20250425_112747_138_01_CDX_RHI.IQ,target_six_wing,target,six_wing_source_label,.iq,188508608,,RSTM,18,1,10,ST001,成都远望,46.862552642822266,83.09510040283203,RHI,RHI,俯仰扫描,2,2,1000,2025-04-25T11:27:47+00:00,2025-04-25T11:27:47.138000+00:00,-0.138,544,source_directory_only_unverified,unverified,unverified
target_six_wing/ST001_20250425_112753_772_01_CDX_RHI.IQ,target_six_wing,target,six_wing_source_label,.iq,300940928,,RSTM,18,1,10,ST001,成都远望,46.862552642822266,83.09510040283203,RHI,RHI,俯仰扫描,2,2,1000,2025-04-25T11:27:53+00:00,2025-04-25T11:27:53.772000+00:00,-0.772,544,source_directory_only_unverified,unverified,unverified
target_six_wing/ST001_20250425_112805_235_01_CDX_RHI.IQ,target_six_wing,target,six_wing_source_label,.iq,306019040,,RSTM,18,1,10,ST001,成都远望,46.862552642822266,83.09510040283203,RHI,RHI,俯仰扫描,2,2,1000,2025-04-25T11:28:05+00:00,2025-04-25T11:28:05.235000+00:00,-0.235,544,source_directory_only_unverified,unverified,unverified
target_six_wing/ST001_20250425_112815_690_01_CDX_RHI.IQ,target_six_wing,target,six_wing_source_label,.iq,296154848,,RSTM,18,1,10,ST001,成都远望,46.862552642822266,83.09510040283203,RHI,RHI,俯仰扫描,2,2,1000,2025-04-25T11:28:15+00:00,2025-04-25T11:28:15.690000+00:00,-0.690,544,source_directory_only_unverified,unverified,unverified
target_six_wing/ST001_20250425_112828_372_01_CDX_RHI.IQ,target_six_wing,target,six_wing_source_label,.iq,190147232,,RSTM,18,1,10,ST001,成都远望,46.862552642822266,83.09510040283203,RHI,RHI,俯仰扫描,2,2,1000,2025-04-25T11:28:28+00:00,2025-04-25T11:28:28.372000+00:00,-0.372,544,source_directory_only_unverified,unverified,unverified
target_six_wing/ST001_20250425_112835_212_01_CDX_RHI.IQ,target_six_wing,target,six_wing_source_label,.iq,296138624,,RSTM,18,1,10,ST001,成都远望,46.862552642822266,83.09510040283203,RHI,RHI,俯仰扫描,2,2,1000,2025-04-25T11:28:35+00:00,2025-04-25T11:28:35.212000+00:00,-0.212,544,source_directory_only_unverified,unverified,unverified
target_six_wing/ST001_20250425_112846_480_01_CDX_RHI.IQ,target_six_wing,target,six_wing_source_label,.iq,302514656,,RSTM,18,1,10,ST001,成都远望,46.862552642822266,83.09510040283203,RHI,RHI,俯仰扫描,2,2,1000,2025-04-25T11:28:46+00:00,2025-04-25T11:28:46.480000+00:00,-0.480,544,source_directory_only_unverified,unverified,unverified
target_six_wing/ST001_20250425_112856_727_01_CDX_RHI.IQ,target_six_wing,target,six_wing_source_label,.iq,300957152,,RSTM,18,1,10,ST001,成都远望,46.862552642822266,83.09510040283203,RHI,RHI,俯仰扫描,2,2,1000,2025-04-25T11:28:56+00:00,2025-04-25T11:28:56.727000+00:00,-0.727,544,source_directory_only_unverified,unverified,unverified
target_six_wing/ST001_20250425_112909_607_01_CDX_RHI.IQ,target_six_wing,target,six_wing_source_label,.iq,187162016,,RSTM,18,1,10,ST001,成都远望,46.862552642822266,83.09510040283203,RHI,RHI,俯仰扫描,2,2,1000,2025-04-25T11:29:09+00:00,2025-04-25T11:29:09.607000+00:00,-0.607,544,source_directory_only_unverified,unverified,unverified
target_six_wing/ST001_20250425_112916_247_01_CDX_RHI.IQ,target_six_wing,target,six_wing_source_label,.iq,300924704,,RSTM,18,1,10,ST001,成都远望,46.862552642822266,83.09510040283203,RHI,RHI,俯仰扫描,2,2,1000,2025-04-25T11:29:16+00:00,2025-04-25T11:29:16.247000+00:00,-0.247,544,source_directory_only_unverified,unverified,unverified
target_six_wing/ST001_20250425_112927_710_01_CDX_RHI.IQ,target_six_wing,target,six_wing_source_label,.iq,306051488,,RSTM,18,1,10,ST001,成都远望,46.862552642822266,83.09510040283203,RHI,RHI,俯仰扫描,2,2,1000,2025-04-25T11:29:27+00:00,2025-04-25T11:29:27.710000+00:00,-0.710,544,source_directory_only_unverified,unverified,unverified
target_six_wing/ST001_20250425_112938_168_01_CDX_RHI.IQ,target_six_wing,target,six_wing_source_label,.iq,297777248,,RSTM,18,1,10,ST001,成都远望,46.862552642822266,83.09510040283203,RHI,RHI,俯仰扫描,2,2,1000,2025-04-25T11:29:38+00:00,2025-04-25T11:29:38.168000+00:00,-0.168,544,source_directory_only_unverified,unverified,unverified
target_six_wing/ST001_20250425_112950_853_01_CDX_RHI.IQ,target_six_wing,target,six_wing_source_label,.iq,190244576,,RSTM,18,1,10,ST001,成都远望,46.862552642822266,83.09510040283203,RHI,RHI,俯仰扫描,2,2,1000,2025-04-25T11:29:50+00:00,2025-04-25T11:29:50.853000+00:00,-0.853,544,source_directory_only_unverified,unverified,unverified
target_six_wing/ST001_20250425_112957_686_01_CDX_RHI.IQ,target_six_wing,target,six_wing_source_label,.iq,294678464,,RSTM,18,1,10,ST001,成都远望,46.862552642822266,83.09510040283203,RHI,RHI,俯仰扫描,2,2,1000,2025-04-25T11:29:57+00:00,2025-04-25T11:29:57.686000+00:00,-0.686,544,source_directory_only_unverified,unverified,unverified
target_six_wing/ST001_20250425_113008_751_01_CDX_RHI.IQ,target_six_wing,target,six_wing_source_label,.iq,307673888,,RSTM,18,1,10,ST001,成都远望,46.862552642822266,83.09510040283203,RHI,RHI,俯仰扫描,2,2,1000,2025-04-25T11:30:08+00:00,2025-04-25T11:30:08.751000+00:00,-0.751,544,source_directory_only_unverified,unverified,unverified
target_six_wing/ST001_20250425_113019_206_01_CDX_RHI.IQ,target_six_wing,target,six_wing_source_label,.iq,297728576,,RSTM,18,1,10,ST001,成都远望,46.862552642822266,83.09510040283203,RHI,RHI,俯仰扫描,2,2,1000,2025-04-25T11:30:19+00:00,2025-04-25T11:30:19.206000+00:00,-0.206,544,source_directory_only_unverified,unverified,unverified
target_six_wing/ST001_20250425_113031_690_01_CDX_RHI.IQ,target_six_wing,target,six_wing_source_label,.iq,209453792,,RSTM,18,1,10,ST001,成都远望,46.862552642822266,83.09510040283203,RHI,RHI,俯仰扫描,2,2,1000,2025-04-25T11:30:31+00:00,2025-04-25T11:30:31.690000+00:00,-0.690,544,source_directory_only_unverified,unverified,unverified
target_six_wing/ST001_20250425_113039_119_01_CDX_RHI.IQ,target_six_wing,target,six_wing_source_label,.iq,297842144,,RSTM,18,1,10,ST001,成都远望,46.862552642822266,83.09510040283203,RHI,RHI,俯仰扫描,2,2,1000,2025-04-25T11:30:39+00:00,2025-04-25T11:30:39.119000+00:00,-0.119,544,source_directory_only_unverified,unverified,unverified
target_six_wing/ST001_20250425_113050_793_01_CDX_RHI.IQ,target_six_wing,target,six_wing_source_label,.iq,194835968,,RSTM,18,1,10,ST001,成都远望,46.862552642822266,83.09510040283203,RHI,RHI,俯仰扫描,2,2,1000,2025-04-25T11:30:50+00:00,2025-04-25T11:30:50.793000+00:00,-0.793,544,source_directory_only_unverified,unverified,unverified
target_six_wing/ST001_20250425_113057_618_01_CDX_RHI.IQ,target_six_wing,target,six_wing_source_label,.iq,301086944,,RSTM,18,1,10,ST001,成都远望,46.862552642822266,83.09510040283203,RHI,RHI,俯仰扫描,2,2,1000,2025-04-25T11:30:57+00:00,2025-04-25T11:30:57.618000+00:00,-0.618,544,source_directory_only_unverified,unverified,unverified
target_six_wing/ST001_20250425_113109_296_01_CDX_RHI.IQ,target_six_wing,target,six_wing_source_label,.iq,224477216,,RSTM,18,1,10,ST001,成都远望,46.862552642822266,83.09510040283203,RHI,RHI,俯仰扫描,2,2,1000,2025-04-25T11:31:09+00:00,2025-04-25T11:31:09.296000+00:00,-0.296,544,source_directory_only_unverified,unverified,unverified
target_six_wing/ST001_20250425_113117_136_01_CDX_RHI.IQ,target_six_wing,target,six_wing_source_label,.iq,286355552,,RSTM,18,1,10,ST001,成都远望,46.862552642822266,83.09510040283203,RHI,RHI,俯仰扫描,2,2,1000,2025-04-25T11:31:17+00:00,2025-04-25T11:31:17.136000+00:00,-0.136,544,source_directory_only_unverified,unverified,unverified
target_six_wing/ST001_20250425_113127_797_01_CDX_RHI.IQ,target_six_wing,target,six_wing_source_label,.iq,305662112,,RSTM,18,1,10,ST001,成都远望,46.862552642822266,83.09510040283203,RHI,RHI,俯仰扫描,2,2,1000,2025-04-25T11:31:27+00:00,2025-04-25T11:31:27.797000+00:00,-0.797,544,source_directory_only_unverified,unverified,unverified
target_six_wing/ST001_20250425_113138_091_01_CDX_RHI.IQ,target_six_wing,target,six_wing_source_label,.iq,300973376,,RSTM,18,1,10,ST001,成都远望,46.862552642822266,83.09510040283203,RHI,RHI,俯仰扫描,2,2,1000,2025-04-25T11:31:38+00:00,2025-04-25T11:31:38.091000+00:00,-0.091,544,source_directory_only_unverified,unverified,unverified
target_six_wing/ST001_20250425_113150_725_01_CDX_RHI.IQ,target_six_wing,target,six_wing_source_label,.iq,206695712,,RSTM,18,1,10,ST001,成都远望,46.862552642822266,83.09510040283203,RHI,RHI,俯仰扫描,2,2,1000,2025-04-25T11:31:50+00:00,2025-04-25T11:31:50.725000+00:00,-0.725,544,source_directory_only_unverified,unverified,unverified
target_six_wing/ST001_20250425_113157_966_01_CDX_RHI.IQ,target_six_wing,target,six_wing_source_label,.iq,301216736,,RSTM,18,1,10,ST001,成都远望,46.862552642822266,83.09510040283203,RHI,RHI,俯仰扫描,2,2,1000,2025-04-25T11:31:57+00:00,2025-04-25T11:31:57.966000+00:00,-0.966,544,source_directory_only_unverified,unverified,unverified
target_six_wing/ST001_20250425_113209_036_01_CDX_RHI.IQ,target_six_wing,target,six_wing_source_label,.iq,294435104,,RSTM,18,1,10,ST001,成都远望,46.862552642822266,83.09510040283203,RHI,RHI,俯仰扫描,2,2,1000,2025-04-25T11:32:09+00:00,2025-04-25T11:32:09.036000+00:00,-0.036,544,source_directory_only_unverified,unverified,unverified
target_six_wing/ST001_20250425_113219_128_01_CDX_RHI.IQ,target_six_wing,target,six_wing_source_label,.iq,294662240,,RSTM,18,1,10,ST001,成都远望,46.862552642822266,83.09510040283203,RHI,RHI,俯仰扫描,2,2,1000,2025-04-25T11:32:19+00:00,2025-04-25T11:32:19.128000+00:00,-0.128,544,source_directory_only_unverified,unverified,unverified
target_six_wing/ST001_20250425_113231_761_01_CDX_RHI.IQ,target_six_wing,target,six_wing_source_label,.iq,200043872,,RSTM,18,1,10,ST001,成都远望,46.862552642822266,83.09510040283203,RHI,RHI,俯仰扫描,2,2,1000,2025-04-25T11:32:31+00:00,2025-04-25T11:32:31.761000+00:00,-0.761,544,source_directory_only_unverified,unverified,unverified
target_six_wing/ST001_20250425_113238_798_01_CDX_RHI.IQ,target_six_wing,target,six_wing_source_label,.iq,300859808,,RSTM,18,1,10,ST001,成都远望,46.862552642822266,83.09510040283203,RHI,RHI,俯仰扫描,2,2,1000,2025-04-25T11:32:38+00:00,2025-04-25T11:32:38.798000+00:00,-0.798,544,source_directory_only_unverified,unverified,unverified
target_six_wing/ST001_20250425_113250_059_01_CDX_RHI.IQ,target_six_wing,target,six_wing_source_label,.iq,305921696,,RSTM,18,1,10,ST001,成都远望,46.862552642822266,83.09510040283203,RHI,RHI,俯仰扫描,2,2,1000,2025-04-25T11:32:50+00:00,2025-04-25T11:32:50.059000+00:00,-0.059,544,source_directory_only_unverified,unverified,unverified
target_six_wing/ST001_20250425_113300_355_01_CDX_RHI.IQ,target_six_wing,target,six_wing_source_label,.iq,299626784,,RSTM,18,1,10,ST001,成都远望,46.862552642822266,83.09510040283203,RHI,RHI,俯仰扫描,2,2,1000,2025-04-25T11:33:00+00:00,2025-04-25T11:33:00.355000+00:00,-0.355,544,source_directory_only_unverified,unverified,unverified
target_six_wing/ST001_20250425_113313_247_01_CDX_RHI.IQ,target_six_wing,target,six_wing_source_label,.iq,189076448,,RSTM,18,1,10,ST001,成都远望,46.862552642822266,83.09510040283203,RHI,RHI,俯仰扫描,2,2,1000,2025-04-25T11:33:13+00:00,2025-04-25T11:33:13.247000+00:00,-0.247,544,source_directory_only_unverified,unverified,unverified
target_six_wing/ST001_20250425_113319_843_01_CDX_RHI.IQ,target_six_wing,target,six_wing_source_label,.iq,302774240,,RSTM,18,1,10,ST001,成都远望,46.862552642822266,83.09510040283203,RHI,RHI,俯仰扫描,2,2,1000,2025-04-25T11:33:19+00:00,2025-04-25T11:33:19.843000+00:00,-0.843,544,source_directory_only_unverified,unverified,unverified
target_six_wing/ST001_20250425_113331_110_01_CDX_RHI.IQ,target_six_wing,target,six_wing_source_label,.iq,304266848,,RSTM,18,1,10,ST001,成都远望,46.862552642822266,83.09510040283203,RHI,RHI,俯仰扫描,2,2,1000,2025-04-25T11:33:31+00:00,2025-04-25T11:33:31.110000+00:00,-0.110,544,source_directory_only_unverified,unverified,unverified
target_six_wing/ST001_20250425_113341_359_01_CDX_RHI.IQ,target_six_wing,target,six_wing_source_label,.iq,302806688,,RSTM,18,1,10,ST001,成都远望,46.862552642822266,83.09510040283203,RHI,RHI,俯仰扫描,2,2,1000,2025-04-25T11:33:41+00:00,2025-04-25T11:33:41.359000+00:00,-0.359,544,source_directory_only_unverified,unverified,unverified
target_six_wing/ST001_20250425_113354_257_01_CDX_RHI.IQ,target_six_wing,target,six_wing_source_label,.iq,199978976,,RSTM,18,1,10,ST001,成都远望,46.862552642822266,83.09510040283203,RHI,RHI,俯仰扫描,2,2,1000,2025-04-25T11:33:54+00:00,2025-04-25T11:33:54.257000+00:00,-0.257,544,source_directory_only_unverified,unverified,unverified
target_six_wing/ST001_20250425_113401_345_01_CDX_RHI.IQ,target_six_wing,target,six_wing_source_label,.iq,301249184,,RSTM,18,1,10,ST001,成都远望,46.862552642822266,83.09510040283203,RHI,RHI,俯仰扫描,2,2,1000,2025-04-25T11:34:01+00:00,2025-04-25T11:34:01.345000+00:00,-0.345,544,source_directory_only_unverified,unverified,unverified
target_six_wing/ST001_20250425_113412_977_01_CDX_RHI.IQ,target_six_wing,target,six_wing_source_label,.iq,304331744,,RSTM,18,1,10,ST001,成都远望,46.862552642822266,83.09510040283203,RHI,RHI,俯仰扫描,2,2,1000,2025-04-25T11:34:12+00:00,2025-04-25T11:34:12.977000+00:00,-0.977,544,source_directory_only_unverified,unverified,unverified
target_six_wing/ST001_20250425_113423_279_01_CDX_RHI.IQ,target_six_wing,target,six_wing_source_label,.iq,299496992,,RSTM,18,1,10,ST001,成都远望,46.862552642822266,83.09510040283203,RHI,RHI,俯仰扫描,2,2,1000,2025-04-25T11:34:23+00:00,2025-04-25T11:34:23.279000+00:00,-0.279,544,source_directory_only_unverified,unverified,unverified
target_six_wing/ST001_20250425_113435_915_01_CDX_RHI.IQ,target_six_wing,target,six_wing_source_label,.iq,209891840,,RSTM,18,1,10,ST001,成都远望,46.862552642822266,83.09510040283203,RHI,RHI,俯仰扫描,2,2,1000,2025-04-25T11:34:35+00:00,2025-04-25T11:34:35.915000+00:00,-0.915,544,source_directory_only_unverified,unverified,unverified
target_six_wing/ST001_20250425_113443_154_01_CDX_RHI.IQ,target_six_wing,target,six_wing_source_label,.iq,300989600,,RSTM,18,1,10,ST001,成都远望,46.862552642822266,83.09510040283203,RHI,RHI,俯仰扫描,2,2,1000,2025-04-25T11:34:43+00:00,2025-04-25T11:34:43.154000+00:00,-0.154,544,source_directory_only_unverified,unverified,unverified
target_six_wing/ST001_20250425_113454_623_01_CDX_RHI.IQ,target_six_wing,target,six_wing_source_label,.iq,306019040,,RSTM,18,1,10,ST001,成都远望,46.862552642822266,83.09510040283203,RHI,RHI,俯仰扫描,2,2,1000,2025-04-25T11:34:54+00:00,2025-04-25T11:34:54.623000+00:00,-0.623,544,source_directory_only_unverified,unverified,unverified
target_six_wing/ST001_20250425_113504_879_01_CDX_RHI.IQ,target_six_wing,target,six_wing_source_label,.iq,301135616,,RSTM,18,1,10,ST001,成都远望,46.862552642822266,83.09510040283203,RHI,RHI,俯仰扫描,2,2,1000,2025-04-25T11:35:04+00:00,2025-04-25T11:35:04.879000+00:00,-0.879,544,source_directory_only_unverified,unverified,unverified
target_six_wing/ST001_20250425_113517_770_01_CDX_RHI.IQ,target_six_wing,target,six_wing_source_label,.iq,203142656,,RSTM,18,1,10,ST001,成都远望,46.862552642822266,83.09510040283203,RHI,RHI,俯仰扫描,2,2,1000,2025-04-25T11:35:17+00:00,2025-04-25T11:35:17.770000+00:00,-0.770,544,source_directory_only_unverified,unverified,unverified
target_six_wing/ST001_20250425_113525_003_01_CDX_RHI.IQ,target_six_wing,target,six_wing_source_label,.iq,298004384,,RSTM,18,1,10,ST001,成都远望,46.862552642822266,83.09510040283203,RHI,RHI,俯仰扫描,2,2,1000,2025-04-25T11:35:25+00:00,2025-04-25T11:35:25.003000+00:00,-0.003,544,source_directory_only_unverified,unverified,unverified
target_six_wing/ST001_20250425_113536_076_01_CDX_RHI.IQ,target_six_wing,target,six_wing_source_label,.iq,301103168,,RSTM,18,1,10,ST001,成都远望,46.862552642822266,83.09510040283203,RHI,RHI,俯仰扫描,2,2,1000,2025-04-25T11:35:36+00:00,2025-04-25T11:35:36.076000+00:00,-0.076,544,source_directory_only_unverified,unverified,unverified
target_six_wing/ST001_20250425_113546_330_01_CDX_RHI.IQ,target_six_wing,target,six_wing_source_label,.iq,307690112,,RSTM,18,1,10,ST001,成都远望,46.862552642822266,83.09510040283203,RHI,RHI,俯仰扫描,2,2,1000,2025-04-25T11:35:46+00:00,2025-04-25T11:35:46.330000+00:00,-0.330,544,source_directory_only_unverified,unverified,unverified
target_six_wing/ST001_20250425_113559_210_01_CDX_RHI.IQ,target_six_wing,target,six_wing_source_label,.iq,198470144,,RSTM,18,1,10,ST001,成都远望,46.862552642822266,83.09510040283203,RHI,RHI,俯仰扫描,2,2,1000,2025-04-25T11:35:59+00:00,2025-04-25T11:35:59.210000+00:00,-0.210,544,source_directory_only_unverified,unverified,unverified
target_six_wing/ST001_20250425_113606_251_01_CDX_RHI.IQ,target_six_wing,target,six_wing_source_label,.iq,299432096,,RSTM,18,1,10,ST001,成都远望,46.862552642822266,83.09510040283203,RHI,RHI,俯仰扫描,2,2,1000,2025-04-25T11:36:06+00:00,2025-04-25T11:36:06.251000+00:00,-0.251,544,source_directory_only_unverified,unverified,unverified
target_six_wing/ST001_20250425_113617_720_01_CDX_RHI.IQ,target_six_wing,target,six_wing_source_label,.iq,306083936,,RSTM,18,1,10,ST001,成都远望,46.862552642822266,83.09510040283203,RHI,RHI,俯仰扫描,2,2,1000,2025-04-25T11:36:17+00:00,2025-04-25T11:36:17.720000+00:00,-0.720,544,source_directory_only_unverified,unverified,unverified
target_six_wing/ST001_20250425_113627_976_01_CDX_RHI.IQ,target_six_wing,target,six_wing_source_label,.iq,302676896,,RSTM,18,1,10,ST001,成都远望,46.862552642822266,83.09510040283203,RHI,RHI,俯仰扫描,2,2,1000,2025-04-25T11:36:27+00:00,2025-04-25T11:36:27.976000+00:00,-0.976,544,source_directory_only_unverified,unverified,unverified
target_six_wing/ST001_20250425_113640_655_01_CDX_RHI.IQ,target_six_wing,target,six_wing_source_label,.iq,206598368,,RSTM,18,1,10,ST001,成都远望,46.862552642822266,83.09510040283203,RHI,RHI,俯仰扫描,2,2,1000,2025-04-25T11:36:40+00:00,2025-04-25T11:36:40.655000+00:00,-0.655,544,source_directory_only_unverified,unverified,unverified
target_six_wing/ST001_20250425_113647_898_01_CDX_RHI.IQ,target_six_wing,target,six_wing_source_label,.iq,299496992,,RSTM,18,1,10,ST001,成都远望,46.862552642822266,83.09510040283203,RHI,RHI,俯仰扫描,2,2,1000,2025-04-25T11:36:47+00:00,2025-04-25T11:36:47.898000+00:00,-0.898,544,source_directory_only_unverified,unverified,unverified
target_six_wing/ST001_20250425_113658_965_01_CDX_RHI.IQ,target_six_wing,target,six_wing_source_label,.iq,302644448,,RSTM,18,1,10,ST001,成都远望,46.862552642822266,83.09510040283203,RHI,RHI,俯仰扫描,2,2,1000,2025-04-25T11:36:58+00:00,2025-04-25T11:36:58.965000+00:00,-0.965,544,source_directory_only_unverified,unverified,unverified
target_six_wing/ST001_20250425_113709_218_01_CDX_RHI.IQ,target_six_wing,target,six_wing_source_label,.iq,299399648,,RSTM,18,1,10,ST001,成都远望,46.862552642822266,83.09510040283203,RHI,RHI,俯仰扫描,2,2,1000,2025-04-25T11:37:09+00:00,2025-04-25T11:37:09.218000+00:00,-0.218,544,source_directory_only_unverified,unverified,unverified
target_six_wing/ST001_20250425_113721_894_01_CDX_RHI.IQ,target_six_wing,target,six_wing_source_label,.iq,205105760,,RSTM,18,1,10,ST001,成都远望,46.862552642822266,83.09510040283203,RHI,RHI,俯仰扫描,2,2,1000,2025-04-25T11:37:21+00:00,2025-04-25T11:37:21.894000+00:00,-0.894,544,source_directory_only_unverified,unverified,unverified
target_six_wing/ST001_20250425_113729_142_01_CDX_RHI.IQ,target_six_wing,target,six_wing_source_label,.iq,299496992,,RSTM,18,1,10,ST001,成都远望,46.862552642822266,83.09510040283203,RHI,RHI,俯仰扫描,2,2,1000,2025-04-25T11:37:29+00:00,2025-04-25T11:37:29.142000+00:00,-0.142,544,source_directory_only_unverified,unverified,unverified
target_six_wing/ST001_20250425_113740_203_01_CDX_RHI.IQ,target_six_wing,target,six_wing_source_label,.iq,304656224,,RSTM,18,1,10,ST001,成都远望,46.862552642822266,83.09510040283203,RHI,RHI,俯仰扫描,2,2,1000,2025-04-25T11:37:40+00:00,2025-04-25T11:37:40.203000+00:00,-0.203,544,source_directory_only_unverified,unverified,unverified
target_six_wing/ST001_20250425_113750_464_01_CDX_RHI.IQ,target_six_wing,target,six_wing_source_label,.iq,301168064,,RSTM,18,1,10,ST001,成都远望,46.862552642822266,83.09510040283203,RHI,RHI,俯仰扫描,2,2,1000,2025-04-25T11:37:50+00:00,2025-04-25T11:37:50.464000+00:00,-0.464,544,source_directory_only_unverified,unverified,unverified
target_six_wing/ST001_20250425_113803_143_01_CDX_RHI.IQ,target_six_wing,target,six_wing_source_label,.iq,211676480,,RSTM,18,1,10,ST001,成都远望,46.862552642822266,83.09510040283203,RHI,RHI,俯仰扫描,2,2,1000,2025-04-25T11:38:03+00:00,2025-04-25T11:38:03.143000+00:00,-0.143,544,source_directory_only_unverified,unverified,unverified
target_six_wing/ST001_20250425_113810_591_01_CDX_RHI.IQ,target_six_wing,target,six_wing_source_label,.iq,294629792,,RSTM,18,1,10,ST001,成都远望,46.862552642822266,83.09510040283203,RHI,RHI,俯仰扫描,2,2,1000,2025-04-25T11:38:10+00:00,2025-04-25T11:38:10.591000+00:00,-0.591,544,source_directory_only_unverified,unverified,unverified
target_six_wing/ST001_20250425_113821_456_01_CDX_RHI.IQ,target_six_wing,target,six_wing_source_label,.iq,302612000,,RSTM,18,1,10,ST001,成都远望,46.862552642822266,83.09510040283203,RHI,RHI,俯仰扫描,2,2,1000,2025-04-25T11:38:21+00:00,2025-04-25T11:38:21.456000+00:00,-0.456,544,source_directory_only_unverified,unverified,unverified
target_six_wing/ST001_20250425_113831_707_01_CDX_RHI.IQ,target_six_wing,target,six_wing_source_label,.iq,302579552,,RSTM,18,1,10,ST001,成都远望,46.862552642822266,83.09510040283203,RHI,RHI,俯仰扫描,2,2,1000,2025-04-25T11:38:31+00:00,2025-04-25T11:38:31.707000+00:00,-0.707,544,source_directory_only_unverified,unverified,unverified
target_six_wing/ST001_20250425_113844_384_01_CDX_RHI.IQ,target_six_wing,target,six_wing_source_label,.iq,201422912,,RSTM,18,1,10,ST001,成都远望,46.862552642822266,83.09510040283203,RHI,RHI,俯仰扫描,2,2,1000,2025-04-25T11:38:44+00:00,2025-04-25T11:38:44.384000+00:00,-0.384,544,source_directory_only_unverified,unverified,unverified
target_six_wing/ST001_20250425_113851_413_01_CDX_RHI.IQ,target_six_wing,target,six_wing_source_label,.iq,302790464,,RSTM,18,1,10,ST001,成都远望,46.862552642822266,83.09510040283203,RHI,RHI,俯仰扫描,2,2,1000,2025-04-25T11:38:51+00:00,2025-04-25T11:38:51.413000+00:00,-0.413,544,source_directory_only_unverified,unverified,unverified
target_six_wing/ST001_20250425_113902_684_01_CDX_RHI.IQ,target_six_wing,target,six_wing_source_label,.iq,306116384,,RSTM,18,1,10,ST001,成都远望,46.862552642822266,83.09510040283203,RHI,RHI,俯仰扫描,2,2,1000,2025-04-25T11:39:02+00:00,2025-04-25T11:39:02.684000+00:00,-0.684,544,source_directory_only_unverified,unverified,unverified
target_six_wing/ST001_20250425_113912_943_01_CDX_RHI.IQ,target_six_wing,target,six_wing_source_label,.iq,301022048,,RSTM,18,1,10,ST001,成都远望,46.862552642822266,83.09510040283203,RHI,RHI,俯仰扫描,2,2,1000,2025-04-25T11:39:12+00:00,2025-04-25T11:39:12.943000+00:00,-0.943,544,source_directory_only_unverified,unverified,unverified
target_six_wing/ST001_20250425_113925_627_01_CDX_RHI.IQ,target_six_wing,target,six_wing_source_label,.iq,203061536,,RSTM,18,1,10,ST001,成都远望,46.862552642822266,83.09510040283203,RHI,RHI,俯仰扫描,2,2,1000,2025-04-25T11:39:25+00:00,2025-04-25T11:39:25.627000+00:00,-0.627,544,source_directory_only_unverified,unverified,unverified
target_six_wing/ST001_20250425_113932_858_01_CDX_RHI.IQ,target_six_wing,target,six_wing_source_label,.iq,299561888,,RSTM,18,1,10,ST001,成都远望,46.862552642822266,83.09510040283203,RHI,RHI,俯仰扫描,2,2,1000,2025-04-25T11:39:32+00:00,2025-04-25T11:39:32.858000+00:00,-0.858,544,source_directory_only_unverified,unverified,unverified
target_six_wing/ST001_20250425_113944_538_01_CDX_RHI.IQ,target_six_wing,target,six_wing_source_label,.iq,304201952,,RSTM,18,1,10,ST001,成都远望,46.862552642822266,83.09510040283203,RHI,RHI,俯仰扫描,2,2,1000,2025-04-25T11:39:44+00:00,2025-04-25T11:39:44.538000+00:00,-0.538,544,source_directory_only_unverified,unverified,unverified
target_six_wing/ST001_20250425_113954_782_01_CDX_RHI.IQ,target_six_wing,target,six_wing_source_label,.iq,299561888,,RSTM,18,1,10,ST001,成都远望,46.862552642822266,83.09510040283203,RHI,RHI,俯仰扫描,2,2,1000,2025-04-25T11:39:54+00:00,2025-04-25T11:39:54.782000+00:00,-0.782,544,source_directory_only_unverified,unverified,unverified
target_six_wing/ST001_20250425_114007_471_01_CDX_RHI.IQ,target_six_wing,target,six_wing_source_label,.iq,204975968,,RSTM,18,1,10,ST001,成都远望,46.862552642822266,83.09510040283203,RHI,RHI,俯仰扫描,2,2,1000,2025-04-25T11:40:07+00:00,2025-04-25T11:40:07.471000+00:00,-0.471,544,source_directory_only_unverified,unverified,unverified
target_six_wing/ST001_20250425_114014_712_01_CDX_RHI.IQ,target_six_wing,target,six_wing_source_label,.iq,297777248,,RSTM,18,1,10,ST001,成都远望,46.862552642822266,83.09510040283203,RHI,RHI,俯仰扫描,2,2,1000,2025-04-25T11:40:14+00:00,2025-04-25T11:40:14.712000+00:00,-0.712,544,source_directory_only_unverified,unverified,unverified
target_six_wing/ST001_20250425_114026_386_01_CDX_RHI.IQ,target_six_wing,target,six_wing_source_label,.iq,193456928,,RSTM,18,1,10,ST001,成都远望,46.862552642822266,83.09510040283203,RHI,RHI,俯仰扫描,2,2,1000,2025-04-25T11:40:26+00:00,2025-04-25T11:40:26.386000+00:00,-0.386,544,source_directory_only_unverified,unverified,unverified
target_six_wing/ST001_20250425_114033_220_01_CDX_RHI.IQ,target_six_wing,target,six_wing_source_label,.iq,302806688,,RSTM,18,1,10,ST001,成都远望,46.862552642822266,83.09510040283203,RHI,RHI,俯仰扫描,2,2,1000,2025-04-25T11:40:33+00:00,2025-04-25T11:40:33.220000+00:00,-0.220,544,source_directory_only_unverified,unverified,unverified
target_six_wing/ST001_20250425_114045_104_01_CDX_RHI.IQ,target_six_wing,target,six_wing_source_label,.iq,196555712,,RSTM,18,1,10,ST001,成都远望,46.862552642822266,83.09510040283203,RHI,RHI,俯仰扫描,2,2,1000,2025-04-25T11:40:45+00:00,2025-04-25T11:40:45.104000+00:00,-0.104,544,source_directory_only_unverified,unverified,unverified
target_six_wing/ST001_20250425_114052_134_01_CDX_RHI.IQ,target_six_wing,target,six_wing_source_label,.iq,296219744,,RSTM,18,1,10,ST001,成都远望,46.862552642822266,83.09510040283203,RHI,RHI,俯仰扫描,2,2,1000,2025-04-25T11:40:52+00:00,2025-04-25T11:40:52.134000+00:00,-0.134,544,source_directory_only_unverified,unverified,unverified
target_six_wing/ST001_20250425_114104_419_01_CDX_RHI.IQ,target_six_wing,target,six_wing_source_label,.iq,304331744,,RSTM,18,1,10,ST001,成都远望,46.862552642822266,83.09510040283203,RHI,RHI,俯仰扫描,2,2,1000,2025-04-25T11:41:04+00:00,2025-04-25T11:41:04.419000+00:00,-0.419,544,source_directory_only_unverified,unverified,unverified
target_six_wing/ST001_20250425_114114_672_01_CDX_RHI.IQ,target_six_wing,target,six_wing_source_label,.iq,301135616,,RSTM,18,1,10,ST001,成都远望,46.862552642822266,83.09510040283203,RHI,RHI,俯仰扫描,2,2,1000,2025-04-25T11:41:14+00:00,2025-04-25T11:41:14.672000+00:00,-0.672,544,source_directory_only_unverified,unverified,unverified
target_six_wing/ST001_20250425_114127_558_01_CDX_RHI.IQ,target_six_wing,target,six_wing_source_label,.iq,203369792,,RSTM,18,1,10,ST001,成都远望,46.862552642822266,83.09510040283203,RHI,RHI,俯仰扫描,2,2,1000,2025-04-25T11:41:27+00:00,2025-04-25T11:41:27.558000+00:00,-0.558,544,source_directory_only_unverified,unverified,unverified
target_six_wing/ST001_20250425_114134_801_01_CDX_RHI.IQ,target_six_wing,target,six_wing_source_label,.iq,43871648,,RSTM,18,1,10,ST001,成都远望,46.862552642822266,83.09510040283203,RHI,RHI,俯仰扫描,2,2,1000,2025-04-25T11:41:34+00:00,2025-04-25T11:41:34.801000+00:00,-0.801,544,source_directory_only_unverified,unverified,unverified
target_small_satellite/ST001_20250425_125633_331_01_CDX_RHI.IQ,target_small_satellite,target,small_satellite_source_label,.iq,299448320,,RSTM,18,1,10,ST001,成都远望,46.862552642822266,83.09510040283203,RHI,RHI,俯仰扫描,2,2,1000,2025-04-25T12:56:33+00:00,2025-04-25T12:56:33.331000+00:00,-0.331,544,source_directory_only_unverified,unverified,unverified
target_small_satellite/ST001_20250425_125643_446_01_CDX_RHI.IQ,target_small_satellite,target,small_satellite_source_label,.iq,300340640,,RSTM,18,1,10,ST001,成都远望,46.862552642822266,83.09510040283203,RHI,RHI,俯仰扫描,2,2,1000,2025-04-25T12:56:43+00:00,2025-04-25T12:56:43.446000+00:00,-0.446,544,source_directory_only_unverified,unverified,unverified
target_small_satellite/ST001_20250425_125653_742_01_CDX_RHI.IQ,target_small_satellite,target,small_satellite_source_label,.iq,292374656,,RSTM,18,1,10,ST001,成都远望,46.862552642822266,83.09510040283203,RHI,RHI,俯仰扫描,2,2,1000,2025-04-25T12:56:53+00:00,2025-04-25T12:56:53.742000+00:00,-0.742,544,source_directory_only_unverified,unverified,unverified
target_small_satellite/ST001_20250425_125703_803_01_CDX_RHI.IQ,target_small_satellite,target,small_satellite_source_label,.iq,295668128,,RSTM,18,1,10,ST001,成都远望,46.862552642822266,83.09510040283203,RHI,RHI,俯仰扫描,2,2,1000,2025-04-25T12:57:03+00:00,2025-04-25T12:57:03.803000+00:00,-0.803,544,source_directory_only_unverified,unverified,unverified
target_small_satellite/ST001_20250425_125713_785_01_CDX_RHI.IQ,target_small_satellite,target,small_satellite_source_label,.iq,295148960,,RSTM,18,1,10,ST001,成都远望,46.862552642822266,83.09510040283203,RHI,RHI,俯仰扫描,2,2,1000,2025-04-25T12:57:13+00:00,2025-04-25T12:57:13.785000+00:00,-0.785,544,source_directory_only_unverified,unverified,unverified
target_small_satellite/ST001_20250425_125723_850_01_CDX_RHI.IQ,target_small_satellite,target,small_satellite_source_label,.iq,297095840,,RSTM,18,1,10,ST001,成都远望,46.862552642822266,83.09510040283203,RHI,RHI,俯仰扫描,2,2,1000,2025-04-25T12:57:23+00:00,2025-04-25T12:57:23.850000+00:00,-0.850,544,source_directory_only_unverified,unverified,unverified
target_small_satellite/ST001_20250425_125733_889_01_CDX_RHI.IQ,target_small_satellite,target,small_satellite_source_label,.iq,296495552,,RSTM,18,1,10,ST001,成都远望,46.862552642822266,83.09510040283203,RHI,RHI,俯仰扫描,2,2,1000,2025-04-25T12:57:33+00:00,2025-04-25T12:57:33.889000+00:00,-0.889,544,source_directory_only_unverified,unverified,unverified
target_small_satellite/ST001_20250425_125744_091_01_CDX_RHI.IQ,target_small_satellite,target,small_satellite_source_label,.iq,298442432,,RSTM,18,1,10,ST001,成都远望,46.862552642822266,83.09510040283203,RHI,RHI,俯仰扫描,2,2,1000,2025-04-25T12:57:44+00:00,2025-04-25T12:57:44.091000+00:00,-0.091,544,source_directory_only_unverified,unverified,unverified
target_small_satellite/ST001_20250425_125754_201_01_CDX_RHI.IQ,target_small_satellite,target,small_satellite_source_label,.iq,293331872,,RSTM,18,1,10,ST001,成都远望,46.862552642822266,83.09510040283203,RHI,RHI,俯仰扫描,2,2,1000,2025-04-25T12:57:54+00:00,2025-04-25T12:57:54.201000+00:00,-0.201,544,source_directory_only_unverified,unverified,unverified
target_small_satellite/ST001_20250425_125804_213_01_CDX_RHI.IQ,target_small_satellite,target,small_satellite_source_label,.iq,298556000,,RSTM,18,1,10,ST001,成都远望,46.862552642822266,83.09510040283203,RHI,RHI,俯仰扫描,2,2,1000,2025-04-25T12:58:04+00:00,2025-04-25T12:58:04.213000+00:00,-0.213,544,source_directory_only_unverified,unverified,unverified
target_small_satellite/ST001_20250425_125814_293_01_CDX_RHI.IQ,target_small_satellite,target,small_satellite_source_label,.iq,294483776,,RSTM,18,1,10,ST001,成都远望,46.862552642822266,83.09510040283203,RHI,RHI,俯仰扫描,2,2,1000,2025-04-25T12:58:14+00:00,2025-04-25T12:58:14.293000+00:00,-0.293,544,source_directory_only_unverified,unverified,unverified
target_small_satellite/ST001_20250425_125824_348_01_CDX_RHI.IQ,target_small_satellite,target,small_satellite_source_label,.iq,298588448,,RSTM,18,1,10,ST001,成都远望,46.862552642822266,83.09510040283203,RHI,RHI,俯仰扫描,2,2,1000,2025-04-25T12:58:24+00:00,2025-04-25T12:58:24.348000+00:00,-0.348,544,source_directory_only_unverified,unverified,unverified
target_small_satellite/ST001_20250425_125834_694_01_CDX_RHI.IQ,target_small_satellite,target,small_satellite_source_label,.iq,289081184,,RSTM,18,1,10,ST001,成都远望,46.862552642822266,83.09510040283203,RHI,RHI,俯仰扫描,2,2,1000,2025-04-25T12:58:34+00:00,2025-04-25T12:58:34.694000+00:00,-0.694,544,source_directory_only_unverified,unverified,unverified
target_small_satellite/ST001_20250425_125844_702_01_CDX_RHI.IQ,target_small_satellite,target,small_satellite_source_label,.iq,297274304,,RSTM,18,1,10,ST001,成都远望,46.862552642822266,83.09510040283203,RHI,RHI,俯仰扫描,2,2,1000,2025-04-25T12:58:44+00:00,2025-04-25T12:58:44.702000+00:00,-0.702,544,source_directory_only_unverified,unverified,unverified
target_small_satellite/ST001_20250425_125854_859_01_CDX_RHI.IQ,target_small_satellite,target,small_satellite_source_label,.iq,291952832,,RSTM,18,1,10,ST001,成都远望,46.862552642822266,83.09510040283203,RHI,RHI,俯仰扫描,2,2,1000,2025-04-25T12:58:54+00:00,2025-04-25T12:58:54.859000+00:00,-0.859,544,source_directory_only_unverified,unverified,unverified
target_small_satellite/ST001_20250425_125904_837_01_CDX_RHI.IQ,target_small_satellite,target,small_satellite_source_label,.iq,296771360,,RSTM,18,1,10,ST001,成都远望,46.862552642822266,83.09510040283203,RHI,RHI,俯仰扫描,2,2,1000,2025-04-25T12:59:04+00:00,2025-04-25T12:59:04.837000+00:00,-0.837,544,source_directory_only_unverified,unverified,unverified
target_small_satellite/ST001_20250425_125914_926_01_CDX_RHI.IQ,target_small_satellite,target,small_satellite_source_label,.iq,293412992,,RSTM,18,1,10,ST001,成都远望,46.862552642822266,83.09510040283203,RHI,RHI,俯仰扫描,2,2,1000,2025-04-25T12:59:14+00:00,2025-04-25T12:59:14.926000+00:00,-0.926,544,source_directory_only_unverified,unverified,unverified
target_small_satellite/ST001_20250425_125924_867_01_CDX_RHI.IQ,target_small_satellite,target,small_satellite_source_label,.iq,297533888,,RSTM,18,1,10,ST001,成都远望,46.862552642822266,83.09510040283203,RHI,RHI,俯仰扫描,2,2,1000,2025-04-25T12:59:24+00:00,2025-04-25T12:59:24.867000+00:00,-0.867,544,source_directory_only_unverified,unverified,unverified
target_small_satellite/ST001_20250425_125935_043_01_CDX_RHI.IQ,target_small_satellite,target,small_satellite_source_label,.iq,293591456,,RSTM,18,1,10,ST001,成都远望,46.862552642822266,83.09510040283203,RHI,RHI,俯仰扫描,2,2,1000,2025-04-25T12:59:35+00:00,2025-04-25T12:59:35.043000+00:00,-0.043,544,source_directory_only_unverified,unverified,unverified
target_small_satellite/ST001_20250425_125945_107_01_CDX_RHI.IQ,target_small_satellite,target,small_satellite_source_label,.iq,297485216,,RSTM,18,1,10,ST001,成都远望,46.862552642822266,83.09510040283203,RHI,RHI,俯仰扫描,2,2,1000,2025-04-25T12:59:45+00:00,2025-04-25T12:59:45.107000+00:00,-0.107,544,source_directory_only_unverified,unverified,unverified
target_small_satellite/ST001_20250425_125955_148_01_CDX_RHI.IQ,target_small_satellite,target,small_satellite_source_label,.iq,297809696,,RSTM,18,1,10,ST001,成都远望,46.862552642822266,83.09510040283203,RHI,RHI,俯仰扫描,2,2,1000,2025-04-25T12:59:55+00:00,2025-04-25T12:59:55.148000+00:00,-0.148,544,source_directory_only_unverified,unverified,unverified
target_small_satellite/ST001_20250425_130005_059_01_CDX_RHI.IQ,target_small_satellite,target,small_satellite_source_label,.iq,299513216,,RSTM,18,1,10,ST001,成都远望,46.862552642822266,83.09510040283203,RHI,RHI,俯仰扫描,2,2,1000,2025-04-25T13:00:05+00:00,2025-04-25T13:00:05.059000+00:00,-0.059,544,source_directory_only_unverified,unverified,unverified
target_small_satellite/ST001_20250425_130015_321_01_CDX_RHI.IQ,target_small_satellite,target,small_satellite_source_label,.iq,297468992,,RSTM,18,1,10,ST001,成都远望,46.862552642822266,83.09510040283203,RHI,RHI,俯仰扫描,2,2,1000,2025-04-25T13:00:15+00:00,2025-04-25T13:00:15.321000+00:00,-0.321,544,source_directory_only_unverified,unverified,unverified
target_small_satellite/ST001_20250425_130025_380_01_CDX_RHI.IQ,target_small_satellite,target,small_satellite_source_label,.iq,298036832,,RSTM,18,1,10,ST001,成都远望,46.862552642822266,83.09510040283203,RHI,RHI,俯仰扫描,2,2,1000,2025-04-25T13:00:25+00:00,2025-04-25T13:00:25.380000+00:00,-0.380,544,source_directory_only_unverified,unverified,unverified
target_small_satellite/ST001_20250425_130035_520_01_CDX_RHI.IQ,target_small_satellite,target,small_satellite_source_label,.iq,296430656,,RSTM,18,1,10,ST001,成都远望,46.862552642822266,83.09510040283203,RHI,RHI,俯仰扫描,2,2,1000,2025-04-25T13:00:35+00:00,2025-04-25T13:00:35.520000+00:00,-0.520,544,source_directory_only_unverified,unverified,unverified
target_small_satellite/ST001_20250425_130045_632_01_CDX_RHI.IQ,target_small_satellite,target,small_satellite_source_label,.iq,298831808,,RSTM,18,1,10,ST001,成都远望,46.862552642822266,83.09510040283203,RHI,RHI,俯仰扫描,2,2,1000,2025-04-25T13:00:45+00:00,2025-04-25T13:00:45.632000+00:00,-0.632,544,source_directory_only_unverified,unverified,unverified
target_small_satellite/ST001_20250425_130055_716_01_CDX_RHI.IQ,target_small_satellite,target,small_satellite_source_label,.iq,296706464,,RSTM,18,1,10,ST001,成都远望,46.862552642822266,83.09510040283203,RHI,RHI,俯仰扫描,2,2,1000,2025-04-25T13:00:55+00:00,2025-04-25T13:00:55.716000+00:00,-0.716,544,source_directory_only_unverified,unverified,unverified
target_small_satellite/ST001_20250425_130105_882_01_CDX_RHI.IQ,target_small_satellite,target,small_satellite_source_label,.iq,293964608,,RSTM,18,1,10,ST001,成都远望,46.862552642822266,83.09510040283203,RHI,RHI,俯仰扫描,2,2,1000,2025-04-25T13:01:05+00:00,2025-04-25T13:01:05.882000+00:00,-0.882,544,source_directory_only_unverified,unverified,unverified
target_small_satellite/ST001_20250425_130115_853_01_CDX_RHI.IQ,target_small_satellite,target,small_satellite_source_label,.iq,295116512,,RSTM,18,1,10,ST001,成都远望,46.862552642822266,83.09510040283203,RHI,RHI,俯仰扫描,2,2,1000,2025-04-25T13:01:15+00:00,2025-04-25T13:01:15.853000+00:00,-0.853,544,source_directory_only_unverified,unverified,unverified
target_small_satellite/ST001_20250425_130125_922_01_CDX_RHI.IQ,target_small_satellite,target,small_satellite_source_label,.iq,300730016,,RSTM,18,1,10,ST001,成都远望,46.862552642822266,83.09510040283203,RHI,RHI,俯仰扫描,2,2,1000,2025-04-25T13:01:25+00:00,2025-04-25T13:01:25.922000+00:00,-0.922,544,source_directory_only_unverified,unverified,unverified
target_small_satellite/ST001_20250425_130136_081_01_CDX_RHI.IQ,target_small_satellite,target,small_satellite_source_label,.iq,295684352,,RSTM,18,1,10,ST001,成都远望,46.862552642822266,83.09510040283203,RHI,RHI,俯仰扫描,2,2,1000,2025-04-25T13:01:36+00:00,2025-04-25T13:01:36.081000+00:00,-0.081,544,source_directory_only_unverified,unverified,unverified
target_small_satellite/ST001_20250425_130145_983_01_CDX_RHI.IQ,target_small_satellite,target,small_satellite_source_label,.iq,301817024,,RSTM,18,1,10,ST001,成都远望,46.862552642822266,83.09510040283203,RHI,RHI,俯仰扫描,2,2,1000,2025-04-25T13:01:45+00:00,2025-04-25T13:01:45.983000+00:00,-0.983,544,source_directory_only_unverified,unverified,unverified
target_small_satellite/ST001_20250425_130156_379_01_CDX_RHI.IQ,target_small_satellite,target,small_satellite_source_label,.iq,290590016,,RSTM,18,1,10,ST001,成都远望,46.862552642822266,83.09510040283203,RHI,RHI,俯仰扫描,2,2,1000,2025-04-25T13:01:56+00:00,2025-04-25T13:01:56.379000+00:00,-0.379,544,source_directory_only_unverified,unverified,unverified
target_small_satellite/ST001_20250425_130206_360_01_CDX_RHI.IQ,target_small_satellite,target,small_satellite_source_label,.iq,298604672,,RSTM,18,1,10,ST001,成都远望,46.862552642822266,83.09510040283203,RHI,RHI,俯仰扫描,2,2,1000,2025-04-25T13:02:06+00:00,2025-04-25T13:02:06.360000+00:00,-0.360,544,source_directory_only_unverified,unverified,unverified
target_small_satellite/ST001_20250425_130216_504_01_CDX_RHI.IQ,target_small_satellite,target,small_satellite_source_label,.iq,295246304,,RSTM,18,1,10,ST001,成都远望,46.862552642822266,83.09510040283203,RHI,RHI,俯仰扫描,2,2,1000,2025-04-25T13:02:16+00:00,2025-04-25T13:02:16.504000+00:00,-0.504,544,source_directory_only_unverified,unverified,unverified
target_small_satellite/ST001_20250425_130226_564_01_CDX_RHI.IQ,target_small_satellite,target,small_satellite_source_label,.iq,298896704,,RSTM,18,1,10,ST001,成都远望,46.862552642822266,83.09510040283203,RHI,RHI,俯仰扫描,2,2,1000,2025-04-25T13:02:26+00:00,2025-04-25T13:02:26.564000+00:00,-0.564,544,source_directory_only_unverified,unverified,unverified
target_small_satellite/ST001_20250425_130236_805_01_CDX_RHI.IQ,target_small_satellite,target,small_satellite_source_label,.iq,293056064,,RSTM,18,1,10,ST001,成都远望,46.862552642822266,83.09510040283203,RHI,RHI,俯仰扫描,2,2,1000,2025-04-25T13:02:36+00:00,2025-04-25T13:02:36.805000+00:00,-0.805,544,source_directory_only_unverified,unverified,unverified
target_small_satellite/ST001_20250425_130246_684_01_CDX_RHI.IQ,target_small_satellite,target,small_satellite_source_label,.iq,299010272,,RSTM,18,1,10,ST001,成都远望,46.862552642822266,83.09510040283203,RHI,RHI,俯仰扫描,2,2,1000,2025-04-25T13:02:46+00:00,2025-04-25T13:02:46.684000+00:00,-0.684,544,source_directory_only_unverified,unverified,unverified
target_small_satellite/ST001_20250425_130256_771_01_CDX_RHI.IQ,target_small_satellite,target,small_satellite_source_label,.iq,298345088,,RSTM,18,1,10,ST001,成都远望,46.862552642822266,83.09510040283203,RHI,RHI,俯仰扫描,2,2,1000,2025-04-25T13:02:56+00:00,2025-04-25T13:02:56.771000+00:00,-0.771,544,source_directory_only_unverified,unverified,unverified
target_small_satellite/ST001_20250425_130306_888_01_CDX_RHI.IQ,target_small_satellite,target,small_satellite_source_label,.iq,297988160,,RSTM,18,1,10,ST001,成都远望,46.862552642822266,83.09510040283203,RHI,RHI,俯仰扫描,2,2,1000,2025-04-25T13:03:06+00:00,2025-04-25T13:03:06.888000+00:00,-0.888,544,source_directory_only_unverified,unverified,unverified
target_small_satellite/ST001_20250425_130317_047_01_CDX_RHI.IQ,target_small_satellite,target,small_satellite_source_label,.iq,292747808,,RSTM,18,1,10,ST001,成都远望,46.862552642822266,83.09510040283203,RHI,RHI,俯仰扫描,2,2,1000,2025-04-25T13:03:17+00:00,2025-04-25T13:03:17.047000+00:00,-0.047,544,source_directory_only_unverified,unverified,unverified
target_small_satellite/ST001_20250425_130327_064_01_CDX_RHI.IQ,target_small_satellite,target,small_satellite_source_label,.iq,298912928,,RSTM,18,1,10,ST001,成都远望,46.862552642822266,83.09510040283203,RHI,RHI,俯仰扫描,2,2,1000,2025-04-25T13:03:27+00:00,2025-04-25T13:03:27.064000+00:00,-0.064,544,source_directory_only_unverified,unverified,unverified
target_small_satellite/ST001_20250425_130337_343_01_CDX_RHI.IQ,target_small_satellite,target,small_satellite_source_label,.iq,291855488,,RSTM,18,1,10,ST001,成都远望,46.862552642822266,83.09510040283203,RHI,RHI,俯仰扫描,2,2,1000,2025-04-25T13:03:37+00:00,2025-04-25T13:03:37.343000+00:00,-0.343,544,source_directory_only_unverified,unverified,unverified
target_small_satellite/ST001_20250425_130347_312_01_CDX_RHI.IQ,target_small_satellite,target,small_satellite_source_label,.iq,323670752,,RSTM,18,1,10,ST001,成都远望,46.862552642822266,83.09510040283203,RHI,RHI,俯仰扫描,2,2,1000,2025-04-25T13:03:47+00:00,2025-04-25T13:03:47.312000+00:00,-0.312,544,source_directory_only_unverified,unverified,unverified
target_small_satellite/ST001_20250425_130358_175_01_CDX_RHI.IQ,target_small_satellite,target,small_satellite_source_label,.iq,280563584,,RSTM,18,1,10,ST001,成都远望,46.862552642822266,83.09510040283203,RHI,RHI,俯仰扫描,2,2,1000,2025-04-25T13:03:58+00:00,2025-04-25T13:03:58.175000+00:00,-0.175,544,source_directory_only_unverified,unverified,unverified
target_small_satellite/ST001_20250425_130407_938_01_CDX_RHI.IQ,target_small_satellite,target,small_satellite_source_label,.iq,293169632,,RSTM,18,1,10,ST001,成都远望,46.862552642822266,83.09510040283203,RHI,RHI,俯仰扫描,2,2,1000,2025-04-25T13:04:07+00:00,2025-04-25T13:04:07.938000+00:00,-0.938,544,source_directory_only_unverified,unverified,unverified
target_small_satellite/ST001_20250425_130417_892_01_CDX_RHI.IQ,target_small_satellite,target,small_satellite_source_label,.iq,296690240,,RSTM,18,1,10,ST001,成都远望,46.862552642822266,83.09510040283203,RHI,RHI,俯仰扫描,2,2,1000,2025-04-25T13:04:17+00:00,2025-04-25T13:04:17.892000+00:00,-0.892,544,source_directory_only_unverified,unverified,unverified
target_small_satellite/ST001_20250425_130427_939_01_CDX_RHI.IQ,target_small_satellite,target,small_satellite_source_label,.iq,301151840,,RSTM,18,1,10,ST001,成都远望,46.862552642822266,83.09510040283203,RHI,RHI,俯仰扫描,2,2,1000,2025-04-25T13:04:27+00:00,2025-04-25T13:04:27.939000+00:00,-0.939,544,source_directory_only_unverified,unverified,unverified
target_small_satellite/ST001_20250425_130438_705_01_CDX_RHI.IQ,target_small_satellite,target,small_satellite_source_label,.iq,298929152,,RSTM,18,1,10,ST001,成都远望,46.862552642822266,83.09510040283203,RHI,RHI,俯仰扫描,2,2,1000,2025-04-25T13:04:38+00:00,2025-04-25T13:04:38.705000+00:00,-0.705,544,source_directory_only_unverified,unverified,unverified
target_small_satellite/ST001_20250425_130448_832_01_CDX_RHI.IQ,target_small_satellite,target,small_satellite_source_label,.iq,301687232,,RSTM,18,1,10,ST001,成都远望,46.862552642822266,83.09510040283203,RHI,RHI,俯仰扫描,2,2,1000,2025-04-25T13:04:48+00:00,2025-04-25T13:04:48.832000+00:00,-0.832,544,source_directory_only_unverified,unverified,unverified
target_small_satellite/ST001_20250425_130501_378_01_CDX_RHI.IQ,target_small_satellite,target,small_satellite_source_label,.iq,310707776,,RSTM,18,1,10,ST001,成都远望,46.862552642822266,83.09510040283203,RHI,RHI,俯仰扫描,2,2,1000,2025-04-25T13:05:01+00:00,2025-04-25T13:05:01.378000+00:00,-0.378,544,source_directory_only_unverified,unverified,unverified
target_small_satellite/ST001_20250425_130512_666_01_CDX_RHI.IQ,target_small_satellite,target,small_satellite_source_label,.iq,292796480,,RSTM,18,1,10,ST001,成都远望,46.862552642822266,83.09510040283203,RHI,RHI,俯仰扫描,2,2,1000,2025-04-25T13:05:12+00:00,2025-04-25T13:05:12.666000+00:00,-0.666,544,source_directory_only_unverified,unverified,unverified
target_small_satellite/ST001_20250425_130522_582_01_CDX_RHI.IQ,target_small_satellite,target,small_satellite_source_label,.iq,297825920,,RSTM,18,1,10,ST001,成都远望,46.862552642822266,83.09510040283203,RHI,RHI,俯仰扫描,2,2,1000,2025-04-25T13:05:22+00:00,2025-04-25T13:05:22.582000+00:00,-0.582,544,source_directory_only_unverified,unverified,unverified
target_small_satellite/ST001_20250425_130532_696_01_CDX_RHI.IQ,target_small_satellite,target,small_satellite_source_label,.iq,298247744,,RSTM,18,1,10,ST001,成都远望,46.862552642822266,83.09510040283203,RHI,RHI,俯仰扫描,2,2,1000,2025-04-25T13:05:32+00:00,2025-04-25T13:05:32.696000+00:00,-0.696,544,source_directory_only_unverified,unverified,unverified
target_small_satellite/ST001_20250425_130542_863_01_CDX_RHI.IQ,target_small_satellite,target,small_satellite_source_label,.iq,293331872,,RSTM,18,1,10,ST001,成都远望,46.862552642822266,83.09510040283203,RHI,RHI,俯仰扫描,2,2,1000,2025-04-25T13:05:42+00:00,2025-04-25T13:05:42.863000+00:00,-0.863,544,source_directory_only_unverified,unverified,unverified
target_small_satellite/ST001_20250425_130553_002_01_CDX_RHI.IQ,target_small_satellite,target,small_satellite_source_label,.iq,291433664,,RSTM,18,1,10,ST001,成都远望,46.862552642822266,83.09510040283203,RHI,RHI,俯仰扫描,2,2,1000,2025-04-25T13:05:53+00:00,2025-04-25T13:05:53.002000+00:00,-0.002,544,source_directory_only_unverified,unverified,unverified
target_small_satellite/ST001_20250425_130603_045_01_CDX_RHI.IQ,target_small_satellite,target,small_satellite_source_label,.iq,43417376,,RSTM,18,1,10,ST001,成都远望,46.862552642822266,83.09510040283203,RHI,RHI,俯仰扫描,2,2,1000,2025-04-25T13:06:03+00:00,2025-04-25T13:06:03.045000+00:00,-0.045,544,source_directory_only_unverified,unverified,unverified
target_uav/ST001_20250425_132352_297_01_CDX_RHI.IQ,target_uav,target,uav_source_label,.iq,19048928,,RSTM,18,1,10,ST001,成都远望,46.862552642822266,83.09510040283203,RHI,RHI,俯仰扫描,2,2,1000,2025-04-25T13:06:03+00:00,2025-04-25T13:23:52.297000+00:00,-1069.297,544,source_directory_only_unverified,unverified,unverified
target_uav/ST001_20250425_132353_858_01_CDX_RHI.IQ,target_uav,target,uav_source_label,.iq,294694688,,RSTM,18,1,10,ST001,成都远望,46.862552642822266,83.09510040283203,RHI,RHI,俯仰扫描,2,2,1000,2025-04-25T13:23:53+00:00,2025-04-25T13:23:53.858000+00:00,-0.858,544,source_directory_only_unverified,unverified,unverified
target_uav/ST001_20250425_132403_857_01_CDX_RHI.IQ,target_uav,target,uav_source_label,.iq,296430656,,RSTM,18,1,10,ST001,成都远望,46.862552642822266,83.09510040283203,RHI,RHI,俯仰扫描,2,2,1000,2025-04-25T13:24:03+00:00,2025-04-25T13:24:03.857000+00:00,-0.857,544,source_directory_only_unverified,unverified,unverified
target_uav/ST001_20250425_132413_955_01_CDX_RHI.IQ,target_uav,target,uav_source_label,.iq,301557440,,RSTM,18,1,10,ST001,成都远望,46.862552642822266,83.09510040283203,RHI,RHI,俯仰扫描,2,2,1000,2025-04-25T13:24:13+00:00,2025-04-25T13:24:13.955000+00:00,-0.955,544,source_directory_only_unverified,unverified,unverified
target_uav/ST001_20250425_132424_247_01_CDX_RHI.IQ,target_uav,target,uav_source_label,.iq,292861376,,RSTM,18,1,10,ST001,成都远望,46.862552642822266,83.09510040283203,RHI,RHI,俯仰扫描,2,2,1000,2025-04-25T13:24:24+00:00,2025-04-25T13:24:24.247000+00:00,-0.247,544,source_directory_only_unverified,unverified,unverified
target_uav/ST001_20250425_132434_606_01_CDX_RHI.IQ,target_uav,target,uav_source_label,.iq,285090080,,RSTM,18,1,10,ST001,成都远望,46.862552642822266,83.09510040283203,RHI,RHI,俯仰扫描,2,2,1000,2025-04-25T13:24:34+00:00,2025-04-25T13:24:34.606000+00:00,-0.606,544,source_directory_only_unverified,unverified,unverified
target_uav/ST001_20250425_132444_303_01_CDX_RHI.IQ,target_uav,target,uav_source_label,.iq,301541216,,RSTM,18,1,10,ST001,成都远望,46.862552642822266,83.09510040283203,RHI,RHI,俯仰扫描,2,2,1000,2025-04-25T13:24:44+00:00,2025-04-25T13:24:44.303000+00:00,-0.303,544,source_directory_only_unverified,unverified,unverified
target_uav/ST001_20250425_132454_555_01_CDX_RHI.IQ,target_uav,target,uav_source_label,.iq,297874592,,RSTM,18,1,10,ST001,成都远望,46.862552642822266,83.09510040283203,RHI,RHI,俯仰扫描,2,2,1000,2025-04-25T13:24:54+00:00,2025-04-25T13:24:54.555000+00:00,-0.555,544,source_directory_only_unverified,unverified,unverified
target_uav/ST001_20250425_132504_647_01_CDX_RHI.IQ,target_uav,target,uav_source_label,.iq,296463104,,RSTM,18,1,10,ST001,成都远望,46.862552642822266,83.09510040283203,RHI,RHI,俯仰扫描,2,2,1000,2025-04-25T13:25:04+00:00,2025-04-25T13:25:04.647000+00:00,-0.647,544,source_directory_only_unverified,unverified,unverified
target_uav/ST001_20250425_132514_762_01_CDX_RHI.IQ,target_uav,target,uav_source_label,.iq,293412992,,RSTM,18,1,10,ST001,成都远望,46.862552642822266,83.09510040283203,RHI,RHI,俯仰扫描,2,2,1000,2025-04-25T13:25:14+00:00,2025-04-25T13:25:14.762000+00:00,-0.762,544,source_directory_only_unverified,unverified,unverified
target_uav/ST001_20250425_132524_678_01_CDX_RHI.IQ,target_uav,target,uav_source_label,.iq,300470432,,RSTM,18,1,10,ST001,成都远望,46.862552642822266,83.09510040283203,RHI,RHI,俯仰扫描,2,2,1000,2025-04-25T13:25:24+00:00,2025-04-25T13:25:24.678000+00:00,-0.678,544,source_directory_only_unverified,unverified,unverified
target_uav/ST001_20250425_132535_016_01_CDX_RHI.IQ,target_uav,target,uav_source_label,.iq,291417440,,RSTM,18,1,10,ST001,成都远望,46.862552642822266,83.09510040283203,RHI,RHI,俯仰扫描,2,2,1000,2025-04-25T13:25:35+00:00,2025-04-25T13:25:35.016000+00:00,-0.016,544,source_directory_only_unverified,unverified,unverified
target_uav/ST001_20250425_132545_061_01_CDX_RHI.IQ,target_uav,target,uav_source_label,.iq,297079616,,RSTM,18,1,10,ST001,成都远望,46.862552642822266,83.09510040283203,RHI,RHI,俯仰扫描,2,2,1000,2025-04-25T13:25:45+00:00,2025-04-25T13:25:45.061000+00:00,-0.061,544,source_directory_only_unverified,unverified,unverified
target_uav/ST001_20250425_132555_023_01_CDX_RHI.IQ,target_uav,target,uav_source_label,.iq,294516224,,RSTM,18,1,10,ST001,成都远望,46.862552642822266,83.09510040283203,RHI,RHI,俯仰扫描,2,2,1000,2025-04-25T13:25:55+00:00,2025-04-25T13:25:55.023000+00:00,-0.023,544,source_directory_only_unverified,unverified,unverified
target_uav/ST001_20250425_132604_995_01_CDX_RHI.IQ,target_uav,target,uav_source_label,.iq,303325856,,RSTM,18,1,10,ST001,成都远望,46.862552642822266,83.09510040283203,RHI,RHI,俯仰扫描,2,2,1000,2025-04-25T13:26:04+00:00,2025-04-25T13:26:04.995000+00:00,-0.995,544,source_directory_only_unverified,unverified,unverified
target_uav/ST001_20250425_132615_255_01_CDX_RHI.IQ,target_uav,target,uav_source_label,.iq,295181408,,RSTM,18,1,10,ST001,成都远望,46.862552642822266,83.09510040283203,RHI,RHI,俯仰扫描,2,2,1000,2025-04-25T13:26:15+00:00,2025-04-25T13:26:15.255000+00:00,-0.255,544,source_directory_only_unverified,unverified,unverified
target_uav/ST001_20250425_132625_292_01_CDX_RHI.IQ,target_uav,target,uav_source_label,.iq,297225632,,RSTM,18,1,10,ST001,成都远望,46.862552642822266,83.09510040283203,RHI,RHI,俯仰扫描,2,2,1000,2025-04-25T13:26:25+00:00,2025-04-25T13:26:25.292000+00:00,-0.292,544,source_directory_only_unverified,unverified,unverified
target_uav/ST001_20250425_132635_307_01_CDX_RHI.IQ,target_uav,target,uav_source_label,.iq,296171072,,RSTM,18,1,10,ST001,成都远望,46.862552642822266,83.09510040283203,RHI,RHI,俯仰扫描,2,2,1000,2025-04-25T13:26:35+00:00,2025-04-25T13:26:35.307000+00:00,-0.307,544,source_directory_only_unverified,unverified,unverified
target_uav/ST001_20250425_132645_434_01_CDX_RHI.IQ,target_uav,target,uav_source_label,.iq,296268416,,RSTM,18,1,10,ST001,成都远望,46.862552642822266,83.09510040283203,RHI,RHI,俯仰扫描,2,2,1000,2025-04-25T13:26:45+00:00,2025-04-25T13:26:45.434000+00:00,-0.434,544,source_directory_only_unverified,unverified,unverified
target_uav/ST001_20250425_132655_369_01_CDX_RHI.IQ,target_uav,target,uav_source_label,.iq,298166624,,RSTM,18,1,10,ST001,成都远望,46.862552642822266,83.09510040283203,RHI,RHI,俯仰扫描,2,2,1000,2025-04-25T13:26:55+00:00,2025-04-25T13:26:55.369000+00:00,-0.369,544,source_directory_only_unverified,unverified,unverified
target_uav/ST001_20250425_132705_432_01_CDX_RHI.IQ,target_uav,target,uav_source_label,.iq,301184288,,RSTM,18,1,10,ST001,成都远望,46.862552642822266,83.09510040283203,RHI,RHI,俯仰扫描,2,2,1000,2025-04-25T13:27:05+00:00,2025-04-25T13:27:05.432000+00:00,-0.432,544,source_directory_only_unverified,unverified,unverified
target_uav/ST001_20250425_132715_687_01_CDX_RHI.IQ,target_uav,target,uav_source_label,.iq,299789024,,RSTM,18,1,10,ST001,成都远望,46.862552642822266,83.09510040283203,RHI,RHI,俯仰扫描,2,2,1000,2025-04-25T13:27:15+00:00,2025-04-25T13:27:15.687000+00:00,-0.687,544,source_directory_only_unverified,unverified,unverified
target_uav/ST001_20250425_132725_748_01_CDX_RHI.IQ,target_uav,target,uav_source_label,.iq,296446880,,RSTM,18,1,10,ST001,成都远望,46.862552642822266,83.09510040283203,RHI,RHI,俯仰扫描,2,2,1000,2025-04-25T13:27:25+00:00,2025-04-25T13:27:25.748000+00:00,-0.748,544,source_directory_only_unverified,unverified,unverified
target_uav/ST001_20250425_132735_855_01_CDX_RHI.IQ,target_uav,target,uav_source_label,.iq,291595904,,RSTM,18,1,10,ST001,成都远望,46.862552642822266,83.09510040283203,RHI,RHI,俯仰扫描,2,2,1000,2025-04-25T13:27:35+00:00,2025-04-25T13:27:35.855000+00:00,-0.855,544,source_directory_only_unverified,unverified,unverified
target_uav/ST001_20250425_132745_660_01_CDX_RHI.IQ,target_uav,target,uav_source_label,.iq,303066272,,RSTM,18,1,10,ST001,成都远望,46.862552642822266,83.09510040283203,RHI,RHI,俯仰扫描,2,2,1000,2025-04-25T13:27:45+00:00,2025-04-25T13:27:45.660000+00:00,-0.660,544,source_directory_only_unverified,unverified,unverified
target_uav/ST001_20250425_132755_922_01_CDX_RHI.IQ,target_uav,target,uav_source_label,.iq,294792032,,RSTM,18,1,10,ST001,成都远望,46.862552642822266,83.09510040283203,RHI,RHI,俯仰扫描,2,2,1000,2025-04-25T13:27:55+00:00,2025-04-25T13:27:55.922000+00:00,-0.922,544,source_directory_only_unverified,unverified,unverified
target_uav/ST001_20250425_132805_978_01_CDX_RHI.IQ,target_uav,target,uav_source_label,.iq,296446880,,RSTM,18,1,10,ST001,成都远望,46.862552642822266,83.09510040283203,RHI,RHI,俯仰扫描,2,2,1000,2025-04-25T13:28:05+00:00,2025-04-25T13:28:05.978000+00:00,-0.978,544,source_directory_only_unverified,unverified,unverified
target_uav/ST001_20250425_132816_034_01_CDX_RHI.IQ,target_uav,target,uav_source_label,.iq,294759584,,RSTM,18,1,10,ST001,成都远望,46.862552642822266,83.09510040283203,RHI,RHI,俯仰扫描,2,2,1000,2025-04-25T13:28:16+00:00,2025-04-25T13:28:16.034000+00:00,-0.034,544,source_directory_only_unverified,unverified,unverified
target_uav/ST001_20250425_132826_091_01_CDX_RHI.IQ,target_uav,target,uav_source_label,.iq,297923264,,RSTM,18,1,10,ST001,成都远望,46.862552642822266,83.09510040283203,RHI,RHI,俯仰扫描,2,2,1000,2025-04-25T13:28:26+00:00,2025-04-25T13:28:26.091000+00:00,-0.091,544,source_directory_only_unverified,unverified,unverified
target_uav/ST001_20250425_132836_148_01_CDX_RHI.IQ,target_uav,target,uav_source_label,.iq,298101728,,RSTM,18,1,10,ST001,成都远望,46.862552642822266,83.09510040283203,RHI,RHI,俯仰扫描,2,2,1000,2025-04-25T13:28:36+00:00,2025-04-25T13:28:36.148000+00:00,-0.148,544,source_directory_only_unverified,unverified,unverified
target_uav/ST001_20250425_132846_205_01_CDX_RHI.IQ,target_uav,target,uav_source_label,.iq,299789024,,RSTM,18,1,10,ST001,成都远望,46.862552642822266,83.09510040283203,RHI,RHI,俯仰扫描,2,2,1000,2025-04-25T13:28:46+00:00,2025-04-25T13:28:46.205000+00:00,-0.205,544,source_directory_only_unverified,unverified,unverified
target_uav/ST001_20250425_132856_470_01_CDX_RHI.IQ,target_uav,target,uav_source_label,.iq,291417440,,RSTM,18,1,10,ST001,成都远望,46.862552642822266,83.09510040283203,RHI,RHI,俯仰扫描,2,2,1000,2025-04-25T13:28:56+00:00,2025-04-25T13:28:56.470000+00:00,-0.470,544,source_directory_only_unverified,unverified,unverified
target_uav/ST001_20250425_132906_323_01_CDX_RHI.IQ,target_uav,target,uav_source_label,.iq,299789024,,RSTM,18,1,10,ST001,成都远望,46.862552642822266,83.09510040283203,RHI,RHI,俯仰扫描,2,2,1000,2025-04-25T13:29:06+00:00,2025-04-25T13:29:06.323000+00:00,-0.323,544,source_directory_only_unverified,unverified,unverified
target_uav/ST001_20250425_132916_585_01_CDX_RHI.IQ,target_uav,target,uav_source_label,.iq,293299424,,RSTM,18,1,10,ST001,成都远望,46.862552642822266,83.09510040283203,RHI,RHI,俯仰扫描,2,2,1000,2025-04-25T13:29:16+00:00,2025-04-25T13:29:16.585000+00:00,-0.585,544,source_directory_only_unverified,unverified,unverified
target_uav/ST001_20250425_132926_647_01_CDX_RHI.IQ,target_uav,target,uav_source_label,.iq,297955712,,RSTM,18,1,10,ST001,成都远望,46.862552642822266,83.09510040283203,RHI,RHI,俯仰扫描,2,2,1000,2025-04-25T13:29:26+00:00,2025-04-25T13:29:26.647000+00:00,-0.647,544,source_directory_only_unverified,unverified,unverified
target_uav/ST001_20250425_132936_701_01_CDX_RHI.IQ,target_uav,target,uav_source_label,.iq,296430656,,RSTM,18,1,10,ST001,成都远望,46.862552642822266,83.09510040283203,RHI,RHI,俯仰扫描,2,2,1000,2025-04-25T13:29:36+00:00,2025-04-25T13:29:36.701000+00:00,-0.701,544,source_directory_only_unverified,unverified,unverified
target_uav/ST001_20250425_132946_762_01_CDX_RHI.IQ,target_uav,target,uav_source_label,.iq,297988160,,RSTM,18,1,10,ST001,成都远望,46.862552642822266,83.09510040283203,RHI,RHI,俯仰扫描,2,2,1000,2025-04-25T13:29:46+00:00,2025-04-25T13:29:46.762000+00:00,-0.762,544,source_directory_only_unverified,unverified,unverified
target_uav/ST001_20250425_132956_818_01_CDX_RHI.IQ,target_uav,target,uav_source_label,.iq,296576672,,RSTM,18,1,10,ST001,成都远望,46.862552642822266,83.09510040283203,RHI,RHI,俯仰扫描,2,2,1000,2025-04-25T13:29:56+00:00,2025-04-25T13:29:56.818000+00:00,-0.818,544,source_directory_only_unverified,unverified,unverified
target_uav/ST001_20250425_133006_881_01_CDX_RHI.IQ,target_uav,target,uav_source_label,.iq,298247744,,RSTM,18,1,10,ST001,成都远望,46.862552642822266,83.09510040283203,RHI,RHI,俯仰扫描,2,2,1000,2025-04-25T13:30:06+00:00,2025-04-25T13:30:06.881000+00:00,-0.881,544,source_directory_only_unverified,unverified,unverified
target_uav/ST001_20250425_133016_943_01_CDX_RHI.IQ,target_uav,target,uav_source_label,.iq,296609120,,RSTM,18,1,10,ST001,成都远望,46.862552642822266,83.09510040283203,RHI,RHI,俯仰扫描,2,2,1000,2025-04-25T13:30:16+00:00,2025-04-25T13:30:16.943000+00:00,-0.943,544,source_directory_only_unverified,unverified,unverified
target_uav/ST001_20250425_133027_006_01_CDX_RHI.IQ,target_uav,target,uav_source_label,.iq,299691680,,RSTM,18,1,10,ST001,成都远望,46.862552642822266,83.09510040283203,RHI,RHI,俯仰扫描,2,2,1000,2025-04-25T13:30:27+00:00,2025-04-25T13:30:27.006000+00:00,-0.006,544,source_directory_only_unverified,unverified,unverified
target_uav/ST001_20250425_133037_266_01_CDX_RHI.IQ,target_uav,target,uav_source_label,.iq,292942496,,RSTM,18,1,10,ST001,成都远望,46.862552642822266,83.09510040283203,RHI,RHI,俯仰扫描,2,2,1000,2025-04-25T13:30:37+00:00,2025-04-25T13:30:37.266000+00:00,-0.266,544,source_directory_only_unverified,unverified,unverified
target_uav/ST001_20250425_133047_114_01_CDX_RHI.IQ,target_uav,target,uav_source_label,.iq,301249184,,RSTM,18,1,10,ST001,成都远望,46.862552642822266,83.09510040283203,RHI,RHI,俯仰扫描,2,2,1000,2025-04-25T13:30:47+00:00,2025-04-25T13:30:47.114000+00:00,-0.114,544,source_directory_only_unverified,unverified,unverified
target_uav/ST001_20250425_133057_370_01_CDX_RHI.IQ,target_uav,target,uav_source_label,.iq,294662240,,RSTM,18,1,10,ST001,成都远望,46.862552642822266,83.09510040283203,RHI,RHI,俯仰扫描,2,2,1000,2025-04-25T13:30:57+00:00,2025-04-25T13:30:57.370000+00:00,-0.370,544,source_directory_only_unverified,unverified,unverified
target_uav/ST001_20250425_133107_421_01_CDX_RHI.IQ,target_uav,target,uav_source_label,.iq,296544224,,RSTM,18,1,10,ST001,成都远望,46.862552642822266,83.09510040283203,RHI,RHI,俯仰扫描,2,2,1000,2025-04-25T13:31:07+00:00,2025-04-25T13:31:07.421000+00:00,-0.421,544,source_directory_only_unverified,unverified,unverified
target_uav/ST001_20250425_133117_483_01_CDX_RHI.IQ,target_uav,target,uav_source_label,.iq,295181408,,RSTM,18,1,10,ST001,成都远望,46.862552642822266,83.09510040283203,RHI,RHI,俯仰扫描,2,2,1000,2025-04-25T13:31:17+00:00,2025-04-25T13:31:17.483000+00:00,-0.483,544,source_directory_only_unverified,unverified,unverified
target_uav/ST001_20250425_133127_558_01_CDX_RHI.IQ,target_uav,target,uav_source_label,.iq,299805248,,RSTM,18,1,10,ST001,成都远望,46.862552642822266,83.09510040283203,RHI,RHI,俯仰扫描,2,2,1000,2025-04-25T13:31:27+00:00,2025-04-25T13:31:27.558000+00:00,-0.558,544,source_directory_only_unverified,unverified,unverified
target_uav/ST001_20250425_133137_617_01_CDX_RHI.IQ,target_uav,target,uav_source_label,.iq,297988160,,RSTM,18,1,10,ST001,成都远望,46.862552642822266,83.09510040283203,RHI,RHI,俯仰扫描,2,2,1000,2025-04-25T13:31:37+00:00,2025-04-25T13:31:37.617000+00:00,-0.617,544,source_directory_only_unverified,unverified,unverified
target_uav/ST001_20250425_133147_669_01_CDX_RHI.IQ,target_uav,target,uav_source_label,.iq,296609120,,RSTM,18,1,10,ST001,成都远望,46.862552642822266,83.09510040283203,RHI,RHI,俯仰扫描,2,2,1000,2025-04-25T13:31:47+00:00,2025-04-25T13:31:47.669000+00:00,-0.669,544,source_directory_only_unverified,unverified,unverified
target_uav/ST001_20250425_133157_729_01_CDX_RHI.IQ,target_uav,target,uav_source_label,.iq,298117952,,RSTM,18,1,10,ST001,成都远望,46.862552642822266,83.09510040283203,RHI,RHI,俯仰扫描,2,2,1000,2025-04-25T13:31:57+00:00,2025-04-25T13:31:57.729000+00:00,-0.729,544,source_directory_only_unverified,unverified,unverified
target_uav/ST001_20250425_133207_787_01_CDX_RHI.IQ,target_uav,target,uav_source_label,.iq,299594336,,RSTM,18,1,10,ST001,成都远望,46.862552642822266,83.09510040283203,RHI,RHI,俯仰扫描,2,2,1000,2025-04-25T13:32:07+00:00,2025-04-25T13:32:07.787000+00:00,-0.787,544,source_directory_only_unverified,unverified,unverified
target_uav/ST001_20250425_133217_841_01_CDX_RHI.IQ,target_uav,target,uav_source_label,.iq,296674016,,RSTM,18,1,10,ST001,成都远望,46.862552642822266,83.09510040283203,RHI,RHI,俯仰扫描,2,2,1000,2025-04-25T13:32:17+00:00,2025-04-25T13:32:17.841000+00:00,-0.841,544,source_directory_only_unverified,unverified,unverified
target_uav/ST001_20250425_133227_905_01_CDX_RHI.IQ,target_uav,target,uav_source_label,.iq,298117952,,RSTM,18,1,10,ST001,成都远望,46.862552642822266,83.09510040283203,RHI,RHI,俯仰扫描,2,2,1000,2025-04-25T13:32:27+00:00,2025-04-25T13:32:27.905000+00:00,-0.905,544,source_directory_only_unverified,unverified,unverified
target_uav/ST001_20250425_133237_961_01_CDX_RHI.IQ,target_uav,target,uav_source_label,.iq,81803360,,RSTM,18,1,10,ST001,成都远望,46.862552642822266,83.09510040283203,RHI,RHI,俯仰扫描,2,2,1000,2025-04-25T13:32:37+00:00,2025-04-25T13:32:37.961000+00:00,-0.961,544,source_directory_only_unverified,unverified,unverified
