new_split,original_split,class_name,target_present,sample_id,source_file,beam_layer,azimuth_deg,distance_m,velocity_mps,mat_path,label_path
train,test,Background,0,20260204_100739_beam1_az001,20260204_100739,1,1.0,,,/home/tobeornot8259748/projects/balloon_radar_project/data/raw/detection_dataset/test/Background_IQ/IQ_Data/20260204_100739_beam1_az001.mat,
train,train,Background,0,20260204_100739_beam1_az010,20260204_100739,1,10.0,,,/home/tobeornot8259748/projects/balloon_radar_project/data/raw/detection_dataset/train/Background_IQ/IQ_Data/20260204_100739_beam1_az010.mat,
train,val,Background,0,20260204_100739_beam1_az019,20260204_100739,1,19.0,,,/home/tobeornot8259748/projects/balloon_radar_project/data/raw/detection_dataset/val/Background_IQ/IQ_Data/20260204_100739_beam1_az019.mat,
train,test,Background,0,20260204_100739_beam1_az028,20260204_100739,1,28.0,,,/home/tobeornot8259748/projects/balloon_radar_project/data/raw/detection_dataset/test/Background_IQ/IQ_Data/20260204_100739_beam1_az028.mat,
train,train,Background,0,20260204_100739_beam1_az037,20260204_100739,1,37.0,,,/home/tobeornot8259748/projects/balloon_radar_project/data/raw/detection_dataset/train/Background_IQ/IQ_Data/20260204_100739_beam1_az037.mat,
train,train,Background,0,20260204_100739_beam1_az046,20260204_100739,1,46.0,,,/home/tobeornot8259748/projects/balloon_radar_project/data/raw/detection_dataset/train/Background_IQ/IQ_Data/20260204_100739_beam1_az046.mat,
train,train,Background,0,20260204_100739_beam1_az055,20260204_100739,1,55.0,,,/home/tobeornot8259748/projects/balloon_radar_project/data/raw/detection_dataset/train/Background_IQ/IQ_Data/20260204_100739_beam1_az055.mat,
train,val,Background,0,20260204_100739_beam1_az064,20260204_100739,1,64.0,,,/home/tobeornot8259748/projects/balloon_radar_project/data/raw/detection_dataset/val/Background_IQ/IQ_Data/20260204_100739_beam1_az064.mat,
train,train,Background,0,20260204_100739_beam1_az073,20260204_100739,1,73.0,,,/home/tobeornot8259748/projects/balloon_radar_project/data/raw/detection_dataset/train/Background_IQ/IQ_Data/20260204_100739_beam1_az073.mat,
train,train,Background,0,20260204_100739_beam1_az082,20260204_100739,1,82.0,,,/home/tobeornot8259748/projects/balloon_radar_project/data/raw/detection_dataset/train/Background_IQ/IQ_Data/20260204_100739_beam1_az082.mat,
train,train,Background,0,20260204_100739_beam1_az091,20260204_100739,1,91.0,,,/home/tobeornot8259748/projects/balloon_radar_project/data/raw/detection_dataset/train/Background_IQ/IQ_Data/20260204_100739_beam1_az091.mat,
train,test,Background,0,20260204_100739_beam1_az100,20260204_100739,1,100.0,,,/home/tobeornot8259748/projects/balloon_radar_project/data/raw/detection_dataset/test/Background_IQ/IQ_Data/20260204_100739_beam1_az100.mat,
train,train,Background,0,20260204_100739_beam1_az109,20260204_100739,1,109.0,,,/home/tobeornot8259748/projects/balloon_radar_project/data/raw/detection_dataset/train/Background_IQ/IQ_Data/20260204_100739_beam1_az109.mat,
train,train,Background,0,20260204_100739_beam1_az118,20260204_100739,1,118.0,,,/home/tobeornot8259748/projects/balloon_radar_project/data/raw/detection_dataset/train/Background_IQ/IQ_Data/20260204_100739_beam1_az118.mat,
train,train,Background,0,20260204_100739_beam1_az127,20260204_100739,1,127.0,,,/home/tobeornot8259748/projects/balloon_radar_project/data/raw/detection_dataset/train/Background_IQ/IQ_Data/20260204_100739_beam1_az127.mat,
train,val,Background,0,20260204_100739_beam1_az136,20260204_100739,1,136.0,,,/home/tobeornot8259748/projects/balloon_radar_project/data/raw/detection_dataset/val/Background_IQ/IQ_Data/20260204_100739_beam1_az136.mat,
train,train,Background,0,20260204_100739_beam1_az145,20260204_100739,1,145.0,,,/home/tobeornot8259748/projects/balloon_radar_project/data/raw/detection_dataset/train/Background_IQ/IQ_Data/20260204_100739_beam1_az145.mat,
train,train,Background,0,20260204_100739_beam1_az154,20260204_100739,1,154.0,,,/home/tobeornot8259748/projects/balloon_radar_project/data/raw/detection_dataset/train/Background_IQ/IQ_Data/20260204_100739_beam1_az154.mat,
train,train,Background,0,20260204_100739_beam1_az163,20260204_100739,1,163.0,,,/home/tobeornot8259748/projects/balloon_radar_project/data/raw/detection_dataset/train/Background_IQ/IQ_Data/20260204_100739_beam1_az163.mat,
train,test,Background,0,20260204_100739_beam1_az172,20260204_100739,1,172.0,,,/home/tobeornot8259748/projects/balloon_radar_project/data/raw/detection_dataset/test/Background_IQ/IQ_Data/20260204_100739_beam1_az172.mat,
train,train,Background,0,20260204_100739_beam1_az181,20260204_100739,1,181.0,,,/home/tobeornot8259748/projects/balloon_radar_project/data/raw/detection_dataset/train/Background_IQ/IQ_Data/20260204_100739_beam1_az181.mat,
train,val,Background,0,20260204_100739_beam1_az190,20260204_100739,1,190.0,,,/home/tobeornot8259748/projects/balloon_radar_project/data/raw/detection_dataset/val/Background_IQ/IQ_Data/20260204_100739_beam1_az190.mat,
train,train,Background,0,20260204_100739_beam1_az199,20260204_100739,1,199.0,,,/home/tobeornot8259748/projects/balloon_radar_project/data/raw/detection_dataset/train/Background_IQ/IQ_Data/20260204_100739_beam1_az199.mat,
train,train,Background,0,20260204_100739_beam1_az208,20260204_100739,1,208.0,,,/home/tobeornot8259748/projects/balloon_radar_project/data/raw/detection_dataset/train/Background_IQ/IQ_Data/20260204_100739_beam1_az208.mat,
train,train,Background,0,20260204_100739_beam1_az217,20260204_100739,1,217.0,,,/home/tobeornot8259748/projects/balloon_radar_project/data/raw/detection_dataset/train/Background_IQ/IQ_Data/20260204_100739_beam1_az217.mat,
train,train,Background,0,20260204_100739_beam1_az226,20260204_100739,1,226.0,,,/home/tobeornot8259748/projects/balloon_radar_project/data/raw/detection_dataset/train/Background_IQ/IQ_Data/20260204_100739_beam1_az226.mat,
train,train,Background,0,20260204_100739_beam1_az235,20260204_100739,1,235.0,,,/home/tobeornot8259748/projects/balloon_radar_project/data/raw/detection_dataset/train/Background_IQ/IQ_Data/20260204_100739_beam1_az235.mat,
train,train,Background,0,20260204_100739_beam1_az244,20260204_100739,1,244.0,,,/home/tobeornot8259748/projects/balloon_radar_project/data/raw/detection_dataset/train/Background_IQ/IQ_Data/20260204_100739_beam1_az244.mat,
train,train,Background,0,20260204_100739_beam1_az253,20260204_100739,1,253.0,,,/home/tobeornot8259748/projects/balloon_radar_project/data/raw/detection_dataset/train/Background_IQ/IQ_Data/20260204_100739_beam1_az253.mat,
train,train,Background,0,20260204_100739_beam1_az262,20260204_100739,1,262.0,,,/home/tobeornot8259748/projects/balloon_radar_project/data/raw/detection_dataset/train/Background_IQ/IQ_Data/20260204_100739_beam1_az262.mat,
train,train,Background,0,20260204_100739_beam2_az001,20260204_100739,2,1.0,,,/home/tobeornot8259748/projects/balloon_radar_project/data/raw/detection_dataset/train/Background_IQ/IQ_Data/20260204_100739_beam2_az001.mat,
train,train,Background,0,20260204_100739_beam2_az010,20260204_100739,2,10.0,,,/home/tobeornot8259748/projects/balloon_radar_project/data/raw/detection_dataset/train/Background_IQ/IQ_Data/20260204_100739_beam2_az010.mat,
train,test,Background,0,20260204_100739_beam2_az019,20260204_100739,2,19.0,,,/home/tobeornot8259748/projects/balloon_radar_project/data/raw/detection_dataset/test/Background_IQ/IQ_Data/20260204_100739_beam2_az019.mat,
train,train,Background,0,20260204_100739_beam2_az028,20260204_100739,2,28.0,,,/home/tobeornot8259748/projects/balloon_radar_project/data/raw/detection_dataset/train/Background_IQ/IQ_Data/20260204_100739_beam2_az028.mat,
train,train,Background,0,20260204_100739_beam2_az037,20260204_100739,2,37.0,,,/home/tobeornot8259748/projects/balloon_radar_project/data/raw/detection_dataset/train/Background_IQ/IQ_Data/20260204_100739_beam2_az037.mat,
train,train,Background,0,20260204_100739_beam2_az046,20260204_100739,2,46.0,,,/home/tobeornot8259748/projects/balloon_radar_project/data/raw/detection_dataset/train/Background_IQ/IQ_Data/20260204_100739_beam2_az046.mat,
train,train,Background,0,20260204_100739_beam2_az055,20260204_100739,2,55.0,,,/home/tobeornot8259748/projects/balloon_radar_project/data/raw/detection_dataset/train/Background_IQ/IQ_Data/20260204_100739_beam2_az055.mat,
train,train,Background,0,20260204_100739_beam2_az064,20260204_100739,2,64.0,,,/home/tobeornot8259748/projects/balloon_radar_project/data/raw/detection_dataset/train/Background_IQ/IQ_Data/20260204_100739_beam2_az064.mat,
train,train,Background,0,20260204_100739_beam2_az073,20260204_100739,2,73.0,,,/home/tobeornot8259748/projects/balloon_radar_project/data/raw/detection_dataset/train/Background_IQ/IQ_Data/20260204_100739_beam2_az073.mat,
train,train,Background,0,20260204_100739_beam2_az082,20260204_100739,2,82.0,,,/home/tobeornot8259748/projects/balloon_radar_project/data/raw/detection_dataset/train/Background_IQ/IQ_Data/20260204_100739_beam2_az082.mat,
train,train,Background,0,20260204_100739_beam2_az091,20260204_100739,2,91.0,,,/home/tobeornot8259748/projects/balloon_radar_project/data/raw/detection_dataset/train/Background_IQ/IQ_Data/20260204_100739_beam2_az091.mat,
train,train,Background,0,20260204_100739_beam2_az100,20260204_100739,2,100.0,,,/home/tobeornot8259748/projects/balloon_radar_project/data/raw/detection_dataset/train/Background_IQ/IQ_Data/20260204_100739_beam2_az100.mat,
train,train,Background,0,20260204_100739_beam2_az109,20260204_100739,2,109.0,,,/home/tobeornot8259748/projects/balloon_radar_project/data/raw/detection_dataset/train/Background_IQ/IQ_Data/20260204_100739_beam2_az109.mat,
train,train,Background,0,20260204_100739_beam2_az118,20260204_100739,2,118.0,,,/home/tobeornot8259748/projects/balloon_radar_project/data/raw/detection_dataset/train/Background_IQ/IQ_Data/20260204_100739_beam2_az118.mat,
train,train,Background,0,20260204_100739_beam2_az127,20260204_100739,2,127.0,,,/home/tobeornot8259748/projects/balloon_radar_project/data/raw/detection_dataset/train/Background_IQ/IQ_Data/20260204_100739_beam2_az127.mat,
train,train,Background,0,20260204_100739_beam2_az136,20260204_100739,2,136.0,,,/home/tobeornot8259748/projects/balloon_radar_project/data/raw/detection_dataset/train/Background_IQ/IQ_Data/20260204_100739_beam2_az136.mat,
train,train,Background,0,20260204_100739_beam2_az145,20260204_100739,2,145.0,,,/home/tobeornot8259748/projects/balloon_radar_project/data/raw/detection_dataset/train/Background_IQ/IQ_Data/20260204_100739_beam2_az145.mat,
train,train,Background,0,20260204_100739_beam2_az154,20260204_100739,2,154.0,,,/home/tobeornot8259748/projects/balloon_radar_project/data/raw/detection_dataset/train/Background_IQ/IQ_Data/20260204_100739_beam2_az154.mat,
train,test,Background,0,20260204_100739_beam2_az163,20260204_100739,2,163.0,,,/home/tobeornot8259748/projects/balloon_radar_project/data/raw/detection_dataset/test/Background_IQ/IQ_Data/20260204_100739_beam2_az163.mat,
train,train,Background,0,20260204_100739_beam2_az172,20260204_100739,2,172.0,,,/home/tobeornot8259748/projects/balloon_radar_project/data/raw/detection_dataset/train/Background_IQ/IQ_Data/20260204_100739_beam2_az172.mat,
train,train,Background,0,20260204_100739_beam2_az181,20260204_100739,2,181.0,,,/home/tobeornot8259748/projects/balloon_radar_project/data/raw/detection_dataset/train/Background_IQ/IQ_Data/20260204_100739_beam2_az181.mat,
train,val,Background,0,20260204_100739_beam2_az190,20260204_100739,2,190.0,,,/home/tobeornot8259748/projects/balloon_radar_project/data/raw/detection_dataset/val/Background_IQ/IQ_Data/20260204_100739_beam2_az190.mat,
train,train,Background,0,20260204_100739_beam2_az199,20260204_100739,2,199.0,,,/home/tobeornot8259748/projects/balloon_radar_project/data/raw/detection_dataset/train/Background_IQ/IQ_Data/20260204_100739_beam2_az199.mat,
train,train,Background,0,20260204_100739_beam2_az208,20260204_100739,2,208.0,,,/home/tobeornot8259748/projects/balloon_radar_project/data/raw/detection_dataset/train/Background_IQ/IQ_Data/20260204_100739_beam2_az208.mat,
train,train,Background,0,20260204_100739_beam2_az217,20260204_100739,2,217.0,,,/home/tobeornot8259748/projects/balloon_radar_project/data/raw/detection_dataset/train/Background_IQ/IQ_Data/20260204_100739_beam2_az217.mat,
train,val,Background,0,20260204_100739_beam2_az226,20260204_100739,2,226.0,,,/home/tobeornot8259748/projects/balloon_radar_project/data/raw/detection_dataset/val/Background_IQ/IQ_Data/20260204_100739_beam2_az226.mat,
train,train,Background,0,20260204_100739_beam2_az235,20260204_100739,2,235.0,,,/home/tobeornot8259748/projects/balloon_radar_project/data/raw/detection_dataset/train/Background_IQ/IQ_Data/20260204_100739_beam2_az235.mat,
train,test,Background,0,20260204_100739_beam2_az244,20260204_100739,2,244.0,,,/home/tobeornot8259748/projects/balloon_radar_project/data/raw/detection_dataset/test/Background_IQ/IQ_Data/20260204_100739_beam2_az244.mat,
train,val,Background,0,20260204_100739_beam2_az253,20260204_100739,2,253.0,,,/home/tobeornot8259748/projects/balloon_radar_project/data/raw/detection_dataset/val/Background_IQ/IQ_Data/20260204_100739_beam2_az253.mat,
train,test,Background,0,20260204_100739_beam2_az262,20260204_100739,2,262.0,,,/home/tobeornot8259748/projects/balloon_radar_project/data/raw/detection_dataset/test/Background_IQ/IQ_Data/20260204_100739_beam2_az262.mat,
train,val,Background,0,20260204_100739_beam3_az001,20260204_100739,3,1.0,,,/home/tobeornot8259748/projects/balloon_radar_project/data/raw/detection_dataset/val/Background_IQ/IQ_Data/20260204_100739_beam3_az001.mat,
train,train,Background,0,20260204_100739_beam3_az010,20260204_100739,3,10.0,,,/home/tobeornot8259748/projects/balloon_radar_project/data/raw/detection_dataset/train/Background_IQ/IQ_Data/20260204_100739_beam3_az010.mat,
train,val,Background,0,20260204_100739_beam3_az019,20260204_100739,3,19.0,,,/home/tobeornot8259748/projects/balloon_radar_project/data/raw/detection_dataset/val/Background_IQ/IQ_Data/20260204_100739_beam3_az019.mat,
train,train,Background,0,20260204_100739_beam3_az028,20260204_100739,3,28.0,,,/home/tobeornot8259748/projects/balloon_radar_project/data/raw/detection_dataset/train/Background_IQ/IQ_Data/20260204_100739_beam3_az028.mat,
train,train,Background,0,20260204_100739_beam3_az037,20260204_100739,3,37.0,,,/home/tobeornot8259748/projects/balloon_radar_project/data/raw/detection_dataset/train/Background_IQ/IQ_Data/20260204_100739_beam3_az037.mat,
train,test,Background,0,20260204_100739_beam3_az046,20260204_100739,3,46.0,,,/home/tobeornot8259748/projects/balloon_radar_project/data/raw/detection_dataset/test/Background_IQ/IQ_Data/20260204_100739_beam3_az046.mat,
train,train,Background,0,20260204_100739_beam3_az055,20260204_100739,3,55.0,,,/home/tobeornot8259748/projects/balloon_radar_project/data/raw/detection_dataset/train/Background_IQ/IQ_Data/20260204_100739_beam3_az055.mat,
train,test,Background,0,20260204_100739_beam3_az064,20260204_100739,3,64.0,,,/home/tobeornot8259748/projects/balloon_radar_project/data/raw/detection_dataset/test/Background_IQ/IQ_Data/20260204_100739_beam3_az064.mat,
train,train,Background,0,20260204_100739_beam3_az073,20260204_100739,3,73.0,,,/home/tobeornot8259748/projects/balloon_radar_project/data/raw/detection_dataset/train/Background_IQ/IQ_Data/20260204_100739_beam3_az073.mat,
train,val,Background,0,20260204_100739_beam3_az082,20260204_100739,3,82.0,,,/home/tobeornot8259748/projects/balloon_radar_project/data/raw/detection_dataset/val/Background_IQ/IQ_Data/20260204_100739_beam3_az082.mat,
train,val,Background,0,20260204_100739_beam3_az091,20260204_100739,3,91.0,,,/home/tobeornot8259748/projects/balloon_radar_project/data/raw/detection_dataset/val/Background_IQ/IQ_Data/20260204_100739_beam3_az091.mat,
train,train,Background,0,20260204_100739_beam3_az100,20260204_100739,3,100.0,,,/home/tobeornot8259748/projects/balloon_radar_project/data/raw/detection_dataset/train/Background_IQ/IQ_Data/20260204_100739_beam3_az100.mat,
train,val,Background,0,20260204_100739_beam3_az109,20260204_100739,3,109.0,,,/home/tobeornot8259748/projects/balloon_radar_project/data/raw/detection_dataset/val/Background_IQ/IQ_Data/20260204_100739_beam3_az109.mat,
train,test,Background,0,20260204_100739_beam3_az118,20260204_100739,3,118.0,,,/home/tobeornot8259748/projects/balloon_radar_project/data/raw/detection_dataset/test/Background_IQ/IQ_Data/20260204_100739_beam3_az118.mat,
train,train,Background,0,20260204_100739_beam3_az127,20260204_100739,3,127.0,,,/home/tobeornot8259748/projects/balloon_radar_project/data/raw/detection_dataset/train/Background_IQ/IQ_Data/20260204_100739_beam3_az127.mat,
train,train,Background,0,20260204_100739_beam3_az136,20260204_100739,3,136.0,,,/home/tobeornot8259748/projects/balloon_radar_project/data/raw/detection_dataset/train/Background_IQ/IQ_Data/20260204_100739_beam3_az136.mat,
train,train,Background,0,20260204_100739_beam3_az145,20260204_100739,3,145.0,,,/home/tobeornot8259748/projects/balloon_radar_project/data/raw/detection_dataset/train/Background_IQ/IQ_Data/20260204_100739_beam3_az145.mat,
train,val,Background,0,20260204_100739_beam3_az154,20260204_100739,3,154.0,,,/home/tobeornot8259748/projects/balloon_radar_project/data/raw/detection_dataset/val/Background_IQ/IQ_Data/20260204_100739_beam3_az154.mat,
train,train,Background,0,20260204_100739_beam3_az163,20260204_100739,3,163.0,,,/home/tobeornot8259748/projects/balloon_radar_project/data/raw/detection_dataset/train/Background_IQ/IQ_Data/20260204_100739_beam3_az163.mat,
train,train,Background,0,20260204_100739_beam3_az172,20260204_100739,3,172.0,,,/home/tobeornot8259748/projects/balloon_radar_project/data/raw/detection_dataset/train/Background_IQ/IQ_Data/20260204_100739_beam3_az172.mat,
train,val,Background,0,20260204_100739_beam3_az181,20260204_100739,3,181.0,,,/home/tobeornot8259748/projects/balloon_radar_project/data/raw/detection_dataset/val/Background_IQ/IQ_Data/20260204_100739_beam3_az181.mat,
train,train,Background,0,20260204_100739_beam3_az190,20260204_100739,3,190.0,,,/home/tobeornot8259748/projects/balloon_radar_project/data/raw/detection_dataset/train/Background_IQ/IQ_Data/20260204_100739_beam3_az190.mat,
train,train,Background,0,20260204_100739_beam3_az199,20260204_100739,3,199.0,,,/home/tobeornot8259748/projects/balloon_radar_project/data/raw/detection_dataset/train/Background_IQ/IQ_Data/20260204_100739_beam3_az199.mat,
train,train,Background,0,20260204_100739_beam3_az208,20260204_100739,3,208.0,,,/home/tobeornot8259748/projects/balloon_radar_project/data/raw/detection_dataset/train/Background_IQ/IQ_Data/20260204_100739_beam3_az208.mat,
train,train,Background,0,20260204_100739_beam3_az217,20260204_100739,3,217.0,,,/home/tobeornot8259748/projects/balloon_radar_project/data/raw/detection_dataset/train/Background_IQ/IQ_Data/20260204_100739_beam3_az217.mat,
train,train,Background,0,20260204_100739_beam3_az226,20260204_100739,3,226.0,,,/home/tobeornot8259748/projects/balloon_radar_project/data/raw/detection_dataset/train/Background_IQ/IQ_Data/20260204_100739_beam3_az226.mat,
train,train,Background,0,20260204_100739_beam3_az235,20260204_100739,3,235.0,,,/home/tobeornot8259748/projects/balloon_radar_project/data/raw/detection_dataset/train/Background_IQ/IQ_Data/20260204_100739_beam3_az235.mat,
train,val,Background,0,20260204_100739_beam3_az244,20260204_100739,3,244.0,,,/home/tobeornot8259748/projects/balloon_radar_project/data/raw/detection_dataset/val/Background_IQ/IQ_Data/20260204_100739_beam3_az244.mat,
train,train,Background,0,20260204_100739_beam3_az253,20260204_100739,3,253.0,,,/home/tobeornot8259748/projects/balloon_radar_project/data/raw/detection_dataset/train/Background_IQ/IQ_Data/20260204_100739_beam3_az253.mat,
train,train,Background,0,20260204_100739_beam3_az262,20260204_100739,3,262.0,,,/home/tobeornot8259748/projects/balloon_radar_project/data/raw/detection_dataset/train/Background_IQ/IQ_Data/20260204_100739_beam3_az262.mat,
train,train,Background,0,20260204_100739_beam4_az001,20260204_100739,4,1.0,,,/home/tobeornot8259748/projects/balloon_radar_project/data/raw/detection_dataset/train/Background_IQ/IQ_Data/20260204_100739_beam4_az001.mat,
train,train,Background,0,20260204_100739_beam4_az010,20260204_100739,4,10.0,,,/home/tobeornot8259748/projects/balloon_radar_project/data/raw/detection_dataset/train/Background_IQ/IQ_Data/20260204_100739_beam4_az010.mat,
train,train,Background,0,20260204_100739_beam4_az019,20260204_100739,4,19.0,,,/home/tobeornot8259748/projects/balloon_radar_project/data/raw/detection_dataset/train/Background_IQ/IQ_Data/20260204_100739_beam4_az019.mat,
train,test,Background,0,20260204_100739_beam4_az028,20260204_100739,4,28.0,,,/home/tobeornot8259748/projects/balloon_radar_project/data/raw/detection_dataset/test/Background_IQ/IQ_Data/20260204_100739_beam4_az028.mat,
train,train,Background,0,20260204_100739_beam4_az037,20260204_100739,4,37.0,,,/home/tobeornot8259748/projects/balloon_radar_project/data/raw/detection_dataset/train/Background_IQ/IQ_Data/20260204_100739_beam4_az037.mat,
train,val,Background,0,20260204_100739_beam4_az046,20260204_100739,4,46.0,,,/home/tobeornot8259748/projects/balloon_radar_project/data/raw/detection_dataset/val/Background_IQ/IQ_Data/20260204_100739_beam4_az046.mat,
train,val,Background,0,20260204_100739_beam4_az055,20260204_100739,4,55.0,,,/home/tobeornot8259748/projects/balloon_radar_project/data/raw/detection_dataset/val/Background_IQ/IQ_Data/20260204_100739_beam4_az055.mat,
train,train,Background,0,20260204_100739_beam4_az064,20260204_100739,4,64.0,,,/home/tobeornot8259748/projects/balloon_radar_project/data/raw/detection_dataset/train/Background_IQ/IQ_Data/20260204_100739_beam4_az064.mat,
train,train,Background,0,20260204_100739_beam4_az073,20260204_100739,4,73.0,,,/home/tobeornot8259748/projects/balloon_radar_project/data/raw/detection_dataset/train/Background_IQ/IQ_Data/20260204_100739_beam4_az073.mat,
train,val,Background,0,20260204_100739_beam4_az082,20260204_100739,4,82.0,,,/home/tobeornot8259748/projects/balloon_radar_project/data/raw/detection_dataset/val/Background_IQ/IQ_Data/20260204_100739_beam4_az082.mat,
train,val,Background,0,20260204_100739_beam4_az091,20260204_100739,4,91.0,,,/home/tobeornot8259748/projects/balloon_radar_project/data/raw/detection_dataset/val/Background_IQ/IQ_Data/20260204_100739_beam4_az091.mat,
train,train,Background,0,20260204_100739_beam4_az100,20260204_100739,4,100.0,,,/home/tobeornot8259748/projects/balloon_radar_project/data/raw/detection_dataset/train/Background_IQ/IQ_Data/20260204_100739_beam4_az100.mat,
train,train,Background,0,20260204_100739_beam4_az109,20260204_100739,4,109.0,,,/home/tobeornot8259748/projects/balloon_radar_project/data/raw/detection_dataset/train/Background_IQ/IQ_Data/20260204_100739_beam4_az109.mat,
train,train,Background,0,20260204_100739_beam4_az118,20260204_100739,4,118.0,,,/home/tobeornot8259748/projects/balloon_radar_project/data/raw/detection_dataset/train/Background_IQ/IQ_Data/20260204_100739_beam4_az118.mat,
train,train,Background,0,20260204_100739_beam4_az127,20260204_100739,4,127.0,,,/home/tobeornot8259748/projects/balloon_radar_project/data/raw/detection_dataset/train/Background_IQ/IQ_Data/20260204_100739_beam4_az127.mat,
train,train,Background,0,20260204_100739_beam4_az136,20260204_100739,4,136.0,,,/home/tobeornot8259748/projects/balloon_radar_project/data/raw/detection_dataset/train/Background_IQ/IQ_Data/20260204_100739_beam4_az136.mat,
train,train,Background,0,20260204_100739_beam4_az145,20260204_100739,4,145.0,,,/home/tobeornot8259748/projects/balloon_radar_project/data/raw/detection_dataset/train/Background_IQ/IQ_Data/20260204_100739_beam4_az145.mat,
train,train,Background,0,20260204_100739_beam4_az154,20260204_100739,4,154.0,,,/home/tobeornot8259748/projects/balloon_radar_project/data/raw/detection_dataset/train/Background_IQ/IQ_Data/20260204_100739_beam4_az154.mat,
train,test,Background,0,20260204_100739_beam4_az163,20260204_100739,4,163.0,,,/home/tobeornot8259748/projects/balloon_radar_project/data/raw/detection_dataset/test/Background_IQ/IQ_Data/20260204_100739_beam4_az163.mat,
train,train,Background,0,20260204_100739_beam4_az172,20260204_100739,4,172.0,,,/home/tobeornot8259748/projects/balloon_radar_project/data/raw/detection_dataset/train/Background_IQ/IQ_Data/20260204_100739_beam4_az172.mat,
train,train,Background,0,20260204_100739_beam4_az181,20260204_100739,4,181.0,,,/home/tobeornot8259748/projects/balloon_radar_project/data/raw/detection_dataset/train/Background_IQ/IQ_Data/20260204_100739_beam4_az181.mat,
train,val,Background,0,20260204_100739_beam4_az190,20260204_100739,4,190.0,,,/home/tobeornot8259748/projects/balloon_radar_project/data/raw/detection_dataset/val/Background_IQ/IQ_Data/20260204_100739_beam4_az190.mat,
train,test,Background,0,20260204_100739_beam4_az199,20260204_100739,4,199.0,,,/home/tobeornot8259748/projects/balloon_radar_project/data/raw/detection_dataset/test/Background_IQ/IQ_Data/20260204_100739_beam4_az199.mat,
train,train,Background,0,20260204_100739_beam4_az208,20260204_100739,4,208.0,,,/home/tobeornot8259748/projects/balloon_radar_project/data/raw/detection_dataset/train/Background_IQ/IQ_Data/20260204_100739_beam4_az208.mat,
train,test,Background,0,20260204_100739_beam4_az217,20260204_100739,4,217.0,,,/home/tobeornot8259748/projects/balloon_radar_project/data/raw/detection_dataset/test/Background_IQ/IQ_Data/20260204_100739_beam4_az217.mat,
train,train,Background,0,20260204_100739_beam4_az226,20260204_100739,4,226.0,,,/home/tobeornot8259748/projects/balloon_radar_project/data/raw/detection_dataset/train/Background_IQ/IQ_Data/20260204_100739_beam4_az226.mat,
train,train,Background,0,20260204_100739_beam4_az235,20260204_100739,4,235.0,,,/home/tobeornot8259748/projects/balloon_radar_project/data/raw/detection_dataset/train/Background_IQ/IQ_Data/20260204_100739_beam4_az235.mat,
train,test,Background,0,20260204_100739_beam4_az244,20260204_100739,4,244.0,,,/home/tobeornot8259748/projects/balloon_radar_project/data/raw/detection_dataset/test/Background_IQ/IQ_Data/20260204_100739_beam4_az244.mat,
train,train,Background,0,20260204_100739_beam4_az253,20260204_100739,4,253.0,,,/home/tobeornot8259748/projects/balloon_radar_project/data/raw/detection_dataset/train/Background_IQ/IQ_Data/20260204_100739_beam4_az253.mat,
train,train,Background,0,20260204_100739_beam4_az262,20260204_100739,4,262.0,,,/home/tobeornot8259748/projects/balloon_radar_project/data/raw/detection_dataset/train/Background_IQ/IQ_Data/20260204_100739_beam4_az262.mat,
train,train,Background,0,20260204_100739_beam5_az001,20260204_100739,5,1.0,,,/home/tobeornot8259748/projects/balloon_radar_project/data/raw/detection_dataset/train/Background_IQ/IQ_Data/20260204_100739_beam5_az001.mat,
train,train,Background,0,20260204_100739_beam5_az010,20260204_100739,5,10.0,,,/home/tobeornot8259748/projects/balloon_radar_project/data/raw/detection_dataset/train/Background_IQ/IQ_Data/20260204_100739_beam5_az010.mat,
train,train,Background,0,20260204_100739_beam5_az019,20260204_100739,5,19.0,,,/home/tobeornot8259748/projects/balloon_radar_project/data/raw/detection_dataset/train/Background_IQ/IQ_Data/20260204_100739_beam5_az019.mat,
train,val,Background,0,20260204_100739_beam5_az028,20260204_100739,5,28.0,,,/home/tobeornot8259748/projects/balloon_radar_project/data/raw/detection_dataset/val/Background_IQ/IQ_Data/20260204_100739_beam5_az028.mat,
train,train,Background,0,20260204_100739_beam5_az037,20260204_100739,5,37.0,,,/home/tobeornot8259748/projects/balloon_radar_project/data/raw/detection_dataset/train/Background_IQ/IQ_Data/20260204_100739_beam5_az037.mat,
train,train,Background,0,20260204_100739_beam5_az046,20260204_100739,5,46.0,,,/home/tobeornot8259748/projects/balloon_radar_project/data/raw/detection_dataset/train/Background_IQ/IQ_Data/20260204_100739_beam5_az046.mat,
train,train,Background,0,20260204_100739_beam5_az055,20260204_100739,5,55.0,,,/home/tobeornot8259748/projects/balloon_radar_project/data/raw/detection_dataset/train/Background_IQ/IQ_Data/20260204_100739_beam5_az055.mat,
train,train,Background,0,20260204_100739_beam5_az064,20260204_100739,5,64.0,,,/home/tobeornot8259748/projects/balloon_radar_project/data/raw/detection_dataset/train/Background_IQ/IQ_Data/20260204_100739_beam5_az064.mat,
train,val,Background,0,20260204_100739_beam5_az073,20260204_100739,5,73.0,,,/home/tobeornot8259748/projects/balloon_radar_project/data/raw/detection_dataset/val/Background_IQ/IQ_Data/20260204_100739_beam5_az073.mat,
train,train,Background,0,20260204_100739_beam5_az082,20260204_100739,5,82.0,,,/home/tobeornot8259748/projects/balloon_radar_project/data/raw/detection_dataset/train/Background_IQ/IQ_Data/20260204_100739_beam5_az082.mat,
train,train,Background,0,20260204_100739_beam5_az091,20260204_100739,5,91.0,,,/home/tobeornot8259748/projects/balloon_radar_project/data/raw/detection_dataset/train/Background_IQ/IQ_Data/20260204_100739_beam5_az091.mat,
train,val,Background,0,20260204_100739_beam5_az100,20260204_100739,5,100.0,,,/home/tobeornot8259748/projects/balloon_radar_project/data/raw/detection_dataset/val/Background_IQ/IQ_Data/20260204_100739_beam5_az100.mat,
train,train,Background,0,20260204_100739_beam5_az109,20260204_100739,5,109.0,,,/home/tobeornot8259748/projects/balloon_radar_project/data/raw/detection_dataset/train/Background_IQ/IQ_Data/20260204_100739_beam5_az109.mat,
train,train,Background,0,20260204_100739_beam5_az118,20260204_100739,5,118.0,,,/home/tobeornot8259748/projects/balloon_radar_project/data/raw/detection_dataset/train/Background_IQ/IQ_Data/20260204_100739_beam5_az118.mat,
train,train,Background,0,20260204_100739_beam5_az127,20260204_100739,5,127.0,,,/home/tobeornot8259748/projects/balloon_radar_project/data/raw/detection_dataset/train/Background_IQ/IQ_Data/20260204_100739_beam5_az127.mat,
train,val,Background,0,20260204_100739_beam5_az136,20260204_100739,5,136.0,,,/home/tobeornot8259748/projects/balloon_radar_project/data/raw/detection_dataset/val/Background_IQ/IQ_Data/20260204_100739_beam5_az136.mat,
train,train,Background,0,20260204_100739_beam5_az145,20260204_100739,5,145.0,,,/home/tobeornot8259748/projects/balloon_radar_project/data/raw/detection_dataset/train/Background_IQ/IQ_Data/20260204_100739_beam5_az145.mat,
train,train,Background,0,20260204_100739_beam5_az154,20260204_100739,5,154.0,,,/home/tobeornot8259748/projects/balloon_radar_project/data/raw/detection_dataset/train/Background_IQ/IQ_Data/20260204_100739_beam5_az154.mat,
train,train,Background,0,20260204_100739_beam5_az163,20260204_100739,5,163.0,,,/home/tobeornot8259748/projects/balloon_radar_project/data/raw/detection_dataset/train/Background_IQ/IQ_Data/20260204_100739_beam5_az163.mat,
train,train,Background,0,20260204_100739_beam5_az172,20260204_100739,5,172.0,,,/home/tobeornot8259748/projects/balloon_radar_project/data/raw/detection_dataset/train/Background_IQ/IQ_Data/20260204_100739_beam5_az172.mat,
train,train,Background,0,20260204_100739_beam5_az181,20260204_100739,5,181.0,,,/home/tobeornot8259748/projects/balloon_radar_project/data/raw/detection_dataset/train/Background_IQ/IQ_Data/20260204_100739_beam5_az181.mat,
train,test,Background,0,20260204_100739_beam5_az190,20260204_100739,5,190.0,,,/home/tobeornot8259748/projects/balloon_radar_project/data/raw/detection_dataset/test/Background_IQ/IQ_Data/20260204_100739_beam5_az190.mat,
train,test,Background,0,20260204_100739_beam5_az199,20260204_100739,5,199.0,,,/home/tobeornot8259748/projects/balloon_radar_project/data/raw/detection_dataset/test/Background_IQ/IQ_Data/20260204_100739_beam5_az199.mat,
train,val,Background,0,20260204_100739_beam5_az208,20260204_100739,5,208.0,,,/home/tobeornot8259748/projects/balloon_radar_project/data/raw/detection_dataset/val/Background_IQ/IQ_Data/20260204_100739_beam5_az208.mat,
train,train,Background,0,20260204_100739_beam5_az217,20260204_100739,5,217.0,,,/home/tobeornot8259748/projects/balloon_radar_project/data/raw/detection_dataset/train/Background_IQ/IQ_Data/20260204_100739_beam5_az217.mat,
train,train,Background,0,20260204_100739_beam5_az226,20260204_100739,5,226.0,,,/home/tobeornot8259748/projects/balloon_radar_project/data/raw/detection_dataset/train/Background_IQ/IQ_Data/20260204_100739_beam5_az226.mat,
train,test,Background,0,20260204_100739_beam5_az235,20260204_100739,5,235.0,,,/home/tobeornot8259748/projects/balloon_radar_project/data/raw/detection_dataset/test/Background_IQ/IQ_Data/20260204_100739_beam5_az235.mat,
train,train,Background,0,20260204_100739_beam5_az244,20260204_100739,5,244.0,,,/home/tobeornot8259748/projects/balloon_radar_project/data/raw/detection_dataset/train/Background_IQ/IQ_Data/20260204_100739_beam5_az244.mat,
train,train,Background,0,20260204_100739_beam5_az253,20260204_100739,5,253.0,,,/home/tobeornot8259748/projects/balloon_radar_project/data/raw/detection_dataset/train/Background_IQ/IQ_Data/20260204_100739_beam5_az253.mat,
train,train,Background,0,20260204_100739_beam5_az262,20260204_100739,5,262.0,,,/home/tobeornot8259748/projects/balloon_radar_project/data/raw/detection_dataset/train/Background_IQ/IQ_Data/20260204_100739_beam5_az262.mat,
train,train,Background,0,20260204_100802_beam1_az001,20260204_100802,1,1.0,,,/home/tobeornot8259748/projects/balloon_radar_project/data/raw/detection_dataset/train/Background_IQ/IQ_Data/20260204_100802_beam1_az001.mat,
train,train,Background,0,20260204_100802_beam1_az010,20260204_100802,1,10.0,,,/home/tobeornot8259748/projects/balloon_radar_project/data/raw/detection_dataset/train/Background_IQ/IQ_Data/20260204_100802_beam1_az010.mat,
train,train,Background,0,20260204_100802_beam1_az019,20260204_100802,1,19.0,,,/home/tobeornot8259748/projects/balloon_radar_project/data/raw/detection_dataset/train/Background_IQ/IQ_Data/20260204_100802_beam1_az019.mat,
train,train,Background,0,20260204_100802_beam1_az028,20260204_100802,1,28.0,,,/home/tobeornot8259748/projects/balloon_radar_project/data/raw/detection_dataset/train/Background_IQ/IQ_Data/20260204_100802_beam1_az028.mat,
train,train,Background,0,20260204_100802_beam1_az037,20260204_100802,1,37.0,,,/home/tobeornot8259748/projects/balloon_radar_project/data/raw/detection_dataset/train/Background_IQ/IQ_Data/20260204_100802_beam1_az037.mat,
train,train,Background,0,20260204_100802_beam1_az046,20260204_100802,1,46.0,,,/home/tobeornot8259748/projects/balloon_radar_project/data/raw/detection_dataset/train/Background_IQ/IQ_Data/20260204_100802_beam1_az046.mat,
train,test,Background,0,20260204_100802_beam1_az055,20260204_100802,1,55.0,,,/home/tobeornot8259748/projects/balloon_radar_project/data/raw/detection_dataset/test/Background_IQ/IQ_Data/20260204_100802_beam1_az055.mat,
train,train,Background,0,20260204_100802_beam1_az064,20260204_100802,1,64.0,,,/home/tobeornot8259748/projects/balloon_radar_project/data/raw/detection_dataset/train/Background_IQ/IQ_Data/20260204_100802_beam1_az064.mat,
train,val,Background,0,20260204_100802_beam1_az073,20260204_100802,1,73.0,,,/home/tobeornot8259748/projects/balloon_radar_project/data/raw/detection_dataset/val/Background_IQ/IQ_Data/20260204_100802_beam1_az073.mat,
train,train,Background,0,20260204_100802_beam1_az082,20260204_100802,1,82.0,,,/home/tobeornot8259748/projects/balloon_radar_project/data/raw/detection_dataset/train/Background_IQ/IQ_Data/20260204_100802_beam1_az082.mat,
train,train,Background,0,20260204_100802_beam1_az091,20260204_100802,1,91.0,,,/home/tobeornot8259748/projects/balloon_radar_project/data/raw/detection_dataset/train/Background_IQ/IQ_Data/20260204_100802_beam1_az091.mat,
train,test,Background,0,20260204_100802_beam1_az100,20260204_100802,1,100.0,,,/home/tobeornot8259748/projects/balloon_radar_project/data/raw/detection_dataset/test/Background_IQ/IQ_Data/20260204_100802_beam1_az100.mat,
train,train,Background,0,20260204_100802_beam1_az109,20260204_100802,1,109.0,,,/home/tobeornot8259748/projects/balloon_radar_project/data/raw/detection_dataset/train/Background_IQ/IQ_Data/20260204_100802_beam1_az109.mat,
train,test,Background,0,20260204_100802_beam1_az118,20260204_100802,1,118.0,,,/home/tobeornot8259748/projects/balloon_radar_project/data/raw/detection_dataset/test/Background_IQ/IQ_Data/20260204_100802_beam1_az118.mat,
train,train,Background,0,20260204_100802_beam1_az127,20260204_100802,1,127.0,,,/home/tobeornot8259748/projects/balloon_radar_project/data/raw/detection_dataset/train/Background_IQ/IQ_Data/20260204_100802_beam1_az127.mat,
train,test,Background,0,20260204_100802_beam1_az136,20260204_100802,1,136.0,,,/home/tobeornot8259748/projects/balloon_radar_project/data/raw/detection_dataset/test/Background_IQ/IQ_Data/20260204_100802_beam1_az136.mat,
train,test,Background,0,20260204_100802_beam1_az145,20260204_100802,1,145.0,,,/home/tobeornot8259748/projects/balloon_radar_project/data/raw/detection_dataset/test/Background_IQ/IQ_Data/20260204_100802_beam1_az145.mat,
train,test,Background,0,20260204_100802_beam1_az154,20260204_100802,1,154.0,,,/home/tobeornot8259748/projects/balloon_radar_project/data/raw/detection_dataset/test/Background_IQ/IQ_Data/20260204_100802_beam1_az154.mat,
train,val,Background,0,20260204_100802_beam1_az163,20260204_100802,1,163.0,,,/home/tobeornot8259748/projects/balloon_radar_project/data/raw/detection_dataset/val/Background_IQ/IQ_Data/20260204_100802_beam1_az163.mat,
train,val,Background,0,20260204_100802_beam1_az172,20260204_100802,1,172.0,,,/home/tobeornot8259748/projects/balloon_radar_project/data/raw/detection_dataset/val/Background_IQ/IQ_Data/20260204_100802_beam1_az172.mat,
train,val,Background,0,20260204_100802_beam1_az181,20260204_100802,1,181.0,,,/home/tobeornot8259748/projects/balloon_radar_project/data/raw/detection_dataset/val/Background_IQ/IQ_Data/20260204_100802_beam1_az181.mat,
train,train,Background,0,20260204_100802_beam1_az190,20260204_100802,1,190.0,,,/home/tobeornot8259748/projects/balloon_radar_project/data/raw/detection_dataset/train/Background_IQ/IQ_Data/20260204_100802_beam1_az190.mat,
train,train,Background,0,20260204_100802_beam1_az199,20260204_100802,1,199.0,,,/home/tobeornot8259748/projects/balloon_radar_project/data/raw/detection_dataset/train/Background_IQ/IQ_Data/20260204_100802_beam1_az199.mat,
train,train,Background,0,20260204_100802_beam1_az208,20260204_100802,1,208.0,,,/home/tobeornot8259748/projects/balloon_radar_project/data/raw/detection_dataset/train/Background_IQ/IQ_Data/20260204_100802_beam1_az208.mat,
train,train,Background,0,20260204_100802_beam1_az217,20260204_100802,1,217.0,,,/home/tobeornot8259748/projects/balloon_radar_project/data/raw/detection_dataset/train/Background_IQ/IQ_Data/20260204_100802_beam1_az217.mat,
train,test,Background,0,20260204_100802_beam1_az226,20260204_100802,1,226.0,,,/home/tobeornot8259748/projects/balloon_radar_project/data/raw/detection_dataset/test/Background_IQ/IQ_Data/20260204_100802_beam1_az226.mat,
train,train,Background,0,20260204_100802_beam1_az235,20260204_100802,1,235.0,,,/home/tobeornot8259748/projects/balloon_radar_project/data/raw/detection_dataset/train/Background_IQ/IQ_Data/20260204_100802_beam1_az235.mat,
train,train,Background,0,20260204_100802_beam1_az244,20260204_100802,1,244.0,,,/home/tobeornot8259748/projects/balloon_radar_project/data/raw/detection_dataset/train/Background_IQ/IQ_Data/20260204_100802_beam1_az244.mat,
train,train,Background,0,20260204_100802_beam1_az253,20260204_100802,1,253.0,,,/home/tobeornot8259748/projects/balloon_radar_project/data/raw/detection_dataset/train/Background_IQ/IQ_Data/20260204_100802_beam1_az253.mat,
train,train,Background,0,20260204_100802_beam1_az262,20260204_100802,1,262.0,,,/home/tobeornot8259748/projects/balloon_radar_project/data/raw/detection_dataset/train/Background_IQ/IQ_Data/20260204_100802_beam1_az262.mat,
train,train,Background,0,20260204_100802_beam2_az001,20260204_100802,2,1.0,,,/home/tobeornot8259748/projects/balloon_radar_project/data/raw/detection_dataset/train/Background_IQ/IQ_Data/20260204_100802_beam2_az001.mat,
train,train,Background,0,20260204_100802_beam2_az010,20260204_100802,2,10.0,,,/home/tobeornot8259748/projects/balloon_radar_project/data/raw/detection_dataset/train/Background_IQ/IQ_Data/20260204_100802_beam2_az010.mat,
train,test,Background,0,20260204_100802_beam2_az019,20260204_100802,2,19.0,,,/home/tobeornot8259748/projects/balloon_radar_project/data/raw/detection_dataset/test/Background_IQ/IQ_Data/20260204_100802_beam2_az019.mat,
train,train,Background,0,20260204_100802_beam2_az028,20260204_100802,2,28.0,,,/home/tobeornot8259748/projects/balloon_radar_project/data/raw/detection_dataset/train/Background_IQ/IQ_Data/20260204_100802_beam2_az028.mat,
train,train,Background,0,20260204_100802_beam2_az037,20260204_100802,2,37.0,,,/home/tobeornot8259748/projects/balloon_radar_project/data/raw/detection_dataset/train/Background_IQ/IQ_Data/20260204_100802_beam2_az037.mat,
train,train,Background,0,20260204_100802_beam2_az046,20260204_100802,2,46.0,,,/home/tobeornot8259748/projects/balloon_radar_project/data/raw/detection_dataset/train/Background_IQ/IQ_Data/20260204_100802_beam2_az046.mat,
train,train,Background,0,20260204_100802_beam2_az055,20260204_100802,2,55.0,,,/home/tobeornot8259748/projects/balloon_radar_project/data/raw/detection_dataset/train/Background_IQ/IQ_Data/20260204_100802_beam2_az055.mat,
train,val,Background,0,20260204_100802_beam2_az064,20260204_100802,2,64.0,,,/home/tobeornot8259748/projects/balloon_radar_project/data/raw/detection_dataset/val/Background_IQ/IQ_Data/20260204_100802_beam2_az064.mat,
train,train,Background,0,20260204_100802_beam2_az073,20260204_100802,2,73.0,,,/home/tobeornot8259748/projects/balloon_radar_project/data/raw/detection_dataset/train/Background_IQ/IQ_Data/20260204_100802_beam2_az073.mat,
train,train,Background,0,20260204_100802_beam2_az082,20260204_100802,2,82.0,,,/home/tobeornot8259748/projects/balloon_radar_project/data/raw/detection_dataset/train/Background_IQ/IQ_Data/20260204_100802_beam2_az082.mat,
train,train,Background,0,20260204_100802_beam2_az091,20260204_100802,2,91.0,,,/home/tobeornot8259748/projects/balloon_radar_project/data/raw/detection_dataset/train/Background_IQ/IQ_Data/20260204_100802_beam2_az091.mat,
train,train,Background,0,20260204_100802_beam2_az100,20260204_100802,2,100.0,,,/home/tobeornot8259748/projects/balloon_radar_project/data/raw/detection_dataset/train/Background_IQ/IQ_Data/20260204_100802_beam2_az100.mat,
train,train,Background,0,20260204_100802_beam2_az109,20260204_100802,2,109.0,,,/home/tobeornot8259748/projects/balloon_radar_project/data/raw/detection_dataset/train/Background_IQ/IQ_Data/20260204_100802_beam2_az109.mat,
train,train,Background,0,20260204_100802_beam2_az118,20260204_100802,2,118.0,,,/home/tobeornot8259748/projects/balloon_radar_project/data/raw/detection_dataset/train/Background_IQ/IQ_Data/20260204_100802_beam2_az118.mat,
train,val,Background,0,20260204_100802_beam2_az127,20260204_100802,2,127.0,,,/home/tobeornot8259748/projects/balloon_radar_project/data/raw/detection_dataset/val/Background_IQ/IQ_Data/20260204_100802_beam2_az127.mat,
train,train,Background,0,20260204_100802_beam2_az136,20260204_100802,2,136.0,,,/home/tobeornot8259748/projects/balloon_radar_project/data/raw/detection_dataset/train/Background_IQ/IQ_Data/20260204_100802_beam2_az136.mat,
train,val,Background,0,20260204_100802_beam2_az145,20260204_100802,2,145.0,,,/home/tobeornot8259748/projects/balloon_radar_project/data/raw/detection_dataset/val/Background_IQ/IQ_Data/20260204_100802_beam2_az145.mat,
train,train,Background,0,20260204_100802_beam2_az154,20260204_100802,2,154.0,,,/home/tobeornot8259748/projects/balloon_radar_project/data/raw/detection_dataset/train/Background_IQ/IQ_Data/20260204_100802_beam2_az154.mat,
train,train,Background,0,20260204_100802_beam2_az163,20260204_100802,2,163.0,,,/home/tobeornot8259748/projects/balloon_radar_project/data/raw/detection_dataset/train/Background_IQ/IQ_Data/20260204_100802_beam2_az163.mat,
train,train,Background,0,20260204_100802_beam2_az172,20260204_100802,2,172.0,,,/home/tobeornot8259748/projects/balloon_radar_project/data/raw/detection_dataset/train/Background_IQ/IQ_Data/20260204_100802_beam2_az172.mat,
train,train,Background,0,20260204_100802_beam2_az181,20260204_100802,2,181.0,,,/home/tobeornot8259748/projects/balloon_radar_project/data/raw/detection_dataset/train/Background_IQ/IQ_Data/20260204_100802_beam2_az181.mat,
train,train,Background,0,20260204_100802_beam2_az190,20260204_100802,2,190.0,,,/home/tobeornot8259748/projects/balloon_radar_project/data/raw/detection_dataset/train/Background_IQ/IQ_Data/20260204_100802_beam2_az190.mat,
train,train,Background,0,20260204_100802_beam2_az199,20260204_100802,2,199.0,,,/home/tobeornot8259748/projects/balloon_radar_project/data/raw/detection_dataset/train/Background_IQ/IQ_Data/20260204_100802_beam2_az199.mat,
train,test,Background,0,20260204_100802_beam2_az208,20260204_100802,2,208.0,,,/home/tobeornot8259748/projects/balloon_radar_project/data/raw/detection_dataset/test/Background_IQ/IQ_Data/20260204_100802_beam2_az208.mat,
train,train,Background,0,20260204_100802_beam2_az217,20260204_100802,2,217.0,,,/home/tobeornot8259748/projects/balloon_radar_project/data/raw/detection_dataset/train/Background_IQ/IQ_Data/20260204_100802_beam2_az217.mat,
train,val,Background,0,20260204_100802_beam2_az226,20260204_100802,2,226.0,,,/home/tobeornot8259748/projects/balloon_radar_project/data/raw/detection_dataset/val/Background_IQ/IQ_Data/20260204_100802_beam2_az226.mat,
train,train,Background,0,20260204_100802_beam2_az235,20260204_100802,2,235.0,,,/home/tobeornot8259748/projects/balloon_radar_project/data/raw/detection_dataset/train/Background_IQ/IQ_Data/20260204_100802_beam2_az235.mat,
train,train,Background,0,20260204_100802_beam2_az244,20260204_100802,2,244.0,,,/home/tobeornot8259748/projects/balloon_radar_project/data/raw/detection_dataset/train/Background_IQ/IQ_Data/20260204_100802_beam2_az244.mat,
train,train,Background,0,20260204_100802_beam2_az253,20260204_100802,2,253.0,,,/home/tobeornot8259748/projects/balloon_radar_project/data/raw/detection_dataset/train/Background_IQ/IQ_Data/20260204_100802_beam2_az253.mat,
train,train,Background,0,20260204_100802_beam2_az262,20260204_100802,2,262.0,,,/home/tobeornot8259748/projects/balloon_radar_project/data/raw/detection_dataset/train/Background_IQ/IQ_Data/20260204_100802_beam2_az262.mat,
train,train,Background,0,20260204_100802_beam3_az001,20260204_100802,3,1.0,,,/home/tobeornot8259748/projects/balloon_radar_project/data/raw/detection_dataset/train/Background_IQ/IQ_Data/20260204_100802_beam3_az001.mat,
train,train,Background,0,20260204_100802_beam3_az010,20260204_100802,3,10.0,,,/home/tobeornot8259748/projects/balloon_radar_project/data/raw/detection_dataset/train/Background_IQ/IQ_Data/20260204_100802_beam3_az010.mat,
train,train,Background,0,20260204_100802_beam3_az019,20260204_100802,3,19.0,,,/home/tobeornot8259748/projects/balloon_radar_project/data/raw/detection_dataset/train/Background_IQ/IQ_Data/20260204_100802_beam3_az019.mat,
train,train,Background,0,20260204_100802_beam3_az028,20260204_100802,3,28.0,,,/home/tobeornot8259748/projects/balloon_radar_project/data/raw/detection_dataset/train/Background_IQ/IQ_Data/20260204_100802_beam3_az028.mat,
train,test,Background,0,20260204_100802_beam3_az037,20260204_100802,3,37.0,,,/home/tobeornot8259748/projects/balloon_radar_project/data/raw/detection_dataset/test/Background_IQ/IQ_Data/20260204_100802_beam3_az037.mat,
train,train,Background,0,20260204_100802_beam3_az046,20260204_100802,3,46.0,,,/home/tobeornot8259748/projects/balloon_radar_project/data/raw/detection_dataset/train/Background_IQ/IQ_Data/20260204_100802_beam3_az046.mat,
train,test,Background,0,20260204_100802_beam3_az055,20260204_100802,3,55.0,,,/home/tobeornot8259748/projects/balloon_radar_project/data/raw/detection_dataset/test/Background_IQ/IQ_Data/20260204_100802_beam3_az055.mat,
train,test,Background,0,20260204_100802_beam3_az064,20260204_100802,3,64.0,,,/home/tobeornot8259748/projects/balloon_radar_project/data/raw/detection_dataset/test/Background_IQ/IQ_Data/20260204_100802_beam3_az064.mat,
train,val,Background,0,20260204_100802_beam3_az073,20260204_100802,3,73.0,,,/home/tobeornot8259748/projects/balloon_radar_project/data/raw/detection_dataset/val/Background_IQ/IQ_Data/20260204_100802_beam3_az073.mat,
train,val,Background,0,20260204_100802_beam3_az082,20260204_100802,3,82.0,,,/home/tobeornot8259748/projects/balloon_radar_project/data/raw/detection_dataset/val/Background_IQ/IQ_Data/20260204_100802_beam3_az082.mat,
train,train,Background,0,20260204_100802_beam3_az091,20260204_100802,3,91.0,,,/home/tobeornot8259748/projects/balloon_radar_project/data/raw/detection_dataset/train/Background_IQ/IQ_Data/20260204_100802_beam3_az091.mat,
train,train,Background,0,20260204_100802_beam3_az100,20260204_100802,3,100.0,,,/home/tobeornot8259748/projects/balloon_radar_project/data/raw/detection_dataset/train/Background_IQ/IQ_Data/20260204_100802_beam3_az100.mat,
train,val,Background,0,20260204_100802_beam3_az109,20260204_100802,3,109.0,,,/home/tobeornot8259748/projects/balloon_radar_project/data/raw/detection_dataset/val/Background_IQ/IQ_Data/20260204_100802_beam3_az109.mat,
train,train,Background,0,20260204_100802_beam3_az118,20260204_100802,3,118.0,,,/home/tobeornot8259748/projects/balloon_radar_project/data/raw/detection_dataset/train/Background_IQ/IQ_Data/20260204_100802_beam3_az118.mat,
train,test,Background,0,20260204_100802_beam3_az127,20260204_100802,3,127.0,,,/home/tobeornot8259748/projects/balloon_radar_project/data/raw/detection_dataset/test/Background_IQ/IQ_Data/20260204_100802_beam3_az127.mat,
train,val,Background,0,20260204_100802_beam3_az136,20260204_100802,3,136.0,,,/home/tobeornot8259748/projects/balloon_radar_project/data/raw/detection_dataset/val/Background_IQ/IQ_Data/20260204_100802_beam3_az136.mat,
train,train,Background,0,20260204_100802_beam3_az145,20260204_100802,3,145.0,,,/home/tobeornot8259748/projects/balloon_radar_project/data/raw/detection_dataset/train/Background_IQ/IQ_Data/20260204_100802_beam3_az145.mat,
train,train,Background,0,20260204_100802_beam3_az154,20260204_100802,3,154.0,,,/home/tobeornot8259748/projects/balloon_radar_project/data/raw/detection_dataset/train/Background_IQ/IQ_Data/20260204_100802_beam3_az154.mat,
train,train,Background,0,20260204_100802_beam3_az163,20260204_100802,3,163.0,,,/home/tobeornot8259748/projects/balloon_radar_project/data/raw/detection_dataset/train/Background_IQ/IQ_Data/20260204_100802_beam3_az163.mat,
train,train,Background,0,20260204_100802_beam3_az172,20260204_100802,3,172.0,,,/home/tobeornot8259748/projects/balloon_radar_project/data/raw/detection_dataset/train/Background_IQ/IQ_Data/20260204_100802_beam3_az172.mat,
train,val,Background,0,20260204_100802_beam3_az181,20260204_100802,3,181.0,,,/home/tobeornot8259748/projects/balloon_radar_project/data/raw/detection_dataset/val/Background_IQ/IQ_Data/20260204_100802_beam3_az181.mat,
train,train,Background,0,20260204_100802_beam3_az190,20260204_100802,3,190.0,,,/home/tobeornot8259748/projects/balloon_radar_project/data/raw/detection_dataset/train/Background_IQ/IQ_Data/20260204_100802_beam3_az190.mat,
train,train,Background,0,20260204_100802_beam3_az199,20260204_100802,3,199.0,,,/home/tobeornot8259748/projects/balloon_radar_project/data/raw/detection_dataset/train/Background_IQ/IQ_Data/20260204_100802_beam3_az199.mat,
train,train,Background,0,20260204_100802_beam3_az208,20260204_100802,3,208.0,,,/home/tobeornot8259748/projects/balloon_radar_project/data/raw/detection_dataset/train/Background_IQ/IQ_Data/20260204_100802_beam3_az208.mat,
train,test,Background,0,20260204_100802_beam3_az217,20260204_100802,3,217.0,,,/home/tobeornot8259748/projects/balloon_radar_project/data/raw/detection_dataset/test/Background_IQ/IQ_Data/20260204_100802_beam3_az217.mat,
train,val,Background,0,20260204_100802_beam3_az226,20260204_100802,3,226.0,,,/home/tobeornot8259748/projects/balloon_radar_project/data/raw/detection_dataset/val/Background_IQ/IQ_Data/20260204_100802_beam3_az226.mat,
train,train,Background,0,20260204_100802_beam3_az235,20260204_100802,3,235.0,,,/home/tobeornot8259748/projects/balloon_radar_project/data/raw/detection_dataset/train/Background_IQ/IQ_Data/20260204_100802_beam3_az235.mat,
train,train,Background,0,20260204_100802_beam3_az244,20260204_100802,3,244.0,,,/home/tobeornot8259748/projects/balloon_radar_project/data/raw/detection_dataset/train/Background_IQ/IQ_Data/20260204_100802_beam3_az244.mat,
train,train,Background,0,20260204_100802_beam3_az253,20260204_100802,3,253.0,,,/home/tobeornot8259748/projects/balloon_radar_project/data/raw/detection_dataset/train/Background_IQ/IQ_Data/20260204_100802_beam3_az253.mat,
train,train,Background,0,20260204_100802_beam3_az262,20260204_100802,3,262.0,,,/home/tobeornot8259748/projects/balloon_radar_project/data/raw/detection_dataset/train/Background_IQ/IQ_Data/20260204_100802_beam3_az262.mat,
train,train,Background,0,20260204_100802_beam4_az001,20260204_100802,4,1.0,,,/home/tobeornot8259748/projects/balloon_radar_project/data/raw/detection_dataset/train/Background_IQ/IQ_Data/20260204_100802_beam4_az001.mat,
train,train,Background,0,20260204_100802_beam4_az010,20260204_100802,4,10.0,,,/home/tobeornot8259748/projects/balloon_radar_project/data/raw/detection_dataset/train/Background_IQ/IQ_Data/20260204_100802_beam4_az010.mat,
train,val,Background,0,20260204_100802_beam4_az019,20260204_100802,4,19.0,,,/home/tobeornot8259748/projects/balloon_radar_project/data/raw/detection_dataset/val/Background_IQ/IQ_Data/20260204_100802_beam4_az019.mat,
train,val,Background,0,20260204_100802_beam4_az028,20260204_100802,4,28.0,,,/home/tobeornot8259748/projects/balloon_radar_project/data/raw/detection_dataset/val/Background_IQ/IQ_Data/20260204_100802_beam4_az028.mat,
train,train,Background,0,20260204_100802_beam4_az037,20260204_100802,4,37.0,,,/home/tobeornot8259748/projects/balloon_radar_project/data/raw/detection_dataset/train/Background_IQ/IQ_Data/20260204_100802_beam4_az037.mat,
train,test,Background,0,20260204_100802_beam4_az046,20260204_100802,4,46.0,,,/home/tobeornot8259748/projects/balloon_radar_project/data/raw/detection_dataset/test/Background_IQ/IQ_Data/20260204_100802_beam4_az046.mat,
train,test,Background,0,20260204_100802_beam4_az055,20260204_100802,4,55.0,,,/home/tobeornot8259748/projects/balloon_radar_project/data/raw/detection_dataset/test/Background_IQ/IQ_Data/20260204_100802_beam4_az055.mat,
train,train,Background,0,20260204_100802_beam4_az064,20260204_100802,4,64.0,,,/home/tobeornot8259748/projects/balloon_radar_project/data/raw/detection_dataset/train/Background_IQ/IQ_Data/20260204_100802_beam4_az064.mat,
train,val,Background,0,20260204_100802_beam4_az073,20260204_100802,4,73.0,,,/home/tobeornot8259748/projects/balloon_radar_project/data/raw/detection_dataset/val/Background_IQ/IQ_Data/20260204_100802_beam4_az073.mat,
train,train,Background,0,20260204_100802_beam4_az082,20260204_100802,4,82.0,,,/home/tobeornot8259748/projects/balloon_radar_project/data/raw/detection_dataset/train/Background_IQ/IQ_Data/20260204_100802_beam4_az082.mat,
train,test,Background,0,20260204_100802_beam4_az091,20260204_100802,4,91.0,,,/home/tobeornot8259748/projects/balloon_radar_project/data/raw/detection_dataset/test/Background_IQ/IQ_Data/20260204_100802_beam4_az091.mat,
train,train,Background,0,20260204_100802_beam4_az100,20260204_100802,4,100.0,,,/home/tobeornot8259748/projects/balloon_radar_project/data/raw/detection_dataset/train/Background_IQ/IQ_Data/20260204_100802_beam4_az100.mat,
train,test,Background,0,20260204_100802_beam4_az109,20260204_100802,4,109.0,,,/home/tobeornot8259748/projects/balloon_radar_project/data/raw/detection_dataset/test/Background_IQ/IQ_Data/20260204_100802_beam4_az109.mat,
train,val,Background,0,20260204_100802_beam4_az118,20260204_100802,4,118.0,,,/home/tobeornot8259748/projects/balloon_radar_project/data/raw/detection_dataset/val/Background_IQ/IQ_Data/20260204_100802_beam4_az118.mat,
train,val,Background,0,20260204_100802_beam4_az127,20260204_100802,4,127.0,,,/home/tobeornot8259748/projects/balloon_radar_project/data/raw/detection_dataset/val/Background_IQ/IQ_Data/20260204_100802_beam4_az127.mat,
train,val,Background,0,20260204_100802_beam4_az136,20260204_100802,4,136.0,,,/home/tobeornot8259748/projects/balloon_radar_project/data/raw/detection_dataset/val/Background_IQ/IQ_Data/20260204_100802_beam4_az136.mat,
train,train,Background,0,20260204_100802_beam4_az145,20260204_100802,4,145.0,,,/home/tobeornot8259748/projects/balloon_radar_project/data/raw/detection_dataset/train/Background_IQ/IQ_Data/20260204_100802_beam4_az145.mat,
train,test,Background,0,20260204_100802_beam4_az154,20260204_100802,4,154.0,,,/home/tobeornot8259748/projects/balloon_radar_project/data/raw/detection_dataset/test/Background_IQ/IQ_Data/20260204_100802_beam4_az154.mat,
train,train,Background,0,20260204_100802_beam4_az163,20260204_100802,4,163.0,,,/home/tobeornot8259748/projects/balloon_radar_project/data/raw/detection_dataset/train/Background_IQ/IQ_Data/20260204_100802_beam4_az163.mat,
train,train,Background,0,20260204_100802_beam4_az172,20260204_100802,4,172.0,,,/home/tobeornot8259748/projects/balloon_radar_project/data/raw/detection_dataset/train/Background_IQ/IQ_Data/20260204_100802_beam4_az172.mat,
train,train,Background,0,20260204_100802_beam4_az181,20260204_100802,4,181.0,,,/home/tobeornot8259748/projects/balloon_radar_project/data/raw/detection_dataset/train/Background_IQ/IQ_Data/20260204_100802_beam4_az181.mat,
train,train,Background,0,20260204_100802_beam4_az190,20260204_100802,4,190.0,,,/home/tobeornot8259748/projects/balloon_radar_project/data/raw/detection_dataset/train/Background_IQ/IQ_Data/20260204_100802_beam4_az190.mat,
train,train,Background,0,20260204_100802_beam4_az199,20260204_100802,4,199.0,,,/home/tobeornot8259748/projects/balloon_radar_project/data/raw/detection_dataset/train/Background_IQ/IQ_Data/20260204_100802_beam4_az199.mat,
train,train,Background,0,20260204_100802_beam4_az208,20260204_100802,4,208.0,,,/home/tobeornot8259748/projects/balloon_radar_project/data/raw/detection_dataset/train/Background_IQ/IQ_Data/20260204_100802_beam4_az208.mat,
train,train,Background,0,20260204_100802_beam4_az217,20260204_100802,4,217.0,,,/home/tobeornot8259748/projects/balloon_radar_project/data/raw/detection_dataset/train/Background_IQ/IQ_Data/20260204_100802_beam4_az217.mat,
train,train,Background,0,20260204_100802_beam4_az226,20260204_100802,4,226.0,,,/home/tobeornot8259748/projects/balloon_radar_project/data/raw/detection_dataset/train/Background_IQ/IQ_Data/20260204_100802_beam4_az226.mat,
train,train,Background,0,20260204_100802_beam4_az235,20260204_100802,4,235.0,,,/home/tobeornot8259748/projects/balloon_radar_project/data/raw/detection_dataset/train/Background_IQ/IQ_Data/20260204_100802_beam4_az235.mat,
train,train,Background,0,20260204_100802_beam4_az244,20260204_100802,4,244.0,,,/home/tobeornot8259748/projects/balloon_radar_project/data/raw/detection_dataset/train/Background_IQ/IQ_Data/20260204_100802_beam4_az244.mat,
train,train,Background,0,20260204_100802_beam4_az253,20260204_100802,4,253.0,,,/home/tobeornot8259748/projects/balloon_radar_project/data/raw/detection_dataset/train/Background_IQ/IQ_Data/20260204_100802_beam4_az253.mat,
train,test,Background,0,20260204_100802_beam4_az262,20260204_100802,4,262.0,,,/home/tobeornot8259748/projects/balloon_radar_project/data/raw/detection_dataset/test/Background_IQ/IQ_Data/20260204_100802_beam4_az262.mat,
train,train,Background,0,20260204_100802_beam5_az001,20260204_100802,5,1.0,,,/home/tobeornot8259748/projects/balloon_radar_project/data/raw/detection_dataset/train/Background_IQ/IQ_Data/20260204_100802_beam5_az001.mat,
train,test,Background,0,20260204_100802_beam5_az010,20260204_100802,5,10.0,,,/home/tobeornot8259748/projects/balloon_radar_project/data/raw/detection_dataset/test/Background_IQ/IQ_Data/20260204_100802_beam5_az010.mat,
train,train,Background,0,20260204_100802_beam5_az019,20260204_100802,5,19.0,,,/home/tobeornot8259748/projects/balloon_radar_project/data/raw/detection_dataset/train/Background_IQ/IQ_Data/20260204_100802_beam5_az019.mat,
train,test,Background,0,20260204_100802_beam5_az028,20260204_100802,5,28.0,,,/home/tobeornot8259748/projects/balloon_radar_project/data/raw/detection_dataset/test/Background_IQ/IQ_Data/20260204_100802_beam5_az028.mat,
train,test,Background,0,20260204_100802_beam5_az037,20260204_100802,5,37.0,,,/home/tobeornot8259748/projects/balloon_radar_project/data/raw/detection_dataset/test/Background_IQ/IQ_Data/20260204_100802_beam5_az037.mat,
train,train,Background,0,20260204_100802_beam5_az046,20260204_100802,5,46.0,,,/home/tobeornot8259748/projects/balloon_radar_project/data/raw/detection_dataset/train/Background_IQ/IQ_Data/20260204_100802_beam5_az046.mat,
train,test,Background,0,20260204_100802_beam5_az055,20260204_100802,5,55.0,,,/home/tobeornot8259748/projects/balloon_radar_project/data/raw/detection_dataset/test/Background_IQ/IQ_Data/20260204_100802_beam5_az055.mat,
train,train,Background,0,20260204_100802_beam5_az064,20260204_100802,5,64.0,,,/home/tobeornot8259748/projects/balloon_radar_project/data/raw/detection_dataset/train/Background_IQ/IQ_Data/20260204_100802_beam5_az064.mat,
train,train,Background,0,20260204_100802_beam5_az073,20260204_100802,5,73.0,,,/home/tobeornot8259748/projects/balloon_radar_project/data/raw/detection_dataset/train/Background_IQ/IQ_Data/20260204_100802_beam5_az073.mat,
train,train,Background,0,20260204_100802_beam5_az082,20260204_100802,5,82.0,,,/home/tobeornot8259748/projects/balloon_radar_project/data/raw/detection_dataset/train/Background_IQ/IQ_Data/20260204_100802_beam5_az082.mat,
train,train,Background,0,20260204_100802_beam5_az091,20260204_100802,5,91.0,,,/home/tobeornot8259748/projects/balloon_radar_project/data/raw/detection_dataset/train/Background_IQ/IQ_Data/20260204_100802_beam5_az091.mat,
train,train,Background,0,20260204_100802_beam5_az100,20260204_100802,5,100.0,,,/home/tobeornot8259748/projects/balloon_radar_project/data/raw/detection_dataset/train/Background_IQ/IQ_Data/20260204_100802_beam5_az100.mat,
train,train,Background,0,20260204_100802_beam5_az109,20260204_100802,5,109.0,,,/home/tobeornot8259748/projects/balloon_radar_project/data/raw/detection_dataset/train/Background_IQ/IQ_Data/20260204_100802_beam5_az109.mat,
train,train,Background,0,20260204_100802_beam5_az118,20260204_100802,5,118.0,,,/home/tobeornot8259748/projects/balloon_radar_project/data/raw/detection_dataset/train/Background_IQ/IQ_Data/20260204_100802_beam5_az118.mat,
train,train,Background,0,20260204_100802_beam5_az127,20260204_100802,5,127.0,,,/home/tobeornot8259748/projects/balloon_radar_project/data/raw/detection_dataset/train/Background_IQ/IQ_Data/20260204_100802_beam5_az127.mat,
train,val,Background,0,20260204_100802_beam5_az136,20260204_100802,5,136.0,,,/home/tobeornot8259748/projects/balloon_radar_project/data/raw/detection_dataset/val/Background_IQ/IQ_Data/20260204_100802_beam5_az136.mat,
train,train,Background,0,20260204_100802_beam5_az145,20260204_100802,5,145.0,,,/home/tobeornot8259748/projects/balloon_radar_project/data/raw/detection_dataset/train/Background_IQ/IQ_Data/20260204_100802_beam5_az145.mat,
train,train,Background,0,20260204_100802_beam5_az154,20260204_100802,5,154.0,,,/home/tobeornot8259748/projects/balloon_radar_project/data/raw/detection_dataset/train/Background_IQ/IQ_Data/20260204_100802_beam5_az154.mat,
train,train,Background,0,20260204_100802_beam5_az163,20260204_100802,5,163.0,,,/home/tobeornot8259748/projects/balloon_radar_project/data/raw/detection_dataset/train/Background_IQ/IQ_Data/20260204_100802_beam5_az163.mat,
train,train,Background,0,20260204_100802_beam5_az172,20260204_100802,5,172.0,,,/home/tobeornot8259748/projects/balloon_radar_project/data/raw/detection_dataset/train/Background_IQ/IQ_Data/20260204_100802_beam5_az172.mat,
train,train,Background,0,20260204_100802_beam5_az181,20260204_100802,5,181.0,,,/home/tobeornot8259748/projects/balloon_radar_project/data/raw/detection_dataset/train/Background_IQ/IQ_Data/20260204_100802_beam5_az181.mat,
train,train,Background,0,20260204_100802_beam5_az190,20260204_100802,5,190.0,,,/home/tobeornot8259748/projects/balloon_radar_project/data/raw/detection_dataset/train/Background_IQ/IQ_Data/20260204_100802_beam5_az190.mat,
train,val,Background,0,20260204_100802_beam5_az199,20260204_100802,5,199.0,,,/home/tobeornot8259748/projects/balloon_radar_project/data/raw/detection_dataset/val/Background_IQ/IQ_Data/20260204_100802_beam5_az199.mat,
train,train,Background,0,20260204_100802_beam5_az208,20260204_100802,5,208.0,,,/home/tobeornot8259748/projects/balloon_radar_project/data/raw/detection_dataset/train/Background_IQ/IQ_Data/20260204_100802_beam5_az208.mat,
train,train,Background,0,20260204_100802_beam5_az217,20260204_100802,5,217.0,,,/home/tobeornot8259748/projects/balloon_radar_project/data/raw/detection_dataset/train/Background_IQ/IQ_Data/20260204_100802_beam5_az217.mat,
train,train,Background,0,20260204_100802_beam5_az226,20260204_100802,5,226.0,,,/home/tobeornot8259748/projects/balloon_radar_project/data/raw/detection_dataset/train/Background_IQ/IQ_Data/20260204_100802_beam5_az226.mat,
train,train,Background,0,20260204_100802_beam5_az235,20260204_100802,5,235.0,,,/home/tobeornot8259748/projects/balloon_radar_project/data/raw/detection_dataset/train/Background_IQ/IQ_Data/20260204_100802_beam5_az235.mat,
train,train,Background,0,20260204_100802_beam5_az244,20260204_100802,5,244.0,,,/home/tobeornot8259748/projects/balloon_radar_project/data/raw/detection_dataset/train/Background_IQ/IQ_Data/20260204_100802_beam5_az244.mat,
train,train,Background,0,20260204_100802_beam5_az253,20260204_100802,5,253.0,,,/home/tobeornot8259748/projects/balloon_radar_project/data/raw/detection_dataset/train/Background_IQ/IQ_Data/20260204_100802_beam5_az253.mat,
train,train,Background,0,20260204_100802_beam5_az262,20260204_100802,5,262.0,,,/home/tobeornot8259748/projects/balloon_radar_project/data/raw/detection_dataset/train/Background_IQ/IQ_Data/20260204_100802_beam5_az262.mat,
train,test,Background,0,20260204_100826_beam1_az001,20260204_100826,1,1.0,,,/home/tobeornot8259748/projects/balloon_radar_project/data/raw/detection_dataset/test/Background_IQ/IQ_Data/20260204_100826_beam1_az001.mat,
train,train,Background,0,20260204_100826_beam1_az010,20260204_100826,1,10.0,,,/home/tobeornot8259748/projects/balloon_radar_project/data/raw/detection_dataset/train/Background_IQ/IQ_Data/20260204_100826_beam1_az010.mat,
train,train,Background,0,20260204_100826_beam1_az019,20260204_100826,1,19.0,,,/home/tobeornot8259748/projects/balloon_radar_project/data/raw/detection_dataset/train/Background_IQ/IQ_Data/20260204_100826_beam1_az019.mat,
train,val,Background,0,20260204_100826_beam1_az028,20260204_100826,1,28.0,,,/home/tobeornot8259748/projects/balloon_radar_project/data/raw/detection_dataset/val/Background_IQ/IQ_Data/20260204_100826_beam1_az028.mat,
train,train,Background,0,20260204_100826_beam1_az037,20260204_100826,1,37.0,,,/home/tobeornot8259748/projects/balloon_radar_project/data/raw/detection_dataset/train/Background_IQ/IQ_Data/20260204_100826_beam1_az037.mat,
train,test,Background,0,20260204_100826_beam1_az046,20260204_100826,1,46.0,,,/home/tobeornot8259748/projects/balloon_radar_project/data/raw/detection_dataset/test/Background_IQ/IQ_Data/20260204_100826_beam1_az046.mat,
train,train,Background,0,20260204_100826_beam1_az055,20260204_100826,1,55.0,,,/home/tobeornot8259748/projects/balloon_radar_project/data/raw/detection_dataset/train/Background_IQ/IQ_Data/20260204_100826_beam1_az055.mat,
train,train,Background,0,20260204_100826_beam1_az064,20260204_100826,1,64.0,,,/home/tobeornot8259748/projects/balloon_radar_project/data/raw/detection_dataset/train/Background_IQ/IQ_Data/20260204_100826_beam1_az064.mat,
train,train,Background,0,20260204_100826_beam1_az073,20260204_100826,1,73.0,,,/home/tobeornot8259748/projects/balloon_radar_project/data/raw/detection_dataset/train/Background_IQ/IQ_Data/20260204_100826_beam1_az073.mat,
train,train,Background,0,20260204_100826_beam1_az082,20260204_100826,1,82.0,,,/home/tobeornot8259748/projects/balloon_radar_project/data/raw/detection_dataset/train/Background_IQ/IQ_Data/20260204_100826_beam1_az082.mat,
train,train,Background,0,20260204_100826_beam1_az091,20260204_100826,1,91.0,,,/home/tobeornot8259748/projects/balloon_radar_project/data/raw/detection_dataset/train/Background_IQ/IQ_Data/20260204_100826_beam1_az091.mat,
train,train,Background,0,20260204_100826_beam1_az100,20260204_100826,1,100.0,,,/home/tobeornot8259748/projects/balloon_radar_project/data/raw/detection_dataset/train/Background_IQ/IQ_Data/20260204_100826_beam1_az100.mat,
train,train,Background,0,20260204_100826_beam1_az109,20260204_100826,1,109.0,,,/home/tobeornot8259748/projects/balloon_radar_project/data/raw/detection_dataset/train/Background_IQ/IQ_Data/20260204_100826_beam1_az109.mat,
train,train,Background,0,20260204_100826_beam1_az118,20260204_100826,1,118.0,,,/home/tobeornot8259748/projects/balloon_radar_project/data/raw/detection_dataset/train/Background_IQ/IQ_Data/20260204_100826_beam1_az118.mat,
train,test,Background,0,20260204_100826_beam1_az127,20260204_100826,1,127.0,,,/home/tobeornot8259748/projects/balloon_radar_project/data/raw/detection_dataset/test/Background_IQ/IQ_Data/20260204_100826_beam1_az127.mat,
train,train,Background,0,20260204_100826_beam1_az136,20260204_100826,1,136.0,,,/home/tobeornot8259748/projects/balloon_radar_project/data/raw/detection_dataset/train/Background_IQ/IQ_Data/20260204_100826_beam1_az136.mat,
train,train,Background,0,20260204_100826_beam1_az145,20260204_100826,1,145.0,,,/home/tobeornot8259748/projects/balloon_radar_project/data/raw/detection_dataset/train/Background_IQ/IQ_Data/20260204_100826_beam1_az145.mat,
train,train,Background,0,20260204_100826_beam1_az154,20260204_100826,1,154.0,,,/home/tobeornot8259748/projects/balloon_radar_project/data/raw/detection_dataset/train/Background_IQ/IQ_Data/20260204_100826_beam1_az154.mat,
train,train,Background,0,20260204_100826_beam1_az163,20260204_100826,1,163.0,,,/home/tobeornot8259748/projects/balloon_radar_project/data/raw/detection_dataset/train/Background_IQ/IQ_Data/20260204_100826_beam1_az163.mat,
train,val,Background,0,20260204_100826_beam1_az172,20260204_100826,1,172.0,,,/home/tobeornot8259748/projects/balloon_radar_project/data/raw/detection_dataset/val/Background_IQ/IQ_Data/20260204_100826_beam1_az172.mat,
train,train,Background,0,20260204_100826_beam1_az181,20260204_100826,1,181.0,,,/home/tobeornot8259748/projects/balloon_radar_project/data/raw/detection_dataset/train/Background_IQ/IQ_Data/20260204_100826_beam1_az181.mat,
train,val,Background,0,20260204_100826_beam1_az190,20260204_100826,1,190.0,,,/home/tobeornot8259748/projects/balloon_radar_project/data/raw/detection_dataset/val/Background_IQ/IQ_Data/20260204_100826_beam1_az190.mat,
train,test,Background,0,20260204_100826_beam1_az199,20260204_100826,1,199.0,,,/home/tobeornot8259748/projects/balloon_radar_project/data/raw/detection_dataset/test/Background_IQ/IQ_Data/20260204_100826_beam1_az199.mat,
train,test,Background,0,20260204_100826_beam2_az001,20260204_100826,2,1.0,,,/home/tobeornot8259748/projects/balloon_radar_project/data/raw/detection_dataset/test/Background_IQ/IQ_Data/20260204_100826_beam2_az001.mat,
train,train,Background,0,20260204_100826_beam2_az010,20260204_100826,2,10.0,,,/home/tobeornot8259748/projects/balloon_radar_project/data/raw/detection_dataset/train/Background_IQ/IQ_Data/20260204_100826_beam2_az010.mat,
train,train,Background,0,20260204_100826_beam2_az019,20260204_100826,2,19.0,,,/home/tobeornot8259748/projects/balloon_radar_project/data/raw/detection_dataset/train/Background_IQ/IQ_Data/20260204_100826_beam2_az019.mat,
train,train,Background,0,20260204_100826_beam2_az028,20260204_100826,2,28.0,,,/home/tobeornot8259748/projects/balloon_radar_project/data/raw/detection_dataset/train/Background_IQ/IQ_Data/20260204_100826_beam2_az028.mat,
train,train,Background,0,20260204_100826_beam2_az037,20260204_100826,2,37.0,,,/home/tobeornot8259748/projects/balloon_radar_project/data/raw/detection_dataset/train/Background_IQ/IQ_Data/20260204_100826_beam2_az037.mat,
train,train,Background,0,20260204_100826_beam2_az046,20260204_100826,2,46.0,,,/home/tobeornot8259748/projects/balloon_radar_project/data/raw/detection_dataset/train/Background_IQ/IQ_Data/20260204_100826_beam2_az046.mat,
train,train,Background,0,20260204_100826_beam2_az055,20260204_100826,2,55.0,,,/home/tobeornot8259748/projects/balloon_radar_project/data/raw/detection_dataset/train/Background_IQ/IQ_Data/20260204_100826_beam2_az055.mat,
train,train,Background,0,20260204_100826_beam2_az064,20260204_100826,2,64.0,,,/home/tobeornot8259748/projects/balloon_radar_project/data/raw/detection_dataset/train/Background_IQ/IQ_Data/20260204_100826_beam2_az064.mat,
train,test,Background,0,20260204_100826_beam2_az073,20260204_100826,2,73.0,,,/home/tobeornot8259748/projects/balloon_radar_project/data/raw/detection_dataset/test/Background_IQ/IQ_Data/20260204_100826_beam2_az073.mat,
train,test,Background,0,20260204_100826_beam2_az082,20260204_100826,2,82.0,,,/home/tobeornot8259748/projects/balloon_radar_project/data/raw/detection_dataset/test/Background_IQ/IQ_Data/20260204_100826_beam2_az082.mat,
train,train,Background,0,20260204_100826_beam2_az091,20260204_100826,2,91.0,,,/home/tobeornot8259748/projects/balloon_radar_project/data/raw/detection_dataset/train/Background_IQ/IQ_Data/20260204_100826_beam2_az091.mat,
train,train,Background,0,20260204_100826_beam2_az100,20260204_100826,2,100.0,,,/home/tobeornot8259748/projects/balloon_radar_project/data/raw/detection_dataset/train/Background_IQ/IQ_Data/20260204_100826_beam2_az100.mat,
train,train,Background,0,20260204_100826_beam2_az109,20260204_100826,2,109.0,,,/home/tobeornot8259748/projects/balloon_radar_project/data/raw/detection_dataset/train/Background_IQ/IQ_Data/20260204_100826_beam2_az109.mat,
train,train,Background,0,20260204_100826_beam2_az118,20260204_100826,2,118.0,,,/home/tobeornot8259748/projects/balloon_radar_project/data/raw/detection_dataset/train/Background_IQ/IQ_Data/20260204_100826_beam2_az118.mat,
train,train,Background,0,20260204_100826_beam2_az127,20260204_100826,2,127.0,,,/home/tobeornot8259748/projects/balloon_radar_project/data/raw/detection_dataset/train/Background_IQ/IQ_Data/20260204_100826_beam2_az127.mat,
train,val,Background,0,20260204_100826_beam2_az136,20260204_100826,2,136.0,,,/home/tobeornot8259748/projects/balloon_radar_project/data/raw/detection_dataset/val/Background_IQ/IQ_Data/20260204_100826_beam2_az136.mat,
train,train,Background,0,20260204_100826_beam2_az145,20260204_100826,2,145.0,,,/home/tobeornot8259748/projects/balloon_radar_project/data/raw/detection_dataset/train/Background_IQ/IQ_Data/20260204_100826_beam2_az145.mat,
train,train,Background,0,20260204_100826_beam2_az154,20260204_100826,2,154.0,,,/home/tobeornot8259748/projects/balloon_radar_project/data/raw/detection_dataset/train/Background_IQ/IQ_Data/20260204_100826_beam2_az154.mat,
train,train,Background,0,20260204_100826_beam2_az163,20260204_100826,2,163.0,,,/home/tobeornot8259748/projects/balloon_radar_project/data/raw/detection_dataset/train/Background_IQ/IQ_Data/20260204_100826_beam2_az163.mat,
train,train,Background,0,20260204_100826_beam2_az172,20260204_100826,2,172.0,,,/home/tobeornot8259748/projects/balloon_radar_project/data/raw/detection_dataset/train/Background_IQ/IQ_Data/20260204_100826_beam2_az172.mat,
train,train,Background,0,20260204_100826_beam2_az181,20260204_100826,2,181.0,,,/home/tobeornot8259748/projects/balloon_radar_project/data/raw/detection_dataset/train/Background_IQ/IQ_Data/20260204_100826_beam2_az181.mat,
train,train,Background,0,20260204_100826_beam2_az190,20260204_100826,2,190.0,,,/home/tobeornot8259748/projects/balloon_radar_project/data/raw/detection_dataset/train/Background_IQ/IQ_Data/20260204_100826_beam2_az190.mat,
train,train,Background,0,20260204_100826_beam2_az199,20260204_100826,2,199.0,,,/home/tobeornot8259748/projects/balloon_radar_project/data/raw/detection_dataset/train/Background_IQ/IQ_Data/20260204_100826_beam2_az199.mat,
train,val,Background,0,20260204_100826_beam3_az001,20260204_100826,3,1.0,,,/home/tobeornot8259748/projects/balloon_radar_project/data/raw/detection_dataset/val/Background_IQ/IQ_Data/20260204_100826_beam3_az001.mat,
train,val,Background,0,20260204_100826_beam3_az010,20260204_100826,3,10.0,,,/home/tobeornot8259748/projects/balloon_radar_project/data/raw/detection_dataset/val/Background_IQ/IQ_Data/20260204_100826_beam3_az010.mat,
train,test,Background,0,20260204_100826_beam3_az019,20260204_100826,3,19.0,,,/home/tobeornot8259748/projects/balloon_radar_project/data/raw/detection_dataset/test/Background_IQ/IQ_Data/20260204_100826_beam3_az019.mat,
train,train,Background,0,20260204_100826_beam3_az028,20260204_100826,3,28.0,,,/home/tobeornot8259748/projects/balloon_radar_project/data/raw/detection_dataset/train/Background_IQ/IQ_Data/20260204_100826_beam3_az028.mat,
train,train,Background,0,20260204_100826_beam3_az037,20260204_100826,3,37.0,,,/home/tobeornot8259748/projects/balloon_radar_project/data/raw/detection_dataset/train/Background_IQ/IQ_Data/20260204_100826_beam3_az037.mat,
train,train,Background,0,20260204_100826_beam3_az046,20260204_100826,3,46.0,,,/home/tobeornot8259748/projects/balloon_radar_project/data/raw/detection_dataset/train/Background_IQ/IQ_Data/20260204_100826_beam3_az046.mat,
train,train,Background,0,20260204_100826_beam3_az055,20260204_100826,3,55.0,,,/home/tobeornot8259748/projects/balloon_radar_project/data/raw/detection_dataset/train/Background_IQ/IQ_Data/20260204_100826_beam3_az055.mat,
train,train,Background,0,20260204_100826_beam3_az064,20260204_100826,3,64.0,,,/home/tobeornot8259748/projects/balloon_radar_project/data/raw/detection_dataset/train/Background_IQ/IQ_Data/20260204_100826_beam3_az064.mat,
train,train,Background,0,20260204_100826_beam3_az073,20260204_100826,3,73.0,,,/home/tobeornot8259748/projects/balloon_radar_project/data/raw/detection_dataset/train/Background_IQ/IQ_Data/20260204_100826_beam3_az073.mat,
train,train,Background,0,20260204_100826_beam3_az082,20260204_100826,3,82.0,,,/home/tobeornot8259748/projects/balloon_radar_project/data/raw/detection_dataset/train/Background_IQ/IQ_Data/20260204_100826_beam3_az082.mat,
train,train,Background,0,20260204_100826_beam3_az091,20260204_100826,3,91.0,,,/home/tobeornot8259748/projects/balloon_radar_project/data/raw/detection_dataset/train/Background_IQ/IQ_Data/20260204_100826_beam3_az091.mat,
train,train,Background,0,20260204_100826_beam3_az100,20260204_100826,3,100.0,,,/home/tobeornot8259748/projects/balloon_radar_project/data/raw/detection_dataset/train/Background_IQ/IQ_Data/20260204_100826_beam3_az100.mat,
train,train,Background,0,20260204_100826_beam3_az109,20260204_100826,3,109.0,,,/home/tobeornot8259748/projects/balloon_radar_project/data/raw/detection_dataset/train/Background_IQ/IQ_Data/20260204_100826_beam3_az109.mat,
train,train,Background,0,20260204_100826_beam3_az118,20260204_100826,3,118.0,,,/home/tobeornot8259748/projects/balloon_radar_project/data/raw/detection_dataset/train/Background_IQ/IQ_Data/20260204_100826_beam3_az118.mat,
train,train,Background,0,20260204_100826_beam3_az127,20260204_100826,3,127.0,,,/home/tobeornot8259748/projects/balloon_radar_project/data/raw/detection_dataset/train/Background_IQ/IQ_Data/20260204_100826_beam3_az127.mat,
train,train,Background,0,20260204_100826_beam3_az136,20260204_100826,3,136.0,,,/home/tobeornot8259748/projects/balloon_radar_project/data/raw/detection_dataset/train/Background_IQ/IQ_Data/20260204_100826_beam3_az136.mat,
train,val,Background,0,20260204_100826_beam3_az145,20260204_100826,3,145.0,,,/home/tobeornot8259748/projects/balloon_radar_project/data/raw/detection_dataset/val/Background_IQ/IQ_Data/20260204_100826_beam3_az145.mat,
train,test,Background,0,20260204_100826_beam3_az154,20260204_100826,3,154.0,,,/home/tobeornot8259748/projects/balloon_radar_project/data/raw/detection_dataset/test/Background_IQ/IQ_Data/20260204_100826_beam3_az154.mat,
train,train,Background,0,20260204_100826_beam3_az163,20260204_100826,3,163.0,,,/home/tobeornot8259748/projects/balloon_radar_project/data/raw/detection_dataset/train/Background_IQ/IQ_Data/20260204_100826_beam3_az163.mat,
train,train,Background,0,20260204_100826_beam3_az172,20260204_100826,3,172.0,,,/home/tobeornot8259748/projects/balloon_radar_project/data/raw/detection_dataset/train/Background_IQ/IQ_Data/20260204_100826_beam3_az172.mat,
train,train,Background,0,20260204_100826_beam3_az181,20260204_100826,3,181.0,,,/home/tobeornot8259748/projects/balloon_radar_project/data/raw/detection_dataset/train/Background_IQ/IQ_Data/20260204_100826_beam3_az181.mat,
train,train,Background,0,20260204_100826_beam3_az190,20260204_100826,3,190.0,,,/home/tobeornot8259748/projects/balloon_radar_project/data/raw/detection_dataset/train/Background_IQ/IQ_Data/20260204_100826_beam3_az190.mat,
train,train,Background,0,20260204_100826_beam3_az199,20260204_100826,3,199.0,,,/home/tobeornot8259748/projects/balloon_radar_project/data/raw/detection_dataset/train/Background_IQ/IQ_Data/20260204_100826_beam3_az199.mat,
train,train,Background,0,20260204_100826_beam4_az001,20260204_100826,4,1.0,,,/home/tobeornot8259748/projects/balloon_radar_project/data/raw/detection_dataset/train/Background_IQ/IQ_Data/20260204_100826_beam4_az001.mat,
train,test,Background,0,20260204_100826_beam4_az010,20260204_100826,4,10.0,,,/home/tobeornot8259748/projects/balloon_radar_project/data/raw/detection_dataset/test/Background_IQ/IQ_Data/20260204_100826_beam4_az010.mat,
train,test,Background,0,20260204_100826_beam4_az019,20260204_100826,4,19.0,,,/home/tobeornot8259748/projects/balloon_radar_project/data/raw/detection_dataset/test/Background_IQ/IQ_Data/20260204_100826_beam4_az019.mat,
train,train,Background,0,20260204_100826_beam4_az028,20260204_100826,4,28.0,,,/home/tobeornot8259748/projects/balloon_radar_project/data/raw/detection_dataset/train/Background_IQ/IQ_Data/20260204_100826_beam4_az028.mat,
train,test,Background,0,20260204_100826_beam4_az037,20260204_100826,4,37.0,,,/home/tobeornot8259748/projects/balloon_radar_project/data/raw/detection_dataset/test/Background_IQ/IQ_Data/20260204_100826_beam4_az037.mat,
train,train,Background,0,20260204_100826_beam4_az046,20260204_100826,4,46.0,,,/home/tobeornot8259748/projects/balloon_radar_project/data/raw/detection_dataset/train/Background_IQ/IQ_Data/20260204_100826_beam4_az046.mat,
train,train,Background,0,20260204_100826_beam4_az055,20260204_100826,4,55.0,,,/home/tobeornot8259748/projects/balloon_radar_project/data/raw/detection_dataset/train/Background_IQ/IQ_Data/20260204_100826_beam4_az055.mat,
train,train,Background,0,20260204_100826_beam4_az064,20260204_100826,4,64.0,,,/home/tobeornot8259748/projects/balloon_radar_project/data/raw/detection_dataset/train/Background_IQ/IQ_Data/20260204_100826_beam4_az064.mat,
train,train,Background,0,20260204_100826_beam4_az073,20260204_100826,4,73.0,,,/home/tobeornot8259748/projects/balloon_radar_project/data/raw/detection_dataset/train/Background_IQ/IQ_Data/20260204_100826_beam4_az073.mat,
train,train,Background,0,20260204_100826_beam4_az082,20260204_100826,4,82.0,,,/home/tobeornot8259748/projects/balloon_radar_project/data/raw/detection_dataset/train/Background_IQ/IQ_Data/20260204_100826_beam4_az082.mat,
train,test,Background,0,20260204_100826_beam4_az091,20260204_100826,4,91.0,,,/home/tobeornot8259748/projects/balloon_radar_project/data/raw/detection_dataset/test/Background_IQ/IQ_Data/20260204_100826_beam4_az091.mat,
train,train,Background,0,20260204_100826_beam4_az100,20260204_100826,4,100.0,,,/home/tobeornot8259748/projects/balloon_radar_project/data/raw/detection_dataset/train/Background_IQ/IQ_Data/20260204_100826_beam4_az100.mat,
train,train,Background,0,20260204_100826_beam4_az109,20260204_100826,4,109.0,,,/home/tobeornot8259748/projects/balloon_radar_project/data/raw/detection_dataset/train/Background_IQ/IQ_Data/20260204_100826_beam4_az109.mat,
train,test,Background,0,20260204_100826_beam4_az118,20260204_100826,4,118.0,,,/home/tobeornot8259748/projects/balloon_radar_project/data/raw/detection_dataset/test/Background_IQ/IQ_Data/20260204_100826_beam4_az118.mat,
train,train,Background,0,20260204_100826_beam4_az127,20260204_100826,4,127.0,,,/home/tobeornot8259748/projects/balloon_radar_project/data/raw/detection_dataset/train/Background_IQ/IQ_Data/20260204_100826_beam4_az127.mat,
train,train,Background,0,20260204_100826_beam4_az136,20260204_100826,4,136.0,,,/home/tobeornot8259748/projects/balloon_radar_project/data/raw/detection_dataset/train/Background_IQ/IQ_Data/20260204_100826_beam4_az136.mat,
train,train,Background,0,20260204_100826_beam4_az145,20260204_100826,4,145.0,,,/home/tobeornot8259748/projects/balloon_radar_project/data/raw/detection_dataset/train/Background_IQ/IQ_Data/20260204_100826_beam4_az145.mat,
train,train,Background,0,20260204_100826_beam4_az154,20260204_100826,4,154.0,,,/home/tobeornot8259748/projects/balloon_radar_project/data/raw/detection_dataset/train/Background_IQ/IQ_Data/20260204_100826_beam4_az154.mat,
train,train,Background,0,20260204_100826_beam4_az163,20260204_100826,4,163.0,,,/home/tobeornot8259748/projects/balloon_radar_project/data/raw/detection_dataset/train/Background_IQ/IQ_Data/20260204_100826_beam4_az163.mat,
train,test,Background,0,20260204_100826_beam4_az172,20260204_100826,4,172.0,,,/home/tobeornot8259748/projects/balloon_radar_project/data/raw/detection_dataset/test/Background_IQ/IQ_Data/20260204_100826_beam4_az172.mat,
train,train,Background,0,20260204_100826_beam4_az181,20260204_100826,4,181.0,,,/home/tobeornot8259748/projects/balloon_radar_project/data/raw/detection_dataset/train/Background_IQ/IQ_Data/20260204_100826_beam4_az181.mat,
train,test,Background,0,20260204_100826_beam4_az190,20260204_100826,4,190.0,,,/home/tobeornot8259748/projects/balloon_radar_project/data/raw/detection_dataset/test/Background_IQ/IQ_Data/20260204_100826_beam4_az190.mat,
train,train,Background,0,20260204_100826_beam4_az199,20260204_100826,4,199.0,,,/home/tobeornot8259748/projects/balloon_radar_project/data/raw/detection_dataset/train/Background_IQ/IQ_Data/20260204_100826_beam4_az199.mat,
train,train,Background,0,20260204_100826_beam5_az001,20260204_100826,5,1.0,,,/home/tobeornot8259748/projects/balloon_radar_project/data/raw/detection_dataset/train/Background_IQ/IQ_Data/20260204_100826_beam5_az001.mat,
train,train,Background,0,20260204_100826_beam5_az010,20260204_100826,5,10.0,,,/home/tobeornot8259748/projects/balloon_radar_project/data/raw/detection_dataset/train/Background_IQ/IQ_Data/20260204_100826_beam5_az010.mat,
train,test,Background,0,20260204_100826_beam5_az019,20260204_100826,5,19.0,,,/home/tobeornot8259748/projects/balloon_radar_project/data/raw/detection_dataset/test/Background_IQ/IQ_Data/20260204_100826_beam5_az019.mat,
train,train,Background,0,20260204_100826_beam5_az028,20260204_100826,5,28.0,,,/home/tobeornot8259748/projects/balloon_radar_project/data/raw/detection_dataset/train/Background_IQ/IQ_Data/20260204_100826_beam5_az028.mat,
train,train,Background,0,20260204_100826_beam5_az037,20260204_100826,5,37.0,,,/home/tobeornot8259748/projects/balloon_radar_project/data/raw/detection_dataset/train/Background_IQ/IQ_Data/20260204_100826_beam5_az037.mat,
train,train,Background,0,20260204_100826_beam5_az046,20260204_100826,5,46.0,,,/home/tobeornot8259748/projects/balloon_radar_project/data/raw/detection_dataset/train/Background_IQ/IQ_Data/20260204_100826_beam5_az046.mat,
train,train,Background,0,20260204_100826_beam5_az055,20260204_100826,5,55.0,,,/home/tobeornot8259748/projects/balloon_radar_project/data/raw/detection_dataset/train/Background_IQ/IQ_Data/20260204_100826_beam5_az055.mat,
train,val,Background,0,20260204_100826_beam5_az064,20260204_100826,5,64.0,,,/home/tobeornot8259748/projects/balloon_radar_project/data/raw/detection_dataset/val/Background_IQ/IQ_Data/20260204_100826_beam5_az064.mat,
train,train,Background,0,20260204_100826_beam5_az073,20260204_100826,5,73.0,,,/home/tobeornot8259748/projects/balloon_radar_project/data/raw/detection_dataset/train/Background_IQ/IQ_Data/20260204_100826_beam5_az073.mat,
train,train,Background,0,20260204_100826_beam5_az082,20260204_100826,5,82.0,,,/home/tobeornot8259748/projects/balloon_radar_project/data/raw/detection_dataset/train/Background_IQ/IQ_Data/20260204_100826_beam5_az082.mat,
train,train,Background,0,20260204_100826_beam5_az091,20260204_100826,5,91.0,,,/home/tobeornot8259748/projects/balloon_radar_project/data/raw/detection_dataset/train/Background_IQ/IQ_Data/20260204_100826_beam5_az091.mat,
train,train,Background,0,20260204_100826_beam5_az100,20260204_100826,5,100.0,,,/home/tobeornot8259748/projects/balloon_radar_project/data/raw/detection_dataset/train/Background_IQ/IQ_Data/20260204_100826_beam5_az100.mat,
train,train,Background,0,20260204_100826_beam5_az109,20260204_100826,5,109.0,,,/home/tobeornot8259748/projects/balloon_radar_project/data/raw/detection_dataset/train/Background_IQ/IQ_Data/20260204_100826_beam5_az109.mat,
train,test,Background,0,20260204_100826_beam5_az118,20260204_100826,5,118.0,,,/home/tobeornot8259748/projects/balloon_radar_project/data/raw/detection_dataset/test/Background_IQ/IQ_Data/20260204_100826_beam5_az118.mat,
train,train,Background,0,20260204_100826_beam5_az127,20260204_100826,5,127.0,,,/home/tobeornot8259748/projects/balloon_radar_project/data/raw/detection_dataset/train/Background_IQ/IQ_Data/20260204_100826_beam5_az127.mat,
train,train,Background,0,20260204_100826_beam5_az136,20260204_100826,5,136.0,,,/home/tobeornot8259748/projects/balloon_radar_project/data/raw/detection_dataset/train/Background_IQ/IQ_Data/20260204_100826_beam5_az136.mat,
train,test,Background,0,20260204_100826_beam5_az145,20260204_100826,5,145.0,,,/home/tobeornot8259748/projects/balloon_radar_project/data/raw/detection_dataset/test/Background_IQ/IQ_Data/20260204_100826_beam5_az145.mat,
train,train,Background,0,20260204_100826_beam5_az154,20260204_100826,5,154.0,,,/home/tobeornot8259748/projects/balloon_radar_project/data/raw/detection_dataset/train/Background_IQ/IQ_Data/20260204_100826_beam5_az154.mat,
train,test,Background,0,20260204_100826_beam5_az163,20260204_100826,5,163.0,,,/home/tobeornot8259748/projects/balloon_radar_project/data/raw/detection_dataset/test/Background_IQ/IQ_Data/20260204_100826_beam5_az163.mat,
train,train,Background,0,20260204_100826_beam5_az172,20260204_100826,5,172.0,,,/home/tobeornot8259748/projects/balloon_radar_project/data/raw/detection_dataset/train/Background_IQ/IQ_Data/20260204_100826_beam5_az172.mat,
train,val,Background,0,20260204_100826_beam5_az181,20260204_100826,5,181.0,,,/home/tobeornot8259748/projects/balloon_radar_project/data/raw/detection_dataset/val/Background_IQ/IQ_Data/20260204_100826_beam5_az181.mat,
train,train,Background,0,20260204_100826_beam5_az190,20260204_100826,5,190.0,,,/home/tobeornot8259748/projects/balloon_radar_project/data/raw/detection_dataset/train/Background_IQ/IQ_Data/20260204_100826_beam5_az190.mat,
train,train,Background,0,20260204_100826_beam5_az199,20260204_100826,5,199.0,,,/home/tobeornot8259748/projects/balloon_radar_project/data/raw/detection_dataset/train/Background_IQ/IQ_Data/20260204_100826_beam5_az199.mat,
train,train,Background,0,20260204_100932_beam1_az001,20260204_100932,1,1.0,,,/home/tobeornot8259748/projects/balloon_radar_project/data/raw/detection_dataset/train/Background_IQ/IQ_Data/20260204_100932_beam1_az001.mat,
train,train,Background,0,20260204_100932_beam1_az010,20260204_100932,1,10.0,,,/home/tobeornot8259748/projects/balloon_radar_project/data/raw/detection_dataset/train/Background_IQ/IQ_Data/20260204_100932_beam1_az010.mat,
train,val,Background,0,20260204_100932_beam1_az019,20260204_100932,1,19.0,,,/home/tobeornot8259748/projects/balloon_radar_project/data/raw/detection_dataset/val/Background_IQ/IQ_Data/20260204_100932_beam1_az019.mat,
train,test,Background,0,20260204_100932_beam1_az028,20260204_100932,1,28.0,,,/home/tobeornot8259748/projects/balloon_radar_project/data/raw/detection_dataset/test/Background_IQ/IQ_Data/20260204_100932_beam1_az028.mat,
train,train,Background,0,20260204_100932_beam1_az037,20260204_100932,1,37.0,,,/home/tobeornot8259748/projects/balloon_radar_project/data/raw/detection_dataset/train/Background_IQ/IQ_Data/20260204_100932_beam1_az037.mat,
train,val,Background,0,20260204_100932_beam1_az046,20260204_100932,1,46.0,,,/home/tobeornot8259748/projects/balloon_radar_project/data/raw/detection_dataset/val/Background_IQ/IQ_Data/20260204_100932_beam1_az046.mat,
train,train,Background,0,20260204_100932_beam1_az055,20260204_100932,1,55.0,,,/home/tobeornot8259748/projects/balloon_radar_project/data/raw/detection_dataset/train/Background_IQ/IQ_Data/20260204_100932_beam1_az055.mat,
train,train,Background,0,20260204_100932_beam1_az064,20260204_100932,1,64.0,,,/home/tobeornot8259748/projects/balloon_radar_project/data/raw/detection_dataset/train/Background_IQ/IQ_Data/20260204_100932_beam1_az064.mat,
train,train,Background,0,20260204_100932_beam1_az073,20260204_100932,1,73.0,,,/home/tobeornot8259748/projects/balloon_radar_project/data/raw/detection_dataset/train/Background_IQ/IQ_Data/20260204_100932_beam1_az073.mat,
train,train,Background,0,20260204_100932_beam1_az082,20260204_100932,1,82.0,,,/home/tobeornot8259748/projects/balloon_radar_project/data/raw/detection_dataset/train/Background_IQ/IQ_Data/20260204_100932_beam1_az082.mat,
train,train,Background,0,20260204_100932_beam1_az091,20260204_100932,1,91.0,,,/home/tobeornot8259748/projects/balloon_radar_project/data/raw/detection_dataset/train/Background_IQ/IQ_Data/20260204_100932_beam1_az091.mat,
train,train,Background,0,20260204_100932_beam1_az100,20260204_100932,1,100.0,,,/home/tobeornot8259748/projects/balloon_radar_project/data/raw/detection_dataset/train/Background_IQ/IQ_Data/20260204_100932_beam1_az100.mat,
train,train,Background,0,20260204_100932_beam1_az109,20260204_100932,1,109.0,,,/home/tobeornot8259748/projects/balloon_radar_project/data/raw/detection_dataset/train/Background_IQ/IQ_Data/20260204_100932_beam1_az109.mat,
train,train,Background,0,20260204_100932_beam1_az118,20260204_100932,1,118.0,,,/home/tobeornot8259748/projects/balloon_radar_project/data/raw/detection_dataset/train/Background_IQ/IQ_Data/20260204_100932_beam1_az118.mat,
train,test,Background,0,20260204_100932_beam1_az127,20260204_100932,1,127.0,,,/home/tobeornot8259748/projects/balloon_radar_project/data/raw/detection_dataset/test/Background_IQ/IQ_Data/20260204_100932_beam1_az127.mat,
train,train,Background,0,20260204_100932_beam1_az136,20260204_100932,1,136.0,,,/home/tobeornot8259748/projects/balloon_radar_project/data/raw/detection_dataset/train/Background_IQ/IQ_Data/20260204_100932_beam1_az136.mat,
train,train,Background,0,20260204_100932_beam1_az145,20260204_100932,1,145.0,,,/home/tobeornot8259748/projects/balloon_radar_project/data/raw/detection_dataset/train/Background_IQ/IQ_Data/20260204_100932_beam1_az145.mat,
train,train,Background,0,20260204_100932_beam1_az154,20260204_100932,1,154.0,,,/home/tobeornot8259748/projects/balloon_radar_project/data/raw/detection_dataset/train/Background_IQ/IQ_Data/20260204_100932_beam1_az154.mat,
train,train,Background,0,20260204_100932_beam1_az163,20260204_100932,1,163.0,,,/home/tobeornot8259748/projects/balloon_radar_project/data/raw/detection_dataset/train/Background_IQ/IQ_Data/20260204_100932_beam1_az163.mat,
train,train,Background,0,20260204_100932_beam1_az172,20260204_100932,1,172.0,,,/home/tobeornot8259748/projects/balloon_radar_project/data/raw/detection_dataset/train/Background_IQ/IQ_Data/20260204_100932_beam1_az172.mat,
train,test,Background,0,20260204_100932_beam1_az181,20260204_100932,1,181.0,,,/home/tobeornot8259748/projects/balloon_radar_project/data/raw/detection_dataset/test/Background_IQ/IQ_Data/20260204_100932_beam1_az181.mat,
train,train,Background,0,20260204_100932_beam1_az190,20260204_100932,1,190.0,,,/home/tobeornot8259748/projects/balloon_radar_project/data/raw/detection_dataset/train/Background_IQ/IQ_Data/20260204_100932_beam1_az190.mat,
train,train,Background,0,20260204_100932_beam1_az199,20260204_100932,1,199.0,,,/home/tobeornot8259748/projects/balloon_radar_project/data/raw/detection_dataset/train/Background_IQ/IQ_Data/20260204_100932_beam1_az199.mat,
train,test,Background,0,20260204_100932_beam2_az001,20260204_100932,2,1.0,,,/home/tobeornot8259748/projects/balloon_radar_project/data/raw/detection_dataset/test/Background_IQ/IQ_Data/20260204_100932_beam2_az001.mat,
train,train,Background,0,20260204_100932_beam2_az010,20260204_100932,2,10.0,,,/home/tobeornot8259748/projects/balloon_radar_project/data/raw/detection_dataset/train/Background_IQ/IQ_Data/20260204_100932_beam2_az010.mat,
train,val,Background,0,20260204_100932_beam2_az019,20260204_100932,2,19.0,,,/home/tobeornot8259748/projects/balloon_radar_project/data/raw/detection_dataset/val/Background_IQ/IQ_Data/20260204_100932_beam2_az019.mat,
train,train,Background,0,20260204_100932_beam2_az028,20260204_100932,2,28.0,,,/home/tobeornot8259748/projects/balloon_radar_project/data/raw/detection_dataset/train/Background_IQ/IQ_Data/20260204_100932_beam2_az028.mat,
train,val,Background,0,20260204_100932_beam2_az037,20260204_100932,2,37.0,,,/home/tobeornot8259748/projects/balloon_radar_project/data/raw/detection_dataset/val/Background_IQ/IQ_Data/20260204_100932_beam2_az037.mat,
train,train,Background,0,20260204_100932_beam2_az046,20260204_100932,2,46.0,,,/home/tobeornot8259748/projects/balloon_radar_project/data/raw/detection_dataset/train/Background_IQ/IQ_Data/20260204_100932_beam2_az046.mat,
train,train,Background,0,20260204_100932_beam2_az055,20260204_100932,2,55.0,,,/home/tobeornot8259748/projects/balloon_radar_project/data/raw/detection_dataset/train/Background_IQ/IQ_Data/20260204_100932_beam2_az055.mat,
train,test,Background,0,20260204_100932_beam2_az064,20260204_100932,2,64.0,,,/home/tobeornot8259748/projects/balloon_radar_project/data/raw/detection_dataset/test/Background_IQ/IQ_Data/20260204_100932_beam2_az064.mat,
train,test,Background,0,20260204_100932_beam2_az073,20260204_100932,2,73.0,,,/home/tobeornot8259748/projects/balloon_radar_project/data/raw/detection_dataset/test/Background_IQ/IQ_Data/20260204_100932_beam2_az073.mat,
train,train,Background,0,20260204_100932_beam2_az082,20260204_100932,2,82.0,,,/home/tobeornot8259748/projects/balloon_radar_project/data/raw/detection_dataset/train/Background_IQ/IQ_Data/20260204_100932_beam2_az082.mat,
train,train,Background,0,20260204_100932_beam2_az091,20260204_100932,2,91.0,,,/home/tobeornot8259748/projects/balloon_radar_project/data/raw/detection_dataset/train/Background_IQ/IQ_Data/20260204_100932_beam2_az091.mat,
train,train,Background,0,20260204_100932_beam2_az100,20260204_100932,2,100.0,,,/home/tobeornot8259748/projects/balloon_radar_project/data/raw/detection_dataset/train/Background_IQ/IQ_Data/20260204_100932_beam2_az100.mat,
train,train,Background,0,20260204_100932_beam2_az109,20260204_100932,2,109.0,,,/home/tobeornot8259748/projects/balloon_radar_project/data/raw/detection_dataset/train/Background_IQ/IQ_Data/20260204_100932_beam2_az109.mat,
train,train,Background,0,20260204_100932_beam2_az118,20260204_100932,2,118.0,,,/home/tobeornot8259748/projects/balloon_radar_project/data/raw/detection_dataset/train/Background_IQ/IQ_Data/20260204_100932_beam2_az118.mat,
train,train,Background,0,20260204_100932_beam2_az127,20260204_100932,2,127.0,,,/home/tobeornot8259748/projects/balloon_radar_project/data/raw/detection_dataset/train/Background_IQ/IQ_Data/20260204_100932_beam2_az127.mat,
train,train,Background,0,20260204_100932_beam2_az136,20260204_100932,2,136.0,,,/home/tobeornot8259748/projects/balloon_radar_project/data/raw/detection_dataset/train/Background_IQ/IQ_Data/20260204_100932_beam2_az136.mat,
train,train,Background,0,20260204_100932_beam2_az145,20260204_100932,2,145.0,,,/home/tobeornot8259748/projects/balloon_radar_project/data/raw/detection_dataset/train/Background_IQ/IQ_Data/20260204_100932_beam2_az145.mat,
train,val,Background,0,20260204_100932_beam2_az154,20260204_100932,2,154.0,,,/home/tobeornot8259748/projects/balloon_radar_project/data/raw/detection_dataset/val/Background_IQ/IQ_Data/20260204_100932_beam2_az154.mat,
train,test,Background,0,20260204_100932_beam2_az163,20260204_100932,2,163.0,,,/home/tobeornot8259748/projects/balloon_radar_project/data/raw/detection_dataset/test/Background_IQ/IQ_Data/20260204_100932_beam2_az163.mat,
train,val,Background,0,20260204_100932_beam2_az172,20260204_100932,2,172.0,,,/home/tobeornot8259748/projects/balloon_radar_project/data/raw/detection_dataset/val/Background_IQ/IQ_Data/20260204_100932_beam2_az172.mat,
train,test,Background,0,20260204_100932_beam2_az181,20260204_100932,2,181.0,,,/home/tobeornot8259748/projects/balloon_radar_project/data/raw/detection_dataset/test/Background_IQ/IQ_Data/20260204_100932_beam2_az181.mat,
train,train,Background,0,20260204_100932_beam2_az190,20260204_100932,2,190.0,,,/home/tobeornot8259748/projects/balloon_radar_project/data/raw/detection_dataset/train/Background_IQ/IQ_Data/20260204_100932_beam2_az190.mat,
train,train,Background,0,20260204_100932_beam2_az199,20260204_100932,2,199.0,,,/home/tobeornot8259748/projects/balloon_radar_project/data/raw/detection_dataset/train/Background_IQ/IQ_Data/20260204_100932_beam2_az199.mat,
train,test,Background,0,20260204_100932_beam3_az001,20260204_100932,3,1.0,,,/home/tobeornot8259748/projects/balloon_radar_project/data/raw/detection_dataset/test/Background_IQ/IQ_Data/20260204_100932_beam3_az001.mat,
train,test,Background,0,20260204_100932_beam3_az010,20260204_100932,3,10.0,,,/home/tobeornot8259748/projects/balloon_radar_project/data/raw/detection_dataset/test/Background_IQ/IQ_Data/20260204_100932_beam3_az010.mat,
train,train,Background,0,20260204_100932_beam3_az019,20260204_100932,3,19.0,,,/home/tobeornot8259748/projects/balloon_radar_project/data/raw/detection_dataset/train/Background_IQ/IQ_Data/20260204_100932_beam3_az019.mat,
train,test,Background,0,20260204_100932_beam3_az028,20260204_100932,3,28.0,,,/home/tobeornot8259748/projects/balloon_radar_project/data/raw/detection_dataset/test/Background_IQ/IQ_Data/20260204_100932_beam3_az028.mat,
train,train,Background,0,20260204_100932_beam3_az037,20260204_100932,3,37.0,,,/home/tobeornot8259748/projects/balloon_radar_project/data/raw/detection_dataset/train/Background_IQ/IQ_Data/20260204_100932_beam3_az037.mat,
train,train,Background,0,20260204_100932_beam3_az046,20260204_100932,3,46.0,,,/home/tobeornot8259748/projects/balloon_radar_project/data/raw/detection_dataset/train/Background_IQ/IQ_Data/20260204_100932_beam3_az046.mat,
train,train,Background,0,20260204_100932_beam3_az055,20260204_100932,3,55.0,,,/home/tobeornot8259748/projects/balloon_radar_project/data/raw/detection_dataset/train/Background_IQ/IQ_Data/20260204_100932_beam3_az055.mat,
train,train,Background,0,20260204_100932_beam3_az064,20260204_100932,3,64.0,,,/home/tobeornot8259748/projects/balloon_radar_project/data/raw/detection_dataset/train/Background_IQ/IQ_Data/20260204_100932_beam3_az064.mat,
train,train,Background,0,20260204_100932_beam3_az073,20260204_100932,3,73.0,,,/home/tobeornot8259748/projects/balloon_radar_project/data/raw/detection_dataset/train/Background_IQ/IQ_Data/20260204_100932_beam3_az073.mat,
train,val,Background,0,20260204_100932_beam3_az082,20260204_100932,3,82.0,,,/home/tobeornot8259748/projects/balloon_radar_project/data/raw/detection_dataset/val/Background_IQ/IQ_Data/20260204_100932_beam3_az082.mat,
train,train,Background,0,20260204_100932_beam3_az091,20260204_100932,3,91.0,,,/home/tobeornot8259748/projects/balloon_radar_project/data/raw/detection_dataset/train/Background_IQ/IQ_Data/20260204_100932_beam3_az091.mat,
train,train,Background,0,20260204_100932_beam3_az100,20260204_100932,3,100.0,,,/home/tobeornot8259748/projects/balloon_radar_project/data/raw/detection_dataset/train/Background_IQ/IQ_Data/20260204_100932_beam3_az100.mat,
train,train,Background,0,20260204_100932_beam3_az109,20260204_100932,3,109.0,,,/home/tobeornot8259748/projects/balloon_radar_project/data/raw/detection_dataset/train/Background_IQ/IQ_Data/20260204_100932_beam3_az109.mat,
train,train,Background,0,20260204_100932_beam3_az118,20260204_100932,3,118.0,,,/home/tobeornot8259748/projects/balloon_radar_project/data/raw/detection_dataset/train/Background_IQ/IQ_Data/20260204_100932_beam3_az118.mat,
train,test,Background,0,20260204_100932_beam3_az127,20260204_100932,3,127.0,,,/home/tobeornot8259748/projects/balloon_radar_project/data/raw/detection_dataset/test/Background_IQ/IQ_Data/20260204_100932_beam3_az127.mat,
train,train,Background,0,20260204_100932_beam3_az136,20260204_100932,3,136.0,,,/home/tobeornot8259748/projects/balloon_radar_project/data/raw/detection_dataset/train/Background_IQ/IQ_Data/20260204_100932_beam3_az136.mat,
train,train,Background,0,20260204_100932_beam3_az145,20260204_100932,3,145.0,,,/home/tobeornot8259748/projects/balloon_radar_project/data/raw/detection_dataset/train/Background_IQ/IQ_Data/20260204_100932_beam3_az145.mat,
train,train,Background,0,20260204_100932_beam3_az154,20260204_100932,3,154.0,,,/home/tobeornot8259748/projects/balloon_radar_project/data/raw/detection_dataset/train/Background_IQ/IQ_Data/20260204_100932_beam3_az154.mat,
train,train,Background,0,20260204_100932_beam3_az163,20260204_100932,3,163.0,,,/home/tobeornot8259748/projects/balloon_radar_project/data/raw/detection_dataset/train/Background_IQ/IQ_Data/20260204_100932_beam3_az163.mat,
train,train,Background,0,20260204_100932_beam3_az172,20260204_100932,3,172.0,,,/home/tobeornot8259748/projects/balloon_radar_project/data/raw/detection_dataset/train/Background_IQ/IQ_Data/20260204_100932_beam3_az172.mat,
train,val,Background,0,20260204_100932_beam3_az181,20260204_100932,3,181.0,,,/home/tobeornot8259748/projects/balloon_radar_project/data/raw/detection_dataset/val/Background_IQ/IQ_Data/20260204_100932_beam3_az181.mat,
train,train,Background,0,20260204_100932_beam3_az190,20260204_100932,3,190.0,,,/home/tobeornot8259748/projects/balloon_radar_project/data/raw/detection_dataset/train/Background_IQ/IQ_Data/20260204_100932_beam3_az190.mat,
train,train,Background,0,20260204_100932_beam3_az199,20260204_100932,3,199.0,,,/home/tobeornot8259748/projects/balloon_radar_project/data/raw/detection_dataset/train/Background_IQ/IQ_Data/20260204_100932_beam3_az199.mat,
train,train,Background,0,20260204_100932_beam4_az001,20260204_100932,4,1.0,,,/home/tobeornot8259748/projects/balloon_radar_project/data/raw/detection_dataset/train/Background_IQ/IQ_Data/20260204_100932_beam4_az001.mat,
train,train,Background,0,20260204_100932_beam4_az010,20260204_100932,4,10.0,,,/home/tobeornot8259748/projects/balloon_radar_project/data/raw/detection_dataset/train/Background_IQ/IQ_Data/20260204_100932_beam4_az010.mat,
train,test,Background,0,20260204_100932_beam4_az019,20260204_100932,4,19.0,,,/home/tobeornot8259748/projects/balloon_radar_project/data/raw/detection_dataset/test/Background_IQ/IQ_Data/20260204_100932_beam4_az019.mat,
train,train,Background,0,20260204_100932_beam4_az028,20260204_100932,4,28.0,,,/home/tobeornot8259748/projects/balloon_radar_project/data/raw/detection_dataset/train/Background_IQ/IQ_Data/20260204_100932_beam4_az028.mat,
train,train,Background,0,20260204_100932_beam4_az037,20260204_100932,4,37.0,,,/home/tobeornot8259748/projects/balloon_radar_project/data/raw/detection_dataset/train/Background_IQ/IQ_Data/20260204_100932_beam4_az037.mat,
train,train,Background,0,20260204_100932_beam4_az046,20260204_100932,4,46.0,,,/home/tobeornot8259748/projects/balloon_radar_project/data/raw/detection_dataset/train/Background_IQ/IQ_Data/20260204_100932_beam4_az046.mat,
train,val,Background,0,20260204_100932_beam4_az055,20260204_100932,4,55.0,,,/home/tobeornot8259748/projects/balloon_radar_project/data/raw/detection_dataset/val/Background_IQ/IQ_Data/20260204_100932_beam4_az055.mat,
train,test,Background,0,20260204_100932_beam4_az064,20260204_100932,4,64.0,,,/home/tobeornot8259748/projects/balloon_radar_project/data/raw/detection_dataset/test/Background_IQ/IQ_Data/20260204_100932_beam4_az064.mat,
train,val,Background,0,20260204_100932_beam4_az073,20260204_100932,4,73.0,,,/home/tobeornot8259748/projects/balloon_radar_project/data/raw/detection_dataset/val/Background_IQ/IQ_Data/20260204_100932_beam4_az073.mat,
train,train,Background,0,20260204_100932_beam4_az082,20260204_100932,4,82.0,,,/home/tobeornot8259748/projects/balloon_radar_project/data/raw/detection_dataset/train/Background_IQ/IQ_Data/20260204_100932_beam4_az082.mat,
train,test,Background,0,20260204_100932_beam4_az091,20260204_100932,4,91.0,,,/home/tobeornot8259748/projects/balloon_radar_project/data/raw/detection_dataset/test/Background_IQ/IQ_Data/20260204_100932_beam4_az091.mat,
train,val,Background,0,20260204_100932_beam4_az100,20260204_100932,4,100.0,,,/home/tobeornot8259748/projects/balloon_radar_project/data/raw/detection_dataset/val/Background_IQ/IQ_Data/20260204_100932_beam4_az100.mat,
train,train,Background,0,20260204_100932_beam4_az109,20260204_100932,4,109.0,,,/home/tobeornot8259748/projects/balloon_radar_project/data/raw/detection_dataset/train/Background_IQ/IQ_Data/20260204_100932_beam4_az109.mat,
train,val,Background,0,20260204_100932_beam4_az118,20260204_100932,4,118.0,,,/home/tobeornot8259748/projects/balloon_radar_project/data/raw/detection_dataset/val/Background_IQ/IQ_Data/20260204_100932_beam4_az118.mat,
train,val,Background,0,20260204_100932_beam4_az127,20260204_100932,4,127.0,,,/home/tobeornot8259748/projects/balloon_radar_project/data/raw/detection_dataset/val/Background_IQ/IQ_Data/20260204_100932_beam4_az127.mat,
train,train,Background,0,20260204_100932_beam4_az136,20260204_100932,4,136.0,,,/home/tobeornot8259748/projects/balloon_radar_project/data/raw/detection_dataset/train/Background_IQ/IQ_Data/20260204_100932_beam4_az136.mat,
train,train,Background,0,20260204_100932_beam4_az145,20260204_100932,4,145.0,,,/home/tobeornot8259748/projects/balloon_radar_project/data/raw/detection_dataset/train/Background_IQ/IQ_Data/20260204_100932_beam4_az145.mat,
train,train,Background,0,20260204_100932_beam4_az154,20260204_100932,4,154.0,,,/home/tobeornot8259748/projects/balloon_radar_project/data/raw/detection_dataset/train/Background_IQ/IQ_Data/20260204_100932_beam4_az154.mat,
train,train,Background,0,20260204_100932_beam4_az163,20260204_100932,4,163.0,,,/home/tobeornot8259748/projects/balloon_radar_project/data/raw/detection_dataset/train/Background_IQ/IQ_Data/20260204_100932_beam4_az163.mat,
train,train,Background,0,20260204_100932_beam4_az172,20260204_100932,4,172.0,,,/home/tobeornot8259748/projects/balloon_radar_project/data/raw/detection_dataset/train/Background_IQ/IQ_Data/20260204_100932_beam4_az172.mat,
train,test,Background,0,20260204_100932_beam4_az181,20260204_100932,4,181.0,,,/home/tobeornot8259748/projects/balloon_radar_project/data/raw/detection_dataset/test/Background_IQ/IQ_Data/20260204_100932_beam4_az181.mat,
train,train,Background,0,20260204_100932_beam4_az190,20260204_100932,4,190.0,,,/home/tobeornot8259748/projects/balloon_radar_project/data/raw/detection_dataset/train/Background_IQ/IQ_Data/20260204_100932_beam4_az190.mat,
train,train,Background,0,20260204_100932_beam4_az199,20260204_100932,4,199.0,,,/home/tobeornot8259748/projects/balloon_radar_project/data/raw/detection_dataset/train/Background_IQ/IQ_Data/20260204_100932_beam4_az199.mat,
train,train,Background,0,20260204_100932_beam5_az001,20260204_100932,5,1.0,,,/home/tobeornot8259748/projects/balloon_radar_project/data/raw/detection_dataset/train/Background_IQ/IQ_Data/20260204_100932_beam5_az001.mat,
train,train,Background,0,20260204_100932_beam5_az010,20260204_100932,5,10.0,,,/home/tobeornot8259748/projects/balloon_radar_project/data/raw/detection_dataset/train/Background_IQ/IQ_Data/20260204_100932_beam5_az010.mat,
train,val,Background,0,20260204_100932_beam5_az019,20260204_100932,5,19.0,,,/home/tobeornot8259748/projects/balloon_radar_project/data/raw/detection_dataset/val/Background_IQ/IQ_Data/20260204_100932_beam5_az019.mat,
train,val,Background,0,20260204_100932_beam5_az028,20260204_100932,5,28.0,,,/home/tobeornot8259748/projects/balloon_radar_project/data/raw/detection_dataset/val/Background_IQ/IQ_Data/20260204_100932_beam5_az028.mat,
train,train,Background,0,20260204_100932_beam5_az037,20260204_100932,5,37.0,,,/home/tobeornot8259748/projects/balloon_radar_project/data/raw/detection_dataset/train/Background_IQ/IQ_Data/20260204_100932_beam5_az037.mat,
train,train,Background,0,20260204_100932_beam5_az046,20260204_100932,5,46.0,,,/home/tobeornot8259748/projects/balloon_radar_project/data/raw/detection_dataset/train/Background_IQ/IQ_Data/20260204_100932_beam5_az046.mat,
train,train,Background,0,20260204_100932_beam5_az055,20260204_100932,5,55.0,,,/home/tobeornot8259748/projects/balloon_radar_project/data/raw/detection_dataset/train/Background_IQ/IQ_Data/20260204_100932_beam5_az055.mat,
train,train,Background,0,20260204_100932_beam5_az064,20260204_100932,5,64.0,,,/home/tobeornot8259748/projects/balloon_radar_project/data/raw/detection_dataset/train/Background_IQ/IQ_Data/20260204_100932_beam5_az064.mat,
train,train,Background,0,20260204_100932_beam5_az073,20260204_100932,5,73.0,,,/home/tobeornot8259748/projects/balloon_radar_project/data/raw/detection_dataset/train/Background_IQ/IQ_Data/20260204_100932_beam5_az073.mat,
train,val,Background,0,20260204_100932_beam5_az082,20260204_100932,5,82.0,,,/home/tobeornot8259748/projects/balloon_radar_project/data/raw/detection_dataset/val/Background_IQ/IQ_Data/20260204_100932_beam5_az082.mat,
train,test,Background,0,20260204_100932_beam5_az091,20260204_100932,5,91.0,,,/home/tobeornot8259748/projects/balloon_radar_project/data/raw/detection_dataset/test/Background_IQ/IQ_Data/20260204_100932_beam5_az091.mat,
train,train,Background,0,20260204_100932_beam5_az100,20260204_100932,5,100.0,,,/home/tobeornot8259748/projects/balloon_radar_project/data/raw/detection_dataset/train/Background_IQ/IQ_Data/20260204_100932_beam5_az100.mat,
train,train,Background,0,20260204_100932_beam5_az109,20260204_100932,5,109.0,,,/home/tobeornot8259748/projects/balloon_radar_project/data/raw/detection_dataset/train/Background_IQ/IQ_Data/20260204_100932_beam5_az109.mat,
train,train,Background,0,20260204_100932_beam5_az118,20260204_100932,5,118.0,,,/home/tobeornot8259748/projects/balloon_radar_project/data/raw/detection_dataset/train/Background_IQ/IQ_Data/20260204_100932_beam5_az118.mat,
train,val,Background,0,20260204_100932_beam5_az127,20260204_100932,5,127.0,,,/home/tobeornot8259748/projects/balloon_radar_project/data/raw/detection_dataset/val/Background_IQ/IQ_Data/20260204_100932_beam5_az127.mat,
train,test,Background,0,20260204_100932_beam5_az136,20260204_100932,5,136.0,,,/home/tobeornot8259748/projects/balloon_radar_project/data/raw/detection_dataset/test/Background_IQ/IQ_Data/20260204_100932_beam5_az136.mat,
train,train,Background,0,20260204_100932_beam5_az145,20260204_100932,5,145.0,,,/home/tobeornot8259748/projects/balloon_radar_project/data/raw/detection_dataset/train/Background_IQ/IQ_Data/20260204_100932_beam5_az145.mat,
train,train,Background,0,20260204_100932_beam5_az154,20260204_100932,5,154.0,,,/home/tobeornot8259748/projects/balloon_radar_project/data/raw/detection_dataset/train/Background_IQ/IQ_Data/20260204_100932_beam5_az154.mat,
train,train,Background,0,20260204_100932_beam5_az163,20260204_100932,5,163.0,,,/home/tobeornot8259748/projects/balloon_radar_project/data/raw/detection_dataset/train/Background_IQ/IQ_Data/20260204_100932_beam5_az163.mat,
train,train,Background,0,20260204_100932_beam5_az172,20260204_100932,5,172.0,,,/home/tobeornot8259748/projects/balloon_radar_project/data/raw/detection_dataset/train/Background_IQ/IQ_Data/20260204_100932_beam5_az172.mat,
train,train,Background,0,20260204_100932_beam5_az181,20260204_100932,5,181.0,,,/home/tobeornot8259748/projects/balloon_radar_project/data/raw/detection_dataset/train/Background_IQ/IQ_Data/20260204_100932_beam5_az181.mat,
train,train,Background,0,20260204_100932_beam5_az190,20260204_100932,5,190.0,,,/home/tobeornot8259748/projects/balloon_radar_project/data/raw/detection_dataset/train/Background_IQ/IQ_Data/20260204_100932_beam5_az190.mat,
train,test,Background,0,20260204_100932_beam5_az199,20260204_100932,5,199.0,,,/home/tobeornot8259748/projects/balloon_radar_project/data/raw/detection_dataset/test/Background_IQ/IQ_Data/20260204_100932_beam5_az199.mat,
train,train,UAV,1,20260202_144238_beam1,20260202_144238,1,312.35,2040.0,-2.19,/home/tobeornot8259748/projects/balloon_radar_project/data/raw/detection_dataset/train/UAV_IQ/IQ_Data/20260202_144238_beam1.mat,/home/tobeornot8259748/projects/balloon_radar_project/data/raw/detection_dataset/train/UAV_IQ/Labels/20260202_144238_beam1.txt
train,train,UAV,1,20260202_144238_beam2,20260202_144238,2,311.35,2040.0,-2.19,/home/tobeornot8259748/projects/balloon_radar_project/data/raw/detection_dataset/train/UAV_IQ/IQ_Data/20260202_144238_beam2.mat,/home/tobeornot8259748/projects/balloon_radar_project/data/raw/detection_dataset/train/UAV_IQ/Labels/20260202_144238_beam2.txt
train,train,UAV,1,20260202_144238_beam3,20260202_144238,3,312.35,2040.0,-2.19,/home/tobeornot8259748/projects/balloon_radar_project/data/raw/detection_dataset/train/UAV_IQ/IQ_Data/20260202_144238_beam3.mat,/home/tobeornot8259748/projects/balloon_radar_project/data/raw/detection_dataset/train/UAV_IQ/Labels/20260202_144238_beam3.txt
train,train,UAV,1,20260202_144238_beam4,20260202_144238,4,312.35,2040.0,-2.19,/home/tobeornot8259748/projects/balloon_radar_project/data/raw/detection_dataset/train/UAV_IQ/IQ_Data/20260202_144238_beam4.mat,/home/tobeornot8259748/projects/balloon_radar_project/data/raw/detection_dataset/train/UAV_IQ/Labels/20260202_144238_beam4.txt
train,test,UAV,1,20260202_144246_beam1,20260202_144246,1,312.22,2040.0,-1.83,/home/tobeornot8259748/projects/balloon_radar_project/data/raw/detection_dataset/test/UAV_IQ/IQ_Data/20260202_144246_beam1.mat,/home/tobeornot8259748/projects/balloon_radar_project/data/raw/detection_dataset/test/UAV_IQ/Labels/20260202_144246_beam1.txt
train,test,UAV,1,20260202_144246_beam2,20260202_144246,2,312.22,2040.0,-1.83,/home/tobeornot8259748/projects/balloon_radar_project/data/raw/detection_dataset/test/UAV_IQ/IQ_Data/20260202_144246_beam2.mat,/home/tobeornot8259748/projects/balloon_radar_project/data/raw/detection_dataset/test/UAV_IQ/Labels/20260202_144246_beam2.txt
train,test,UAV,1,20260202_144246_beam3,20260202_144246,3,311.23,2010.0,-1.83,/home/tobeornot8259748/projects/balloon_radar_project/data/raw/detection_dataset/test/UAV_IQ/IQ_Data/20260202_144246_beam3.mat,/home/tobeornot8259748/projects/balloon_radar_project/data/raw/detection_dataset/test/UAV_IQ/Labels/20260202_144246_beam3.txt
train,test,UAV,1,20260202_144246_beam4,20260202_144246,4,311.23,2010.0,-1.83,/home/tobeornot8259748/projects/balloon_radar_project/data/raw/detection_dataset/test/UAV_IQ/IQ_Data/20260202_144246_beam4.mat,/home/tobeornot8259748/projects/balloon_radar_project/data/raw/detection_dataset/test/UAV_IQ/Labels/20260202_144246_beam4.txt
train,test,UAV,1,20260202_144246_beam5,20260202_144246,5,311.23,2010.0,-1.83,/home/tobeornot8259748/projects/balloon_radar_project/data/raw/detection_dataset/test/UAV_IQ/IQ_Data/20260202_144246_beam5.mat,/home/tobeornot8259748/projects/balloon_radar_project/data/raw/detection_dataset/test/UAV_IQ/Labels/20260202_144246_beam5.txt
train,test,UAV,1,20260202_144254_beam1,20260202_144254,1,311.76,2010.0,-2.01,/home/tobeornot8259748/projects/balloon_radar_project/data/raw/detection_dataset/test/UAV_IQ/IQ_Data/20260202_144254_beam1.mat,/home/tobeornot8259748/projects/balloon_radar_project/data/raw/detection_dataset/test/UAV_IQ/Labels/20260202_144254_beam1.txt
train,test,UAV,1,20260202_144254_beam2,20260202_144254,2,311.76,2010.0,-2.01,/home/tobeornot8259748/projects/balloon_radar_project/data/raw/detection_dataset/test/UAV_IQ/IQ_Data/20260202_144254_beam2.mat,/home/tobeornot8259748/projects/balloon_radar_project/data/raw/detection_dataset/test/UAV_IQ/Labels/20260202_144254_beam2.txt
train,test,UAV,1,20260202_144254_beam3,20260202_144254,3,311.76,2010.0,-2.01,/home/tobeornot8259748/projects/balloon_radar_project/data/raw/detection_dataset/test/UAV_IQ/IQ_Data/20260202_144254_beam3.mat,/home/tobeornot8259748/projects/balloon_radar_project/data/raw/detection_dataset/test/UAV_IQ/Labels/20260202_144254_beam3.txt
train,test,UAV,1,20260202_144254_beam4,20260202_144254,4,311.76,2010.0,-2.01,/home/tobeornot8259748/projects/balloon_radar_project/data/raw/detection_dataset/test/UAV_IQ/IQ_Data/20260202_144254_beam4.mat,/home/tobeornot8259748/projects/balloon_radar_project/data/raw/detection_dataset/test/UAV_IQ/Labels/20260202_144254_beam4.txt
train,test,UAV,1,20260202_144302_beam1,20260202_144302,1,312.1,1980.0,-2.19,/home/tobeornot8259748/projects/balloon_radar_project/data/raw/detection_dataset/test/UAV_IQ/IQ_Data/20260202_144302_beam1.mat,/home/tobeornot8259748/projects/balloon_radar_project/data/raw/detection_dataset/test/UAV_IQ/Labels/20260202_144302_beam1.txt
train,test,UAV,1,20260202_144302_beam2,20260202_144302,2,312.1,1980.0,-2.01,/home/tobeornot8259748/projects/balloon_radar_project/data/raw/detection_dataset/test/UAV_IQ/IQ_Data/20260202_144302_beam2.mat,/home/tobeornot8259748/projects/balloon_radar_project/data/raw/detection_dataset/test/UAV_IQ/Labels/20260202_144302_beam2.txt
train,test,UAV,1,20260202_144302_beam3,20260202_144302,3,312.1,2010.0,-2.19,/home/tobeornot8259748/projects/balloon_radar_project/data/raw/detection_dataset/test/UAV_IQ/IQ_Data/20260202_144302_beam3.mat,/home/tobeornot8259748/projects/balloon_radar_project/data/raw/detection_dataset/test/UAV_IQ/Labels/20260202_144302_beam3.txt
train,test,UAV,1,20260202_144302_beam4,20260202_144302,4,312.1,2010.0,-2.19,/home/tobeornot8259748/projects/balloon_radar_project/data/raw/detection_dataset/test/UAV_IQ/IQ_Data/20260202_144302_beam4.mat,/home/tobeornot8259748/projects/balloon_radar_project/data/raw/detection_dataset/test/UAV_IQ/Labels/20260202_144302_beam4.txt
train,test,UAV,1,20260202_144302_beam5,20260202_144302,5,312.1,2010.0,-2.19,/home/tobeornot8259748/projects/balloon_radar_project/data/raw/detection_dataset/test/UAV_IQ/IQ_Data/20260202_144302_beam5.mat,/home/tobeornot8259748/projects/balloon_radar_project/data/raw/detection_dataset/test/UAV_IQ/Labels/20260202_144302_beam5.txt
train,train,UAV,1,20260202_144311_beam1,20260202_144311,1,312.15,2010.0,3.47,/home/tobeornot8259748/projects/balloon_radar_project/data/raw/detection_dataset/train/UAV_IQ/IQ_Data/20260202_144311_beam1.mat,/home/tobeornot8259748/projects/balloon_radar_project/data/raw/detection_dataset/train/UAV_IQ/Labels/20260202_144311_beam1.txt
train,train,UAV,1,20260202_144311_beam2,20260202_144311,2,312.15,2010.0,3.47,/home/tobeornot8259748/projects/balloon_radar_project/data/raw/detection_dataset/train/UAV_IQ/IQ_Data/20260202_144311_beam2.mat,/home/tobeornot8259748/projects/balloon_radar_project/data/raw/detection_dataset/train/UAV_IQ/Labels/20260202_144311_beam2.txt
train,train,UAV,1,20260202_144311_beam3,20260202_144311,3,312.15,2010.0,3.29,/home/tobeornot8259748/projects/balloon_radar_project/data/raw/detection_dataset/train/UAV_IQ/IQ_Data/20260202_144311_beam3.mat,/home/tobeornot8259748/projects/balloon_radar_project/data/raw/detection_dataset/train/UAV_IQ/Labels/20260202_144311_beam3.txt
train,train,UAV,1,20260202_144311_beam4,20260202_144311,4,312.15,2010.0,3.47,/home/tobeornot8259748/projects/balloon_radar_project/data/raw/detection_dataset/train/UAV_IQ/IQ_Data/20260202_144311_beam4.mat,/home/tobeornot8259748/projects/balloon_radar_project/data/raw/detection_dataset/train/UAV_IQ/Labels/20260202_144311_beam4.txt
train,train,UAV,1,20260202_144311_beam5,20260202_144311,5,312.15,2010.0,3.47,/home/tobeornot8259748/projects/balloon_radar_project/data/raw/detection_dataset/train/UAV_IQ/IQ_Data/20260202_144311_beam5.mat,/home/tobeornot8259748/projects/balloon_radar_project/data/raw/detection_dataset/train/UAV_IQ/Labels/20260202_144311_beam5.txt
train,val,UAV,1,20260202_144319_beam1,20260202_144319,1,311.7,2040.0,2.19,/home/tobeornot8259748/projects/balloon_radar_project/data/raw/detection_dataset/val/UAV_IQ/IQ_Data/20260202_144319_beam1.mat,/home/tobeornot8259748/projects/balloon_radar_project/data/raw/detection_dataset/val/UAV_IQ/Labels/20260202_144319_beam1.txt
train,val,UAV,1,20260202_144319_beam2,20260202_144319,2,311.7,2040.0,2.19,/home/tobeornot8259748/projects/balloon_radar_project/data/raw/detection_dataset/val/UAV_IQ/IQ_Data/20260202_144319_beam2.mat,/home/tobeornot8259748/projects/balloon_radar_project/data/raw/detection_dataset/val/UAV_IQ/Labels/20260202_144319_beam2.txt
train,val,UAV,1,20260202_144319_beam3,20260202_144319,3,311.7,2040.0,2.19,/home/tobeornot8259748/projects/balloon_radar_project/data/raw/detection_dataset/val/UAV_IQ/IQ_Data/20260202_144319_beam3.mat,/home/tobeornot8259748/projects/balloon_radar_project/data/raw/detection_dataset/val/UAV_IQ/Labels/20260202_144319_beam3.txt
train,val,UAV,1,20260202_144319_beam4,20260202_144319,4,311.7,2040.0,2.19,/home/tobeornot8259748/projects/balloon_radar_project/data/raw/detection_dataset/val/UAV_IQ/IQ_Data/20260202_144319_beam4.mat,/home/tobeornot8259748/projects/balloon_radar_project/data/raw/detection_dataset/val/UAV_IQ/Labels/20260202_144319_beam4.txt
train,val,UAV,1,20260202_144319_beam5,20260202_144319,5,311.7,2040.0,2.19,/home/tobeornot8259748/projects/balloon_radar_project/data/raw/detection_dataset/val/UAV_IQ/IQ_Data/20260202_144319_beam5.mat,/home/tobeornot8259748/projects/balloon_radar_project/data/raw/detection_dataset/val/UAV_IQ/Labels/20260202_144319_beam5.txt
train,train,UAV,1,20260202_144327_beam1,20260202_144327,1,311.29,2040.0,2.19,/home/tobeornot8259748/projects/balloon_radar_project/data/raw/detection_dataset/train/UAV_IQ/IQ_Data/20260202_144327_beam1.mat,/home/tobeornot8259748/projects/balloon_radar_project/data/raw/detection_dataset/train/UAV_IQ/Labels/20260202_144327_beam1.txt
train,train,UAV,1,20260202_144327_beam2,20260202_144327,2,311.29,2040.0,2.19,/home/tobeornot8259748/projects/balloon_radar_project/data/raw/detection_dataset/train/UAV_IQ/IQ_Data/20260202_144327_beam2.mat,/home/tobeornot8259748/projects/balloon_radar_project/data/raw/detection_dataset/train/UAV_IQ/Labels/20260202_144327_beam2.txt
train,train,UAV,1,20260202_144327_beam3,20260202_144327,3,311.29,2040.0,2.19,/home/tobeornot8259748/projects/balloon_radar_project/data/raw/detection_dataset/train/UAV_IQ/IQ_Data/20260202_144327_beam3.mat,/home/tobeornot8259748/projects/balloon_radar_project/data/raw/detection_dataset/train/UAV_IQ/Labels/20260202_144327_beam3.txt
train,train,UAV,1,20260202_144327_beam4,20260202_144327,4,311.29,2070.0,2.19,/home/tobeornot8259748/projects/balloon_radar_project/data/raw/detection_dataset/train/UAV_IQ/IQ_Data/20260202_144327_beam4.mat,/home/tobeornot8259748/projects/balloon_radar_project/data/raw/detection_dataset/train/UAV_IQ/Labels/20260202_144327_beam4.txt
train,train,UAV,1,20260202_144327_beam5,20260202_144327,5,311.29,2040.0,2.19,/home/tobeornot8259748/projects/balloon_radar_project/data/raw/detection_dataset/train/UAV_IQ/IQ_Data/20260202_144327_beam5.mat,/home/tobeornot8259748/projects/balloon_radar_project/data/raw/detection_dataset/train/UAV_IQ/Labels/20260202_144327_beam5.txt
train,train,UAV,1,20260202_144335_beam1,20260202_144335,1,312.67,2070.0,2.19,/home/tobeornot8259748/projects/balloon_radar_project/data/raw/detection_dataset/train/UAV_IQ/IQ_Data/20260202_144335_beam1.mat,/home/tobeornot8259748/projects/balloon_radar_project/data/raw/detection_dataset/train/UAV_IQ/Labels/20260202_144335_beam1.txt
train,train,UAV,1,20260202_144335_beam2,20260202_144335,2,311.65,2070.0,2.38,/home/tobeornot8259748/projects/balloon_radar_project/data/raw/detection_dataset/train/UAV_IQ/IQ_Data/20260202_144335_beam2.mat,/home/tobeornot8259748/projects/balloon_radar_project/data/raw/detection_dataset/train/UAV_IQ/Labels/20260202_144335_beam2.txt
train,train,UAV,1,20260202_144335_beam3,20260202_144335,3,311.65,2070.0,2.19,/home/tobeornot8259748/projects/balloon_radar_project/data/raw/detection_dataset/train/UAV_IQ/IQ_Data/20260202_144335_beam3.mat,/home/tobeornot8259748/projects/balloon_radar_project/data/raw/detection_dataset/train/UAV_IQ/Labels/20260202_144335_beam3.txt
train,train,UAV,1,20260202_144335_beam4,20260202_144335,4,311.65,2070.0,2.19,/home/tobeornot8259748/projects/balloon_radar_project/data/raw/detection_dataset/train/UAV_IQ/IQ_Data/20260202_144335_beam4.mat,/home/tobeornot8259748/projects/balloon_radar_project/data/raw/detection_dataset/train/UAV_IQ/Labels/20260202_144335_beam4.txt
train,train,UAV,1,20260202_144335_beam5,20260202_144335,5,311.65,2070.0,2.19,/home/tobeornot8259748/projects/balloon_radar_project/data/raw/detection_dataset/train/UAV_IQ/IQ_Data/20260202_144335_beam5.mat,/home/tobeornot8259748/projects/balloon_radar_project/data/raw/detection_dataset/train/UAV_IQ/Labels/20260202_144335_beam5.txt
train,train,UAV,1,20260202_144344_beam1,20260202_144344,1,311.44,2070.0,2.01,/home/tobeornot8259748/projects/balloon_radar_project/data/raw/detection_dataset/train/UAV_IQ/IQ_Data/20260202_144344_beam1.mat,/home/tobeornot8259748/projects/balloon_radar_project/data/raw/detection_dataset/train/UAV_IQ/Labels/20260202_144344_beam1.txt
train,train,UAV,1,20260202_144344_beam2,20260202_144344,2,311.44,2100.0,2.01,/home/tobeornot8259748/projects/balloon_radar_project/data/raw/detection_dataset/train/UAV_IQ/IQ_Data/20260202_144344_beam2.mat,/home/tobeornot8259748/projects/balloon_radar_project/data/raw/detection_dataset/train/UAV_IQ/Labels/20260202_144344_beam2.txt
train,train,UAV,1,20260202_144344_beam3,20260202_144344,3,311.44,2100.0,2.19,/home/tobeornot8259748/projects/balloon_radar_project/data/raw/detection_dataset/train/UAV_IQ/IQ_Data/20260202_144344_beam3.mat,/home/tobeornot8259748/projects/balloon_radar_project/data/raw/detection_dataset/train/UAV_IQ/Labels/20260202_144344_beam3.txt
train,train,UAV,1,20260202_144344_beam4,20260202_144344,4,311.44,2070.0,2.19,/home/tobeornot8259748/projects/balloon_radar_project/data/raw/detection_dataset/train/UAV_IQ/IQ_Data/20260202_144344_beam4.mat,/home/tobeornot8259748/projects/balloon_radar_project/data/raw/detection_dataset/train/UAV_IQ/Labels/20260202_144344_beam4.txt
train,train,UAV,1,20260202_144344_beam5,20260202_144344,5,312.43,2100.0,2.01,/home/tobeornot8259748/projects/balloon_radar_project/data/raw/detection_dataset/train/UAV_IQ/IQ_Data/20260202_144344_beam5.mat,/home/tobeornot8259748/projects/balloon_radar_project/data/raw/detection_dataset/train/UAV_IQ/Labels/20260202_144344_beam5.txt
train,train,UAV,1,20260202_144352_beam1,20260202_144352,1,312.52,2100.0,-2.92,/home/tobeornot8259748/projects/balloon_radar_project/data/raw/detection_dataset/train/UAV_IQ/IQ_Data/20260202_144352_beam1.mat,/home/tobeornot8259748/projects/balloon_radar_project/data/raw/detection_dataset/train/UAV_IQ/Labels/20260202_144352_beam1.txt
train,train,UAV,1,20260202_144352_beam2,20260202_144352,2,312.52,2100.0,-2.74,/home/tobeornot8259748/projects/balloon_radar_project/data/raw/detection_dataset/train/UAV_IQ/IQ_Data/20260202_144352_beam2.mat,/home/tobeornot8259748/projects/balloon_radar_project/data/raw/detection_dataset/train/UAV_IQ/Labels/20260202_144352_beam2.txt
train,train,UAV,1,20260202_144352_beam3,20260202_144352,3,312.52,2100.0,-2.92,/home/tobeornot8259748/projects/balloon_radar_project/data/raw/detection_dataset/train/UAV_IQ/IQ_Data/20260202_144352_beam3.mat,/home/tobeornot8259748/projects/balloon_radar_project/data/raw/detection_dataset/train/UAV_IQ/Labels/20260202_144352_beam3.txt
train,train,UAV,1,20260202_144352_beam4,20260202_144352,4,312.52,2070.0,-2.92,/home/tobeornot8259748/projects/balloon_radar_project/data/raw/detection_dataset/train/UAV_IQ/IQ_Data/20260202_144352_beam4.mat,/home/tobeornot8259748/projects/balloon_radar_project/data/raw/detection_dataset/train/UAV_IQ/Labels/20260202_144352_beam4.txt
train,train,UAV,1,20260202_144352_beam5,20260202_144352,5,312.52,2100.0,-2.92,/home/tobeornot8259748/projects/balloon_radar_project/data/raw/detection_dataset/train/UAV_IQ/IQ_Data/20260202_144352_beam5.mat,/home/tobeornot8259748/projects/balloon_radar_project/data/raw/detection_dataset/train/UAV_IQ/Labels/20260202_144352_beam5.txt
train,train,UAV,1,20260202_144417_beam1,20260202_144417,1,311.29,2040.0,-3.29,/home/tobeornot8259748/projects/balloon_radar_project/data/raw/detection_dataset/train/UAV_IQ/IQ_Data/20260202_144417_beam1.mat,/home/tobeornot8259748/projects/balloon_radar_project/data/raw/detection_dataset/train/UAV_IQ/Labels/20260202_144417_beam1.txt
train,train,UAV,1,20260202_144417_beam2,20260202_144417,2,311.29,2010.0,-3.47,/home/tobeornot8259748/projects/balloon_radar_project/data/raw/detection_dataset/train/UAV_IQ/IQ_Data/20260202_144417_beam2.mat,/home/tobeornot8259748/projects/balloon_radar_project/data/raw/detection_dataset/train/UAV_IQ/Labels/20260202_144417_beam2.txt
train,train,UAV,1,20260202_144417_beam3,20260202_144417,3,311.29,2040.0,-3.47,/home/tobeornot8259748/projects/balloon_radar_project/data/raw/detection_dataset/train/UAV_IQ/IQ_Data/20260202_144417_beam3.mat,/home/tobeornot8259748/projects/balloon_radar_project/data/raw/detection_dataset/train/UAV_IQ/Labels/20260202_144417_beam3.txt
train,train,UAV,1,20260202_144417_beam4,20260202_144417,4,311.29,2010.0,-3.29,/home/tobeornot8259748/projects/balloon_radar_project/data/raw/detection_dataset/train/UAV_IQ/IQ_Data/20260202_144417_beam4.mat,/home/tobeornot8259748/projects/balloon_radar_project/data/raw/detection_dataset/train/UAV_IQ/Labels/20260202_144417_beam4.txt
train,train,UAV,1,20260202_144417_beam5,20260202_144417,5,312.29,2010.0,-3.29,/home/tobeornot8259748/projects/balloon_radar_project/data/raw/detection_dataset/train/UAV_IQ/IQ_Data/20260202_144417_beam5.mat,/home/tobeornot8259748/projects/balloon_radar_project/data/raw/detection_dataset/train/UAV_IQ/Labels/20260202_144417_beam5.txt
train,test,UAV,1,20260202_144425_beam1,20260202_144425,1,311.55,1980.0,-3.47,/home/tobeornot8259748/projects/balloon_radar_project/data/raw/detection_dataset/test/UAV_IQ/IQ_Data/20260202_144425_beam1.mat,/home/tobeornot8259748/projects/balloon_radar_project/data/raw/detection_dataset/test/UAV_IQ/Labels/20260202_144425_beam1.txt
train,test,UAV,1,20260202_144425_beam2,20260202_144425,2,311.55,1980.0,-3.47,/home/tobeornot8259748/projects/balloon_radar_project/data/raw/detection_dataset/test/UAV_IQ/IQ_Data/20260202_144425_beam2.mat,/home/tobeornot8259748/projects/balloon_radar_project/data/raw/detection_dataset/test/UAV_IQ/Labels/20260202_144425_beam2.txt
train,test,UAV,1,20260202_144425_beam3,20260202_144425,3,311.55,2010.0,-3.47,/home/tobeornot8259748/projects/balloon_radar_project/data/raw/detection_dataset/test/UAV_IQ/IQ_Data/20260202_144425_beam3.mat,/home/tobeornot8259748/projects/balloon_radar_project/data/raw/detection_dataset/test/UAV_IQ/Labels/20260202_144425_beam3.txt
train,test,UAV,1,20260202_144425_beam4,20260202_144425,4,311.55,1980.0,-3.47,/home/tobeornot8259748/projects/balloon_radar_project/data/raw/detection_dataset/test/UAV_IQ/IQ_Data/20260202_144425_beam4.mat,/home/tobeornot8259748/projects/balloon_radar_project/data/raw/detection_dataset/test/UAV_IQ/Labels/20260202_144425_beam4.txt
train,test,UAV,1,20260202_144425_beam5,20260202_144425,5,311.55,2010.0,-3.47,/home/tobeornot8259748/projects/balloon_radar_project/data/raw/detection_dataset/test/UAV_IQ/IQ_Data/20260202_144425_beam5.mat,/home/tobeornot8259748/projects/balloon_radar_project/data/raw/detection_dataset/test/UAV_IQ/Labels/20260202_144425_beam5.txt
train,val,UAV,1,20260202_144433_beam1,20260202_144433,1,310.71,1950.0,-4.2,/home/tobeornot8259748/projects/balloon_radar_project/data/raw/detection_dataset/val/UAV_IQ/IQ_Data/20260202_144433_beam1.mat,/home/tobeornot8259748/projects/balloon_radar_project/data/raw/detection_dataset/val/UAV_IQ/Labels/20260202_144433_beam1.txt
train,val,UAV,1,20260202_144433_beam2,20260202_144433,2,310.71,1950.0,-4.2,/home/tobeornot8259748/projects/balloon_radar_project/data/raw/detection_dataset/val/UAV_IQ/IQ_Data/20260202_144433_beam2.mat,/home/tobeornot8259748/projects/balloon_radar_project/data/raw/detection_dataset/val/UAV_IQ/Labels/20260202_144433_beam2.txt
train,val,UAV,1,20260202_144433_beam3,20260202_144433,3,310.71,1950.0,-4.2,/home/tobeornot8259748/projects/balloon_radar_project/data/raw/detection_dataset/val/UAV_IQ/IQ_Data/20260202_144433_beam3.mat,/home/tobeornot8259748/projects/balloon_radar_project/data/raw/detection_dataset/val/UAV_IQ/Labels/20260202_144433_beam3.txt
train,val,UAV,1,20260202_144433_beam4,20260202_144433,4,310.71,1950.0,-4.2,/home/tobeornot8259748/projects/balloon_radar_project/data/raw/detection_dataset/val/UAV_IQ/IQ_Data/20260202_144433_beam4.mat,/home/tobeornot8259748/projects/balloon_radar_project/data/raw/detection_dataset/val/UAV_IQ/Labels/20260202_144433_beam4.txt
train,val,UAV,1,20260202_144433_beam5,20260202_144433,5,311.7,1950.0,-4.2,/home/tobeornot8259748/projects/balloon_radar_project/data/raw/detection_dataset/val/UAV_IQ/IQ_Data/20260202_144433_beam5.mat,/home/tobeornot8259748/projects/balloon_radar_project/data/raw/detection_dataset/val/UAV_IQ/Labels/20260202_144433_beam5.txt
train,test,UAV,1,20260202_144458_beam1,20260202_144458,1,310.01,2010.0,5.66,/home/tobeornot8259748/projects/balloon_radar_project/data/raw/detection_dataset/test/UAV_IQ/IQ_Data/20260202_144458_beam1.mat,/home/tobeornot8259748/projects/balloon_radar_project/data/raw/detection_dataset/test/UAV_IQ/Labels/20260202_144458_beam1.txt
train,test,UAV,1,20260202_144458_beam2,20260202_144458,2,310.01,2010.0,5.66,/home/tobeornot8259748/projects/balloon_radar_project/data/raw/detection_dataset/test/UAV_IQ/IQ_Data/20260202_144458_beam2.mat,/home/tobeornot8259748/projects/balloon_radar_project/data/raw/detection_dataset/test/UAV_IQ/Labels/20260202_144458_beam2.txt
train,test,UAV,1,20260202_144458_beam3,20260202_144458,3,310.01,1980.0,5.66,/home/tobeornot8259748/projects/balloon_radar_project/data/raw/detection_dataset/test/UAV_IQ/IQ_Data/20260202_144458_beam3.mat,/home/tobeornot8259748/projects/balloon_radar_project/data/raw/detection_dataset/test/UAV_IQ/Labels/20260202_144458_beam3.txt
train,test,UAV,1,20260202_144458_beam4,20260202_144458,4,310.01,2010.0,5.66,/home/tobeornot8259748/projects/balloon_radar_project/data/raw/detection_dataset/test/UAV_IQ/IQ_Data/20260202_144458_beam4.mat,/home/tobeornot8259748/projects/balloon_radar_project/data/raw/detection_dataset/test/UAV_IQ/Labels/20260202_144458_beam4.txt
train,test,UAV,1,20260202_144458_beam5,20260202_144458,5,310.01,1980.0,5.66,/home/tobeornot8259748/projects/balloon_radar_project/data/raw/detection_dataset/test/UAV_IQ/IQ_Data/20260202_144458_beam5.mat,/home/tobeornot8259748/projects/balloon_radar_project/data/raw/detection_dataset/test/UAV_IQ/Labels/20260202_144458_beam5.txt
train,test,UAV,1,20260202_144506_beam1,20260202_144506,1,310.23,2070.0,4.75,/home/tobeornot8259748/projects/balloon_radar_project/data/raw/detection_dataset/test/UAV_IQ/IQ_Data/20260202_144506_beam1.mat,/home/tobeornot8259748/projects/balloon_radar_project/data/raw/detection_dataset/test/UAV_IQ/Labels/20260202_144506_beam1.txt
train,test,UAV,1,20260202_144506_beam2,20260202_144506,2,310.23,2040.0,4.75,/home/tobeornot8259748/projects/balloon_radar_project/data/raw/detection_dataset/test/UAV_IQ/IQ_Data/20260202_144506_beam2.mat,/home/tobeornot8259748/projects/balloon_radar_project/data/raw/detection_dataset/test/UAV_IQ/Labels/20260202_144506_beam2.txt
train,test,UAV,1,20260202_144506_beam3,20260202_144506,3,309.24,2070.0,4.75,/home/tobeornot8259748/projects/balloon_radar_project/data/raw/detection_dataset/test/UAV_IQ/IQ_Data/20260202_144506_beam3.mat,/home/tobeornot8259748/projects/balloon_radar_project/data/raw/detection_dataset/test/UAV_IQ/Labels/20260202_144506_beam3.txt
train,test,UAV,1,20260202_144506_beam4,20260202_144506,4,309.24,2070.0,4.75,/home/tobeornot8259748/projects/balloon_radar_project/data/raw/detection_dataset/test/UAV_IQ/IQ_Data/20260202_144506_beam4.mat,/home/tobeornot8259748/projects/balloon_radar_project/data/raw/detection_dataset/test/UAV_IQ/Labels/20260202_144506_beam4.txt
train,test,UAV,1,20260202_144506_beam5,20260202_144506,5,310.23,2040.0,4.75,/home/tobeornot8259748/projects/balloon_radar_project/data/raw/detection_dataset/test/UAV_IQ/IQ_Data/20260202_144506_beam5.mat,/home/tobeornot8259748/projects/balloon_radar_project/data/raw/detection_dataset/test/UAV_IQ/Labels/20260202_144506_beam5.txt
train,train,UAV,1,20260202_144515_beam1,20260202_144515,1,308.62,2070.0,5.3,/home/tobeornot8259748/projects/balloon_radar_project/data/raw/detection_dataset/train/UAV_IQ/IQ_Data/20260202_144515_beam1.mat,/home/tobeornot8259748/projects/balloon_radar_project/data/raw/detection_dataset/train/UAV_IQ/Labels/20260202_144515_beam1.txt
train,train,UAV,1,20260202_144515_beam2,20260202_144515,2,309.61,2070.0,5.3,/home/tobeornot8259748/projects/balloon_radar_project/data/raw/detection_dataset/train/UAV_IQ/IQ_Data/20260202_144515_beam2.mat,/home/tobeornot8259748/projects/balloon_radar_project/data/raw/detection_dataset/train/UAV_IQ/Labels/20260202_144515_beam2.txt
train,train,UAV,1,20260202_144515_beam3,20260202_144515,3,308.62,2100.0,5.3,/home/tobeornot8259748/projects/balloon_radar_project/data/raw/detection_dataset/train/UAV_IQ/IQ_Data/20260202_144515_beam3.mat,/home/tobeornot8259748/projects/balloon_radar_project/data/raw/detection_dataset/train/UAV_IQ/Labels/20260202_144515_beam3.txt
train,train,UAV,1,20260202_144515_beam4,20260202_144515,4,308.62,2100.0,5.3,/home/tobeornot8259748/projects/balloon_radar_project/data/raw/detection_dataset/train/UAV_IQ/IQ_Data/20260202_144515_beam4.mat,/home/tobeornot8259748/projects/balloon_radar_project/data/raw/detection_dataset/train/UAV_IQ/Labels/20260202_144515_beam4.txt
train,train,UAV,1,20260202_144515_beam5,20260202_144515,5,308.62,2070.0,5.3,/home/tobeornot8259748/projects/balloon_radar_project/data/raw/detection_dataset/train/UAV_IQ/IQ_Data/20260202_144515_beam5.mat,/home/tobeornot8259748/projects/balloon_radar_project/data/raw/detection_dataset/train/UAV_IQ/Labels/20260202_144515_beam5.txt
train,train,UAV,1,20260202_144523_beam1,20260202_144523,1,308.4,2130.0,5.12,/home/tobeornot8259748/projects/balloon_radar_project/data/raw/detection_dataset/train/UAV_IQ/IQ_Data/20260202_144523_beam1.mat,/home/tobeornot8259748/projects/balloon_radar_project/data/raw/detection_dataset/train/UAV_IQ/Labels/20260202_144523_beam1.txt
train,train,UAV,1,20260202_144523_beam2,20260202_144523,2,308.4,2130.0,5.12,/home/tobeornot8259748/projects/balloon_radar_project/data/raw/detection_dataset/train/UAV_IQ/IQ_Data/20260202_144523_beam2.mat,/home/tobeornot8259748/projects/balloon_radar_project/data/raw/detection_dataset/train/UAV_IQ/Labels/20260202_144523_beam2.txt
train,train,UAV,1,20260202_144523_beam3,20260202_144523,3,308.4,2100.0,5.12,/home/tobeornot8259748/projects/balloon_radar_project/data/raw/detection_dataset/train/UAV_IQ/IQ_Data/20260202_144523_beam3.mat,/home/tobeornot8259748/projects/balloon_radar_project/data/raw/detection_dataset/train/UAV_IQ/Labels/20260202_144523_beam3.txt
train,train,UAV,1,20260202_144523_beam4,20260202_144523,4,308.4,2130.0,5.12,/home/tobeornot8259748/projects/balloon_radar_project/data/raw/detection_dataset/train/UAV_IQ/IQ_Data/20260202_144523_beam4.mat,/home/tobeornot8259748/projects/balloon_radar_project/data/raw/detection_dataset/train/UAV_IQ/Labels/20260202_144523_beam4.txt
train,train,UAV,1,20260202_144523_beam5,20260202_144523,5,308.4,2130.0,5.12,/home/tobeornot8259748/projects/balloon_radar_project/data/raw/detection_dataset/train/UAV_IQ/IQ_Data/20260202_144523_beam5.mat,/home/tobeornot8259748/projects/balloon_radar_project/data/raw/detection_dataset/train/UAV_IQ/Labels/20260202_144523_beam5.txt
train,test,UAV,1,20260202_144539_beam1,20260202_144539,1,310.79,2190.0,3.29,/home/tobeornot8259748/projects/balloon_radar_project/data/raw/detection_dataset/test/UAV_IQ/IQ_Data/20260202_144539_beam1.mat,/home/tobeornot8259748/projects/balloon_radar_project/data/raw/detection_dataset/test/UAV_IQ/Labels/20260202_144539_beam1.txt
train,test,UAV,1,20260202_144539_beam2,20260202_144539,2,310.79,2190.0,3.11,/home/tobeornot8259748/projects/balloon_radar_project/data/raw/detection_dataset/test/UAV_IQ/IQ_Data/20260202_144539_beam2.mat,/home/tobeornot8259748/projects/balloon_radar_project/data/raw/detection_dataset/test/UAV_IQ/Labels/20260202_144539_beam2.txt
train,test,UAV,1,20260202_144539_beam3,20260202_144539,3,310.79,2190.0,3.29,/home/tobeornot8259748/projects/balloon_radar_project/data/raw/detection_dataset/test/UAV_IQ/IQ_Data/20260202_144539_beam3.mat,/home/tobeornot8259748/projects/balloon_radar_project/data/raw/detection_dataset/test/UAV_IQ/Labels/20260202_144539_beam3.txt
train,test,UAV,1,20260202_144539_beam4,20260202_144539,4,310.79,2190.0,3.29,/home/tobeornot8259748/projects/balloon_radar_project/data/raw/detection_dataset/test/UAV_IQ/IQ_Data/20260202_144539_beam4.mat,/home/tobeornot8259748/projects/balloon_radar_project/data/raw/detection_dataset/test/UAV_IQ/Labels/20260202_144539_beam4.txt
train,train,UAV,1,20260202_144548_beam1,20260202_144548,1,311.9,2220.0,2.38,/home/tobeornot8259748/projects/balloon_radar_project/data/raw/detection_dataset/train/UAV_IQ/IQ_Data/20260202_144548_beam1.mat,/home/tobeornot8259748/projects/balloon_radar_project/data/raw/detection_dataset/train/UAV_IQ/Labels/20260202_144548_beam1.txt
train,train,UAV,1,20260202_144548_beam2,20260202_144548,2,311.9,2220.0,2.38,/home/tobeornot8259748/projects/balloon_radar_project/data/raw/detection_dataset/train/UAV_IQ/IQ_Data/20260202_144548_beam2.mat,/home/tobeornot8259748/projects/balloon_radar_project/data/raw/detection_dataset/train/UAV_IQ/Labels/20260202_144548_beam2.txt
train,train,UAV,1,20260202_144548_beam3,20260202_144548,3,311.9,2220.0,2.38,/home/tobeornot8259748/projects/balloon_radar_project/data/raw/detection_dataset/train/UAV_IQ/IQ_Data/20260202_144548_beam3.mat,/home/tobeornot8259748/projects/balloon_radar_project/data/raw/detection_dataset/train/UAV_IQ/Labels/20260202_144548_beam3.txt
train,train,UAV,1,20260202_144548_beam4,20260202_144548,4,311.9,2220.0,2.38,/home/tobeornot8259748/projects/balloon_radar_project/data/raw/detection_dataset/train/UAV_IQ/IQ_Data/20260202_144548_beam4.mat,/home/tobeornot8259748/projects/balloon_radar_project/data/raw/detection_dataset/train/UAV_IQ/Labels/20260202_144548_beam4.txt
train,train,UAV,1,20260202_144556_beam1,20260202_144556,1,313.17,2250.0,-1.64,/home/tobeornot8259748/projects/balloon_radar_project/data/raw/detection_dataset/train/UAV_IQ/IQ_Data/20260202_144556_beam1.mat,/home/tobeornot8259748/projects/balloon_radar_project/data/raw/detection_dataset/train/UAV_IQ/Labels/20260202_144556_beam1.txt
train,train,UAV,1,20260202_144556_beam2,20260202_144556,2,312.18,2220.0,-1.64,/home/tobeornot8259748/projects/balloon_radar_project/data/raw/detection_dataset/train/UAV_IQ/IQ_Data/20260202_144556_beam2.mat,/home/tobeornot8259748/projects/balloon_radar_project/data/raw/detection_dataset/train/UAV_IQ/Labels/20260202_144556_beam2.txt
train,train,UAV,1,20260202_144556_beam3,20260202_144556,3,312.18,2220.0,-1.64,/home/tobeornot8259748/projects/balloon_radar_project/data/raw/detection_dataset/train/UAV_IQ/IQ_Data/20260202_144556_beam3.mat,/home/tobeornot8259748/projects/balloon_radar_project/data/raw/detection_dataset/train/UAV_IQ/Labels/20260202_144556_beam3.txt
train,train,UAV,1,20260202_144604_beam1,20260202_144604,1,313.35,2190.0,-4.02,/home/tobeornot8259748/projects/balloon_radar_project/data/raw/detection_dataset/train/UAV_IQ/IQ_Data/20260202_144604_beam1.mat,/home/tobeornot8259748/projects/balloon_radar_project/data/raw/detection_dataset/train/UAV_IQ/Labels/20260202_144604_beam1.txt
train,train,UAV,1,20260202_144604_beam2,20260202_144604,2,314.35,2190.0,-4.2,/home/tobeornot8259748/projects/balloon_radar_project/data/raw/detection_dataset/train/UAV_IQ/IQ_Data/20260202_144604_beam2.mat,/home/tobeornot8259748/projects/balloon_radar_project/data/raw/detection_dataset/train/UAV_IQ/Labels/20260202_144604_beam2.txt
train,train,UAV,1,20260202_144604_beam3,20260202_144604,3,314.35,2220.0,-4.2,/home/tobeornot8259748/projects/balloon_radar_project/data/raw/detection_dataset/train/UAV_IQ/IQ_Data/20260202_144604_beam3.mat,/home/tobeornot8259748/projects/balloon_radar_project/data/raw/detection_dataset/train/UAV_IQ/Labels/20260202_144604_beam3.txt
train,train,UAV,1,20260202_144604_beam4,20260202_144604,4,314.35,2190.0,-4.2,/home/tobeornot8259748/projects/balloon_radar_project/data/raw/detection_dataset/train/UAV_IQ/IQ_Data/20260202_144604_beam4.mat,/home/tobeornot8259748/projects/balloon_radar_project/data/raw/detection_dataset/train/UAV_IQ/Labels/20260202_144604_beam4.txt
train,train,UAV,1,20260202_144613_beam1,20260202_144613,1,314.63,2160.0,-5.66,/home/tobeornot8259748/projects/balloon_radar_project/data/raw/detection_dataset/train/UAV_IQ/IQ_Data/20260202_144613_beam1.mat,/home/tobeornot8259748/projects/balloon_radar_project/data/raw/detection_dataset/train/UAV_IQ/Labels/20260202_144613_beam1.txt
train,train,UAV,1,20260202_144613_beam2,20260202_144613,2,314.63,2160.0,-5.66,/home/tobeornot8259748/projects/balloon_radar_project/data/raw/detection_dataset/train/UAV_IQ/IQ_Data/20260202_144613_beam2.mat,/home/tobeornot8259748/projects/balloon_radar_project/data/raw/detection_dataset/train/UAV_IQ/Labels/20260202_144613_beam2.txt
train,train,UAV,1,20260202_144613_beam3,20260202_144613,3,314.63,2160.0,-5.66,/home/tobeornot8259748/projects/balloon_radar_project/data/raw/detection_dataset/train/UAV_IQ/IQ_Data/20260202_144613_beam3.mat,/home/tobeornot8259748/projects/balloon_radar_project/data/raw/detection_dataset/train/UAV_IQ/Labels/20260202_144613_beam3.txt
train,train,UAV,1,20260202_144613_beam4,20260202_144613,4,314.63,2160.0,-5.66,/home/tobeornot8259748/projects/balloon_radar_project/data/raw/detection_dataset/train/UAV_IQ/IQ_Data/20260202_144613_beam4.mat,/home/tobeornot8259748/projects/balloon_radar_project/data/raw/detection_dataset/train/UAV_IQ/Labels/20260202_144613_beam4.txt
train,train,UAV,1,20260202_144629_beam1,20260202_144629,1,313.77,2400.0,-6.76,/home/tobeornot8259748/projects/balloon_radar_project/data/raw/detection_dataset/train/UAV_IQ/IQ_Data/20260202_144629_beam1.mat,/home/tobeornot8259748/projects/balloon_radar_project/data/raw/detection_dataset/train/UAV_IQ/Labels/20260202_144629_beam1.txt
train,train,UAV,1,20260202_144629_beam2,20260202_144629,2,313.77,2400.0,-6.76,/home/tobeornot8259748/projects/balloon_radar_project/data/raw/detection_dataset/train/UAV_IQ/IQ_Data/20260202_144629_beam2.mat,/home/tobeornot8259748/projects/balloon_radar_project/data/raw/detection_dataset/train/UAV_IQ/Labels/20260202_144629_beam2.txt
train,train,UAV,1,20260202_144629_beam3,20260202_144629,3,314.77,2400.0,-6.76,/home/tobeornot8259748/projects/balloon_radar_project/data/raw/detection_dataset/train/UAV_IQ/IQ_Data/20260202_144629_beam3.mat,/home/tobeornot8259748/projects/balloon_radar_project/data/raw/detection_dataset/train/UAV_IQ/Labels/20260202_144629_beam3.txt
train,train,UAV,1,20260202_144629_beam4,20260202_144629,4,313.77,2400.0,-6.76,/home/tobeornot8259748/projects/balloon_radar_project/data/raw/detection_dataset/train/UAV_IQ/IQ_Data/20260202_144629_beam4.mat,/home/tobeornot8259748/projects/balloon_radar_project/data/raw/detection_dataset/train/UAV_IQ/Labels/20260202_144629_beam4.txt
train,train,UAV,1,20260202_144637_beam1,20260202_144637,1,315.08,2130.0,-1.28,/home/tobeornot8259748/projects/balloon_radar_project/data/raw/detection_dataset/train/UAV_IQ/IQ_Data/20260202_144637_beam1.mat,/home/tobeornot8259748/projects/balloon_radar_project/data/raw/detection_dataset/train/UAV_IQ/Labels/20260202_144637_beam1.txt
train,train,UAV,1,20260202_144637_beam2,20260202_144637,2,315.08,2130.0,-1.1,/home/tobeornot8259748/projects/balloon_radar_project/data/raw/detection_dataset/train/UAV_IQ/IQ_Data/20260202_144637_beam2.mat,/home/tobeornot8259748/projects/balloon_radar_project/data/raw/detection_dataset/train/UAV_IQ/Labels/20260202_144637_beam2.txt
train,train,UAV,1,20260202_144637_beam3,20260202_144637,3,315.08,2130.0,-1.1,/home/tobeornot8259748/projects/balloon_radar_project/data/raw/detection_dataset/train/UAV_IQ/IQ_Data/20260202_144637_beam3.mat,/home/tobeornot8259748/projects/balloon_radar_project/data/raw/detection_dataset/train/UAV_IQ/Labels/20260202_144637_beam3.txt
train,train,UAV,1,20260202_144637_beam4,20260202_144637,4,315.08,2100.0,-1.28,/home/tobeornot8259748/projects/balloon_radar_project/data/raw/detection_dataset/train/UAV_IQ/IQ_Data/20260202_144637_beam4.mat,/home/tobeornot8259748/projects/balloon_radar_project/data/raw/detection_dataset/train/UAV_IQ/Labels/20260202_144637_beam4.txt
train,train,UAV,1,20260202_144645_beam1,20260202_144645,1,310.9,2040.0,2.01,/home/tobeornot8259748/projects/balloon_radar_project/data/raw/detection_dataset/train/UAV_IQ/IQ_Data/20260202_144645_beam1.mat,/home/tobeornot8259748/projects/balloon_radar_project/data/raw/detection_dataset/train/UAV_IQ/Labels/20260202_144645_beam1.txt
train,train,UAV,1,20260202_144645_beam2,20260202_144645,2,310.9,2070.0,2.01,/home/tobeornot8259748/projects/balloon_radar_project/data/raw/detection_dataset/train/UAV_IQ/IQ_Data/20260202_144645_beam2.mat,/home/tobeornot8259748/projects/balloon_radar_project/data/raw/detection_dataset/train/UAV_IQ/Labels/20260202_144645_beam2.txt
train,train,UAV,1,20260202_144645_beam3,20260202_144645,3,310.9,2070.0,2.01,/home/tobeornot8259748/projects/balloon_radar_project/data/raw/detection_dataset/train/UAV_IQ/IQ_Data/20260202_144645_beam3.mat,/home/tobeornot8259748/projects/balloon_radar_project/data/raw/detection_dataset/train/UAV_IQ/Labels/20260202_144645_beam3.txt
train,train,UAV,1,20260202_144645_beam4,20260202_144645,4,310.9,2040.0,2.01,/home/tobeornot8259748/projects/balloon_radar_project/data/raw/detection_dataset/train/UAV_IQ/IQ_Data/20260202_144645_beam4.mat,/home/tobeornot8259748/projects/balloon_radar_project/data/raw/detection_dataset/train/UAV_IQ/Labels/20260202_144645_beam4.txt
train,train,UAV,1,20260202_144710_beam1,20260202_144710,1,308.54,2160.0,4.2,/home/tobeornot8259748/projects/balloon_radar_project/data/raw/detection_dataset/train/UAV_IQ/IQ_Data/20260202_144710_beam1.mat,/home/tobeornot8259748/projects/balloon_radar_project/data/raw/detection_dataset/train/UAV_IQ/Labels/20260202_144710_beam1.txt
train,train,UAV,1,20260202_144710_beam2,20260202_144710,2,308.54,2160.0,4.2,/home/tobeornot8259748/projects/balloon_radar_project/data/raw/detection_dataset/train/UAV_IQ/IQ_Data/20260202_144710_beam2.mat,/home/tobeornot8259748/projects/balloon_radar_project/data/raw/detection_dataset/train/UAV_IQ/Labels/20260202_144710_beam2.txt
train,train,UAV,1,20260202_144710_beam3,20260202_144710,3,308.54,2160.0,4.2,/home/tobeornot8259748/projects/balloon_radar_project/data/raw/detection_dataset/train/UAV_IQ/IQ_Data/20260202_144710_beam3.mat,/home/tobeornot8259748/projects/balloon_radar_project/data/raw/detection_dataset/train/UAV_IQ/Labels/20260202_144710_beam3.txt
train,train,UAV,1,20260202_144710_beam4,20260202_144710,4,308.54,2130.0,4.2,/home/tobeornot8259748/projects/balloon_radar_project/data/raw/detection_dataset/train/UAV_IQ/IQ_Data/20260202_144710_beam4.mat,/home/tobeornot8259748/projects/balloon_radar_project/data/raw/detection_dataset/train/UAV_IQ/Labels/20260202_144710_beam4.txt
train,train,UAV,1,20260202_144718_beam1,20260202_144718,1,310.45,2190.0,3.47,/home/tobeornot8259748/projects/balloon_radar_project/data/raw/detection_dataset/train/UAV_IQ/IQ_Data/20260202_144718_beam1.mat,/home/tobeornot8259748/projects/balloon_radar_project/data/raw/detection_dataset/train/UAV_IQ/Labels/20260202_144718_beam1.txt
train,train,UAV,1,20260202_144718_beam2,20260202_144718,2,310.45,2190.0,3.47,/home/tobeornot8259748/projects/balloon_radar_project/data/raw/detection_dataset/train/UAV_IQ/IQ_Data/20260202_144718_beam2.mat,/home/tobeornot8259748/projects/balloon_radar_project/data/raw/detection_dataset/train/UAV_IQ/Labels/20260202_144718_beam2.txt
train,train,UAV,1,20260202_144718_beam3,20260202_144718,3,310.45,2190.0,3.47,/home/tobeornot8259748/projects/balloon_radar_project/data/raw/detection_dataset/train/UAV_IQ/IQ_Data/20260202_144718_beam3.mat,/home/tobeornot8259748/projects/balloon_radar_project/data/raw/detection_dataset/train/UAV_IQ/Labels/20260202_144718_beam3.txt
train,train,UAV,1,20260202_144718_beam4,20260202_144718,4,310.45,2190.0,3.47,/home/tobeornot8259748/projects/balloon_radar_project/data/raw/detection_dataset/train/UAV_IQ/IQ_Data/20260202_144718_beam4.mat,/home/tobeornot8259748/projects/balloon_radar_project/data/raw/detection_dataset/train/UAV_IQ/Labels/20260202_144718_beam4.txt
train,test,UAV,1,20260202_144727_beam1,20260202_144727,1,311.14,2160.0,-1.46,/home/tobeornot8259748/projects/balloon_radar_project/data/raw/detection_dataset/test/UAV_IQ/IQ_Data/20260202_144727_beam1.mat,/home/tobeornot8259748/projects/balloon_radar_project/data/raw/detection_dataset/test/UAV_IQ/Labels/20260202_144727_beam1.txt
train,test,UAV,1,20260202_144727_beam2,20260202_144727,2,310.14,2190.0,-1.46,/home/tobeornot8259748/projects/balloon_radar_project/data/raw/detection_dataset/test/UAV_IQ/IQ_Data/20260202_144727_beam2.mat,/home/tobeornot8259748/projects/balloon_radar_project/data/raw/detection_dataset/test/UAV_IQ/Labels/20260202_144727_beam2.txt
train,test,UAV,1,20260202_144727_beam3,20260202_144727,3,310.14,2220.0,-1.46,/home/tobeornot8259748/projects/balloon_radar_project/data/raw/detection_dataset/test/UAV_IQ/IQ_Data/20260202_144727_beam3.mat,/home/tobeornot8259748/projects/balloon_radar_project/data/raw/detection_dataset/test/UAV_IQ/Labels/20260202_144727_beam3.txt
train,test,UAV,1,20260202_144727_beam4,20260202_144727,4,310.14,2190.0,-1.46,/home/tobeornot8259748/projects/balloon_radar_project/data/raw/detection_dataset/test/UAV_IQ/IQ_Data/20260202_144727_beam4.mat,/home/tobeornot8259748/projects/balloon_radar_project/data/raw/detection_dataset/test/UAV_IQ/Labels/20260202_144727_beam4.txt
train,test,UAV,1,20260202_144735_beam1,20260202_144735,1,311.85,2160.0,-2.38,/home/tobeornot8259748/projects/balloon_radar_project/data/raw/detection_dataset/test/UAV_IQ/IQ_Data/20260202_144735_beam1.mat,/home/tobeornot8259748/projects/balloon_radar_project/data/raw/detection_dataset/test/UAV_IQ/Labels/20260202_144735_beam1.txt
train,test,UAV,1,20260202_144735_beam2,20260202_144735,2,310.85,2190.0,-2.38,/home/tobeornot8259748/projects/balloon_radar_project/data/raw/detection_dataset/test/UAV_IQ/IQ_Data/20260202_144735_beam2.mat,/home/tobeornot8259748/projects/balloon_radar_project/data/raw/detection_dataset/test/UAV_IQ/Labels/20260202_144735_beam2.txt
train,test,UAV,1,20260202_144735_beam3,20260202_144735,3,311.85,2190.0,-2.38,/home/tobeornot8259748/projects/balloon_radar_project/data/raw/detection_dataset/test/UAV_IQ/IQ_Data/20260202_144735_beam3.mat,/home/tobeornot8259748/projects/balloon_radar_project/data/raw/detection_dataset/test/UAV_IQ/Labels/20260202_144735_beam3.txt
train,test,UAV,1,20260202_144735_beam4,20260202_144735,4,311.85,2190.0,-2.38,/home/tobeornot8259748/projects/balloon_radar_project/data/raw/detection_dataset/test/UAV_IQ/IQ_Data/20260202_144735_beam4.mat,/home/tobeornot8259748/projects/balloon_radar_project/data/raw/detection_dataset/test/UAV_IQ/Labels/20260202_144735_beam4.txt
train,train,UAV,1,20260202_144751_beam1,20260202_144751,1,312.01,2160.0,-4.75,/home/tobeornot8259748/projects/balloon_radar_project/data/raw/detection_dataset/train/UAV_IQ/IQ_Data/20260202_144751_beam1.mat,/home/tobeornot8259748/projects/balloon_radar_project/data/raw/detection_dataset/train/UAV_IQ/Labels/20260202_144751_beam1.txt
train,train,UAV,1,20260202_144751_beam2,20260202_144751,2,312.01,2160.0,-4.75,/home/tobeornot8259748/projects/balloon_radar_project/data/raw/detection_dataset/train/UAV_IQ/IQ_Data/20260202_144751_beam2.mat,/home/tobeornot8259748/projects/balloon_radar_project/data/raw/detection_dataset/train/UAV_IQ/Labels/20260202_144751_beam2.txt
train,train,UAV,1,20260202_144751_beam3,20260202_144751,3,312.01,2160.0,-4.75,/home/tobeornot8259748/projects/balloon_radar_project/data/raw/detection_dataset/train/UAV_IQ/IQ_Data/20260202_144751_beam3.mat,/home/tobeornot8259748/projects/balloon_radar_project/data/raw/detection_dataset/train/UAV_IQ/Labels/20260202_144751_beam3.txt
train,train,UAV,1,20260202_144751_beam4,20260202_144751,4,312.01,2160.0,-4.75,/home/tobeornot8259748/projects/balloon_radar_project/data/raw/detection_dataset/train/UAV_IQ/IQ_Data/20260202_144751_beam4.mat,/home/tobeornot8259748/projects/balloon_radar_project/data/raw/detection_dataset/train/UAV_IQ/Labels/20260202_144751_beam4.txt
train,train,UAV,1,20260202_144751_beam5,20260202_144751,5,312.01,2160.0,-4.75,/home/tobeornot8259748/projects/balloon_radar_project/data/raw/detection_dataset/train/UAV_IQ/IQ_Data/20260202_144751_beam5.mat,/home/tobeornot8259748/projects/balloon_radar_project/data/raw/detection_dataset/train/UAV_IQ/Labels/20260202_144751_beam5.txt
train,train,UAV,1,20260202_144800_beam1,20260202_144800,1,311.28,2100.0,-5.48,/home/tobeornot8259748/projects/balloon_radar_project/data/raw/detection_dataset/train/UAV_IQ/IQ_Data/20260202_144800_beam1.mat,/home/tobeornot8259748/projects/balloon_radar_project/data/raw/detection_dataset/train/UAV_IQ/Labels/20260202_144800_beam1.txt
train,train,UAV,1,20260202_144800_beam2,20260202_144800,2,311.28,2100.0,-5.48,/home/tobeornot8259748/projects/balloon_radar_project/data/raw/detection_dataset/train/UAV_IQ/IQ_Data/20260202_144800_beam2.mat,/home/tobeornot8259748/projects/balloon_radar_project/data/raw/detection_dataset/train/UAV_IQ/Labels/20260202_144800_beam2.txt
train,train,UAV,1,20260202_144800_beam3,20260202_144800,3,311.28,2100.0,-5.48,/home/tobeornot8259748/projects/balloon_radar_project/data/raw/detection_dataset/train/UAV_IQ/IQ_Data/20260202_144800_beam3.mat,/home/tobeornot8259748/projects/balloon_radar_project/data/raw/detection_dataset/train/UAV_IQ/Labels/20260202_144800_beam3.txt
train,train,UAV,1,20260202_144800_beam4,20260202_144800,4,310.26,2100.0,-5.48,/home/tobeornot8259748/projects/balloon_radar_project/data/raw/detection_dataset/train/UAV_IQ/IQ_Data/20260202_144800_beam4.mat,/home/tobeornot8259748/projects/balloon_radar_project/data/raw/detection_dataset/train/UAV_IQ/Labels/20260202_144800_beam4.txt
train,test,UAV,1,20260202_144808_beam1,20260202_144808,1,310.72,2040.0,-5.48,/home/tobeornot8259748/projects/balloon_radar_project/data/raw/detection_dataset/test/UAV_IQ/IQ_Data/20260202_144808_beam1.mat,/home/tobeornot8259748/projects/balloon_radar_project/data/raw/detection_dataset/test/UAV_IQ/Labels/20260202_144808_beam1.txt
train,test,UAV,1,20260202_144808_beam2,20260202_144808,2,310.72,2040.0,-5.66,/home/tobeornot8259748/projects/balloon_radar_project/data/raw/detection_dataset/test/UAV_IQ/IQ_Data/20260202_144808_beam2.mat,/home/tobeornot8259748/projects/balloon_radar_project/data/raw/detection_dataset/test/UAV_IQ/Labels/20260202_144808_beam2.txt
train,test,UAV,1,20260202_144808_beam3,20260202_144808,3,310.72,2040.0,-5.66,/home/tobeornot8259748/projects/balloon_radar_project/data/raw/detection_dataset/test/UAV_IQ/IQ_Data/20260202_144808_beam3.mat,/home/tobeornot8259748/projects/balloon_radar_project/data/raw/detection_dataset/test/UAV_IQ/Labels/20260202_144808_beam3.txt
train,test,UAV,1,20260202_144808_beam4,20260202_144808,4,310.72,2070.0,-5.66,/home/tobeornot8259748/projects/balloon_radar_project/data/raw/detection_dataset/test/UAV_IQ/IQ_Data/20260202_144808_beam4.mat,/home/tobeornot8259748/projects/balloon_radar_project/data/raw/detection_dataset/test/UAV_IQ/Labels/20260202_144808_beam4.txt
train,val,UAV,1,20260202_144816_beam1,20260202_144816,1,311.14,2040.0,2.56,/home/tobeornot8259748/projects/balloon_radar_project/data/raw/detection_dataset/val/UAV_IQ/IQ_Data/20260202_144816_beam1.mat,/home/tobeornot8259748/projects/balloon_radar_project/data/raw/detection_dataset/val/UAV_IQ/Labels/20260202_144816_beam1.txt
train,val,UAV,1,20260202_144816_beam2,20260202_144816,2,310.14,2010.0,2.56,/home/tobeornot8259748/projects/balloon_radar_project/data/raw/detection_dataset/val/UAV_IQ/IQ_Data/20260202_144816_beam2.mat,/home/tobeornot8259748/projects/balloon_radar_project/data/raw/detection_dataset/val/UAV_IQ/Labels/20260202_144816_beam2.txt
train,val,UAV,1,20260202_144816_beam3,20260202_144816,3,311.14,2040.0,2.56,/home/tobeornot8259748/projects/balloon_radar_project/data/raw/detection_dataset/val/UAV_IQ/IQ_Data/20260202_144816_beam3.mat,/home/tobeornot8259748/projects/balloon_radar_project/data/raw/detection_dataset/val/UAV_IQ/Labels/20260202_144816_beam3.txt
train,val,UAV,1,20260202_144816_beam4,20260202_144816,4,311.14,2010.0,2.56,/home/tobeornot8259748/projects/balloon_radar_project/data/raw/detection_dataset/val/UAV_IQ/IQ_Data/20260202_144816_beam4.mat,/home/tobeornot8259748/projects/balloon_radar_project/data/raw/detection_dataset/val/UAV_IQ/Labels/20260202_144816_beam4.txt
train,val,UAV,1,20260202_144816_beam5,20260202_144816,5,311.14,2010.0,2.56,/home/tobeornot8259748/projects/balloon_radar_project/data/raw/detection_dataset/val/UAV_IQ/IQ_Data/20260202_144816_beam5.mat,/home/tobeornot8259748/projects/balloon_radar_project/data/raw/detection_dataset/val/UAV_IQ/Labels/20260202_144816_beam5.txt
train,train,UAV,1,20260202_144825_beam1,20260202_144825,1,311.13,2070.0,5.3,/home/tobeornot8259748/projects/balloon_radar_project/data/raw/detection_dataset/train/UAV_IQ/IQ_Data/20260202_144825_beam1.mat,/home/tobeornot8259748/projects/balloon_radar_project/data/raw/detection_dataset/train/UAV_IQ/Labels/20260202_144825_beam1.txt
train,train,UAV,1,20260202_144825_beam2,20260202_144825,2,311.13,2070.0,5.3,/home/tobeornot8259748/projects/balloon_radar_project/data/raw/detection_dataset/train/UAV_IQ/IQ_Data/20260202_144825_beam2.mat,/home/tobeornot8259748/projects/balloon_radar_project/data/raw/detection_dataset/train/UAV_IQ/Labels/20260202_144825_beam2.txt
train,train,UAV,1,20260202_144825_beam3,20260202_144825,3,311.13,2040.0,5.12,/home/tobeornot8259748/projects/balloon_radar_project/data/raw/detection_dataset/train/UAV_IQ/IQ_Data/20260202_144825_beam3.mat,/home/tobeornot8259748/projects/balloon_radar_project/data/raw/detection_dataset/train/UAV_IQ/Labels/20260202_144825_beam3.txt
train,train,UAV,1,20260202_144825_beam4,20260202_144825,4,310.14,2070.0,5.3,/home/tobeornot8259748/projects/balloon_radar_project/data/raw/detection_dataset/train/UAV_IQ/IQ_Data/20260202_144825_beam4.mat,/home/tobeornot8259748/projects/balloon_radar_project/data/raw/detection_dataset/train/UAV_IQ/Labels/20260202_144825_beam4.txt
train,train,UAV,1,20260202_144825_beam5,20260202_144825,5,310.14,2040.0,5.3,/home/tobeornot8259748/projects/balloon_radar_project/data/raw/detection_dataset/train/UAV_IQ/IQ_Data/20260202_144825_beam5.mat,/home/tobeornot8259748/projects/balloon_radar_project/data/raw/detection_dataset/train/UAV_IQ/Labels/20260202_144825_beam5.txt
train,train,UAV,1,20260202_144833_beam1,20260202_144833,1,310.72,2100.0,5.48,/home/tobeornot8259748/projects/balloon_radar_project/data/raw/detection_dataset/train/UAV_IQ/IQ_Data/20260202_144833_beam1.mat,/home/tobeornot8259748/projects/balloon_radar_project/data/raw/detection_dataset/train/UAV_IQ/Labels/20260202_144833_beam1.txt
train,train,UAV,1,20260202_144833_beam2,20260202_144833,2,309.73,2100.0,5.48,/home/tobeornot8259748/projects/balloon_radar_project/data/raw/detection_dataset/train/UAV_IQ/IQ_Data/20260202_144833_beam2.mat,/home/tobeornot8259748/projects/balloon_radar_project/data/raw/detection_dataset/train/UAV_IQ/Labels/20260202_144833_beam2.txt
train,train,UAV,1,20260202_144833_beam3,20260202_144833,3,309.73,2100.0,5.48,/home/tobeornot8259748/projects/balloon_radar_project/data/raw/detection_dataset/train/UAV_IQ/IQ_Data/20260202_144833_beam3.mat,/home/tobeornot8259748/projects/balloon_radar_project/data/raw/detection_dataset/train/UAV_IQ/Labels/20260202_144833_beam3.txt
train,train,UAV,1,20260202_144833_beam4,20260202_144833,4,309.73,2100.0,5.48,/home/tobeornot8259748/projects/balloon_radar_project/data/raw/detection_dataset/train/UAV_IQ/IQ_Data/20260202_144833_beam4.mat,/home/tobeornot8259748/projects/balloon_radar_project/data/raw/detection_dataset/train/UAV_IQ/Labels/20260202_144833_beam4.txt
train,train,UAV,1,20260202_144833_beam5,20260202_144833,5,310.72,2100.0,5.48,/home/tobeornot8259748/projects/balloon_radar_project/data/raw/detection_dataset/train/UAV_IQ/IQ_Data/20260202_144833_beam5.mat,/home/tobeornot8259748/projects/balloon_radar_project/data/raw/detection_dataset/train/UAV_IQ/Labels/20260202_144833_beam5.txt
train,train,UAV,1,20260202_145713_beam1,20260202_145713,1,311.05,2190.0,-5.85,/home/tobeornot8259748/projects/balloon_radar_project/data/raw/detection_dataset/train/UAV_IQ/IQ_Data/20260202_145713_beam1.mat,/home/tobeornot8259748/projects/balloon_radar_project/data/raw/detection_dataset/train/UAV_IQ/Labels/20260202_145713_beam1.txt
train,train,UAV,1,20260202_145713_beam2,20260202_145713,2,312.03,2190.0,-5.85,/home/tobeornot8259748/projects/balloon_radar_project/data/raw/detection_dataset/train/UAV_IQ/IQ_Data/20260202_145713_beam2.mat,/home/tobeornot8259748/projects/balloon_radar_project/data/raw/detection_dataset/train/UAV_IQ/Labels/20260202_145713_beam2.txt
train,train,UAV,1,20260202_145713_beam3,20260202_145713,3,311.05,2190.0,-5.85,/home/tobeornot8259748/projects/balloon_radar_project/data/raw/detection_dataset/train/UAV_IQ/IQ_Data/20260202_145713_beam3.mat,/home/tobeornot8259748/projects/balloon_radar_project/data/raw/detection_dataset/train/UAV_IQ/Labels/20260202_145713_beam3.txt
train,train,UAV,1,20260202_145713_beam4,20260202_145713,4,312.03,2190.0,-5.85,/home/tobeornot8259748/projects/balloon_radar_project/data/raw/detection_dataset/train/UAV_IQ/IQ_Data/20260202_145713_beam4.mat,/home/tobeornot8259748/projects/balloon_radar_project/data/raw/detection_dataset/train/UAV_IQ/Labels/20260202_145713_beam4.txt
train,train,UAV,1,20260202_145722_beam1,20260202_145722,1,312.1,2130.0,-5.85,/home/tobeornot8259748/projects/balloon_radar_project/data/raw/detection_dataset/train/UAV_IQ/IQ_Data/20260202_145722_beam1.mat,/home/tobeornot8259748/projects/balloon_radar_project/data/raw/detection_dataset/train/UAV_IQ/Labels/20260202_145722_beam1.txt
train,train,UAV,1,20260202_145722_beam2,20260202_145722,2,312.1,2130.0,-5.85,/home/tobeornot8259748/projects/balloon_radar_project/data/raw/detection_dataset/train/UAV_IQ/IQ_Data/20260202_145722_beam2.mat,/home/tobeornot8259748/projects/balloon_radar_project/data/raw/detection_dataset/train/UAV_IQ/Labels/20260202_145722_beam2.txt
train,train,UAV,1,20260202_145722_beam3,20260202_145722,3,312.1,2130.0,-5.85,/home/tobeornot8259748/projects/balloon_radar_project/data/raw/detection_dataset/train/UAV_IQ/IQ_Data/20260202_145722_beam3.mat,/home/tobeornot8259748/projects/balloon_radar_project/data/raw/detection_dataset/train/UAV_IQ/Labels/20260202_145722_beam3.txt
train,train,UAV,1,20260202_145722_beam4,20260202_145722,4,312.1,2160.0,-5.85,/home/tobeornot8259748/projects/balloon_radar_project/data/raw/detection_dataset/train/UAV_IQ/IQ_Data/20260202_145722_beam4.mat,/home/tobeornot8259748/projects/balloon_radar_project/data/raw/detection_dataset/train/UAV_IQ/Labels/20260202_145722_beam4.txt
train,train,UAV,1,20260202_145730_beam1,20260202_145730,1,311.89,2070.0,-5.85,/home/tobeornot8259748/projects/balloon_radar_project/data/raw/detection_dataset/train/UAV_IQ/IQ_Data/20260202_145730_beam1.mat,/home/tobeornot8259748/projects/balloon_radar_project/data/raw/detection_dataset/train/UAV_IQ/Labels/20260202_145730_beam1.txt
train,train,UAV,1,20260202_145730_beam2,20260202_145730,2,311.89,2070.0,-5.85,/home/tobeornot8259748/projects/balloon_radar_project/data/raw/detection_dataset/train/UAV_IQ/IQ_Data/20260202_145730_beam2.mat,/home/tobeornot8259748/projects/balloon_radar_project/data/raw/detection_dataset/train/UAV_IQ/Labels/20260202_145730_beam2.txt
train,train,UAV,1,20260202_145730_beam3,20260202_145730,3,311.89,2070.0,-5.85,/home/tobeornot8259748/projects/balloon_radar_project/data/raw/detection_dataset/train/UAV_IQ/IQ_Data/20260202_145730_beam3.mat,/home/tobeornot8259748/projects/balloon_radar_project/data/raw/detection_dataset/train/UAV_IQ/Labels/20260202_145730_beam3.txt
train,train,UAV,1,20260202_145730_beam4,20260202_145730,4,311.89,2070.0,-5.85,/home/tobeornot8259748/projects/balloon_radar_project/data/raw/detection_dataset/train/UAV_IQ/IQ_Data/20260202_145730_beam4.mat,/home/tobeornot8259748/projects/balloon_radar_project/data/raw/detection_dataset/train/UAV_IQ/Labels/20260202_145730_beam4.txt
train,train,UAV,1,20260202_145730_beam5,20260202_145730,5,311.89,2100.0,-5.85,/home/tobeornot8259748/projects/balloon_radar_project/data/raw/detection_dataset/train/UAV_IQ/IQ_Data/20260202_145730_beam5.mat,/home/tobeornot8259748/projects/balloon_radar_project/data/raw/detection_dataset/train/UAV_IQ/Labels/20260202_145730_beam5.txt
train,val,UAV,1,20260202_145738_beam1,20260202_145738,1,311.96,2040.0,-5.85,/home/tobeornot8259748/projects/balloon_radar_project/data/raw/detection_dataset/val/UAV_IQ/IQ_Data/20260202_145738_beam1.mat,/home/tobeornot8259748/projects/balloon_radar_project/data/raw/detection_dataset/val/UAV_IQ/Labels/20260202_145738_beam1.txt
train,val,UAV,1,20260202_145738_beam2,20260202_145738,2,311.96,2040.0,-5.85,/home/tobeornot8259748/projects/balloon_radar_project/data/raw/detection_dataset/val/UAV_IQ/IQ_Data/20260202_145738_beam2.mat,/home/tobeornot8259748/projects/balloon_radar_project/data/raw/detection_dataset/val/UAV_IQ/Labels/20260202_145738_beam2.txt
train,val,UAV,1,20260202_145738_beam3,20260202_145738,3,311.96,2040.0,-5.85,/home/tobeornot8259748/projects/balloon_radar_project/data/raw/detection_dataset/val/UAV_IQ/IQ_Data/20260202_145738_beam3.mat,/home/tobeornot8259748/projects/balloon_radar_project/data/raw/detection_dataset/val/UAV_IQ/Labels/20260202_145738_beam3.txt
train,val,UAV,1,20260202_145738_beam4,20260202_145738,4,311.96,2040.0,-5.85,/home/tobeornot8259748/projects/balloon_radar_project/data/raw/detection_dataset/val/UAV_IQ/IQ_Data/20260202_145738_beam4.mat,/home/tobeornot8259748/projects/balloon_radar_project/data/raw/detection_dataset/val/UAV_IQ/Labels/20260202_145738_beam4.txt
train,val,UAV,1,20260202_145738_beam5,20260202_145738,5,311.96,2040.0,-5.85,/home/tobeornot8259748/projects/balloon_radar_project/data/raw/detection_dataset/val/UAV_IQ/IQ_Data/20260202_145738_beam5.mat,/home/tobeornot8259748/projects/balloon_radar_project/data/raw/detection_dataset/val/UAV_IQ/Labels/20260202_145738_beam5.txt
train,train,UAV,1,20260202_145746_beam1,20260202_145746,1,312.01,2010.0,-5.85,/home/tobeornot8259748/projects/balloon_radar_project/data/raw/detection_dataset/train/UAV_IQ/IQ_Data/20260202_145746_beam1.mat,/home/tobeornot8259748/projects/balloon_radar_project/data/raw/detection_dataset/train/UAV_IQ/Labels/20260202_145746_beam1.txt
train,train,UAV,1,20260202_145746_beam2,20260202_145746,2,312.01,2010.0,-6.03,/home/tobeornot8259748/projects/balloon_radar_project/data/raw/detection_dataset/train/UAV_IQ/IQ_Data/20260202_145746_beam2.mat,/home/tobeornot8259748/projects/balloon_radar_project/data/raw/detection_dataset/train/UAV_IQ/Labels/20260202_145746_beam2.txt
train,train,UAV,1,20260202_145746_beam3,20260202_145746,3,312.01,2010.0,-5.85,/home/tobeornot8259748/projects/balloon_radar_project/data/raw/detection_dataset/train/UAV_IQ/IQ_Data/20260202_145746_beam3.mat,/home/tobeornot8259748/projects/balloon_radar_project/data/raw/detection_dataset/train/UAV_IQ/Labels/20260202_145746_beam3.txt
train,train,UAV,1,20260202_145746_beam4,20260202_145746,4,312.01,1980.0,-6.03,/home/tobeornot8259748/projects/balloon_radar_project/data/raw/detection_dataset/train/UAV_IQ/IQ_Data/20260202_145746_beam4.mat,/home/tobeornot8259748/projects/balloon_radar_project/data/raw/detection_dataset/train/UAV_IQ/Labels/20260202_145746_beam4.txt
train,train,UAV,1,20260202_145746_beam5,20260202_145746,5,312.01,1980.0,-5.85,/home/tobeornot8259748/projects/balloon_radar_project/data/raw/detection_dataset/train/UAV_IQ/IQ_Data/20260202_145746_beam5.mat,/home/tobeornot8259748/projects/balloon_radar_project/data/raw/detection_dataset/train/UAV_IQ/Labels/20260202_145746_beam5.txt
train,train,UAV,1,20260202_145755_beam1,20260202_145755,1,311.93,1950.0,-6.03,/home/tobeornot8259748/projects/balloon_radar_project/data/raw/detection_dataset/train/UAV_IQ/IQ_Data/20260202_145755_beam1.mat,/home/tobeornot8259748/projects/balloon_radar_project/data/raw/detection_dataset/train/UAV_IQ/Labels/20260202_145755_beam1.txt
train,train,UAV,1,20260202_145755_beam2,20260202_145755,2,311.93,1950.0,-6.03,/home/tobeornot8259748/projects/balloon_radar_project/data/raw/detection_dataset/train/UAV_IQ/IQ_Data/20260202_145755_beam2.mat,/home/tobeornot8259748/projects/balloon_radar_project/data/raw/detection_dataset/train/UAV_IQ/Labels/20260202_145755_beam2.txt
train,train,UAV,1,20260202_145755_beam3,20260202_145755,3,311.93,1950.0,-5.85,/home/tobeornot8259748/projects/balloon_radar_project/data/raw/detection_dataset/train/UAV_IQ/IQ_Data/20260202_145755_beam3.mat,/home/tobeornot8259748/projects/balloon_radar_project/data/raw/detection_dataset/train/UAV_IQ/Labels/20260202_145755_beam3.txt
train,train,UAV,1,20260202_145755_beam4,20260202_145755,4,311.93,1950.0,-6.03,/home/tobeornot8259748/projects/balloon_radar_project/data/raw/detection_dataset/train/UAV_IQ/IQ_Data/20260202_145755_beam4.mat,/home/tobeornot8259748/projects/balloon_radar_project/data/raw/detection_dataset/train/UAV_IQ/Labels/20260202_145755_beam4.txt
train,train,UAV,1,20260202_145755_beam5,20260202_145755,5,311.93,1950.0,-6.03,/home/tobeornot8259748/projects/balloon_radar_project/data/raw/detection_dataset/train/UAV_IQ/IQ_Data/20260202_145755_beam5.mat,/home/tobeornot8259748/projects/balloon_radar_project/data/raw/detection_dataset/train/UAV_IQ/Labels/20260202_145755_beam5.txt
train,train,UAV,1,20260202_145813_beam1,20260202_145813,1,311.82,1950.0,4.57,/home/tobeornot8259748/projects/balloon_radar_project/data/raw/detection_dataset/train/UAV_IQ/IQ_Data/20260202_145813_beam1.mat,/home/tobeornot8259748/projects/balloon_radar_project/data/raw/detection_dataset/train/UAV_IQ/Labels/20260202_145813_beam1.txt
train,train,UAV,1,20260202_145813_beam2,20260202_145813,2,311.82,1950.0,4.75,/home/tobeornot8259748/projects/balloon_radar_project/data/raw/detection_dataset/train/UAV_IQ/IQ_Data/20260202_145813_beam2.mat,/home/tobeornot8259748/projects/balloon_radar_project/data/raw/detection_dataset/train/UAV_IQ/Labels/20260202_145813_beam2.txt
train,train,UAV,1,20260202_145813_beam3,20260202_145813,3,312.81,1950.0,4.75,/home/tobeornot8259748/projects/balloon_radar_project/data/raw/detection_dataset/train/UAV_IQ/IQ_Data/20260202_145813_beam3.mat,/home/tobeornot8259748/projects/balloon_radar_project/data/raw/detection_dataset/train/UAV_IQ/Labels/20260202_145813_beam3.txt
train,train,UAV,1,20260202_145813_beam4,20260202_145813,4,312.81,1950.0,4.75,/home/tobeornot8259748/projects/balloon_radar_project/data/raw/detection_dataset/train/UAV_IQ/IQ_Data/20260202_145813_beam4.mat,/home/tobeornot8259748/projects/balloon_radar_project/data/raw/detection_dataset/train/UAV_IQ/Labels/20260202_145813_beam4.txt
train,train,UAV,1,20260202_145813_beam5,20260202_145813,5,312.81,1950.0,4.57,/home/tobeornot8259748/projects/balloon_radar_project/data/raw/detection_dataset/train/UAV_IQ/IQ_Data/20260202_145813_beam5.mat,/home/tobeornot8259748/projects/balloon_radar_project/data/raw/detection_dataset/train/UAV_IQ/Labels/20260202_145813_beam5.txt
train,val,UAV,1,20260202_145819_beam1,20260202_145819,1,311.56,2010.0,6.03,/home/tobeornot8259748/projects/balloon_radar_project/data/raw/detection_dataset/val/UAV_IQ/IQ_Data/20260202_145819_beam1.mat,/home/tobeornot8259748/projects/balloon_radar_project/data/raw/detection_dataset/val/UAV_IQ/Labels/20260202_145819_beam1.txt
train,val,UAV,1,20260202_145819_beam2,20260202_145819,2,312.55,2010.0,6.03,/home/tobeornot8259748/projects/balloon_radar_project/data/raw/detection_dataset/val/UAV_IQ/IQ_Data/20260202_145819_beam2.mat,/home/tobeornot8259748/projects/balloon_radar_project/data/raw/detection_dataset/val/UAV_IQ/Labels/20260202_145819_beam2.txt
train,val,UAV,1,20260202_145819_beam3,20260202_145819,3,311.56,1980.0,6.03,/home/tobeornot8259748/projects/balloon_radar_project/data/raw/detection_dataset/val/UAV_IQ/IQ_Data/20260202_145819_beam3.mat,/home/tobeornot8259748/projects/balloon_radar_project/data/raw/detection_dataset/val/UAV_IQ/Labels/20260202_145819_beam3.txt
train,val,UAV,1,20260202_145819_beam4,20260202_145819,4,312.55,1980.0,6.03,/home/tobeornot8259748/projects/balloon_radar_project/data/raw/detection_dataset/val/UAV_IQ/IQ_Data/20260202_145819_beam4.mat,/home/tobeornot8259748/projects/balloon_radar_project/data/raw/detection_dataset/val/UAV_IQ/Labels/20260202_145819_beam4.txt
train,val,UAV,1,20260202_145819_beam5,20260202_145819,5,312.55,2010.0,6.03,/home/tobeornot8259748/projects/balloon_radar_project/data/raw/detection_dataset/val/UAV_IQ/IQ_Data/20260202_145819_beam5.mat,/home/tobeornot8259748/projects/balloon_radar_project/data/raw/detection_dataset/val/UAV_IQ/Labels/20260202_145819_beam5.txt
train,train,UAV,1,20260202_145828_beam1,20260202_145828,1,312.4,2070.0,6.03,/home/tobeornot8259748/projects/balloon_radar_project/data/raw/detection_dataset/train/UAV_IQ/IQ_Data/20260202_145828_beam1.mat,/home/tobeornot8259748/projects/balloon_radar_project/data/raw/detection_dataset/train/UAV_IQ/Labels/20260202_145828_beam1.txt
train,train,UAV,1,20260202_145828_beam2,20260202_145828,2,311.42,2010.0,6.03,/home/tobeornot8259748/projects/balloon_radar_project/data/raw/detection_dataset/train/UAV_IQ/IQ_Data/20260202_145828_beam2.mat,/home/tobeornot8259748/projects/balloon_radar_project/data/raw/detection_dataset/train/UAV_IQ/Labels/20260202_145828_beam2.txt
train,train,UAV,1,20260202_145828_beam3,20260202_145828,3,312.4,2040.0,6.03,/home/tobeornot8259748/projects/balloon_radar_project/data/raw/detection_dataset/train/UAV_IQ/IQ_Data/20260202_145828_beam3.mat,/home/tobeornot8259748/projects/balloon_radar_project/data/raw/detection_dataset/train/UAV_IQ/Labels/20260202_145828_beam3.txt
train,train,UAV,1,20260202_145828_beam4,20260202_145828,4,312.4,2040.0,6.03,/home/tobeornot8259748/projects/balloon_radar_project/data/raw/detection_dataset/train/UAV_IQ/IQ_Data/20260202_145828_beam4.mat,/home/tobeornot8259748/projects/balloon_radar_project/data/raw/detection_dataset/train/UAV_IQ/Labels/20260202_145828_beam4.txt
train,train,UAV,1,20260202_145828_beam5,20260202_145828,5,312.4,2040.0,6.03,/home/tobeornot8259748/projects/balloon_radar_project/data/raw/detection_dataset/train/UAV_IQ/IQ_Data/20260202_145828_beam5.mat,/home/tobeornot8259748/projects/balloon_radar_project/data/raw/detection_dataset/train/UAV_IQ/Labels/20260202_145828_beam5.txt
train,val,UAV,1,20260202_145836_beam1,20260202_145836,1,311.96,2100.0,3.65,/home/tobeornot8259748/projects/balloon_radar_project/data/raw/detection_dataset/val/UAV_IQ/IQ_Data/20260202_145836_beam1.mat,/home/tobeornot8259748/projects/balloon_radar_project/data/raw/detection_dataset/val/UAV_IQ/Labels/20260202_145836_beam1.txt
train,val,UAV,1,20260202_145836_beam2,20260202_145836,2,311.96,2100.0,3.84,/home/tobeornot8259748/projects/balloon_radar_project/data/raw/detection_dataset/val/UAV_IQ/IQ_Data/20260202_145836_beam2.mat,/home/tobeornot8259748/projects/balloon_radar_project/data/raw/detection_dataset/val/UAV_IQ/Labels/20260202_145836_beam2.txt
train,val,UAV,1,20260202_145836_beam3,20260202_145836,3,311.96,2070.0,3.84,/home/tobeornot8259748/projects/balloon_radar_project/data/raw/detection_dataset/val/UAV_IQ/IQ_Data/20260202_145836_beam3.mat,/home/tobeornot8259748/projects/balloon_radar_project/data/raw/detection_dataset/val/UAV_IQ/Labels/20260202_145836_beam3.txt
train,val,UAV,1,20260202_145836_beam4,20260202_145836,4,312.95,2070.0,4.2,/home/tobeornot8259748/projects/balloon_radar_project/data/raw/detection_dataset/val/UAV_IQ/IQ_Data/20260202_145836_beam4.mat,/home/tobeornot8259748/projects/balloon_radar_project/data/raw/detection_dataset/val/UAV_IQ/Labels/20260202_145836_beam4.txt
train,val,UAV,1,20260202_145836_beam5,20260202_145836,5,311.96,2100.0,3.84,/home/tobeornot8259748/projects/balloon_radar_project/data/raw/detection_dataset/val/UAV_IQ/IQ_Data/20260202_145836_beam5.mat,/home/tobeornot8259748/projects/balloon_radar_project/data/raw/detection_dataset/val/UAV_IQ/Labels/20260202_145836_beam5.txt
val,train,Background,0,20260204_100908_beam1_az001,20260204_100908,1,1.0,,,/home/tobeornot8259748/projects/balloon_radar_project/data/raw/detection_dataset/train/Background_IQ/IQ_Data/20260204_100908_beam1_az001.mat,
val,test,Background,0,20260204_100908_beam1_az010,20260204_100908,1,10.0,,,/home/tobeornot8259748/projects/balloon_radar_project/data/raw/detection_dataset/test/Background_IQ/IQ_Data/20260204_100908_beam1_az010.mat,
val,val,Background,0,20260204_100908_beam1_az019,20260204_100908,1,19.0,,,/home/tobeornot8259748/projects/balloon_radar_project/data/raw/detection_dataset/val/Background_IQ/IQ_Data/20260204_100908_beam1_az019.mat,
val,train,Background,0,20260204_100908_beam1_az028,20260204_100908,1,28.0,,,/home/tobeornot8259748/projects/balloon_radar_project/data/raw/detection_dataset/train/Background_IQ/IQ_Data/20260204_100908_beam1_az028.mat,
val,val,Background,0,20260204_100908_beam1_az037,20260204_100908,1,37.0,,,/home/tobeornot8259748/projects/balloon_radar_project/data/raw/detection_dataset/val/Background_IQ/IQ_Data/20260204_100908_beam1_az037.mat,
val,test,Background,0,20260204_100908_beam1_az046,20260204_100908,1,46.0,,,/home/tobeornot8259748/projects/balloon_radar_project/data/raw/detection_dataset/test/Background_IQ/IQ_Data/20260204_100908_beam1_az046.mat,
val,train,Background,0,20260204_100908_beam1_az055,20260204_100908,1,55.0,,,/home/tobeornot8259748/projects/balloon_radar_project/data/raw/detection_dataset/train/Background_IQ/IQ_Data/20260204_100908_beam1_az055.mat,
val,train,Background,0,20260204_100908_beam1_az064,20260204_100908,1,64.0,,,/home/tobeornot8259748/projects/balloon_radar_project/data/raw/detection_dataset/train/Background_IQ/IQ_Data/20260204_100908_beam1_az064.mat,
val,train,Background,0,20260204_100908_beam1_az073,20260204_100908,1,73.0,,,/home/tobeornot8259748/projects/balloon_radar_project/data/raw/detection_dataset/train/Background_IQ/IQ_Data/20260204_100908_beam1_az073.mat,
val,test,Background,0,20260204_100908_beam1_az082,20260204_100908,1,82.0,,,/home/tobeornot8259748/projects/balloon_radar_project/data/raw/detection_dataset/test/Background_IQ/IQ_Data/20260204_100908_beam1_az082.mat,
val,train,Background,0,20260204_100908_beam1_az091,20260204_100908,1,91.0,,,/home/tobeornot8259748/projects/balloon_radar_project/data/raw/detection_dataset/train/Background_IQ/IQ_Data/20260204_100908_beam1_az091.mat,
val,train,Background,0,20260204_100908_beam1_az100,20260204_100908,1,100.0,,,/home/tobeornot8259748/projects/balloon_radar_project/data/raw/detection_dataset/train/Background_IQ/IQ_Data/20260204_100908_beam1_az100.mat,
val,train,Background,0,20260204_100908_beam1_az109,20260204_100908,1,109.0,,,/home/tobeornot8259748/projects/balloon_radar_project/data/raw/detection_dataset/train/Background_IQ/IQ_Data/20260204_100908_beam1_az109.mat,
val,train,Background,0,20260204_100908_beam1_az118,20260204_100908,1,118.0,,,/home/tobeornot8259748/projects/balloon_radar_project/data/raw/detection_dataset/train/Background_IQ/IQ_Data/20260204_100908_beam1_az118.mat,
val,train,Background,0,20260204_100908_beam1_az127,20260204_100908,1,127.0,,,/home/tobeornot8259748/projects/balloon_radar_project/data/raw/detection_dataset/train/Background_IQ/IQ_Data/20260204_100908_beam1_az127.mat,
val,test,Background,0,20260204_100908_beam1_az136,20260204_100908,1,136.0,,,/home/tobeornot8259748/projects/balloon_radar_project/data/raw/detection_dataset/test/Background_IQ/IQ_Data/20260204_100908_beam1_az136.mat,
val,train,Background,0,20260204_100908_beam1_az145,20260204_100908,1,145.0,,,/home/tobeornot8259748/projects/balloon_radar_project/data/raw/detection_dataset/train/Background_IQ/IQ_Data/20260204_100908_beam1_az145.mat,
val,train,Background,0,20260204_100908_beam1_az154,20260204_100908,1,154.0,,,/home/tobeornot8259748/projects/balloon_radar_project/data/raw/detection_dataset/train/Background_IQ/IQ_Data/20260204_100908_beam1_az154.mat,
val,train,Background,0,20260204_100908_beam1_az163,20260204_100908,1,163.0,,,/home/tobeornot8259748/projects/balloon_radar_project/data/raw/detection_dataset/train/Background_IQ/IQ_Data/20260204_100908_beam1_az163.mat,
val,val,Background,0,20260204_100908_beam1_az172,20260204_100908,1,172.0,,,/home/tobeornot8259748/projects/balloon_radar_project/data/raw/detection_dataset/val/Background_IQ/IQ_Data/20260204_100908_beam1_az172.mat,
val,train,Background,0,20260204_100908_beam1_az181,20260204_100908,1,181.0,,,/home/tobeornot8259748/projects/balloon_radar_project/data/raw/detection_dataset/train/Background_IQ/IQ_Data/20260204_100908_beam1_az181.mat,
val,train,Background,0,20260204_100908_beam1_az190,20260204_100908,1,190.0,,,/home/tobeornot8259748/projects/balloon_radar_project/data/raw/detection_dataset/train/Background_IQ/IQ_Data/20260204_100908_beam1_az190.mat,
val,val,Background,0,20260204_100908_beam1_az199,20260204_100908,1,199.0,,,/home/tobeornot8259748/projects/balloon_radar_project/data/raw/detection_dataset/val/Background_IQ/IQ_Data/20260204_100908_beam1_az199.mat,
val,train,Background,0,20260204_100908_beam1_az208,20260204_100908,1,208.0,,,/home/tobeornot8259748/projects/balloon_radar_project/data/raw/detection_dataset/train/Background_IQ/IQ_Data/20260204_100908_beam1_az208.mat,
val,train,Background,0,20260204_100908_beam1_az217,20260204_100908,1,217.0,,,/home/tobeornot8259748/projects/balloon_radar_project/data/raw/detection_dataset/train/Background_IQ/IQ_Data/20260204_100908_beam1_az217.mat,
val,val,Background,0,20260204_100908_beam1_az226,20260204_100908,1,226.0,,,/home/tobeornot8259748/projects/balloon_radar_project/data/raw/detection_dataset/val/Background_IQ/IQ_Data/20260204_100908_beam1_az226.mat,
val,train,Background,0,20260204_100908_beam1_az235,20260204_100908,1,235.0,,,/home/tobeornot8259748/projects/balloon_radar_project/data/raw/detection_dataset/train/Background_IQ/IQ_Data/20260204_100908_beam1_az235.mat,
val,train,Background,0,20260204_100908_beam1_az244,20260204_100908,1,244.0,,,/home/tobeornot8259748/projects/balloon_radar_project/data/raw/detection_dataset/train/Background_IQ/IQ_Data/20260204_100908_beam1_az244.mat,
val,train,Background,0,20260204_100908_beam1_az253,20260204_100908,1,253.0,,,/home/tobeornot8259748/projects/balloon_radar_project/data/raw/detection_dataset/train/Background_IQ/IQ_Data/20260204_100908_beam1_az253.mat,
val,train,Background,0,20260204_100908_beam1_az262,20260204_100908,1,262.0,,,/home/tobeornot8259748/projects/balloon_radar_project/data/raw/detection_dataset/train/Background_IQ/IQ_Data/20260204_100908_beam1_az262.mat,
val,train,Background,0,20260204_100908_beam2_az001,20260204_100908,2,1.0,,,/home/tobeornot8259748/projects/balloon_radar_project/data/raw/detection_dataset/train/Background_IQ/IQ_Data/20260204_100908_beam2_az001.mat,
val,train,Background,0,20260204_100908_beam2_az010,20260204_100908,2,10.0,,,/home/tobeornot8259748/projects/balloon_radar_project/data/raw/detection_dataset/train/Background_IQ/IQ_Data/20260204_100908_beam2_az010.mat,
val,test,Background,0,20260204_100908_beam2_az019,20260204_100908,2,19.0,,,/home/tobeornot8259748/projects/balloon_radar_project/data/raw/detection_dataset/test/Background_IQ/IQ_Data/20260204_100908_beam2_az019.mat,
val,test,Background,0,20260204_100908_beam2_az028,20260204_100908,2,28.0,,,/home/tobeornot8259748/projects/balloon_radar_project/data/raw/detection_dataset/test/Background_IQ/IQ_Data/20260204_100908_beam2_az028.mat,
val,train,Background,0,20260204_100908_beam2_az037,20260204_100908,2,37.0,,,/home/tobeornot8259748/projects/balloon_radar_project/data/raw/detection_dataset/train/Background_IQ/IQ_Data/20260204_100908_beam2_az037.mat,
val,train,Background,0,20260204_100908_beam2_az046,20260204_100908,2,46.0,,,/home/tobeornot8259748/projects/balloon_radar_project/data/raw/detection_dataset/train/Background_IQ/IQ_Data/20260204_100908_beam2_az046.mat,
val,train,Background,0,20260204_100908_beam2_az055,20260204_100908,2,55.0,,,/home/tobeornot8259748/projects/balloon_radar_project/data/raw/detection_dataset/train/Background_IQ/IQ_Data/20260204_100908_beam2_az055.mat,
val,val,Background,0,20260204_100908_beam2_az064,20260204_100908,2,64.0,,,/home/tobeornot8259748/projects/balloon_radar_project/data/raw/detection_dataset/val/Background_IQ/IQ_Data/20260204_100908_beam2_az064.mat,
val,train,Background,0,20260204_100908_beam2_az073,20260204_100908,2,73.0,,,/home/tobeornot8259748/projects/balloon_radar_project/data/raw/detection_dataset/train/Background_IQ/IQ_Data/20260204_100908_beam2_az073.mat,
val,train,Background,0,20260204_100908_beam2_az082,20260204_100908,2,82.0,,,/home/tobeornot8259748/projects/balloon_radar_project/data/raw/detection_dataset/train/Background_IQ/IQ_Data/20260204_100908_beam2_az082.mat,
val,train,Background,0,20260204_100908_beam2_az091,20260204_100908,2,91.0,,,/home/tobeornot8259748/projects/balloon_radar_project/data/raw/detection_dataset/train/Background_IQ/IQ_Data/20260204_100908_beam2_az091.mat,
val,train,Background,0,20260204_100908_beam2_az100,20260204_100908,2,100.0,,,/home/tobeornot8259748/projects/balloon_radar_project/data/raw/detection_dataset/train/Background_IQ/IQ_Data/20260204_100908_beam2_az100.mat,
val,train,Background,0,20260204_100908_beam2_az109,20260204_100908,2,109.0,,,/home/tobeornot8259748/projects/balloon_radar_project/data/raw/detection_dataset/train/Background_IQ/IQ_Data/20260204_100908_beam2_az109.mat,
val,train,Background,0,20260204_100908_beam2_az118,20260204_100908,2,118.0,,,/home/tobeornot8259748/projects/balloon_radar_project/data/raw/detection_dataset/train/Background_IQ/IQ_Data/20260204_100908_beam2_az118.mat,
val,train,Background,0,20260204_100908_beam2_az127,20260204_100908,2,127.0,,,/home/tobeornot8259748/projects/balloon_radar_project/data/raw/detection_dataset/train/Background_IQ/IQ_Data/20260204_100908_beam2_az127.mat,
val,test,Background,0,20260204_100908_beam2_az136,20260204_100908,2,136.0,,,/home/tobeornot8259748/projects/balloon_radar_project/data/raw/detection_dataset/test/Background_IQ/IQ_Data/20260204_100908_beam2_az136.mat,
val,train,Background,0,20260204_100908_beam2_az145,20260204_100908,2,145.0,,,/home/tobeornot8259748/projects/balloon_radar_project/data/raw/detection_dataset/train/Background_IQ/IQ_Data/20260204_100908_beam2_az145.mat,
val,train,Background,0,20260204_100908_beam2_az154,20260204_100908,2,154.0,,,/home/tobeornot8259748/projects/balloon_radar_project/data/raw/detection_dataset/train/Background_IQ/IQ_Data/20260204_100908_beam2_az154.mat,
val,test,Background,0,20260204_100908_beam2_az163,20260204_100908,2,163.0,,,/home/tobeornot8259748/projects/balloon_radar_project/data/raw/detection_dataset/test/Background_IQ/IQ_Data/20260204_100908_beam2_az163.mat,
val,train,Background,0,20260204_100908_beam2_az172,20260204_100908,2,172.0,,,/home/tobeornot8259748/projects/balloon_radar_project/data/raw/detection_dataset/train/Background_IQ/IQ_Data/20260204_100908_beam2_az172.mat,
val,train,Background,0,20260204_100908_beam2_az181,20260204_100908,2,181.0,,,/home/tobeornot8259748/projects/balloon_radar_project/data/raw/detection_dataset/train/Background_IQ/IQ_Data/20260204_100908_beam2_az181.mat,
val,train,Background,0,20260204_100908_beam2_az190,20260204_100908,2,190.0,,,/home/tobeornot8259748/projects/balloon_radar_project/data/raw/detection_dataset/train/Background_IQ/IQ_Data/20260204_100908_beam2_az190.mat,
val,val,Background,0,20260204_100908_beam2_az199,20260204_100908,2,199.0,,,/home/tobeornot8259748/projects/balloon_radar_project/data/raw/detection_dataset/val/Background_IQ/IQ_Data/20260204_100908_beam2_az199.mat,
val,train,Background,0,20260204_100908_beam2_az208,20260204_100908,2,208.0,,,/home/tobeornot8259748/projects/balloon_radar_project/data/raw/detection_dataset/train/Background_IQ/IQ_Data/20260204_100908_beam2_az208.mat,
val,train,Background,0,20260204_100908_beam2_az217,20260204_100908,2,217.0,,,/home/tobeornot8259748/projects/balloon_radar_project/data/raw/detection_dataset/train/Background_IQ/IQ_Data/20260204_100908_beam2_az217.mat,
val,train,Background,0,20260204_100908_beam2_az226,20260204_100908,2,226.0,,,/home/tobeornot8259748/projects/balloon_radar_project/data/raw/detection_dataset/train/Background_IQ/IQ_Data/20260204_100908_beam2_az226.mat,
val,val,Background,0,20260204_100908_beam2_az235,20260204_100908,2,235.0,,,/home/tobeornot8259748/projects/balloon_radar_project/data/raw/detection_dataset/val/Background_IQ/IQ_Data/20260204_100908_beam2_az235.mat,
val,train,Background,0,20260204_100908_beam2_az244,20260204_100908,2,244.0,,,/home/tobeornot8259748/projects/balloon_radar_project/data/raw/detection_dataset/train/Background_IQ/IQ_Data/20260204_100908_beam2_az244.mat,
val,test,Background,0,20260204_100908_beam2_az253,20260204_100908,2,253.0,,,/home/tobeornot8259748/projects/balloon_radar_project/data/raw/detection_dataset/test/Background_IQ/IQ_Data/20260204_100908_beam2_az253.mat,
val,train,Background,0,20260204_100908_beam2_az262,20260204_100908,2,262.0,,,/home/tobeornot8259748/projects/balloon_radar_project/data/raw/detection_dataset/train/Background_IQ/IQ_Data/20260204_100908_beam2_az262.mat,
val,train,Background,0,20260204_100908_beam3_az001,20260204_100908,3,1.0,,,/home/tobeornot8259748/projects/balloon_radar_project/data/raw/detection_dataset/train/Background_IQ/IQ_Data/20260204_100908_beam3_az001.mat,
val,train,Background,0,20260204_100908_beam3_az010,20260204_100908,3,10.0,,,/home/tobeornot8259748/projects/balloon_radar_project/data/raw/detection_dataset/train/Background_IQ/IQ_Data/20260204_100908_beam3_az010.mat,
val,train,Background,0,20260204_100908_beam3_az019,20260204_100908,3,19.0,,,/home/tobeornot8259748/projects/balloon_radar_project/data/raw/detection_dataset/train/Background_IQ/IQ_Data/20260204_100908_beam3_az019.mat,
val,train,Background,0,20260204_100908_beam3_az028,20260204_100908,3,28.0,,,/home/tobeornot8259748/projects/balloon_radar_project/data/raw/detection_dataset/train/Background_IQ/IQ_Data/20260204_100908_beam3_az028.mat,
val,train,Background,0,20260204_100908_beam3_az037,20260204_100908,3,37.0,,,/home/tobeornot8259748/projects/balloon_radar_project/data/raw/detection_dataset/train/Background_IQ/IQ_Data/20260204_100908_beam3_az037.mat,
val,val,Background,0,20260204_100908_beam3_az046,20260204_100908,3,46.0,,,/home/tobeornot8259748/projects/balloon_radar_project/data/raw/detection_dataset/val/Background_IQ/IQ_Data/20260204_100908_beam3_az046.mat,
val,train,Background,0,20260204_100908_beam3_az055,20260204_100908,3,55.0,,,/home/tobeornot8259748/projects/balloon_radar_project/data/raw/detection_dataset/train/Background_IQ/IQ_Data/20260204_100908_beam3_az055.mat,
val,train,Background,0,20260204_100908_beam3_az064,20260204_100908,3,64.0,,,/home/tobeornot8259748/projects/balloon_radar_project/data/raw/detection_dataset/train/Background_IQ/IQ_Data/20260204_100908_beam3_az064.mat,
val,train,Background,0,20260204_100908_beam3_az073,20260204_100908,3,73.0,,,/home/tobeornot8259748/projects/balloon_radar_project/data/raw/detection_dataset/train/Background_IQ/IQ_Data/20260204_100908_beam3_az073.mat,
val,train,Background,0,20260204_100908_beam3_az082,20260204_100908,3,82.0,,,/home/tobeornot8259748/projects/balloon_radar_project/data/raw/detection_dataset/train/Background_IQ/IQ_Data/20260204_100908_beam3_az082.mat,
val,train,Background,0,20260204_100908_beam3_az091,20260204_100908,3,91.0,,,/home/tobeornot8259748/projects/balloon_radar_project/data/raw/detection_dataset/train/Background_IQ/IQ_Data/20260204_100908_beam3_az091.mat,
val,val,Background,0,20260204_100908_beam3_az100,20260204_100908,3,100.0,,,/home/tobeornot8259748/projects/balloon_radar_project/data/raw/detection_dataset/val/Background_IQ/IQ_Data/20260204_100908_beam3_az100.mat,
val,val,Background,0,20260204_100908_beam3_az109,20260204_100908,3,109.0,,,/home/tobeornot8259748/projects/balloon_radar_project/data/raw/detection_dataset/val/Background_IQ/IQ_Data/20260204_100908_beam3_az109.mat,
val,train,Background,0,20260204_100908_beam3_az118,20260204_100908,3,118.0,,,/home/tobeornot8259748/projects/balloon_radar_project/data/raw/detection_dataset/train/Background_IQ/IQ_Data/20260204_100908_beam3_az118.mat,
val,train,Background,0,20260204_100908_beam3_az127,20260204_100908,3,127.0,,,/home/tobeornot8259748/projects/balloon_radar_project/data/raw/detection_dataset/train/Background_IQ/IQ_Data/20260204_100908_beam3_az127.mat,
val,test,Background,0,20260204_100908_beam3_az136,20260204_100908,3,136.0,,,/home/tobeornot8259748/projects/balloon_radar_project/data/raw/detection_dataset/test/Background_IQ/IQ_Data/20260204_100908_beam3_az136.mat,
val,val,Background,0,20260204_100908_beam3_az145,20260204_100908,3,145.0,,,/home/tobeornot8259748/projects/balloon_radar_project/data/raw/detection_dataset/val/Background_IQ/IQ_Data/20260204_100908_beam3_az145.mat,
val,test,Background,0,20260204_100908_beam3_az154,20260204_100908,3,154.0,,,/home/tobeornot8259748/projects/balloon_radar_project/data/raw/detection_dataset/test/Background_IQ/IQ_Data/20260204_100908_beam3_az154.mat,
val,train,Background,0,20260204_100908_beam3_az163,20260204_100908,3,163.0,,,/home/tobeornot8259748/projects/balloon_radar_project/data/raw/detection_dataset/train/Background_IQ/IQ_Data/20260204_100908_beam3_az163.mat,
val,train,Background,0,20260204_100908_beam3_az172,20260204_100908,3,172.0,,,/home/tobeornot8259748/projects/balloon_radar_project/data/raw/detection_dataset/train/Background_IQ/IQ_Data/20260204_100908_beam3_az172.mat,
val,train,Background,0,20260204_100908_beam3_az181,20260204_100908,3,181.0,,,/home/tobeornot8259748/projects/balloon_radar_project/data/raw/detection_dataset/train/Background_IQ/IQ_Data/20260204_100908_beam3_az181.mat,
val,val,Background,0,20260204_100908_beam3_az190,20260204_100908,3,190.0,,,/home/tobeornot8259748/projects/balloon_radar_project/data/raw/detection_dataset/val/Background_IQ/IQ_Data/20260204_100908_beam3_az190.mat,
val,val,Background,0,20260204_100908_beam3_az199,20260204_100908,3,199.0,,,/home/tobeornot8259748/projects/balloon_radar_project/data/raw/detection_dataset/val/Background_IQ/IQ_Data/20260204_100908_beam3_az199.mat,
val,train,Background,0,20260204_100908_beam3_az208,20260204_100908,3,208.0,,,/home/tobeornot8259748/projects/balloon_radar_project/data/raw/detection_dataset/train/Background_IQ/IQ_Data/20260204_100908_beam3_az208.mat,
val,train,Background,0,20260204_100908_beam3_az217,20260204_100908,3,217.0,,,/home/tobeornot8259748/projects/balloon_radar_project/data/raw/detection_dataset/train/Background_IQ/IQ_Data/20260204_100908_beam3_az217.mat,
val,test,Background,0,20260204_100908_beam3_az226,20260204_100908,3,226.0,,,/home/tobeornot8259748/projects/balloon_radar_project/data/raw/detection_dataset/test/Background_IQ/IQ_Data/20260204_100908_beam3_az226.mat,
val,train,Background,0,20260204_100908_beam3_az235,20260204_100908,3,235.0,,,/home/tobeornot8259748/projects/balloon_radar_project/data/raw/detection_dataset/train/Background_IQ/IQ_Data/20260204_100908_beam3_az235.mat,
val,train,Background,0,20260204_100908_beam3_az244,20260204_100908,3,244.0,,,/home/tobeornot8259748/projects/balloon_radar_project/data/raw/detection_dataset/train/Background_IQ/IQ_Data/20260204_100908_beam3_az244.mat,
val,train,Background,0,20260204_100908_beam3_az253,20260204_100908,3,253.0,,,/home/tobeornot8259748/projects/balloon_radar_project/data/raw/detection_dataset/train/Background_IQ/IQ_Data/20260204_100908_beam3_az253.mat,
val,test,Background,0,20260204_100908_beam3_az262,20260204_100908,3,262.0,,,/home/tobeornot8259748/projects/balloon_radar_project/data/raw/detection_dataset/test/Background_IQ/IQ_Data/20260204_100908_beam3_az262.mat,
val,test,Background,0,20260204_100908_beam4_az001,20260204_100908,4,1.0,,,/home/tobeornot8259748/projects/balloon_radar_project/data/raw/detection_dataset/test/Background_IQ/IQ_Data/20260204_100908_beam4_az001.mat,
val,test,Background,0,20260204_100908_beam4_az010,20260204_100908,4,10.0,,,/home/tobeornot8259748/projects/balloon_radar_project/data/raw/detection_dataset/test/Background_IQ/IQ_Data/20260204_100908_beam4_az010.mat,
val,val,Background,0,20260204_100908_beam4_az019,20260204_100908,4,19.0,,,/home/tobeornot8259748/projects/balloon_radar_project/data/raw/detection_dataset/val/Background_IQ/IQ_Data/20260204_100908_beam4_az019.mat,
val,test,Background,0,20260204_100908_beam4_az028,20260204_100908,4,28.0,,,/home/tobeornot8259748/projects/balloon_radar_project/data/raw/detection_dataset/test/Background_IQ/IQ_Data/20260204_100908_beam4_az028.mat,
val,train,Background,0,20260204_100908_beam4_az037,20260204_100908,4,37.0,,,/home/tobeornot8259748/projects/balloon_radar_project/data/raw/detection_dataset/train/Background_IQ/IQ_Data/20260204_100908_beam4_az037.mat,
val,train,Background,0,20260204_100908_beam4_az046,20260204_100908,4,46.0,,,/home/tobeornot8259748/projects/balloon_radar_project/data/raw/detection_dataset/train/Background_IQ/IQ_Data/20260204_100908_beam4_az046.mat,
val,train,Background,0,20260204_100908_beam4_az055,20260204_100908,4,55.0,,,/home/tobeornot8259748/projects/balloon_radar_project/data/raw/detection_dataset/train/Background_IQ/IQ_Data/20260204_100908_beam4_az055.mat,
val,train,Background,0,20260204_100908_beam4_az064,20260204_100908,4,64.0,,,/home/tobeornot8259748/projects/balloon_radar_project/data/raw/detection_dataset/train/Background_IQ/IQ_Data/20260204_100908_beam4_az064.mat,
val,test,Background,0,20260204_100908_beam4_az073,20260204_100908,4,73.0,,,/home/tobeornot8259748/projects/balloon_radar_project/data/raw/detection_dataset/test/Background_IQ/IQ_Data/20260204_100908_beam4_az073.mat,
val,train,Background,0,20260204_100908_beam4_az082,20260204_100908,4,82.0,,,/home/tobeornot8259748/projects/balloon_radar_project/data/raw/detection_dataset/train/Background_IQ/IQ_Data/20260204_100908_beam4_az082.mat,
val,val,Background,0,20260204_100908_beam4_az091,20260204_100908,4,91.0,,,/home/tobeornot8259748/projects/balloon_radar_project/data/raw/detection_dataset/val/Background_IQ/IQ_Data/20260204_100908_beam4_az091.mat,
val,val,Background,0,20260204_100908_beam4_az100,20260204_100908,4,100.0,,,/home/tobeornot8259748/projects/balloon_radar_project/data/raw/detection_dataset/val/Background_IQ/IQ_Data/20260204_100908_beam4_az100.mat,
val,val,Background,0,20260204_100908_beam4_az109,20260204_100908,4,109.0,,,/home/tobeornot8259748/projects/balloon_radar_project/data/raw/detection_dataset/val/Background_IQ/IQ_Data/20260204_100908_beam4_az109.mat,
val,train,Background,0,20260204_100908_beam4_az118,20260204_100908,4,118.0,,,/home/tobeornot8259748/projects/balloon_radar_project/data/raw/detection_dataset/train/Background_IQ/IQ_Data/20260204_100908_beam4_az118.mat,
val,train,Background,0,20260204_100908_beam4_az127,20260204_100908,4,127.0,,,/home/tobeornot8259748/projects/balloon_radar_project/data/raw/detection_dataset/train/Background_IQ/IQ_Data/20260204_100908_beam4_az127.mat,
val,train,Background,0,20260204_100908_beam4_az136,20260204_100908,4,136.0,,,/home/tobeornot8259748/projects/balloon_radar_project/data/raw/detection_dataset/train/Background_IQ/IQ_Data/20260204_100908_beam4_az136.mat,
val,test,Background,0,20260204_100908_beam4_az145,20260204_100908,4,145.0,,,/home/tobeornot8259748/projects/balloon_radar_project/data/raw/detection_dataset/test/Background_IQ/IQ_Data/20260204_100908_beam4_az145.mat,
val,train,Background,0,20260204_100908_beam4_az154,20260204_100908,4,154.0,,,/home/tobeornot8259748/projects/balloon_radar_project/data/raw/detection_dataset/train/Background_IQ/IQ_Data/20260204_100908_beam4_az154.mat,
val,val,Background,0,20260204_100908_beam4_az163,20260204_100908,4,163.0,,,/home/tobeornot8259748/projects/balloon_radar_project/data/raw/detection_dataset/val/Background_IQ/IQ_Data/20260204_100908_beam4_az163.mat,
val,train,Background,0,20260204_100908_beam4_az172,20260204_100908,4,172.0,,,/home/tobeornot8259748/projects/balloon_radar_project/data/raw/detection_dataset/train/Background_IQ/IQ_Data/20260204_100908_beam4_az172.mat,
val,val,Background,0,20260204_100908_beam4_az181,20260204_100908,4,181.0,,,/home/tobeornot8259748/projects/balloon_radar_project/data/raw/detection_dataset/val/Background_IQ/IQ_Data/20260204_100908_beam4_az181.mat,
val,train,Background,0,20260204_100908_beam4_az190,20260204_100908,4,190.0,,,/home/tobeornot8259748/projects/balloon_radar_project/data/raw/detection_dataset/train/Background_IQ/IQ_Data/20260204_100908_beam4_az190.mat,
val,train,Background,0,20260204_100908_beam4_az199,20260204_100908,4,199.0,,,/home/tobeornot8259748/projects/balloon_radar_project/data/raw/detection_dataset/train/Background_IQ/IQ_Data/20260204_100908_beam4_az199.mat,
val,train,Background,0,20260204_100908_beam4_az208,20260204_100908,4,208.0,,,/home/tobeornot8259748/projects/balloon_radar_project/data/raw/detection_dataset/train/Background_IQ/IQ_Data/20260204_100908_beam4_az208.mat,
val,train,Background,0,20260204_100908_beam4_az217,20260204_100908,4,217.0,,,/home/tobeornot8259748/projects/balloon_radar_project/data/raw/detection_dataset/train/Background_IQ/IQ_Data/20260204_100908_beam4_az217.mat,
val,train,Background,0,20260204_100908_beam4_az226,20260204_100908,4,226.0,,,/home/tobeornot8259748/projects/balloon_radar_project/data/raw/detection_dataset/train/Background_IQ/IQ_Data/20260204_100908_beam4_az226.mat,
val,train,Background,0,20260204_100908_beam4_az235,20260204_100908,4,235.0,,,/home/tobeornot8259748/projects/balloon_radar_project/data/raw/detection_dataset/train/Background_IQ/IQ_Data/20260204_100908_beam4_az235.mat,
val,train,Background,0,20260204_100908_beam4_az244,20260204_100908,4,244.0,,,/home/tobeornot8259748/projects/balloon_radar_project/data/raw/detection_dataset/train/Background_IQ/IQ_Data/20260204_100908_beam4_az244.mat,
val,train,Background,0,20260204_100908_beam4_az253,20260204_100908,4,253.0,,,/home/tobeornot8259748/projects/balloon_radar_project/data/raw/detection_dataset/train/Background_IQ/IQ_Data/20260204_100908_beam4_az253.mat,
val,val,Background,0,20260204_100908_beam4_az262,20260204_100908,4,262.0,,,/home/tobeornot8259748/projects/balloon_radar_project/data/raw/detection_dataset/val/Background_IQ/IQ_Data/20260204_100908_beam4_az262.mat,
val,train,Background,0,20260204_100908_beam5_az001,20260204_100908,5,1.0,,,/home/tobeornot8259748/projects/balloon_radar_project/data/raw/detection_dataset/train/Background_IQ/IQ_Data/20260204_100908_beam5_az001.mat,
val,test,Background,0,20260204_100908_beam5_az010,20260204_100908,5,10.0,,,/home/tobeornot8259748/projects/balloon_radar_project/data/raw/detection_dataset/test/Background_IQ/IQ_Data/20260204_100908_beam5_az010.mat,
val,train,Background,0,20260204_100908_beam5_az019,20260204_100908,5,19.0,,,/home/tobeornot8259748/projects/balloon_radar_project/data/raw/detection_dataset/train/Background_IQ/IQ_Data/20260204_100908_beam5_az019.mat,
val,val,Background,0,20260204_100908_beam5_az028,20260204_100908,5,28.0,,,/home/tobeornot8259748/projects/balloon_radar_project/data/raw/detection_dataset/val/Background_IQ/IQ_Data/20260204_100908_beam5_az028.mat,
val,train,Background,0,20260204_100908_beam5_az037,20260204_100908,5,37.0,,,/home/tobeornot8259748/projects/balloon_radar_project/data/raw/detection_dataset/train/Background_IQ/IQ_Data/20260204_100908_beam5_az037.mat,
val,val,Background,0,20260204_100908_beam5_az046,20260204_100908,5,46.0,,,/home/tobeornot8259748/projects/balloon_radar_project/data/raw/detection_dataset/val/Background_IQ/IQ_Data/20260204_100908_beam5_az046.mat,
val,train,Background,0,20260204_100908_beam5_az055,20260204_100908,5,55.0,,,/home/tobeornot8259748/projects/balloon_radar_project/data/raw/detection_dataset/train/Background_IQ/IQ_Data/20260204_100908_beam5_az055.mat,
val,train,Background,0,20260204_100908_beam5_az064,20260204_100908,5,64.0,,,/home/tobeornot8259748/projects/balloon_radar_project/data/raw/detection_dataset/train/Background_IQ/IQ_Data/20260204_100908_beam5_az064.mat,
val,val,Background,0,20260204_100908_beam5_az073,20260204_100908,5,73.0,,,/home/tobeornot8259748/projects/balloon_radar_project/data/raw/detection_dataset/val/Background_IQ/IQ_Data/20260204_100908_beam5_az073.mat,
val,train,Background,0,20260204_100908_beam5_az082,20260204_100908,5,82.0,,,/home/tobeornot8259748/projects/balloon_radar_project/data/raw/detection_dataset/train/Background_IQ/IQ_Data/20260204_100908_beam5_az082.mat,
val,train,Background,0,20260204_100908_beam5_az091,20260204_100908,5,91.0,,,/home/tobeornot8259748/projects/balloon_radar_project/data/raw/detection_dataset/train/Background_IQ/IQ_Data/20260204_100908_beam5_az091.mat,
val,test,Background,0,20260204_100908_beam5_az100,20260204_100908,5,100.0,,,/home/tobeornot8259748/projects/balloon_radar_project/data/raw/detection_dataset/test/Background_IQ/IQ_Data/20260204_100908_beam5_az100.mat,
val,train,Background,0,20260204_100908_beam5_az109,20260204_100908,5,109.0,,,/home/tobeornot8259748/projects/balloon_radar_project/data/raw/detection_dataset/train/Background_IQ/IQ_Data/20260204_100908_beam5_az109.mat,
val,test,Background,0,20260204_100908_beam5_az118,20260204_100908,5,118.0,,,/home/tobeornot8259748/projects/balloon_radar_project/data/raw/detection_dataset/test/Background_IQ/IQ_Data/20260204_100908_beam5_az118.mat,
val,test,Background,0,20260204_100908_beam5_az127,20260204_100908,5,127.0,,,/home/tobeornot8259748/projects/balloon_radar_project/data/raw/detection_dataset/test/Background_IQ/IQ_Data/20260204_100908_beam5_az127.mat,
val,train,Background,0,20260204_100908_beam5_az136,20260204_100908,5,136.0,,,/home/tobeornot8259748/projects/balloon_radar_project/data/raw/detection_dataset/train/Background_IQ/IQ_Data/20260204_100908_beam5_az136.mat,
val,test,Background,0,20260204_100908_beam5_az145,20260204_100908,5,145.0,,,/home/tobeornot8259748/projects/balloon_radar_project/data/raw/detection_dataset/test/Background_IQ/IQ_Data/20260204_100908_beam5_az145.mat,
val,val,Background,0,20260204_100908_beam5_az154,20260204_100908,5,154.0,,,/home/tobeornot8259748/projects/balloon_radar_project/data/raw/detection_dataset/val/Background_IQ/IQ_Data/20260204_100908_beam5_az154.mat,
val,train,Background,0,20260204_100908_beam5_az163,20260204_100908,5,163.0,,,/home/tobeornot8259748/projects/balloon_radar_project/data/raw/detection_dataset/train/Background_IQ/IQ_Data/20260204_100908_beam5_az163.mat,
val,test,Background,0,20260204_100908_beam5_az172,20260204_100908,5,172.0,,,/home/tobeornot8259748/projects/balloon_radar_project/data/raw/detection_dataset/test/Background_IQ/IQ_Data/20260204_100908_beam5_az172.mat,
val,train,Background,0,20260204_100908_beam5_az181,20260204_100908,5,181.0,,,/home/tobeornot8259748/projects/balloon_radar_project/data/raw/detection_dataset/train/Background_IQ/IQ_Data/20260204_100908_beam5_az181.mat,
val,train,Background,0,20260204_100908_beam5_az190,20260204_100908,5,190.0,,,/home/tobeornot8259748/projects/balloon_radar_project/data/raw/detection_dataset/train/Background_IQ/IQ_Data/20260204_100908_beam5_az190.mat,
val,val,Background,0,20260204_100908_beam5_az199,20260204_100908,5,199.0,,,/home/tobeornot8259748/projects/balloon_radar_project/data/raw/detection_dataset/val/Background_IQ/IQ_Data/20260204_100908_beam5_az199.mat,
val,train,Background,0,20260204_100908_beam5_az208,20260204_100908,5,208.0,,,/home/tobeornot8259748/projects/balloon_radar_project/data/raw/detection_dataset/train/Background_IQ/IQ_Data/20260204_100908_beam5_az208.mat,
val,train,Background,0,20260204_100908_beam5_az217,20260204_100908,5,217.0,,,/home/tobeornot8259748/projects/balloon_radar_project/data/raw/detection_dataset/train/Background_IQ/IQ_Data/20260204_100908_beam5_az217.mat,
val,train,Background,0,20260204_100908_beam5_az226,20260204_100908,5,226.0,,,/home/tobeornot8259748/projects/balloon_radar_project/data/raw/detection_dataset/train/Background_IQ/IQ_Data/20260204_100908_beam5_az226.mat,
val,train,Background,0,20260204_100908_beam5_az235,20260204_100908,5,235.0,,,/home/tobeornot8259748/projects/balloon_radar_project/data/raw/detection_dataset/train/Background_IQ/IQ_Data/20260204_100908_beam5_az235.mat,
val,train,Background,0,20260204_100908_beam5_az244,20260204_100908,5,244.0,,,/home/tobeornot8259748/projects/balloon_radar_project/data/raw/detection_dataset/train/Background_IQ/IQ_Data/20260204_100908_beam5_az244.mat,
val,train,Background,0,20260204_100908_beam5_az253,20260204_100908,5,253.0,,,/home/tobeornot8259748/projects/balloon_radar_project/data/raw/detection_dataset/train/Background_IQ/IQ_Data/20260204_100908_beam5_az253.mat,
val,train,Background,0,20260204_100908_beam5_az262,20260204_100908,5,262.0,,,/home/tobeornot8259748/projects/balloon_radar_project/data/raw/detection_dataset/train/Background_IQ/IQ_Data/20260204_100908_beam5_az262.mat,
val,train,UAV,1,20260202_145020_beam1,20260202_145020,1,311.05,2220.0,2.56,/home/tobeornot8259748/projects/balloon_radar_project/data/raw/detection_dataset/train/UAV_IQ/IQ_Data/20260202_145020_beam1.mat,/home/tobeornot8259748/projects/balloon_radar_project/data/raw/detection_dataset/train/UAV_IQ/Labels/20260202_145020_beam1.txt
val,train,UAV,1,20260202_145020_beam2,20260202_145020,2,311.05,2220.0,2.56,/home/tobeornot8259748/projects/balloon_radar_project/data/raw/detection_dataset/train/UAV_IQ/IQ_Data/20260202_145020_beam2.mat,/home/tobeornot8259748/projects/balloon_radar_project/data/raw/detection_dataset/train/UAV_IQ/Labels/20260202_145020_beam2.txt
val,train,UAV,1,20260202_145020_beam3,20260202_145020,3,311.05,2220.0,2.56,/home/tobeornot8259748/projects/balloon_radar_project/data/raw/detection_dataset/train/UAV_IQ/IQ_Data/20260202_145020_beam3.mat,/home/tobeornot8259748/projects/balloon_radar_project/data/raw/detection_dataset/train/UAV_IQ/Labels/20260202_145020_beam3.txt
val,train,UAV,1,20260202_145020_beam4,20260202_145020,4,311.05,2190.0,2.56,/home/tobeornot8259748/projects/balloon_radar_project/data/raw/detection_dataset/train/UAV_IQ/IQ_Data/20260202_145020_beam4.mat,/home/tobeornot8259748/projects/balloon_radar_project/data/raw/detection_dataset/train/UAV_IQ/Labels/20260202_145020_beam4.txt
val,train,UAV,1,20260202_145028_beam1,20260202_145028,1,309.67,2250.0,2.56,/home/tobeornot8259748/projects/balloon_radar_project/data/raw/detection_dataset/train/UAV_IQ/IQ_Data/20260202_145028_beam1.mat,/home/tobeornot8259748/projects/balloon_radar_project/data/raw/detection_dataset/train/UAV_IQ/Labels/20260202_145028_beam1.txt
val,train,UAV,1,20260202_145028_beam2,20260202_145028,2,309.67,2220.0,2.56,/home/tobeornot8259748/projects/balloon_radar_project/data/raw/detection_dataset/train/UAV_IQ/IQ_Data/20260202_145028_beam2.mat,/home/tobeornot8259748/projects/balloon_radar_project/data/raw/detection_dataset/train/UAV_IQ/Labels/20260202_145028_beam2.txt
val,train,UAV,1,20260202_145028_beam3,20260202_145028,3,309.67,2250.0,2.56,/home/tobeornot8259748/projects/balloon_radar_project/data/raw/detection_dataset/train/UAV_IQ/IQ_Data/20260202_145028_beam3.mat,/home/tobeornot8259748/projects/balloon_radar_project/data/raw/detection_dataset/train/UAV_IQ/Labels/20260202_145028_beam3.txt
val,train,UAV,1,20260202_145037_beam1,20260202_145037,1,311.33,2250.0,2.74,/home/tobeornot8259748/projects/balloon_radar_project/data/raw/detection_dataset/train/UAV_IQ/IQ_Data/20260202_145037_beam1.mat,/home/tobeornot8259748/projects/balloon_radar_project/data/raw/detection_dataset/train/UAV_IQ/Labels/20260202_145037_beam1.txt
val,train,UAV,1,20260202_145037_beam2,20260202_145037,2,310.34,2220.0,2.74,/home/tobeornot8259748/projects/balloon_radar_project/data/raw/detection_dataset/train/UAV_IQ/IQ_Data/20260202_145037_beam2.mat,/home/tobeornot8259748/projects/balloon_radar_project/data/raw/detection_dataset/train/UAV_IQ/Labels/20260202_145037_beam2.txt
val,train,UAV,1,20260202_145037_beam3,20260202_145037,3,311.33,2220.0,2.74,/home/tobeornot8259748/projects/balloon_radar_project/data/raw/detection_dataset/train/UAV_IQ/IQ_Data/20260202_145037_beam3.mat,/home/tobeornot8259748/projects/balloon_radar_project/data/raw/detection_dataset/train/UAV_IQ/Labels/20260202_145037_beam3.txt
val,train,UAV,1,20260202_145045_beam1,20260202_145045,1,311.26,2220.0,-3.84,/home/tobeornot8259748/projects/balloon_radar_project/data/raw/detection_dataset/train/UAV_IQ/IQ_Data/20260202_145045_beam1.mat,/home/tobeornot8259748/projects/balloon_radar_project/data/raw/detection_dataset/train/UAV_IQ/Labels/20260202_145045_beam1.txt
val,train,UAV,1,20260202_145045_beam2,20260202_145045,2,310.24,2250.0,-4.02,/home/tobeornot8259748/projects/balloon_radar_project/data/raw/detection_dataset/train/UAV_IQ/IQ_Data/20260202_145045_beam2.mat,/home/tobeornot8259748/projects/balloon_radar_project/data/raw/detection_dataset/train/UAV_IQ/Labels/20260202_145045_beam2.txt
val,train,UAV,1,20260202_145045_beam3,20260202_145045,3,311.26,2250.0,-3.84,/home/tobeornot8259748/projects/balloon_radar_project/data/raw/detection_dataset/train/UAV_IQ/IQ_Data/20260202_145045_beam3.mat,/home/tobeornot8259748/projects/balloon_radar_project/data/raw/detection_dataset/train/UAV_IQ/Labels/20260202_145045_beam3.txt
val,train,UAV,1,20260202_145045_beam4,20260202_145045,4,311.26,2250.0,-4.02,/home/tobeornot8259748/projects/balloon_radar_project/data/raw/detection_dataset/train/UAV_IQ/IQ_Data/20260202_145045_beam4.mat,/home/tobeornot8259748/projects/balloon_radar_project/data/raw/detection_dataset/train/UAV_IQ/Labels/20260202_145045_beam4.txt
val,train,UAV,1,20260202_145053_beam1,20260202_145053,1,310.74,2220.0,-3.65,/home/tobeornot8259748/projects/balloon_radar_project/data/raw/detection_dataset/train/UAV_IQ/IQ_Data/20260202_145053_beam1.mat,/home/tobeornot8259748/projects/balloon_radar_project/data/raw/detection_dataset/train/UAV_IQ/Labels/20260202_145053_beam1.txt
val,train,UAV,1,20260202_145053_beam2,20260202_145053,2,310.74,2220.0,-3.65,/home/tobeornot8259748/projects/balloon_radar_project/data/raw/detection_dataset/train/UAV_IQ/IQ_Data/20260202_145053_beam2.mat,/home/tobeornot8259748/projects/balloon_radar_project/data/raw/detection_dataset/train/UAV_IQ/Labels/20260202_145053_beam2.txt
val,train,UAV,1,20260202_145053_beam3,20260202_145053,3,310.74,2220.0,-3.47,/home/tobeornot8259748/projects/balloon_radar_project/data/raw/detection_dataset/train/UAV_IQ/IQ_Data/20260202_145053_beam3.mat,/home/tobeornot8259748/projects/balloon_radar_project/data/raw/detection_dataset/train/UAV_IQ/Labels/20260202_145053_beam3.txt
val,train,UAV,1,20260202_145053_beam4,20260202_145053,4,310.74,2220.0,-3.65,/home/tobeornot8259748/projects/balloon_radar_project/data/raw/detection_dataset/train/UAV_IQ/IQ_Data/20260202_145053_beam4.mat,/home/tobeornot8259748/projects/balloon_radar_project/data/raw/detection_dataset/train/UAV_IQ/Labels/20260202_145053_beam4.txt
val,train,UAV,1,20260202_145102_beam1,20260202_145102,1,311.84,2160.0,-5.12,/home/tobeornot8259748/projects/balloon_radar_project/data/raw/detection_dataset/train/UAV_IQ/IQ_Data/20260202_145102_beam1.mat,/home/tobeornot8259748/projects/balloon_radar_project/data/raw/detection_dataset/train/UAV_IQ/Labels/20260202_145102_beam1.txt
val,train,UAV,1,20260202_145102_beam2,20260202_145102,2,311.84,2190.0,-5.12,/home/tobeornot8259748/projects/balloon_radar_project/data/raw/detection_dataset/train/UAV_IQ/IQ_Data/20260202_145102_beam2.mat,/home/tobeornot8259748/projects/balloon_radar_project/data/raw/detection_dataset/train/UAV_IQ/Labels/20260202_145102_beam2.txt
val,train,UAV,1,20260202_145102_beam3,20260202_145102,3,311.84,2190.0,-4.93,/home/tobeornot8259748/projects/balloon_radar_project/data/raw/detection_dataset/train/UAV_IQ/IQ_Data/20260202_145102_beam3.mat,/home/tobeornot8259748/projects/balloon_radar_project/data/raw/detection_dataset/train/UAV_IQ/Labels/20260202_145102_beam3.txt
val,train,UAV,1,20260202_145102_beam4,20260202_145102,4,311.84,2160.0,-5.12,/home/tobeornot8259748/projects/balloon_radar_project/data/raw/detection_dataset/train/UAV_IQ/IQ_Data/20260202_145102_beam4.mat,/home/tobeornot8259748/projects/balloon_radar_project/data/raw/detection_dataset/train/UAV_IQ/Labels/20260202_145102_beam4.txt
val,train,UAV,1,20260202_145102_beam5,20260202_145102,5,311.84,2190.0,-4.93,/home/tobeornot8259748/projects/balloon_radar_project/data/raw/detection_dataset/train/UAV_IQ/IQ_Data/20260202_145102_beam5.mat,/home/tobeornot8259748/projects/balloon_radar_project/data/raw/detection_dataset/train/UAV_IQ/Labels/20260202_145102_beam5.txt
val,train,UAV,1,20260202_145110_beam1,20260202_145110,1,312.15,2130.0,-5.3,/home/tobeornot8259748/projects/balloon_radar_project/data/raw/detection_dataset/train/UAV_IQ/IQ_Data/20260202_145110_beam1.mat,/home/tobeornot8259748/projects/balloon_radar_project/data/raw/detection_dataset/train/UAV_IQ/Labels/20260202_145110_beam1.txt
val,train,UAV,1,20260202_145110_beam2,20260202_145110,2,311.13,2130.0,-5.3,/home/tobeornot8259748/projects/balloon_radar_project/data/raw/detection_dataset/train/UAV_IQ/IQ_Data/20260202_145110_beam2.mat,/home/tobeornot8259748/projects/balloon_radar_project/data/raw/detection_dataset/train/UAV_IQ/Labels/20260202_145110_beam2.txt
val,train,UAV,1,20260202_145110_beam3,20260202_145110,3,312.15,2130.0,-5.3,/home/tobeornot8259748/projects/balloon_radar_project/data/raw/detection_dataset/train/UAV_IQ/IQ_Data/20260202_145110_beam3.mat,/home/tobeornot8259748/projects/balloon_radar_project/data/raw/detection_dataset/train/UAV_IQ/Labels/20260202_145110_beam3.txt
val,train,UAV,1,20260202_145110_beam4,20260202_145110,4,312.15,2130.0,-5.3,/home/tobeornot8259748/projects/balloon_radar_project/data/raw/detection_dataset/train/UAV_IQ/IQ_Data/20260202_145110_beam4.mat,/home/tobeornot8259748/projects/balloon_radar_project/data/raw/detection_dataset/train/UAV_IQ/Labels/20260202_145110_beam4.txt
val,train,UAV,1,20260202_145118_beam1,20260202_145118,1,311.7,2070.0,-4.93,/home/tobeornot8259748/projects/balloon_radar_project/data/raw/detection_dataset/train/UAV_IQ/IQ_Data/20260202_145118_beam1.mat,/home/tobeornot8259748/projects/balloon_radar_project/data/raw/detection_dataset/train/UAV_IQ/Labels/20260202_145118_beam1.txt
val,train,UAV,1,20260202_145118_beam2,20260202_145118,2,311.7,2070.0,-4.93,/home/tobeornot8259748/projects/balloon_radar_project/data/raw/detection_dataset/train/UAV_IQ/IQ_Data/20260202_145118_beam2.mat,/home/tobeornot8259748/projects/balloon_radar_project/data/raw/detection_dataset/train/UAV_IQ/Labels/20260202_145118_beam2.txt
val,train,UAV,1,20260202_145118_beam3,20260202_145118,3,311.7,2100.0,-4.93,/home/tobeornot8259748/projects/balloon_radar_project/data/raw/detection_dataset/train/UAV_IQ/IQ_Data/20260202_145118_beam3.mat,/home/tobeornot8259748/projects/balloon_radar_project/data/raw/detection_dataset/train/UAV_IQ/Labels/20260202_145118_beam3.txt
val,train,UAV,1,20260202_145118_beam4,20260202_145118,4,310.71,2100.0,-4.93,/home/tobeornot8259748/projects/balloon_radar_project/data/raw/detection_dataset/train/UAV_IQ/IQ_Data/20260202_145118_beam4.mat,/home/tobeornot8259748/projects/balloon_radar_project/data/raw/detection_dataset/train/UAV_IQ/Labels/20260202_145118_beam4.txt
val,train,UAV,1,20260202_145126_beam1,20260202_145126,1,311.28,2040.0,-4.75,/home/tobeornot8259748/projects/balloon_radar_project/data/raw/detection_dataset/train/UAV_IQ/IQ_Data/20260202_145126_beam1.mat,/home/tobeornot8259748/projects/balloon_radar_project/data/raw/detection_dataset/train/UAV_IQ/Labels/20260202_145126_beam1.txt
val,train,UAV,1,20260202_145126_beam2,20260202_145126,2,311.28,2070.0,-4.75,/home/tobeornot8259748/projects/balloon_radar_project/data/raw/detection_dataset/train/UAV_IQ/IQ_Data/20260202_145126_beam2.mat,/home/tobeornot8259748/projects/balloon_radar_project/data/raw/detection_dataset/train/UAV_IQ/Labels/20260202_145126_beam2.txt
val,train,UAV,1,20260202_145126_beam3,20260202_145126,3,311.28,2040.0,-4.75,/home/tobeornot8259748/projects/balloon_radar_project/data/raw/detection_dataset/train/UAV_IQ/IQ_Data/20260202_145126_beam3.mat,/home/tobeornot8259748/projects/balloon_radar_project/data/raw/detection_dataset/train/UAV_IQ/Labels/20260202_145126_beam3.txt
val,train,UAV,1,20260202_145126_beam4,20260202_145126,4,311.28,2070.0,-4.75,/home/tobeornot8259748/projects/balloon_radar_project/data/raw/detection_dataset/train/UAV_IQ/IQ_Data/20260202_145126_beam4.mat,/home/tobeornot8259748/projects/balloon_radar_project/data/raw/detection_dataset/train/UAV_IQ/Labels/20260202_145126_beam4.txt
val,train,UAV,1,20260202_145126_beam5,20260202_145126,5,312.27,2070.0,-4.75,/home/tobeornot8259748/projects/balloon_radar_project/data/raw/detection_dataset/train/UAV_IQ/IQ_Data/20260202_145126_beam5.mat,/home/tobeornot8259748/projects/balloon_radar_project/data/raw/detection_dataset/train/UAV_IQ/Labels/20260202_145126_beam5.txt
val,train,UAV,1,20260202_145135_beam1,20260202_145135,1,311.56,2070.0,4.57,/home/tobeornot8259748/projects/balloon_radar_project/data/raw/detection_dataset/train/UAV_IQ/IQ_Data/20260202_145135_beam1.mat,/home/tobeornot8259748/projects/balloon_radar_project/data/raw/detection_dataset/train/UAV_IQ/Labels/20260202_145135_beam1.txt
val,train,UAV,1,20260202_145135_beam2,20260202_145135,2,311.56,2040.0,4.57,/home/tobeornot8259748/projects/balloon_radar_project/data/raw/detection_dataset/train/UAV_IQ/IQ_Data/20260202_145135_beam2.mat,/home/tobeornot8259748/projects/balloon_radar_project/data/raw/detection_dataset/train/UAV_IQ/Labels/20260202_145135_beam2.txt
val,train,UAV,1,20260202_145135_beam3,20260202_145135,3,311.56,2070.0,4.57,/home/tobeornot8259748/projects/balloon_radar_project/data/raw/detection_dataset/train/UAV_IQ/IQ_Data/20260202_145135_beam3.mat,/home/tobeornot8259748/projects/balloon_radar_project/data/raw/detection_dataset/train/UAV_IQ/Labels/20260202_145135_beam3.txt
val,train,UAV,1,20260202_145135_beam4,20260202_145135,4,310.57,2070.0,4.39,/home/tobeornot8259748/projects/balloon_radar_project/data/raw/detection_dataset/train/UAV_IQ/IQ_Data/20260202_145135_beam4.mat,/home/tobeornot8259748/projects/balloon_radar_project/data/raw/detection_dataset/train/UAV_IQ/Labels/20260202_145135_beam4.txt
val,train,UAV,1,20260202_145135_beam5,20260202_145135,5,310.57,2070.0,4.57,/home/tobeornot8259748/projects/balloon_radar_project/data/raw/detection_dataset/train/UAV_IQ/IQ_Data/20260202_145135_beam5.mat,/home/tobeornot8259748/projects/balloon_radar_project/data/raw/detection_dataset/train/UAV_IQ/Labels/20260202_145135_beam5.txt
val,train,UAV,1,20260202_145143_beam1,20260202_145143,1,312.12,2070.0,5.85,/home/tobeornot8259748/projects/balloon_radar_project/data/raw/detection_dataset/train/UAV_IQ/IQ_Data/20260202_145143_beam1.mat,/home/tobeornot8259748/projects/balloon_radar_project/data/raw/detection_dataset/train/UAV_IQ/Labels/20260202_145143_beam1.txt
val,train,UAV,1,20260202_145143_beam2,20260202_145143,2,311.13,2070.0,5.85,/home/tobeornot8259748/projects/balloon_radar_project/data/raw/detection_dataset/train/UAV_IQ/IQ_Data/20260202_145143_beam2.mat,/home/tobeornot8259748/projects/balloon_radar_project/data/raw/detection_dataset/train/UAV_IQ/Labels/20260202_145143_beam2.txt
val,train,UAV,1,20260202_145143_beam3,20260202_145143,3,311.13,2100.0,5.85,/home/tobeornot8259748/projects/balloon_radar_project/data/raw/detection_dataset/train/UAV_IQ/IQ_Data/20260202_145143_beam3.mat,/home/tobeornot8259748/projects/balloon_radar_project/data/raw/detection_dataset/train/UAV_IQ/Labels/20260202_145143_beam3.txt
val,train,UAV,1,20260202_145143_beam4,20260202_145143,4,312.12,2070.0,5.85,/home/tobeornot8259748/projects/balloon_radar_project/data/raw/detection_dataset/train/UAV_IQ/IQ_Data/20260202_145143_beam4.mat,/home/tobeornot8259748/projects/balloon_radar_project/data/raw/detection_dataset/train/UAV_IQ/Labels/20260202_145143_beam4.txt
val,train,UAV,1,20260202_145143_beam5,20260202_145143,5,311.13,2100.0,5.85,/home/tobeornot8259748/projects/balloon_radar_project/data/raw/detection_dataset/train/UAV_IQ/IQ_Data/20260202_145143_beam5.mat,/home/tobeornot8259748/projects/balloon_radar_project/data/raw/detection_dataset/train/UAV_IQ/Labels/20260202_145143_beam5.txt
val,train,UAV,1,20260202_145151_beam1,20260202_145151,1,310.86,2130.0,5.66,/home/tobeornot8259748/projects/balloon_radar_project/data/raw/detection_dataset/train/UAV_IQ/IQ_Data/20260202_145151_beam1.mat,/home/tobeornot8259748/projects/balloon_radar_project/data/raw/detection_dataset/train/UAV_IQ/Labels/20260202_145151_beam1.txt
val,train,UAV,1,20260202_145151_beam2,20260202_145151,2,310.86,2160.0,5.66,/home/tobeornot8259748/projects/balloon_radar_project/data/raw/detection_dataset/train/UAV_IQ/IQ_Data/20260202_145151_beam2.mat,/home/tobeornot8259748/projects/balloon_radar_project/data/raw/detection_dataset/train/UAV_IQ/Labels/20260202_145151_beam2.txt
val,train,UAV,1,20260202_145151_beam3,20260202_145151,3,310.86,2130.0,5.66,/home/tobeornot8259748/projects/balloon_radar_project/data/raw/detection_dataset/train/UAV_IQ/IQ_Data/20260202_145151_beam3.mat,/home/tobeornot8259748/projects/balloon_radar_project/data/raw/detection_dataset/train/UAV_IQ/Labels/20260202_145151_beam3.txt
val,train,UAV,1,20260202_145151_beam4,20260202_145151,4,310.86,2130.0,5.66,/home/tobeornot8259748/projects/balloon_radar_project/data/raw/detection_dataset/train/UAV_IQ/IQ_Data/20260202_145151_beam4.mat,/home/tobeornot8259748/projects/balloon_radar_project/data/raw/detection_dataset/train/UAV_IQ/Labels/20260202_145151_beam4.txt
val,train,UAV,1,20260202_145151_beam5,20260202_145151,5,310.86,2160.0,5.66,/home/tobeornot8259748/projects/balloon_radar_project/data/raw/detection_dataset/train/UAV_IQ/IQ_Data/20260202_145151_beam5.mat,/home/tobeornot8259748/projects/balloon_radar_project/data/raw/detection_dataset/train/UAV_IQ/Labels/20260202_145151_beam5.txt
val,val,UAV,1,20260202_145208_beam1,20260202_145208,1,311.45,2160.0,-4.02,/home/tobeornot8259748/projects/balloon_radar_project/data/raw/detection_dataset/val/UAV_IQ/IQ_Data/20260202_145208_beam1.mat,/home/tobeornot8259748/projects/balloon_radar_project/data/raw/detection_dataset/val/UAV_IQ/Labels/20260202_145208_beam1.txt
val,val,UAV,1,20260202_145208_beam2,20260202_145208,2,311.45,2160.0,-3.84,/home/tobeornot8259748/projects/balloon_radar_project/data/raw/detection_dataset/val/UAV_IQ/IQ_Data/20260202_145208_beam2.mat,/home/tobeornot8259748/projects/balloon_radar_project/data/raw/detection_dataset/val/UAV_IQ/Labels/20260202_145208_beam2.txt
val,val,UAV,1,20260202_145208_beam3,20260202_145208,3,311.45,2160.0,-3.84,/home/tobeornot8259748/projects/balloon_radar_project/data/raw/detection_dataset/val/UAV_IQ/IQ_Data/20260202_145208_beam3.mat,/home/tobeornot8259748/projects/balloon_radar_project/data/raw/detection_dataset/val/UAV_IQ/Labels/20260202_145208_beam3.txt
val,val,UAV,1,20260202_145208_beam4,20260202_145208,4,311.45,2160.0,-3.84,/home/tobeornot8259748/projects/balloon_radar_project/data/raw/detection_dataset/val/UAV_IQ/IQ_Data/20260202_145208_beam4.mat,/home/tobeornot8259748/projects/balloon_radar_project/data/raw/detection_dataset/val/UAV_IQ/Labels/20260202_145208_beam4.txt
val,train,UAV,1,20260202_145216_beam1,20260202_145216,1,311.64,2130.0,-2.19,/home/tobeornot8259748/projects/balloon_radar_project/data/raw/detection_dataset/train/UAV_IQ/IQ_Data/20260202_145216_beam1.mat,/home/tobeornot8259748/projects/balloon_radar_project/data/raw/detection_dataset/train/UAV_IQ/Labels/20260202_145216_beam1.txt
val,train,UAV,1,20260202_145216_beam2,20260202_145216,2,312.66,2130.0,-2.74,/home/tobeornot8259748/projects/balloon_radar_project/data/raw/detection_dataset/train/UAV_IQ/IQ_Data/20260202_145216_beam2.mat,/home/tobeornot8259748/projects/balloon_radar_project/data/raw/detection_dataset/train/UAV_IQ/Labels/20260202_145216_beam2.txt
val,train,UAV,1,20260202_145216_beam3,20260202_145216,3,311.64,2130.0,-2.38,/home/tobeornot8259748/projects/balloon_radar_project/data/raw/detection_dataset/train/UAV_IQ/IQ_Data/20260202_145216_beam3.mat,/home/tobeornot8259748/projects/balloon_radar_project/data/raw/detection_dataset/train/UAV_IQ/Labels/20260202_145216_beam3.txt
val,train,UAV,1,20260202_145216_beam4,20260202_145216,4,311.64,2130.0,-2.38,/home/tobeornot8259748/projects/balloon_radar_project/data/raw/detection_dataset/train/UAV_IQ/IQ_Data/20260202_145216_beam4.mat,/home/tobeornot8259748/projects/balloon_radar_project/data/raw/detection_dataset/train/UAV_IQ/Labels/20260202_145216_beam4.txt
val,train,UAV,1,20260202_145216_beam5,20260202_145216,5,311.64,2100.0,-2.38,/home/tobeornot8259748/projects/balloon_radar_project/data/raw/detection_dataset/train/UAV_IQ/IQ_Data/20260202_145216_beam5.mat,/home/tobeornot8259748/projects/balloon_radar_project/data/raw/detection_dataset/train/UAV_IQ/Labels/20260202_145216_beam5.txt
test,train,Background,0,20260204_100845_beam1_az001,20260204_100845,1,1.0,,,/home/tobeornot8259748/projects/balloon_radar_project/data/raw/detection_dataset/train/Background_IQ/IQ_Data/20260204_100845_beam1_az001.mat,
test,val,Background,0,20260204_100845_beam1_az010,20260204_100845,1,10.0,,,/home/tobeornot8259748/projects/balloon_radar_project/data/raw/detection_dataset/val/Background_IQ/IQ_Data/20260204_100845_beam1_az010.mat,
test,train,Background,0,20260204_100845_beam1_az019,20260204_100845,1,19.0,,,/home/tobeornot8259748/projects/balloon_radar_project/data/raw/detection_dataset/train/Background_IQ/IQ_Data/20260204_100845_beam1_az019.mat,
test,train,Background,0,20260204_100845_beam1_az028,20260204_100845,1,28.0,,,/home/tobeornot8259748/projects/balloon_radar_project/data/raw/detection_dataset/train/Background_IQ/IQ_Data/20260204_100845_beam1_az028.mat,
test,train,Background,0,20260204_100845_beam1_az037,20260204_100845,1,37.0,,,/home/tobeornot8259748/projects/balloon_radar_project/data/raw/detection_dataset/train/Background_IQ/IQ_Data/20260204_100845_beam1_az037.mat,
test,val,Background,0,20260204_100845_beam1_az046,20260204_100845,1,46.0,,,/home/tobeornot8259748/projects/balloon_radar_project/data/raw/detection_dataset/val/Background_IQ/IQ_Data/20260204_100845_beam1_az046.mat,
test,train,Background,0,20260204_100845_beam1_az055,20260204_100845,1,55.0,,,/home/tobeornot8259748/projects/balloon_radar_project/data/raw/detection_dataset/train/Background_IQ/IQ_Data/20260204_100845_beam1_az055.mat,
test,train,Background,0,20260204_100845_beam1_az064,20260204_100845,1,64.0,,,/home/tobeornot8259748/projects/balloon_radar_project/data/raw/detection_dataset/train/Background_IQ/IQ_Data/20260204_100845_beam1_az064.mat,
test,train,Background,0,20260204_100845_beam1_az073,20260204_100845,1,73.0,,,/home/tobeornot8259748/projects/balloon_radar_project/data/raw/detection_dataset/train/Background_IQ/IQ_Data/20260204_100845_beam1_az073.mat,
test,train,Background,0,20260204_100845_beam1_az082,20260204_100845,1,82.0,,,/home/tobeornot8259748/projects/balloon_radar_project/data/raw/detection_dataset/train/Background_IQ/IQ_Data/20260204_100845_beam1_az082.mat,
test,train,Background,0,20260204_100845_beam1_az091,20260204_100845,1,91.0,,,/home/tobeornot8259748/projects/balloon_radar_project/data/raw/detection_dataset/train/Background_IQ/IQ_Data/20260204_100845_beam1_az091.mat,
test,train,Background,0,20260204_100845_beam1_az100,20260204_100845,1,100.0,,,/home/tobeornot8259748/projects/balloon_radar_project/data/raw/detection_dataset/train/Background_IQ/IQ_Data/20260204_100845_beam1_az100.mat,
test,train,Background,0,20260204_100845_beam1_az109,20260204_100845,1,109.0,,,/home/tobeornot8259748/projects/balloon_radar_project/data/raw/detection_dataset/train/Background_IQ/IQ_Data/20260204_100845_beam1_az109.mat,
test,train,Background,0,20260204_100845_beam1_az118,20260204_100845,1,118.0,,,/home/tobeornot8259748/projects/balloon_radar_project/data/raw/detection_dataset/train/Background_IQ/IQ_Data/20260204_100845_beam1_az118.mat,
test,train,Background,0,20260204_100845_beam1_az127,20260204_100845,1,127.0,,,/home/tobeornot8259748/projects/balloon_radar_project/data/raw/detection_dataset/train/Background_IQ/IQ_Data/20260204_100845_beam1_az127.mat,
test,train,Background,0,20260204_100845_beam1_az136,20260204_100845,1,136.0,,,/home/tobeornot8259748/projects/balloon_radar_project/data/raw/detection_dataset/train/Background_IQ/IQ_Data/20260204_100845_beam1_az136.mat,
test,train,Background,0,20260204_100845_beam1_az145,20260204_100845,1,145.0,,,/home/tobeornot8259748/projects/balloon_radar_project/data/raw/detection_dataset/train/Background_IQ/IQ_Data/20260204_100845_beam1_az145.mat,
test,test,Background,0,20260204_100845_beam1_az154,20260204_100845,1,154.0,,,/home/tobeornot8259748/projects/balloon_radar_project/data/raw/detection_dataset/test/Background_IQ/IQ_Data/20260204_100845_beam1_az154.mat,
test,val,Background,0,20260204_100845_beam1_az163,20260204_100845,1,163.0,,,/home/tobeornot8259748/projects/balloon_radar_project/data/raw/detection_dataset/val/Background_IQ/IQ_Data/20260204_100845_beam1_az163.mat,
test,train,Background,0,20260204_100845_beam1_az172,20260204_100845,1,172.0,,,/home/tobeornot8259748/projects/balloon_radar_project/data/raw/detection_dataset/train/Background_IQ/IQ_Data/20260204_100845_beam1_az172.mat,
test,train,Background,0,20260204_100845_beam1_az181,20260204_100845,1,181.0,,,/home/tobeornot8259748/projects/balloon_radar_project/data/raw/detection_dataset/train/Background_IQ/IQ_Data/20260204_100845_beam1_az181.mat,
test,train,Background,0,20260204_100845_beam1_az190,20260204_100845,1,190.0,,,/home/tobeornot8259748/projects/balloon_radar_project/data/raw/detection_dataset/train/Background_IQ/IQ_Data/20260204_100845_beam1_az190.mat,
test,train,Background,0,20260204_100845_beam1_az199,20260204_100845,1,199.0,,,/home/tobeornot8259748/projects/balloon_radar_project/data/raw/detection_dataset/train/Background_IQ/IQ_Data/20260204_100845_beam1_az199.mat,
test,test,Background,0,20260204_100845_beam1_az208,20260204_100845,1,208.0,,,/home/tobeornot8259748/projects/balloon_radar_project/data/raw/detection_dataset/test/Background_IQ/IQ_Data/20260204_100845_beam1_az208.mat,
test,train,Background,0,20260204_100845_beam1_az217,20260204_100845,1,217.0,,,/home/tobeornot8259748/projects/balloon_radar_project/data/raw/detection_dataset/train/Background_IQ/IQ_Data/20260204_100845_beam1_az217.mat,
test,train,Background,0,20260204_100845_beam1_az226,20260204_100845,1,226.0,,,/home/tobeornot8259748/projects/balloon_radar_project/data/raw/detection_dataset/train/Background_IQ/IQ_Data/20260204_100845_beam1_az226.mat,
test,val,Background,0,20260204_100845_beam1_az235,20260204_100845,1,235.0,,,/home/tobeornot8259748/projects/balloon_radar_project/data/raw/detection_dataset/val/Background_IQ/IQ_Data/20260204_100845_beam1_az235.mat,
test,train,Background,0,20260204_100845_beam1_az244,20260204_100845,1,244.0,,,/home/tobeornot8259748/projects/balloon_radar_project/data/raw/detection_dataset/train/Background_IQ/IQ_Data/20260204_100845_beam1_az244.mat,
test,train,Background,0,20260204_100845_beam1_az253,20260204_100845,1,253.0,,,/home/tobeornot8259748/projects/balloon_radar_project/data/raw/detection_dataset/train/Background_IQ/IQ_Data/20260204_100845_beam1_az253.mat,
test,train,Background,0,20260204_100845_beam1_az262,20260204_100845,1,262.0,,,/home/tobeornot8259748/projects/balloon_radar_project/data/raw/detection_dataset/train/Background_IQ/IQ_Data/20260204_100845_beam1_az262.mat,
test,test,Background,0,20260204_100845_beam2_az001,20260204_100845,2,1.0,,,/home/tobeornot8259748/projects/balloon_radar_project/data/raw/detection_dataset/test/Background_IQ/IQ_Data/20260204_100845_beam2_az001.mat,
test,train,Background,0,20260204_100845_beam2_az010,20260204_100845,2,10.0,,,/home/tobeornot8259748/projects/balloon_radar_project/data/raw/detection_dataset/train/Background_IQ/IQ_Data/20260204_100845_beam2_az010.mat,
test,train,Background,0,20260204_100845_beam2_az019,20260204_100845,2,19.0,,,/home/tobeornot8259748/projects/balloon_radar_project/data/raw/detection_dataset/train/Background_IQ/IQ_Data/20260204_100845_beam2_az019.mat,
test,val,Background,0,20260204_100845_beam2_az028,20260204_100845,2,28.0,,,/home/tobeornot8259748/projects/balloon_radar_project/data/raw/detection_dataset/val/Background_IQ/IQ_Data/20260204_100845_beam2_az028.mat,
test,train,Background,0,20260204_100845_beam2_az037,20260204_100845,2,37.0,,,/home/tobeornot8259748/projects/balloon_radar_project/data/raw/detection_dataset/train/Background_IQ/IQ_Data/20260204_100845_beam2_az037.mat,
test,train,Background,0,20260204_100845_beam2_az046,20260204_100845,2,46.0,,,/home/tobeornot8259748/projects/balloon_radar_project/data/raw/detection_dataset/train/Background_IQ/IQ_Data/20260204_100845_beam2_az046.mat,
test,train,Background,0,20260204_100845_beam2_az055,20260204_100845,2,55.0,,,/home/tobeornot8259748/projects/balloon_radar_project/data/raw/detection_dataset/train/Background_IQ/IQ_Data/20260204_100845_beam2_az055.mat,
test,train,Background,0,20260204_100845_beam2_az064,20260204_100845,2,64.0,,,/home/tobeornot8259748/projects/balloon_radar_project/data/raw/detection_dataset/train/Background_IQ/IQ_Data/20260204_100845_beam2_az064.mat,
test,val,Background,0,20260204_100845_beam2_az073,20260204_100845,2,73.0,,,/home/tobeornot8259748/projects/balloon_radar_project/data/raw/detection_dataset/val/Background_IQ/IQ_Data/20260204_100845_beam2_az073.mat,
test,train,Background,0,20260204_100845_beam2_az082,20260204_100845,2,82.0,,,/home/tobeornot8259748/projects/balloon_radar_project/data/raw/detection_dataset/train/Background_IQ/IQ_Data/20260204_100845_beam2_az082.mat,
test,train,Background,0,20260204_100845_beam2_az091,20260204_100845,2,91.0,,,/home/tobeornot8259748/projects/balloon_radar_project/data/raw/detection_dataset/train/Background_IQ/IQ_Data/20260204_100845_beam2_az091.mat,
test,train,Background,0,20260204_100845_beam2_az100,20260204_100845,2,100.0,,,/home/tobeornot8259748/projects/balloon_radar_project/data/raw/detection_dataset/train/Background_IQ/IQ_Data/20260204_100845_beam2_az100.mat,
test,train,Background,0,20260204_100845_beam2_az109,20260204_100845,2,109.0,,,/home/tobeornot8259748/projects/balloon_radar_project/data/raw/detection_dataset/train/Background_IQ/IQ_Data/20260204_100845_beam2_az109.mat,
test,train,Background,0,20260204_100845_beam2_az118,20260204_100845,2,118.0,,,/home/tobeornot8259748/projects/balloon_radar_project/data/raw/detection_dataset/train/Background_IQ/IQ_Data/20260204_100845_beam2_az118.mat,
test,val,Background,0,20260204_100845_beam2_az127,20260204_100845,2,127.0,,,/home/tobeornot8259748/projects/balloon_radar_project/data/raw/detection_dataset/val/Background_IQ/IQ_Data/20260204_100845_beam2_az127.mat,
test,train,Background,0,20260204_100845_beam2_az136,20260204_100845,2,136.0,,,/home/tobeornot8259748/projects/balloon_radar_project/data/raw/detection_dataset/train/Background_IQ/IQ_Data/20260204_100845_beam2_az136.mat,
test,train,Background,0,20260204_100845_beam2_az145,20260204_100845,2,145.0,,,/home/tobeornot8259748/projects/balloon_radar_project/data/raw/detection_dataset/train/Background_IQ/IQ_Data/20260204_100845_beam2_az145.mat,
test,val,Background,0,20260204_100845_beam2_az154,20260204_100845,2,154.0,,,/home/tobeornot8259748/projects/balloon_radar_project/data/raw/detection_dataset/val/Background_IQ/IQ_Data/20260204_100845_beam2_az154.mat,
test,train,Background,0,20260204_100845_beam2_az163,20260204_100845,2,163.0,,,/home/tobeornot8259748/projects/balloon_radar_project/data/raw/detection_dataset/train/Background_IQ/IQ_Data/20260204_100845_beam2_az163.mat,
test,test,Background,0,20260204_100845_beam2_az172,20260204_100845,2,172.0,,,/home/tobeornot8259748/projects/balloon_radar_project/data/raw/detection_dataset/test/Background_IQ/IQ_Data/20260204_100845_beam2_az172.mat,
test,val,Background,0,20260204_100845_beam2_az181,20260204_100845,2,181.0,,,/home/tobeornot8259748/projects/balloon_radar_project/data/raw/detection_dataset/val/Background_IQ/IQ_Data/20260204_100845_beam2_az181.mat,
test,train,Background,0,20260204_100845_beam2_az190,20260204_100845,2,190.0,,,/home/tobeornot8259748/projects/balloon_radar_project/data/raw/detection_dataset/train/Background_IQ/IQ_Data/20260204_100845_beam2_az190.mat,
test,train,Background,0,20260204_100845_beam2_az199,20260204_100845,2,199.0,,,/home/tobeornot8259748/projects/balloon_radar_project/data/raw/detection_dataset/train/Background_IQ/IQ_Data/20260204_100845_beam2_az199.mat,
test,train,Background,0,20260204_100845_beam2_az208,20260204_100845,2,208.0,,,/home/tobeornot8259748/projects/balloon_radar_project/data/raw/detection_dataset/train/Background_IQ/IQ_Data/20260204_100845_beam2_az208.mat,
test,test,Background,0,20260204_100845_beam2_az217,20260204_100845,2,217.0,,,/home/tobeornot8259748/projects/balloon_radar_project/data/raw/detection_dataset/test/Background_IQ/IQ_Data/20260204_100845_beam2_az217.mat,
test,train,Background,0,20260204_100845_beam2_az226,20260204_100845,2,226.0,,,/home/tobeornot8259748/projects/balloon_radar_project/data/raw/detection_dataset/train/Background_IQ/IQ_Data/20260204_100845_beam2_az226.mat,
test,train,Background,0,20260204_100845_beam2_az235,20260204_100845,2,235.0,,,/home/tobeornot8259748/projects/balloon_radar_project/data/raw/detection_dataset/train/Background_IQ/IQ_Data/20260204_100845_beam2_az235.mat,
test,train,Background,0,20260204_100845_beam2_az244,20260204_100845,2,244.0,,,/home/tobeornot8259748/projects/balloon_radar_project/data/raw/detection_dataset/train/Background_IQ/IQ_Data/20260204_100845_beam2_az244.mat,
test,test,Background,0,20260204_100845_beam2_az253,20260204_100845,2,253.0,,,/home/tobeornot8259748/projects/balloon_radar_project/data/raw/detection_dataset/test/Background_IQ/IQ_Data/20260204_100845_beam2_az253.mat,
test,train,Background,0,20260204_100845_beam2_az262,20260204_100845,2,262.0,,,/home/tobeornot8259748/projects/balloon_radar_project/data/raw/detection_dataset/train/Background_IQ/IQ_Data/20260204_100845_beam2_az262.mat,
test,train,Background,0,20260204_100845_beam3_az001,20260204_100845,3,1.0,,,/home/tobeornot8259748/projects/balloon_radar_project/data/raw/detection_dataset/train/Background_IQ/IQ_Data/20260204_100845_beam3_az001.mat,
test,train,Background,0,20260204_100845_beam3_az010,20260204_100845,3,10.0,,,/home/tobeornot8259748/projects/balloon_radar_project/data/raw/detection_dataset/train/Background_IQ/IQ_Data/20260204_100845_beam3_az010.mat,
test,train,Background,0,20260204_100845_beam3_az019,20260204_100845,3,19.0,,,/home/tobeornot8259748/projects/balloon_radar_project/data/raw/detection_dataset/train/Background_IQ/IQ_Data/20260204_100845_beam3_az019.mat,
test,val,Background,0,20260204_100845_beam3_az028,20260204_100845,3,28.0,,,/home/tobeornot8259748/projects/balloon_radar_project/data/raw/detection_dataset/val/Background_IQ/IQ_Data/20260204_100845_beam3_az028.mat,
test,test,Background,0,20260204_100845_beam3_az037,20260204_100845,3,37.0,,,/home/tobeornot8259748/projects/balloon_radar_project/data/raw/detection_dataset/test/Background_IQ/IQ_Data/20260204_100845_beam3_az037.mat,
test,train,Background,0,20260204_100845_beam3_az046,20260204_100845,3,46.0,,,/home/tobeornot8259748/projects/balloon_radar_project/data/raw/detection_dataset/train/Background_IQ/IQ_Data/20260204_100845_beam3_az046.mat,
test,train,Background,0,20260204_100845_beam3_az055,20260204_100845,3,55.0,,,/home/tobeornot8259748/projects/balloon_radar_project/data/raw/detection_dataset/train/Background_IQ/IQ_Data/20260204_100845_beam3_az055.mat,
test,train,Background,0,20260204_100845_beam3_az064,20260204_100845,3,64.0,,,/home/tobeornot8259748/projects/balloon_radar_project/data/raw/detection_dataset/train/Background_IQ/IQ_Data/20260204_100845_beam3_az064.mat,
test,train,Background,0,20260204_100845_beam3_az073,20260204_100845,3,73.0,,,/home/tobeornot8259748/projects/balloon_radar_project/data/raw/detection_dataset/train/Background_IQ/IQ_Data/20260204_100845_beam3_az073.mat,
test,val,Background,0,20260204_100845_beam3_az082,20260204_100845,3,82.0,,,/home/tobeornot8259748/projects/balloon_radar_project/data/raw/detection_dataset/val/Background_IQ/IQ_Data/20260204_100845_beam3_az082.mat,
test,train,Background,0,20260204_100845_beam3_az091,20260204_100845,3,91.0,,,/home/tobeornot8259748/projects/balloon_radar_project/data/raw/detection_dataset/train/Background_IQ/IQ_Data/20260204_100845_beam3_az091.mat,
test,val,Background,0,20260204_100845_beam3_az100,20260204_100845,3,100.0,,,/home/tobeornot8259748/projects/balloon_radar_project/data/raw/detection_dataset/val/Background_IQ/IQ_Data/20260204_100845_beam3_az100.mat,
test,train,Background,0,20260204_100845_beam3_az109,20260204_100845,3,109.0,,,/home/tobeornot8259748/projects/balloon_radar_project/data/raw/detection_dataset/train/Background_IQ/IQ_Data/20260204_100845_beam3_az109.mat,
test,val,Background,0,20260204_100845_beam3_az118,20260204_100845,3,118.0,,,/home/tobeornot8259748/projects/balloon_radar_project/data/raw/detection_dataset/val/Background_IQ/IQ_Data/20260204_100845_beam3_az118.mat,
test,train,Background,0,20260204_100845_beam3_az127,20260204_100845,3,127.0,,,/home/tobeornot8259748/projects/balloon_radar_project/data/raw/detection_dataset/train/Background_IQ/IQ_Data/20260204_100845_beam3_az127.mat,
test,train,Background,0,20260204_100845_beam3_az136,20260204_100845,3,136.0,,,/home/tobeornot8259748/projects/balloon_radar_project/data/raw/detection_dataset/train/Background_IQ/IQ_Data/20260204_100845_beam3_az136.mat,
test,train,Background,0,20260204_100845_beam3_az145,20260204_100845,3,145.0,,,/home/tobeornot8259748/projects/balloon_radar_project/data/raw/detection_dataset/train/Background_IQ/IQ_Data/20260204_100845_beam3_az145.mat,
test,val,Background,0,20260204_100845_beam3_az154,20260204_100845,3,154.0,,,/home/tobeornot8259748/projects/balloon_radar_project/data/raw/detection_dataset/val/Background_IQ/IQ_Data/20260204_100845_beam3_az154.mat,
test,train,Background,0,20260204_100845_beam3_az163,20260204_100845,3,163.0,,,/home/tobeornot8259748/projects/balloon_radar_project/data/raw/detection_dataset/train/Background_IQ/IQ_Data/20260204_100845_beam3_az163.mat,
test,train,Background,0,20260204_100845_beam3_az172,20260204_100845,3,172.0,,,/home/tobeornot8259748/projects/balloon_radar_project/data/raw/detection_dataset/train/Background_IQ/IQ_Data/20260204_100845_beam3_az172.mat,
test,train,Background,0,20260204_100845_beam3_az181,20260204_100845,3,181.0,,,/home/tobeornot8259748/projects/balloon_radar_project/data/raw/detection_dataset/train/Background_IQ/IQ_Data/20260204_100845_beam3_az181.mat,
test,train,Background,0,20260204_100845_beam3_az190,20260204_100845,3,190.0,,,/home/tobeornot8259748/projects/balloon_radar_project/data/raw/detection_dataset/train/Background_IQ/IQ_Data/20260204_100845_beam3_az190.mat,
test,val,Background,0,20260204_100845_beam3_az199,20260204_100845,3,199.0,,,/home/tobeornot8259748/projects/balloon_radar_project/data/raw/detection_dataset/val/Background_IQ/IQ_Data/20260204_100845_beam3_az199.mat,
test,val,Background,0,20260204_100845_beam3_az208,20260204_100845,3,208.0,,,/home/tobeornot8259748/projects/balloon_radar_project/data/raw/detection_dataset/val/Background_IQ/IQ_Data/20260204_100845_beam3_az208.mat,
test,train,Background,0,20260204_100845_beam3_az217,20260204_100845,3,217.0,,,/home/tobeornot8259748/projects/balloon_radar_project/data/raw/detection_dataset/train/Background_IQ/IQ_Data/20260204_100845_beam3_az217.mat,
test,test,Background,0,20260204_100845_beam3_az226,20260204_100845,3,226.0,,,/home/tobeornot8259748/projects/balloon_radar_project/data/raw/detection_dataset/test/Background_IQ/IQ_Data/20260204_100845_beam3_az226.mat,
test,train,Background,0,20260204_100845_beam3_az235,20260204_100845,3,235.0,,,/home/tobeornot8259748/projects/balloon_radar_project/data/raw/detection_dataset/train/Background_IQ/IQ_Data/20260204_100845_beam3_az235.mat,
test,train,Background,0,20260204_100845_beam3_az244,20260204_100845,3,244.0,,,/home/tobeornot8259748/projects/balloon_radar_project/data/raw/detection_dataset/train/Background_IQ/IQ_Data/20260204_100845_beam3_az244.mat,
test,train,Background,0,20260204_100845_beam3_az253,20260204_100845,3,253.0,,,/home/tobeornot8259748/projects/balloon_radar_project/data/raw/detection_dataset/train/Background_IQ/IQ_Data/20260204_100845_beam3_az253.mat,
test,train,Background,0,20260204_100845_beam3_az262,20260204_100845,3,262.0,,,/home/tobeornot8259748/projects/balloon_radar_project/data/raw/detection_dataset/train/Background_IQ/IQ_Data/20260204_100845_beam3_az262.mat,
test,test,Background,0,20260204_100845_beam4_az001,20260204_100845,4,1.0,,,/home/tobeornot8259748/projects/balloon_radar_project/data/raw/detection_dataset/test/Background_IQ/IQ_Data/20260204_100845_beam4_az001.mat,
test,train,Background,0,20260204_100845_beam4_az010,20260204_100845,4,10.0,,,/home/tobeornot8259748/projects/balloon_radar_project/data/raw/detection_dataset/train/Background_IQ/IQ_Data/20260204_100845_beam4_az010.mat,
test,train,Background,0,20260204_100845_beam4_az019,20260204_100845,4,19.0,,,/home/tobeornot8259748/projects/balloon_radar_project/data/raw/detection_dataset/train/Background_IQ/IQ_Data/20260204_100845_beam4_az019.mat,
test,train,Background,0,20260204_100845_beam4_az028,20260204_100845,4,28.0,,,/home/tobeornot8259748/projects/balloon_radar_project/data/raw/detection_dataset/train/Background_IQ/IQ_Data/20260204_100845_beam4_az028.mat,
test,train,Background,0,20260204_100845_beam4_az037,20260204_100845,4,37.0,,,/home/tobeornot8259748/projects/balloon_radar_project/data/raw/detection_dataset/train/Background_IQ/IQ_Data/20260204_100845_beam4_az037.mat,
test,train,Background,0,20260204_100845_beam4_az046,20260204_100845,4,46.0,,,/home/tobeornot8259748/projects/balloon_radar_project/data/raw/detection_dataset/train/Background_IQ/IQ_Data/20260204_100845_beam4_az046.mat,
test,test,Background,0,20260204_100845_beam4_az055,20260204_100845,4,55.0,,,/home/tobeornot8259748/projects/balloon_radar_project/data/raw/detection_dataset/test/Background_IQ/IQ_Data/20260204_100845_beam4_az055.mat,
test,test,Background,0,20260204_100845_beam4_az064,20260204_100845,4,64.0,,,/home/tobeornot8259748/projects/balloon_radar_project/data/raw/detection_dataset/test/Background_IQ/IQ_Data/20260204_100845_beam4_az064.mat,
test,train,Background,0,20260204_100845_beam4_az073,20260204_100845,4,73.0,,,/home/tobeornot8259748/projects/balloon_radar_project/data/raw/detection_dataset/train/Background_IQ/IQ_Data/20260204_100845_beam4_az073.mat,
test,val,Background,0,20260204_100845_beam4_az082,20260204_100845,4,82.0,,,/home/tobeornot8259748/projects/balloon_radar_project/data/raw/detection_dataset/val/Background_IQ/IQ_Data/20260204_100845_beam4_az082.mat,
test,train,Background,0,20260204_100845_beam4_az091,20260204_100845,4,91.0,,,/home/tobeornot8259748/projects/balloon_radar_project/data/raw/detection_dataset/train/Background_IQ/IQ_Data/20260204_100845_beam4_az091.mat,
test,train,Background,0,20260204_100845_beam4_az100,20260204_100845,4,100.0,,,/home/tobeornot8259748/projects/balloon_radar_project/data/raw/detection_dataset/train/Background_IQ/IQ_Data/20260204_100845_beam4_az100.mat,
test,train,Background,0,20260204_100845_beam4_az109,20260204_100845,4,109.0,,,/home/tobeornot8259748/projects/balloon_radar_project/data/raw/detection_dataset/train/Background_IQ/IQ_Data/20260204_100845_beam4_az109.mat,
test,train,Background,0,20260204_100845_beam4_az118,20260204_100845,4,118.0,,,/home/tobeornot8259748/projects/balloon_radar_project/data/raw/detection_dataset/train/Background_IQ/IQ_Data/20260204_100845_beam4_az118.mat,
test,test,Background,0,20260204_100845_beam4_az127,20260204_100845,4,127.0,,,/home/tobeornot8259748/projects/balloon_radar_project/data/raw/detection_dataset/test/Background_IQ/IQ_Data/20260204_100845_beam4_az127.mat,
test,train,Background,0,20260204_100845_beam4_az136,20260204_100845,4,136.0,,,/home/tobeornot8259748/projects/balloon_radar_project/data/raw/detection_dataset/train/Background_IQ/IQ_Data/20260204_100845_beam4_az136.mat,
test,test,Background,0,20260204_100845_beam4_az145,20260204_100845,4,145.0,,,/home/tobeornot8259748/projects/balloon_radar_project/data/raw/detection_dataset/test/Background_IQ/IQ_Data/20260204_100845_beam4_az145.mat,
test,train,Background,0,20260204_100845_beam4_az154,20260204_100845,4,154.0,,,/home/tobeornot8259748/projects/balloon_radar_project/data/raw/detection_dataset/train/Background_IQ/IQ_Data/20260204_100845_beam4_az154.mat,
test,train,Background,0,20260204_100845_beam4_az163,20260204_100845,4,163.0,,,/home/tobeornot8259748/projects/balloon_radar_project/data/raw/detection_dataset/train/Background_IQ/IQ_Data/20260204_100845_beam4_az163.mat,
test,train,Background,0,20260204_100845_beam4_az172,20260204_100845,4,172.0,,,/home/tobeornot8259748/projects/balloon_radar_project/data/raw/detection_dataset/train/Background_IQ/IQ_Data/20260204_100845_beam4_az172.mat,
test,train,Background,0,20260204_100845_beam4_az181,20260204_100845,4,181.0,,,/home/tobeornot8259748/projects/balloon_radar_project/data/raw/detection_dataset/train/Background_IQ/IQ_Data/20260204_100845_beam4_az181.mat,
test,val,Background,0,20260204_100845_beam4_az190,20260204_100845,4,190.0,,,/home/tobeornot8259748/projects/balloon_radar_project/data/raw/detection_dataset/val/Background_IQ/IQ_Data/20260204_100845_beam4_az190.mat,
test,train,Background,0,20260204_100845_beam4_az199,20260204_100845,4,199.0,,,/home/tobeornot8259748/projects/balloon_radar_project/data/raw/detection_dataset/train/Background_IQ/IQ_Data/20260204_100845_beam4_az199.mat,
test,train,Background,0,20260204_100845_beam4_az208,20260204_100845,4,208.0,,,/home/tobeornot8259748/projects/balloon_radar_project/data/raw/detection_dataset/train/Background_IQ/IQ_Data/20260204_100845_beam4_az208.mat,
test,val,Background,0,20260204_100845_beam4_az217,20260204_100845,4,217.0,,,/home/tobeornot8259748/projects/balloon_radar_project/data/raw/detection_dataset/val/Background_IQ/IQ_Data/20260204_100845_beam4_az217.mat,
test,train,Background,0,20260204_100845_beam4_az226,20260204_100845,4,226.0,,,/home/tobeornot8259748/projects/balloon_radar_project/data/raw/detection_dataset/train/Background_IQ/IQ_Data/20260204_100845_beam4_az226.mat,
test,train,Background,0,20260204_100845_beam4_az235,20260204_100845,4,235.0,,,/home/tobeornot8259748/projects/balloon_radar_project/data/raw/detection_dataset/train/Background_IQ/IQ_Data/20260204_100845_beam4_az235.mat,
test,train,Background,0,20260204_100845_beam4_az244,20260204_100845,4,244.0,,,/home/tobeornot8259748/projects/balloon_radar_project/data/raw/detection_dataset/train/Background_IQ/IQ_Data/20260204_100845_beam4_az244.mat,
test,train,Background,0,20260204_100845_beam4_az253,20260204_100845,4,253.0,,,/home/tobeornot8259748/projects/balloon_radar_project/data/raw/detection_dataset/train/Background_IQ/IQ_Data/20260204_100845_beam4_az253.mat,
test,train,Background,0,20260204_100845_beam4_az262,20260204_100845,4,262.0,,,/home/tobeornot8259748/projects/balloon_radar_project/data/raw/detection_dataset/train/Background_IQ/IQ_Data/20260204_100845_beam4_az262.mat,
test,train,Background,0,20260204_100845_beam5_az001,20260204_100845,5,1.0,,,/home/tobeornot8259748/projects/balloon_radar_project/data/raw/detection_dataset/train/Background_IQ/IQ_Data/20260204_100845_beam5_az001.mat,
test,train,Background,0,20260204_100845_beam5_az010,20260204_100845,5,10.0,,,/home/tobeornot8259748/projects/balloon_radar_project/data/raw/detection_dataset/train/Background_IQ/IQ_Data/20260204_100845_beam5_az010.mat,
test,train,Background,0,20260204_100845_beam5_az019,20260204_100845,5,19.0,,,/home/tobeornot8259748/projects/balloon_radar_project/data/raw/detection_dataset/train/Background_IQ/IQ_Data/20260204_100845_beam5_az019.mat,
test,train,Background,0,20260204_100845_beam5_az028,20260204_100845,5,28.0,,,/home/tobeornot8259748/projects/balloon_radar_project/data/raw/detection_dataset/train/Background_IQ/IQ_Data/20260204_100845_beam5_az028.mat,
test,train,Background,0,20260204_100845_beam5_az037,20260204_100845,5,37.0,,,/home/tobeornot8259748/projects/balloon_radar_project/data/raw/detection_dataset/train/Background_IQ/IQ_Data/20260204_100845_beam5_az037.mat,
test,val,Background,0,20260204_100845_beam5_az046,20260204_100845,5,46.0,,,/home/tobeornot8259748/projects/balloon_radar_project/data/raw/detection_dataset/val/Background_IQ/IQ_Data/20260204_100845_beam5_az046.mat,
test,test,Background,0,20260204_100845_beam5_az055,20260204_100845,5,55.0,,,/home/tobeornot8259748/projects/balloon_radar_project/data/raw/detection_dataset/test/Background_IQ/IQ_Data/20260204_100845_beam5_az055.mat,
test,train,Background,0,20260204_100845_beam5_az064,20260204_100845,5,64.0,,,/home/tobeornot8259748/projects/balloon_radar_project/data/raw/detection_dataset/train/Background_IQ/IQ_Data/20260204_100845_beam5_az064.mat,
test,test,Background,0,20260204_100845_beam5_az073,20260204_100845,5,73.0,,,/home/tobeornot8259748/projects/balloon_radar_project/data/raw/detection_dataset/test/Background_IQ/IQ_Data/20260204_100845_beam5_az073.mat,
test,train,Background,0,20260204_100845_beam5_az082,20260204_100845,5,82.0,,,/home/tobeornot8259748/projects/balloon_radar_project/data/raw/detection_dataset/train/Background_IQ/IQ_Data/20260204_100845_beam5_az082.mat,
test,val,Background,0,20260204_100845_beam5_az091,20260204_100845,5,91.0,,,/home/tobeornot8259748/projects/balloon_radar_project/data/raw/detection_dataset/val/Background_IQ/IQ_Data/20260204_100845_beam5_az091.mat,
test,test,Background,0,20260204_100845_beam5_az100,20260204_100845,5,100.0,,,/home/tobeornot8259748/projects/balloon_radar_project/data/raw/detection_dataset/test/Background_IQ/IQ_Data/20260204_100845_beam5_az100.mat,
test,train,Background,0,20260204_100845_beam5_az109,20260204_100845,5,109.0,,,/home/tobeornot8259748/projects/balloon_radar_project/data/raw/detection_dataset/train/Background_IQ/IQ_Data/20260204_100845_beam5_az109.mat,
test,train,Background,0,20260204_100845_beam5_az118,20260204_100845,5,118.0,,,/home/tobeornot8259748/projects/balloon_radar_project/data/raw/detection_dataset/train/Background_IQ/IQ_Data/20260204_100845_beam5_az118.mat,
test,test,Background,0,20260204_100845_beam5_az127,20260204_100845,5,127.0,,,/home/tobeornot8259748/projects/balloon_radar_project/data/raw/detection_dataset/test/Background_IQ/IQ_Data/20260204_100845_beam5_az127.mat,
test,train,Background,0,20260204_100845_beam5_az136,20260204_100845,5,136.0,,,/home/tobeornot8259748/projects/balloon_radar_project/data/raw/detection_dataset/train/Background_IQ/IQ_Data/20260204_100845_beam5_az136.mat,
test,test,Background,0,20260204_100845_beam5_az145,20260204_100845,5,145.0,,,/home/tobeornot8259748/projects/balloon_radar_project/data/raw/detection_dataset/test/Background_IQ/IQ_Data/20260204_100845_beam5_az145.mat,
test,test,Background,0,20260204_100845_beam5_az154,20260204_100845,5,154.0,,,/home/tobeornot8259748/projects/balloon_radar_project/data/raw/detection_dataset/test/Background_IQ/IQ_Data/20260204_100845_beam5_az154.mat,
test,val,Background,0,20260204_100845_beam5_az163,20260204_100845,5,163.0,,,/home/tobeornot8259748/projects/balloon_radar_project/data/raw/detection_dataset/val/Background_IQ/IQ_Data/20260204_100845_beam5_az163.mat,
test,train,Background,0,20260204_100845_beam5_az172,20260204_100845,5,172.0,,,/home/tobeornot8259748/projects/balloon_radar_project/data/raw/detection_dataset/train/Background_IQ/IQ_Data/20260204_100845_beam5_az172.mat,
test,val,Background,0,20260204_100845_beam5_az181,20260204_100845,5,181.0,,,/home/tobeornot8259748/projects/balloon_radar_project/data/raw/detection_dataset/val/Background_IQ/IQ_Data/20260204_100845_beam5_az181.mat,
test,train,Background,0,20260204_100845_beam5_az190,20260204_100845,5,190.0,,,/home/tobeornot8259748/projects/balloon_radar_project/data/raw/detection_dataset/train/Background_IQ/IQ_Data/20260204_100845_beam5_az190.mat,
test,train,Background,0,20260204_100845_beam5_az199,20260204_100845,5,199.0,,,/home/tobeornot8259748/projects/balloon_radar_project/data/raw/detection_dataset/train/Background_IQ/IQ_Data/20260204_100845_beam5_az199.mat,
test,train,Background,0,20260204_100845_beam5_az208,20260204_100845,5,208.0,,,/home/tobeornot8259748/projects/balloon_radar_project/data/raw/detection_dataset/train/Background_IQ/IQ_Data/20260204_100845_beam5_az208.mat,
test,train,Background,0,20260204_100845_beam5_az217,20260204_100845,5,217.0,,,/home/tobeornot8259748/projects/balloon_radar_project/data/raw/detection_dataset/train/Background_IQ/IQ_Data/20260204_100845_beam5_az217.mat,
test,train,Background,0,20260204_100845_beam5_az226,20260204_100845,5,226.0,,,/home/tobeornot8259748/projects/balloon_radar_project/data/raw/detection_dataset/train/Background_IQ/IQ_Data/20260204_100845_beam5_az226.mat,
test,train,Background,0,20260204_100845_beam5_az235,20260204_100845,5,235.0,,,/home/tobeornot8259748/projects/balloon_radar_project/data/raw/detection_dataset/train/Background_IQ/IQ_Data/20260204_100845_beam5_az235.mat,
test,val,Background,0,20260204_100845_beam5_az244,20260204_100845,5,244.0,,,/home/tobeornot8259748/projects/balloon_radar_project/data/raw/detection_dataset/val/Background_IQ/IQ_Data/20260204_100845_beam5_az244.mat,
test,val,Background,0,20260204_100845_beam5_az253,20260204_100845,5,253.0,,,/home/tobeornot8259748/projects/balloon_radar_project/data/raw/detection_dataset/val/Background_IQ/IQ_Data/20260204_100845_beam5_az253.mat,
test,train,Background,0,20260204_100845_beam5_az262,20260204_100845,5,262.0,,,/home/tobeornot8259748/projects/balloon_radar_project/data/raw/detection_dataset/train/Background_IQ/IQ_Data/20260204_100845_beam5_az262.mat,
test,test,UAV,1,20260202_144841_beam1,20260202_144841,1,311.27,2160.0,5.3,/home/tobeornot8259748/projects/balloon_radar_project/data/raw/detection_dataset/test/UAV_IQ/IQ_Data/20260202_144841_beam1.mat,/home/tobeornot8259748/projects/balloon_radar_project/data/raw/detection_dataset/test/UAV_IQ/Labels/20260202_144841_beam1.txt
test,test,UAV,1,20260202_144841_beam2,20260202_144841,2,310.26,2160.0,5.12,/home/tobeornot8259748/projects/balloon_radar_project/data/raw/detection_dataset/test/UAV_IQ/IQ_Data/20260202_144841_beam2.mat,/home/tobeornot8259748/projects/balloon_radar_project/data/raw/detection_dataset/test/UAV_IQ/Labels/20260202_144841_beam2.txt
test,test,UAV,1,20260202_144841_beam3,20260202_144841,3,310.26,2130.0,5.3,/home/tobeornot8259748/projects/balloon_radar_project/data/raw/detection_dataset/test/UAV_IQ/IQ_Data/20260202_144841_beam3.mat,/home/tobeornot8259748/projects/balloon_radar_project/data/raw/detection_dataset/test/UAV_IQ/Labels/20260202_144841_beam3.txt
test,test,UAV,1,20260202_144841_beam4,20260202_144841,4,310.26,2130.0,5.12,/home/tobeornot8259748/projects/balloon_radar_project/data/raw/detection_dataset/test/UAV_IQ/IQ_Data/20260202_144841_beam4.mat,/home/tobeornot8259748/projects/balloon_radar_project/data/raw/detection_dataset/test/UAV_IQ/Labels/20260202_144841_beam4.txt
test,train,UAV,1,20260202_144849_beam1,20260202_144849,1,310.6,2190.0,5.12,/home/tobeornot8259748/projects/balloon_radar_project/data/raw/detection_dataset/train/UAV_IQ/IQ_Data/20260202_144849_beam1.mat,/home/tobeornot8259748/projects/balloon_radar_project/data/raw/detection_dataset/train/UAV_IQ/Labels/20260202_144849_beam1.txt
test,train,UAV,1,20260202_144849_beam2,20260202_144849,2,310.6,2190.0,5.12,/home/tobeornot8259748/projects/balloon_radar_project/data/raw/detection_dataset/train/UAV_IQ/IQ_Data/20260202_144849_beam2.mat,/home/tobeornot8259748/projects/balloon_radar_project/data/raw/detection_dataset/train/UAV_IQ/Labels/20260202_144849_beam2.txt
test,train,UAV,1,20260202_144849_beam3,20260202_144849,3,310.6,2190.0,5.12,/home/tobeornot8259748/projects/balloon_radar_project/data/raw/detection_dataset/train/UAV_IQ/IQ_Data/20260202_144849_beam3.mat,/home/tobeornot8259748/projects/balloon_radar_project/data/raw/detection_dataset/train/UAV_IQ/Labels/20260202_144849_beam3.txt
test,train,UAV,1,20260202_144849_beam4,20260202_144849,4,310.6,2220.0,5.12,/home/tobeornot8259748/projects/balloon_radar_project/data/raw/detection_dataset/train/UAV_IQ/IQ_Data/20260202_144849_beam4.mat,/home/tobeornot8259748/projects/balloon_radar_project/data/raw/detection_dataset/train/UAV_IQ/Labels/20260202_144849_beam4.txt
test,test,UAV,1,20260202_144857_beam1,20260202_144857,1,310.39,2220.0,-3.11,/home/tobeornot8259748/projects/balloon_radar_project/data/raw/detection_dataset/test/UAV_IQ/IQ_Data/20260202_144857_beam1.mat,/home/tobeornot8259748/projects/balloon_radar_project/data/raw/detection_dataset/test/UAV_IQ/Labels/20260202_144857_beam1.txt
test,test,UAV,1,20260202_144857_beam2,20260202_144857,2,310.39,2190.0,-3.11,/home/tobeornot8259748/projects/balloon_radar_project/data/raw/detection_dataset/test/UAV_IQ/IQ_Data/20260202_144857_beam2.mat,/home/tobeornot8259748/projects/balloon_radar_project/data/raw/detection_dataset/test/UAV_IQ/Labels/20260202_144857_beam2.txt
test,test,UAV,1,20260202_144857_beam3,20260202_144857,3,310.39,2220.0,-3.11,/home/tobeornot8259748/projects/balloon_radar_project/data/raw/detection_dataset/test/UAV_IQ/IQ_Data/20260202_144857_beam3.mat,/home/tobeornot8259748/projects/balloon_radar_project/data/raw/detection_dataset/test/UAV_IQ/Labels/20260202_144857_beam3.txt
test,test,UAV,1,20260202_144857_beam4,20260202_144857,4,310.39,2190.0,-3.11,/home/tobeornot8259748/projects/balloon_radar_project/data/raw/detection_dataset/test/UAV_IQ/IQ_Data/20260202_144857_beam4.mat,/home/tobeornot8259748/projects/balloon_radar_project/data/raw/detection_dataset/test/UAV_IQ/Labels/20260202_144857_beam4.txt
test,val,UAV,1,20260202_144906_beam1,20260202_144906,1,310.47,2130.0,-5.66,/home/tobeornot8259748/projects/balloon_radar_project/data/raw/detection_dataset/val/UAV_IQ/IQ_Data/20260202_144906_beam1.mat,/home/tobeornot8259748/projects/balloon_radar_project/data/raw/detection_dataset/val/UAV_IQ/Labels/20260202_144906_beam1.txt
test,val,UAV,1,20260202_144906_beam2,20260202_144906,2,310.47,2130.0,-5.66,/home/tobeornot8259748/projects/balloon_radar_project/data/raw/detection_dataset/val/UAV_IQ/IQ_Data/20260202_144906_beam2.mat,/home/tobeornot8259748/projects/balloon_radar_project/data/raw/detection_dataset/val/UAV_IQ/Labels/20260202_144906_beam2.txt
test,val,UAV,1,20260202_144906_beam3,20260202_144906,3,310.47,2130.0,-5.66,/home/tobeornot8259748/projects/balloon_radar_project/data/raw/detection_dataset/val/UAV_IQ/IQ_Data/20260202_144906_beam3.mat,/home/tobeornot8259748/projects/balloon_radar_project/data/raw/detection_dataset/val/UAV_IQ/Labels/20260202_144906_beam3.txt
test,val,UAV,1,20260202_144906_beam4,20260202_144906,4,310.47,2130.0,-5.66,/home/tobeornot8259748/projects/balloon_radar_project/data/raw/detection_dataset/val/UAV_IQ/IQ_Data/20260202_144906_beam4.mat,/home/tobeornot8259748/projects/balloon_radar_project/data/raw/detection_dataset/val/UAV_IQ/Labels/20260202_144906_beam4.txt
test,train,UAV,1,20260202_144914_beam1,20260202_144914,1,310.21,2130.0,-5.85,/home/tobeornot8259748/projects/balloon_radar_project/data/raw/detection_dataset/train/UAV_IQ/IQ_Data/20260202_144914_beam1.mat,/home/tobeornot8259748/projects/balloon_radar_project/data/raw/detection_dataset/train/UAV_IQ/Labels/20260202_144914_beam1.txt
test,train,UAV,1,20260202_144914_beam2,20260202_144914,2,310.21,2100.0,-5.85,/home/tobeornot8259748/projects/balloon_radar_project/data/raw/detection_dataset/train/UAV_IQ/IQ_Data/20260202_144914_beam2.mat,/home/tobeornot8259748/projects/balloon_radar_project/data/raw/detection_dataset/train/UAV_IQ/Labels/20260202_144914_beam2.txt
test,train,UAV,1,20260202_144914_beam3,20260202_144914,3,310.21,2100.0,-5.85,/home/tobeornot8259748/projects/balloon_radar_project/data/raw/detection_dataset/train/UAV_IQ/IQ_Data/20260202_144914_beam3.mat,/home/tobeornot8259748/projects/balloon_radar_project/data/raw/detection_dataset/train/UAV_IQ/Labels/20260202_144914_beam3.txt
test,train,UAV,1,20260202_144914_beam4,20260202_144914,4,311.19,2130.0,-5.85,/home/tobeornot8259748/projects/balloon_radar_project/data/raw/detection_dataset/train/UAV_IQ/IQ_Data/20260202_144914_beam4.mat,/home/tobeornot8259748/projects/balloon_radar_project/data/raw/detection_dataset/train/UAV_IQ/Labels/20260202_144914_beam4.txt
test,train,UAV,1,20260202_144922_beam1,20260202_144922,1,311.42,2040.0,-4.75,/home/tobeornot8259748/projects/balloon_radar_project/data/raw/detection_dataset/train/UAV_IQ/IQ_Data/20260202_144922_beam1.mat,/home/tobeornot8259748/projects/balloon_radar_project/data/raw/detection_dataset/train/UAV_IQ/Labels/20260202_144922_beam1.txt
test,train,UAV,1,20260202_144922_beam2,20260202_144922,2,310.42,2070.0,-4.57,/home/tobeornot8259748/projects/balloon_radar_project/data/raw/detection_dataset/train/UAV_IQ/IQ_Data/20260202_144922_beam2.mat,/home/tobeornot8259748/projects/balloon_radar_project/data/raw/detection_dataset/train/UAV_IQ/Labels/20260202_144922_beam2.txt
test,train,UAV,1,20260202_144922_beam3,20260202_144922,3,310.42,2070.0,-4.75,/home/tobeornot8259748/projects/balloon_radar_project/data/raw/detection_dataset/train/UAV_IQ/IQ_Data/20260202_144922_beam3.mat,/home/tobeornot8259748/projects/balloon_radar_project/data/raw/detection_dataset/train/UAV_IQ/Labels/20260202_144922_beam3.txt
test,train,UAV,1,20260202_144922_beam4,20260202_144922,4,310.42,2070.0,-4.75,/home/tobeornot8259748/projects/balloon_radar_project/data/raw/detection_dataset/train/UAV_IQ/IQ_Data/20260202_144922_beam4.mat,/home/tobeornot8259748/projects/balloon_radar_project/data/raw/detection_dataset/train/UAV_IQ/Labels/20260202_144922_beam4.txt
test,train,UAV,1,20260202_144922_beam5,20260202_144922,5,310.42,2070.0,-4.57,/home/tobeornot8259748/projects/balloon_radar_project/data/raw/detection_dataset/train/UAV_IQ/IQ_Data/20260202_144922_beam5.mat,/home/tobeornot8259748/projects/balloon_radar_project/data/raw/detection_dataset/train/UAV_IQ/Labels/20260202_144922_beam5.txt
test,val,UAV,1,20260202_144931_beam1,20260202_144931,1,311.92,2040.0,-4.75,/home/tobeornot8259748/projects/balloon_radar_project/data/raw/detection_dataset/val/UAV_IQ/IQ_Data/20260202_144931_beam1.mat,/home/tobeornot8259748/projects/balloon_radar_project/data/raw/detection_dataset/val/UAV_IQ/Labels/20260202_144931_beam1.txt
test,val,UAV,1,20260202_144931_beam2,20260202_144931,2,311.92,2040.0,-4.75,/home/tobeornot8259748/projects/balloon_radar_project/data/raw/detection_dataset/val/UAV_IQ/IQ_Data/20260202_144931_beam2.mat,/home/tobeornot8259748/projects/balloon_radar_project/data/raw/detection_dataset/val/UAV_IQ/Labels/20260202_144931_beam2.txt
test,val,UAV,1,20260202_144931_beam3,20260202_144931,3,310.94,2010.0,-4.75,/home/tobeornot8259748/projects/balloon_radar_project/data/raw/detection_dataset/val/UAV_IQ/IQ_Data/20260202_144931_beam3.mat,/home/tobeornot8259748/projects/balloon_radar_project/data/raw/detection_dataset/val/UAV_IQ/Labels/20260202_144931_beam3.txt
test,val,UAV,1,20260202_144931_beam4,20260202_144931,4,311.92,2040.0,-4.75,/home/tobeornot8259748/projects/balloon_radar_project/data/raw/detection_dataset/val/UAV_IQ/IQ_Data/20260202_144931_beam4.mat,/home/tobeornot8259748/projects/balloon_radar_project/data/raw/detection_dataset/val/UAV_IQ/Labels/20260202_144931_beam4.txt
test,train,UAV,1,20260202_144939_beam1,20260202_144939,1,311.75,2010.0,3.11,/home/tobeornot8259748/projects/balloon_radar_project/data/raw/detection_dataset/train/UAV_IQ/IQ_Data/20260202_144939_beam1.mat,/home/tobeornot8259748/projects/balloon_radar_project/data/raw/detection_dataset/train/UAV_IQ/Labels/20260202_144939_beam1.txt
test,train,UAV,1,20260202_144939_beam2,20260202_144939,2,311.75,2010.0,3.11,/home/tobeornot8259748/projects/balloon_radar_project/data/raw/detection_dataset/train/UAV_IQ/IQ_Data/20260202_144939_beam2.mat,/home/tobeornot8259748/projects/balloon_radar_project/data/raw/detection_dataset/train/UAV_IQ/Labels/20260202_144939_beam2.txt
test,train,UAV,1,20260202_144939_beam3,20260202_144939,3,311.75,2010.0,3.11,/home/tobeornot8259748/projects/balloon_radar_project/data/raw/detection_dataset/train/UAV_IQ/IQ_Data/20260202_144939_beam3.mat,/home/tobeornot8259748/projects/balloon_radar_project/data/raw/detection_dataset/train/UAV_IQ/Labels/20260202_144939_beam3.txt
test,train,UAV,1,20260202_144939_beam4,20260202_144939,4,311.75,1980.0,3.11,/home/tobeornot8259748/projects/balloon_radar_project/data/raw/detection_dataset/train/UAV_IQ/IQ_Data/20260202_144939_beam4.mat,/home/tobeornot8259748/projects/balloon_radar_project/data/raw/detection_dataset/train/UAV_IQ/Labels/20260202_144939_beam4.txt
test,train,UAV,1,20260202_144939_beam5,20260202_144939,5,311.75,1980.0,3.11,/home/tobeornot8259748/projects/balloon_radar_project/data/raw/detection_dataset/train/UAV_IQ/IQ_Data/20260202_144939_beam5.mat,/home/tobeornot8259748/projects/balloon_radar_project/data/raw/detection_dataset/train/UAV_IQ/Labels/20260202_144939_beam5.txt
test,train,UAV,1,20260202_144947_beam1,20260202_144947,1,311.78,2040.0,5.85,/home/tobeornot8259748/projects/balloon_radar_project/data/raw/detection_dataset/train/UAV_IQ/IQ_Data/20260202_144947_beam1.mat,/home/tobeornot8259748/projects/balloon_radar_project/data/raw/detection_dataset/train/UAV_IQ/Labels/20260202_144947_beam1.txt
test,train,UAV,1,20260202_144947_beam2,20260202_144947,2,310.77,2010.0,5.85,/home/tobeornot8259748/projects/balloon_radar_project/data/raw/detection_dataset/train/UAV_IQ/IQ_Data/20260202_144947_beam2.mat,/home/tobeornot8259748/projects/balloon_radar_project/data/raw/detection_dataset/train/UAV_IQ/Labels/20260202_144947_beam2.txt
test,train,UAV,1,20260202_144947_beam3,20260202_144947,3,311.78,2040.0,5.85,/home/tobeornot8259748/projects/balloon_radar_project/data/raw/detection_dataset/train/UAV_IQ/IQ_Data/20260202_144947_beam3.mat,/home/tobeornot8259748/projects/balloon_radar_project/data/raw/detection_dataset/train/UAV_IQ/Labels/20260202_144947_beam3.txt
test,train,UAV,1,20260202_144947_beam4,20260202_144947,4,311.78,2040.0,5.85,/home/tobeornot8259748/projects/balloon_radar_project/data/raw/detection_dataset/train/UAV_IQ/IQ_Data/20260202_144947_beam4.mat,/home/tobeornot8259748/projects/balloon_radar_project/data/raw/detection_dataset/train/UAV_IQ/Labels/20260202_144947_beam4.txt
test,train,UAV,1,20260202_144947_beam5,20260202_144947,5,311.78,2010.0,5.85,/home/tobeornot8259748/projects/balloon_radar_project/data/raw/detection_dataset/train/UAV_IQ/IQ_Data/20260202_144947_beam5.mat,/home/tobeornot8259748/projects/balloon_radar_project/data/raw/detection_dataset/train/UAV_IQ/Labels/20260202_144947_beam5.txt
test,train,UAV,1,20260202_144955_beam1,20260202_144955,1,312.18,2070.0,5.85,/home/tobeornot8259748/projects/balloon_radar_project/data/raw/detection_dataset/train/UAV_IQ/IQ_Data/20260202_144955_beam1.mat,/home/tobeornot8259748/projects/balloon_radar_project/data/raw/detection_dataset/train/UAV_IQ/Labels/20260202_144955_beam1.txt
test,train,UAV,1,20260202_144955_beam2,20260202_144955,2,312.18,2070.0,6.03,/home/tobeornot8259748/projects/balloon_radar_project/data/raw/detection_dataset/train/UAV_IQ/IQ_Data/20260202_144955_beam2.mat,/home/tobeornot8259748/projects/balloon_radar_project/data/raw/detection_dataset/train/UAV_IQ/Labels/20260202_144955_beam2.txt
test,train,UAV,1,20260202_144955_beam3,20260202_144955,3,311.2,2070.0,5.85,/home/tobeornot8259748/projects/balloon_radar_project/data/raw/detection_dataset/train/UAV_IQ/IQ_Data/20260202_144955_beam3.mat,/home/tobeornot8259748/projects/balloon_radar_project/data/raw/detection_dataset/train/UAV_IQ/Labels/20260202_144955_beam3.txt
test,train,UAV,1,20260202_144955_beam4,20260202_144955,4,311.2,2070.0,5.85,/home/tobeornot8259748/projects/balloon_radar_project/data/raw/detection_dataset/train/UAV_IQ/IQ_Data/20260202_144955_beam4.mat,/home/tobeornot8259748/projects/balloon_radar_project/data/raw/detection_dataset/train/UAV_IQ/Labels/20260202_144955_beam4.txt
test,train,UAV,1,20260202_144955_beam5,20260202_144955,5,312.18,2100.0,5.85,/home/tobeornot8259748/projects/balloon_radar_project/data/raw/detection_dataset/train/UAV_IQ/IQ_Data/20260202_144955_beam5.mat,/home/tobeornot8259748/projects/balloon_radar_project/data/raw/detection_dataset/train/UAV_IQ/Labels/20260202_144955_beam5.txt
test,val,UAV,1,20260202_145004_beam1,20260202_145004,1,312.92,2130.0,5.3,/home/tobeornot8259748/projects/balloon_radar_project/data/raw/detection_dataset/val/UAV_IQ/IQ_Data/20260202_145004_beam1.mat,/home/tobeornot8259748/projects/balloon_radar_project/data/raw/detection_dataset/val/UAV_IQ/Labels/20260202_145004_beam1.txt
test,val,UAV,1,20260202_145004_beam2,20260202_145004,2,311.9,2130.0,5.3,/home/tobeornot8259748/projects/balloon_radar_project/data/raw/detection_dataset/val/UAV_IQ/IQ_Data/20260202_145004_beam2.mat,/home/tobeornot8259748/projects/balloon_radar_project/data/raw/detection_dataset/val/UAV_IQ/Labels/20260202_145004_beam2.txt
test,val,UAV,1,20260202_145004_beam3,20260202_145004,3,311.9,2130.0,5.3,/home/tobeornot8259748/projects/balloon_radar_project/data/raw/detection_dataset/val/UAV_IQ/IQ_Data/20260202_145004_beam3.mat,/home/tobeornot8259748/projects/balloon_radar_project/data/raw/detection_dataset/val/UAV_IQ/Labels/20260202_145004_beam3.txt
test,val,UAV,1,20260202_145004_beam4,20260202_145004,4,312.92,2130.0,5.3,/home/tobeornot8259748/projects/balloon_radar_project/data/raw/detection_dataset/val/UAV_IQ/IQ_Data/20260202_145004_beam4.mat,/home/tobeornot8259748/projects/balloon_radar_project/data/raw/detection_dataset/val/UAV_IQ/Labels/20260202_145004_beam4.txt
test,train,UAV,1,20260202_145012_beam1,20260202_145012,1,311.05,2190.0,5.12,/home/tobeornot8259748/projects/balloon_radar_project/data/raw/detection_dataset/train/UAV_IQ/IQ_Data/20260202_145012_beam1.mat,/home/tobeornot8259748/projects/balloon_radar_project/data/raw/detection_dataset/train/UAV_IQ/Labels/20260202_145012_beam1.txt
test,train,UAV,1,20260202_145012_beam2,20260202_145012,2,311.05,2160.0,5.12,/home/tobeornot8259748/projects/balloon_radar_project/data/raw/detection_dataset/train/UAV_IQ/IQ_Data/20260202_145012_beam2.mat,/home/tobeornot8259748/projects/balloon_radar_project/data/raw/detection_dataset/train/UAV_IQ/Labels/20260202_145012_beam2.txt
test,train,UAV,1,20260202_145012_beam3,20260202_145012,3,311.05,2160.0,5.12,/home/tobeornot8259748/projects/balloon_radar_project/data/raw/detection_dataset/train/UAV_IQ/IQ_Data/20260202_145012_beam3.mat,/home/tobeornot8259748/projects/balloon_radar_project/data/raw/detection_dataset/train/UAV_IQ/Labels/20260202_145012_beam3.txt
test,train,UAV,1,20260202_145012_beam4,20260202_145012,4,311.05,2160.0,5.12,/home/tobeornot8259748/projects/balloon_radar_project/data/raw/detection_dataset/train/UAV_IQ/IQ_Data/20260202_145012_beam4.mat,/home/tobeornot8259748/projects/balloon_radar_project/data/raw/detection_dataset/train/UAV_IQ/Labels/20260202_145012_beam4.txt
