sample_id,source_file,beam_layer,azimuth_deg,distance_m,velocity_mps,mat_path,target_present,raw_score,pred_range_index,pred_velocity_index,true_range_index,true_velocity_index,localization_ok,roi_quality,polarimetric_confidence
20260204_100802_beam1_az001,20260204_100802,1,1.0,,,/home/tobeornot8259748/projects/balloon_radar_project/data/raw/detection_dataset/train/Background_IQ/IQ_Data/20260204_100802_beam1_az001.mat,0,0.0475233,1,1,-1,-1,False,0.23405384,0.0
20260204_100802_beam1_az010,20260204_100802,1,10.0,,,/home/tobeornot8259748/projects/balloon_radar_project/data/raw/detection_dataset/train/Background_IQ/IQ_Data/20260204_100802_beam1_az010.mat,0,0.07558937,20,127,-1,-1,False,0.5414813,0.20345345
20260204_100802_beam1_az019,20260204_100802,1,19.0,,,/home/tobeornot8259748/projects/balloon_radar_project/data/raw/detection_dataset/train/Background_IQ/IQ_Data/20260204_100802_beam1_az019.mat,0,0.05429973,1,0,-1,-1,False,0.2479026,0.0
20260204_100802_beam1_az028,20260204_100802,1,28.0,,,/home/tobeornot8259748/projects/balloon_radar_project/data/raw/detection_dataset/train/Background_IQ/IQ_Data/20260204_100802_beam1_az028.mat,0,0.047999997,1,1,-1,-1,False,0.28283107,0.0
20260204_100802_beam1_az037,20260204_100802,1,37.0,,,/home/tobeornot8259748/projects/balloon_radar_project/data/raw/detection_dataset/train/Background_IQ/IQ_Data/20260204_100802_beam1_az037.mat,0,0.08436677,49,59,-1,-1,False,0.6547598,0.25621977
20260204_100802_beam1_az046,20260204_100802,1,46.0,,,/home/tobeornot8259748/projects/balloon_radar_project/data/raw/detection_dataset/train/Background_IQ/IQ_Data/20260204_100802_beam1_az046.mat,0,0.07090054,83,65,-1,-1,False,0.5164889,0.17733493
20260204_100802_beam1_az055,20260204_100802,1,55.0,,,/home/tobeornot8259748/projects/balloon_radar_project/data/raw/detection_dataset/test/Background_IQ/IQ_Data/20260204_100802_beam1_az055.mat,0,0.04745621,64,66,-1,-1,False,0.4915844,0.05382148
20260204_100802_beam1_az064,20260204_100802,1,64.0,,,/home/tobeornot8259748/projects/balloon_radar_project/data/raw/detection_dataset/train/Background_IQ/IQ_Data/20260204_100802_beam1_az064.mat,0,0.08984992,20,73,-1,-1,False,0.7175964,0.44674003
20260204_100802_beam1_az073,20260204_100802,1,73.0,,,/home/tobeornot8259748/projects/balloon_radar_project/data/raw/detection_dataset/val/Background_IQ/IQ_Data/20260204_100802_beam1_az073.mat,0,0.05872789,83,65,-1,-1,False,0.4954593,0.14929318
20260204_100802_beam1_az082,20260204_100802,1,82.0,,,/home/tobeornot8259748/projects/balloon_radar_project/data/raw/detection_dataset/train/Background_IQ/IQ_Data/20260204_100802_beam1_az082.mat,0,0.16440101,83,65,-1,-1,False,0.6376907,0.39622775
20260204_100802_beam1_az091,20260204_100802,1,91.0,,,/home/tobeornot8259748/projects/balloon_radar_project/data/raw/detection_dataset/train/Background_IQ/IQ_Data/20260204_100802_beam1_az091.mat,0,0.044280775,86,125,-1,-1,False,0.26573193,0.011895156
20260204_100802_beam1_az100,20260204_100802,1,100.0,,,/home/tobeornot8259748/projects/balloon_radar_project/data/raw/detection_dataset/test/Background_IQ/IQ_Data/20260204_100802_beam1_az100.mat,0,0.101652764,83,65,-1,-1,False,0.5059849,0.18284376
20260204_100802_beam1_az109,20260204_100802,1,109.0,,,/home/tobeornot8259748/projects/balloon_radar_project/data/raw/detection_dataset/train/Background_IQ/IQ_Data/20260204_100802_beam1_az109.mat,0,0.06500243,82,66,-1,-1,False,0.4423564,0.07727195
20260204_100802_beam1_az118,20260204_100802,1,118.0,,,/home/tobeornot8259748/projects/balloon_radar_project/data/raw/detection_dataset/test/Background_IQ/IQ_Data/20260204_100802_beam1_az118.mat,0,0.06761354,83,64,-1,-1,False,0.5380179,0.19067304
20260204_100802_beam1_az127,20260204_100802,1,127.0,,,/home/tobeornot8259748/projects/balloon_radar_project/data/raw/detection_dataset/train/Background_IQ/IQ_Data/20260204_100802_beam1_az127.mat,0,0.052944317,39,127,-1,-1,False,0.43948913,0.0006546343
20260204_100802_beam1_az136,20260204_100802,1,136.0,,,/home/tobeornot8259748/projects/balloon_radar_project/data/raw/detection_dataset/test/Background_IQ/IQ_Data/20260204_100802_beam1_az136.mat,0,0.08643129,83,65,-1,-1,False,0.5030061,0.17901918
20260204_100802_beam1_az145,20260204_100802,1,145.0,,,/home/tobeornot8259748/projects/balloon_radar_project/data/raw/detection_dataset/test/Background_IQ/IQ_Data/20260204_100802_beam1_az145.mat,0,0.05846152,4,127,-1,-1,False,0.42523554,0.09445245
20260204_100802_beam1_az154,20260204_100802,1,154.0,,,/home/tobeornot8259748/projects/balloon_radar_project/data/raw/detection_dataset/test/Background_IQ/IQ_Data/20260204_100802_beam1_az154.mat,0,0.11971546,52,69,-1,-1,False,0.5846314,0.14252114
20260204_100802_beam1_az163,20260204_100802,1,163.0,,,/home/tobeornot8259748/projects/balloon_radar_project/data/raw/detection_dataset/val/Background_IQ/IQ_Data/20260204_100802_beam1_az163.mat,0,0.061919544,86,125,-1,-1,False,0.2441717,4.480225e-06
20260204_100802_beam1_az172,20260204_100802,1,172.0,,,/home/tobeornot8259748/projects/balloon_radar_project/data/raw/detection_dataset/val/Background_IQ/IQ_Data/20260204_100802_beam1_az172.mat,0,0.05848651,83,65,-1,-1,False,0.49969894,0.15928568
20260204_100802_beam1_az181,20260204_100802,1,181.0,,,/home/tobeornot8259748/projects/balloon_radar_project/data/raw/detection_dataset/val/Background_IQ/IQ_Data/20260204_100802_beam1_az181.mat,0,0.062026642,59,66,-1,-1,False,0.51121014,0.081857
20260204_100802_beam1_az190,20260204_100802,1,190.0,,,/home/tobeornot8259748/projects/balloon_radar_project/data/raw/detection_dataset/train/Background_IQ/IQ_Data/20260204_100802_beam1_az190.mat,0,0.09145783,83,65,-1,-1,False,0.5122941,0.18438452
20260204_100802_beam1_az199,20260204_100802,1,199.0,,,/home/tobeornot8259748/projects/balloon_radar_project/data/raw/detection_dataset/train/Background_IQ/IQ_Data/20260204_100802_beam1_az199.mat,0,0.44584933,81,65,-1,-1,False,0.47084966,0.1456468
20260204_100802_beam1_az208,20260204_100802,1,208.0,,,/home/tobeornot8259748/projects/balloon_radar_project/data/raw/detection_dataset/train/Background_IQ/IQ_Data/20260204_100802_beam1_az208.mat,0,0.054495454,63,66,-1,-1,False,0.5120889,0.056609817
20260204_100802_beam1_az217,20260204_100802,1,217.0,,,/home/tobeornot8259748/projects/balloon_radar_project/data/raw/detection_dataset/train/Background_IQ/IQ_Data/20260204_100802_beam1_az217.mat,0,0.06117174,86,125,-1,-1,False,0.24464414,0.0043129604
20260204_100802_beam1_az226,20260204_100802,1,226.0,,,/home/tobeornot8259748/projects/balloon_radar_project/data/raw/detection_dataset/test/Background_IQ/IQ_Data/20260204_100802_beam1_az226.mat,0,0.0806014,83,64,-1,-1,False,0.49471733,0.16385058
20260204_100802_beam1_az235,20260204_100802,1,235.0,,,/home/tobeornot8259748/projects/balloon_radar_project/data/raw/detection_dataset/train/Background_IQ/IQ_Data/20260204_100802_beam1_az235.mat,0,0.057808544,83,65,-1,-1,False,0.5244678,0.14213422
20260204_100802_beam1_az244,20260204_100802,1,244.0,,,/home/tobeornot8259748/projects/balloon_radar_project/data/raw/detection_dataset/train/Background_IQ/IQ_Data/20260204_100802_beam1_az244.mat,0,0.10221708,75,66,-1,-1,False,0.5279149,0.06962359
20260204_100802_beam1_az253,20260204_100802,1,253.0,,,/home/tobeornot8259748/projects/balloon_radar_project/data/raw/detection_dataset/train/Background_IQ/IQ_Data/20260204_100802_beam1_az253.mat,0,0.0509067,83,127,-1,-1,False,0.25093004,0.0
20260204_100802_beam1_az262,20260204_100802,1,262.0,,,/home/tobeornot8259748/projects/balloon_radar_project/data/raw/detection_dataset/train/Background_IQ/IQ_Data/20260204_100802_beam1_az262.mat,0,0.04287936,3,0,-1,-1,False,0.32464957,0.008530007
20260204_100802_beam2_az001,20260204_100802,2,1.0,,,/home/tobeornot8259748/projects/balloon_radar_project/data/raw/detection_dataset/train/Background_IQ/IQ_Data/20260204_100802_beam2_az001.mat,0,0.05118358,20,66,-1,-1,False,0.7531744,0.48549414
20260204_100802_beam2_az010,20260204_100802,2,10.0,,,/home/tobeornot8259748/projects/balloon_radar_project/data/raw/detection_dataset/train/Background_IQ/IQ_Data/20260204_100802_beam2_az010.mat,0,0.07174058,24,126,-1,-1,False,0.74185246,0.5099256
20260204_100802_beam2_az019,20260204_100802,2,19.0,,,/home/tobeornot8259748/projects/balloon_radar_project/data/raw/detection_dataset/test/Background_IQ/IQ_Data/20260204_100802_beam2_az019.mat,0,0.04874453,0,127,-1,-1,False,0.24781166,0.0
20260204_100802_beam2_az028,20260204_100802,2,28.0,,,/home/tobeornot8259748/projects/balloon_radar_project/data/raw/detection_dataset/train/Background_IQ/IQ_Data/20260204_100802_beam2_az028.mat,0,0.09946176,93,66,-1,-1,False,0.41868147,0.043119688
20260204_100802_beam2_az037,20260204_100802,2,37.0,,,/home/tobeornot8259748/projects/balloon_radar_project/data/raw/detection_dataset/train/Background_IQ/IQ_Data/20260204_100802_beam2_az037.mat,0,0.041344747,20,71,-1,-1,False,0.7603504,0.43925586
20260204_100802_beam2_az046,20260204_100802,2,46.0,,,/home/tobeornot8259748/projects/balloon_radar_project/data/raw/detection_dataset/train/Background_IQ/IQ_Data/20260204_100802_beam2_az046.mat,0,0.10368078,83,64,-1,-1,False,0.5460584,0.19781752
20260204_100802_beam2_az055,20260204_100802,2,55.0,,,/home/tobeornot8259748/projects/balloon_radar_project/data/raw/detection_dataset/train/Background_IQ/IQ_Data/20260204_100802_beam2_az055.mat,0,0.052912053,83,64,-1,-1,False,0.5345817,0.19369705
20260204_100802_beam2_az064,20260204_100802,2,64.0,,,/home/tobeornot8259748/projects/balloon_radar_project/data/raw/detection_dataset/val/Background_IQ/IQ_Data/20260204_100802_beam2_az064.mat,0,0.0727702,83,64,-1,-1,False,0.6213723,0.26972952
20260204_100802_beam2_az073,20260204_100802,2,73.0,,,/home/tobeornot8259748/projects/balloon_radar_project/data/raw/detection_dataset/train/Background_IQ/IQ_Data/20260204_100802_beam2_az073.mat,0,0.053447288,83,63,-1,-1,False,0.5380402,0.18360098
20260204_100802_beam2_az082,20260204_100802,2,82.0,,,/home/tobeornot8259748/projects/balloon_radar_project/data/raw/detection_dataset/train/Background_IQ/IQ_Data/20260204_100802_beam2_az082.mat,0,0.072551265,64,94,-1,-1,False,0.46874988,0.006708838
20260204_100802_beam2_az091,20260204_100802,2,91.0,,,/home/tobeornot8259748/projects/balloon_radar_project/data/raw/detection_dataset/train/Background_IQ/IQ_Data/20260204_100802_beam2_az091.mat,0,0.04942777,3,127,-1,-1,False,0.385283,0.03472315
20260204_100802_beam2_az100,20260204_100802,2,100.0,,,/home/tobeornot8259748/projects/balloon_radar_project/data/raw/detection_dataset/train/Background_IQ/IQ_Data/20260204_100802_beam2_az100.mat,0,0.13370256,83,64,-1,-1,False,0.5532425,0.21130043
20260204_100802_beam2_az109,20260204_100802,2,109.0,,,/home/tobeornot8259748/projects/balloon_radar_project/data/raw/detection_dataset/train/Background_IQ/IQ_Data/20260204_100802_beam2_az109.mat,0,0.08018296,82,66,-1,-1,False,0.48448396,0.09318103
20260204_100802_beam2_az118,20260204_100802,2,118.0,,,/home/tobeornot8259748/projects/balloon_radar_project/data/raw/detection_dataset/train/Background_IQ/IQ_Data/20260204_100802_beam2_az118.mat,0,0.07839991,83,64,-1,-1,False,0.5632631,0.19835559
20260204_100802_beam2_az127,20260204_100802,2,127.0,,,/home/tobeornot8259748/projects/balloon_radar_project/data/raw/detection_dataset/val/Background_IQ/IQ_Data/20260204_100802_beam2_az127.mat,0,0.07287994,83,63,-1,-1,False,0.5297477,0.18537658
20260204_100802_beam2_az136,20260204_100802,2,136.0,,,/home/tobeornot8259748/projects/balloon_radar_project/data/raw/detection_dataset/train/Background_IQ/IQ_Data/20260204_100802_beam2_az136.mat,0,0.1136116,83,64,-1,-1,False,0.5444775,0.21120709
20260204_100802_beam2_az145,20260204_100802,2,145.0,,,/home/tobeornot8259748/projects/balloon_radar_project/data/raw/detection_dataset/val/Background_IQ/IQ_Data/20260204_100802_beam2_az145.mat,0,0.06383273,83,63,-1,-1,False,0.54256356,0.19183506
20260204_100802_beam2_az154,20260204_100802,2,154.0,,,/home/tobeornot8259748/projects/balloon_radar_project/data/raw/detection_dataset/train/Background_IQ/IQ_Data/20260204_100802_beam2_az154.mat,0,0.07623697,83,64,-1,-1,False,0.5235484,0.18347028
20260204_100802_beam2_az163,20260204_100802,2,163.0,,,/home/tobeornot8259748/projects/balloon_radar_project/data/raw/detection_dataset/train/Background_IQ/IQ_Data/20260204_100802_beam2_az163.mat,0,0.045023117,86,125,-1,-1,False,0.24832821,0.0
20260204_100802_beam2_az172,20260204_100802,2,172.0,,,/home/tobeornot8259748/projects/balloon_radar_project/data/raw/detection_dataset/train/Background_IQ/IQ_Data/20260204_100802_beam2_az172.mat,0,0.077772245,83,64,-1,-1,False,0.5224648,0.17593451
20260204_100802_beam2_az181,20260204_100802,2,181.0,,,/home/tobeornot8259748/projects/balloon_radar_project/data/raw/detection_dataset/train/Background_IQ/IQ_Data/20260204_100802_beam2_az181.mat,0,0.04495704,24,127,-1,-1,False,0.5542491,0.1792688
20260204_100802_beam2_az190,20260204_100802,2,190.0,,,/home/tobeornot8259748/projects/balloon_radar_project/data/raw/detection_dataset/train/Background_IQ/IQ_Data/20260204_100802_beam2_az190.mat,0,0.09785913,83,64,-1,-1,False,0.54283386,0.21258458
20260204_100802_beam2_az199,20260204_100802,2,199.0,,,/home/tobeornot8259748/projects/balloon_radar_project/data/raw/detection_dataset/train/Background_IQ/IQ_Data/20260204_100802_beam2_az199.mat,0,0.1349567,80,65,-1,-1,False,0.6097119,0.20973662
20260204_100802_beam2_az208,20260204_100802,2,208.0,,,/home/tobeornot8259748/projects/balloon_radar_project/data/raw/detection_dataset/test/Background_IQ/IQ_Data/20260204_100802_beam2_az208.mat,0,0.03713625,86,125,-1,-1,False,0.26571864,0.0
20260204_100802_beam2_az217,20260204_100802,2,217.0,,,/home/tobeornot8259748/projects/balloon_radar_project/data/raw/detection_dataset/train/Background_IQ/IQ_Data/20260204_100802_beam2_az217.mat,0,0.053978167,4,127,-1,-1,False,0.38591063,0.042289406
20260204_100802_beam2_az226,20260204_100802,2,226.0,,,/home/tobeornot8259748/projects/balloon_radar_project/data/raw/detection_dataset/val/Background_IQ/IQ_Data/20260204_100802_beam2_az226.mat,0,0.1411423,82,65,-1,-1,False,0.4895518,0.10681673
20260204_100802_beam2_az235,20260204_100802,2,235.0,,,/home/tobeornot8259748/projects/balloon_radar_project/data/raw/detection_dataset/train/Background_IQ/IQ_Data/20260204_100802_beam2_az235.mat,0,0.039882977,83,63,-1,-1,False,0.54187,0.17098771
20260204_100802_beam2_az244,20260204_100802,2,244.0,,,/home/tobeornot8259748/projects/balloon_radar_project/data/raw/detection_dataset/train/Background_IQ/IQ_Data/20260204_100802_beam2_az244.mat,0,0.10889669,83,66,-1,-1,False,0.5279598,0.16724949
20260204_100802_beam2_az253,20260204_100802,2,253.0,,,/home/tobeornot8259748/projects/balloon_radar_project/data/raw/detection_dataset/train/Background_IQ/IQ_Data/20260204_100802_beam2_az253.mat,0,0.037547983,46,99,-1,-1,False,0.52709603,0.073918715
20260204_100802_beam2_az262,20260204_100802,2,262.0,,,/home/tobeornot8259748/projects/balloon_radar_project/data/raw/detection_dataset/train/Background_IQ/IQ_Data/20260204_100802_beam2_az262.mat,0,0.061646752,82,66,-1,-1,False,0.47445875,0.05504562
20260204_100802_beam3_az001,20260204_100802,3,1.0,,,/home/tobeornot8259748/projects/balloon_radar_project/data/raw/detection_dataset/train/Background_IQ/IQ_Data/20260204_100802_beam3_az001.mat,0,0.102026545,13,69,-1,-1,False,0.59351104,0.18396823
20260204_100802_beam3_az010,20260204_100802,3,10.0,,,/home/tobeornot8259748/projects/balloon_radar_project/data/raw/detection_dataset/train/Background_IQ/IQ_Data/20260204_100802_beam3_az010.mat,0,0.19836034,13,59,-1,-1,False,0.61631453,0.26786676
20260204_100802_beam3_az019,20260204_100802,3,19.0,,,/home/tobeornot8259748/projects/balloon_radar_project/data/raw/detection_dataset/train/Background_IQ/IQ_Data/20260204_100802_beam3_az019.mat,0,0.09567549,15,59,-1,-1,False,0.64022684,0.35693482
20260204_100802_beam3_az028,20260204_100802,3,28.0,,,/home/tobeornot8259748/projects/balloon_radar_project/data/raw/detection_dataset/train/Background_IQ/IQ_Data/20260204_100802_beam3_az028.mat,0,0.10242192,1,65,-1,-1,False,0.53573406,0.16188361
20260204_100802_beam3_az037,20260204_100802,3,37.0,,,/home/tobeornot8259748/projects/balloon_radar_project/data/raw/detection_dataset/test/Background_IQ/IQ_Data/20260204_100802_beam3_az037.mat,0,0.04772317,83,64,-1,-1,False,0.58607846,0.13675337
20260204_100802_beam3_az046,20260204_100802,3,46.0,,,/home/tobeornot8259748/projects/balloon_radar_project/data/raw/detection_dataset/train/Background_IQ/IQ_Data/20260204_100802_beam3_az046.mat,0,0.049963072,81,69,-1,-1,False,0.5520345,0.03766347
20260204_100802_beam3_az055,20260204_100802,3,55.0,,,/home/tobeornot8259748/projects/balloon_radar_project/data/raw/detection_dataset/test/Background_IQ/IQ_Data/20260204_100802_beam3_az055.mat,0,0.0822787,96,65,-1,-1,False,0.47850895,0.050321326
20260204_100802_beam3_az064,20260204_100802,3,64.0,,,/home/tobeornot8259748/projects/balloon_radar_project/data/raw/detection_dataset/test/Background_IQ/IQ_Data/20260204_100802_beam3_az064.mat,0,0.05098732,81,60,-1,-1,False,0.65719336,0.19809215
20260204_100802_beam3_az073,20260204_100802,3,73.0,,,/home/tobeornot8259748/projects/balloon_radar_project/data/raw/detection_dataset/val/Background_IQ/IQ_Data/20260204_100802_beam3_az073.mat,0,0.08988873,96,65,-1,-1,False,0.48107308,0.052977268
20260204_100802_beam3_az082,20260204_100802,3,82.0,,,/home/tobeornot8259748/projects/balloon_radar_project/data/raw/detection_dataset/val/Background_IQ/IQ_Data/20260204_100802_beam3_az082.mat,0,0.04666125,47,74,-1,-1,False,0.6985118,0.20239285
20260204_100802_beam3_az091,20260204_100802,3,91.0,,,/home/tobeornot8259748/projects/balloon_radar_project/data/raw/detection_dataset/train/Background_IQ/IQ_Data/20260204_100802_beam3_az091.mat,0,0.13459395,81,61,-1,-1,False,0.77350074,0.563969
20260204_100802_beam3_az100,20260204_100802,3,100.0,,,/home/tobeornot8259748/projects/balloon_radar_project/data/raw/detection_dataset/train/Background_IQ/IQ_Data/20260204_100802_beam3_az100.mat,0,0.13106482,97,65,-1,-1,False,0.5083491,0.078088
20260204_100802_beam3_az109,20260204_100802,3,109.0,,,/home/tobeornot8259748/projects/balloon_radar_project/data/raw/detection_dataset/val/Background_IQ/IQ_Data/20260204_100802_beam3_az109.mat,0,0.107129484,97,65,-1,-1,False,0.4924709,0.05357299
20260204_100802_beam3_az118,20260204_100802,3,118.0,,,/home/tobeornot8259748/projects/balloon_radar_project/data/raw/detection_dataset/train/Background_IQ/IQ_Data/20260204_100802_beam3_az118.mat,0,0.06709678,96,65,-1,-1,False,0.51029813,0.046348665
20260204_100802_beam3_az127,20260204_100802,3,127.0,,,/home/tobeornot8259748/projects/balloon_radar_project/data/raw/detection_dataset/test/Background_IQ/IQ_Data/20260204_100802_beam3_az127.mat,0,0.23169725,82,64,-1,-1,False,0.62406754,0.11412456
20260204_100802_beam3_az136,20260204_100802,3,136.0,,,/home/tobeornot8259748/projects/balloon_radar_project/data/raw/detection_dataset/val/Background_IQ/IQ_Data/20260204_100802_beam3_az136.mat,0,0.12047087,97,65,-1,-1,False,0.5025149,0.07904994
20260204_100802_beam3_az145,20260204_100802,3,145.0,,,/home/tobeornot8259748/projects/balloon_radar_project/data/raw/detection_dataset/train/Background_IQ/IQ_Data/20260204_100802_beam3_az145.mat,0,0.1361047,97,65,-1,-1,False,0.49942452,0.06697005
20260204_100802_beam3_az154,20260204_100802,3,154.0,,,/home/tobeornot8259748/projects/balloon_radar_project/data/raw/detection_dataset/train/Background_IQ/IQ_Data/20260204_100802_beam3_az154.mat,0,0.070506096,83,65,-1,-1,False,0.5865936,0.18908657
20260204_100802_beam3_az163,20260204_100802,3,163.0,,,/home/tobeornot8259748/projects/balloon_radar_project/data/raw/detection_dataset/train/Background_IQ/IQ_Data/20260204_100802_beam3_az163.mat,0,0.051485606,83,64,-1,-1,False,0.57052934,0.18053856
20260204_100802_beam3_az172,20260204_100802,3,172.0,,,/home/tobeornot8259748/projects/balloon_radar_project/data/raw/detection_dataset/train/Background_IQ/IQ_Data/20260204_100802_beam3_az172.mat,0,0.09649528,1,65,-1,-1,False,0.5722232,0.28327817
20260204_100802_beam3_az181,20260204_100802,3,181.0,,,/home/tobeornot8259748/projects/balloon_radar_project/data/raw/detection_dataset/val/Background_IQ/IQ_Data/20260204_100802_beam3_az181.mat,0,0.10398228,24,126,-1,-1,False,0.65687424,0.18511131
20260204_100802_beam3_az190,20260204_100802,3,190.0,,,/home/tobeornot8259748/projects/balloon_radar_project/data/raw/detection_dataset/train/Background_IQ/IQ_Data/20260204_100802_beam3_az190.mat,0,0.058765344,96,65,-1,-1,False,0.47515237,0.06822062
20260204_100802_beam3_az199,20260204_100802,3,199.0,,,/home/tobeornot8259748/projects/balloon_radar_project/data/raw/detection_dataset/train/Background_IQ/IQ_Data/20260204_100802_beam3_az199.mat,0,0.047578037,49,41,-1,-1,False,0.570428,0.081203915
20260204_100802_beam3_az208,20260204_100802,3,208.0,,,/home/tobeornot8259748/projects/balloon_radar_project/data/raw/detection_dataset/train/Background_IQ/IQ_Data/20260204_100802_beam3_az208.mat,0,0.053406443,1,65,-1,-1,False,0.57609135,0.2977719
20260204_100802_beam3_az217,20260204_100802,3,217.0,,,/home/tobeornot8259748/projects/balloon_radar_project/data/raw/detection_dataset/test/Background_IQ/IQ_Data/20260204_100802_beam3_az217.mat,0,0.038837522,83,64,-1,-1,False,0.5788808,0.17306828
20260204_100802_beam3_az226,20260204_100802,3,226.0,,,/home/tobeornot8259748/projects/balloon_radar_project/data/raw/detection_dataset/val/Background_IQ/IQ_Data/20260204_100802_beam3_az226.mat,0,0.16325152,82,64,-1,-1,False,0.57294244,0.1194277
20260204_100802_beam3_az235,20260204_100802,3,235.0,,,/home/tobeornot8259748/projects/balloon_radar_project/data/raw/detection_dataset/train/Background_IQ/IQ_Data/20260204_100802_beam3_az235.mat,0,0.0675865,83,64,-1,-1,False,0.5840886,0.16685537
20260204_100802_beam3_az244,20260204_100802,3,244.0,,,/home/tobeornot8259748/projects/balloon_radar_project/data/raw/detection_dataset/train/Background_IQ/IQ_Data/20260204_100802_beam3_az244.mat,0,0.059367333,77,60,-1,-1,False,0.6551208,0.08940332
20260204_100802_beam3_az253,20260204_100802,3,253.0,,,/home/tobeornot8259748/projects/balloon_radar_project/data/raw/detection_dataset/train/Background_IQ/IQ_Data/20260204_100802_beam3_az253.mat,0,0.057310652,1,65,-1,-1,False,0.48708165,0.19937734
20260204_100802_beam3_az262,20260204_100802,3,262.0,,,/home/tobeornot8259748/projects/balloon_radar_project/data/raw/detection_dataset/train/Background_IQ/IQ_Data/20260204_100802_beam3_az262.mat,0,0.071040496,83,64,-1,-1,False,0.56225497,0.16782695
20260204_100802_beam4_az001,20260204_100802,4,1.0,,,/home/tobeornot8259748/projects/balloon_radar_project/data/raw/detection_dataset/train/Background_IQ/IQ_Data/20260204_100802_beam4_az001.mat,0,0.13448481,20,67,-1,-1,False,0.68922734,0.40732276
20260204_100802_beam4_az010,20260204_100802,4,10.0,,,/home/tobeornot8259748/projects/balloon_radar_project/data/raw/detection_dataset/train/Background_IQ/IQ_Data/20260204_100802_beam4_az010.mat,0,0.10406116,24,126,-1,-1,False,0.7603754,0.5177289
20260204_100802_beam4_az019,20260204_100802,4,19.0,,,/home/tobeornot8259748/projects/balloon_radar_project/data/raw/detection_dataset/val/Background_IQ/IQ_Data/20260204_100802_beam4_az019.mat,0,0.0522382,0,0,-1,-1,False,0.30919984,0.0
20260204_100802_beam4_az028,20260204_100802,4,28.0,,,/home/tobeornot8259748/projects/balloon_radar_project/data/raw/detection_dataset/val/Background_IQ/IQ_Data/20260204_100802_beam4_az028.mat,0,0.07836363,91,66,-1,-1,False,0.5336429,0.11453145
20260204_100802_beam4_az037,20260204_100802,4,37.0,,,/home/tobeornot8259748/projects/balloon_radar_project/data/raw/detection_dataset/train/Background_IQ/IQ_Data/20260204_100802_beam4_az037.mat,0,0.07852111,91,67,-1,-1,False,0.5371927,0.13507514
20260204_100802_beam4_az046,20260204_100802,4,46.0,,,/home/tobeornot8259748/projects/balloon_radar_project/data/raw/detection_dataset/test/Background_IQ/IQ_Data/20260204_100802_beam4_az046.mat,0,0.11420936,83,65,-1,-1,False,0.581269,0.1775795
20260204_100802_beam4_az055,20260204_100802,4,55.0,,,/home/tobeornot8259748/projects/balloon_radar_project/data/raw/detection_dataset/test/Background_IQ/IQ_Data/20260204_100802_beam4_az055.mat,0,0.07368564,83,64,-1,-1,False,0.60071015,0.1915267
20260204_100802_beam4_az064,20260204_100802,4,64.0,,,/home/tobeornot8259748/projects/balloon_radar_project/data/raw/detection_dataset/train/Background_IQ/IQ_Data/20260204_100802_beam4_az064.mat,0,0.058447383,83,64,-1,-1,False,0.6315996,0.22884676
20260204_100802_beam4_az073,20260204_100802,4,73.0,,,/home/tobeornot8259748/projects/balloon_radar_project/data/raw/detection_dataset/val/Background_IQ/IQ_Data/20260204_100802_beam4_az073.mat,0,0.10521204,83,64,-1,-1,False,0.6114976,0.2259155
20260204_100802_beam4_az082,20260204_100802,4,82.0,,,/home/tobeornot8259748/projects/balloon_radar_project/data/raw/detection_dataset/train/Background_IQ/IQ_Data/20260204_100802_beam4_az082.mat,0,0.05673675,91,66,-1,-1,False,0.5263586,0.18403329
20260204_100802_beam4_az091,20260204_100802,4,91.0,,,/home/tobeornot8259748/projects/balloon_radar_project/data/raw/detection_dataset/test/Background_IQ/IQ_Data/20260204_100802_beam4_az091.mat,0,0.04260049,81,61,-1,-1,False,0.7544114,0.57502896
20260204_100802_beam4_az100,20260204_100802,4,100.0,,,/home/tobeornot8259748/projects/balloon_radar_project/data/raw/detection_dataset/train/Background_IQ/IQ_Data/20260204_100802_beam4_az100.mat,0,0.077072695,83,64,-1,-1,False,0.61381924,0.21755654
20260204_100802_beam4_az109,20260204_100802,4,109.0,,,/home/tobeornot8259748/projects/balloon_radar_project/data/raw/detection_dataset/test/Background_IQ/IQ_Data/20260204_100802_beam4_az109.mat,0,0.097526476,39,69,-1,-1,False,0.7056358,0.20118725
20260204_100802_beam4_az118,20260204_100802,4,118.0,,,/home/tobeornot8259748/projects/balloon_radar_project/data/raw/detection_dataset/val/Background_IQ/IQ_Data/20260204_100802_beam4_az118.mat,0,0.074988134,83,64,-1,-1,False,0.58633494,0.15418029
20260204_100802_beam4_az127,20260204_100802,4,127.0,,,/home/tobeornot8259748/projects/balloon_radar_project/data/raw/detection_dataset/val/Background_IQ/IQ_Data/20260204_100802_beam4_az127.mat,0,0.1551742,83,64,-1,-1,False,0.596722,0.18796767
20260204_100802_beam4_az136,20260204_100802,4,136.0,,,/home/tobeornot8259748/projects/balloon_radar_project/data/raw/detection_dataset/val/Background_IQ/IQ_Data/20260204_100802_beam4_az136.mat,0,0.09065804,35,59,-1,-1,False,0.67310065,0.14381634
20260204_100802_beam4_az145,20260204_100802,4,145.0,,,/home/tobeornot8259748/projects/balloon_radar_project/data/raw/detection_dataset/train/Background_IQ/IQ_Data/20260204_100802_beam4_az145.mat,0,0.05811785,83,64,-1,-1,False,0.61793464,0.2113172
20260204_100802_beam4_az154,20260204_100802,4,154.0,,,/home/tobeornot8259748/projects/balloon_radar_project/data/raw/detection_dataset/test/Background_IQ/IQ_Data/20260204_100802_beam4_az154.mat,0,0.08035579,83,64,-1,-1,False,0.56907547,0.17584926
20260204_100802_beam4_az163,20260204_100802,4,163.0,,,/home/tobeornot8259748/projects/balloon_radar_project/data/raw/detection_dataset/train/Background_IQ/IQ_Data/20260204_100802_beam4_az163.mat,0,0.05899937,91,67,-1,-1,False,0.50289345,0.14746347
20260204_100802_beam4_az172,20260204_100802,4,172.0,,,/home/tobeornot8259748/projects/balloon_radar_project/data/raw/detection_dataset/train/Background_IQ/IQ_Data/20260204_100802_beam4_az172.mat,0,0.10122847,83,64,-1,-1,False,0.57187724,0.15320899
20260204_100802_beam4_az181,20260204_100802,4,181.0,,,/home/tobeornot8259748/projects/balloon_radar_project/data/raw/detection_dataset/train/Background_IQ/IQ_Data/20260204_100802_beam4_az181.mat,0,0.09275916,83,64,-1,-1,False,0.5682197,0.16136424
20260204_100802_beam4_az190,20260204_100802,4,190.0,,,/home/tobeornot8259748/projects/balloon_radar_project/data/raw/detection_dataset/train/Background_IQ/IQ_Data/20260204_100802_beam4_az190.mat,0,0.067591466,83,64,-1,-1,False,0.64821887,0.30361068
20260204_100802_beam4_az199,20260204_100802,4,199.0,,,/home/tobeornot8259748/projects/balloon_radar_project/data/raw/detection_dataset/train/Background_IQ/IQ_Data/20260204_100802_beam4_az199.mat,0,0.042403586,91,66,-1,-1,False,0.4697331,0.12977394
20260204_100802_beam4_az208,20260204_100802,4,208.0,,,/home/tobeornot8259748/projects/balloon_radar_project/data/raw/detection_dataset/train/Background_IQ/IQ_Data/20260204_100802_beam4_az208.mat,0,0.039580647,78,60,-1,-1,False,0.6621836,0.13563316
20260204_100802_beam4_az217,20260204_100802,4,217.0,,,/home/tobeornot8259748/projects/balloon_radar_project/data/raw/detection_dataset/train/Background_IQ/IQ_Data/20260204_100802_beam4_az217.mat,0,0.061540868,4,127,-1,-1,False,0.41808116,0.0147583
20260204_100802_beam4_az226,20260204_100802,4,226.0,,,/home/tobeornot8259748/projects/balloon_radar_project/data/raw/detection_dataset/train/Background_IQ/IQ_Data/20260204_100802_beam4_az226.mat,0,0.15705685,83,65,-1,-1,False,0.56230843,0.17477655
20260204_100802_beam4_az235,20260204_100802,4,235.0,,,/home/tobeornot8259748/projects/balloon_radar_project/data/raw/detection_dataset/train/Background_IQ/IQ_Data/20260204_100802_beam4_az235.mat,0,0.088121966,83,64,-1,-1,False,0.5396354,0.13472581
20260204_100802_beam4_az244,20260204_100802,4,244.0,,,/home/tobeornot8259748/projects/balloon_radar_project/data/raw/detection_dataset/train/Background_IQ/IQ_Data/20260204_100802_beam4_az244.mat,0,0.08578213,83,64,-1,-1,False,0.57568276,0.19604927
20260204_100802_beam4_az253,20260204_100802,4,253.0,,,/home/tobeornot8259748/projects/balloon_radar_project/data/raw/detection_dataset/train/Background_IQ/IQ_Data/20260204_100802_beam4_az253.mat,0,0.055808943,29,104,-1,-1,False,0.651739,0.15912126
20260204_100802_beam4_az262,20260204_100802,4,262.0,,,/home/tobeornot8259748/projects/balloon_radar_project/data/raw/detection_dataset/test/Background_IQ/IQ_Data/20260204_100802_beam4_az262.mat,0,0.050545983,91,66,-1,-1,False,0.5116856,0.18215021
20260204_100802_beam5_az001,20260204_100802,5,1.0,,,/home/tobeornot8259748/projects/balloon_radar_project/data/raw/detection_dataset/train/Background_IQ/IQ_Data/20260204_100802_beam5_az001.mat,0,0.06951549,20,67,-1,-1,False,0.7261085,0.47123802
20260204_100802_beam5_az010,20260204_100802,5,10.0,,,/home/tobeornot8259748/projects/balloon_radar_project/data/raw/detection_dataset/test/Background_IQ/IQ_Data/20260204_100802_beam5_az010.mat,0,0.115089945,24,126,-1,-1,False,0.72918516,0.5086284
20260204_100802_beam5_az019,20260204_100802,5,19.0,,,/home/tobeornot8259748/projects/balloon_radar_project/data/raw/detection_dataset/train/Background_IQ/IQ_Data/20260204_100802_beam5_az019.mat,0,0.048539013,0,127,-1,-1,False,0.27918428,0.0
20260204_100802_beam5_az028,20260204_100802,5,28.0,,,/home/tobeornot8259748/projects/balloon_radar_project/data/raw/detection_dataset/test/Background_IQ/IQ_Data/20260204_100802_beam5_az028.mat,0,0.052477453,39,122,-1,-1,False,0.50252336,0.023948438
20260204_100802_beam5_az037,20260204_100802,5,37.0,,,/home/tobeornot8259748/projects/balloon_radar_project/data/raw/detection_dataset/test/Background_IQ/IQ_Data/20260204_100802_beam5_az037.mat,0,0.064026006,92,66,-1,-1,False,0.4970961,0.15247238
20260204_100802_beam5_az046,20260204_100802,5,46.0,,,/home/tobeornot8259748/projects/balloon_radar_project/data/raw/detection_dataset/train/Background_IQ/IQ_Data/20260204_100802_beam5_az046.mat,0,0.04318829,82,69,-1,-1,False,0.45642555,0.059248812
20260204_100802_beam5_az055,20260204_100802,5,55.0,,,/home/tobeornot8259748/projects/balloon_radar_project/data/raw/detection_dataset/test/Background_IQ/IQ_Data/20260204_100802_beam5_az055.mat,0,0.10469119,83,65,-1,-1,False,0.54632396,0.18881603
20260204_100802_beam5_az064,20260204_100802,5,64.0,,,/home/tobeornot8259748/projects/balloon_radar_project/data/raw/detection_dataset/train/Background_IQ/IQ_Data/20260204_100802_beam5_az064.mat,0,0.072168365,83,64,-1,-1,False,0.5947099,0.23745643
20260204_100802_beam5_az073,20260204_100802,5,73.0,,,/home/tobeornot8259748/projects/balloon_radar_project/data/raw/detection_dataset/train/Background_IQ/IQ_Data/20260204_100802_beam5_az073.mat,0,0.06692601,83,64,-1,-1,False,0.5633547,0.221942
20260204_100802_beam5_az082,20260204_100802,5,82.0,,,/home/tobeornot8259748/projects/balloon_radar_project/data/raw/detection_dataset/train/Background_IQ/IQ_Data/20260204_100802_beam5_az082.mat,0,0.15594155,83,66,-1,-1,False,0.64404655,0.39249068
20260204_100802_beam5_az091,20260204_100802,5,91.0,,,/home/tobeornot8259748/projects/balloon_radar_project/data/raw/detection_dataset/train/Background_IQ/IQ_Data/20260204_100802_beam5_az091.mat,0,0.04407483,86,125,-1,-1,False,0.27978814,0.0019452357
20260204_100802_beam5_az100,20260204_100802,5,100.0,,,/home/tobeornot8259748/projects/balloon_radar_project/data/raw/detection_dataset/train/Background_IQ/IQ_Data/20260204_100802_beam5_az100.mat,0,0.06786201,83,65,-1,-1,False,0.55188084,0.18724386
20260204_100802_beam5_az109,20260204_100802,5,109.0,,,/home/tobeornot8259748/projects/balloon_radar_project/data/raw/detection_dataset/train/Background_IQ/IQ_Data/20260204_100802_beam5_az109.mat,0,0.119763784,83,64,-1,-1,False,0.54749125,0.19699003
20260204_100802_beam5_az118,20260204_100802,5,118.0,,,/home/tobeornot8259748/projects/balloon_radar_project/data/raw/detection_dataset/train/Background_IQ/IQ_Data/20260204_100802_beam5_az118.mat,0,0.045381293,3,127,-1,-1,False,0.374025,0.032879476
20260204_100802_beam5_az127,20260204_100802,5,127.0,,,/home/tobeornot8259748/projects/balloon_radar_project/data/raw/detection_dataset/train/Background_IQ/IQ_Data/20260204_100802_beam5_az127.mat,0,0.113874376,83,64,-1,-1,False,0.5477016,0.1921013
20260204_100802_beam5_az136,20260204_100802,5,136.0,,,/home/tobeornot8259748/projects/balloon_radar_project/data/raw/detection_dataset/val/Background_IQ/IQ_Data/20260204_100802_beam5_az136.mat,0,0.057008952,83,65,-1,-1,False,0.5421293,0.17109825
20260204_100802_beam5_az145,20260204_100802,5,145.0,,,/home/tobeornot8259748/projects/balloon_radar_project/data/raw/detection_dataset/train/Background_IQ/IQ_Data/20260204_100802_beam5_az145.mat,0,0.06233264,83,64,-1,-1,False,0.5635054,0.20865802
20260204_100802_beam5_az154,20260204_100802,5,154.0,,,/home/tobeornot8259748/projects/balloon_radar_project/data/raw/detection_dataset/train/Background_IQ/IQ_Data/20260204_100802_beam5_az154.mat,0,0.05479938,4,127,-1,-1,False,0.42519128,0.062627025
20260204_100802_beam5_az163,20260204_100802,5,163.0,,,/home/tobeornot8259748/projects/balloon_radar_project/data/raw/detection_dataset/train/Background_IQ/IQ_Data/20260204_100802_beam5_az163.mat,0,0.094372645,83,66,-1,-1,False,0.52436626,0.12485995
20260204_100802_beam5_az172,20260204_100802,5,172.0,,,/home/tobeornot8259748/projects/balloon_radar_project/data/raw/detection_dataset/train/Background_IQ/IQ_Data/20260204_100802_beam5_az172.mat,0,0.061760474,83,65,-1,-1,False,0.53094065,0.14218716
20260204_100802_beam5_az181,20260204_100802,5,181.0,,,/home/tobeornot8259748/projects/balloon_radar_project/data/raw/detection_dataset/train/Background_IQ/IQ_Data/20260204_100802_beam5_az181.mat,0,0.10749275,83,64,-1,-1,False,0.54700226,0.18470305
20260204_100802_beam5_az190,20260204_100802,5,190.0,,,/home/tobeornot8259748/projects/balloon_radar_project/data/raw/detection_dataset/train/Background_IQ/IQ_Data/20260204_100802_beam5_az190.mat,0,0.1377941,83,64,-1,-1,False,0.6097302,0.282908
20260204_100802_beam5_az199,20260204_100802,5,199.0,,,/home/tobeornot8259748/projects/balloon_radar_project/data/raw/detection_dataset/val/Background_IQ/IQ_Data/20260204_100802_beam5_az199.mat,0,0.04288076,1,0,-1,-1,False,0.27908817,0.0
20260204_100802_beam5_az208,20260204_100802,5,208.0,,,/home/tobeornot8259748/projects/balloon_radar_project/data/raw/detection_dataset/train/Background_IQ/IQ_Data/20260204_100802_beam5_az208.mat,0,0.10347477,83,66,-1,-1,False,0.5949422,0.2442442
20260204_100802_beam5_az217,20260204_100802,5,217.0,,,/home/tobeornot8259748/projects/balloon_radar_project/data/raw/detection_dataset/train/Background_IQ/IQ_Data/20260204_100802_beam5_az217.mat,0,0.056657717,83,64,-1,-1,False,0.5549805,0.18731792
20260204_100802_beam5_az226,20260204_100802,5,226.0,,,/home/tobeornot8259748/projects/balloon_radar_project/data/raw/detection_dataset/train/Background_IQ/IQ_Data/20260204_100802_beam5_az226.mat,0,0.12279656,83,66,-1,-1,False,0.5300798,0.1547546
20260204_100802_beam5_az235,20260204_100802,5,235.0,,,/home/tobeornot8259748/projects/balloon_radar_project/data/raw/detection_dataset/train/Background_IQ/IQ_Data/20260204_100802_beam5_az235.mat,0,0.07106435,83,65,-1,-1,False,0.5271414,0.16610743
20260204_100802_beam5_az244,20260204_100802,5,244.0,,,/home/tobeornot8259748/projects/balloon_radar_project/data/raw/detection_dataset/train/Background_IQ/IQ_Data/20260204_100802_beam5_az244.mat,0,0.080445044,83,66,-1,-1,False,0.52087677,0.14806972
20260204_100802_beam5_az253,20260204_100802,5,253.0,,,/home/tobeornot8259748/projects/balloon_radar_project/data/raw/detection_dataset/train/Background_IQ/IQ_Data/20260204_100802_beam5_az253.mat,0,0.06750233,83,65,-1,-1,False,0.5160376,0.14902547
20260204_100802_beam5_az262,20260204_100802,5,262.0,,,/home/tobeornot8259748/projects/balloon_radar_project/data/raw/detection_dataset/train/Background_IQ/IQ_Data/20260204_100802_beam5_az262.mat,0,0.04698196,91,67,-1,-1,False,0.49818859,0.16557139
20260204_100826_beam1_az001,20260204_100826,1,1.0,,,/home/tobeornot8259748/projects/balloon_radar_project/data/raw/detection_dataset/test/Background_IQ/IQ_Data/20260204_100826_beam1_az001.mat,0,0.20237158,80,65,-1,-1,False,0.5711818,0.1729739
20260204_100826_beam1_az010,20260204_100826,1,10.0,,,/home/tobeornot8259748/projects/balloon_radar_project/data/raw/detection_dataset/train/Background_IQ/IQ_Data/20260204_100826_beam1_az010.mat,0,0.05541952,20,70,-1,-1,False,0.70370466,0.40095177
20260204_100826_beam1_az019,20260204_100826,1,19.0,,,/home/tobeornot8259748/projects/balloon_radar_project/data/raw/detection_dataset/train/Background_IQ/IQ_Data/20260204_100826_beam1_az019.mat,0,0.13259603,80,65,-1,-1,False,0.52075255,0.15892516
20260204_100826_beam1_az028,20260204_100826,1,28.0,,,/home/tobeornot8259748/projects/balloon_radar_project/data/raw/detection_dataset/val/Background_IQ/IQ_Data/20260204_100826_beam1_az028.mat,0,0.043080695,82,65,-1,-1,False,0.51529354,0.10336941
20260204_100826_beam1_az037,20260204_100826,1,37.0,,,/home/tobeornot8259748/projects/balloon_radar_project/data/raw/detection_dataset/train/Background_IQ/IQ_Data/20260204_100826_beam1_az037.mat,0,0.2505415,55,59,-1,-1,False,0.66659486,0.20303576
20260204_100826_beam1_az046,20260204_100826,1,46.0,,,/home/tobeornot8259748/projects/balloon_radar_project/data/raw/detection_dataset/test/Background_IQ/IQ_Data/20260204_100826_beam1_az046.mat,0,0.033531085,99,0,-1,-1,False,0.08969865,0.0
20260204_100826_beam1_az055,20260204_100826,1,55.0,,,/home/tobeornot8259748/projects/balloon_radar_project/data/raw/detection_dataset/train/Background_IQ/IQ_Data/20260204_100826_beam1_az055.mat,0,0.13277353,58,59,-1,-1,False,0.63552403,0.21832223
20260204_100826_beam1_az064,20260204_100826,1,64.0,,,/home/tobeornot8259748/projects/balloon_radar_project/data/raw/detection_dataset/train/Background_IQ/IQ_Data/20260204_100826_beam1_az064.mat,0,0.064219065,20,68,-1,-1,False,0.75090307,0.52580374
20260204_100826_beam1_az073,20260204_100826,1,73.0,,,/home/tobeornot8259748/projects/balloon_radar_project/data/raw/detection_dataset/train/Background_IQ/IQ_Data/20260204_100826_beam1_az073.mat,0,0.319102,81,60,-1,-1,False,0.5158733,0.15887667
20260204_100826_beam1_az082,20260204_100826,1,82.0,,,/home/tobeornot8259748/projects/balloon_radar_project/data/raw/detection_dataset/train/Background_IQ/IQ_Data/20260204_100826_beam1_az082.mat,0,0.1614152,20,67,-1,-1,False,0.74346584,0.51993567
20260204_100826_beam1_az091,20260204_100826,1,91.0,,,/home/tobeornot8259748/projects/balloon_radar_project/data/raw/detection_dataset/train/Background_IQ/IQ_Data/20260204_100826_beam1_az091.mat,0,0.16878062,84,66,-1,-1,False,0.6142702,0.40673563
20260204_100826_beam1_az100,20260204_100826,1,100.0,,,/home/tobeornot8259748/projects/balloon_radar_project/data/raw/detection_dataset/train/Background_IQ/IQ_Data/20260204_100826_beam1_az100.mat,0,0.038824636,50,69,-1,-1,False,0.6928964,0.2511445
20260204_100826_beam1_az109,20260204_100826,1,109.0,,,/home/tobeornot8259748/projects/balloon_radar_project/data/raw/detection_dataset/train/Background_IQ/IQ_Data/20260204_100826_beam1_az109.mat,0,0.25029042,83,66,-1,-1,False,0.5727899,0.28298244
20260204_100826_beam1_az118,20260204_100826,1,118.0,,,/home/tobeornot8259748/projects/balloon_radar_project/data/raw/detection_dataset/train/Background_IQ/IQ_Data/20260204_100826_beam1_az118.mat,0,0.14533493,46,68,-1,-1,False,0.6487264,0.14912704
20260204_100826_beam1_az127,20260204_100826,1,127.0,,,/home/tobeornot8259748/projects/balloon_radar_project/data/raw/detection_dataset/test/Background_IQ/IQ_Data/20260204_100826_beam1_az127.mat,0,0.13777967,85,61,-1,-1,False,0.49716255,0.09533271
20260204_100826_beam1_az136,20260204_100826,1,136.0,,,/home/tobeornot8259748/projects/balloon_radar_project/data/raw/detection_dataset/train/Background_IQ/IQ_Data/20260204_100826_beam1_az136.mat,0,0.07393165,20,66,-1,-1,False,0.67283267,0.34099504
20260204_100826_beam1_az145,20260204_100826,1,145.0,,,/home/tobeornot8259748/projects/balloon_radar_project/data/raw/detection_dataset/train/Background_IQ/IQ_Data/20260204_100826_beam1_az145.mat,0,0.11854416,61,69,-1,-1,False,0.6066737,0.14025404
20260204_100826_beam1_az154,20260204_100826,1,154.0,,,/home/tobeornot8259748/projects/balloon_radar_project/data/raw/detection_dataset/train/Background_IQ/IQ_Data/20260204_100826_beam1_az154.mat,0,0.08888422,52,69,-1,-1,False,0.6772968,0.2674136
20260204_100826_beam1_az163,20260204_100826,1,163.0,,,/home/tobeornot8259748/projects/balloon_radar_project/data/raw/detection_dataset/train/Background_IQ/IQ_Data/20260204_100826_beam1_az163.mat,0,0.040837243,1,2,-1,-1,False,0.28319058,0.0
20260204_100826_beam1_az172,20260204_100826,1,172.0,,,/home/tobeornot8259748/projects/balloon_radar_project/data/raw/detection_dataset/val/Background_IQ/IQ_Data/20260204_100826_beam1_az172.mat,0,0.038111582,20,66,-1,-1,False,0.6881008,0.5120354
20260204_100826_beam1_az181,20260204_100826,1,181.0,,,/home/tobeornot8259748/projects/balloon_radar_project/data/raw/detection_dataset/train/Background_IQ/IQ_Data/20260204_100826_beam1_az181.mat,0,0.23400846,83,64,-1,-1,False,0.5694278,0.27445927
20260204_100826_beam1_az190,20260204_100826,1,190.0,,,/home/tobeornot8259748/projects/balloon_radar_project/data/raw/detection_dataset/val/Background_IQ/IQ_Data/20260204_100826_beam1_az190.mat,0,0.04483274,66,64,-1,-1,False,0.6796846,0.10179092
20260204_100826_beam1_az199,20260204_100826,1,199.0,,,/home/tobeornot8259748/projects/balloon_radar_project/data/raw/detection_dataset/test/Background_IQ/IQ_Data/20260204_100826_beam1_az199.mat,0,0.24201235,53,59,-1,-1,False,0.686163,0.20986675
20260204_100826_beam2_az001,20260204_100826,2,1.0,,,/home/tobeornot8259748/projects/balloon_radar_project/data/raw/detection_dataset/test/Background_IQ/IQ_Data/20260204_100826_beam2_az001.mat,0,0.23497975,80,65,-1,-1,False,0.57662416,0.19439466
20260204_100826_beam2_az010,20260204_100826,2,10.0,,,/home/tobeornot8259748/projects/balloon_radar_project/data/raw/detection_dataset/train/Background_IQ/IQ_Data/20260204_100826_beam2_az010.mat,0,0.03236739,20,22,-1,-1,False,0.54094124,0.082519144
20260204_100826_beam2_az019,20260204_100826,2,19.0,,,/home/tobeornot8259748/projects/balloon_radar_project/data/raw/detection_dataset/train/Background_IQ/IQ_Data/20260204_100826_beam2_az019.mat,0,0.07381541,61,65,-1,-1,False,0.6015052,0.1255449
20260204_100826_beam2_az028,20260204_100826,2,28.0,,,/home/tobeornot8259748/projects/balloon_radar_project/data/raw/detection_dataset/train/Background_IQ/IQ_Data/20260204_100826_beam2_az028.mat,0,0.09940986,82,65,-1,-1,False,0.526312,0.092444316
20260204_100826_beam2_az037,20260204_100826,2,37.0,,,/home/tobeornot8259748/projects/balloon_radar_project/data/raw/detection_dataset/train/Background_IQ/IQ_Data/20260204_100826_beam2_az037.mat,0,0.18940786,55,59,-1,-1,False,0.6550917,0.15320456
20260204_100826_beam2_az046,20260204_100826,2,46.0,,,/home/tobeornot8259748/projects/balloon_radar_project/data/raw/detection_dataset/train/Background_IQ/IQ_Data/20260204_100826_beam2_az046.mat,0,0.055216946,21,72,-1,-1,False,0.6568014,0.2684957
20260204_100826_beam2_az055,20260204_100826,2,55.0,,,/home/tobeornot8259748/projects/balloon_radar_project/data/raw/detection_dataset/train/Background_IQ/IQ_Data/20260204_100826_beam2_az055.mat,0,0.12675728,58,59,-1,-1,False,0.64886785,0.21942106
20260204_100826_beam2_az064,20260204_100826,2,64.0,,,/home/tobeornot8259748/projects/balloon_radar_project/data/raw/detection_dataset/train/Background_IQ/IQ_Data/20260204_100826_beam2_az064.mat,0,0.18054385,20,66,-1,-1,False,0.714669,0.4646918
20260204_100826_beam2_az073,20260204_100826,2,73.0,,,/home/tobeornot8259748/projects/balloon_radar_project/data/raw/detection_dataset/test/Background_IQ/IQ_Data/20260204_100826_beam2_az073.mat,0,0.15578674,59,59,-1,-1,False,0.64733225,0.2052905
20260204_100826_beam2_az082,20260204_100826,2,82.0,,,/home/tobeornot8259748/projects/balloon_radar_project/data/raw/detection_dataset/test/Background_IQ/IQ_Data/20260204_100826_beam2_az082.mat,0,0.20851092,20,65,-1,-1,False,0.7396811,0.5506837
20260204_100826_beam2_az091,20260204_100826,2,91.0,,,/home/tobeornot8259748/projects/balloon_radar_project/data/raw/detection_dataset/train/Background_IQ/IQ_Data/20260204_100826_beam2_az091.mat,0,0.13849263,66,69,-1,-1,False,0.59552085,0.1697535
20260204_100826_beam2_az100,20260204_100826,2,100.0,,,/home/tobeornot8259748/projects/balloon_radar_project/data/raw/detection_dataset/train/Background_IQ/IQ_Data/20260204_100826_beam2_az100.mat,0,0.06844117,49,70,-1,-1,False,0.6641995,0.14620605
20260204_100826_beam2_az109,20260204_100826,2,109.0,,,/home/tobeornot8259748/projects/balloon_radar_project/data/raw/detection_dataset/train/Background_IQ/IQ_Data/20260204_100826_beam2_az109.mat,0,0.11927679,42,59,-1,-1,False,0.66756064,0.218496
20260204_100826_beam2_az118,20260204_100826,2,118.0,,,/home/tobeornot8259748/projects/balloon_radar_project/data/raw/detection_dataset/train/Background_IQ/IQ_Data/20260204_100826_beam2_az118.mat,0,0.16725773,44,68,-1,-1,False,0.7003026,0.16874197
20260204_100826_beam2_az127,20260204_100826,2,127.0,,,/home/tobeornot8259748/projects/balloon_radar_project/data/raw/detection_dataset/train/Background_IQ/IQ_Data/20260204_100826_beam2_az127.mat,0,0.08150847,48,59,-1,-1,False,0.7307715,0.3928605
20260204_100826_beam2_az136,20260204_100826,2,136.0,,,/home/tobeornot8259748/projects/balloon_radar_project/data/raw/detection_dataset/val/Background_IQ/IQ_Data/20260204_100826_beam2_az136.mat,0,0.15311986,20,66,-1,-1,False,0.65763545,0.3420728
20260204_100826_beam2_az145,20260204_100826,2,145.0,,,/home/tobeornot8259748/projects/balloon_radar_project/data/raw/detection_dataset/train/Background_IQ/IQ_Data/20260204_100826_beam2_az145.mat,0,0.13347064,74,59,-1,-1,False,0.65080595,0.1811222
20260204_100826_beam2_az154,20260204_100826,2,154.0,,,/home/tobeornot8259748/projects/balloon_radar_project/data/raw/detection_dataset/train/Background_IQ/IQ_Data/20260204_100826_beam2_az154.mat,0,0.0785248,58,69,-1,-1,False,0.62156874,0.18005762
20260204_100826_beam2_az163,20260204_100826,2,163.0,,,/home/tobeornot8259748/projects/balloon_radar_project/data/raw/detection_dataset/train/Background_IQ/IQ_Data/20260204_100826_beam2_az163.mat,0,0.050513256,58,69,-1,-1,False,0.56339717,0.15281405
20260204_100826_beam2_az172,20260204_100826,2,172.0,,,/home/tobeornot8259748/projects/balloon_radar_project/data/raw/detection_dataset/train/Background_IQ/IQ_Data/20260204_100826_beam2_az172.mat,0,0.039624203,20,66,-1,-1,False,0.6970941,0.47740564
20260204_100826_beam2_az181,20260204_100826,2,181.0,,,/home/tobeornot8259748/projects/balloon_radar_project/data/raw/detection_dataset/train/Background_IQ/IQ_Data/20260204_100826_beam2_az181.mat,0,0.18259977,63,59,-1,-1,False,0.6538752,0.20406249
20260204_100826_beam2_az190,20260204_100826,2,190.0,,,/home/tobeornot8259748/projects/balloon_radar_project/data/raw/detection_dataset/train/Background_IQ/IQ_Data/20260204_100826_beam2_az190.mat,0,0.030139158,0,127,-1,-1,False,0.42130768,0.0
20260204_100826_beam2_az199,20260204_100826,2,199.0,,,/home/tobeornot8259748/projects/balloon_radar_project/data/raw/detection_dataset/train/Background_IQ/IQ_Data/20260204_100826_beam2_az199.mat,0,0.21878913,72,59,-1,-1,False,0.67932725,0.1786893
20260204_100826_beam3_az001,20260204_100826,3,1.0,,,/home/tobeornot8259748/projects/balloon_radar_project/data/raw/detection_dataset/val/Background_IQ/IQ_Data/20260204_100826_beam3_az001.mat,0,0.26398957,69,59,-1,-1,False,0.63774943,0.14230838
20260204_100826_beam3_az010,20260204_100826,3,10.0,,,/home/tobeornot8259748/projects/balloon_radar_project/data/raw/detection_dataset/val/Background_IQ/IQ_Data/20260204_100826_beam3_az010.mat,0,0.05187312,81,67,-1,-1,False,0.5009559,0.043830555
20260204_100826_beam3_az019,20260204_100826,3,19.0,,,/home/tobeornot8259748/projects/balloon_radar_project/data/raw/detection_dataset/test/Background_IQ/IQ_Data/20260204_100826_beam3_az019.mat,0,0.18632777,15,59,-1,-1,False,0.65357345,0.33107156
20260204_100826_beam3_az028,20260204_100826,3,28.0,,,/home/tobeornot8259748/projects/balloon_radar_project/data/raw/detection_dataset/train/Background_IQ/IQ_Data/20260204_100826_beam3_az028.mat,0,0.065778315,71,69,-1,-1,False,0.6445387,0.02729323
20260204_100826_beam3_az037,20260204_100826,3,37.0,,,/home/tobeornot8259748/projects/balloon_radar_project/data/raw/detection_dataset/train/Background_IQ/IQ_Data/20260204_100826_beam3_az037.mat,0,0.21717434,57,59,-1,-1,False,0.66843563,0.14015223
20260204_100826_beam3_az046,20260204_100826,3,46.0,,,/home/tobeornot8259748/projects/balloon_radar_project/data/raw/detection_dataset/train/Background_IQ/IQ_Data/20260204_100826_beam3_az046.mat,0,0.059627783,1,65,-1,-1,False,0.54423195,0.32978013
20260204_100826_beam3_az055,20260204_100826,3,55.0,,,/home/tobeornot8259748/projects/balloon_radar_project/data/raw/detection_dataset/train/Background_IQ/IQ_Data/20260204_100826_beam3_az055.mat,0,0.2686854,11,59,-1,-1,False,0.67172325,0.36535144
20260204_100826_beam3_az064,20260204_100826,3,64.0,,,/home/tobeornot8259748/projects/balloon_radar_project/data/raw/detection_dataset/train/Background_IQ/IQ_Data/20260204_100826_beam3_az064.mat,0,0.13404438,13,69,-1,-1,False,0.62311834,0.3499125
20260204_100826_beam3_az073,20260204_100826,3,73.0,,,/home/tobeornot8259748/projects/balloon_radar_project/data/raw/detection_dataset/train/Background_IQ/IQ_Data/20260204_100826_beam3_az073.mat,0,0.24102364,15,59,-1,-1,False,0.57516354,0.27246138
20260204_100826_beam3_az082,20260204_100826,3,82.0,,,/home/tobeornot8259748/projects/balloon_radar_project/data/raw/detection_dataset/train/Background_IQ/IQ_Data/20260204_100826_beam3_az082.mat,0,0.22023387,82,64,-1,-1,False,0.60248387,0.33704415
20260204_100826_beam3_az091,20260204_100826,3,91.0,,,/home/tobeornot8259748/projects/balloon_radar_project/data/raw/detection_dataset/train/Background_IQ/IQ_Data/20260204_100826_beam3_az091.mat,0,0.21859497,15,59,-1,-1,False,0.61720836,0.32609612
20260204_100826_beam3_az100,20260204_100826,3,100.0,,,/home/tobeornot8259748/projects/balloon_radar_project/data/raw/detection_dataset/train/Background_IQ/IQ_Data/20260204_100826_beam3_az100.mat,0,0.09514302,49,70,-1,-1,False,0.68722963,0.13655119
20260204_100826_beam3_az109,20260204_100826,3,109.0,,,/home/tobeornot8259748/projects/balloon_radar_project/data/raw/detection_dataset/train/Background_IQ/IQ_Data/20260204_100826_beam3_az109.mat,0,0.2577825,11,59,-1,-1,False,0.666973,0.35568938
20260204_100826_beam3_az118,20260204_100826,3,118.0,,,/home/tobeornot8259748/projects/balloon_radar_project/data/raw/detection_dataset/train/Background_IQ/IQ_Data/20260204_100826_beam3_az118.mat,0,0.14948086,15,69,-1,-1,False,0.63506687,0.35208458
20260204_100826_beam3_az127,20260204_100826,3,127.0,,,/home/tobeornot8259748/projects/balloon_radar_project/data/raw/detection_dataset/train/Background_IQ/IQ_Data/20260204_100826_beam3_az127.mat,0,0.0935244,78,59,-1,-1,False,0.6824699,0.21610537
20260204_100826_beam3_az136,20260204_100826,3,136.0,,,/home/tobeornot8259748/projects/balloon_radar_project/data/raw/detection_dataset/train/Background_IQ/IQ_Data/20260204_100826_beam3_az136.mat,0,0.21941894,18,65,-1,-1,False,0.58232707,0.3315215
20260204_100826_beam3_az145,20260204_100826,3,145.0,,,/home/tobeornot8259748/projects/balloon_radar_project/data/raw/detection_dataset/val/Background_IQ/IQ_Data/20260204_100826_beam3_az145.mat,0,0.15972574,74,59,-1,-1,False,0.656502,0.20755075
20260204_100826_beam3_az154,20260204_100826,3,154.0,,,/home/tobeornot8259748/projects/balloon_radar_project/data/raw/detection_dataset/test/Background_IQ/IQ_Data/20260204_100826_beam3_az154.mat,0,0.17530811,20,67,-1,-1,False,0.6477133,0.40496022
20260204_100826_beam3_az163,20260204_100826,3,163.0,,,/home/tobeornot8259748/projects/balloon_radar_project/data/raw/detection_dataset/train/Background_IQ/IQ_Data/20260204_100826_beam3_az163.mat,0,0.14879246,58,59,-1,-1,False,0.58459365,0.17928493
20260204_100826_beam3_az172,20260204_100826,3,172.0,,,/home/tobeornot8259748/projects/balloon_radar_project/data/raw/detection_dataset/train/Background_IQ/IQ_Data/20260204_100826_beam3_az172.mat,0,0.16092002,20,66,-1,-1,False,0.6757353,0.46518344
20260204_100826_beam3_az181,20260204_100826,3,181.0,,,/home/tobeornot8259748/projects/balloon_radar_project/data/raw/detection_dataset/train/Background_IQ/IQ_Data/20260204_100826_beam3_az181.mat,0,0.26252803,11,59,-1,-1,False,0.6645395,0.35801116
20260204_100826_beam3_az190,20260204_100826,3,190.0,,,/home/tobeornot8259748/projects/balloon_radar_project/data/raw/detection_dataset/train/Background_IQ/IQ_Data/20260204_100826_beam3_az190.mat,0,0.055522896,18,70,-1,-1,False,0.68946755,0.3049095
20260204_100826_beam3_az199,20260204_100826,3,199.0,,,/home/tobeornot8259748/projects/balloon_radar_project/data/raw/detection_dataset/train/Background_IQ/IQ_Data/20260204_100826_beam3_az199.mat,0,0.23383082,65,59,-1,-1,False,0.67878383,0.17860116
20260204_100826_beam4_az001,20260204_100826,4,1.0,,,/home/tobeornot8259748/projects/balloon_radar_project/data/raw/detection_dataset/train/Background_IQ/IQ_Data/20260204_100826_beam4_az001.mat,0,0.5329892,78,65,-1,-1,False,0.62711084,0.18202646
20260204_100826_beam4_az010,20260204_100826,4,10.0,,,/home/tobeornot8259748/projects/balloon_radar_project/data/raw/detection_dataset/test/Background_IQ/IQ_Data/20260204_100826_beam4_az010.mat,0,0.055849303,60,69,-1,-1,False,0.63546485,0.08362256
20260204_100826_beam4_az019,20260204_100826,4,19.0,,,/home/tobeornot8259748/projects/balloon_radar_project/data/raw/detection_dataset/test/Background_IQ/IQ_Data/20260204_100826_beam4_az019.mat,0,0.14296684,52,59,-1,-1,False,0.64145523,0.12660146
20260204_100826_beam4_az028,20260204_100826,4,28.0,,,/home/tobeornot8259748/projects/balloon_radar_project/data/raw/detection_dataset/train/Background_IQ/IQ_Data/20260204_100826_beam4_az028.mat,0,0.050471373,58,65,-1,-1,False,0.6723369,0.10858922
20260204_100826_beam4_az037,20260204_100826,4,37.0,,,/home/tobeornot8259748/projects/balloon_radar_project/data/raw/detection_dataset/test/Background_IQ/IQ_Data/20260204_100826_beam4_az037.mat,0,0.19468027,49,59,-1,-1,False,0.6936204,0.14645392
20260204_100826_beam4_az046,20260204_100826,4,46.0,,,/home/tobeornot8259748/projects/balloon_radar_project/data/raw/detection_dataset/train/Background_IQ/IQ_Data/20260204_100826_beam4_az046.mat,0,0.08066606,38,79,-1,-1,False,0.69606435,0.1710251
20260204_100826_beam4_az055,20260204_100826,4,55.0,,,/home/tobeornot8259748/projects/balloon_radar_project/data/raw/detection_dataset/train/Background_IQ/IQ_Data/20260204_100826_beam4_az055.mat,0,0.1986184,64,65,-1,-1,False,0.61923516,0.12110678
20260204_100826_beam4_az064,20260204_100826,4,64.0,,,/home/tobeornot8259748/projects/balloon_radar_project/data/raw/detection_dataset/train/Background_IQ/IQ_Data/20260204_100826_beam4_az064.mat,0,0.06592382,90,65,-1,-1,False,0.4495482,0.15650336
20260204_100826_beam4_az073,20260204_100826,4,73.0,,,/home/tobeornot8259748/projects/balloon_radar_project/data/raw/detection_dataset/train/Background_IQ/IQ_Data/20260204_100826_beam4_az073.mat,0,0.10731521,58,59,-1,-1,False,0.6080832,0.15090355
20260204_100826_beam4_az082,20260204_100826,4,82.0,,,/home/tobeornot8259748/projects/balloon_radar_project/data/raw/detection_dataset/train/Background_IQ/IQ_Data/20260204_100826_beam4_az082.mat,0,0.04983204,91,66,-1,-1,False,0.45688406,0.16667926
20260204_100826_beam4_az091,20260204_100826,4,91.0,,,/home/tobeornot8259748/projects/balloon_radar_project/data/raw/detection_dataset/test/Background_IQ/IQ_Data/20260204_100826_beam4_az091.mat,0,0.10523866,67,69,-1,-1,False,0.6065477,0.12331993
20260204_100826_beam4_az100,20260204_100826,4,100.0,,,/home/tobeornot8259748/projects/balloon_radar_project/data/raw/detection_dataset/train/Background_IQ/IQ_Data/20260204_100826_beam4_az100.mat,0,0.05486393,81,62,-1,-1,False,0.718116,0.30075514
20260204_100826_beam4_az109,20260204_100826,4,109.0,,,/home/tobeornot8259748/projects/balloon_radar_project/data/raw/detection_dataset/train/Background_IQ/IQ_Data/20260204_100826_beam4_az109.mat,0,0.19302294,78,60,-1,-1,False,0.69117415,0.21909794
20260204_100826_beam4_az118,20260204_100826,4,118.0,,,/home/tobeornot8259748/projects/balloon_radar_project/data/raw/detection_dataset/test/Background_IQ/IQ_Data/20260204_100826_beam4_az118.mat,0,0.07500514,49,66,-1,-1,False,0.7368682,0.33583632
20260204_100826_beam4_az127,20260204_100826,4,127.0,,,/home/tobeornot8259748/projects/balloon_radar_project/data/raw/detection_dataset/train/Background_IQ/IQ_Data/20260204_100826_beam4_az127.mat,0,0.17308232,11,59,-1,-1,False,0.6722372,0.28552085
20260204_100826_beam4_az136,20260204_100826,4,136.0,,,/home/tobeornot8259748/projects/balloon_radar_project/data/raw/detection_dataset/train/Background_IQ/IQ_Data/20260204_100826_beam4_az136.mat,0,0.16004434,14,59,-1,-1,False,0.60746443,0.24280569
20260204_100826_beam4_az145,20260204_100826,4,145.0,,,/home/tobeornot8259748/projects/balloon_radar_project/data/raw/detection_dataset/train/Background_IQ/IQ_Data/20260204_100826_beam4_az145.mat,0,0.17888859,11,59,-1,-1,False,0.67470264,0.27197224
20260204_100826_beam4_az154,20260204_100826,4,154.0,,,/home/tobeornot8259748/projects/balloon_radar_project/data/raw/detection_dataset/train/Background_IQ/IQ_Data/20260204_100826_beam4_az154.mat,0,0.18853107,14,59,-1,-1,False,0.69081557,0.29805467
20260204_100826_beam4_az163,20260204_100826,4,163.0,,,/home/tobeornot8259748/projects/balloon_radar_project/data/raw/detection_dataset/train/Background_IQ/IQ_Data/20260204_100826_beam4_az163.mat,0,0.1907038,13,59,-1,-1,False,0.6468973,0.2706936
20260204_100826_beam4_az172,20260204_100826,4,172.0,,,/home/tobeornot8259748/projects/balloon_radar_project/data/raw/detection_dataset/test/Background_IQ/IQ_Data/20260204_100826_beam4_az172.mat,0,0.043803036,29,117,-1,-1,False,0.6156149,0.2044625
20260204_100826_beam4_az181,20260204_100826,4,181.0,,,/home/tobeornot8259748/projects/balloon_radar_project/data/raw/detection_dataset/train/Background_IQ/IQ_Data/20260204_100826_beam4_az181.mat,0,0.18887621,61,59,-1,-1,False,0.68740875,0.21393248
20260204_100826_beam4_az190,20260204_100826,4,190.0,,,/home/tobeornot8259748/projects/balloon_radar_project/data/raw/detection_dataset/test/Background_IQ/IQ_Data/20260204_100826_beam4_az190.mat,0,0.04668554,81,65,-1,-1,False,0.6006796,0.06962025
20260204_100826_beam4_az199,20260204_100826,4,199.0,,,/home/tobeornot8259748/projects/balloon_radar_project/data/raw/detection_dataset/train/Background_IQ/IQ_Data/20260204_100826_beam4_az199.mat,0,0.25642893,71,68,-1,-1,False,0.71330595,0.19108297
20260204_100826_beam5_az001,20260204_100826,5,1.0,,,/home/tobeornot8259748/projects/balloon_radar_project/data/raw/detection_dataset/train/Background_IQ/IQ_Data/20260204_100826_beam5_az001.mat,0,0.3400867,78,65,-1,-1,False,0.5972756,0.11920462
20260204_100826_beam5_az010,20260204_100826,5,10.0,,,/home/tobeornot8259748/projects/balloon_radar_project/data/raw/detection_dataset/train/Background_IQ/IQ_Data/20260204_100826_beam5_az010.mat,0,0.07827773,59,69,-1,-1,False,0.6216274,0.08571684
20260204_100826_beam5_az019,20260204_100826,5,19.0,,,/home/tobeornot8259748/projects/balloon_radar_project/data/raw/detection_dataset/test/Background_IQ/IQ_Data/20260204_100826_beam5_az019.mat,0,0.191189,52,59,-1,-1,False,0.66830665,0.15437578
20260204_100826_beam5_az028,20260204_100826,5,28.0,,,/home/tobeornot8259748/projects/balloon_radar_project/data/raw/detection_dataset/train/Background_IQ/IQ_Data/20260204_100826_beam5_az028.mat,0,0.036672432,91,67,-1,-1,False,0.5110953,0.17250928
20260204_100826_beam5_az037,20260204_100826,5,37.0,,,/home/tobeornot8259748/projects/balloon_radar_project/data/raw/detection_dataset/train/Background_IQ/IQ_Data/20260204_100826_beam5_az037.mat,0,0.21840633,60,59,-1,-1,False,0.6830376,0.17114776
20260204_100826_beam5_az046,20260204_100826,5,46.0,,,/home/tobeornot8259748/projects/balloon_radar_project/data/raw/detection_dataset/train/Background_IQ/IQ_Data/20260204_100826_beam5_az046.mat,0,0.05009971,39,70,-1,-1,False,0.69172406,0.193774
20260204_100826_beam5_az055,20260204_100826,5,55.0,,,/home/tobeornot8259748/projects/balloon_radar_project/data/raw/detection_dataset/train/Background_IQ/IQ_Data/20260204_100826_beam5_az055.mat,0,0.107624464,52,59,-1,-1,False,0.65208656,0.1235567
20260204_100826_beam5_az064,20260204_100826,5,64.0,,,/home/tobeornot8259748/projects/balloon_radar_project/data/raw/detection_dataset/val/Background_IQ/IQ_Data/20260204_100826_beam5_az064.mat,0,0.033220474,29,99,-1,-1,False,0.6996966,0.18656762
20260204_100826_beam5_az073,20260204_100826,5,73.0,,,/home/tobeornot8259748/projects/balloon_radar_project/data/raw/detection_dataset/train/Background_IQ/IQ_Data/20260204_100826_beam5_az073.mat,0,0.14054716,20,120,-1,-1,False,0.57004476,0.1804456
20260204_100826_beam5_az082,20260204_100826,5,82.0,,,/home/tobeornot8259748/projects/balloon_radar_project/data/raw/detection_dataset/train/Background_IQ/IQ_Data/20260204_100826_beam5_az082.mat,0,0.11522592,57,69,-1,-1,False,0.5992998,0.09268752
20260204_100826_beam5_az091,20260204_100826,5,91.0,,,/home/tobeornot8259748/projects/balloon_radar_project/data/raw/detection_dataset/train/Background_IQ/IQ_Data/20260204_100826_beam5_az091.mat,0,0.14737535,69,65,-1,-1,False,0.674503,0.22921632
20260204_100826_beam5_az100,20260204_100826,5,100.0,,,/home/tobeornot8259748/projects/balloon_radar_project/data/raw/detection_dataset/train/Background_IQ/IQ_Data/20260204_100826_beam5_az100.mat,0,0.036944676,48,10,-1,-1,False,0.60107,3.613876e-06
20260204_100826_beam5_az109,20260204_100826,5,109.0,,,/home/tobeornot8259748/projects/balloon_radar_project/data/raw/detection_dataset/train/Background_IQ/IQ_Data/20260204_100826_beam5_az109.mat,0,0.11197078,77,59,-1,-1,False,0.64379644,0.15113316
20260204_100826_beam5_az118,20260204_100826,5,118.0,,,/home/tobeornot8259748/projects/balloon_radar_project/data/raw/detection_dataset/test/Background_IQ/IQ_Data/20260204_100826_beam5_az118.mat,0,0.085409515,48,66,-1,-1,False,0.678456,0.18845794
20260204_100826_beam5_az127,20260204_100826,5,127.0,,,/home/tobeornot8259748/projects/balloon_radar_project/data/raw/detection_dataset/train/Background_IQ/IQ_Data/20260204_100826_beam5_az127.mat,0,0.13825393,59,69,-1,-1,False,0.65439874,0.27582544
20260204_100826_beam5_az136,20260204_100826,5,136.0,,,/home/tobeornot8259748/projects/balloon_radar_project/data/raw/detection_dataset/train/Background_IQ/IQ_Data/20260204_100826_beam5_az136.mat,0,0.035052396,0,21,-1,-1,False,0.29191127,0.0
20260204_100826_beam5_az145,20260204_100826,5,145.0,,,/home/tobeornot8259748/projects/balloon_radar_project/data/raw/detection_dataset/test/Background_IQ/IQ_Data/20260204_100826_beam5_az145.mat,0,0.05387943,20,66,-1,-1,False,0.6810277,0.4242601
20260204_100826_beam5_az154,20260204_100826,5,154.0,,,/home/tobeornot8259748/projects/balloon_radar_project/data/raw/detection_dataset/train/Background_IQ/IQ_Data/20260204_100826_beam5_az154.mat,0,0.03542488,1,1,-1,-1,False,0.3058414,0.0
20260204_100826_beam5_az163,20260204_100826,5,163.0,,,/home/tobeornot8259748/projects/balloon_radar_project/data/raw/detection_dataset/test/Background_IQ/IQ_Data/20260204_100826_beam5_az163.mat,0,0.073507525,54,59,-1,-1,False,0.5887918,0.19315115
20260204_100826_beam5_az172,20260204_100826,5,172.0,,,/home/tobeornot8259748/projects/balloon_radar_project/data/raw/detection_dataset/train/Background_IQ/IQ_Data/20260204_100826_beam5_az172.mat,0,0.059203144,29,100,-1,-1,False,0.6226395,0.22812694
20260204_100826_beam5_az181,20260204_100826,5,181.0,,,/home/tobeornot8259748/projects/balloon_radar_project/data/raw/detection_dataset/val/Background_IQ/IQ_Data/20260204_100826_beam5_az181.mat,0,0.25394902,63,59,-1,-1,False,0.7087477,0.24214125
20260204_100826_beam5_az190,20260204_100826,5,190.0,,,/home/tobeornot8259748/projects/balloon_radar_project/data/raw/detection_dataset/train/Background_IQ/IQ_Data/20260204_100826_beam5_az190.mat,0,0.050316982,30,58,-1,-1,False,0.73124725,0.21189553
20260204_100826_beam5_az199,20260204_100826,5,199.0,,,/home/tobeornot8259748/projects/balloon_radar_project/data/raw/detection_dataset/train/Background_IQ/IQ_Data/20260204_100826_beam5_az199.mat,0,0.45580104,75,65,-1,-1,False,0.6158691,0.07087803
20260204_100845_beam1_az001,20260204_100845,1,1.0,,,/home/tobeornot8259748/projects/balloon_radar_project/data/raw/detection_dataset/train/Background_IQ/IQ_Data/20260204_100845_beam1_az001.mat,0,0.40106884,94,63,-1,-1,False,0.41848436,0.07645215
20260204_100845_beam1_az010,20260204_100845,1,10.0,,,/home/tobeornot8259748/projects/balloon_radar_project/data/raw/detection_dataset/val/Background_IQ/IQ_Data/20260204_100845_beam1_az010.mat,0,0.64736557,27,121,-1,-1,False,0.75524014,0.1372074
20260204_100845_beam1_az019,20260204_100845,1,19.0,,,/home/tobeornot8259748/projects/balloon_radar_project/data/raw/detection_dataset/train/Background_IQ/IQ_Data/20260204_100845_beam1_az019.mat,0,0.2942397,52,67,-1,-1,False,0.6759109,0.18791977
20260204_100845_beam1_az028,20260204_100845,1,28.0,,,/home/tobeornot8259748/projects/balloon_radar_project/data/raw/detection_dataset/train/Background_IQ/IQ_Data/20260204_100845_beam1_az028.mat,0,0.6111815,95,63,-1,-1,False,0.34032232,0.007488446
20260204_100845_beam1_az037,20260204_100845,1,37.0,,,/home/tobeornot8259748/projects/balloon_radar_project/data/raw/detection_dataset/train/Background_IQ/IQ_Data/20260204_100845_beam1_az037.mat,0,0.7646418,39,65,-1,-1,False,0.73762906,0.4879298
20260204_100845_beam1_az046,20260204_100845,1,46.0,,,/home/tobeornot8259748/projects/balloon_radar_project/data/raw/detection_dataset/val/Background_IQ/IQ_Data/20260204_100845_beam1_az046.mat,0,0.42106438,95,63,-1,-1,False,0.36108294,0.007679236
20260204_100845_beam1_az055,20260204_100845,1,55.0,,,/home/tobeornot8259748/projects/balloon_radar_project/data/raw/detection_dataset/train/Background_IQ/IQ_Data/20260204_100845_beam1_az055.mat,0,0.34105906,44,69,-1,-1,False,0.74659395,0.22099693
20260204_100845_beam1_az064,20260204_100845,1,64.0,,,/home/tobeornot8259748/projects/balloon_radar_project/data/raw/detection_dataset/train/Background_IQ/IQ_Data/20260204_100845_beam1_az064.mat,0,0.547139,52,65,-1,-1,False,0.7330268,0.18242256
20260204_100845_beam1_az073,20260204_100845,1,73.0,,,/home/tobeornot8259748/projects/balloon_radar_project/data/raw/detection_dataset/train/Background_IQ/IQ_Data/20260204_100845_beam1_az073.mat,0,0.25137118,16,70,-1,-1,False,0.68070674,0.25499222
20260204_100845_beam1_az082,20260204_100845,1,82.0,,,/home/tobeornot8259748/projects/balloon_radar_project/data/raw/detection_dataset/train/Background_IQ/IQ_Data/20260204_100845_beam1_az082.mat,0,0.6386295,70,73,-1,-1,False,0.60947996,0.08734145
20260204_100845_beam1_az091,20260204_100845,1,91.0,,,/home/tobeornot8259748/projects/balloon_radar_project/data/raw/detection_dataset/train/Background_IQ/IQ_Data/20260204_100845_beam1_az091.mat,0,0.5796085,76,73,-1,-1,False,0.7753288,0.046328444
20260204_100845_beam1_az100,20260204_100845,1,100.0,,,/home/tobeornot8259748/projects/balloon_radar_project/data/raw/detection_dataset/train/Background_IQ/IQ_Data/20260204_100845_beam1_az100.mat,0,0.59246254,60,66,-1,-1,False,0.7585315,0.29165608
20260204_100845_beam1_az109,20260204_100845,1,109.0,,,/home/tobeornot8259748/projects/balloon_radar_project/data/raw/detection_dataset/train/Background_IQ/IQ_Data/20260204_100845_beam1_az109.mat,0,0.3001187,33,59,-1,-1,False,0.73747903,0.13127075
20260204_100845_beam1_az118,20260204_100845,1,118.0,,,/home/tobeornot8259748/projects/balloon_radar_project/data/raw/detection_dataset/train/Background_IQ/IQ_Data/20260204_100845_beam1_az118.mat,0,0.23687792,71,68,-1,-1,False,0.79076487,0.01507611
20260204_100845_beam1_az127,20260204_100845,1,127.0,,,/home/tobeornot8259748/projects/balloon_radar_project/data/raw/detection_dataset/train/Background_IQ/IQ_Data/20260204_100845_beam1_az127.mat,0,0.43077433,41,65,-1,-1,False,0.76826054,0.33443
20260204_100845_beam1_az136,20260204_100845,1,136.0,,,/home/tobeornot8259748/projects/balloon_radar_project/data/raw/detection_dataset/train/Background_IQ/IQ_Data/20260204_100845_beam1_az136.mat,0,0.48263314,68,67,-1,-1,False,0.7551014,0.21738955
20260204_100845_beam1_az145,20260204_100845,1,145.0,,,/home/tobeornot8259748/projects/balloon_radar_project/data/raw/detection_dataset/train/Background_IQ/IQ_Data/20260204_100845_beam1_az145.mat,0,0.5872354,42,60,-1,-1,False,0.73995095,0.21287452
20260204_100845_beam1_az154,20260204_100845,1,154.0,,,/home/tobeornot8259748/projects/balloon_radar_project/data/raw/detection_dataset/test/Background_IQ/IQ_Data/20260204_100845_beam1_az154.mat,0,0.4499948,49,60,-1,-1,False,0.7542721,0.3243718
20260204_100845_beam1_az163,20260204_100845,1,163.0,,,/home/tobeornot8259748/projects/balloon_radar_project/data/raw/detection_dataset/val/Background_IQ/IQ_Data/20260204_100845_beam1_az163.mat,0,0.39694664,43,60,-1,-1,False,0.73883164,0.29685733
20260204_100845_beam1_az172,20260204_100845,1,172.0,,,/home/tobeornot8259748/projects/balloon_radar_project/data/raw/detection_dataset/train/Background_IQ/IQ_Data/20260204_100845_beam1_az172.mat,0,0.50282943,53,65,-1,-1,False,0.75055283,0.17508091
20260204_100845_beam1_az181,20260204_100845,1,181.0,,,/home/tobeornot8259748/projects/balloon_radar_project/data/raw/detection_dataset/train/Background_IQ/IQ_Data/20260204_100845_beam1_az181.mat,0,0.50866914,62,61,-1,-1,False,0.74815416,0.19495036
20260204_100845_beam1_az190,20260204_100845,1,190.0,,,/home/tobeornot8259748/projects/balloon_radar_project/data/raw/detection_dataset/train/Background_IQ/IQ_Data/20260204_100845_beam1_az190.mat,0,0.73996806,74,66,-1,-1,False,0.6857589,0.45382825
20260204_100845_beam1_az199,20260204_100845,1,199.0,,,/home/tobeornot8259748/projects/balloon_radar_project/data/raw/detection_dataset/train/Background_IQ/IQ_Data/20260204_100845_beam1_az199.mat,0,0.601201,69,65,-1,-1,False,0.7881872,0.2751644
20260204_100845_beam1_az208,20260204_100845,1,208.0,,,/home/tobeornot8259748/projects/balloon_radar_project/data/raw/detection_dataset/test/Background_IQ/IQ_Data/20260204_100845_beam1_az208.mat,0,0.5318469,73,67,-1,-1,False,0.72352,0.24525018
20260204_100845_beam1_az217,20260204_100845,1,217.0,,,/home/tobeornot8259748/projects/balloon_radar_project/data/raw/detection_dataset/train/Background_IQ/IQ_Data/20260204_100845_beam1_az217.mat,0,0.46378288,61,61,-1,-1,False,0.75876117,0.062136948
20260204_100845_beam1_az226,20260204_100845,1,226.0,,,/home/tobeornot8259748/projects/balloon_radar_project/data/raw/detection_dataset/train/Background_IQ/IQ_Data/20260204_100845_beam1_az226.mat,0,0.3192366,68,59,-1,-1,False,0.61190367,0.1072168
20260204_100845_beam1_az235,20260204_100845,1,235.0,,,/home/tobeornot8259748/projects/balloon_radar_project/data/raw/detection_dataset/val/Background_IQ/IQ_Data/20260204_100845_beam1_az235.mat,0,0.5715948,25,53,-1,-1,False,0.6198708,0.082040615
20260204_100845_beam1_az244,20260204_100845,1,244.0,,,/home/tobeornot8259748/projects/balloon_radar_project/data/raw/detection_dataset/train/Background_IQ/IQ_Data/20260204_100845_beam1_az244.mat,0,0.18825918,4,65,-1,-1,False,0.46521044,0.15275106
20260204_100845_beam1_az253,20260204_100845,1,253.0,,,/home/tobeornot8259748/projects/balloon_radar_project/data/raw/detection_dataset/train/Background_IQ/IQ_Data/20260204_100845_beam1_az253.mat,0,0.6566028,32,57,-1,-1,False,0.753963,0.3244475
20260204_100845_beam1_az262,20260204_100845,1,262.0,,,/home/tobeornot8259748/projects/balloon_radar_project/data/raw/detection_dataset/train/Background_IQ/IQ_Data/20260204_100845_beam1_az262.mat,0,0.35389492,65,59,-1,-1,False,0.6254076,0.17330505
20260204_100845_beam2_az001,20260204_100845,2,1.0,,,/home/tobeornot8259748/projects/balloon_radar_project/data/raw/detection_dataset/test/Background_IQ/IQ_Data/20260204_100845_beam2_az001.mat,0,0.12530905,35,50,-1,-1,False,0.8203086,0.0037607697
20260204_100845_beam2_az010,20260204_100845,2,10.0,,,/home/tobeornot8259748/projects/balloon_radar_project/data/raw/detection_dataset/train/Background_IQ/IQ_Data/20260204_100845_beam2_az010.mat,0,0.5821175,26,124,-1,-1,False,0.71121395,0.103145905
20260204_100845_beam2_az019,20260204_100845,2,19.0,,,/home/tobeornot8259748/projects/balloon_radar_project/data/raw/detection_dataset/train/Background_IQ/IQ_Data/20260204_100845_beam2_az019.mat,0,0.25717956,75,69,-1,-1,False,0.6644418,0.12045045
20260204_100845_beam2_az028,20260204_100845,2,28.0,,,/home/tobeornot8259748/projects/balloon_radar_project/data/raw/detection_dataset/val/Background_IQ/IQ_Data/20260204_100845_beam2_az028.mat,0,0.44005832,32,69,-1,-1,False,0.7667362,0.2665194
20260204_100845_beam2_az037,20260204_100845,2,37.0,,,/home/tobeornot8259748/projects/balloon_radar_project/data/raw/detection_dataset/train/Background_IQ/IQ_Data/20260204_100845_beam2_az037.mat,0,0.68620956,35,65,-1,-1,False,0.7646244,0.37154555
20260204_100845_beam2_az046,20260204_100845,2,46.0,,,/home/tobeornot8259748/projects/balloon_radar_project/data/raw/detection_dataset/train/Background_IQ/IQ_Data/20260204_100845_beam2_az046.mat,0,0.25311807,42,69,-1,-1,False,0.7985058,0.07771846
20260204_100845_beam2_az055,20260204_100845,2,55.0,,,/home/tobeornot8259748/projects/balloon_radar_project/data/raw/detection_dataset/train/Background_IQ/IQ_Data/20260204_100845_beam2_az055.mat,0,0.32828337,43,69,-1,-1,False,0.7617448,0.23350605
20260204_100845_beam2_az064,20260204_100845,2,64.0,,,/home/tobeornot8259748/projects/balloon_radar_project/data/raw/detection_dataset/train/Background_IQ/IQ_Data/20260204_100845_beam2_az064.mat,0,0.56657654,53,66,-1,-1,False,0.68540806,0.20902152
20260204_100845_beam2_az073,20260204_100845,2,73.0,,,/home/tobeornot8259748/projects/balloon_radar_project/data/raw/detection_dataset/val/Background_IQ/IQ_Data/20260204_100845_beam2_az073.mat,0,0.33685288,56,64,-1,-1,False,0.8323804,0.09671773
20260204_100845_beam2_az082,20260204_100845,2,82.0,,,/home/tobeornot8259748/projects/balloon_radar_project/data/raw/detection_dataset/train/Background_IQ/IQ_Data/20260204_100845_beam2_az082.mat,0,0.67879146,72,71,-1,-1,False,0.6230359,0.25229916
20260204_100845_beam2_az091,20260204_100845,2,91.0,,,/home/tobeornot8259748/projects/balloon_radar_project/data/raw/detection_dataset/train/Background_IQ/IQ_Data/20260204_100845_beam2_az091.mat,0,0.29030824,97,67,-1,-1,False,0.40223217,0.08660543
20260204_100845_beam2_az100,20260204_100845,2,100.0,,,/home/tobeornot8259748/projects/balloon_radar_project/data/raw/detection_dataset/train/Background_IQ/IQ_Data/20260204_100845_beam2_az100.mat,0,0.53506374,58,66,-1,-1,False,0.72945166,0.43962678
20260204_100845_beam2_az109,20260204_100845,2,109.0,,,/home/tobeornot8259748/projects/balloon_radar_project/data/raw/detection_dataset/train/Background_IQ/IQ_Data/20260204_100845_beam2_az109.mat,0,0.25302112,48,70,-1,-1,False,0.7575558,0.19934858
20260204_100845_beam2_az118,20260204_100845,2,118.0,,,/home/tobeornot8259748/projects/balloon_radar_project/data/raw/detection_dataset/train/Background_IQ/IQ_Data/20260204_100845_beam2_az118.mat,0,0.32739112,48,60,-1,-1,False,0.7945351,0.10046367
20260204_100845_beam2_az127,20260204_100845,2,127.0,,,/home/tobeornot8259748/projects/balloon_radar_project/data/raw/detection_dataset/val/Background_IQ/IQ_Data/20260204_100845_beam2_az127.mat,0,0.42535016,75,68,-1,-1,False,0.7742581,0.15505168
20260204_100845_beam2_az136,20260204_100845,2,136.0,,,/home/tobeornot8259748/projects/balloon_radar_project/data/raw/detection_dataset/train/Background_IQ/IQ_Data/20260204_100845_beam2_az136.mat,0,0.41463843,60,60,-1,-1,False,0.7224028,0.2214149
20260204_100845_beam2_az145,20260204_100845,2,145.0,,,/home/tobeornot8259748/projects/balloon_radar_project/data/raw/detection_dataset/train/Background_IQ/IQ_Data/20260204_100845_beam2_az145.mat,0,0.58419687,69,60,-1,-1,False,0.7424923,0.38354892
20260204_100845_beam2_az154,20260204_100845,2,154.0,,,/home/tobeornot8259748/projects/balloon_radar_project/data/raw/detection_dataset/val/Background_IQ/IQ_Data/20260204_100845_beam2_az154.mat,0,0.323303,55,65,-1,-1,False,0.75309974,0.22937466
20260204_100845_beam2_az163,20260204_100845,2,163.0,,,/home/tobeornot8259748/projects/balloon_radar_project/data/raw/detection_dataset/train/Background_IQ/IQ_Data/20260204_100845_beam2_az163.mat,0,0.38075754,45,60,-1,-1,False,0.73692447,0.30173734
20260204_100845_beam2_az172,20260204_100845,2,172.0,,,/home/tobeornot8259748/projects/balloon_radar_project/data/raw/detection_dataset/test/Background_IQ/IQ_Data/20260204_100845_beam2_az172.mat,0,0.3775289,66,67,-1,-1,False,0.69823015,0.17816292
20260204_100845_beam2_az181,20260204_100845,2,181.0,,,/home/tobeornot8259748/projects/balloon_radar_project/data/raw/detection_dataset/val/Background_IQ/IQ_Data/20260204_100845_beam2_az181.mat,0,0.3752522,50,59,-1,-1,False,0.7573089,0.17727819
20260204_100845_beam2_az190,20260204_100845,2,190.0,,,/home/tobeornot8259748/projects/balloon_radar_project/data/raw/detection_dataset/train/Background_IQ/IQ_Data/20260204_100845_beam2_az190.mat,0,0.23109163,45,59,-1,-1,False,0.5959851,0.16771415
20260204_100845_beam2_az199,20260204_100845,2,199.0,,,/home/tobeornot8259748/projects/balloon_radar_project/data/raw/detection_dataset/train/Background_IQ/IQ_Data/20260204_100845_beam2_az199.mat,0,0.38454336,64,60,-1,-1,False,0.74890983,0.15159646
20260204_100845_beam2_az208,20260204_100845,2,208.0,,,/home/tobeornot8259748/projects/balloon_radar_project/data/raw/detection_dataset/train/Background_IQ/IQ_Data/20260204_100845_beam2_az208.mat,0,0.5395135,72,65,-1,-1,False,0.6718792,0.25925076
20260204_100845_beam2_az217,20260204_100845,2,217.0,,,/home/tobeornot8259748/projects/balloon_radar_project/data/raw/detection_dataset/test/Background_IQ/IQ_Data/20260204_100845_beam2_az217.mat,0,0.35423368,25,100,-1,-1,False,0.73799735,0.01729354
20260204_100845_beam2_az226,20260204_100845,2,226.0,,,/home/tobeornot8259748/projects/balloon_radar_project/data/raw/detection_dataset/train/Background_IQ/IQ_Data/20260204_100845_beam2_az226.mat,0,0.28160134,65,60,-1,-1,False,0.6441753,0.16272132
20260204_100845_beam2_az235,20260204_100845,2,235.0,,,/home/tobeornot8259748/projects/balloon_radar_project/data/raw/detection_dataset/train/Background_IQ/IQ_Data/20260204_100845_beam2_az235.mat,0,0.7865106,63,66,-1,-1,False,0.6919177,0.35883963
20260204_100845_beam2_az244,20260204_100845,2,244.0,,,/home/tobeornot8259748/projects/balloon_radar_project/data/raw/detection_dataset/train/Background_IQ/IQ_Data/20260204_100845_beam2_az244.mat,0,0.14445247,61,69,-1,-1,False,0.60995847,0.16541435
20260204_100845_beam2_az253,20260204_100845,2,253.0,,,/home/tobeornot8259748/projects/balloon_radar_project/data/raw/detection_dataset/test/Background_IQ/IQ_Data/20260204_100845_beam2_az253.mat,0,0.4135936,25,32,-1,-1,False,0.687044,0.08129413
20260204_100845_beam2_az262,20260204_100845,2,262.0,,,/home/tobeornot8259748/projects/balloon_radar_project/data/raw/detection_dataset/train/Background_IQ/IQ_Data/20260204_100845_beam2_az262.mat,0,0.3345666,69,59,-1,-1,False,0.63028884,0.19505435
20260204_100845_beam3_az001,20260204_100845,3,1.0,,,/home/tobeornot8259748/projects/balloon_radar_project/data/raw/detection_dataset/train/Background_IQ/IQ_Data/20260204_100845_beam3_az001.mat,0,0.13918142,18,75,-1,-1,False,0.64858824,0.000104124505
20260204_100845_beam3_az010,20260204_100845,3,10.0,,,/home/tobeornot8259748/projects/balloon_radar_project/data/raw/detection_dataset/train/Background_IQ/IQ_Data/20260204_100845_beam3_az010.mat,0,0.37240732,38,68,-1,-1,False,0.77044564,0.44024655
20260204_100845_beam3_az019,20260204_100845,3,19.0,,,/home/tobeornot8259748/projects/balloon_radar_project/data/raw/detection_dataset/train/Background_IQ/IQ_Data/20260204_100845_beam3_az019.mat,0,0.36874413,69,67,-1,-1,False,0.7235515,0.13180304
20260204_100845_beam3_az028,20260204_100845,3,28.0,,,/home/tobeornot8259748/projects/balloon_radar_project/data/raw/detection_dataset/val/Background_IQ/IQ_Data/20260204_100845_beam3_az028.mat,0,0.5049165,68,60,-1,-1,False,0.75801694,0.11535253
20260204_100845_beam3_az037,20260204_100845,3,37.0,,,/home/tobeornot8259748/projects/balloon_radar_project/data/raw/detection_dataset/test/Background_IQ/IQ_Data/20260204_100845_beam3_az037.mat,0,0.41911867,72,68,-1,-1,False,0.79206717,0.17474675
20260204_100845_beam3_az046,20260204_100845,3,46.0,,,/home/tobeornot8259748/projects/balloon_radar_project/data/raw/detection_dataset/train/Background_IQ/IQ_Data/20260204_100845_beam3_az046.mat,0,0.27553937,34,59,-1,-1,False,0.7515783,0.19327664
20260204_100845_beam3_az055,20260204_100845,3,55.0,,,/home/tobeornot8259748/projects/balloon_radar_project/data/raw/detection_dataset/train/Background_IQ/IQ_Data/20260204_100845_beam3_az055.mat,0,0.30681905,39,60,-1,-1,False,0.8070889,0.30877498
20260204_100845_beam3_az064,20260204_100845,3,64.0,,,/home/tobeornot8259748/projects/balloon_radar_project/data/raw/detection_dataset/train/Background_IQ/IQ_Data/20260204_100845_beam3_az064.mat,0,0.61788946,67,60,-1,-1,False,0.68162245,0.25175947
20260204_100845_beam3_az073,20260204_100845,3,73.0,,,/home/tobeornot8259748/projects/balloon_radar_project/data/raw/detection_dataset/train/Background_IQ/IQ_Data/20260204_100845_beam3_az073.mat,0,0.27723876,96,60,-1,-1,False,0.4192439,0.07528883
20260204_100845_beam3_az082,20260204_100845,3,82.0,,,/home/tobeornot8259748/projects/balloon_radar_project/data/raw/detection_dataset/val/Background_IQ/IQ_Data/20260204_100845_beam3_az082.mat,0,0.6924124,77,75,-1,-1,False,0.6239989,0.19054566
20260204_100845_beam3_az091,20260204_100845,3,91.0,,,/home/tobeornot8259748/projects/balloon_radar_project/data/raw/detection_dataset/train/Background_IQ/IQ_Data/20260204_100845_beam3_az091.mat,0,0.5820575,50,66,-1,-1,False,0.80874234,0.19309065
20260204_100845_beam3_az100,20260204_100845,3,100.0,,,/home/tobeornot8259748/projects/balloon_radar_project/data/raw/detection_dataset/val/Background_IQ/IQ_Data/20260204_100845_beam3_az100.mat,0,0.42755288,58,66,-1,-1,False,0.7172753,0.43975464
20260204_100845_beam3_az109,20260204_100845,3,109.0,,,/home/tobeornot8259748/projects/balloon_radar_project/data/raw/detection_dataset/train/Background_IQ/IQ_Data/20260204_100845_beam3_az109.mat,0,0.4472282,40,60,-1,-1,False,0.81685686,0.35774365
20260204_100845_beam3_az118,20260204_100845,3,118.0,,,/home/tobeornot8259748/projects/balloon_radar_project/data/raw/detection_dataset/val/Background_IQ/IQ_Data/20260204_100845_beam3_az118.mat,0,0.2681303,44,59,-1,-1,False,0.77399594,0.14932059
20260204_100845_beam3_az127,20260204_100845,3,127.0,,,/home/tobeornot8259748/projects/balloon_radar_project/data/raw/detection_dataset/train/Background_IQ/IQ_Data/20260204_100845_beam3_az127.mat,0,0.36552146,76,68,-1,-1,False,0.783265,0.113165334
20260204_100845_beam3_az136,20260204_100845,3,136.0,,,/home/tobeornot8259748/projects/balloon_radar_project/data/raw/detection_dataset/train/Background_IQ/IQ_Data/20260204_100845_beam3_az136.mat,0,0.37002057,51,60,-1,-1,False,0.7348189,0.26833573
20260204_100845_beam3_az145,20260204_100845,3,145.0,,,/home/tobeornot8259748/projects/balloon_radar_project/data/raw/detection_dataset/train/Background_IQ/IQ_Data/20260204_100845_beam3_az145.mat,0,0.6687264,68,61,-1,-1,False,0.75274366,0.42916295
20260204_100845_beam3_az154,20260204_100845,3,154.0,,,/home/tobeornot8259748/projects/balloon_radar_project/data/raw/detection_dataset/val/Background_IQ/IQ_Data/20260204_100845_beam3_az154.mat,0,0.47682804,55,65,-1,-1,False,0.7227733,0.2930222
20260204_100845_beam3_az163,20260204_100845,3,163.0,,,/home/tobeornot8259748/projects/balloon_radar_project/data/raw/detection_dataset/train/Background_IQ/IQ_Data/20260204_100845_beam3_az163.mat,0,0.33926475,31,65,-1,-1,False,0.7682282,0.29131547
20260204_100845_beam3_az172,20260204_100845,3,172.0,,,/home/tobeornot8259748/projects/balloon_radar_project/data/raw/detection_dataset/train/Background_IQ/IQ_Data/20260204_100845_beam3_az172.mat,0,0.56797934,66,65,-1,-1,False,0.68442273,0.27224854
20260204_100845_beam3_az181,20260204_100845,3,181.0,,,/home/tobeornot8259748/projects/balloon_radar_project/data/raw/detection_dataset/train/Background_IQ/IQ_Data/20260204_100845_beam3_az181.mat,0,0.2632878,66,60,-1,-1,False,0.78141093,0.11111282
20260204_100845_beam3_az190,20260204_100845,3,190.0,,,/home/tobeornot8259748/projects/balloon_radar_project/data/raw/detection_dataset/train/Background_IQ/IQ_Data/20260204_100845_beam3_az190.mat,0,0.3325516,46,60,-1,-1,False,0.62643045,0.22826597
20260204_100845_beam3_az199,20260204_100845,3,199.0,,,/home/tobeornot8259748/projects/balloon_radar_project/data/raw/detection_dataset/val/Background_IQ/IQ_Data/20260204_100845_beam3_az199.mat,0,0.533129,64,60,-1,-1,False,0.74355656,0.14558159
20260204_100845_beam3_az208,20260204_100845,3,208.0,,,/home/tobeornot8259748/projects/balloon_radar_project/data/raw/detection_dataset/val/Background_IQ/IQ_Data/20260204_100845_beam3_az208.mat,0,0.4307884,48,65,-1,-1,False,0.7086991,0.4247594
20260204_100845_beam3_az217,20260204_100845,3,217.0,,,/home/tobeornot8259748/projects/balloon_radar_project/data/raw/detection_dataset/train/Background_IQ/IQ_Data/20260204_100845_beam3_az217.mat,0,0.23405655,78,60,-1,-1,False,0.78634596,0.03704224
20260204_100845_beam3_az226,20260204_100845,3,226.0,,,/home/tobeornot8259748/projects/balloon_radar_project/data/raw/detection_dataset/test/Background_IQ/IQ_Data/20260204_100845_beam3_az226.mat,0,0.41744474,58,60,-1,-1,False,0.6611717,0.16700473
20260204_100845_beam3_az235,20260204_100845,3,235.0,,,/home/tobeornot8259748/projects/balloon_radar_project/data/raw/detection_dataset/train/Background_IQ/IQ_Data/20260204_100845_beam3_az235.mat,0,0.83298594,63,66,-1,-1,False,0.68497264,0.34990776
20260204_100845_beam3_az244,20260204_100845,3,244.0,,,/home/tobeornot8259748/projects/balloon_radar_project/data/raw/detection_dataset/train/Background_IQ/IQ_Data/20260204_100845_beam3_az244.mat,0,0.1535446,61,69,-1,-1,False,0.61140674,0.16801704
20260204_100845_beam3_az253,20260204_100845,3,253.0,,,/home/tobeornot8259748/projects/balloon_radar_project/data/raw/detection_dataset/train/Background_IQ/IQ_Data/20260204_100845_beam3_az253.mat,0,0.2837708,48,65,-1,-1,False,0.69547063,0.16196865
20260204_100845_beam3_az262,20260204_100845,3,262.0,,,/home/tobeornot8259748/projects/balloon_radar_project/data/raw/detection_dataset/train/Background_IQ/IQ_Data/20260204_100845_beam3_az262.mat,0,0.33578157,71,59,-1,-1,False,0.625762,0.22203584
20260204_100845_beam4_az001,20260204_100845,4,1.0,,,/home/tobeornot8259748/projects/balloon_radar_project/data/raw/detection_dataset/test/Background_IQ/IQ_Data/20260204_100845_beam4_az001.mat,0,0.2485051,78,53,-1,-1,False,0.84422743,0.010377747
20260204_100845_beam4_az010,20260204_100845,4,10.0,,,/home/tobeornot8259748/projects/balloon_radar_project/data/raw/detection_dataset/train/Background_IQ/IQ_Data/20260204_100845_beam4_az010.mat,0,0.4003239,65,66,-1,-1,False,0.7280404,0.2238373
20260204_100845_beam4_az019,20260204_100845,4,19.0,,,/home/tobeornot8259748/projects/balloon_radar_project/data/raw/detection_dataset/train/Background_IQ/IQ_Data/20260204_100845_beam4_az019.mat,0,0.5124937,69,66,-1,-1,False,0.782143,0.092211105
20260204_100845_beam4_az028,20260204_100845,4,28.0,,,/home/tobeornot8259748/projects/balloon_radar_project/data/raw/detection_dataset/train/Background_IQ/IQ_Data/20260204_100845_beam4_az028.mat,0,0.4293088,66,60,-1,-1,False,0.73396385,0.161128
20260204_100845_beam4_az037,20260204_100845,4,37.0,,,/home/tobeornot8259748/projects/balloon_radar_project/data/raw/detection_dataset/train/Background_IQ/IQ_Data/20260204_100845_beam4_az037.mat,0,0.3328162,68,59,-1,-1,False,0.80989677,0.080443524
20260204_100845_beam4_az046,20260204_100845,4,46.0,,,/home/tobeornot8259748/projects/balloon_radar_project/data/raw/detection_dataset/train/Background_IQ/IQ_Data/20260204_100845_beam4_az046.mat,0,0.3185179,35,59,-1,-1,False,0.7304538,0.30066127
20260204_100845_beam4_az055,20260204_100845,4,55.0,,,/home/tobeornot8259748/projects/balloon_radar_project/data/raw/detection_dataset/test/Background_IQ/IQ_Data/20260204_100845_beam4_az055.mat,0,0.19060168,78,60,-1,-1,False,0.8111003,0.054083593
20260204_100845_beam4_az064,20260204_100845,4,64.0,,,/home/tobeornot8259748/projects/balloon_radar_project/data/raw/detection_dataset/test/Background_IQ/IQ_Data/20260204_100845_beam4_az064.mat,0,0.6004376,73,60,-1,-1,False,0.6692207,0.26137954
20260204_100845_beam4_az073,20260204_100845,4,73.0,,,/home/tobeornot8259748/projects/balloon_radar_project/data/raw/detection_dataset/train/Background_IQ/IQ_Data/20260204_100845_beam4_az073.mat,0,0.3463367,83,66,-1,-1,False,0.62469506,0.20371798
20260204_100845_beam4_az082,20260204_100845,4,82.0,,,/home/tobeornot8259748/projects/balloon_radar_project/data/raw/detection_dataset/val/Background_IQ/IQ_Data/20260204_100845_beam4_az082.mat,0,0.7414954,77,75,-1,-1,False,0.62139565,0.19448997
20260204_100845_beam4_az091,20260204_100845,4,91.0,,,/home/tobeornot8259748/projects/balloon_radar_project/data/raw/detection_dataset/train/Background_IQ/IQ_Data/20260204_100845_beam4_az091.mat,0,0.5671107,50,66,-1,-1,False,0.81698394,0.20176084
20260204_100845_beam4_az100,20260204_100845,4,100.0,,,/home/tobeornot8259748/projects/balloon_radar_project/data/raw/detection_dataset/train/Background_IQ/IQ_Data/20260204_100845_beam4_az100.mat,0,0.39110357,39,59,-1,-1,False,0.6905671,0.31584567
20260204_100845_beam4_az109,20260204_100845,4,109.0,,,/home/tobeornot8259748/projects/balloon_radar_project/data/raw/detection_dataset/train/Background_IQ/IQ_Data/20260204_100845_beam4_az109.mat,0,0.39544538,39,60,-1,-1,False,0.83538324,0.31882218
20260204_100845_beam4_az118,20260204_100845,4,118.0,,,/home/tobeornot8259748/projects/balloon_radar_project/data/raw/detection_dataset/train/Background_IQ/IQ_Data/20260204_100845_beam4_az118.mat,0,0.45021755,60,67,-1,-1,False,0.75479233,0.21341224
20260204_100845_beam4_az127,20260204_100845,4,127.0,,,/home/tobeornot8259748/projects/balloon_radar_project/data/raw/detection_dataset/test/Background_IQ/IQ_Data/20260204_100845_beam4_az127.mat,0,0.27979422,40,59,-1,-1,False,0.80412185,0.08359727
20260204_100845_beam4_az136,20260204_100845,4,136.0,,,/home/tobeornot8259748/projects/balloon_radar_project/data/raw/detection_dataset/train/Background_IQ/IQ_Data/20260204_100845_beam4_az136.mat,0,0.32714114,55,59,-1,-1,False,0.6966594,0.23780252
20260204_100845_beam4_az145,20260204_100845,4,145.0,,,/home/tobeornot8259748/projects/balloon_radar_project/data/raw/detection_dataset/test/Background_IQ/IQ_Data/20260204_100845_beam4_az145.mat,0,0.44046396,67,60,-1,-1,False,0.7701368,0.3194956
20260204_100845_beam4_az154,20260204_100845,4,154.0,,,/home/tobeornot8259748/projects/balloon_radar_project/data/raw/detection_dataset/train/Background_IQ/IQ_Data/20260204_100845_beam4_az154.mat,0,0.33560386,34,69,-1,-1,False,0.69736516,0.31964245
20260204_100845_beam4_az163,20260204_100845,4,163.0,,,/home/tobeornot8259748/projects/balloon_radar_project/data/raw/detection_dataset/train/Background_IQ/IQ_Data/20260204_100845_beam4_az163.mat,0,0.39782476,44,59,-1,-1,False,0.73028755,0.21287024
20260204_100845_beam4_az172,20260204_100845,4,172.0,,,/home/tobeornot8259748/projects/balloon_radar_project/data/raw/detection_dataset/train/Background_IQ/IQ_Data/20260204_100845_beam4_az172.mat,0,0.56519526,66,65,-1,-1,False,0.68308866,0.2959923
20260204_100845_beam4_az181,20260204_100845,4,181.0,,,/home/tobeornot8259748/projects/balloon_radar_project/data/raw/detection_dataset/train/Background_IQ/IQ_Data/20260204_100845_beam4_az181.mat,0,0.6051558,51,67,-1,-1,False,0.780412,0.17431024
20260204_100845_beam4_az190,20260204_100845,4,190.0,,,/home/tobeornot8259748/projects/balloon_radar_project/data/raw/detection_dataset/val/Background_IQ/IQ_Data/20260204_100845_beam4_az190.mat,0,0.30399004,46,60,-1,-1,False,0.6326973,0.22636907
20260204_100845_beam4_az199,20260204_100845,4,199.0,,,/home/tobeornot8259748/projects/balloon_radar_project/data/raw/detection_dataset/train/Background_IQ/IQ_Data/20260204_100845_beam4_az199.mat,0,0.42229858,70,65,-1,-1,False,0.8017993,0.2938323
20260204_100845_beam4_az208,20260204_100845,4,208.0,,,/home/tobeornot8259748/projects/balloon_radar_project/data/raw/detection_dataset/train/Background_IQ/IQ_Data/20260204_100845_beam4_az208.mat,0,0.33893585,77,67,-1,-1,False,0.6530674,0.20419408
20260204_100845_beam4_az217,20260204_100845,4,217.0,,,/home/tobeornot8259748/projects/balloon_radar_project/data/raw/detection_dataset/val/Background_IQ/IQ_Data/20260204_100845_beam4_az217.mat,0,0.51775116,94,63,-1,-1,False,0.3857062,0.044320796
20260204_100845_beam4_az226,20260204_100845,4,226.0,,,/home/tobeornot8259748/projects/balloon_radar_project/data/raw/detection_dataset/train/Background_IQ/IQ_Data/20260204_100845_beam4_az226.mat,0,0.67024434,61,66,-1,-1,False,0.7010767,0.24231373
20260204_100845_beam4_az235,20260204_100845,4,235.0,,,/home/tobeornot8259748/projects/balloon_radar_project/data/raw/detection_dataset/train/Background_IQ/IQ_Data/20260204_100845_beam4_az235.mat,0,0.52991056,64,60,-1,-1,False,0.6973977,0.26242182
20260204_100845_beam4_az244,20260204_100845,4,244.0,,,/home/tobeornot8259748/projects/balloon_radar_project/data/raw/detection_dataset/train/Background_IQ/IQ_Data/20260204_100845_beam4_az244.mat,0,0.26099616,66,59,-1,-1,False,0.6782835,0.19371685
20260204_100845_beam4_az253,20260204_100845,4,253.0,,,/home/tobeornot8259748/projects/balloon_radar_project/data/raw/detection_dataset/train/Background_IQ/IQ_Data/20260204_100845_beam4_az253.mat,0,0.37370166,47,67,-1,-1,False,0.71782476,0.19394296
20260204_100845_beam4_az262,20260204_100845,4,262.0,,,/home/tobeornot8259748/projects/balloon_radar_project/data/raw/detection_dataset/train/Background_IQ/IQ_Data/20260204_100845_beam4_az262.mat,0,0.3876343,71,59,-1,-1,False,0.6293124,0.25860083
20260204_100845_beam5_az001,20260204_100845,5,1.0,,,/home/tobeornot8259748/projects/balloon_radar_project/data/raw/detection_dataset/train/Background_IQ/IQ_Data/20260204_100845_beam5_az001.mat,0,0.30712274,83,69,-1,-1,False,0.59898657,0.09809974
20260204_100845_beam5_az010,20260204_100845,5,10.0,,,/home/tobeornot8259748/projects/balloon_radar_project/data/raw/detection_dataset/train/Background_IQ/IQ_Data/20260204_100845_beam5_az010.mat,0,0.4345731,46,60,-1,-1,False,0.7223751,0.23553173
20260204_100845_beam5_az019,20260204_100845,5,19.0,,,/home/tobeornot8259748/projects/balloon_radar_project/data/raw/detection_dataset/train/Background_IQ/IQ_Data/20260204_100845_beam5_az019.mat,0,0.39642403,34,70,-1,-1,False,0.8032839,0.26643458
20260204_100845_beam5_az028,20260204_100845,5,28.0,,,/home/tobeornot8259748/projects/balloon_radar_project/data/raw/detection_dataset/train/Background_IQ/IQ_Data/20260204_100845_beam5_az028.mat,0,0.44936225,73,67,-1,-1,False,0.7141718,0.23324491
20260204_100845_beam5_az037,20260204_100845,5,37.0,,,/home/tobeornot8259748/projects/balloon_radar_project/data/raw/detection_dataset/train/Background_IQ/IQ_Data/20260204_100845_beam5_az037.mat,0,0.22803701,22,20,-1,-1,False,0.7549904,0.016739216
20260204_100845_beam5_az046,20260204_100845,5,46.0,,,/home/tobeornot8259748/projects/balloon_radar_project/data/raw/detection_dataset/val/Background_IQ/IQ_Data/20260204_100845_beam5_az046.mat,0,0.4017127,57,59,-1,-1,False,0.7004214,0.23020442
20260204_100845_beam5_az055,20260204_100845,5,55.0,,,/home/tobeornot8259748/projects/balloon_radar_project/data/raw/detection_dataset/test/Background_IQ/IQ_Data/20260204_100845_beam5_az055.mat,0,0.23992299,83,69,-1,-1,False,0.55633354,0.080543056
20260204_100845_beam5_az064,20260204_100845,5,64.0,,,/home/tobeornot8259748/projects/balloon_radar_project/data/raw/detection_dataset/train/Background_IQ/IQ_Data/20260204_100845_beam5_az064.mat,0,0.56722707,73,60,-1,-1,False,0.6763493,0.20619978
20260204_100845_beam5_az073,20260204_100845,5,73.0,,,/home/tobeornot8259748/projects/balloon_radar_project/data/raw/detection_dataset/test/Background_IQ/IQ_Data/20260204_100845_beam5_az073.mat,0,0.55771226,85,66,-1,-1,False,0.5298385,0.25998265
20260204_100845_beam5_az082,20260204_100845,5,82.0,,,/home/tobeornot8259748/projects/balloon_radar_project/data/raw/detection_dataset/train/Background_IQ/IQ_Data/20260204_100845_beam5_az082.mat,0,0.8068042,71,75,-1,-1,False,0.62135947,0.16274747
20260204_100845_beam5_az091,20260204_100845,5,91.0,,,/home/tobeornot8259748/projects/balloon_radar_project/data/raw/detection_dataset/val/Background_IQ/IQ_Data/20260204_100845_beam5_az091.mat,0,0.4104767,85,66,-1,-1,False,0.51531965,0.17719977
20260204_100845_beam5_az100,20260204_100845,5,100.0,,,/home/tobeornot8259748/projects/balloon_radar_project/data/raw/detection_dataset/test/Background_IQ/IQ_Data/20260204_100845_beam5_az100.mat,0,0.3216877,38,59,-1,-1,False,0.6982149,0.28368014
20260204_100845_beam5_az109,20260204_100845,5,109.0,,,/home/tobeornot8259748/projects/balloon_radar_project/data/raw/detection_dataset/train/Background_IQ/IQ_Data/20260204_100845_beam5_az109.mat,0,0.40202737,85,66,-1,-1,False,0.5220527,0.13070308
20260204_100845_beam5_az118,20260204_100845,5,118.0,,,/home/tobeornot8259748/projects/balloon_radar_project/data/raw/detection_dataset/train/Background_IQ/IQ_Data/20260204_100845_beam5_az118.mat,0,0.4354141,62,60,-1,-1,False,0.7503634,0.15308431
20260204_100845_beam5_az127,20260204_100845,5,127.0,,,/home/tobeornot8259748/projects/balloon_radar_project/data/raw/detection_dataset/test/Background_IQ/IQ_Data/20260204_100845_beam5_az127.mat,0,0.22745486,74,42,-1,-1,False,0.82597065,0.0034562503
20260204_100845_beam5_az136,20260204_100845,5,136.0,,,/home/tobeornot8259748/projects/balloon_radar_project/data/raw/detection_dataset/train/Background_IQ/IQ_Data/20260204_100845_beam5_az136.mat,0,0.4396523,48,65,-1,-1,False,0.74701184,0.33868727
20260204_100845_beam5_az145,20260204_100845,5,145.0,,,/home/tobeornot8259748/projects/balloon_radar_project/data/raw/detection_dataset/test/Background_IQ/IQ_Data/20260204_100845_beam5_az145.mat,0,0.46262464,69,59,-1,-1,False,0.77864707,0.2916072
20260204_100845_beam5_az154,20260204_100845,5,154.0,,,/home/tobeornot8259748/projects/balloon_radar_project/data/raw/detection_dataset/test/Background_IQ/IQ_Data/20260204_100845_beam5_az154.mat,0,0.5718539,61,66,-1,-1,False,0.70348567,0.36148885
20260204_100845_beam5_az163,20260204_100845,5,163.0,,,/home/tobeornot8259748/projects/balloon_radar_project/data/raw/detection_dataset/val/Background_IQ/IQ_Data/20260204_100845_beam5_az163.mat,0,0.473767,44,59,-1,-1,False,0.75405204,0.23868008
20260204_100845_beam5_az172,20260204_100845,5,172.0,,,/home/tobeornot8259748/projects/balloon_radar_project/data/raw/detection_dataset/train/Background_IQ/IQ_Data/20260204_100845_beam5_az172.mat,0,0.5049556,63,60,-1,-1,False,0.68724823,0.17609808
20260204_100845_beam5_az181,20260204_100845,5,181.0,,,/home/tobeornot8259748/projects/balloon_radar_project/data/raw/detection_dataset/val/Background_IQ/IQ_Data/20260204_100845_beam5_az181.mat,0,0.3055085,85,66,-1,-1,False,0.5054044,0.27399078
20260204_100845_beam5_az190,20260204_100845,5,190.0,,,/home/tobeornot8259748/projects/balloon_radar_project/data/raw/detection_dataset/train/Background_IQ/IQ_Data/20260204_100845_beam5_az190.mat,0,0.30334464,77,68,-1,-1,False,0.6197422,0.20610407
20260204_100845_beam5_az199,20260204_100845,5,199.0,,,/home/tobeornot8259748/projects/balloon_radar_project/data/raw/detection_dataset/train/Background_IQ/IQ_Data/20260204_100845_beam5_az199.mat,0,0.31898966,64,60,-1,-1,False,0.7721928,0.150908
20260204_100845_beam5_az208,20260204_100845,5,208.0,,,/home/tobeornot8259748/projects/balloon_radar_project/data/raw/detection_dataset/train/Background_IQ/IQ_Data/20260204_100845_beam5_az208.mat,0,0.31118315,49,67,-1,-1,False,0.7225003,0.25663635
20260204_100845_beam5_az217,20260204_100845,5,217.0,,,/home/tobeornot8259748/projects/balloon_radar_project/data/raw/detection_dataset/train/Background_IQ/IQ_Data/20260204_100845_beam5_az217.mat,0,0.7022048,57,64,-1,-1,False,0.8376765,0.0551859
20260204_100845_beam5_az226,20260204_100845,5,226.0,,,/home/tobeornot8259748/projects/balloon_radar_project/data/raw/detection_dataset/train/Background_IQ/IQ_Data/20260204_100845_beam5_az226.mat,0,0.8778782,61,64,-1,-1,False,0.6939847,0.23559976
20260204_100845_beam5_az235,20260204_100845,5,235.0,,,/home/tobeornot8259748/projects/balloon_radar_project/data/raw/detection_dataset/train/Background_IQ/IQ_Data/20260204_100845_beam5_az235.mat,0,0.4751304,65,60,-1,-1,False,0.7174849,0.25072205
20260204_100845_beam5_az244,20260204_100845,5,244.0,,,/home/tobeornot8259748/projects/balloon_radar_project/data/raw/detection_dataset/val/Background_IQ/IQ_Data/20260204_100845_beam5_az244.mat,0,0.35762274,67,60,-1,-1,False,0.6949429,0.19664885
20260204_100845_beam5_az253,20260204_100845,5,253.0,,,/home/tobeornot8259748/projects/balloon_radar_project/data/raw/detection_dataset/val/Background_IQ/IQ_Data/20260204_100845_beam5_az253.mat,0,0.5204525,47,65,-1,-1,False,0.75348234,0.18114953
20260204_100845_beam5_az262,20260204_100845,5,262.0,,,/home/tobeornot8259748/projects/balloon_radar_project/data/raw/detection_dataset/train/Background_IQ/IQ_Data/20260204_100845_beam5_az262.mat,0,0.35716888,71,59,-1,-1,False,0.62294215,0.25344846
20260204_100908_beam1_az001,20260204_100908,1,1.0,,,/home/tobeornot8259748/projects/balloon_radar_project/data/raw/detection_dataset/train/Background_IQ/IQ_Data/20260204_100908_beam1_az001.mat,0,0.053678196,86,125,-1,-1,False,0.21984227,0.00077954977
20260204_100908_beam1_az010,20260204_100908,1,10.0,,,/home/tobeornot8259748/projects/balloon_radar_project/data/raw/detection_dataset/test/Background_IQ/IQ_Data/20260204_100908_beam1_az010.mat,0,0.05881573,3,127,-1,-1,False,0.3359888,0.016182715
20260204_100908_beam1_az019,20260204_100908,1,19.0,,,/home/tobeornot8259748/projects/balloon_radar_project/data/raw/detection_dataset/val/Background_IQ/IQ_Data/20260204_100908_beam1_az019.mat,0,0.20476885,29,110,-1,-1,False,0.68416196,0.33278164
20260204_100908_beam1_az028,20260204_100908,1,28.0,,,/home/tobeornot8259748/projects/balloon_radar_project/data/raw/detection_dataset/train/Background_IQ/IQ_Data/20260204_100908_beam1_az028.mat,0,0.06532324,83,65,-1,-1,False,0.5181015,0.17573988
20260204_100908_beam1_az037,20260204_100908,1,37.0,,,/home/tobeornot8259748/projects/balloon_radar_project/data/raw/detection_dataset/val/Background_IQ/IQ_Data/20260204_100908_beam1_az037.mat,0,0.05370811,4,127,-1,-1,False,0.42063826,0.087358
20260204_100908_beam1_az046,20260204_100908,1,46.0,,,/home/tobeornot8259748/projects/balloon_radar_project/data/raw/detection_dataset/test/Background_IQ/IQ_Data/20260204_100908_beam1_az046.mat,0,0.06552407,20,74,-1,-1,False,0.7044149,0.4062672
20260204_100908_beam1_az055,20260204_100908,1,55.0,,,/home/tobeornot8259748/projects/balloon_radar_project/data/raw/detection_dataset/train/Background_IQ/IQ_Data/20260204_100908_beam1_az055.mat,0,0.068847515,4,127,-1,-1,False,0.4203635,0.08514685
20260204_100908_beam1_az064,20260204_100908,1,64.0,,,/home/tobeornot8259748/projects/balloon_radar_project/data/raw/detection_dataset/train/Background_IQ/IQ_Data/20260204_100908_beam1_az064.mat,0,0.1562168,83,66,-1,-1,False,0.6333456,0.38566273
20260204_100908_beam1_az073,20260204_100908,1,73.0,,,/home/tobeornot8259748/projects/balloon_radar_project/data/raw/detection_dataset/train/Background_IQ/IQ_Data/20260204_100908_beam1_az073.mat,0,0.069596514,4,127,-1,-1,False,0.41203132,0.09109817
20260204_100908_beam1_az082,20260204_100908,1,82.0,,,/home/tobeornot8259748/projects/balloon_radar_project/data/raw/detection_dataset/test/Background_IQ/IQ_Data/20260204_100908_beam1_az082.mat,0,0.13581617,83,65,-1,-1,False,0.51349896,0.18426156
20260204_100908_beam1_az091,20260204_100908,1,91.0,,,/home/tobeornot8259748/projects/balloon_radar_project/data/raw/detection_dataset/train/Background_IQ/IQ_Data/20260204_100908_beam1_az091.mat,0,0.057054885,75,65,-1,-1,False,0.44903612,0.010288159
20260204_100908_beam1_az100,20260204_100908,1,100.0,,,/home/tobeornot8259748/projects/balloon_radar_project/data/raw/detection_dataset/train/Background_IQ/IQ_Data/20260204_100908_beam1_az100.mat,0,0.05816146,83,65,-1,-1,False,0.5299651,0.18660808
20260204_100908_beam1_az109,20260204_100908,1,109.0,,,/home/tobeornot8259748/projects/balloon_radar_project/data/raw/detection_dataset/train/Background_IQ/IQ_Data/20260204_100908_beam1_az109.mat,0,0.070826866,4,127,-1,-1,False,0.43295428,0.09524941
20260204_100908_beam1_az118,20260204_100908,1,118.0,,,/home/tobeornot8259748/projects/balloon_radar_project/data/raw/detection_dataset/train/Background_IQ/IQ_Data/20260204_100908_beam1_az118.mat,0,0.10081915,83,65,-1,-1,False,0.5089342,0.17953031
20260204_100908_beam1_az127,20260204_100908,1,127.0,,,/home/tobeornot8259748/projects/balloon_radar_project/data/raw/detection_dataset/train/Background_IQ/IQ_Data/20260204_100908_beam1_az127.mat,0,0.05135086,83,65,-1,-1,False,0.49957213,0.16279548
20260204_100908_beam1_az136,20260204_100908,1,136.0,,,/home/tobeornot8259748/projects/balloon_radar_project/data/raw/detection_dataset/test/Background_IQ/IQ_Data/20260204_100908_beam1_az136.mat,0,0.06810243,83,65,-1,-1,False,0.5052554,0.17692888
20260204_100908_beam1_az145,20260204_100908,1,145.0,,,/home/tobeornot8259748/projects/balloon_radar_project/data/raw/detection_dataset/train/Background_IQ/IQ_Data/20260204_100908_beam1_az145.mat,0,0.048283216,82,65,-1,-1,False,0.43671194,0.052065838
20260204_100908_beam1_az154,20260204_100908,1,154.0,,,/home/tobeornot8259748/projects/balloon_radar_project/data/raw/detection_dataset/train/Background_IQ/IQ_Data/20260204_100908_beam1_az154.mat,0,0.068068095,83,65,-1,-1,False,0.50383276,0.16548195
20260204_100908_beam1_az163,20260204_100908,1,163.0,,,/home/tobeornot8259748/projects/balloon_radar_project/data/raw/detection_dataset/train/Background_IQ/IQ_Data/20260204_100908_beam1_az163.mat,0,0.061685093,83,65,-1,-1,False,0.5033693,0.16076174
20260204_100908_beam1_az172,20260204_100908,1,172.0,,,/home/tobeornot8259748/projects/balloon_radar_project/data/raw/detection_dataset/val/Background_IQ/IQ_Data/20260204_100908_beam1_az172.mat,0,0.083101556,83,65,-1,-1,False,0.507,0.18175638
20260204_100908_beam1_az181,20260204_100908,1,181.0,,,/home/tobeornot8259748/projects/balloon_radar_project/data/raw/detection_dataset/train/Background_IQ/IQ_Data/20260204_100908_beam1_az181.mat,0,0.36691356,80,65,-1,-1,False,0.4951848,0.15417485
20260204_100908_beam1_az190,20260204_100908,1,190.0,,,/home/tobeornot8259748/projects/balloon_radar_project/data/raw/detection_dataset/train/Background_IQ/IQ_Data/20260204_100908_beam1_az190.mat,0,0.052749246,86,125,-1,-1,False,0.25374952,0.0017831773
20260204_100908_beam1_az199,20260204_100908,1,199.0,,,/home/tobeornot8259748/projects/balloon_radar_project/data/raw/detection_dataset/val/Background_IQ/IQ_Data/20260204_100908_beam1_az199.mat,0,0.060261812,80,66,-1,-1,False,0.46573207,0.0352502
20260204_100908_beam1_az208,20260204_100908,1,208.0,,,/home/tobeornot8259748/projects/balloon_radar_project/data/raw/detection_dataset/train/Background_IQ/IQ_Data/20260204_100908_beam1_az208.mat,0,0.054744974,83,65,-1,-1,False,0.501409,0.17053722
20260204_100908_beam1_az217,20260204_100908,1,217.0,,,/home/tobeornot8259748/projects/balloon_radar_project/data/raw/detection_dataset/train/Background_IQ/IQ_Data/20260204_100908_beam1_az217.mat,0,0.06299085,83,65,-1,-1,False,0.52853584,0.14626977
20260204_100908_beam1_az226,20260204_100908,1,226.0,,,/home/tobeornot8259748/projects/balloon_radar_project/data/raw/detection_dataset/val/Background_IQ/IQ_Data/20260204_100908_beam1_az226.mat,0,0.06795194,86,125,-1,-1,False,0.24912964,7.994215e-06
20260204_100908_beam1_az235,20260204_100908,1,235.0,,,/home/tobeornot8259748/projects/balloon_radar_project/data/raw/detection_dataset/train/Background_IQ/IQ_Data/20260204_100908_beam1_az235.mat,0,0.051600896,46,29,-1,-1,False,0.49667057,0.065803386
20260204_100908_beam1_az244,20260204_100908,1,244.0,,,/home/tobeornot8259748/projects/balloon_radar_project/data/raw/detection_dataset/train/Background_IQ/IQ_Data/20260204_100908_beam1_az244.mat,0,0.19481277,27,32,-1,-1,False,0.67322445,0.19590431
20260204_100908_beam1_az253,20260204_100908,1,253.0,,,/home/tobeornot8259748/projects/balloon_radar_project/data/raw/detection_dataset/train/Background_IQ/IQ_Data/20260204_100908_beam1_az253.mat,0,0.062302236,64,65,-1,-1,False,0.571283,0.113471426
20260204_100908_beam1_az262,20260204_100908,1,262.0,,,/home/tobeornot8259748/projects/balloon_radar_project/data/raw/detection_dataset/train/Background_IQ/IQ_Data/20260204_100908_beam1_az262.mat,0,0.17592864,20,66,-1,-1,False,0.741699,0.523285
20260204_100908_beam2_az001,20260204_100908,2,1.0,,,/home/tobeornot8259748/projects/balloon_radar_project/data/raw/detection_dataset/train/Background_IQ/IQ_Data/20260204_100908_beam2_az001.mat,0,0.053829893,20,127,-1,-1,False,0.535457,0.22387819
20260204_100908_beam2_az010,20260204_100908,2,10.0,,,/home/tobeornot8259748/projects/balloon_radar_project/data/raw/detection_dataset/train/Background_IQ/IQ_Data/20260204_100908_beam2_az010.mat,0,0.103173725,93,66,-1,-1,False,0.4274697,0.042410295
20260204_100908_beam2_az019,20260204_100908,2,19.0,,,/home/tobeornot8259748/projects/balloon_radar_project/data/raw/detection_dataset/test/Background_IQ/IQ_Data/20260204_100908_beam2_az019.mat,0,0.20286316,29,110,-1,-1,False,0.6985616,0.28695726
20260204_100908_beam2_az028,20260204_100908,2,28.0,,,/home/tobeornot8259748/projects/balloon_radar_project/data/raw/detection_dataset/test/Background_IQ/IQ_Data/20260204_100908_beam2_az028.mat,0,0.086215205,83,65,-1,-1,False,0.5465786,0.19975546
20260204_100908_beam2_az037,20260204_100908,2,37.0,,,/home/tobeornot8259748/projects/balloon_radar_project/data/raw/detection_dataset/train/Background_IQ/IQ_Data/20260204_100908_beam2_az037.mat,0,0.04792841,20,0,-1,-1,False,0.53139186,0.08225021
20260204_100908_beam2_az046,20260204_100908,2,46.0,,,/home/tobeornot8259748/projects/balloon_radar_project/data/raw/detection_dataset/train/Background_IQ/IQ_Data/20260204_100908_beam2_az046.mat,0,0.06789076,83,65,-1,-1,False,0.6082238,0.25742635
20260204_100908_beam2_az055,20260204_100908,2,55.0,,,/home/tobeornot8259748/projects/balloon_radar_project/data/raw/detection_dataset/train/Background_IQ/IQ_Data/20260204_100908_beam2_az055.mat,0,0.05309036,4,127,-1,-1,False,0.4264074,0.062511794
20260204_100908_beam2_az064,20260204_100908,2,64.0,,,/home/tobeornot8259748/projects/balloon_radar_project/data/raw/detection_dataset/val/Background_IQ/IQ_Data/20260204_100908_beam2_az064.mat,0,0.077761345,83,66,-1,-1,False,0.6413067,0.38302928
20260204_100908_beam2_az073,20260204_100908,2,73.0,,,/home/tobeornot8259748/projects/balloon_radar_project/data/raw/detection_dataset/train/Background_IQ/IQ_Data/20260204_100908_beam2_az073.mat,0,0.050148748,4,127,-1,-1,False,0.42826122,0.065084256
20260204_100908_beam2_az082,20260204_100908,2,82.0,,,/home/tobeornot8259748/projects/balloon_radar_project/data/raw/detection_dataset/train/Background_IQ/IQ_Data/20260204_100908_beam2_az082.mat,0,0.10639385,83,64,-1,-1,False,0.5518886,0.21467502
20260204_100908_beam2_az091,20260204_100908,2,91.0,,,/home/tobeornot8259748/projects/balloon_radar_project/data/raw/detection_dataset/train/Background_IQ/IQ_Data/20260204_100908_beam2_az091.mat,0,0.051053956,82,66,-1,-1,False,0.47917652,0.093582
20260204_100908_beam2_az100,20260204_100908,2,100.0,,,/home/tobeornot8259748/projects/balloon_radar_project/data/raw/detection_dataset/train/Background_IQ/IQ_Data/20260204_100908_beam2_az100.mat,0,0.069963306,83,64,-1,-1,False,0.5556043,0.19219853
20260204_100908_beam2_az109,20260204_100908,2,109.0,,,/home/tobeornot8259748/projects/balloon_radar_project/data/raw/detection_dataset/train/Background_IQ/IQ_Data/20260204_100908_beam2_az109.mat,0,0.054014236,82,66,-1,-1,False,0.4831747,0.10021505
20260204_100908_beam2_az118,20260204_100908,2,118.0,,,/home/tobeornot8259748/projects/balloon_radar_project/data/raw/detection_dataset/train/Background_IQ/IQ_Data/20260204_100908_beam2_az118.mat,0,0.10970867,83,64,-1,-1,False,0.5465159,0.20707099
20260204_100908_beam2_az127,20260204_100908,2,127.0,,,/home/tobeornot8259748/projects/balloon_radar_project/data/raw/detection_dataset/train/Background_IQ/IQ_Data/20260204_100908_beam2_az127.mat,0,0.05488436,83,63,-1,-1,False,0.5360544,0.18992911
20260204_100908_beam2_az136,20260204_100908,2,136.0,,,/home/tobeornot8259748/projects/balloon_radar_project/data/raw/detection_dataset/test/Background_IQ/IQ_Data/20260204_100908_beam2_az136.mat,0,0.08405496,82,65,-1,-1,False,0.50077575,0.11950427
20260204_100908_beam2_az145,20260204_100908,2,145.0,,,/home/tobeornot8259748/projects/balloon_radar_project/data/raw/detection_dataset/train/Background_IQ/IQ_Data/20260204_100908_beam2_az145.mat,0,0.040819,83,66,-1,-1,False,0.5080855,0.11907067
20260204_100908_beam2_az154,20260204_100908,2,154.0,,,/home/tobeornot8259748/projects/balloon_radar_project/data/raw/detection_dataset/train/Background_IQ/IQ_Data/20260204_100908_beam2_az154.mat,0,0.08498456,83,64,-1,-1,False,0.5325509,0.19136322
20260204_100908_beam2_az163,20260204_100908,2,163.0,,,/home/tobeornot8259748/projects/balloon_radar_project/data/raw/detection_dataset/test/Background_IQ/IQ_Data/20260204_100908_beam2_az163.mat,0,0.06301298,83,63,-1,-1,False,0.5379659,0.17679702
20260204_100908_beam2_az172,20260204_100908,2,172.0,,,/home/tobeornot8259748/projects/balloon_radar_project/data/raw/detection_dataset/train/Background_IQ/IQ_Data/20260204_100908_beam2_az172.mat,0,0.14159802,83,64,-1,-1,False,0.5451892,0.21429996
20260204_100908_beam2_az181,20260204_100908,2,181.0,,,/home/tobeornot8259748/projects/balloon_radar_project/data/raw/detection_dataset/train/Background_IQ/IQ_Data/20260204_100908_beam2_az181.mat,0,0.09098656,80,65,-1,-1,False,0.6047136,0.20716475
20260204_100908_beam2_az190,20260204_100908,2,190.0,,,/home/tobeornot8259748/projects/balloon_radar_project/data/raw/detection_dataset/train/Background_IQ/IQ_Data/20260204_100908_beam2_az190.mat,0,0.045382082,57,113,-1,-1,False,0.44758168,0.0
20260204_100908_beam2_az199,20260204_100908,2,199.0,,,/home/tobeornot8259748/projects/balloon_radar_project/data/raw/detection_dataset/val/Background_IQ/IQ_Data/20260204_100908_beam2_az199.mat,0,0.049459096,86,125,-1,-1,False,0.25567946,9.973026e-05
20260204_100908_beam2_az208,20260204_100908,2,208.0,,,/home/tobeornot8259748/projects/balloon_radar_project/data/raw/detection_dataset/train/Background_IQ/IQ_Data/20260204_100908_beam2_az208.mat,0,0.11830446,83,64,-1,-1,False,0.5342909,0.19021003
20260204_100908_beam2_az217,20260204_100908,2,217.0,,,/home/tobeornot8259748/projects/balloon_radar_project/data/raw/detection_dataset/train/Background_IQ/IQ_Data/20260204_100908_beam2_az217.mat,0,0.054522917,0,127,-1,-1,False,0.30817586,0.0
20260204_100908_beam2_az226,20260204_100908,2,226.0,,,/home/tobeornot8259748/projects/balloon_radar_project/data/raw/detection_dataset/train/Background_IQ/IQ_Data/20260204_100908_beam2_az226.mat,0,0.086560056,21,72,-1,-1,False,0.6688553,0.33059323
20260204_100908_beam2_az235,20260204_100908,2,235.0,,,/home/tobeornot8259748/projects/balloon_radar_project/data/raw/detection_dataset/val/Background_IQ/IQ_Data/20260204_100908_beam2_az235.mat,0,0.038128097,99,0,-1,-1,False,0.057908125,0.0
20260204_100908_beam2_az244,20260204_100908,2,244.0,,,/home/tobeornot8259748/projects/balloon_radar_project/data/raw/detection_dataset/train/Background_IQ/IQ_Data/20260204_100908_beam2_az244.mat,0,0.2038234,26,32,-1,-1,False,0.64236194,0.14072762
20260204_100908_beam2_az253,20260204_100908,2,253.0,,,/home/tobeornot8259748/projects/balloon_radar_project/data/raw/detection_dataset/test/Background_IQ/IQ_Data/20260204_100908_beam2_az253.mat,0,0.08385102,64,67,-1,-1,False,0.5632995,0.10672602
20260204_100908_beam2_az262,20260204_100908,2,262.0,,,/home/tobeornot8259748/projects/balloon_radar_project/data/raw/detection_dataset/train/Background_IQ/IQ_Data/20260204_100908_beam2_az262.mat,0,0.12377194,20,67,-1,-1,False,0.73108834,0.50646454
20260204_100908_beam3_az001,20260204_100908,3,1.0,,,/home/tobeornot8259748/projects/balloon_radar_project/data/raw/detection_dataset/train/Background_IQ/IQ_Data/20260204_100908_beam3_az001.mat,0,0.07594701,15,59,-1,-1,False,0.6341594,0.35517386
20260204_100908_beam3_az010,20260204_100908,3,10.0,,,/home/tobeornot8259748/projects/balloon_radar_project/data/raw/detection_dataset/train/Background_IQ/IQ_Data/20260204_100908_beam3_az010.mat,0,0.058407724,1,65,-1,-1,False,0.5475513,0.16281432
20260204_100908_beam3_az019,20260204_100908,3,19.0,,,/home/tobeornot8259748/projects/balloon_radar_project/data/raw/detection_dataset/train/Background_IQ/IQ_Data/20260204_100908_beam3_az019.mat,0,0.1344661,29,110,-1,-1,False,0.7416635,0.25791964
20260204_100908_beam3_az028,20260204_100908,3,28.0,,,/home/tobeornot8259748/projects/balloon_radar_project/data/raw/detection_dataset/train/Background_IQ/IQ_Data/20260204_100908_beam3_az028.mat,0,0.04102502,69,57,-1,-1,False,0.63717544,0.036636487
20260204_100908_beam3_az037,20260204_100908,3,37.0,,,/home/tobeornot8259748/projects/balloon_radar_project/data/raw/detection_dataset/train/Background_IQ/IQ_Data/20260204_100908_beam3_az037.mat,0,0.07407906,96,65,-1,-1,False,0.4845158,0.05097163
20260204_100908_beam3_az046,20260204_100908,3,46.0,,,/home/tobeornot8259748/projects/balloon_radar_project/data/raw/detection_dataset/val/Background_IQ/IQ_Data/20260204_100908_beam3_az046.mat,0,0.063427575,85,66,-1,-1,False,0.6633269,0.30978614
20260204_100908_beam3_az055,20260204_100908,3,55.0,,,/home/tobeornot8259748/projects/balloon_radar_project/data/raw/detection_dataset/train/Background_IQ/IQ_Data/20260204_100908_beam3_az055.mat,0,0.08490124,96,65,-1,-1,False,0.47821686,0.05204196
20260204_100908_beam3_az064,20260204_100908,3,64.0,,,/home/tobeornot8259748/projects/balloon_radar_project/data/raw/detection_dataset/train/Background_IQ/IQ_Data/20260204_100908_beam3_az064.mat,0,0.06744219,1,65,-1,-1,False,0.5382855,0.25539678
20260204_100908_beam3_az073,20260204_100908,3,73.0,,,/home/tobeornot8259748/projects/balloon_radar_project/data/raw/detection_dataset/train/Background_IQ/IQ_Data/20260204_100908_beam3_az073.mat,0,0.13087316,81,61,-1,-1,False,0.774399,0.54157805
20260204_100908_beam3_az082,20260204_100908,3,82.0,,,/home/tobeornot8259748/projects/balloon_radar_project/data/raw/detection_dataset/train/Background_IQ/IQ_Data/20260204_100908_beam3_az082.mat,0,0.15393369,97,65,-1,-1,False,0.5109372,0.07937147
20260204_100908_beam3_az091,20260204_100908,3,91.0,,,/home/tobeornot8259748/projects/balloon_radar_project/data/raw/detection_dataset/train/Background_IQ/IQ_Data/20260204_100908_beam3_az091.mat,0,0.11257582,96,65,-1,-1,False,0.49004185,0.051897727
20260204_100908_beam3_az100,20260204_100908,3,100.0,,,/home/tobeornot8259748/projects/balloon_radar_project/data/raw/detection_dataset/val/Background_IQ/IQ_Data/20260204_100908_beam3_az100.mat,0,0.13243015,34,20,-1,-1,False,0.60935485,0.0008123414
20260204_100908_beam3_az109,20260204_100908,3,109.0,,,/home/tobeornot8259748/projects/balloon_radar_project/data/raw/detection_dataset/val/Background_IQ/IQ_Data/20260204_100908_beam3_az109.mat,0,0.13307549,97,65,-1,-1,False,0.5001449,0.061859727
20260204_100908_beam3_az118,20260204_100908,3,118.0,,,/home/tobeornot8259748/projects/balloon_radar_project/data/raw/detection_dataset/train/Background_IQ/IQ_Data/20260204_100908_beam3_az118.mat,0,0.10658185,97,65,-1,-1,False,0.4985676,0.07730721
20260204_100908_beam3_az127,20260204_100908,3,127.0,,,/home/tobeornot8259748/projects/balloon_radar_project/data/raw/detection_dataset/train/Background_IQ/IQ_Data/20260204_100908_beam3_az127.mat,0,0.15096472,97,65,-1,-1,False,0.5042705,0.06793475
20260204_100908_beam3_az136,20260204_100908,3,136.0,,,/home/tobeornot8259748/projects/balloon_radar_project/data/raw/detection_dataset/test/Background_IQ/IQ_Data/20260204_100908_beam3_az136.mat,0,0.05617559,63,59,-1,-1,False,0.65629154,0.11886689
20260204_100908_beam3_az145,20260204_100908,3,145.0,,,/home/tobeornot8259748/projects/balloon_radar_project/data/raw/detection_dataset/val/Background_IQ/IQ_Data/20260204_100908_beam3_az145.mat,0,0.035730988,81,2,-1,-1,False,0.38236874,0.0
20260204_100908_beam3_az154,20260204_100908,3,154.0,,,/home/tobeornot8259748/projects/balloon_radar_project/data/raw/detection_dataset/test/Background_IQ/IQ_Data/20260204_100908_beam3_az154.mat,0,0.08457014,24,126,-1,-1,False,0.6875925,0.21314675
20260204_100908_beam3_az163,20260204_100908,3,163.0,,,/home/tobeornot8259748/projects/balloon_radar_project/data/raw/detection_dataset/train/Background_IQ/IQ_Data/20260204_100908_beam3_az163.mat,0,0.048943006,83,64,-1,-1,False,0.61840093,0.17848006
20260204_100908_beam3_az172,20260204_100908,3,172.0,,,/home/tobeornot8259748/projects/balloon_radar_project/data/raw/detection_dataset/train/Background_IQ/IQ_Data/20260204_100908_beam3_az172.mat,0,0.056150727,81,3,-1,-1,False,0.4326232,0.00091408036
20260204_100908_beam3_az181,20260204_100908,3,181.0,,,/home/tobeornot8259748/projects/balloon_radar_project/data/raw/detection_dataset/train/Background_IQ/IQ_Data/20260204_100908_beam3_az181.mat,0,0.0876252,1,65,-1,-1,False,0.5111514,0.2068004
20260204_100908_beam3_az190,20260204_100908,3,190.0,,,/home/tobeornot8259748/projects/balloon_radar_project/data/raw/detection_dataset/val/Background_IQ/IQ_Data/20260204_100908_beam3_az190.mat,0,0.037291385,61,59,-1,-1,False,0.6376895,0.09657009
20260204_100908_beam3_az199,20260204_100908,3,199.0,,,/home/tobeornot8259748/projects/balloon_radar_project/data/raw/detection_dataset/val/Background_IQ/IQ_Data/20260204_100908_beam3_az199.mat,0,0.07463822,1,65,-1,-1,False,0.54813534,0.2625432
20260204_100908_beam3_az208,20260204_100908,3,208.0,,,/home/tobeornot8259748/projects/balloon_radar_project/data/raw/detection_dataset/train/Background_IQ/IQ_Data/20260204_100908_beam3_az208.mat,0,0.2631959,82,64,-1,-1,False,0.58201265,0.121634275
20260204_100908_beam3_az217,20260204_100908,3,217.0,,,/home/tobeornot8259748/projects/balloon_radar_project/data/raw/detection_dataset/train/Background_IQ/IQ_Data/20260204_100908_beam3_az217.mat,0,0.063750915,83,64,-1,-1,False,0.58590996,0.17169783
20260204_100908_beam3_az226,20260204_100908,3,226.0,,,/home/tobeornot8259748/projects/balloon_radar_project/data/raw/detection_dataset/test/Background_IQ/IQ_Data/20260204_100908_beam3_az226.mat,0,0.042804226,41,110,-1,-1,False,0.6150125,0.016005062
20260204_100908_beam3_az235,20260204_100908,3,235.0,,,/home/tobeornot8259748/projects/balloon_radar_project/data/raw/detection_dataset/train/Background_IQ/IQ_Data/20260204_100908_beam3_az235.mat,0,0.0419415,15,59,-1,-1,False,0.65399224,0.37718672
20260204_100908_beam3_az244,20260204_100908,3,244.0,,,/home/tobeornot8259748/projects/balloon_radar_project/data/raw/detection_dataset/train/Background_IQ/IQ_Data/20260204_100908_beam3_az244.mat,0,0.07365871,83,65,-1,-1,False,0.5409843,0.15787752
20260204_100908_beam3_az253,20260204_100908,3,253.0,,,/home/tobeornot8259748/projects/balloon_radar_project/data/raw/detection_dataset/train/Background_IQ/IQ_Data/20260204_100908_beam3_az253.mat,0,0.07808554,64,64,-1,-1,False,0.6305568,0.1506729
20260204_100908_beam3_az262,20260204_100908,3,262.0,,,/home/tobeornot8259748/projects/balloon_radar_project/data/raw/detection_dataset/test/Background_IQ/IQ_Data/20260204_100908_beam3_az262.mat,0,0.088997945,20,68,-1,-1,False,0.70666564,0.43628722
20260204_100908_beam4_az001,20260204_100908,4,1.0,,,/home/tobeornot8259748/projects/balloon_radar_project/data/raw/detection_dataset/test/Background_IQ/IQ_Data/20260204_100908_beam4_az001.mat,0,0.07891381,20,126,-1,-1,False,0.5296317,0.16211744
20260204_100908_beam4_az010,20260204_100908,4,10.0,,,/home/tobeornot8259748/projects/balloon_radar_project/data/raw/detection_dataset/test/Background_IQ/IQ_Data/20260204_100908_beam4_az010.mat,0,0.06670113,93,66,-1,-1,False,0.44007865,0.04128492
20260204_100908_beam4_az019,20260204_100908,4,19.0,,,/home/tobeornot8259748/projects/balloon_radar_project/data/raw/detection_dataset/val/Background_IQ/IQ_Data/20260204_100908_beam4_az019.mat,0,0.25073627,29,108,-1,-1,False,0.70585185,0.20300335
20260204_100908_beam4_az028,20260204_100908,4,28.0,,,/home/tobeornot8259748/projects/balloon_radar_project/data/raw/detection_dataset/test/Background_IQ/IQ_Data/20260204_100908_beam4_az028.mat,0,0.10704302,83,64,-1,-1,False,0.58197343,0.17919992
20260204_100908_beam4_az037,20260204_100908,4,37.0,,,/home/tobeornot8259748/projects/balloon_radar_project/data/raw/detection_dataset/train/Background_IQ/IQ_Data/20260204_100908_beam4_az037.mat,0,0.07473856,83,64,-1,-1,False,0.59834445,0.19582076
20260204_100908_beam4_az046,20260204_100908,4,46.0,,,/home/tobeornot8259748/projects/balloon_radar_project/data/raw/detection_dataset/train/Background_IQ/IQ_Data/20260204_100908_beam4_az046.mat,0,0.087397166,83,64,-1,-1,False,0.61621284,0.22531396
20260204_100908_beam4_az055,20260204_100908,4,55.0,,,/home/tobeornot8259748/projects/balloon_radar_project/data/raw/detection_dataset/train/Background_IQ/IQ_Data/20260204_100908_beam4_az055.mat,0,0.06756428,83,64,-1,-1,False,0.610108,0.22839586
20260204_100908_beam4_az064,20260204_100908,4,64.0,,,/home/tobeornot8259748/projects/balloon_radar_project/data/raw/detection_dataset/train/Background_IQ/IQ_Data/20260204_100908_beam4_az064.mat,0,0.06735561,91,66,-1,-1,False,0.5259303,0.18206017
20260204_100908_beam4_az073,20260204_100908,4,73.0,,,/home/tobeornot8259748/projects/balloon_radar_project/data/raw/detection_dataset/test/Background_IQ/IQ_Data/20260204_100908_beam4_az073.mat,0,0.04404695,81,61,-1,-1,False,0.75801826,0.57045984
20260204_100908_beam4_az082,20260204_100908,4,82.0,,,/home/tobeornot8259748/projects/balloon_radar_project/data/raw/detection_dataset/train/Background_IQ/IQ_Data/20260204_100908_beam4_az082.mat,0,0.07673132,83,64,-1,-1,False,0.6125612,0.22208637
20260204_100908_beam4_az091,20260204_100908,4,91.0,,,/home/tobeornot8259748/projects/balloon_radar_project/data/raw/detection_dataset/val/Background_IQ/IQ_Data/20260204_100908_beam4_az091.mat,0,0.08005727,83,64,-1,-1,False,0.5990505,0.18714769
20260204_100908_beam4_az100,20260204_100908,4,100.0,,,/home/tobeornot8259748/projects/balloon_radar_project/data/raw/detection_dataset/val/Background_IQ/IQ_Data/20260204_100908_beam4_az100.mat,0,0.07635442,31,97,-1,-1,False,0.5540947,0.015320935
20260204_100908_beam4_az109,20260204_100908,4,109.0,,,/home/tobeornot8259748/projects/balloon_radar_project/data/raw/detection_dataset/val/Background_IQ/IQ_Data/20260204_100908_beam4_az109.mat,0,0.073617496,83,64,-1,-1,False,0.585518,0.18671593
20260204_100908_beam4_az118,20260204_100908,4,118.0,,,/home/tobeornot8259748/projects/balloon_radar_project/data/raw/detection_dataset/train/Background_IQ/IQ_Data/20260204_100908_beam4_az118.mat,0,0.06900508,83,65,-1,-1,False,0.60418653,0.20011026
20260204_100908_beam4_az127,20260204_100908,4,127.0,,,/home/tobeornot8259748/projects/balloon_radar_project/data/raw/detection_dataset/train/Background_IQ/IQ_Data/20260204_100908_beam4_az127.mat,0,0.055318154,4,127,-1,-1,False,0.4716318,0.026307512
20260204_100908_beam4_az136,20260204_100908,4,136.0,,,/home/tobeornot8259748/projects/balloon_radar_project/data/raw/detection_dataset/train/Background_IQ/IQ_Data/20260204_100908_beam4_az136.mat,0,0.06587085,83,64,-1,-1,False,0.5716258,0.17636307
20260204_100908_beam4_az145,20260204_100908,4,145.0,,,/home/tobeornot8259748/projects/balloon_radar_project/data/raw/detection_dataset/test/Background_IQ/IQ_Data/20260204_100908_beam4_az145.mat,0,0.055903856,91,67,-1,-1,False,0.5039309,0.14917293
20260204_100908_beam4_az154,20260204_100908,4,154.0,,,/home/tobeornot8259748/projects/balloon_radar_project/data/raw/detection_dataset/train/Background_IQ/IQ_Data/20260204_100908_beam4_az154.mat,0,0.1044937,83,64,-1,-1,False,0.5744468,0.15609969
20260204_100908_beam4_az163,20260204_100908,4,163.0,,,/home/tobeornot8259748/projects/balloon_radar_project/data/raw/detection_dataset/val/Background_IQ/IQ_Data/20260204_100908_beam4_az163.mat,0,0.08078862,83,63,-1,-1,False,0.585419,0.16506892
20260204_100908_beam4_az172,20260204_100908,4,172.0,,,/home/tobeornot8259748/projects/balloon_radar_project/data/raw/detection_dataset/train/Background_IQ/IQ_Data/20260204_100908_beam4_az172.mat,0,0.059983343,31,113,-1,-1,False,0.5753414,0.00432189
20260204_100908_beam4_az181,20260204_100908,4,181.0,,,/home/tobeornot8259748/projects/balloon_radar_project/data/raw/detection_dataset/val/Background_IQ/IQ_Data/20260204_100908_beam4_az181.mat,0,0.039238904,31,81,-1,-1,False,0.6455514,0.19397362
20260204_100908_beam4_az190,20260204_100908,4,190.0,,,/home/tobeornot8259748/projects/balloon_radar_project/data/raw/detection_dataset/train/Background_IQ/IQ_Data/20260204_100908_beam4_az190.mat,0,0.03952263,91,66,-1,-1,False,0.5314837,0.20752248
20260204_100908_beam4_az199,20260204_100908,4,199.0,,,/home/tobeornot8259748/projects/balloon_radar_project/data/raw/detection_dataset/train/Background_IQ/IQ_Data/20260204_100908_beam4_az199.mat,0,0.050408624,91,67,-1,-1,False,0.5114606,0.19197571
20260204_100908_beam4_az208,20260204_100908,4,208.0,,,/home/tobeornot8259748/projects/balloon_radar_project/data/raw/detection_dataset/train/Background_IQ/IQ_Data/20260204_100908_beam4_az208.mat,0,0.086330846,83,64,-1,-1,False,0.5691795,0.17433119
20260204_100908_beam4_az217,20260204_100908,4,217.0,,,/home/tobeornot8259748/projects/balloon_radar_project/data/raw/detection_dataset/train/Background_IQ/IQ_Data/20260204_100908_beam4_az217.mat,0,0.08833228,83,66,-1,-1,False,0.5425788,0.13780925
20260204_100908_beam4_az226,20260204_100908,4,226.0,,,/home/tobeornot8259748/projects/balloon_radar_project/data/raw/detection_dataset/train/Background_IQ/IQ_Data/20260204_100908_beam4_az226.mat,0,0.1068719,83,64,-1,-1,False,0.6065096,0.22484972
20260204_100908_beam4_az235,20260204_100908,4,235.0,,,/home/tobeornot8259748/projects/balloon_radar_project/data/raw/detection_dataset/train/Background_IQ/IQ_Data/20260204_100908_beam4_az235.mat,0,0.0580524,91,67,-1,-1,False,0.48076817,0.1507993
20260204_100908_beam4_az244,20260204_100908,4,244.0,,,/home/tobeornot8259748/projects/balloon_radar_project/data/raw/detection_dataset/train/Background_IQ/IQ_Data/20260204_100908_beam4_az244.mat,0,0.07116381,83,65,-1,-1,False,0.5149678,0.1196301
20260204_100908_beam4_az253,20260204_100908,4,253.0,,,/home/tobeornot8259748/projects/balloon_radar_project/data/raw/detection_dataset/train/Background_IQ/IQ_Data/20260204_100908_beam4_az253.mat,0,0.061465602,83,65,-1,-1,False,0.5079119,0.11214459
20260204_100908_beam4_az262,20260204_100908,4,262.0,,,/home/tobeornot8259748/projects/balloon_radar_project/data/raw/detection_dataset/val/Background_IQ/IQ_Data/20260204_100908_beam4_az262.mat,0,0.06449768,91,66,-1,-1,False,0.49251842,0.15662864
20260204_100908_beam5_az001,20260204_100908,5,1.0,,,/home/tobeornot8259748/projects/balloon_radar_project/data/raw/detection_dataset/train/Background_IQ/IQ_Data/20260204_100908_beam5_az001.mat,0,0.09508464,20,126,-1,-1,False,0.52336204,0.18595964
20260204_100908_beam5_az010,20260204_100908,5,10.0,,,/home/tobeornot8259748/projects/balloon_radar_project/data/raw/detection_dataset/test/Background_IQ/IQ_Data/20260204_100908_beam5_az010.mat,0,0.056282956,91,67,-1,-1,False,0.5054685,0.12021843
20260204_100908_beam5_az019,20260204_100908,5,19.0,,,/home/tobeornot8259748/projects/balloon_radar_project/data/raw/detection_dataset/train/Background_IQ/IQ_Data/20260204_100908_beam5_az019.mat,0,0.33957538,27,108,-1,-1,False,0.7030781,0.2740097
20260204_100908_beam5_az028,20260204_100908,5,28.0,,,/home/tobeornot8259748/projects/balloon_radar_project/data/raw/detection_dataset/val/Background_IQ/IQ_Data/20260204_100908_beam5_az028.mat,0,0.047345974,4,127,-1,-1,False,0.43229464,0.06410347
20260204_100908_beam5_az037,20260204_100908,5,37.0,,,/home/tobeornot8259748/projects/balloon_radar_project/data/raw/detection_dataset/train/Background_IQ/IQ_Data/20260204_100908_beam5_az037.mat,0,0.08856652,83,65,-1,-1,False,0.54659617,0.19141735
20260204_100908_beam5_az046,20260204_100908,5,46.0,,,/home/tobeornot8259748/projects/balloon_radar_project/data/raw/detection_dataset/val/Background_IQ/IQ_Data/20260204_100908_beam5_az046.mat,0,0.07747529,83,64,-1,-1,False,0.5824176,0.2234541
20260204_100908_beam5_az055,20260204_100908,5,55.0,,,/home/tobeornot8259748/projects/balloon_radar_project/data/raw/detection_dataset/train/Background_IQ/IQ_Data/20260204_100908_beam5_az055.mat,0,0.053311408,83,64,-1,-1,False,0.5634057,0.22129752
20260204_100908_beam5_az064,20260204_100908,5,64.0,,,/home/tobeornot8259748/projects/balloon_radar_project/data/raw/detection_dataset/train/Background_IQ/IQ_Data/20260204_100908_beam5_az064.mat,0,0.1765645,83,66,-1,-1,False,0.6486745,0.40448713
20260204_100908_beam5_az073,20260204_100908,5,73.0,,,/home/tobeornot8259748/projects/balloon_radar_project/data/raw/detection_dataset/val/Background_IQ/IQ_Data/20260204_100908_beam5_az073.mat,0,0.034996454,86,66,-1,-1,False,0.6415331,0.4603032
20260204_100908_beam5_az082,20260204_100908,5,82.0,,,/home/tobeornot8259748/projects/balloon_radar_project/data/raw/detection_dataset/train/Background_IQ/IQ_Data/20260204_100908_beam5_az082.mat,0,0.06707171,83,64,-1,-1,False,0.5568742,0.1947893
20260204_100908_beam5_az091,20260204_100908,5,91.0,,,/home/tobeornot8259748/projects/balloon_radar_project/data/raw/detection_dataset/train/Background_IQ/IQ_Data/20260204_100908_beam5_az091.mat,0,0.07277642,83,64,-1,-1,False,0.544509,0.20063604
20260204_100908_beam5_az100,20260204_100908,5,100.0,,,/home/tobeornot8259748/projects/balloon_radar_project/data/raw/detection_dataset/test/Background_IQ/IQ_Data/20260204_100908_beam5_az100.mat,0,0.043283183,86,125,-1,-1,False,0.2730667,0.003096604
20260204_100908_beam5_az109,20260204_100908,5,109.0,,,/home/tobeornot8259748/projects/balloon_radar_project/data/raw/detection_dataset/train/Background_IQ/IQ_Data/20260204_100908_beam5_az109.mat,0,0.07630491,83,65,-1,-1,False,0.5386816,0.18789944
20260204_100908_beam5_az118,20260204_100908,5,118.0,,,/home/tobeornot8259748/projects/balloon_radar_project/data/raw/detection_dataset/test/Background_IQ/IQ_Data/20260204_100908_beam5_az118.mat,0,0.0646684,83,66,-1,-1,False,0.54259247,0.16718747
20260204_100908_beam5_az127,20260204_100908,5,127.0,,,/home/tobeornot8259748/projects/balloon_radar_project/data/raw/detection_dataset/test/Background_IQ/IQ_Data/20260204_100908_beam5_az127.mat,0,0.06552777,83,64,-1,-1,False,0.5581689,0.2083162
20260204_100908_beam5_az136,20260204_100908,5,136.0,,,/home/tobeornot8259748/projects/balloon_radar_project/data/raw/detection_dataset/train/Background_IQ/IQ_Data/20260204_100908_beam5_az136.mat,0,0.048767723,83,64,-1,-1,False,0.55347306,0.19294462
20260204_100908_beam5_az145,20260204_100908,5,145.0,,,/home/tobeornot8259748/projects/balloon_radar_project/data/raw/detection_dataset/test/Background_IQ/IQ_Data/20260204_100908_beam5_az145.mat,0,0.052656095,83,65,-1,-1,False,0.52193165,0.13450147
20260204_100908_beam5_az154,20260204_100908,5,154.0,,,/home/tobeornot8259748/projects/balloon_radar_project/data/raw/detection_dataset/val/Background_IQ/IQ_Data/20260204_100908_beam5_az154.mat,0,0.056430664,29,123,-1,-1,False,0.49809784,0.04416816
20260204_100908_beam5_az163,20260204_100908,5,163.0,,,/home/tobeornot8259748/projects/balloon_radar_project/data/raw/detection_dataset/train/Background_IQ/IQ_Data/20260204_100908_beam5_az163.mat,0,0.06093786,83,64,-1,-1,False,0.5526403,0.17797174
20260204_100908_beam5_az172,20260204_100908,5,172.0,,,/home/tobeornot8259748/projects/balloon_radar_project/data/raw/detection_dataset/test/Background_IQ/IQ_Data/20260204_100908_beam5_az172.mat,0,0.1016076,83,64,-1,-1,False,0.6138206,0.2897708
20260204_100908_beam5_az181,20260204_100908,5,181.0,,,/home/tobeornot8259748/projects/balloon_radar_project/data/raw/detection_dataset/train/Background_IQ/IQ_Data/20260204_100908_beam5_az181.mat,0,0.09088641,60,66,-1,-1,False,0.4800156,0.02573837
20260204_100908_beam5_az190,20260204_100908,5,190.0,,,/home/tobeornot8259748/projects/balloon_radar_project/data/raw/detection_dataset/train/Background_IQ/IQ_Data/20260204_100908_beam5_az190.mat,0,0.10197014,83,66,-1,-1,False,0.5925377,0.2627941
20260204_100908_beam5_az199,20260204_100908,5,199.0,,,/home/tobeornot8259748/projects/balloon_radar_project/data/raw/detection_dataset/val/Background_IQ/IQ_Data/20260204_100908_beam5_az199.mat,0,0.072443545,86,125,-1,-1,False,0.26063642,0.00071540615
20260204_100908_beam5_az208,20260204_100908,5,208.0,,,/home/tobeornot8259748/projects/balloon_radar_project/data/raw/detection_dataset/train/Background_IQ/IQ_Data/20260204_100908_beam5_az208.mat,0,0.054728035,83,65,-1,-1,False,0.5280092,0.1570057
20260204_100908_beam5_az217,20260204_100908,5,217.0,,,/home/tobeornot8259748/projects/balloon_radar_project/data/raw/detection_dataset/train/Background_IQ/IQ_Data/20260204_100908_beam5_az217.mat,0,0.084694974,83,65,-1,-1,False,0.5266517,0.17430435
20260204_100908_beam5_az226,20260204_100908,5,226.0,,,/home/tobeornot8259748/projects/balloon_radar_project/data/raw/detection_dataset/train/Background_IQ/IQ_Data/20260204_100908_beam5_az226.mat,0,0.08081247,83,64,-1,-1,False,0.55672234,0.18394732
20260204_100908_beam5_az235,20260204_100908,5,235.0,,,/home/tobeornot8259748/projects/balloon_radar_project/data/raw/detection_dataset/train/Background_IQ/IQ_Data/20260204_100908_beam5_az235.mat,0,0.061148845,45,15,-1,-1,False,0.49112776,0.030882472
20260204_100908_beam5_az244,20260204_100908,5,244.0,,,/home/tobeornot8259748/projects/balloon_radar_project/data/raw/detection_dataset/train/Background_IQ/IQ_Data/20260204_100908_beam5_az244.mat,0,0.0465814,91,67,-1,-1,False,0.50010663,0.1689837
20260204_100908_beam5_az253,20260204_100908,5,253.0,,,/home/tobeornot8259748/projects/balloon_radar_project/data/raw/detection_dataset/train/Background_IQ/IQ_Data/20260204_100908_beam5_az253.mat,0,0.07548434,83,65,-1,-1,False,0.48241597,0.11294088
20260204_100908_beam5_az262,20260204_100908,5,262.0,,,/home/tobeornot8259748/projects/balloon_radar_project/data/raw/detection_dataset/train/Background_IQ/IQ_Data/20260204_100908_beam5_az262.mat,0,0.054865256,0,127,-1,-1,False,0.30783802,0.0
20260202_144425_beam1,20260202_144425,1,311.55,1980.0,-3.47,/home/tobeornot8259748/projects/balloon_radar_project/data/raw/detection_dataset/test/UAV_IQ/IQ_Data/20260202_144425_beam1.mat,1,0.705569,62,83,65,83,False,0.68868834,0.07634779
20260202_144425_beam2,20260202_144425,2,311.55,1980.0,-3.47,/home/tobeornot8259748/projects/balloon_radar_project/data/raw/detection_dataset/test/UAV_IQ/IQ_Data/20260202_144425_beam2.mat,1,0.9267569,67,82,65,83,True,0.71584713,0.1876203
20260202_144425_beam3,20260202_144425,3,311.55,2010.0,-3.47,/home/tobeornot8259748/projects/balloon_radar_project/data/raw/detection_dataset/test/UAV_IQ/IQ_Data/20260202_144425_beam3.mat,1,0.93395394,67,82,66,83,True,0.7245122,0.20132264
20260202_144425_beam4,20260202_144425,4,311.55,1980.0,-3.47,/home/tobeornot8259748/projects/balloon_radar_project/data/raw/detection_dataset/test/UAV_IQ/IQ_Data/20260202_144425_beam4.mat,1,0.9213264,67,82,65,83,True,0.7268273,0.17009766
20260202_144425_beam5,20260202_144425,5,311.55,2010.0,-3.47,/home/tobeornot8259748/projects/balloon_radar_project/data/raw/detection_dataset/test/UAV_IQ/IQ_Data/20260202_144425_beam5.mat,1,0.7424919,62,83,66,83,False,0.72996306,0.07275492
20260202_144433_beam1,20260202_144433,1,310.71,1950.0,-4.2,/home/tobeornot8259748/projects/balloon_radar_project/data/raw/detection_dataset/val/UAV_IQ/IQ_Data/20260202_144433_beam1.mat,1,0.8500478,62,88,64,87,True,0.6970973,0.10197691
20260202_144433_beam2,20260202_144433,2,310.71,1950.0,-4.2,/home/tobeornot8259748/projects/balloon_radar_project/data/raw/detection_dataset/val/UAV_IQ/IQ_Data/20260202_144433_beam2.mat,1,0.93243724,66,86,64,87,True,0.706955,0.2501779
20260202_144433_beam3,20260202_144433,3,310.71,1950.0,-4.2,/home/tobeornot8259748/projects/balloon_radar_project/data/raw/detection_dataset/val/UAV_IQ/IQ_Data/20260202_144433_beam3.mat,1,0.92058045,66,87,64,87,True,0.71653485,0.30441424
20260202_144433_beam4,20260202_144433,4,310.71,1950.0,-4.2,/home/tobeornot8259748/projects/balloon_radar_project/data/raw/detection_dataset/val/UAV_IQ/IQ_Data/20260202_144433_beam4.mat,1,0.9333342,66,86,64,87,True,0.7104753,0.25667137
20260202_144433_beam5,20260202_144433,5,311.7,1950.0,-4.2,/home/tobeornot8259748/projects/balloon_radar_project/data/raw/detection_dataset/val/UAV_IQ/IQ_Data/20260202_144433_beam5.mat,1,0.90392554,66,86,64,87,True,0.7454168,0.16545439
20260202_144458_beam1,20260202_144458,1,310.01,2010.0,5.66,/home/tobeornot8259748/projects/balloon_radar_project/data/raw/detection_dataset/test/UAV_IQ/IQ_Data/20260202_144458_beam1.mat,1,0.88316363,68,32,66,33,True,0.72003335,0.114505515
20260202_144458_beam2,20260202_144458,2,310.01,2010.0,5.66,/home/tobeornot8259748/projects/balloon_radar_project/data/raw/detection_dataset/test/UAV_IQ/IQ_Data/20260202_144458_beam2.mat,1,0.9246905,68,32,66,33,True,0.7210876,0.24168666
20260202_144458_beam3,20260202_144458,3,310.01,1980.0,5.66,/home/tobeornot8259748/projects/balloon_radar_project/data/raw/detection_dataset/test/UAV_IQ/IQ_Data/20260202_144458_beam3.mat,1,0.91153985,64,34,65,33,True,0.7277729,0.2784113
20260202_144458_beam4,20260202_144458,4,310.01,2010.0,5.66,/home/tobeornot8259748/projects/balloon_radar_project/data/raw/detection_dataset/test/UAV_IQ/IQ_Data/20260202_144458_beam4.mat,1,0.94405323,68,32,66,33,True,0.7140004,0.20371938
20260202_144458_beam5,20260202_144458,5,310.01,1980.0,5.66,/home/tobeornot8259748/projects/balloon_radar_project/data/raw/detection_dataset/test/UAV_IQ/IQ_Data/20260202_144458_beam5.mat,1,0.91777843,68,32,65,33,False,0.7378611,0.106780805
20260202_144506_beam1,20260202_144506,1,310.23,2070.0,4.75,/home/tobeornot8259748/projects/balloon_radar_project/data/raw/detection_dataset/test/UAV_IQ/IQ_Data/20260202_144506_beam1.mat,1,0.81690574,65,37,68,38,False,0.69208086,0.093150266
20260202_144506_beam2,20260202_144506,2,310.23,2040.0,4.75,/home/tobeornot8259748/projects/balloon_radar_project/data/raw/detection_dataset/test/UAV_IQ/IQ_Data/20260202_144506_beam2.mat,1,0.89543253,69,38,67,38,True,0.7147009,0.2087032
20260202_144506_beam3,20260202_144506,3,309.24,2070.0,4.75,/home/tobeornot8259748/projects/balloon_radar_project/data/raw/detection_dataset/test/UAV_IQ/IQ_Data/20260202_144506_beam3.mat,1,0.93629545,69,36,68,38,True,0.722848,0.18849419
20260202_144506_beam4,20260202_144506,4,309.24,2070.0,4.75,/home/tobeornot8259748/projects/balloon_radar_project/data/raw/detection_dataset/test/UAV_IQ/IQ_Data/20260202_144506_beam4.mat,1,0.9256378,69,37,68,38,True,0.7155603,0.12527151
20260202_144506_beam5,20260202_144506,5,310.23,2040.0,4.75,/home/tobeornot8259748/projects/balloon_radar_project/data/raw/detection_dataset/test/UAV_IQ/IQ_Data/20260202_144506_beam5.mat,1,0.6443982,70,38,67,38,False,0.7179942,0.050999917
20260202_144515_beam1,20260202_144515,1,308.62,2070.0,5.3,/home/tobeornot8259748/projects/balloon_radar_project/data/raw/detection_dataset/train/UAV_IQ/IQ_Data/20260202_144515_beam1.mat,1,0.920772,67,34,68,35,True,0.71999997,0.19534709
20260202_144515_beam2,20260202_144515,2,309.61,2070.0,5.3,/home/tobeornot8259748/projects/balloon_radar_project/data/raw/detection_dataset/train/UAV_IQ/IQ_Data/20260202_144515_beam2.mat,1,0.9224603,70,34,68,35,True,0.7164935,0.26934928
20260202_144515_beam3,20260202_144515,3,308.62,2100.0,5.3,/home/tobeornot8259748/projects/balloon_radar_project/data/raw/detection_dataset/train/UAV_IQ/IQ_Data/20260202_144515_beam3.mat,1,0.86818004,71,34,69,35,True,0.72045237,0.28328633
20260202_144515_beam4,20260202_144515,4,308.62,2100.0,5.3,/home/tobeornot8259748/projects/balloon_radar_project/data/raw/detection_dataset/train/UAV_IQ/IQ_Data/20260202_144515_beam4.mat,1,0.9201156,67,34,69,35,True,0.71352285,0.19745228
20260202_144515_beam5,20260202_144515,5,308.62,2070.0,5.3,/home/tobeornot8259748/projects/balloon_radar_project/data/raw/detection_dataset/train/UAV_IQ/IQ_Data/20260202_144515_beam5.mat,1,0.8297912,71,34,68,35,False,0.74348193,0.08796086
20260202_144523_beam1,20260202_144523,1,308.4,2130.0,5.12,/home/tobeornot8259748/projects/balloon_radar_project/data/raw/detection_dataset/train/UAV_IQ/IQ_Data/20260202_144523_beam1.mat,1,0.9407706,70,37,70,36,True,0.73605233,0.25451246
20260202_144523_beam2,20260202_144523,2,308.4,2130.0,5.12,/home/tobeornot8259748/projects/balloon_radar_project/data/raw/detection_dataset/train/UAV_IQ/IQ_Data/20260202_144523_beam2.mat,1,0.90233743,69,37,70,36,True,0.7682987,0.36465177
20260202_144523_beam3,20260202_144523,3,308.4,2100.0,5.12,/home/tobeornot8259748/projects/balloon_radar_project/data/raw/detection_dataset/train/UAV_IQ/IQ_Data/20260202_144523_beam3.mat,1,0.9239813,71,37,69,36,True,0.7553966,0.33638188
20260202_144523_beam4,20260202_144523,4,308.4,2130.0,5.12,/home/tobeornot8259748/projects/balloon_radar_project/data/raw/detection_dataset/train/UAV_IQ/IQ_Data/20260202_144523_beam4.mat,1,0.9377016,72,35,70,36,True,0.71954036,0.19560908
20260202_144523_beam5,20260202_144523,5,308.4,2130.0,5.12,/home/tobeornot8259748/projects/balloon_radar_project/data/raw/detection_dataset/train/UAV_IQ/IQ_Data/20260202_144523_beam5.mat,1,0.84977186,68,35,70,36,True,0.72896105,0.085389435
20260202_144539_beam1,20260202_144539,1,310.79,2190.0,3.29,/home/tobeornot8259748/projects/balloon_radar_project/data/raw/detection_dataset/test/UAV_IQ/IQ_Data/20260202_144539_beam1.mat,1,0.8358406,74,45,72,46,True,0.67548823,0.101690926
20260202_144539_beam2,20260202_144539,2,310.79,2190.0,3.11,/home/tobeornot8259748/projects/balloon_radar_project/data/raw/detection_dataset/test/UAV_IQ/IQ_Data/20260202_144539_beam2.mat,1,0.9060567,72,46,72,47,True,0.69801563,0.16247547
20260202_144539_beam3,20260202_144539,3,310.79,2190.0,3.29,/home/tobeornot8259748/projects/balloon_radar_project/data/raw/detection_dataset/test/UAV_IQ/IQ_Data/20260202_144539_beam3.mat,1,0.90628386,71,46,72,46,True,0.6710071,0.12845108
20260202_144539_beam4,20260202_144539,4,310.79,2190.0,3.29,/home/tobeornot8259748/projects/balloon_radar_project/data/raw/detection_dataset/test/UAV_IQ/IQ_Data/20260202_144539_beam4.mat,1,0.6564228,70,46,72,46,True,0.65958625,0.0423455
20260202_144548_beam1,20260202_144548,1,311.9,2220.0,2.38,/home/tobeornot8259748/projects/balloon_radar_project/data/raw/detection_dataset/train/UAV_IQ/IQ_Data/20260202_144548_beam1.mat,1,0.9053746,71,50,73,51,True,0.70297146,0.17878035
20260202_144548_beam2,20260202_144548,2,311.9,2220.0,2.38,/home/tobeornot8259748/projects/balloon_radar_project/data/raw/detection_dataset/train/UAV_IQ/IQ_Data/20260202_144548_beam2.mat,1,0.8591764,71,50,73,51,True,0.70849925,0.20622076
20260202_144548_beam3,20260202_144548,3,311.9,2220.0,2.38,/home/tobeornot8259748/projects/balloon_radar_project/data/raw/detection_dataset/train/UAV_IQ/IQ_Data/20260202_144548_beam3.mat,1,0.88063514,75,50,73,51,True,0.7193862,0.16849478
20260202_144548_beam4,20260202_144548,4,311.9,2220.0,2.38,/home/tobeornot8259748/projects/balloon_radar_project/data/raw/detection_dataset/train/UAV_IQ/IQ_Data/20260202_144548_beam4.mat,1,0.69893456,76,51,73,51,False,0.697697,0.078572795
20260202_144556_beam1,20260202_144556,1,313.17,2250.0,-1.64,/home/tobeornot8259748/projects/balloon_radar_project/data/raw/detection_dataset/train/UAV_IQ/IQ_Data/20260202_144556_beam1.mat,1,0.92460495,75,72,74,73,True,0.72873455,0.16375962
20260202_144556_beam2,20260202_144556,2,312.18,2220.0,-1.64,/home/tobeornot8259748/projects/balloon_radar_project/data/raw/detection_dataset/train/UAV_IQ/IQ_Data/20260202_144556_beam2.mat,1,0.87816954,75,72,73,73,True,0.7252687,0.1575154
20260202_144556_beam3,20260202_144556,3,312.18,2220.0,-1.64,/home/tobeornot8259748/projects/balloon_radar_project/data/raw/detection_dataset/train/UAV_IQ/IQ_Data/20260202_144556_beam3.mat,1,0.81294334,71,74,73,73,True,0.72001165,0.0966789
20260202_144604_beam1,20260202_144604,1,313.35,2190.0,-4.02,/home/tobeornot8259748/projects/balloon_radar_project/data/raw/detection_dataset/train/UAV_IQ/IQ_Data/20260202_144604_beam1.mat,1,0.9146772,71,86,72,86,True,0.70444757,0.13506627
20260202_144604_beam2,20260202_144604,2,314.35,2190.0,-4.2,/home/tobeornot8259748/projects/balloon_radar_project/data/raw/detection_dataset/train/UAV_IQ/IQ_Data/20260202_144604_beam2.mat,1,0.9263637,71,86,72,87,True,0.7053233,0.21587488
20260202_144604_beam3,20260202_144604,3,314.35,2220.0,-4.2,/home/tobeornot8259748/projects/balloon_radar_project/data/raw/detection_dataset/train/UAV_IQ/IQ_Data/20260202_144604_beam3.mat,1,0.9096101,74,86,73,87,True,0.6894776,0.18868722
20260202_144604_beam4,20260202_144604,4,314.35,2190.0,-4.2,/home/tobeornot8259748/projects/balloon_radar_project/data/raw/detection_dataset/train/UAV_IQ/IQ_Data/20260202_144604_beam4.mat,1,0.83667815,75,86,72,87,False,0.6598045,0.085667126
20260202_144613_beam1,20260202_144613,1,314.63,2160.0,-5.66,/home/tobeornot8259748/projects/balloon_radar_project/data/raw/detection_dataset/train/UAV_IQ/IQ_Data/20260202_144613_beam1.mat,1,0.8771514,73,94,71,95,True,0.7167118,0.17631026
20260202_144613_beam2,20260202_144613,2,314.63,2160.0,-5.66,/home/tobeornot8259748/projects/balloon_radar_project/data/raw/detection_dataset/train/UAV_IQ/IQ_Data/20260202_144613_beam2.mat,1,0.8770329,69,97,71,95,True,0.6925622,0.20861948
20260202_144613_beam3,20260202_144613,3,314.63,2160.0,-5.66,/home/tobeornot8259748/projects/balloon_radar_project/data/raw/detection_dataset/train/UAV_IQ/IQ_Data/20260202_144613_beam3.mat,1,0.8451097,73,97,71,95,True,0.6926099,0.194205
20260202_144613_beam4,20260202_144613,4,314.63,2160.0,-5.66,/home/tobeornot8259748/projects/balloon_radar_project/data/raw/detection_dataset/train/UAV_IQ/IQ_Data/20260202_144613_beam4.mat,1,0.75556767,68,95,71,95,False,0.6783823,0.07911106
20260202_144629_beam1,20260202_144629,1,313.77,2400.0,-6.76,/home/tobeornot8259748/projects/balloon_radar_project/data/raw/detection_dataset/train/UAV_IQ/IQ_Data/20260202_144629_beam1.mat,1,0.74624985,79,99,79,101,True,0.6073987,0.09656614
20260202_144629_beam2,20260202_144629,2,313.77,2400.0,-6.76,/home/tobeornot8259748/projects/balloon_radar_project/data/raw/detection_dataset/train/UAV_IQ/IQ_Data/20260202_144629_beam2.mat,1,0.85178953,70,81,79,101,False,0.6625565,0.14352469
20260202_144629_beam3,20260202_144629,3,314.77,2400.0,-6.76,/home/tobeornot8259748/projects/balloon_radar_project/data/raw/detection_dataset/train/UAV_IQ/IQ_Data/20260202_144629_beam3.mat,1,0.90522474,70,81,79,101,False,0.70966965,0.18976063
20260202_144629_beam4,20260202_144629,4,313.77,2400.0,-6.76,/home/tobeornot8259748/projects/balloon_radar_project/data/raw/detection_dataset/train/UAV_IQ/IQ_Data/20260202_144629_beam4.mat,1,0.77675897,70,83,79,101,False,0.69043887,0.08612228
20260202_144637_beam1,20260202_144637,1,315.08,2130.0,-1.28,/home/tobeornot8259748/projects/balloon_radar_project/data/raw/detection_dataset/train/UAV_IQ/IQ_Data/20260202_144637_beam1.mat,1,0.7861625,74,70,70,71,False,0.70935154,0.17161857
20260202_144637_beam2,20260202_144637,2,315.08,2130.0,-1.1,/home/tobeornot8259748/projects/balloon_radar_project/data/raw/detection_dataset/train/UAV_IQ/IQ_Data/20260202_144637_beam2.mat,1,0.8624091,74,70,70,70,False,0.7073035,0.23590897
20260202_144637_beam3,20260202_144637,3,315.08,2130.0,-1.1,/home/tobeornot8259748/projects/balloon_radar_project/data/raw/detection_dataset/train/UAV_IQ/IQ_Data/20260202_144637_beam3.mat,1,0.84367144,75,70,70,70,False,0.6972788,0.24007727
20260202_144637_beam4,20260202_144637,4,315.08,2100.0,-1.28,/home/tobeornot8259748/projects/balloon_radar_project/data/raw/detection_dataset/train/UAV_IQ/IQ_Data/20260202_144637_beam4.mat,1,0.5735718,75,71,69,71,False,0.6685343,0.12698267
20260202_144645_beam1,20260202_144645,1,310.9,2040.0,2.01,/home/tobeornot8259748/projects/balloon_radar_project/data/raw/detection_dataset/train/UAV_IQ/IQ_Data/20260202_144645_beam1.mat,1,0.8808038,65,53,67,53,True,0.7081356,0.13743521
20260202_144645_beam2,20260202_144645,2,310.9,2070.0,2.01,/home/tobeornot8259748/projects/balloon_radar_project/data/raw/detection_dataset/train/UAV_IQ/IQ_Data/20260202_144645_beam2.mat,1,0.9169244,66,53,68,53,True,0.72223884,0.26284996
20260202_144645_beam3,20260202_144645,3,310.9,2070.0,2.01,/home/tobeornot8259748/projects/balloon_radar_project/data/raw/detection_dataset/train/UAV_IQ/IQ_Data/20260202_144645_beam3.mat,1,0.9205925,66,54,68,53,True,0.7241769,0.27832738
20260202_144645_beam4,20260202_144645,4,310.9,2040.0,2.01,/home/tobeornot8259748/projects/balloon_radar_project/data/raw/detection_dataset/train/UAV_IQ/IQ_Data/20260202_144645_beam4.mat,1,0.9232721,70,52,67,53,False,0.716192,0.1768695
20260202_144710_beam1,20260202_144710,1,308.54,2160.0,4.2,/home/tobeornot8259748/projects/balloon_radar_project/data/raw/detection_dataset/train/UAV_IQ/IQ_Data/20260202_144710_beam1.mat,1,0.95327604,73,40,71,41,True,0.7244765,0.20159931
20260202_144710_beam2,20260202_144710,2,308.54,2160.0,4.2,/home/tobeornot8259748/projects/balloon_radar_project/data/raw/detection_dataset/train/UAV_IQ/IQ_Data/20260202_144710_beam2.mat,1,0.938383,73,40,71,41,True,0.7297303,0.27457553
20260202_144710_beam3,20260202_144710,3,308.54,2160.0,4.2,/home/tobeornot8259748/projects/balloon_radar_project/data/raw/detection_dataset/train/UAV_IQ/IQ_Data/20260202_144710_beam3.mat,1,0.93768114,73,40,71,41,True,0.7310555,0.25338876
20260202_144710_beam4,20260202_144710,4,308.54,2130.0,4.2,/home/tobeornot8259748/projects/balloon_radar_project/data/raw/detection_dataset/train/UAV_IQ/IQ_Data/20260202_144710_beam4.mat,1,0.91733396,73,40,70,41,False,0.7184194,0.14278977
20260202_144718_beam1,20260202_144718,1,310.45,2190.0,3.47,/home/tobeornot8259748/projects/balloon_radar_project/data/raw/detection_dataset/train/UAV_IQ/IQ_Data/20260202_144718_beam1.mat,1,0.94250536,74,44,72,45,True,0.7185604,0.1833452
20260202_144718_beam2,20260202_144718,2,310.45,2190.0,3.47,/home/tobeornot8259748/projects/balloon_radar_project/data/raw/detection_dataset/train/UAV_IQ/IQ_Data/20260202_144718_beam2.mat,1,0.95362216,74,44,72,45,True,0.72187114,0.25121114
20260202_144718_beam3,20260202_144718,3,310.45,2190.0,3.47,/home/tobeornot8259748/projects/balloon_radar_project/data/raw/detection_dataset/train/UAV_IQ/IQ_Data/20260202_144718_beam3.mat,1,0.95302963,74,44,72,45,True,0.71457803,0.22729668
20260202_144718_beam4,20260202_144718,4,310.45,2190.0,3.47,/home/tobeornot8259748/projects/balloon_radar_project/data/raw/detection_dataset/train/UAV_IQ/IQ_Data/20260202_144718_beam4.mat,1,0.8387224,70,44,72,45,True,0.68905824,0.097505435
20260202_144727_beam1,20260202_144727,1,311.14,2160.0,-1.46,/home/tobeornot8259748/projects/balloon_radar_project/data/raw/detection_dataset/test/UAV_IQ/IQ_Data/20260202_144727_beam1.mat,1,0.92896295,71,72,71,72,True,0.72069204,0.14623562
20260202_144727_beam2,20260202_144727,2,310.14,2190.0,-1.46,/home/tobeornot8259748/projects/balloon_radar_project/data/raw/detection_dataset/test/UAV_IQ/IQ_Data/20260202_144727_beam2.mat,1,0.9435645,74,71,72,72,True,0.7229651,0.27967176
20260202_144727_beam3,20260202_144727,3,310.14,2220.0,-1.46,/home/tobeornot8259748/projects/balloon_radar_project/data/raw/detection_dataset/test/UAV_IQ/IQ_Data/20260202_144727_beam3.mat,1,0.94071007,74,73,73,72,True,0.71586215,0.22776073
20260202_144727_beam4,20260202_144727,4,310.14,2190.0,-1.46,/home/tobeornot8259748/projects/balloon_radar_project/data/raw/detection_dataset/test/UAV_IQ/IQ_Data/20260202_144727_beam4.mat,1,0.8750743,74,72,72,72,True,0.6993203,0.12016866
20260202_144735_beam1,20260202_144735,1,311.85,2160.0,-2.38,/home/tobeornot8259748/projects/balloon_radar_project/data/raw/detection_dataset/test/UAV_IQ/IQ_Data/20260202_144735_beam1.mat,1,0.94694877,73,78,71,77,True,0.73217356,0.17555599
20260202_144735_beam2,20260202_144735,2,310.85,2190.0,-2.38,/home/tobeornot8259748/projects/balloon_radar_project/data/raw/detection_dataset/test/UAV_IQ/IQ_Data/20260202_144735_beam2.mat,1,0.93864614,71,77,72,77,True,0.7424875,0.20730837
20260202_144735_beam3,20260202_144735,3,311.85,2190.0,-2.38,/home/tobeornot8259748/projects/balloon_radar_project/data/raw/detection_dataset/test/UAV_IQ/IQ_Data/20260202_144735_beam3.mat,1,0.95298994,72,78,72,77,True,0.74464494,0.22262414
20260202_144735_beam4,20260202_144735,4,311.85,2190.0,-2.38,/home/tobeornot8259748/projects/balloon_radar_project/data/raw/detection_dataset/test/UAV_IQ/IQ_Data/20260202_144735_beam4.mat,1,0.9096694,71,77,72,77,True,0.71577346,0.119364925
20260202_144751_beam1,20260202_144751,1,312.01,2160.0,-4.75,/home/tobeornot8259748/projects/balloon_radar_project/data/raw/detection_dataset/train/UAV_IQ/IQ_Data/20260202_144751_beam1.mat,1,0.9376828,69,89,71,90,True,0.72467643,0.21669939
20260202_144751_beam2,20260202_144751,2,312.01,2160.0,-4.75,/home/tobeornot8259748/projects/balloon_radar_project/data/raw/detection_dataset/train/UAV_IQ/IQ_Data/20260202_144751_beam2.mat,1,0.9336748,72,89,71,90,True,0.7209092,0.31915194
20260202_144751_beam3,20260202_144751,3,312.01,2160.0,-4.75,/home/tobeornot8259748/projects/balloon_radar_project/data/raw/detection_dataset/train/UAV_IQ/IQ_Data/20260202_144751_beam3.mat,1,0.92623883,72,90,71,90,True,0.72488004,0.27367377
20260202_144751_beam4,20260202_144751,4,312.01,2160.0,-4.75,/home/tobeornot8259748/projects/balloon_radar_project/data/raw/detection_dataset/train/UAV_IQ/IQ_Data/20260202_144751_beam4.mat,1,0.9386605,72,89,71,90,True,0.7241279,0.1784167
20260202_144751_beam5,20260202_144751,5,312.01,2160.0,-4.75,/home/tobeornot8259748/projects/balloon_radar_project/data/raw/detection_dataset/train/UAV_IQ/IQ_Data/20260202_144751_beam5.mat,1,0.8351532,72,90,71,90,True,0.74491084,0.07176435
20260202_144800_beam1,20260202_144800,1,311.28,2100.0,-5.48,/home/tobeornot8259748/projects/balloon_radar_project/data/raw/detection_dataset/train/UAV_IQ/IQ_Data/20260202_144800_beam1.mat,1,0.75878143,72,93,69,94,False,0.6734454,0.110224195
20260202_144800_beam2,20260202_144800,2,311.28,2100.0,-5.48,/home/tobeornot8259748/projects/balloon_radar_project/data/raw/detection_dataset/train/UAV_IQ/IQ_Data/20260202_144800_beam2.mat,1,0.8960821,71,93,69,94,True,0.7050216,0.19824392
20260202_144800_beam3,20260202_144800,3,311.28,2100.0,-5.48,/home/tobeornot8259748/projects/balloon_radar_project/data/raw/detection_dataset/train/UAV_IQ/IQ_Data/20260202_144800_beam3.mat,1,0.9122193,71,93,69,94,True,0.7074295,0.18307905
20260202_144800_beam4,20260202_144800,4,310.26,2100.0,-5.48,/home/tobeornot8259748/projects/balloon_radar_project/data/raw/detection_dataset/train/UAV_IQ/IQ_Data/20260202_144800_beam4.mat,1,0.8172154,71,95,69,94,True,0.7063332,0.12664622
20260202_144808_beam1,20260202_144808,1,310.72,2040.0,-5.48,/home/tobeornot8259748/projects/balloon_radar_project/data/raw/detection_dataset/test/UAV_IQ/IQ_Data/20260202_144808_beam1.mat,1,0.771316,69,95,67,94,True,0.6430623,0.07900705
20260202_144808_beam2,20260202_144808,2,310.72,2040.0,-5.66,/home/tobeornot8259748/projects/balloon_radar_project/data/raw/detection_dataset/test/UAV_IQ/IQ_Data/20260202_144808_beam2.mat,1,0.92626023,69,94,67,95,True,0.6907998,0.17214333
20260202_144808_beam3,20260202_144808,3,310.72,2040.0,-5.66,/home/tobeornot8259748/projects/balloon_radar_project/data/raw/detection_dataset/test/UAV_IQ/IQ_Data/20260202_144808_beam3.mat,1,0.92824095,69,94,67,95,True,0.70644903,0.1862162
20260202_144808_beam4,20260202_144808,4,310.72,2070.0,-5.66,/home/tobeornot8259748/projects/balloon_radar_project/data/raw/detection_dataset/test/UAV_IQ/IQ_Data/20260202_144808_beam4.mat,1,0.8481323,66,94,68,95,True,0.68779457,0.11920232
20260202_144816_beam1,20260202_144816,1,311.14,2040.0,2.56,/home/tobeornot8259748/projects/balloon_radar_project/data/raw/detection_dataset/val/UAV_IQ/IQ_Data/20260202_144816_beam1.mat,1,0.8802029,64,50,67,50,False,0.70325553,0.11045262
20260202_144816_beam2,20260202_144816,2,310.14,2010.0,2.56,/home/tobeornot8259748/projects/balloon_radar_project/data/raw/detection_dataset/val/UAV_IQ/IQ_Data/20260202_144816_beam2.mat,1,0.95992994,68,51,66,50,True,0.7265967,0.26265705
20260202_144816_beam3,20260202_144816,3,311.14,2040.0,2.56,/home/tobeornot8259748/projects/balloon_radar_project/data/raw/detection_dataset/val/UAV_IQ/IQ_Data/20260202_144816_beam3.mat,1,0.90940505,68,50,67,50,True,0.71846086,0.22901522
20260202_144816_beam4,20260202_144816,4,311.14,2010.0,2.56,/home/tobeornot8259748/projects/balloon_radar_project/data/raw/detection_dataset/val/UAV_IQ/IQ_Data/20260202_144816_beam4.mat,1,0.91825736,68,49,66,50,True,0.70597494,0.17658031
20260202_144816_beam5,20260202_144816,5,311.14,2010.0,2.56,/home/tobeornot8259748/projects/balloon_radar_project/data/raw/detection_dataset/val/UAV_IQ/IQ_Data/20260202_144816_beam5.mat,1,0.77028733,64,50,66,50,True,0.73498976,0.07881285
20260202_144825_beam1,20260202_144825,1,311.13,2070.0,5.3,/home/tobeornot8259748/projects/balloon_radar_project/data/raw/detection_dataset/train/UAV_IQ/IQ_Data/20260202_144825_beam1.mat,1,0.9494505,66,35,68,35,True,0.7144162,0.25435552
20260202_144825_beam2,20260202_144825,2,311.13,2070.0,5.3,/home/tobeornot8259748/projects/balloon_radar_project/data/raw/detection_dataset/train/UAV_IQ/IQ_Data/20260202_144825_beam2.mat,1,0.90085185,69,36,68,35,True,0.7398536,0.41516775
20260202_144825_beam3,20260202_144825,3,311.13,2040.0,5.12,/home/tobeornot8259748/projects/balloon_radar_project/data/raw/detection_dataset/train/UAV_IQ/IQ_Data/20260202_144825_beam3.mat,1,0.80245996,70,37,67,36,False,0.7293964,0.38545385
20260202_144825_beam4,20260202_144825,4,310.14,2070.0,5.3,/home/tobeornot8259748/projects/balloon_radar_project/data/raw/detection_dataset/train/UAV_IQ/IQ_Data/20260202_144825_beam4.mat,1,0.95797724,66,35,68,35,True,0.7119448,0.25119764
20260202_144825_beam5,20260202_144825,5,310.14,2040.0,5.3,/home/tobeornot8259748/projects/balloon_radar_project/data/raw/detection_dataset/train/UAV_IQ/IQ_Data/20260202_144825_beam5.mat,1,0.933932,66,34,67,35,True,0.7407184,0.13008352
20260202_144833_beam1,20260202_144833,1,310.72,2100.0,5.48,/home/tobeornot8259748/projects/balloon_radar_project/data/raw/detection_dataset/train/UAV_IQ/IQ_Data/20260202_144833_beam1.mat,1,0.91846126,66,34,69,34,False,0.6962188,0.1705072
20260202_144833_beam2,20260202_144833,2,309.73,2100.0,5.48,/home/tobeornot8259748/projects/balloon_radar_project/data/raw/detection_dataset/train/UAV_IQ/IQ_Data/20260202_144833_beam2.mat,1,0.7824628,65,32,69,34,False,0.67594254,0.25838453
20260202_144833_beam3,20260202_144833,3,309.73,2100.0,5.48,/home/tobeornot8259748/projects/balloon_radar_project/data/raw/detection_dataset/train/UAV_IQ/IQ_Data/20260202_144833_beam3.mat,1,0.7813088,66,33,69,34,False,0.687368,0.29989833
20260202_144833_beam4,20260202_144833,4,309.73,2100.0,5.48,/home/tobeornot8259748/projects/balloon_radar_project/data/raw/detection_dataset/train/UAV_IQ/IQ_Data/20260202_144833_beam4.mat,1,0.88730603,67,33,69,34,True,0.6938061,0.22926559
20260202_144833_beam5,20260202_144833,5,310.72,2100.0,5.48,/home/tobeornot8259748/projects/balloon_radar_project/data/raw/detection_dataset/train/UAV_IQ/IQ_Data/20260202_144833_beam5.mat,1,0.75203705,71,33,69,34,True,0.7361127,0.08587552
20260202_144841_beam1,20260202_144841,1,311.27,2160.0,5.3,/home/tobeornot8259748/projects/balloon_radar_project/data/raw/detection_dataset/test/UAV_IQ/IQ_Data/20260202_144841_beam1.mat,1,0.92548805,69,35,71,35,True,0.6842531,0.14837563
20260202_144841_beam2,20260202_144841,2,310.26,2160.0,5.12,/home/tobeornot8259748/projects/balloon_radar_project/data/raw/detection_dataset/test/UAV_IQ/IQ_Data/20260202_144841_beam2.mat,1,0.92921394,70,35,71,36,True,0.69268876,0.20904496
20260202_144841_beam3,20260202_144841,3,310.26,2130.0,5.3,/home/tobeornot8259748/projects/balloon_radar_project/data/raw/detection_dataset/test/UAV_IQ/IQ_Data/20260202_144841_beam3.mat,1,0.9262361,70,35,70,35,True,0.69444346,0.19095473
20260202_144841_beam4,20260202_144841,4,310.26,2130.0,5.12,/home/tobeornot8259748/projects/balloon_radar_project/data/raw/detection_dataset/test/UAV_IQ/IQ_Data/20260202_144841_beam4.mat,1,0.8736914,69,35,70,36,True,0.67481756,0.09039382
20260202_144849_beam1,20260202_144849,1,310.6,2190.0,5.12,/home/tobeornot8259748/projects/balloon_radar_project/data/raw/detection_dataset/train/UAV_IQ/IQ_Data/20260202_144849_beam1.mat,1,0.6280245,68,36,72,36,False,0.69047344,0.064550556
20260202_144849_beam2,20260202_144849,2,310.6,2190.0,5.12,/home/tobeornot8259748/projects/balloon_radar_project/data/raw/detection_dataset/train/UAV_IQ/IQ_Data/20260202_144849_beam2.mat,1,0.81188416,69,37,72,36,False,0.68416774,0.12095924
20260202_144849_beam3,20260202_144849,3,310.6,2190.0,5.12,/home/tobeornot8259748/projects/balloon_radar_project/data/raw/detection_dataset/train/UAV_IQ/IQ_Data/20260202_144849_beam3.mat,1,0.7670852,68,38,72,36,False,0.6817812,0.082921885
20260202_144849_beam4,20260202_144849,4,310.6,2220.0,5.12,/home/tobeornot8259748/projects/balloon_radar_project/data/raw/detection_dataset/train/UAV_IQ/IQ_Data/20260202_144849_beam4.mat,1,0.42074835,68,36,73,36,False,0.661378,0.032301687
20260202_144857_beam1,20260202_144857,1,310.39,2220.0,-3.11,/home/tobeornot8259748/projects/balloon_radar_project/data/raw/detection_dataset/test/UAV_IQ/IQ_Data/20260202_144857_beam1.mat,1,0.7619054,69,81,73,81,False,0.7015754,0.063904464
20260202_144857_beam2,20260202_144857,2,310.39,2190.0,-3.11,/home/tobeornot8259748/projects/balloon_radar_project/data/raw/detection_dataset/test/UAV_IQ/IQ_Data/20260202_144857_beam2.mat,1,0.81691647,75,80,72,81,False,0.7021748,0.105918646
20260202_144857_beam3,20260202_144857,3,310.39,2220.0,-3.11,/home/tobeornot8259748/projects/balloon_radar_project/data/raw/detection_dataset/test/UAV_IQ/IQ_Data/20260202_144857_beam3.mat,1,0.75096583,70,81,73,81,False,0.7167379,0.099139914
20260202_144857_beam4,20260202_144857,4,310.39,2190.0,-3.11,/home/tobeornot8259748/projects/balloon_radar_project/data/raw/detection_dataset/test/UAV_IQ/IQ_Data/20260202_144857_beam4.mat,1,0.4253682,68,81,72,81,False,0.66793585,0.028731665
20260202_144906_beam1,20260202_144906,1,310.47,2130.0,-5.66,/home/tobeornot8259748/projects/balloon_radar_project/data/raw/detection_dataset/val/UAV_IQ/IQ_Data/20260202_144906_beam1.mat,1,0.8295114,69,94,70,95,True,0.6900938,0.069039784
20260202_144906_beam2,20260202_144906,2,310.47,2130.0,-5.66,/home/tobeornot8259748/projects/balloon_radar_project/data/raw/detection_dataset/val/UAV_IQ/IQ_Data/20260202_144906_beam2.mat,1,0.8966069,69,94,70,95,True,0.7126101,0.12595916
20260202_144906_beam3,20260202_144906,3,310.47,2130.0,-5.66,/home/tobeornot8259748/projects/balloon_radar_project/data/raw/detection_dataset/val/UAV_IQ/IQ_Data/20260202_144906_beam3.mat,1,0.88540375,69,94,70,95,True,0.7063538,0.10039481
20260202_144906_beam4,20260202_144906,4,310.47,2130.0,-5.66,/home/tobeornot8259748/projects/balloon_radar_project/data/raw/detection_dataset/val/UAV_IQ/IQ_Data/20260202_144906_beam4.mat,1,0.44215742,74,97,70,95,False,0.67470056,0.03553301
20260202_144914_beam1,20260202_144914,1,310.21,2130.0,-5.85,/home/tobeornot8259748/projects/balloon_radar_project/data/raw/detection_dataset/train/UAV_IQ/IQ_Data/20260202_144914_beam1.mat,1,0.6315685,41,70,70,96,False,0.73934865,0.32274565
20260202_144914_beam2,20260202_144914,2,310.21,2100.0,-5.85,/home/tobeornot8259748/projects/balloon_radar_project/data/raw/detection_dataset/train/UAV_IQ/IQ_Data/20260202_144914_beam2.mat,1,0.703203,66,96,69,96,False,0.63380563,0.06990711
20260202_144914_beam3,20260202_144914,3,310.21,2100.0,-5.85,/home/tobeornot8259748/projects/balloon_radar_project/data/raw/detection_dataset/train/UAV_IQ/IQ_Data/20260202_144914_beam3.mat,1,0.68754345,41,70,69,96,False,0.7325708,0.32576883
20260202_144914_beam4,20260202_144914,4,311.19,2130.0,-5.85,/home/tobeornot8259748/projects/balloon_radar_project/data/raw/detection_dataset/train/UAV_IQ/IQ_Data/20260202_144914_beam4.mat,1,0.3495272,41,71,70,96,False,0.6935799,0.16629037
20260202_144922_beam1,20260202_144922,1,311.42,2040.0,-4.75,/home/tobeornot8259748/projects/balloon_radar_project/data/raw/detection_dataset/train/UAV_IQ/IQ_Data/20260202_144922_beam1.mat,1,0.9017372,66,89,67,90,True,0.7105824,0.13019843
20260202_144922_beam2,20260202_144922,2,310.42,2070.0,-4.57,/home/tobeornot8259748/projects/balloon_radar_project/data/raw/detection_dataset/train/UAV_IQ/IQ_Data/20260202_144922_beam2.mat,1,0.93723094,68,89,68,89,True,0.74060696,0.35665923
20260202_144922_beam3,20260202_144922,3,310.42,2070.0,-4.75,/home/tobeornot8259748/projects/balloon_radar_project/data/raw/detection_dataset/train/UAV_IQ/IQ_Data/20260202_144922_beam3.mat,1,0.9374197,68,89,68,90,True,0.7367194,0.34075603
20260202_144922_beam4,20260202_144922,4,310.42,2070.0,-4.75,/home/tobeornot8259748/projects/balloon_radar_project/data/raw/detection_dataset/train/UAV_IQ/IQ_Data/20260202_144922_beam4.mat,1,0.9406968,69,89,68,90,True,0.73251563,0.23453915
20260202_144922_beam5,20260202_144922,5,310.42,2070.0,-4.57,/home/tobeornot8259748/projects/balloon_radar_project/data/raw/detection_dataset/train/UAV_IQ/IQ_Data/20260202_144922_beam5.mat,1,0.93236923,69,89,68,89,True,0.75655925,0.11789299
20260202_144931_beam1,20260202_144931,1,311.92,2040.0,-4.75,/home/tobeornot8259748/projects/balloon_radar_project/data/raw/detection_dataset/val/UAV_IQ/IQ_Data/20260202_144931_beam1.mat,1,0.6135894,62,90,67,90,False,0.6817953,0.04851225
20260202_144931_beam2,20260202_144931,2,311.92,2040.0,-4.75,/home/tobeornot8259748/projects/balloon_radar_project/data/raw/detection_dataset/val/UAV_IQ/IQ_Data/20260202_144931_beam2.mat,1,0.8936664,68,89,67,90,True,0.7327271,0.16384505
20260202_144931_beam3,20260202_144931,3,310.94,2010.0,-4.75,/home/tobeornot8259748/projects/balloon_radar_project/data/raw/detection_dataset/val/UAV_IQ/IQ_Data/20260202_144931_beam3.mat,1,0.8276114,64,90,66,90,True,0.7130593,0.12327264
20260202_144931_beam4,20260202_144931,4,311.92,2040.0,-4.75,/home/tobeornot8259748/projects/balloon_radar_project/data/raw/detection_dataset/val/UAV_IQ/IQ_Data/20260202_144931_beam4.mat,1,0.88467205,68,89,67,90,True,0.7173751,0.11507199
20260202_144939_beam1,20260202_144939,1,311.75,2010.0,3.11,/home/tobeornot8259748/projects/balloon_radar_project/data/raw/detection_dataset/train/UAV_IQ/IQ_Data/20260202_144939_beam1.mat,1,0.95013994,64,46,66,47,True,0.7267217,0.15574883
20260202_144939_beam2,20260202_144939,2,311.75,2010.0,3.11,/home/tobeornot8259748/projects/balloon_radar_project/data/raw/detection_dataset/train/UAV_IQ/IQ_Data/20260202_144939_beam2.mat,1,0.9615085,64,48,66,47,True,0.72212976,0.2660416
20260202_144939_beam3,20260202_144939,3,311.75,2010.0,3.11,/home/tobeornot8259748/projects/balloon_radar_project/data/raw/detection_dataset/train/UAV_IQ/IQ_Data/20260202_144939_beam3.mat,1,0.9505663,64,48,66,47,True,0.72332764,0.27376193
20260202_144939_beam4,20260202_144939,4,311.75,1980.0,3.11,/home/tobeornot8259748/projects/balloon_radar_project/data/raw/detection_dataset/train/UAV_IQ/IQ_Data/20260202_144939_beam4.mat,1,0.9513387,64,48,65,47,True,0.726832,0.22753349
20260202_144939_beam5,20260202_144939,5,311.75,1980.0,3.11,/home/tobeornot8259748/projects/balloon_radar_project/data/raw/detection_dataset/train/UAV_IQ/IQ_Data/20260202_144939_beam5.mat,1,0.961122,64,46,65,47,True,0.73876476,0.13097242
20260202_144947_beam1,20260202_144947,1,311.78,2040.0,5.85,/home/tobeornot8259748/projects/balloon_radar_project/data/raw/detection_dataset/train/UAV_IQ/IQ_Data/20260202_144947_beam1.mat,1,0.9364882,65,31,67,32,True,0.7259506,0.18215919
20260202_144947_beam2,20260202_144947,2,310.77,2010.0,5.85,/home/tobeornot8259748/projects/balloon_radar_project/data/raw/detection_dataset/train/UAV_IQ/IQ_Data/20260202_144947_beam2.mat,1,0.9288969,68,32,66,32,True,0.7281737,0.2566226
20260202_144947_beam3,20260202_144947,3,311.78,2040.0,5.85,/home/tobeornot8259748/projects/balloon_radar_project/data/raw/detection_dataset/train/UAV_IQ/IQ_Data/20260202_144947_beam3.mat,1,0.9212963,65,33,67,32,True,0.7297773,0.33694935
20260202_144947_beam4,20260202_144947,4,311.78,2040.0,5.85,/home/tobeornot8259748/projects/balloon_radar_project/data/raw/detection_dataset/train/UAV_IQ/IQ_Data/20260202_144947_beam4.mat,1,0.9435429,69,33,67,32,True,0.7219623,0.24962072
20260202_144947_beam5,20260202_144947,5,311.78,2010.0,5.85,/home/tobeornot8259748/projects/balloon_radar_project/data/raw/detection_dataset/train/UAV_IQ/IQ_Data/20260202_144947_beam5.mat,1,0.9418049,65,31,66,32,True,0.7497255,0.14418098
20260202_144955_beam1,20260202_144955,1,312.18,2070.0,5.85,/home/tobeornot8259748/projects/balloon_radar_project/data/raw/detection_dataset/train/UAV_IQ/IQ_Data/20260202_144955_beam1.mat,1,0.92496496,70,31,68,32,True,0.7117325,0.17408055
20260202_144955_beam2,20260202_144955,2,312.18,2070.0,6.03,/home/tobeornot8259748/projects/balloon_radar_project/data/raw/detection_dataset/train/UAV_IQ/IQ_Data/20260202_144955_beam2.mat,1,0.92802876,70,31,68,31,True,0.7135408,0.2521039
20260202_144955_beam3,20260202_144955,3,311.2,2070.0,5.85,/home/tobeornot8259748/projects/balloon_radar_project/data/raw/detection_dataset/train/UAV_IQ/IQ_Data/20260202_144955_beam3.mat,1,0.90976703,67,31,68,32,True,0.7192911,0.27972835
20260202_144955_beam4,20260202_144955,4,311.2,2070.0,5.85,/home/tobeornot8259748/projects/balloon_radar_project/data/raw/detection_dataset/train/UAV_IQ/IQ_Data/20260202_144955_beam4.mat,1,0.9452188,67,31,68,32,True,0.7195518,0.20532048
20260202_144955_beam5,20260202_144955,5,312.18,2100.0,5.85,/home/tobeornot8259748/projects/balloon_radar_project/data/raw/detection_dataset/train/UAV_IQ/IQ_Data/20260202_144955_beam5.mat,1,0.9275787,70,31,69,32,True,0.7263491,0.08868434
20260202_145004_beam1,20260202_145004,1,312.92,2130.0,5.3,/home/tobeornot8259748/projects/balloon_radar_project/data/raw/detection_dataset/val/UAV_IQ/IQ_Data/20260202_145004_beam1.mat,1,0.8955397,70,35,70,35,True,0.73553187,0.16462885
20260202_145004_beam2,20260202_145004,2,311.9,2130.0,5.3,/home/tobeornot8259748/projects/balloon_radar_project/data/raw/detection_dataset/val/UAV_IQ/IQ_Data/20260202_145004_beam2.mat,1,0.89642435,70,36,70,35,True,0.7612852,0.34607148
20260202_145004_beam3,20260202_145004,3,311.9,2130.0,5.3,/home/tobeornot8259748/projects/balloon_radar_project/data/raw/detection_dataset/val/UAV_IQ/IQ_Data/20260202_145004_beam3.mat,1,0.8920316,71,35,70,35,True,0.75159216,0.30114016
20260202_145004_beam4,20260202_145004,4,312.92,2130.0,5.3,/home/tobeornot8259748/projects/balloon_radar_project/data/raw/detection_dataset/val/UAV_IQ/IQ_Data/20260202_145004_beam4.mat,1,0.89799184,68,35,70,35,True,0.71709996,0.12022847
20260202_145012_beam1,20260202_145012,1,311.05,2190.0,5.12,/home/tobeornot8259748/projects/balloon_radar_project/data/raw/detection_dataset/train/UAV_IQ/IQ_Data/20260202_145012_beam1.mat,1,0.9123232,70,36,72,36,True,0.699592,0.08697894
20260202_145012_beam2,20260202_145012,2,311.05,2160.0,5.12,/home/tobeornot8259748/projects/balloon_radar_project/data/raw/detection_dataset/train/UAV_IQ/IQ_Data/20260202_145012_beam2.mat,1,0.9321336,73,36,71,36,True,0.71058995,0.14133795
20260202_145012_beam3,20260202_145012,3,311.05,2160.0,5.12,/home/tobeornot8259748/projects/balloon_radar_project/data/raw/detection_dataset/train/UAV_IQ/IQ_Data/20260202_145012_beam3.mat,1,0.91735303,70,36,71,36,True,0.69820964,0.11257441
20260202_145012_beam4,20260202_145012,4,311.05,2160.0,5.12,/home/tobeornot8259748/projects/balloon_radar_project/data/raw/detection_dataset/train/UAV_IQ/IQ_Data/20260202_145012_beam4.mat,1,0.6519762,73,37,71,36,True,0.6869962,0.05147557
20260202_145020_beam1,20260202_145020,1,311.05,2220.0,2.56,/home/tobeornot8259748/projects/balloon_radar_project/data/raw/detection_dataset/train/UAV_IQ/IQ_Data/20260202_145020_beam1.mat,1,0.9360708,74,49,73,50,True,0.7221745,0.17647341
20260202_145020_beam2,20260202_145020,2,311.05,2220.0,2.56,/home/tobeornot8259748/projects/balloon_radar_project/data/raw/detection_dataset/train/UAV_IQ/IQ_Data/20260202_145020_beam2.mat,1,0.92483705,71,50,73,50,True,0.7216526,0.2625997
20260202_145020_beam3,20260202_145020,3,311.05,2220.0,2.56,/home/tobeornot8259748/projects/balloon_radar_project/data/raw/detection_dataset/train/UAV_IQ/IQ_Data/20260202_145020_beam3.mat,1,0.9386753,74,49,73,50,True,0.72010547,0.21453033
20260202_145020_beam4,20260202_145020,4,311.05,2190.0,2.56,/home/tobeornot8259748/projects/balloon_radar_project/data/raw/detection_dataset/train/UAV_IQ/IQ_Data/20260202_145020_beam4.mat,1,0.86785334,71,50,72,50,True,0.70043546,0.11420815
20260202_145028_beam1,20260202_145028,1,309.67,2250.0,2.56,/home/tobeornot8259748/projects/balloon_radar_project/data/raw/detection_dataset/train/UAV_IQ/IQ_Data/20260202_145028_beam1.mat,1,0.6480656,70,50,74,50,False,0.67261726,0.04521918
20260202_145028_beam2,20260202_145028,2,309.67,2220.0,2.56,/home/tobeornot8259748/projects/balloon_radar_project/data/raw/detection_dataset/train/UAV_IQ/IQ_Data/20260202_145028_beam2.mat,1,0.81078774,70,50,73,50,False,0.69130415,0.077134065
20260202_145028_beam3,20260202_145028,3,309.67,2250.0,2.56,/home/tobeornot8259748/projects/balloon_radar_project/data/raw/detection_dataset/train/UAV_IQ/IQ_Data/20260202_145028_beam3.mat,1,0.75164706,70,50,74,50,False,0.6871962,0.058185704
20260202_145037_beam1,20260202_145037,1,311.33,2250.0,2.74,/home/tobeornot8259748/projects/balloon_radar_project/data/raw/detection_dataset/train/UAV_IQ/IQ_Data/20260202_145037_beam1.mat,1,0.7866545,71,49,74,49,False,0.6875231,0.08154709
20260202_145037_beam2,20260202_145037,2,310.34,2220.0,2.74,/home/tobeornot8259748/projects/balloon_radar_project/data/raw/detection_dataset/train/UAV_IQ/IQ_Data/20260202_145037_beam2.mat,1,0.82373834,72,48,73,49,True,0.6958974,0.12820005
20260202_145037_beam3,20260202_145037,3,311.33,2220.0,2.74,/home/tobeornot8259748/projects/balloon_radar_project/data/raw/detection_dataset/train/UAV_IQ/IQ_Data/20260202_145037_beam3.mat,1,0.7860977,71,50,73,49,True,0.6893066,0.08867312
20260202_145045_beam1,20260202_145045,1,311.26,2220.0,-3.84,/home/tobeornot8259748/projects/balloon_radar_project/data/raw/detection_dataset/train/UAV_IQ/IQ_Data/20260202_145045_beam1.mat,1,0.7258816,70,85,73,85,False,0.6810676,0.057403497
20260202_145045_beam2,20260202_145045,2,310.24,2250.0,-4.02,/home/tobeornot8259748/projects/balloon_radar_project/data/raw/detection_dataset/train/UAV_IQ/IQ_Data/20260202_145045_beam2.mat,1,0.93798596,72,85,74,86,True,0.72121584,0.1514254
20260202_145045_beam3,20260202_145045,3,311.26,2250.0,-3.84,/home/tobeornot8259748/projects/balloon_radar_project/data/raw/detection_dataset/train/UAV_IQ/IQ_Data/20260202_145045_beam3.mat,1,0.72600204,71,85,74,85,False,0.691689,0.06395525
20260202_145045_beam4,20260202_145045,4,311.26,2250.0,-4.02,/home/tobeornot8259748/projects/balloon_radar_project/data/raw/detection_dataset/train/UAV_IQ/IQ_Data/20260202_145045_beam4.mat,1,0.30938518,79,86,74,86,False,0.6071713,0.010368561
20260202_145053_beam1,20260202_145053,1,310.74,2220.0,-3.65,/home/tobeornot8259748/projects/balloon_radar_project/data/raw/detection_dataset/train/UAV_IQ/IQ_Data/20260202_145053_beam1.mat,1,0.8650534,71,83,73,84,True,0.6922463,0.14249413
20260202_145053_beam2,20260202_145053,2,310.74,2220.0,-3.65,/home/tobeornot8259748/projects/balloon_radar_project/data/raw/detection_dataset/train/UAV_IQ/IQ_Data/20260202_145053_beam2.mat,1,0.8960126,74,84,73,84,True,0.7156788,0.21965715
20260202_145053_beam3,20260202_145053,3,310.74,2220.0,-3.47,/home/tobeornot8259748/projects/balloon_radar_project/data/raw/detection_dataset/train/UAV_IQ/IQ_Data/20260202_145053_beam3.mat,1,0.91154397,74,84,73,83,True,0.72412837,0.18181773
20260202_145053_beam4,20260202_145053,4,310.74,2220.0,-3.65,/home/tobeornot8259748/projects/balloon_radar_project/data/raw/detection_dataset/train/UAV_IQ/IQ_Data/20260202_145053_beam4.mat,1,0.71350145,74,85,73,84,True,0.6805789,0.08175242
20260202_145102_beam1,20260202_145102,1,311.84,2160.0,-5.12,/home/tobeornot8259748/projects/balloon_radar_project/data/raw/detection_dataset/train/UAV_IQ/IQ_Data/20260202_145102_beam1.mat,1,0.94611675,70,91,71,92,True,0.7365554,0.18921144
20260202_145102_beam2,20260202_145102,2,311.84,2190.0,-5.12,/home/tobeornot8259748/projects/balloon_radar_project/data/raw/detection_dataset/train/UAV_IQ/IQ_Data/20260202_145102_beam2.mat,1,0.93498546,73,91,72,92,True,0.72272944,0.24057381
20260202_145102_beam3,20260202_145102,3,311.84,2190.0,-4.93,/home/tobeornot8259748/projects/balloon_radar_project/data/raw/detection_dataset/train/UAV_IQ/IQ_Data/20260202_145102_beam3.mat,1,0.94697076,70,91,72,91,True,0.7101249,0.19764584
20260202_145102_beam4,20260202_145102,4,311.84,2160.0,-5.12,/home/tobeornot8259748/projects/balloon_radar_project/data/raw/detection_dataset/train/UAV_IQ/IQ_Data/20260202_145102_beam4.mat,1,0.9310659,70,91,71,92,True,0.70154595,0.12098431
20260202_145102_beam5,20260202_145102,5,311.84,2190.0,-4.93,/home/tobeornot8259748/projects/balloon_radar_project/data/raw/detection_dataset/train/UAV_IQ/IQ_Data/20260202_145102_beam5.mat,1,0.6070904,74,92,72,91,True,0.7020053,0.038906366
20260202_145110_beam1,20260202_145110,1,312.15,2130.0,-5.3,/home/tobeornot8259748/projects/balloon_radar_project/data/raw/detection_dataset/train/UAV_IQ/IQ_Data/20260202_145110_beam1.mat,1,0.89096713,68,92,70,93,True,0.6979567,0.124254666
20260202_145110_beam2,20260202_145110,2,311.13,2130.0,-5.3,/home/tobeornot8259748/projects/balloon_radar_project/data/raw/detection_dataset/train/UAV_IQ/IQ_Data/20260202_145110_beam2.mat,1,0.8549128,68,92,70,93,True,0.7050458,0.13428642
20260202_145110_beam3,20260202_145110,3,312.15,2130.0,-5.3,/home/tobeornot8259748/projects/balloon_radar_project/data/raw/detection_dataset/train/UAV_IQ/IQ_Data/20260202_145110_beam3.mat,1,0.88498837,72,93,70,93,True,0.70748013,0.17432451
20260202_145110_beam4,20260202_145110,4,312.15,2130.0,-5.3,/home/tobeornot8259748/projects/balloon_radar_project/data/raw/detection_dataset/train/UAV_IQ/IQ_Data/20260202_145110_beam4.mat,1,0.78333014,73,92,70,93,False,0.68562704,0.08867849
20260202_145118_beam1,20260202_145118,1,311.7,2070.0,-4.93,/home/tobeornot8259748/projects/balloon_radar_project/data/raw/detection_dataset/train/UAV_IQ/IQ_Data/20260202_145118_beam1.mat,1,0.8121964,66,93,68,91,True,0.7043855,0.13505007
20260202_145118_beam2,20260202_145118,2,311.7,2070.0,-4.93,/home/tobeornot8259748/projects/balloon_radar_project/data/raw/detection_dataset/train/UAV_IQ/IQ_Data/20260202_145118_beam2.mat,1,0.86682105,66,93,68,91,True,0.70428807,0.19935235
20260202_145118_beam3,20260202_145118,3,311.7,2100.0,-4.93,/home/tobeornot8259748/projects/balloon_radar_project/data/raw/detection_dataset/train/UAV_IQ/IQ_Data/20260202_145118_beam3.mat,1,0.8766699,67,90,69,91,True,0.7181638,0.20845176
20260202_145118_beam4,20260202_145118,4,310.71,2100.0,-4.93,/home/tobeornot8259748/projects/balloon_radar_project/data/raw/detection_dataset/train/UAV_IQ/IQ_Data/20260202_145118_beam4.mat,1,0.8883623,67,91,69,91,True,0.7123623,0.12682518
20260202_145126_beam1,20260202_145126,1,311.28,2040.0,-4.75,/home/tobeornot8259748/projects/balloon_radar_project/data/raw/detection_dataset/train/UAV_IQ/IQ_Data/20260202_145126_beam1.mat,1,0.817622,65,91,67,90,True,0.6934588,0.13592112
20260202_145126_beam2,20260202_145126,2,311.28,2070.0,-4.75,/home/tobeornot8259748/projects/balloon_radar_project/data/raw/detection_dataset/train/UAV_IQ/IQ_Data/20260202_145126_beam2.mat,1,0.8775161,65,91,68,90,False,0.7068725,0.25142825
20260202_145126_beam3,20260202_145126,3,311.28,2040.0,-4.75,/home/tobeornot8259748/projects/balloon_radar_project/data/raw/detection_dataset/train/UAV_IQ/IQ_Data/20260202_145126_beam3.mat,1,0.88897735,65,92,67,90,True,0.7062825,0.24841994
20260202_145126_beam4,20260202_145126,4,311.28,2070.0,-4.75,/home/tobeornot8259748/projects/balloon_radar_project/data/raw/detection_dataset/train/UAV_IQ/IQ_Data/20260202_145126_beam4.mat,1,0.890729,69,90,68,90,True,0.70722884,0.19706008
20260202_145126_beam5,20260202_145126,5,312.27,2070.0,-4.75,/home/tobeornot8259748/projects/balloon_radar_project/data/raw/detection_dataset/train/UAV_IQ/IQ_Data/20260202_145126_beam5.mat,1,0.77011085,69,90,68,90,True,0.75063646,0.091013126
20260202_145135_beam1,20260202_145135,1,311.56,2070.0,4.57,/home/tobeornot8259748/projects/balloon_radar_project/data/raw/detection_dataset/train/UAV_IQ/IQ_Data/20260202_145135_beam1.mat,1,0.896384,69,39,68,39,True,0.6941169,0.19280446
20260202_145135_beam2,20260202_145135,2,311.56,2040.0,4.57,/home/tobeornot8259748/projects/balloon_radar_project/data/raw/detection_dataset/train/UAV_IQ/IQ_Data/20260202_145135_beam2.mat,1,0.9119773,69,39,67,39,True,0.7054456,0.28325045
20260202_145135_beam3,20260202_145135,3,311.56,2070.0,4.57,/home/tobeornot8259748/projects/balloon_radar_project/data/raw/detection_dataset/train/UAV_IQ/IQ_Data/20260202_145135_beam3.mat,1,0.89994437,69,39,68,39,True,0.710747,0.27237934
20260202_145135_beam4,20260202_145135,4,310.57,2070.0,4.39,/home/tobeornot8259748/projects/balloon_radar_project/data/raw/detection_dataset/train/UAV_IQ/IQ_Data/20260202_145135_beam4.mat,1,0.9339504,69,38,68,40,True,0.70954245,0.27530667
20260202_145135_beam5,20260202_145135,5,310.57,2070.0,4.57,/home/tobeornot8259748/projects/balloon_radar_project/data/raw/detection_dataset/train/UAV_IQ/IQ_Data/20260202_145135_beam5.mat,1,0.92628425,69,38,68,39,True,0.75128734,0.1550938
20260202_145143_beam1,20260202_145143,1,312.12,2070.0,5.85,/home/tobeornot8259748/projects/balloon_radar_project/data/raw/detection_dataset/train/UAV_IQ/IQ_Data/20260202_145143_beam1.mat,1,0.8604084,66,31,68,32,True,0.7000766,0.25371325
20260202_145143_beam2,20260202_145143,2,311.13,2070.0,5.85,/home/tobeornot8259748/projects/balloon_radar_project/data/raw/detection_dataset/train/UAV_IQ/IQ_Data/20260202_145143_beam2.mat,1,0.808677,66,31,68,32,True,0.70135254,0.35500333
20260202_145143_beam3,20260202_145143,3,311.13,2100.0,5.85,/home/tobeornot8259748/projects/balloon_radar_project/data/raw/detection_dataset/train/UAV_IQ/IQ_Data/20260202_145143_beam3.mat,1,0.8208947,66,31,69,32,False,0.70003766,0.34158415
20260202_145143_beam4,20260202_145143,4,312.12,2070.0,5.85,/home/tobeornot8259748/projects/balloon_radar_project/data/raw/detection_dataset/train/UAV_IQ/IQ_Data/20260202_145143_beam4.mat,1,0.86452115,71,31,68,32,False,0.71971214,0.26335207
20260202_145143_beam5,20260202_145143,5,311.13,2100.0,5.85,/home/tobeornot8259748/projects/balloon_radar_project/data/raw/detection_dataset/train/UAV_IQ/IQ_Data/20260202_145143_beam5.mat,1,0.872144,71,30,69,32,True,0.7366197,0.1344464
20260202_145151_beam1,20260202_145151,1,310.86,2130.0,5.66,/home/tobeornot8259748/projects/balloon_radar_project/data/raw/detection_dataset/train/UAV_IQ/IQ_Data/20260202_145151_beam1.mat,1,0.89509666,69,33,70,33,True,0.7018553,0.25206333
20260202_145151_beam2,20260202_145151,2,310.86,2160.0,5.66,/home/tobeornot8259748/projects/balloon_radar_project/data/raw/detection_dataset/train/UAV_IQ/IQ_Data/20260202_145151_beam2.mat,1,0.8856665,73,32,71,33,True,0.6939777,0.31767836
20260202_145151_beam3,20260202_145151,3,310.86,2130.0,5.66,/home/tobeornot8259748/projects/balloon_radar_project/data/raw/detection_dataset/train/UAV_IQ/IQ_Data/20260202_145151_beam3.mat,1,0.8994203,68,35,70,33,True,0.70469123,0.26750055
20260202_145151_beam4,20260202_145151,4,310.86,2130.0,5.66,/home/tobeornot8259748/projects/balloon_radar_project/data/raw/detection_dataset/train/UAV_IQ/IQ_Data/20260202_145151_beam4.mat,1,0.92369896,69,32,70,33,True,0.7066261,0.1962283
20260202_145151_beam5,20260202_145151,5,310.86,2160.0,5.66,/home/tobeornot8259748/projects/balloon_radar_project/data/raw/detection_dataset/train/UAV_IQ/IQ_Data/20260202_145151_beam5.mat,1,0.87358874,69,32,71,33,True,0.74108404,0.09222447
20260202_145208_beam1,20260202_145208,1,311.45,2160.0,-4.02,/home/tobeornot8259748/projects/balloon_radar_project/data/raw/detection_dataset/val/UAV_IQ/IQ_Data/20260202_145208_beam1.mat,1,0.8822333,69,84,71,86,True,0.72157,0.15488218
20260202_145208_beam2,20260202_145208,2,311.45,2160.0,-3.84,/home/tobeornot8259748/projects/balloon_radar_project/data/raw/detection_dataset/val/UAV_IQ/IQ_Data/20260202_145208_beam2.mat,1,0.9162321,73,84,71,85,True,0.7277475,0.21416467
20260202_145208_beam3,20260202_145208,3,311.45,2160.0,-3.84,/home/tobeornot8259748/projects/balloon_radar_project/data/raw/detection_dataset/val/UAV_IQ/IQ_Data/20260202_145208_beam3.mat,1,0.91859806,73,84,71,85,True,0.71917194,0.17773294
20260202_145208_beam4,20260202_145208,4,311.45,2160.0,-3.84,/home/tobeornot8259748/projects/balloon_radar_project/data/raw/detection_dataset/val/UAV_IQ/IQ_Data/20260202_145208_beam4.mat,1,0.86030704,69,84,71,85,True,0.706663,0.09779807
20260202_145216_beam1,20260202_145216,1,311.64,2130.0,-2.19,/home/tobeornot8259748/projects/balloon_radar_project/data/raw/detection_dataset/train/UAV_IQ/IQ_Data/20260202_145216_beam1.mat,1,0.8711634,68,77,70,76,True,0.7238603,0.23830533
20260202_145216_beam2,20260202_145216,2,312.66,2130.0,-2.74,/home/tobeornot8259748/projects/balloon_radar_project/data/raw/detection_dataset/train/UAV_IQ/IQ_Data/20260202_145216_beam2.mat,1,0.5784335,67,74,70,79,False,0.6863411,0.18893977
20260202_145216_beam3,20260202_145216,3,311.64,2130.0,-2.38,/home/tobeornot8259748/projects/balloon_radar_project/data/raw/detection_dataset/train/UAV_IQ/IQ_Data/20260202_145216_beam3.mat,1,0.777159,68,77,70,77,True,0.74928224,0.30417222
20260202_145216_beam4,20260202_145216,4,311.64,2130.0,-2.38,/home/tobeornot8259748/projects/balloon_radar_project/data/raw/detection_dataset/train/UAV_IQ/IQ_Data/20260202_145216_beam4.mat,1,0.88562655,72,76,70,77,True,0.72950035,0.1809884
20260202_145216_beam5,20260202_145216,5,311.64,2100.0,-2.38,/home/tobeornot8259748/projects/balloon_radar_project/data/raw/detection_dataset/train/UAV_IQ/IQ_Data/20260202_145216_beam5.mat,1,0.5732436,27,16,69,77,False,0.73285896,0.1630124
