==================================================================================
Experiment             : bc_dpg_v3_ablation_no_target_keep_v4_fold02_seed42
Ablation mode          : no_target_keep
Zero scan context      : False
Device / AMP           : cuda / True
Base checkpoint        : /home/tobeornot8259748/projects/balloon_radar_project/results/experiments/dpg_fcn_v4_fold02_seed42/checkpoints/best.pt
Base threshold         : 0.393799
Pd tolerance           : 0.0100
==================================================================================
预加载 dataset: 778 个样本...
  dataset: 200/778
  dataset: 400/778
  dataset: 600/778
  dataset: 778/778
Precomputing frozen DPG features: train (778 samples)
预加载 dataset: 167 个样本...
  dataset: 167/167
Precomputing frozen DPG features: val (167 samples)
预加载 dataset: 203 个样本...
  dataset: 200/203
  dataset: 203/203
Precomputing frozen DPG features: test (203 samples)
Raw validation at base threshold: Pd=0.9231, Pfa=0.0174
Trainable parameters  : 9474
==================================================================================
epoch=001 train=1.72941 val=1.69392 basePd=0.9231 basePfa=0.0087 rawPd=0.9231 bgShift=0.006 targetShift=0.005 *
epoch=002 train=1.65719 val=1.62251 basePd=0.9231 basePfa=0.0087 rawPd=0.9231 bgShift=0.008 targetShift=0.004 *
epoch=003 train=1.58306 val=1.54826 basePd=0.9231 basePfa=0.0087 rawPd=0.9231 bgShift=0.010 targetShift=0.003 *
epoch=004 train=1.51859 val=1.47220 basePd=0.9231 basePfa=0.0087 rawPd=0.9231 bgShift=0.013 targetShift=0.003 *
epoch=005 train=1.44538 val=1.39089 basePd=0.9231 basePfa=0.0087 rawPd=0.9231 bgShift=0.018 targetShift=0.002 *
epoch=006 train=1.37612 val=1.30926 basePd=0.9231 basePfa=0.0087 rawPd=0.9231 bgShift=0.026 targetShift=0.002 *
epoch=007 train=1.30128 val=1.22811 basePd=0.9231 basePfa=0.0087 rawPd=0.9231 bgShift=0.036 targetShift=0.001 *
epoch=008 train=1.22501 val=1.14657 basePd=0.9231 basePfa=0.0087 rawPd=0.9231 bgShift=0.052 targetShift=0.001 *
epoch=009 train=1.14690 val=1.06515 basePd=0.9231 basePfa=0.0087 rawPd=0.9231 bgShift=0.075 targetShift=0.001 *
epoch=010 train=1.07046 val=0.98513 basePd=0.9231 basePfa=0.0087 rawPd=0.9231 bgShift=0.108 targetShift=0.001 *
epoch=011 train=0.98591 val=0.90559 basePd=0.9231 basePfa=0.0000 rawPd=0.9231 bgShift=0.156 targetShift=0.001 *
epoch=012 train=0.90459 val=0.82857 basePd=0.9231 basePfa=0.0000 rawPd=0.9231 bgShift=0.219 targetShift=0.001 *
epoch=013 train=0.83079 val=0.75536 basePd=0.9231 basePfa=0.0000 rawPd=0.9231 bgShift=0.293 targetShift=0.001 *
epoch=014 train=0.75468 val=0.68521 basePd=0.9231 basePfa=0.0000 rawPd=0.9231 bgShift=0.388 targetShift=0.001 *
epoch=015 train=0.67870 val=0.61878 basePd=0.9231 basePfa=0.0000 rawPd=0.9231 bgShift=0.501 targetShift=0.002 *
epoch=016 train=0.60503 val=0.55664 basePd=0.9231 basePfa=0.0000 rawPd=0.9231 bgShift=0.628 targetShift=0.001 *
epoch=017 train=0.53881 val=0.49904 basePd=0.9231 basePfa=0.0000 rawPd=0.9231 bgShift=0.769 targetShift=0.001 *
epoch=018 train=0.47650 val=0.44887 basePd=0.9231 basePfa=0.0000 rawPd=0.9231 bgShift=0.910 targetShift=0.004 *
epoch=019 train=0.42282 val=0.40187 basePd=0.9231 basePfa=0.0000 rawPd=0.9231 bgShift=1.022 targetShift=0.004 *
epoch=020 train=0.37873 val=0.35937 basePd=0.9231 basePfa=0.0000 rawPd=0.9231 bgShift=0.987 targetShift=0.003 *
epoch=021 train=0.33733 val=0.31777 basePd=0.9231 basePfa=0.0000 rawPd=0.9231 bgShift=0.447 targetShift=0.001 *
epoch=022 train=0.29992 val=0.28405 basePd=0.9231 basePfa=0.0000 rawPd=0.9231 bgShift=0.154 targetShift=0.002 *
epoch=023 train=0.26618 val=0.25549 basePd=0.9231 basePfa=0.0000 rawPd=0.9231 bgShift=0.139 targetShift=0.006 *
epoch=024 train=0.23849 val=0.23135 basePd=0.9231 basePfa=0.0000 rawPd=0.9231 bgShift=0.093 targetShift=0.003 *
epoch=025 train=0.21416 val=0.20905 basePd=0.9231 basePfa=0.0000 rawPd=0.9231 bgShift=0.107 targetShift=0.001 *
epoch=026 train=0.19525 val=0.18968 basePd=0.9231 basePfa=0.0000 rawPd=0.9231 bgShift=0.103 targetShift=0.000 *
epoch=027 train=0.17643 val=0.17237 basePd=0.9231 basePfa=0.0000 rawPd=0.9231 bgShift=0.119 targetShift=0.000 *
epoch=028 train=0.16077 val=0.15758 basePd=0.9231 basePfa=0.0000 rawPd=0.9231 bgShift=0.123 targetShift=0.000 *
epoch=029 train=0.14731 val=0.14379 basePd=0.9231 basePfa=0.0000 rawPd=0.9231 bgShift=0.152 targetShift=0.000 *
epoch=030 train=0.13452 val=0.13127 basePd=0.9231 basePfa=0.0000 rawPd=0.9231 bgShift=0.165 targetShift=0.000 *

==================================================================================
Best epoch: 30
Selected-threshold v3 test : Pd=0.9245, Pfa=0.0000, AUC=1.0000
Selected-threshold raw test: Pd=0.9245, Pfa=0.0000, AUC=1.0000
Base threshold 0.393799 v3 test : Pd=0.9245, Pfa=0.0000
Base threshold 0.393799 raw test: Pd=0.9245, Pfa=0.0000
Test mean shift: background=0.1553, target=0.0002
Test p(background): background=0.7995, target=0.0035
Validation Pd floor satisfied: True
Score never increased: val=True, test=True
Summary: /home/tobeornot8259748/projects/balloon_radar_project/results/experiments/bc_dpg_v3_ablation_no_target_keep_v4_fold02_seed42/tables/summary.json
==================================================================================
==================================================================================
Experiment             : bc_dpg_v3_ablation_no_pairwise_v4_fold02_seed42
Ablation mode          : no_pairwise
Zero scan context      : False
Device / AMP           : cuda / True
Base checkpoint        : /home/tobeornot8259748/projects/balloon_radar_project/results/experiments/dpg_fcn_v4_fold02_seed42/checkpoints/best.pt
Base threshold         : 0.393799
Pd tolerance           : 0.0100
==================================================================================
预加载 dataset: 778 个样本...
  dataset: 200/778
  dataset: 400/778
  dataset: 600/778
  dataset: 778/778
Precomputing frozen DPG features: train (778 samples)
预加载 dataset: 167 个样本...
  dataset: 167/167
Precomputing frozen DPG features: val (167 samples)
预加载 dataset: 203 个样本...
  dataset: 200/203
  dataset: 203/203
Precomputing frozen DPG features: test (203 samples)
Raw validation at base threshold: Pd=0.9231, Pfa=0.0174
Trainable parameters  : 9474
==================================================================================
epoch=001 train=1.72183 val=1.69273 basePd=0.9231 basePfa=0.0087 rawPd=0.9231 bgShift=0.006 targetShift=0.005 *
epoch=002 train=1.64942 val=1.62133 basePd=0.9231 basePfa=0.0087 rawPd=0.9231 bgShift=0.008 targetShift=0.004 *
epoch=003 train=1.57542 val=1.54708 basePd=0.9231 basePfa=0.0087 rawPd=0.9231 bgShift=0.010 targetShift=0.003 *
epoch=004 train=1.51095 val=1.47103 basePd=0.9231 basePfa=0.0087 rawPd=0.9231 bgShift=0.013 targetShift=0.003 *
epoch=005 train=1.43783 val=1.38972 basePd=0.9231 basePfa=0.0087 rawPd=0.9231 bgShift=0.018 targetShift=0.002 *
epoch=006 train=1.36858 val=1.30812 basePd=0.9231 basePfa=0.0087 rawPd=0.9231 bgShift=0.026 targetShift=0.002 *
epoch=007 train=1.29374 val=1.22699 basePd=0.9231 basePfa=0.0087 rawPd=0.9231 bgShift=0.036 targetShift=0.001 *
epoch=008 train=1.21767 val=1.14548 basePd=0.9231 basePfa=0.0087 rawPd=0.9231 bgShift=0.052 targetShift=0.001 *
epoch=009 train=1.13974 val=1.06411 basePd=0.9231 basePfa=0.0087 rawPd=0.9231 bgShift=0.074 targetShift=0.001 *
epoch=010 train=1.06340 val=0.98416 basePd=0.9231 basePfa=0.0087 rawPd=0.9231 bgShift=0.108 targetShift=0.001 *
epoch=011 train=0.97922 val=0.90473 basePd=0.9231 basePfa=0.0000 rawPd=0.9231 bgShift=0.156 targetShift=0.001 *
epoch=012 train=0.89824 val=0.82784 basePd=0.9231 basePfa=0.0000 rawPd=0.9231 bgShift=0.219 targetShift=0.001 *
epoch=013 train=0.82477 val=0.75479 basePd=0.9231 basePfa=0.0000 rawPd=0.9231 bgShift=0.292 targetShift=0.001 *
epoch=014 train=0.74956 val=0.68481 basePd=0.9231 basePfa=0.0000 rawPd=0.9231 bgShift=0.386 targetShift=0.002 *
epoch=015 train=0.67421 val=0.61857 basePd=0.9231 basePfa=0.0000 rawPd=0.9231 bgShift=0.498 targetShift=0.002 *
epoch=016 train=0.60124 val=0.55660 basePd=0.9231 basePfa=0.0000 rawPd=0.9231 bgShift=0.623 targetShift=0.003 *
epoch=017 train=0.53569 val=0.49916 basePd=0.9231 basePfa=0.0000 rawPd=0.9231 bgShift=0.762 targetShift=0.003 *
epoch=018 train=0.47392 val=0.44910 basePd=0.9231 basePfa=0.0000 rawPd=0.9231 bgShift=0.900 targetShift=0.008 *
epoch=019 train=0.42059 val=0.40169 basePd=0.9231 basePfa=0.0000 rawPd=0.9231 bgShift=0.978 targetShift=0.008 *
epoch=020 train=0.37599 val=0.35675 basePd=0.9231 basePfa=0.0000 rawPd=0.9231 bgShift=0.738 targetShift=0.005 *
epoch=021 train=0.33321 val=0.31650 basePd=0.9231 basePfa=0.0000 rawPd=0.9231 bgShift=0.212 targetShift=0.004 *
epoch=022 train=0.29576 val=0.28491 basePd=0.9231 basePfa=0.0000 rawPd=0.9231 bgShift=0.102 targetShift=0.009 *
epoch=023 train=0.26231 val=0.25674 basePd=0.9231 basePfa=0.0000 rawPd=0.9231 bgShift=0.083 targetShift=0.009 *
epoch=024 train=0.23502 val=0.23013 basePd=0.9231 basePfa=0.0000 rawPd=0.9231 bgShift=0.113 targetShift=0.008 *
epoch=025 train=0.21062 val=0.20826 basePd=0.9231 basePfa=0.0000 rawPd=0.9231 bgShift=0.113 targetShift=0.004 *
epoch=026 train=0.19145 val=0.18868 basePd=0.9231 basePfa=0.0000 rawPd=0.9231 bgShift=0.111 targetShift=0.001 *
epoch=027 train=0.17253 val=0.17115 basePd=0.9231 basePfa=0.0000 rawPd=0.9231 bgShift=0.136 targetShift=0.001 *
epoch=028 train=0.15685 val=0.15633 basePd=0.9231 basePfa=0.0000 rawPd=0.9231 bgShift=0.139 targetShift=0.001 *
epoch=029 train=0.14341 val=0.14340 basePd=0.9231 basePfa=0.0000 rawPd=0.9231 bgShift=0.126 targetShift=0.000 *
epoch=030 train=0.13064 val=0.13069 basePd=0.9231 basePfa=0.0000 rawPd=0.9231 bgShift=0.143 targetShift=0.000 *

==================================================================================
Best epoch: 30
Selected-threshold v3 test : Pd=0.9245, Pfa=0.0000, AUC=1.0000
Selected-threshold raw test: Pd=0.9245, Pfa=0.0000, AUC=1.0000
Base threshold 0.393799 v3 test : Pd=0.9245, Pfa=0.0000
Base threshold 0.393799 raw test: Pd=0.9245, Pfa=0.0000
Test mean shift: background=0.1348, target=0.0005
Test p(background): background=0.7995, target=0.0035
Validation Pd floor satisfied: True
Score never increased: val=True, test=True
Summary: /home/tobeornot8259748/projects/balloon_radar_project/results/experiments/bc_dpg_v3_ablation_no_pairwise_v4_fold02_seed42/tables/summary.json
==================================================================================

========================================================================================
Fold=01  Mode=full  Smoke=False  ExistingAction=skip_complete
[跳过] 完整结果已存在，智能跳过: /home/tobeornot8259748/projects/balloon_radar_project/results/experiments/bc_dpg_v3_ablation_full_v4_fold01_seed42
========================================================================================

========================================================================================
Fold=01  Mode=no_scan_context  Smoke=False  ExistingAction=skip_complete
[跳过] 完整结果已存在，智能跳过: /home/tobeornot8259748/projects/balloon_radar_project/results/experiments/bc_dpg_v3_ablation_no_scan_context_v4_fold01_seed42
========================================================================================

========================================================================================
Fold=01  Mode=no_background_classification  Smoke=False  ExistingAction=skip_complete
[跳过] 完整结果已存在，智能跳过: /home/tobeornot8259748/projects/balloon_radar_project/results/experiments/bc_dpg_v3_ablation_no_background_classification_v4_fold01_seed42
========================================================================================

========================================================================================
Fold=01  Mode=no_background_tail  Smoke=False  ExistingAction=skip_complete
[跳过] 完整结果已存在，智能跳过: /home/tobeornot8259748/projects/balloon_radar_project/results/experiments/bc_dpg_v3_ablation_no_background_tail_v4_fold01_seed42
========================================================================================

========================================================================================
Fold=01  Mode=no_target_protection  Smoke=False  ExistingAction=skip_complete
[跳过] 完整结果已存在，智能跳过: /home/tobeornot8259748/projects/balloon_radar_project/results/experiments/bc_dpg_v3_ablation_no_target_protection_v4_fold01_seed42
========================================================================================

========================================================================================
Fold=01  Mode=no_target_keep  Smoke=False  ExistingAction=skip_complete
[跳过] 完整结果已存在，智能跳过: /home/tobeornot8259748/projects/balloon_radar_project/results/experiments/bc_dpg_v3_ablation_no_target_keep_v4_fold01_seed42
========================================================================================

========================================================================================
Fold=01  Mode=no_pairwise  Smoke=False  ExistingAction=skip_complete
[跳过] 完整结果已存在，智能跳过: /home/tobeornot8259748/projects/balloon_radar_project/results/experiments/bc_dpg_v3_ablation_no_pairwise_v4_fold01_seed42
========================================================================================

========================================================================================
Fold=01  Mode=no_shift_selectivity  Smoke=False  ExistingAction=skip_complete
[跳过] 完整结果已存在，智能跳过: /home/tobeornot8259748/projects/balloon_radar_project/results/experiments/bc_dpg_v3_ablation_no_shift_selectivity_v4_fold01_seed42
========================================================================================

========================================================================================
Fold=01  Mode=no_shift_regularization  Smoke=False  ExistingAction=skip_complete
[跳过] 完整结果已存在，智能跳过: /home/tobeornot8259748/projects/balloon_radar_project/results/experiments/bc_dpg_v3_ablation_no_shift_regularization_v4_fold01_seed42
========================================================================================

========================================================================================
Fold=02  Mode=full  Smoke=False  ExistingAction=skip_complete
[跳过] 完整结果已存在，智能跳过: /home/tobeornot8259748/projects/balloon_radar_project/results/experiments/bc_dpg_v3_ablation_full_v4_fold02_seed42
========================================================================================

========================================================================================
Fold=02  Mode=no_scan_context  Smoke=False  ExistingAction=skip_complete
[跳过] 完整结果已存在，智能跳过: /home/tobeornot8259748/projects/balloon_radar_project/results/experiments/bc_dpg_v3_ablation_no_scan_context_v4_fold02_seed42
========================================================================================

========================================================================================
Fold=02  Mode=no_background_classification  Smoke=False  ExistingAction=skip_complete
[跳过] 完整结果已存在，智能跳过: /home/tobeornot8259748/projects/balloon_radar_project/results/experiments/bc_dpg_v3_ablation_no_background_classification_v4_fold02_seed42
========================================================================================

========================================================================================
Fold=02  Mode=no_background_tail  Smoke=False  ExistingAction=skip_complete
[跳过] 完整结果已存在，智能跳过: /home/tobeornot8259748/projects/balloon_radar_project/results/experiments/bc_dpg_v3_ablation_no_background_tail_v4_fold02_seed42
========================================================================================

========================================================================================
Fold=02  Mode=no_target_protection  Smoke=False  ExistingAction=skip_complete
[跳过] 完整结果已存在，智能跳过: /home/tobeornot8259748/projects/balloon_radar_project/results/experiments/bc_dpg_v3_ablation_no_target_protection_v4_fold02_seed42
========================================================================================

========================================================================================
Fold=02  Mode=no_target_keep  Smoke=False  ExistingAction=run
/home/tobeornot8259748/miniforge3/envs/radar-torch/bin/python /home/tobeornot8259748/projects/balloon_radar_project/training/train_target_protected_scan_calibrator_ablation.py --name bc_dpg_v3_ablation_no_target_keep_v4_fold02_seed42 --ablation-mode no_target_keep --manifest-path /home/tobeornot8259748/projects/balloon_radar_project/results/data_audit/dataset_v4_multifold/fold_02_manifest.csv --base-checkpoint /home/tobeornot8259748/projects/balloon_radar_project/results/experiments/dpg_fcn_v4_fold02_seed42/checkpoints/best.pt --epochs 30 --batch-size 64 --debug-per-class 0 --seed 42
========================================================================================

========================================================================================
Fold=02  Mode=no_pairwise  Smoke=False  ExistingAction=run
/home/tobeornot8259748/miniforge3/envs/radar-torch/bin/python /home/tobeornot8259748/projects/balloon_radar_project/training/train_target_protected_scan_calibrator_ablation.py --name bc_dpg_v3_ablation_no_pairwise_v4_fold02_seed42 --ablation-mode no_pairwise --manifest-path /home/tobeornot8259748/projects/balloon_radar_project/results/data_audit/dataset_v4_multifold/fold_02_manifest.csv --base-checkpoint /home/tobeornot8259748/projects/balloon_radar_project/results/experiments/dpg_fcn_v4_fold02_seed42/checkpoints/best.pt --epochs 30 --batch-size 64 --debug-per-class 0 --seed 42
========================================================================================

========================================================================================
Fold=02  Mode=no_shift_selectivity  Smoke=False  ExistingAction=run
/home/tobeornot8259748/miniforge3/envs/radar-torch/bin/python /home/tobeornot8259748/projects/balloon_radar_project/training/train_target_protected_scan_calibrator_ablation.py --name bc_dpg_v3_ablation_no_shift_selectivity_v4_fold02_seed42 --ablation-mode no_shift_selectivity --manifest-path /home/tobeornot8259748/projects/balloon_radar_project/results/data_audit/dataset_v4_multifold/fold_02_manifest.csv --base-checkpoint /home/tobeornot8259748/projects/balloon_radar_project/results/experiments/dpg_fcn_v4_fold02_seed42/checkpoints/best.pt --epochs 30 --batch-size 64 --debug-per-class 0 --seed 42==================================================================================
Experiment             : bc_dpg_v3_ablation_no_shift_selectivity_v4_fold02_seed42
Ablation mode          : no_shift_selectivity
Zero scan context      : False
Device / AMP           : cuda / True
Base checkpoint        : /home/tobeornot8259748/projects/balloon_radar_project/results/experiments/dpg_fcn_v4_fold02_seed42/checkpoints/best.pt
Base threshold         : 0.393799
Pd tolerance           : 0.0100
==================================================================================
预加载 dataset: 778 个样本...
  dataset: 200/778
  dataset: 400/778
  dataset: 600/778
  dataset: 778/778
Precomputing frozen DPG features: train (778 samples)
预加载 dataset: 167 个样本...
  dataset: 167/167
Precomputing frozen DPG features: val (167 samples)
预加载 dataset: 203 个样本...
  dataset: 200/203
  dataset: 203/203
Precomputing frozen DPG features: test (203 samples)
Raw validation at base threshold: Pd=0.9231, Pfa=0.0174
Trainable parameters  : 9474
==================================================================================
epoch=001 train=1.70974 val=1.68642 basePd=0.9231 basePfa=0.0087 rawPd=0.9231 bgShift=0.006 targetShift=0.005 *
epoch=002 train=1.63776 val=1.61546 basePd=0.9231 basePfa=0.0087 rawPd=0.9231 bgShift=0.007 targetShift=0.005 *
epoch=003 train=1.56431 val=1.54138 basePd=0.9231 basePfa=0.0087 rawPd=0.9231 bgShift=0.009 targetShift=0.005 *
epoch=004 train=1.50062 val=1.46560 basePd=0.9231 basePfa=0.0087 rawPd=0.9231 bgShift=0.012 targetShift=0.006 *
epoch=005 train=1.42838 val=1.38474 basePd=0.9231 basePfa=0.0087 rawPd=0.9231 bgShift=0.016 targetShift=0.006 *
epoch=006 train=1.36053 val=1.30384 basePd=0.9231 basePfa=0.0087 rawPd=0.9231 bgShift=0.023 targetShift=0.007 *
epoch=007 train=1.28765 val=1.22366 basePd=0.9231 basePfa=0.0087 rawPd=0.9231 bgShift=0.032 targetShift=0.007 *
epoch=008 train=1.21410 val=1.14347 basePd=0.9231 basePfa=0.0087 rawPd=0.9231 bgShift=0.046 targetShift=0.008 *
epoch=009 train=1.13965 val=1.06384 basePd=0.9231 basePfa=0.0087 rawPd=0.9231 bgShift=0.065 targetShift=0.008 *
epoch=010 train=1.06800 val=0.98591 basePd=0.9231 basePfa=0.0087 rawPd=0.9231 bgShift=0.094 targetShift=0.010 *
epoch=011 train=0.98860 val=0.90831 basePd=0.9231 basePfa=0.0087 rawPd=0.9231 bgShift=0.134 targetShift=0.011 *
epoch=012 train=0.91124 val=0.83194 basePd=0.9231 basePfa=0.0000 rawPd=0.9231 bgShift=0.192 targetShift=0.012 *
epoch=013 train=0.83783 val=0.75832 basePd=0.9231 basePfa=0.0000 rawPd=0.9231 bgShift=0.259 targetShift=0.013 *
epoch=014 train=0.76057 val=0.68738 basePd=0.9231 basePfa=0.0000 rawPd=0.9231 bgShift=0.312 targetShift=0.014 *
epoch=015 train=0.68274 val=0.61929 basePd=0.9231 basePfa=0.0000 rawPd=0.9231 bgShift=0.178 targetShift=0.015 *
epoch=016 train=0.60651 val=0.55533 basePd=0.9231 basePfa=0.0000 rawPd=0.9231 bgShift=0.067 targetShift=0.015 *
epoch=017 train=0.53767 val=0.49559 basePd=0.9231 basePfa=0.0000 rawPd=0.9231 bgShift=0.053 targetShift=0.014 *
epoch=018 train=0.47257 val=0.44313 basePd=0.9231 basePfa=0.0000 rawPd=0.9231 bgShift=0.041 targetShift=0.018 *
epoch=019 train=0.41626 val=0.39370 basePd=0.9231 basePfa=0.0000 rawPd=0.9231 bgShift=0.042 targetShift=0.017 *
epoch=020 train=0.36998 val=0.35087 basePd=0.9231 basePfa=0.0000 rawPd=0.9231 bgShift=0.050 targetShift=0.013 *
epoch=021 train=0.32920 val=0.31389 basePd=0.9231 basePfa=0.0000 rawPd=0.9231 bgShift=0.054 targetShift=0.012 *
epoch=022 train=0.29421 val=0.28095 basePd=0.9231 basePfa=0.0000 rawPd=0.9231 bgShift=0.071 targetShift=0.011 *
epoch=023 train=0.26195 val=0.25240 basePd=0.9231 basePfa=0.0000 rawPd=0.9231 bgShift=0.082 targetShift=0.011 *
epoch=024 train=0.23516 val=0.22733 basePd=0.9231 basePfa=0.0000 rawPd=0.9231 bgShift=0.099 targetShift=0.010 *
epoch=025 train=0.21134 val=0.20583 basePd=0.9231 basePfa=0.0000 rawPd=0.9231 bgShift=0.111 targetShift=0.009 *
epoch=026 train=0.19266 val=0.18655 basePd=0.9231 basePfa=0.0000 rawPd=0.9231 bgShift=0.137 targetShift=0.009 *
epoch=027 train=0.17417 val=0.16988 basePd=0.9231 basePfa=0.0000 rawPd=0.9231 bgShift=0.142 targetShift=0.008 *
epoch=028 train=0.15878 val=0.15533 basePd=0.9231 basePfa=0.0000 rawPd=0.9231 bgShift=0.168 targetShift=0.007 *
epoch=029 train=0.14551 val=0.14226 basePd=0.9231 basePfa=0.0000 rawPd=0.9231 bgShift=0.160 targetShift=0.007 *
epoch=030 train=0.13290 val=0.13002 basePd=0.9231 basePfa=0.0000 rawPd=0.9231 bgShift=0.147 targetShift=0.007 *

==================================================================================
Best epoch: 30
Selected-threshold v3 test : Pd=0.9245, Pfa=0.0000, AUC=1.0000
Selected-threshold raw test: Pd=0.9245, Pfa=0.0000, AUC=1.0000
Base threshold 0.393799 v3 test : Pd=0.9245, Pfa=0.0000
Base threshold 0.393799 raw test: Pd=0.9245, Pfa=0.0000
Test mean shift: background=0.1422, target=0.0068
Test p(background): background=0.8011, target=0.0034
Validation Pd floor satisfied: True
Score never increased: val=True, test=True
Summary: /home/tobeornot8259748/projects/balloon_radar_project/results/experiments/bc_dpg_v3_ablation_no_shift_selectivity_v4_fold02_seed42/tables/summary.json
==================================================================================
==================================================================================
Experiment             : bc_dpg_v3_ablation_no_shift_regularization_v4_fold02_seed42
Ablation mode          : no_shift_regularization
Zero scan context      : False
Device / AMP           : cuda / True
Base checkpoint        : /home/tobeornot8259748/projects/balloon_radar_project/results/experiments/dpg_fcn_v4_fold02_seed42/checkpoints/best.pt
Base threshold         : 0.393799
Pd tolerance           : 0.0100
==================================================================================
预加载 dataset: 778 个样本...
  dataset: 200/778
  dataset: 400/778
  dataset: 600/778
  dataset: 778/778
Precomputing frozen DPG features: train (778 samples)
预加载 dataset: 167 个样本...
  dataset: 167/167
Precomputing frozen DPG features: val (167 samples)
预加载 dataset: 203 个样本...
  dataset: 200/203
  dataset: 203/203
Precomputing frozen DPG features: test (203 samples)
Raw validation at base threshold: Pd=0.9231, Pfa=0.0174
Trainable parameters  : 9474
==================================================================================
epoch=001 train=1.72940 val=1.69392 basePd=0.9231 basePfa=0.0087 rawPd=0.9231 bgShift=0.006 targetShift=0.005 *
epoch=002 train=1.65719 val=1.62251 basePd=0.9231 basePfa=0.0087 rawPd=0.9231 bgShift=0.008 targetShift=0.004 *
epoch=003 train=1.58306 val=1.54826 basePd=0.9231 basePfa=0.0087 rawPd=0.9231 bgShift=0.010 targetShift=0.003 *
epoch=004 train=1.51859 val=1.47220 basePd=0.9231 basePfa=0.0087 rawPd=0.9231 bgShift=0.013 targetShift=0.003 *
epoch=005 train=1.44538 val=1.39088 basePd=0.9231 basePfa=0.0087 rawPd=0.9231 bgShift=0.018 targetShift=0.002 *
epoch=006 train=1.37611 val=1.30926 basePd=0.9231 basePfa=0.0087 rawPd=0.9231 bgShift=0.026 targetShift=0.002 *
epoch=007 train=1.30128 val=1.22810 basePd=0.9231 basePfa=0.0087 rawPd=0.9231 bgShift=0.036 targetShift=0.001 *
epoch=008 train=1.22499 val=1.14655 basePd=0.9231 basePfa=0.0087 rawPd=0.9231 bgShift=0.052 targetShift=0.001 *
epoch=009 train=1.14687 val=1.06511 basePd=0.9231 basePfa=0.0087 rawPd=0.9231 bgShift=0.075 targetShift=0.001 *
epoch=010 train=1.07039 val=0.98503 basePd=0.9231 basePfa=0.0087 rawPd=0.9231 bgShift=0.108 targetShift=0.001 *
epoch=011 train=0.98574 val=0.90538 basePd=0.9231 basePfa=0.0000 rawPd=0.9231 bgShift=0.156 targetShift=0.001 *
epoch=012 train=0.90425 val=0.82817 basePd=0.9231 basePfa=0.0000 rawPd=0.9231 bgShift=0.220 targetShift=0.001 *
epoch=013 train=0.83014 val=0.75463 basePd=0.9231 basePfa=0.0000 rawPd=0.9231 bgShift=0.294 targetShift=0.001 *
epoch=014 train=0.75347 val=0.68392 basePd=0.9231 basePfa=0.0000 rawPd=0.9231 bgShift=0.390 targetShift=0.001 *
epoch=015 train=0.67660 val=0.61661 basePd=0.9231 basePfa=0.0000 rawPd=0.9231 bgShift=0.506 targetShift=0.002 *
epoch=016 train=0.60157 val=0.55320 basePd=0.9231 basePfa=0.0000 rawPd=0.9231 bgShift=0.636 targetShift=0.002 *
epoch=017 train=0.53365 val=0.49387 basePd=0.9231 basePfa=0.0000 rawPd=0.9231 bgShift=0.783 targetShift=0.001 *
epoch=018 train=0.46914 val=0.44160 basePd=0.9231 basePfa=0.0000 rawPd=0.9231 bgShift=0.934 targetShift=0.004 *
epoch=019 train=0.41306 val=0.39255 basePd=0.9231 basePfa=0.0000 rawPd=0.9231 bgShift=1.075 targetShift=0.005 *
epoch=020 train=0.36675 val=0.34993 basePd=0.9231 basePfa=0.0000 rawPd=0.9231 bgShift=1.198 targetShift=0.003 *
epoch=021 train=0.32593 val=0.31305 basePd=0.9231 basePfa=0.0000 rawPd=0.9231 bgShift=1.315 targetShift=0.003 *
epoch=022 train=0.29083 val=0.28021 basePd=0.9231 basePfa=0.0000 rawPd=0.9231 bgShift=1.431 targetShift=0.002 *
epoch=023 train=0.25853 val=0.25171 basePd=0.9231 basePfa=0.0000 rawPd=0.9231 bgShift=1.536 targetShift=0.002 *
epoch=024 train=0.23160 val=0.22667 basePd=0.9231 basePfa=0.0000 rawPd=0.9231 bgShift=1.634 targetShift=0.002 *
epoch=025 train=0.20764 val=0.20521 basePd=0.9231 basePfa=0.0000 rawPd=0.9231 bgShift=1.718 targetShift=0.002 *
epoch=026 train=0.18898 val=0.18593 basePd=0.9231 basePfa=0.0000 rawPd=0.9231 bgShift=1.801 targetShift=0.002 *
epoch=027 train=0.17043 val=0.16925 basePd=0.9231 basePfa=0.0000 rawPd=0.9231 bgShift=1.873 targetShift=0.001 *
epoch=028 train=0.15493 val=0.15467 basePd=0.9231 basePfa=0.0000 rawPd=0.9231 bgShift=1.937 targetShift=0.001 *
epoch=029 train=0.14165 val=0.14161 basePd=0.9231 basePfa=0.0000 rawPd=0.9231 bgShift=2.000 targetShift=0.001 *
epoch=030 train=0.12896 val=0.12937 basePd=0.9231 basePfa=0.0000 rawPd=0.9231 bgShift=2.074 targetShift=0.001 *

==================================================================================
Best epoch: 30
Selected-threshold v3 test : Pd=0.9245, Pfa=0.0000, AUC=1.0000
Selected-threshold raw test: Pd=0.9245, Pfa=0.0000, AUC=1.0000
Base threshold 0.393799 v3 test : Pd=0.9245, Pfa=0.0000
Base threshold 0.393799 raw test: Pd=0.9245, Pfa=0.0000
Test mean shift: background=2.0742, target=0.0029
Test p(background): background=0.8006, target=0.0035
Validation Pd floor satisfied: True
Score never increased: val=True, test=True
Summary: /home/tobeornot8259748/projects/balloon_radar_project/results/experiments/bc_dpg_v3_ablation_no_shift_regularization_v4_fold02_seed42/tables/summary.json
==================================================================================
==================================================================================
Experiment             : bc_dpg_v3_ablation_no_target_keep_v4_fold03_seed42
Ablation mode          : no_target_keep
Zero scan context      : False
Device / AMP           : cuda / True
Base checkpoint        : /home/tobeornot8259748/projects/balloon_radar_project/results/experiments/dpg_fcn_v4_fold03_seed42/checkpoints/best.pt
Base threshold         : 0.846680
Pd tolerance           : 0.0100
==================================================================================
预加载 dataset: 779 个样本...
  dataset: 200/779
  dataset: 400/779
  dataset: 600/779
  dataset: 779/779
Precomputing frozen DPG features: train (779 samples)
预加载 dataset: 202 个样本...
  dataset: 200/202
  dataset: 202/202
Precomputing frozen DPG features: val (202 samples)
预加载 dataset: 167 个样本...
  dataset: 167/167
Precomputing frozen DPG features: test (167 samples)
Raw validation at base threshold: Pd=0.9231, Pfa=0.0200
Trainable parameters  : 9474
==================================================================================
epoch=001 train=1.53612 val=2.32632 basePd=0.9231 basePfa=0.0133 rawPd=0.9231 bgShift=0.006 targetShift=0.005 *
epoch=002 train=1.48161 val=2.23487 basePd=0.9231 basePfa=0.0133 rawPd=0.9231 bgShift=0.008 targetShift=0.004 *
epoch=003 train=1.41881 val=2.13391 basePd=0.9231 basePfa=0.0133 rawPd=0.9231 bgShift=0.010 targetShift=0.003 *
epoch=004 train=1.34921 val=2.02091 basePd=0.9231 basePfa=0.0133 rawPd=0.9231 bgShift=0.014 targetShift=0.003 *
epoch=005 train=1.27395 val=1.90260 basePd=0.9231 basePfa=0.0133 rawPd=0.9231 bgShift=0.019 targetShift=0.002 *
epoch=006 train=1.19754 val=1.78350 basePd=0.9231 basePfa=0.0133 rawPd=0.9231 bgShift=0.027 targetShift=0.002 *
epoch=007 train=1.12024 val=1.66524 basePd=0.9231 basePfa=0.0133 rawPd=0.9231 bgShift=0.038 targetShift=0.002 *
epoch=008 train=1.04300 val=1.54657 basePd=0.9231 basePfa=0.0133 rawPd=0.9231 bgShift=0.055 targetShift=0.001 *
epoch=009 train=0.96497 val=1.43036 basePd=0.9231 basePfa=0.0133 rawPd=0.9231 bgShift=0.079 targetShift=0.001 *
epoch=010 train=0.88786 val=1.31600 basePd=0.9231 basePfa=0.0133 rawPd=0.9231 bgShift=0.114 targetShift=0.001 *
epoch=011 train=0.81274 val=1.20508 basePd=0.9231 basePfa=0.0067 rawPd=0.9231 bgShift=0.160 targetShift=0.001 *
epoch=012 train=0.74185 val=1.09993 basePd=0.9231 basePfa=0.0067 rawPd=0.9231 bgShift=0.209 targetShift=0.001 *
epoch=013 train=0.67655 val=1.00108 basePd=0.9231 basePfa=0.0067 rawPd=0.9231 bgShift=0.254 targetShift=0.001 *
epoch=014 train=0.61401 val=0.90749 basePd=0.9231 basePfa=0.0067 rawPd=0.9231 bgShift=0.299 targetShift=0.001 *
epoch=015 train=0.55612 val=0.82008 basePd=0.9231 basePfa=0.0067 rawPd=0.9231 bgShift=0.337 targetShift=0.000 *
epoch=016 train=0.50205 val=0.73930 basePd=0.9231 basePfa=0.0067 rawPd=0.9231 bgShift=0.343 targetShift=0.000 *
epoch=017 train=0.45161 val=0.66459 basePd=0.9231 basePfa=0.0067 rawPd=0.9231 bgShift=0.340 targetShift=0.000 *
epoch=018 train=0.40605 val=0.59693 basePd=0.9231 basePfa=0.0067 rawPd=0.9231 bgShift=0.439 targetShift=0.001 *
epoch=019 train=0.36447 val=0.53578 basePd=0.9231 basePfa=0.0067 rawPd=0.9231 bgShift=0.442 targetShift=0.001 *
epoch=020 train=0.33086 val=0.48054 basePd=0.9231 basePfa=0.0067 rawPd=0.9231 bgShift=0.467 targetShift=0.001 *
epoch=021 train=0.29270 val=0.42986 basePd=0.9231 basePfa=0.0067 rawPd=0.9231 bgShift=0.484 targetShift=0.001 *
epoch=022 train=0.26237 val=0.38697 basePd=0.9231 basePfa=0.0067 rawPd=0.9231 bgShift=0.589 targetShift=0.001 *
epoch=023 train=0.23593 val=0.34906 basePd=0.9231 basePfa=0.0067 rawPd=0.9231 bgShift=0.532 targetShift=0.000 *
epoch=024 train=0.21327 val=0.31638 basePd=0.9231 basePfa=0.0000 rawPd=0.9231 bgShift=0.611 targetShift=0.000 *
epoch=025 train=0.19366 val=0.28691 basePd=0.9231 basePfa=0.0000 rawPd=0.9231 bgShift=0.542 targetShift=0.000 *
epoch=026 train=0.17596 val=0.26185 basePd=0.9231 basePfa=0.0000 rawPd=0.9231 bgShift=0.645 targetShift=0.000 *
epoch=027 train=0.16076 val=0.23864 basePd=0.9231 basePfa=0.0000 rawPd=0.9231 bgShift=0.516 targetShift=0.000 *
epoch=028 train=0.14696 val=0.21895 basePd=0.9231 basePfa=0.0000 rawPd=0.9231 bgShift=0.582 targetShift=0.000 *
epoch=029 train=0.13482 val=0.20148 basePd=0.9231 basePfa=0.0000 rawPd=0.9231 bgShift=0.615 targetShift=0.000 *
epoch=030 train=0.12440 val=0.18591 basePd=0.9231 basePfa=0.0000 rawPd=0.9231 bgShift=0.642 targetShift=0.000 *

==================================================================================
Best epoch: 30
Selected-threshold v3 test : Pd=0.9231, Pfa=0.0000, AUC=1.0000
Selected-threshold raw test: Pd=0.8654, Pfa=0.0000, AUC=1.0000
Base threshold 0.846680 v3 test : Pd=0.8654, Pfa=0.0000
Base threshold 0.846680 raw test: Pd=0.8654, Pfa=0.0000
Test mean shift: background=0.2385, target=0.0026
Test p(background): background=0.7986, target=0.0081
Validation Pd floor satisfied: True
Score never increased: val=True, test=True
Summary: /home/tobeornot8259748/projects/balloon_radar_project/results/experiments/bc_dpg_v3_ablation_no_target_keep_v4_fold03_seed42/tables/summary.json
==================================================================================
==================================================================================
Experiment             : bc_dpg_v3_ablation_no_pairwise_v4_fold03_seed42
Ablation mode          : no_pairwise
Zero scan context      : False
Device / AMP           : cuda / True
Base checkpoint        : /home/tobeornot8259748/projects/balloon_radar_project/results/experiments/dpg_fcn_v4_fold03_seed42/checkpoints/best.pt
Base threshold         : 0.846680
Pd tolerance           : 0.0100
==================================================================================
预加载 dataset: 779 个样本...
  dataset: 200/779
  dataset: 400/779
  dataset: 600/779
  dataset: 779/779
Precomputing frozen DPG features: train (779 samples)
预加载 dataset: 202 个样本...
  dataset: 200/202
  dataset: 202/202
Precomputing frozen DPG features: val (202 samples)
预加载 dataset: 167 个样本...
  dataset: 167/167
Precomputing frozen DPG features: test (167 samples)
Raw validation at base threshold: Pd=0.9231, Pfa=0.0200
Trainable parameters  : 9474
==================================================================================
epoch=001 train=1.52942 val=2.32001 basePd=0.9231 basePfa=0.0133 rawPd=0.9231 bgShift=0.006 targetShift=0.005 *
epoch=002 train=1.47475 val=2.22858 basePd=0.9231 basePfa=0.0133 rawPd=0.9231 bgShift=0.008 targetShift=0.004 *
epoch=003 train=1.41220 val=2.12763 basePd=0.9231 basePfa=0.0133 rawPd=0.9231 bgShift=0.010 targetShift=0.003 *
epoch=004 train=1.34249 val=2.01466 basePd=0.9231 basePfa=0.0133 rawPd=0.9231 bgShift=0.014 targetShift=0.003 *
epoch=005 train=1.26725 val=1.89638 basePd=0.9231 basePfa=0.0133 rawPd=0.9231 bgShift=0.019 targetShift=0.002 *
epoch=006 train=1.19090 val=1.77734 basePd=0.9231 basePfa=0.0133 rawPd=0.9231 bgShift=0.027 targetShift=0.002 *
epoch=007 train=1.11367 val=1.65915 basePd=0.9231 basePfa=0.0133 rawPd=0.9231 bgShift=0.038 targetShift=0.002 *
epoch=008 train=1.03627 val=1.54059 basePd=0.9231 basePfa=0.0133 rawPd=0.9231 bgShift=0.055 targetShift=0.001 *
epoch=009 train=0.95865 val=1.42454 basePd=0.9231 basePfa=0.0133 rawPd=0.9231 bgShift=0.079 targetShift=0.001 *
epoch=010 train=0.88174 val=1.31040 basePd=0.9231 basePfa=0.0133 rawPd=0.9231 bgShift=0.114 targetShift=0.001 *
epoch=011 train=0.80683 val=1.19977 basePd=0.9231 basePfa=0.0067 rawPd=0.9231 bgShift=0.159 targetShift=0.001 *
epoch=012 train=0.73612 val=1.09493 basePd=0.9231 basePfa=0.0067 rawPd=0.9231 bgShift=0.206 targetShift=0.001 *
epoch=013 train=0.67089 val=0.99639 basePd=0.9231 basePfa=0.0067 rawPd=0.9231 bgShift=0.245 targetShift=0.001 *
epoch=014 train=0.60916 val=0.90302 basePd=0.9231 basePfa=0.0067 rawPd=0.9231 bgShift=0.265 targetShift=0.001 *
epoch=015 train=0.55112 val=0.81559 basePd=0.9231 basePfa=0.0067 rawPd=0.9231 bgShift=0.243 targetShift=0.001 *
epoch=016 train=0.49708 val=0.73487 basePd=0.9231 basePfa=0.0067 rawPd=0.9231 bgShift=0.274 targetShift=0.001 *
epoch=017 train=0.44708 val=0.66015 basePd=0.9231 basePfa=0.0067 rawPd=0.9231 bgShift=0.251 targetShift=0.000 *
epoch=018 train=0.40160 val=0.59245 basePd=0.9231 basePfa=0.0067 rawPd=0.9231 bgShift=0.277 targetShift=0.000 *
epoch=019 train=0.36003 val=0.53129 basePd=0.9231 basePfa=0.0067 rawPd=0.9231 bgShift=0.276 targetShift=0.000 *
epoch=020 train=0.32692 val=0.47584 basePd=0.9231 basePfa=0.0067 rawPd=0.9231 bgShift=0.246 targetShift=0.000 *
epoch=021 train=0.28842 val=0.42508 basePd=0.9231 basePfa=0.0067 rawPd=0.9231 bgShift=0.258 targetShift=0.000 *
epoch=022 train=0.25815 val=0.38155 basePd=0.9231 basePfa=0.0067 rawPd=0.9231 bgShift=0.219 targetShift=0.000 
epoch=023 train=0.23223 val=0.34393 basePd=0.9231 basePfa=0.0067 rawPd=0.9231 bgShift=0.262 targetShift=0.000 *
epoch=024 train=0.20942 val=0.31070 basePd=0.9231 basePfa=0.0067 rawPd=0.9231 bgShift=0.241 targetShift=0.000 
epoch=025 train=0.18949 val=0.28143 basePd=0.9231 basePfa=0.0067 rawPd=0.9231 bgShift=0.230 targetShift=0.000 
epoch=026 train=0.17194 val=0.25575 basePd=0.9231 basePfa=0.0067 rawPd=0.9231 bgShift=0.199 targetShift=0.000 
epoch=027 train=0.15646 val=0.23318 basePd=0.9231 basePfa=0.0000 rawPd=0.9231 bgShift=0.234 targetShift=0.000 *
epoch=028 train=0.14284 val=0.21302 basePd=0.9231 basePfa=0.0000 rawPd=0.9231 bgShift=0.201 targetShift=0.000 
epoch=029 train=0.13078 val=0.19548 basePd=0.9231 basePfa=0.0067 rawPd=0.9231 bgShift=0.171 targetShift=0.000 
epoch=030 train=0.12013 val=0.17989 basePd=0.9231 basePfa=0.0000 rawPd=0.9231 bgShift=0.258 targetShift=0.000 *

==================================================================================
Best epoch: 30
Selected-threshold v3 test : Pd=0.9231, Pfa=0.0000, AUC=1.0000
Selected-threshold raw test: Pd=0.8654, Pfa=0.0000, AUC=1.0000
Base threshold 0.846680 v3 test : Pd=0.8654, Pfa=0.0000
Base threshold 0.846680 raw test: Pd=0.8654, Pfa=0.0000
Test mean shift: background=0.2211, target=0.0004
Test p(background): background=0.7985, target=0.0081
Validation Pd floor satisfied: True
Score never increased: val=True, test=True
Summary: /home/tobeornot8259748/projects/balloon_radar_project/results/experiments/bc_dpg_v3_ablation_no_pairwise_v4_fold03_seed42/tables/summary.json
==================================================================================
==================================================================================
Experiment             : bc_dpg_v3_ablation_no_shift_selectivity_v4_fold03_seed42
Ablation mode          : no_shift_selectivity
Zero scan context      : False
Device / AMP           : cuda / True
Base checkpoint        : /home/tobeornot8259748/projects/balloon_radar_project/results/experiments/dpg_fcn_v4_fold03_seed42/checkpoints/best.pt
Base threshold         : 0.846680
Pd tolerance           : 0.0100
==================================================================================
预加载 dataset: 779 个样本...
  dataset: 200/779
  dataset: 400/779
  dataset: 600/779
  dataset: 779/779
Precomputing frozen DPG features: train (779 samples)
预加载 dataset: 202 个样本...
  dataset: 200/202
  dataset: 202/202
Precomputing frozen DPG features: val (202 samples)
预加载 dataset: 167 个样本...
  dataset: 167/167
Precomputing frozen DPG features: test (167 samples)
Raw validation at base threshold: Pd=0.9231, Pfa=0.0200
Trainable parameters  : 9474
==================================================================================
epoch=001 train=1.51622 val=2.32002 basePd=0.9231 basePfa=0.0133 rawPd=0.9231 bgShift=0.006 targetShift=0.005 *
epoch=002 train=1.46212 val=2.22867 basePd=0.9231 basePfa=0.0133 rawPd=0.9231 bgShift=0.007 targetShift=0.005 *
epoch=003 train=1.39988 val=2.12805 basePd=0.9231 basePfa=0.0133 rawPd=0.9231 bgShift=0.009 targetShift=0.005 *
epoch=004 train=1.33100 val=2.01549 basePd=0.9231 basePfa=0.0133 rawPd=0.9231 bgShift=0.011 targetShift=0.004 *
epoch=005 train=1.25675 val=1.89757 basePd=0.9231 basePfa=0.0133 rawPd=0.9231 bgShift=0.014 targetShift=0.003 *
epoch=006 train=1.18162 val=1.77907 basePd=0.9231 basePfa=0.0133 rawPd=0.9231 bgShift=0.019 targetShift=0.002 *
epoch=007 train=1.10620 val=1.66186 basePd=0.9231 basePfa=0.0133 rawPd=0.9231 bgShift=0.025 targetShift=0.002 *
epoch=008 train=1.03159 val=1.54465 basePd=0.9231 basePfa=0.0133 rawPd=0.9231 bgShift=0.034 targetShift=0.002 *
epoch=009 train=0.95708 val=1.43033 basePd=0.9231 basePfa=0.0133 rawPd=0.9231 bgShift=0.046 targetShift=0.001 *
epoch=010 train=0.88418 val=1.31818 basePd=0.9231 basePfa=0.0133 rawPd=0.9231 bgShift=0.063 targetShift=0.001 *
epoch=011 train=0.81334 val=1.20902 basePd=0.9231 basePfa=0.0133 rawPd=0.9231 bgShift=0.086 targetShift=0.001 *
epoch=012 train=0.74506 val=1.10426 basePd=0.9231 basePfa=0.0133 rawPd=0.9231 bgShift=0.117 targetShift=0.001 *
epoch=013 train=0.67974 val=1.00451 basePd=0.9231 basePfa=0.0067 rawPd=0.9231 bgShift=0.155 targetShift=0.001 *
epoch=014 train=0.61638 val=0.90976 basePd=0.9231 basePfa=0.0067 rawPd=0.9231 bgShift=0.211 targetShift=0.001 *
epoch=015 train=0.55739 val=0.82117 basePd=0.9231 basePfa=0.0067 rawPd=0.9231 bgShift=0.279 targetShift=0.001 *
epoch=016 train=0.50231 val=0.73940 basePd=0.9231 basePfa=0.0067 rawPd=0.9231 bgShift=0.348 targetShift=0.000 *
epoch=017 train=0.45128 val=0.66403 basePd=0.9231 basePfa=0.0067 rawPd=0.9231 bgShift=0.434 targetShift=0.000 *
epoch=018 train=0.40514 val=0.59584 basePd=0.9231 basePfa=0.0067 rawPd=0.9231 bgShift=0.485 targetShift=0.000 *
epoch=019 train=0.36321 val=0.53459 basePd=0.9231 basePfa=0.0067 rawPd=0.9231 bgShift=0.545 targetShift=0.000 *
epoch=020 train=0.32949 val=0.47893 basePd=0.9231 basePfa=0.0067 rawPd=0.9231 bgShift=0.481 targetShift=0.000 *
epoch=021 train=0.29132 val=0.42867 basePd=0.9231 basePfa=0.0000 rawPd=0.9231 bgShift=0.577 targetShift=0.000 *
epoch=022 train=0.26097 val=0.38526 basePd=0.9231 basePfa=0.0000 rawPd=0.9231 bgShift=0.534 targetShift=0.000 *
epoch=023 train=0.23469 val=0.34781 basePd=0.9231 basePfa=0.0000 rawPd=0.9231 bgShift=0.576 targetShift=0.000 *
epoch=024 train=0.21207 val=0.31466 basePd=0.9231 basePfa=0.0000 rawPd=0.9231 bgShift=0.547 targetShift=0.000 *
epoch=025 train=0.19250 val=0.28568 basePd=0.9231 basePfa=0.0000 rawPd=0.9231 bgShift=0.571 targetShift=0.000 *
epoch=026 train=0.17480 val=0.26010 basePd=0.9231 basePfa=0.0000 rawPd=0.9231 bgShift=0.550 targetShift=0.000 *
epoch=027 train=0.15967 val=0.23778 basePd=0.9231 basePfa=0.0000 rawPd=0.9231 bgShift=0.586 targetShift=0.000 *
epoch=028 train=0.14595 val=0.21778 basePd=0.9231 basePfa=0.0000 rawPd=0.9231 bgShift=0.579 targetShift=0.000 *
epoch=029 train=0.13383 val=0.20009 basePd=0.9231 basePfa=0.0000 rawPd=0.9231 bgShift=0.556 targetShift=0.000 *
epoch=030 train=0.12338 val=0.18464 basePd=0.9231 basePfa=0.0000 rawPd=0.9231 bgShift=0.582 targetShift=0.000 *

==================================================================================
Best epoch: 30
Selected-threshold v3 test : Pd=0.9231, Pfa=0.0000, AUC=1.0000
Selected-threshold raw test: Pd=0.8654, Pfa=0.0000, AUC=1.0000
Base threshold 0.846680 v3 test : Pd=0.8654, Pfa=0.0000
Base threshold 0.846680 raw test: Pd=0.8654, Pfa=0.0000
Test mean shift: background=0.1002, target=0.0021
Test p(background): background=0.7998, target=0.0079
Validation Pd floor satisfied: True
Score never increased: val=True, test=True
Summary: /home/tobeornot8259748/projects/balloon_radar_project/results/experiments/bc_dpg_v3_ablation_no_shift_selectivity_v4_fold03_seed42/tables/summary.json
==================================================================================
==================================================================================
Experiment             : bc_dpg_v3_ablation_no_shift_regularization_v4_fold03_seed42
Ablation mode          : no_shift_regularization
Zero scan context      : False
Device / AMP           : cuda / True
Base checkpoint        : /home/tobeornot8259748/projects/balloon_radar_project/results/experiments/dpg_fcn_v4_fold03_seed42/checkpoints/best.pt
Base threshold         : 0.846680
Pd tolerance           : 0.0100
==================================================================================
预加载 dataset: 779 个样本...
  dataset: 200/779
  dataset: 400/779
  dataset: 600/779
  dataset: 779/779
Precomputing frozen DPG features: train (779 samples)
预加载 dataset: 202 个样本...
  dataset: 200/202
  dataset: 202/202
Precomputing frozen DPG features: val (202 samples)
预加载 dataset: 167 个样本...
  dataset: 167/167
Precomputing frozen DPG features: test (167 samples)
Raw validation at base threshold: Pd=0.9231, Pfa=0.0200
Trainable parameters  : 9474
==================================================================================
epoch=001 train=1.53612 val=2.32632 basePd=0.9231 basePfa=0.0133 rawPd=0.9231 bgShift=0.006 targetShift=0.005 *
epoch=002 train=1.48161 val=2.23487 basePd=0.9231 basePfa=0.0133 rawPd=0.9231 bgShift=0.008 targetShift=0.004 *
epoch=003 train=1.41881 val=2.13391 basePd=0.9231 basePfa=0.0133 rawPd=0.9231 bgShift=0.010 targetShift=0.003 *
epoch=004 train=1.34921 val=2.02091 basePd=0.9231 basePfa=0.0133 rawPd=0.9231 bgShift=0.014 targetShift=0.003 *
epoch=005 train=1.27395 val=1.90260 basePd=0.9231 basePfa=0.0133 rawPd=0.9231 bgShift=0.019 targetShift=0.002 *
epoch=006 train=1.19753 val=1.78349 basePd=0.9231 basePfa=0.0133 rawPd=0.9231 bgShift=0.027 targetShift=0.002 *
epoch=007 train=1.12023 val=1.66523 basePd=0.9231 basePfa=0.0133 rawPd=0.9231 bgShift=0.038 targetShift=0.002 *
epoch=008 train=1.04298 val=1.54654 basePd=0.9231 basePfa=0.0133 rawPd=0.9231 bgShift=0.055 targetShift=0.001 *
epoch=009 train=0.96493 val=1.43030 basePd=0.9231 basePfa=0.0133 rawPd=0.9231 bgShift=0.079 targetShift=0.001 *
epoch=010 train=0.88778 val=1.31587 basePd=0.9231 basePfa=0.0133 rawPd=0.9231 bgShift=0.114 targetShift=0.001 *
epoch=011 train=0.81257 val=1.20483 basePd=0.9231 basePfa=0.0067 rawPd=0.9231 bgShift=0.160 targetShift=0.001 *
epoch=012 train=0.74155 val=1.09950 basePd=0.9231 basePfa=0.0067 rawPd=0.9231 bgShift=0.211 targetShift=0.001 *
epoch=013 train=0.67605 val=1.00040 basePd=0.9231 basePfa=0.0067 rawPd=0.9231 bgShift=0.258 targetShift=0.001 *
epoch=014 train=0.61326 val=0.90646 basePd=0.9231 basePfa=0.0067 rawPd=0.9231 bgShift=0.309 targetShift=0.001 *
epoch=015 train=0.55505 val=0.81863 basePd=0.9231 basePfa=0.0067 rawPd=0.9231 bgShift=0.363 targetShift=0.000 *
epoch=016 train=0.50067 val=0.73746 basePd=0.9231 basePfa=0.0067 rawPd=0.9231 bgShift=0.422 targetShift=0.000 *
epoch=017 train=0.45017 val=0.66239 basePd=0.9231 basePfa=0.0067 rawPd=0.9231 bgShift=0.493 targetShift=0.000 *
epoch=018 train=0.40438 val=0.59429 basePd=0.9231 basePfa=0.0067 rawPd=0.9231 bgShift=0.566 targetShift=0.000 *
epoch=019 train=0.36262 val=0.53284 basePd=0.9231 basePfa=0.0067 rawPd=0.9231 bgShift=0.645 targetShift=0.000 *
epoch=020 train=0.32896 val=0.47724 basePd=0.9231 basePfa=0.0067 rawPd=0.9231 bgShift=0.740 targetShift=0.000 *
epoch=021 train=0.29065 val=0.42632 basePd=0.9231 basePfa=0.0067 rawPd=0.9231 bgShift=0.826 targetShift=0.000 *
epoch=022 train=0.26019 val=0.38286 basePd=0.9231 basePfa=0.0000 rawPd=0.9231 bgShift=0.905 targetShift=0.000 *
epoch=023 train=0.23374 val=0.34502 basePd=0.9231 basePfa=0.0000 rawPd=0.9231 bgShift=0.979 targetShift=0.000 *
epoch=024 train=0.21096 val=0.31181 basePd=0.9231 basePfa=0.0000 rawPd=0.9231 bgShift=1.046 targetShift=0.000 *
epoch=025 train=0.19119 val=0.28250 basePd=0.9231 basePfa=0.0000 rawPd=0.9231 bgShift=1.114 targetShift=0.000 *
epoch=026 train=0.17341 val=0.25680 basePd=0.9231 basePfa=0.0000 rawPd=0.9231 bgShift=1.178 targetShift=0.000 *
epoch=027 train=0.15805 val=0.23406 basePd=0.9231 basePfa=0.0000 rawPd=0.9231 bgShift=1.245 targetShift=0.000 *
epoch=028 train=0.14421 val=0.21392 basePd=0.9231 basePfa=0.0000 rawPd=0.9231 bgShift=1.308 targetShift=0.000 *
epoch=029 train=0.13199 val=0.19616 basePd=0.9231 basePfa=0.0000 rawPd=0.9231 bgShift=1.367 targetShift=0.000 *
epoch=030 train=0.12137 val=0.18040 basePd=0.9231 basePfa=0.0000 rawPd=0.9231 bgShift=1.425 targetShift=0.000 *

==================================================================================
Best epoch: 30
Selected-threshold v3 test : Pd=0.9231, Pfa=0.0000, AUC=1.0000
Selected-threshold raw test: Pd=0.8654, Pfa=0.0000, AUC=1.0000
Base threshold 0.846680 v3 test : Pd=0.8654, Pfa=0.0000
Base threshold 0.846680 raw test: Pd=0.8654, Pfa=0.0000
Test mean shift: background=1.4260, target=0.0043
Test p(background): background=0.7990, target=0.0081
Validation Pd floor satisfied: True
Score never increased: val=True, test=True
Summary: /home/tobeornot8259748/projects/balloon_radar_project/results/experiments/bc_dpg_v3_ablation_no_shift_regularization_v4_fold03_seed42/tables/summary.json
==================================================================================

========================================================================================

========================================================================================
Fold=02  Mode=no_shift_regularization  Smoke=False  ExistingAction=run
/home/tobeornot8259748/miniforge3/envs/radar-torch/bin/python /home/tobeornot8259748/projects/balloon_radar_project/training/train_target_protected_scan_calibrator_ablation.py --name bc_dpg_v3_ablation_no_shift_regularization_v4_fold02_seed42 --ablation-mode no_shift_regularization --manifest-path /home/tobeornot8259748/projects/balloon_radar_project/results/data_audit/dataset_v4_multifold/fold_02_manifest.csv --base-checkpoint /home/tobeornot8259748/projects/balloon_radar_project/results/experiments/dpg_fcn_v4_fold02_seed42/checkpoints/best.pt --epochs 30 --batch-size 64 --debug-per-class 0 --seed 42
========================================================================================

========================================================================================
Fold=03  Mode=full  Smoke=False  ExistingAction=skip_complete
[跳过] 完整结果已存在，智能跳过: /home/tobeornot8259748/projects/balloon_radar_project/results/experiments/bc_dpg_v3_ablation_full_v4_fold03_seed42
========================================================================================

========================================================================================
Fold=03  Mode=no_scan_context  Smoke=False  ExistingAction=skip_complete
[跳过] 完整结果已存在，智能跳过: /home/tobeornot8259748/projects/balloon_radar_project/results/experiments/bc_dpg_v3_ablation_no_scan_context_v4_fold03_seed42
========================================================================================

========================================================================================
Fold=03  Mode=no_background_classification  Smoke=False  ExistingAction=skip_complete
[跳过] 完整结果已存在，智能跳过: /home/tobeornot8259748/projects/balloon_radar_project/results/experiments/bc_dpg_v3_ablation_no_background_classification_v4_fold03_seed42
========================================================================================

========================================================================================
Fold=03  Mode=no_background_tail  Smoke=False  ExistingAction=skip_complete
[跳过] 完整结果已存在，智能跳过: /home/tobeornot8259748/projects/balloon_radar_project/results/experiments/bc_dpg_v3_ablation_no_background_tail_v4_fold03_seed42
========================================================================================

========================================================================================
Fold=03  Mode=no_target_protection  Smoke=False  ExistingAction=skip_complete
[跳过] 完整结果已存在，智能跳过: /home/tobeornot8259748/projects/balloon_radar_project/results/experiments/bc_dpg_v3_ablation_no_target_protection_v4_fold03_seed42
========================================================================================

========================================================================================
Fold=03  Mode=no_target_keep  Smoke=False  ExistingAction=run
/home/tobeornot8259748/miniforge3/envs/radar-torch/bin/python /home/tobeornot8259748/projects/balloon_radar_project/training/train_target_protected_scan_calibrator_ablation.py --name bc_dpg_v3_ablation_no_target_keep_v4_fold03_seed42 --ablation-mode no_target_keep --manifest-path /home/tobeornot8259748/projects/balloon_radar_project/results/data_audit/dataset_v4_multifold/fold_03_manifest.csv --base-checkpoint /home/tobeornot8259748/projects/balloon_radar_project/results/experiments/dpg_fcn_v4_fold03_seed42/checkpoints/best.pt --epochs 30 --batch-size 64 --debug-per-class 0 --seed 42
========================================================================================

========================================================================================
Fold=03  Mode=no_pairwise  Smoke=False  ExistingAction=run
/home/tobeornot8259748/miniforge3/envs/radar-torch/bin/python /home/tobeornot8259748/projects/balloon_radar_project/training/train_target_protected_scan_calibrator_ablation.py --name bc_dpg_v3_ablation_no_pairwise_v4_fold03_seed42 --ablation-mode no_pairwise --manifest-path /home/tobeornot8259748/projects/balloon_radar_project/results/data_audit/dataset_v4_multifold/fold_03_manifest.csv --base-checkpoint /home/tobeornot8259748/projects/balloon_radar_project/results/experiments/dpg_fcn_v4_fold03_seed42/checkpoints/best.pt --epochs 30 --batch-size 64 --debug-per-class 0 --seed 42
========================================================================================

========================================================================================
Fold=03  Mode=no_shift_selectivity  Smoke=False  ExistingAction=run
/home/tobeornot8259748/miniforge3/envs/radar-torch/bin/python /home/tobeornot8259748/projects/balloon_radar_project/training/train_target_protected_scan_calibrator_ablation.py --name bc_dpg_v3_ablation_no_shift_selectivity_v4_fold03_seed42 --ablation-mode no_shift_selectivity --manifest-path /home/tobeornot8259748/projects/balloon_radar_project/results/data_audit/dataset_v4_multifold/fold_03_manifest.csv --base-checkpoint /home/tobeornot8259748/projects/balloon_radar_project/results/experiments/dpg_fcn_v4_fold03_seed42/checkpoints/best.pt --epochs 30 --batch-size 64 --debug-per-class 0 --seed 42
========================================================================================

========================================================================================
Fold=03  Mode=no_shift_regularization  Smoke=False  ExistingAction=run
/home/tobeornot8259748/miniforge3/envs/radar-torch/bin/python /home/tobeornot8259748/projects/balloon_radar_project/training/train_target_protected_scan_calibrator_ablation.py --name bc_dpg_v3_ablation_no_shift_regularization_v4_fold03_seed42 --ablation-mode no_shift_regularization --manifest-path /home/tobeornot8259748/projects/balloon_radar_project/results/data_audit/dataset_v4_multifold/fold_03_manifest.csv --base-checkpoint /home/tobeornot8259748/projects/balloon_radar_project/results/experiments/dpg_fcn_v4_fold03_seed42/checkpoints/best.pt --epochs 30 --batch-size 64 --debug-per-class 0 --seed 42
========================================================================================

========================================================================================
Fold=04  Mode=full  Smoke=False  ExistingAction=skip_complete
[跳过] 完整结果已存在，智能跳过: /home/tobeornot8259748/projects/balloon_radar_project/results/experiments/bc_dpg_v3_ablation_full_v4_fold04_seed42
========================================================================================

========================================================================================
Fold=04  Mode=no_scan_context  Smoke=False  ExistingAction=skip_complete
[跳过] 完整结果已存在，智能跳过: /home/tobeornot8259748/projects/balloon_radar_project/results/experiments/bc_dpg_v3_ablation_no_scan_context_v4_fold04_seed42
========================================================================================

========================================================================================
Fold=04  Mode=no_background_classification  Smoke=False  ExistingAction=skip_complete
[跳过] 完整结果已存在，智能跳过: /home/tobeornot8259748/projects/balloon_radar_project/results/experiments/bc_dpg_v3_ablation_no_background_classification_v4_fold04_seed42
========================================================================================

========================================================================================
Fold=04  Mode=no_background_tail  Smoke=False  ExistingAction=skip_complete
[跳过] 完整结果已存在，智能跳过: /home/tobeornot8259748/projects/balloon_radar_project/results/experiments/bc_dpg_v3_ablation_no_background_tail_v4_fold04_seed42
========================================================================================

==========================================================================================================================================================================
Experiment             : bc_dpg_v3_ablation_no_target_keep_v4_fold05_seed42
Ablation mode          : no_target_keep
Zero scan context      : False
Device / AMP           : cuda / True
Base checkpoint        : /home/tobeornot8259748/projects/balloon_radar_project/results/experiments/dpg_fcn_v4_fold05_seed42/checkpoints/best.pt
Base threshold         : 0.361328
Pd tolerance           : 0.0100
==================================================================================
预加载 dataset: 775 个样本...
  dataset: 200/775
  dataset: 400/775
  dataset: 600/775
  dataset: 775/775
Precomputing frozen DPG features: train (775 samples)
预加载 dataset: 163 个样本...
  dataset: 163/163
Precomputing frozen DPG features: val (163 samples)
预加载 dataset: 210 个样本...
  dataset: 200/210
  dataset: 210/210
Precomputing frozen DPG features: test (210 samples)
Raw validation at base threshold: Pd=0.9375, Pfa=0.0174
Trainable parameters  : 9474
==================================================================================
epoch=001 train=1.76180 val=1.75128 basePd=0.9375 basePfa=0.0087 rawPd=0.9375 bgShift=0.006 targetShift=0.005 *
epoch=002 train=1.70223 val=1.67594 basePd=0.9375 basePfa=0.0087 rawPd=0.9375 bgShift=0.008 targetShift=0.004 *
epoch=003 train=1.63212 val=1.59893 basePd=0.9375 basePfa=0.0087 rawPd=0.9375 bgShift=0.010 targetShift=0.004 *
epoch=004 train=1.56600 val=1.52043 basePd=0.9375 basePfa=0.0087 rawPd=0.9375 bgShift=0.013 targetShift=0.003 *
epoch=005 train=1.50583 val=1.43982 basePd=0.9375 basePfa=0.0087 rawPd=0.9375 bgShift=0.018 targetShift=0.003 *
epoch=006 train=1.41792 val=1.35535 basePd=0.9375 basePfa=0.0087 rawPd=0.9375 bgShift=0.024 targetShift=0.003 *
epoch=007 train=1.33815 val=1.27427 basePd=0.9375 basePfa=0.0087 rawPd=0.9375 bgShift=0.034 targetShift=0.004 *
epoch=008 train=1.26856 val=1.19348 basePd=0.9375 basePfa=0.0087 rawPd=0.9375 bgShift=0.048 targetShift=0.005 *
epoch=009 train=1.18942 val=1.11191 basePd=0.9375 basePfa=0.0087 rawPd=0.9375 bgShift=0.070 targetShift=0.006 *
epoch=010 train=1.11523 val=1.03076 basePd=0.9375 basePfa=0.0087 rawPd=0.9375 bgShift=0.102 targetShift=0.008 *
epoch=011 train=1.02798 val=0.95055 basePd=0.9375 basePfa=0.0087 rawPd=0.9375 bgShift=0.147 targetShift=0.011 *
epoch=012 train=0.95385 val=0.87224 basePd=0.9375 basePfa=0.0087 rawPd=0.9375 bgShift=0.208 targetShift=0.015 *
epoch=013 train=0.86667 val=0.79511 basePd=0.9375 basePfa=0.0087 rawPd=0.9375 bgShift=0.287 targetShift=0.020 *
epoch=014 train=0.78874 val=0.72362 basePd=0.9375 basePfa=0.0087 rawPd=0.9375 bgShift=0.387 targetShift=0.027 *
epoch=015 train=0.69732 val=0.65474 basePd=0.9375 basePfa=0.0087 rawPd=0.9375 bgShift=0.512 targetShift=0.035 *
epoch=016 train=0.61694 val=0.59385 basePd=0.9375 basePfa=0.0087 rawPd=0.9375 bgShift=0.652 targetShift=0.045 *
epoch=017 train=0.54506 val=0.53917 basePd=0.9375 basePfa=0.0087 rawPd=0.9375 bgShift=0.795 targetShift=0.055 *
epoch=018 train=0.48029 val=0.48953 basePd=0.9167 basePfa=0.0087 rawPd=0.9375 bgShift=0.936 targetShift=0.064 
epoch=019 train=0.42170 val=0.44687 basePd=0.9167 basePfa=0.0087 rawPd=0.9375 bgShift=0.971 targetShift=0.069 
epoch=020 train=0.37266 val=0.40393 basePd=0.9167 basePfa=0.0000 rawPd=0.9375 bgShift=0.484 targetShift=0.046 
epoch=021 train=0.32705 val=0.36784 basePd=0.9375 basePfa=0.0000 rawPd=0.9375 bgShift=0.222 targetShift=0.034 *
epoch=022 train=0.28885 val=0.34167 basePd=0.9375 basePfa=0.0000 rawPd=0.9375 bgShift=0.151 targetShift=0.030 *
epoch=023 train=0.25801 val=0.31899 basePd=0.9167 basePfa=0.0000 rawPd=0.9375 bgShift=0.206 targetShift=0.043 
epoch=024 train=0.23039 val=0.29833 basePd=0.9375 basePfa=0.0000 rawPd=0.9375 bgShift=0.148 targetShift=0.033 *
epoch=025 train=0.20547 val=0.28224 basePd=0.9375 basePfa=0.0000 rawPd=0.9375 bgShift=0.127 targetShift=0.029 
epoch=026 train=0.18750 val=0.26255 basePd=0.9167 basePfa=0.0000 rawPd=0.9375 bgShift=0.296 targetShift=0.047 
epoch=027 train=0.17153 val=0.25087 basePd=0.9375 basePfa=0.0000 rawPd=0.9375 bgShift=0.209 targetShift=0.033 *
epoch=028 train=0.15551 val=0.24168 basePd=0.9375 basePfa=0.0000 rawPd=0.9375 bgShift=0.182 targetShift=0.036 *
epoch=029 train=0.14171 val=0.23131 basePd=0.9375 basePfa=0.0000 rawPd=0.9375 bgShift=0.186 targetShift=0.033 *
epoch=030 train=0.13096 val=0.22237 basePd=0.9375 basePfa=0.0000 rawPd=0.9375 bgShift=0.233 targetShift=0.037 *

==================================================================================
Best epoch: 30
Selected-threshold v3 test : Pd=0.9500, Pfa=0.0000, AUC=1.0000
Selected-threshold raw test: Pd=0.9500, Pfa=0.0000, AUC=0.9998
Base threshold 0.361328 v3 test : Pd=0.9500, Pfa=0.0000
Base threshold 0.361328 raw test: Pd=0.9500, Pfa=0.0000
Test mean shift: background=0.1954, target=0.0025
Test p(background): background=0.7979, target=0.0195
Validation Pd floor satisfied: True
Score never increased: val=True, test=True
Summary: /home/tobeornot8259748/projects/balloon_radar_project/results/experiments/bc_dpg_v3_ablation_no_target_keep_v4_fold05_seed42/tables/summary.json
==================================================================================
==================================================================================
Experiment             : bc_dpg_v3_ablation_no_pairwise_v4_fold05_seed42
Ablation mode          : no_pairwise
Zero scan context      : False
Device / AMP           : cuda / True
Base checkpoint        : /home/tobeornot8259748/projects/balloon_radar_project/results/experiments/dpg_fcn_v4_fold05_seed42/checkpoints/best.pt
Base threshold         : 0.361328
Pd tolerance           : 0.0100
==================================================================================
预加载 dataset: 775 个样本...
  dataset: 200/775
  dataset: 400/775
  dataset: 600/775
  dataset: 775/775
Precomputing frozen DPG features: train (775 samples)
预加载 dataset: 163 个样本...
  dataset: 163/163
Precomputing frozen DPG features: val (163 samples)
预加载 dataset: 210 个样本...
  dataset: 200/210
  dataset: 210/210
Precomputing frozen DPG features: test (210 samples)
Raw validation at base threshold: Pd=0.9375, Pfa=0.0174
Trainable parameters  : 9474
==================================================================================
epoch=001 train=1.75561 val=1.73998 basePd=0.9375 basePfa=0.0087 rawPd=0.9375 bgShift=0.006 targetShift=0.005 *
epoch=002 train=1.69566 val=1.66465 basePd=0.9375 basePfa=0.0087 rawPd=0.9375 bgShift=0.008 targetShift=0.004 *
epoch=003 train=1.62589 val=1.58764 basePd=0.9375 basePfa=0.0087 rawPd=0.9375 bgShift=0.010 targetShift=0.004 *
epoch=004 train=1.55977 val=1.50916 basePd=0.9375 basePfa=0.0087 rawPd=0.9375 bgShift=0.013 targetShift=0.003 *
epoch=005 train=1.49956 val=1.42855 basePd=0.9375 basePfa=0.0087 rawPd=0.9375 bgShift=0.018 targetShift=0.003 *
epoch=006 train=1.41188 val=1.34411 basePd=0.9375 basePfa=0.0087 rawPd=0.9375 bgShift=0.024 targetShift=0.004 *
epoch=007 train=1.33203 val=1.26305 basePd=0.9375 basePfa=0.0087 rawPd=0.9375 bgShift=0.034 targetShift=0.004 *
epoch=008 train=1.26269 val=1.18231 basePd=0.9375 basePfa=0.0087 rawPd=0.9375 bgShift=0.048 targetShift=0.005 *
epoch=009 train=1.18377 val=1.10081 basePd=0.9375 basePfa=0.0087 rawPd=0.9375 bgShift=0.070 targetShift=0.006 *
epoch=010 train=1.10942 val=1.01977 basePd=0.9375 basePfa=0.0087 rawPd=0.9375 bgShift=0.102 targetShift=0.008 *
epoch=011 train=1.02255 val=0.94069 basePd=0.9375 basePfa=0.0087 rawPd=0.9375 bgShift=0.147 targetShift=0.011 *
epoch=012 train=0.94890 val=0.86810 basePd=0.9375 basePfa=0.0087 rawPd=0.9375 bgShift=0.208 targetShift=0.015 *
epoch=013 train=0.86181 val=0.80547 basePd=0.9375 basePfa=0.0087 rawPd=0.9375 bgShift=0.287 targetShift=0.021 *
epoch=014 train=0.78416 val=0.76330 basePd=0.9375 basePfa=0.0087 rawPd=0.9375 bgShift=0.386 targetShift=0.027 *
epoch=015 train=0.69349 val=0.74914 basePd=0.9375 basePfa=0.0087 rawPd=0.9375 bgShift=0.510 targetShift=0.036 *
epoch=016 train=0.61399 val=0.78189 basePd=0.9375 basePfa=0.0087 rawPd=0.9375 bgShift=0.649 targetShift=0.046 
epoch=017 train=0.54252 val=0.84557 basePd=0.9375 basePfa=0.0087 rawPd=0.9375 bgShift=0.792 targetShift=0.056 
epoch=018 train=0.47826 val=0.93057 basePd=0.9167 basePfa=0.0087 rawPd=0.9375 bgShift=0.929 targetShift=0.065 
epoch=019 train=0.42005 val=0.95560 basePd=0.9167 basePfa=0.0087 rawPd=0.9375 bgShift=0.939 targetShift=0.070 
epoch=020 train=0.38113 val=0.76238 basePd=0.9167 basePfa=0.0000 rawPd=0.9375 bgShift=0.701 targetShift=0.058 
epoch=021 train=0.35564 val=0.53239 basePd=0.9375 basePfa=0.0000 rawPd=0.9375 bgShift=0.338 targetShift=0.037 *
epoch=022 train=0.33292 val=0.47249 basePd=0.9375 basePfa=0.0000 rawPd=0.9375 bgShift=0.190 targetShift=0.030 *
epoch=023 train=0.31344 val=0.48840 basePd=0.9375 basePfa=0.0000 rawPd=0.9375 bgShift=0.158 targetShift=0.032 
epoch=024 train=0.29409 val=0.50245 basePd=0.9375 basePfa=0.0000 rawPd=0.9375 bgShift=0.144 targetShift=0.034 
epoch=025 train=0.27451 val=0.48898 basePd=0.9375 basePfa=0.0000 rawPd=0.9375 bgShift=0.123 targetShift=0.032 
epoch=026 train=0.26085 val=0.52033 basePd=0.9375 basePfa=0.0000 rawPd=0.9375 bgShift=0.165 targetShift=0.037 
epoch=027 train=0.25096 val=0.48499 basePd=0.9375 basePfa=0.0000 rawPd=0.9375 bgShift=0.154 targetShift=0.034 
epoch=028 train=0.24255 val=0.45777 basePd=0.9375 basePfa=0.0000 rawPd=0.9375 bgShift=0.145 targetShift=0.031 *
epoch=029 train=0.23522 val=0.43785 basePd=0.9375 basePfa=0.0000 rawPd=0.9375 bgShift=0.136 targetShift=0.029 *
epoch=030 train=0.22968 val=0.45023 basePd=0.9375 basePfa=0.0000 rawPd=0.9375 bgShift=0.147 targetShift=0.031 

==================================================================================
Best epoch: 29
Selected-threshold v3 test : Pd=0.9500, Pfa=0.0000, AUC=1.0000
Selected-threshold raw test: Pd=0.9500, Pfa=0.0000, AUC=0.9998
Base threshold 0.361328 v3 test : Pd=0.9500, Pfa=0.0000
Base threshold 0.361328 raw test: Pd=0.9500, Pfa=0.0000
Test mean shift: background=0.1050, target=0.0019
Test p(background): background=0.6567, target=0.0187
Validation Pd floor satisfied: True
Score never increased: val=True, test=True
Summary: /home/tobeornot8259748/projects/balloon_radar_project/results/experiments/bc_dpg_v3_ablation_no_pairwise_v4_fold05_seed42/tables/summary.json
==================================================================================
==================================================================================
Experiment             : bc_dpg_v3_ablation_no_shift_selectivity_v4_fold05_seed42
Ablation mode          : no_shift_selectivity
Zero scan context      : False
Device / AMP           : cuda / True
Base checkpoint        : /home/tobeornot8259748/projects/balloon_radar_project/results/experiments/dpg_fcn_v4_fold05_seed42/checkpoints/best.pt
Base threshold         : 0.361328
Pd tolerance           : 0.0100
==================================================================================
预加载 dataset: 775 个样本...
  dataset: 200/775
  dataset: 400/775
  dataset: 600/775
  dataset: 775/775
Precomputing frozen DPG features: train (775 samples)
预加载 dataset: 163 个样本...
  dataset: 163/163
Precomputing frozen DPG features: val (163 samples)
预加载 dataset: 210 个样本...
  dataset: 200/210
  dataset: 210/210
Precomputing frozen DPG features: test (210 samples)
Raw validation at base threshold: Pd=0.9375, Pfa=0.0174
Trainable parameters  : 9474
==================================================================================
epoch=001 train=1.74201 val=1.74400 basePd=0.9375 basePfa=0.0087 rawPd=0.9375 bgShift=0.006 targetShift=0.005 *
epoch=002 train=1.68310 val=1.66871 basePd=0.9375 basePfa=0.0087 rawPd=0.9375 bgShift=0.007 targetShift=0.006 *
epoch=003 train=1.61358 val=1.59192 basePd=0.9375 basePfa=0.0087 rawPd=0.9375 bgShift=0.009 targetShift=0.006 *
epoch=004 train=1.54818 val=1.51356 basePd=0.9375 basePfa=0.0087 rawPd=0.9375 bgShift=0.012 targetShift=0.006 *
epoch=005 train=1.48910 val=1.43327 basePd=0.9375 basePfa=0.0087 rawPd=0.9375 bgShift=0.016 targetShift=0.007 *
epoch=006 train=1.40231 val=1.34927 basePd=0.9375 basePfa=0.0087 rawPd=0.9375 bgShift=0.022 targetShift=0.008 *
epoch=007 train=1.32437 val=1.26891 basePd=0.9375 basePfa=0.0087 rawPd=0.9375 bgShift=0.030 targetShift=0.009 *
epoch=008 train=1.25742 val=1.18925 basePd=0.9375 basePfa=0.0087 rawPd=0.9375 bgShift=0.042 targetShift=0.010 *
epoch=009 train=1.18212 val=1.10925 basePd=0.9375 basePfa=0.0087 rawPd=0.9375 bgShift=0.060 targetShift=0.012 *
epoch=010 train=1.11298 val=1.03020 basePd=0.9375 basePfa=0.0087 rawPd=0.9375 bgShift=0.086 targetShift=0.015 *
epoch=011 train=1.03138 val=0.95256 basePd=0.9375 basePfa=0.0087 rawPd=0.9375 bgShift=0.125 targetShift=0.018 *
epoch=012 train=0.96203 val=0.87928 basePd=0.9375 basePfa=0.0087 rawPd=0.9375 bgShift=0.179 targetShift=0.023 *
epoch=013 train=0.87629 val=0.81323 basePd=0.9375 basePfa=0.0087 rawPd=0.9375 bgShift=0.252 targetShift=0.029 *
epoch=014 train=0.79760 val=0.76574 basePd=0.9375 basePfa=0.0087 rawPd=0.9375 bgShift=0.320 targetShift=0.036 *
epoch=015 train=0.70441 val=0.73327 basePd=0.9375 basePfa=0.0087 rawPd=0.9375 bgShift=0.215 targetShift=0.043 *
epoch=016 train=0.62130 val=0.71330 basePd=0.9375 basePfa=0.0087 rawPd=0.9375 bgShift=0.071 targetShift=0.049 *
epoch=017 train=0.54610 val=0.69479 basePd=0.9375 basePfa=0.0087 rawPd=0.9375 bgShift=0.050 targetShift=0.052 *
epoch=018 train=0.47771 val=0.65164 basePd=0.9375 basePfa=0.0087 rawPd=0.9375 bgShift=0.045 targetShift=0.049 *
epoch=019 train=0.41586 val=0.65341 basePd=0.9167 basePfa=0.0087 rawPd=0.9375 bgShift=0.047 targetShift=0.049 
epoch=020 train=0.36647 val=0.66744 basePd=0.9167 basePfa=0.0000 rawPd=0.9375 bgShift=0.061 targetShift=0.051 
epoch=021 train=0.32253 val=0.54321 basePd=0.9167 basePfa=0.0000 rawPd=0.9375 bgShift=0.082 targetShift=0.043 
epoch=022 train=0.28582 val=0.46509 basePd=0.9375 basePfa=0.0000 rawPd=0.9375 bgShift=0.088 targetShift=0.038 *
epoch=023 train=0.25536 val=0.48126 basePd=0.9375 basePfa=0.0000 rawPd=0.9375 bgShift=0.109 targetShift=0.042 
epoch=024 train=0.22813 val=0.46818 basePd=0.9375 basePfa=0.0000 rawPd=0.9375 bgShift=0.123 targetShift=0.041 
epoch=025 train=0.20351 val=0.52415 basePd=0.9375 basePfa=0.0000 rawPd=0.9375 bgShift=0.158 targetShift=0.047 
epoch=026 train=0.18536 val=0.45524 basePd=0.9375 basePfa=0.0000 rawPd=0.9375 bgShift=0.150 targetShift=0.042 *
epoch=027 train=0.16972 val=0.47528 basePd=0.9375 basePfa=0.0000 rawPd=0.9375 bgShift=0.151 targetShift=0.043 
epoch=028 train=0.15404 val=0.55142 basePd=0.9375 basePfa=0.0000 rawPd=0.9375 bgShift=0.174 targetShift=0.050 
epoch=029 train=0.14026 val=0.53035 basePd=0.9375 basePfa=0.0000 rawPd=0.9375 bgShift=0.157 targetShift=0.048 
epoch=030 train=0.12973 val=0.51847 basePd=0.9375 basePfa=0.0000 rawPd=0.9375 bgShift=0.158 targetShift=0.047 

==================================================================================
Best epoch: 26
Selected-threshold v3 test : Pd=0.9500, Pfa=0.0000, AUC=0.9999
Selected-threshold raw test: Pd=0.9500, Pfa=0.0000, AUC=0.9998
Base threshold 0.361328 v3 test : Pd=0.9500, Pfa=0.0000
Base threshold 0.361328 raw test: Pd=0.9500, Pfa=0.0000
Test mean shift: background=0.1473, target=0.0098
Test p(background): background=0.7277, target=0.0183
Validation Pd floor satisfied: True
Score never increased: val=True, test=True
Summary: /home/tobeornot8259748/projects/balloon_radar_project/results/experiments/bc_dpg_v3_ablation_no_shift_selectivity_v4_fold05_seed42/tables/summary.json
==================================================================================
==================================================================================
Experiment             : bc_dpg_v3_ablation_no_shift_regularization_v4_fold05_seed42
Ablation mode          : no_shift_regularization
Zero scan context      : False
Device / AMP           : cuda / True
Base checkpoint        : /home/tobeornot8259748/projects/balloon_radar_project/results/experiments/dpg_fcn_v4_fold05_seed42/checkpoints/best.pt
Base threshold         : 0.361328
Pd tolerance           : 0.0100
==================================================================================
预加载 dataset: 775 个样本...
  dataset: 200/775
  dataset: 400/775
  dataset: 600/775
  dataset: 775/775
Precomputing frozen DPG features: train (775 samples)
预加载 dataset: 163 个样本...
  dataset: 163/163
Precomputing frozen DPG features: val (163 samples)
预加载 dataset: 210 个样本...
  dataset: 200/210
  dataset: 210/210
Precomputing frozen DPG features: test (210 samples)
Raw validation at base threshold: Pd=0.9375, Pfa=0.0174
Trainable parameters  : 9474
==================================================================================
epoch=001 train=1.76180 val=1.75128 basePd=0.9375 basePfa=0.0087 rawPd=0.9375 bgShift=0.006 targetShift=0.005 *
epoch=002 train=1.70223 val=1.67594 basePd=0.9375 basePfa=0.0087 rawPd=0.9375 bgShift=0.008 targetShift=0.004 *
epoch=003 train=1.63211 val=1.59893 basePd=0.9375 basePfa=0.0087 rawPd=0.9375 bgShift=0.010 targetShift=0.004 *
epoch=004 train=1.56600 val=1.52043 basePd=0.9375 basePfa=0.0087 rawPd=0.9375 bgShift=0.013 targetShift=0.003 *
epoch=005 train=1.50583 val=1.43982 basePd=0.9375 basePfa=0.0087 rawPd=0.9375 bgShift=0.018 targetShift=0.003 *
epoch=006 train=1.41792 val=1.35535 basePd=0.9375 basePfa=0.0087 rawPd=0.9375 bgShift=0.024 targetShift=0.003 *
epoch=007 train=1.33814 val=1.27426 basePd=0.9375 basePfa=0.0087 rawPd=0.9375 bgShift=0.034 targetShift=0.004 *
epoch=008 train=1.26854 val=1.19346 basePd=0.9375 basePfa=0.0087 rawPd=0.9375 bgShift=0.048 targetShift=0.005 *
epoch=009 train=1.18938 val=1.11187 basePd=0.9375 basePfa=0.0087 rawPd=0.9375 bgShift=0.070 targetShift=0.006 *
epoch=010 train=1.11515 val=1.03067 basePd=0.9375 basePfa=0.0087 rawPd=0.9375 bgShift=0.102 targetShift=0.008 *
epoch=011 train=1.02783 val=0.95135 basePd=0.9375 basePfa=0.0087 rawPd=0.9375 bgShift=0.147 targetShift=0.011 *
epoch=012 train=0.95354 val=0.87837 basePd=0.9375 basePfa=0.0087 rawPd=0.9375 bgShift=0.208 targetShift=0.015 *
epoch=013 train=0.86605 val=0.81515 basePd=0.9375 basePfa=0.0087 rawPd=0.9375 bgShift=0.288 targetShift=0.020 *
epoch=014 train=0.78755 val=0.77215 basePd=0.9375 basePfa=0.0087 rawPd=0.9375 bgShift=0.389 targetShift=0.027 *
epoch=015 train=0.69517 val=0.75758 basePd=0.9375 basePfa=0.0087 rawPd=0.9375 bgShift=0.516 targetShift=0.035 *
epoch=016 train=0.61333 val=0.79235 basePd=0.9375 basePfa=0.0087 rawPd=0.9375 bgShift=0.659 targetShift=0.046 
epoch=017 train=0.53947 val=0.86038 basePd=0.9375 basePfa=0.0087 rawPd=0.9375 bgShift=0.809 targetShift=0.056 
epoch=018 train=0.47232 val=0.96612 basePd=0.9167 basePfa=0.0087 rawPd=0.9375 bgShift=0.969 targetShift=0.066 
epoch=019 train=0.41141 val=1.13296 basePd=0.9167 basePfa=0.0000 rawPd=0.9375 bgShift=1.118 targetShift=0.078 
epoch=020 train=0.37225 val=1.21020 basePd=0.9167 basePfa=0.0000 rawPd=0.9375 bgShift=1.189 targetShift=0.082 
epoch=021 train=0.34894 val=1.24024 basePd=0.9167 basePfa=0.0000 rawPd=0.9375 bgShift=1.254 targetShift=0.084 
epoch=022 train=0.32787 val=1.32307 basePd=0.9167 basePfa=0.0000 rawPd=0.9375 bgShift=1.315 targetShift=0.088 
epoch=023 train=0.30926 val=1.42294 basePd=0.9167 basePfa=0.0000 rawPd=0.9375 bgShift=1.375 targetShift=0.093 
Early stopping after 8 stale epochs

==================================================================================
Best epoch: 15
Selected-threshold v3 test : Pd=0.9500, Pfa=0.0000, AUC=0.9999
Selected-threshold raw test: Pd=0.9500, Pfa=0.0000, AUC=0.9998
Base threshold 0.361328 v3 test : Pd=0.9500, Pfa=0.0000
Base threshold 0.361328 raw test: Pd=0.9500, Pfa=0.0000
Test mean shift: background=0.5158, target=0.0127
Test p(background): background=0.3525, target=0.0198
Validation Pd floor satisfied: True
Score never increased: val=True, test=True
Summary: /home/tobeornot8259748/projects/balloon_radar_project/results/experiments/bc_dpg_v3_ablation_no_shift_regularization_v4_fold05_seed42/tables/summary.json
==================================================================================

Fold=04  Mode=no_target_protection  Smoke=False  ExistingAction=skip_complete
[跳过] 完整结果已存在，智能跳过: /home/tobeornot8259748/projects/balloon_radar_project/results/experiments/bc_dpg_v3_ablation_no_target_protection_v4_fold04_seed42
========================================================================================

========================================================================================
Fold=04  Mode=no_target_keep  Smoke=False  ExistingAction=skip_complete
[跳过] 完整结果已存在，智能跳过: /home/tobeornot8259748/projects/balloon_radar_project/results/experiments/bc_dpg_v3_ablation_no_target_keep_v4_fold04_seed42
========================================================================================

========================================================================================
Fold=04  Mode=no_pairwise  Smoke=False  ExistingAction=skip_complete
[跳过] 完整结果已存在，智能跳过: /home/tobeornot8259748/projects/balloon_radar_project/results/experiments/bc_dpg_v3_ablation_no_pairwise_v4_fold04_seed42
========================================================================================

========================================================================================
Fold=04  Mode=no_shift_selectivity  Smoke=False  ExistingAction=skip_complete
[跳过] 完整结果已存在，智能跳过: /home/tobeornot8259748/projects/balloon_radar_project/results/experiments/bc_dpg_v3_ablation_no_shift_selectivity_v4_fold04_seed42
========================================================================================

========================================================================================
Fold=04  Mode=no_shift_regularization  Smoke=False  ExistingAction=skip_complete
[跳过] 完整结果已存在，智能跳过: /home/tobeornot8259748/projects/balloon_radar_project/results/experiments/bc_dpg_v3_ablation_no_shift_regularization_v4_fold04_seed42
========================================================================================

========================================================================================
Fold=05  Mode=full  Smoke=False  ExistingAction=skip_complete
[跳过] 完整结果已存在，智能跳过: /home/tobeornot8259748/projects/balloon_radar_project/results/experiments/bc_dpg_v3_ablation_full_v4_fold05_seed42
========================================================================================

========================================================================================
Fold=05  Mode=no_scan_context  Smoke=False  ExistingAction=skip_complete
[跳过] 完整结果已存在，智能跳过: /home/tobeornot8259748/projects/balloon_radar_project/results/experiments/bc_dpg_v3_ablation_no_scan_context_v4_fold05_seed42
========================================================================================

========================================================================================
Fold=05  Mode=no_background_classification  Smoke=False  ExistingAction=skip_complete
[跳过] 完整结果已存在，智能跳过: /home/tobeornot8259748/projects/balloon_radar_project/results/experiments/bc_dpg_v3_ablation_no_background_classification_v4_fold05_seed42
========================================================================================

========================================================================================
Fold=05  Mode=no_background_tail  Smoke=False  ExistingAction=skip_complete
[跳过] 完整结果已存在，智能跳过: /home/tobeornot8259748/projects/balloon_radar_project/results/experiments/bc_dpg_v3_ablation_no_background_tail_v4_fold05_seed42
========================================================================================

========================================================================================
Fold=05  Mode=no_target_protection  Smoke=False  ExistingAction=skip_complete
[跳过] 完整结果已存在，智能跳过: /home/tobeornot8259748/projects/balloon_radar_project/results/experiments/bc_dpg_v3_ablation_no_target_protection_v4_fold05_seed42
========================================================================================

========================================================================================
Fold=05  Mode=no_target_keep  Smoke=False  ExistingAction=run
/home/tobeornot8259748/miniforge3/envs/radar-torch/bin/python /home/tobeornot8259748/projects/balloon_radar_project/training/train_target_protected_scan_calibrator_ablation.py --name bc_dpg_v3_ablation_no_target_keep_v4_fold05_seed42 --ablation-mode no_target_keep --manifest-path /home/tobeornot8259748/projects/balloon_radar_project/results/data_audit/dataset_v4_multifold/fold_05_manifest.csv --base-checkpoint /home/tobeornot8259748/projects/balloon_radar_project/results/experiments/dpg_fcn_v4_fold05_seed42/checkpoints/best.pt --epochs 30 --batch-size 64 --debug-per-class 0 --seed 42
========================================================================================

========================================================================================
Fold=05  Mode=no_pairwise  Smoke=False  ExistingAction=run
/home/tobeornot8259748/miniforge3/envs/radar-torch/bin/python /home/tobeornot8259748/projects/balloon_radar_project/training/train_target_protected_scan_calibrator_ablation.py --name bc_dpg_v3_ablation_no_pairwise_v4_fold05_seed42 --ablation-mode no_pairwise --manifest-path /home/tobeornot8259748/projects/balloon_radar_project/results/data_audit/dataset_v4_multifold/fold_05_manifest.csv --base-checkpoint /home/tobeornot8259748/projects/balloon_radar_project/results/experiments/dpg_fcn_v4_fold05_seed42/checkpoints/best.pt --epochs 30 --batch-size 64 --debug-per-class 0 --seed 42
========================================================================================

========================================================================================
Fold=05  Mode=no_shift_selectivity  Smoke=False  ExistingAction=run
/home/tobeornot8259748/miniforge3/envs/radar-torch/bin/python /home/tobeornot8259748/projects/balloon_radar_project/training/train_target_protected_scan_calibrator_ablation.py --name bc_dpg_v3_ablation_no_shift_selectivity_v4_fold05_seed42 --ablation-mode no_shift_selectivity --manifest-path /home/tobeornot8259748/projects/balloon_radar_project/results/data_audit/dataset_v4_multifold/fold_05_manifest.csv --base-checkpoint /home/tobeornot8259748/projects/balloon_radar_project/results/experiments/dpg_fcn_v4_fold05_seed42/checkpoints/best.pt --epochs 30 --batch-size 64 --debug-per-class 0 --seed 42
========================================================================================

========================================================================================
Fold=05  Mode=no_shift_regularization  Smoke=False  ExistingAction=run
/home/tobeornot8259748/miniforge3/envs/radar-torch/bin/python /home/tobeornot8259748/projects/balloon_radar_project/training/train_target_protected_scan_calibrator_ablation.py --name bc_dpg_v3_ablation_no_shift_regularization_v4_fold05_seed42 --ablation-mode no_shift_regularization --manifest-path /home/tobeornot8259748/projects/balloon_radar_project/results/data_audit/dataset_v4_multifold/fold_05_manifest.csv --base-checkpoint /home/tobeornot8259748/projects/balloon_radar_project/results/experiments/dpg_fcn_v4_fold05_seed42/checkpoints/best.pt --epochs 30 --batch-size 64 --debug-per-class 0 --seed 42
========================================================================================

========================================================================================
Fold=06  Mode=full  Smoke=False  ExistingAction=skip_complete
[跳过] 完整结果已存在，智能跳过: /home/tobeornot8259748/projects/balloon_radar_project/results/experiments/bc_dpg_v3_ablation_full_v4_fold06_seed42
========================================================================================

========================================================================================
Fold=06  Mode=no_scan_context  Smoke=False  ExistingAction=skip_complete
[跳过] 完整结果已存在，智能跳过: /home/tobeornot8259748/projects/balloon_radar_project/results/experiments/bc_dpg_v3_ablation_no_scan_context_v4_fold06_seed42==================================================================================
Experiment             : bc_dpg_v3_ablation_no_target_keep_v4_fold06_seed42
Ablation mode          : no_target_keep
Zero scan context      : False
Device / AMP           : cuda / True
Base checkpoint        : /home/tobeornot8259748/projects/balloon_radar_project/results/experiments/dpg_fcn_v4_fold06_seed42/checkpoints/best.pt
Base threshold         : 0.896973
Pd tolerance           : 0.0100
==================================================================================
预加载 dataset: 782 个样本...
  dataset: 200/782
  dataset: 400/782
  dataset: 600/782
  dataset: 782/782
Precomputing frozen DPG features: train (782 samples)
预加载 dataset: 203 个样本...
  dataset: 200/203
  dataset: 203/203
Precomputing frozen DPG features: val (203 samples)
预加载 dataset: 163 个样本...
  dataset: 163/163
Precomputing frozen DPG features: test (163 samples)
Raw validation at base threshold: Pd=0.9623, Pfa=0.0133
Trainable parameters  : 9474
==================================================================================
epoch=001 train=1.52889 val=2.31157 basePd=0.9623 basePfa=0.0133 rawPd=0.9623 bgShift=0.006 targetShift=0.004 *
epoch=002 train=1.47049 val=2.21726 basePd=0.9623 basePfa=0.0133 rawPd=0.9623 bgShift=0.007 targetShift=0.004 *
epoch=003 train=1.40459 val=2.11202 basePd=0.9623 basePfa=0.0133 rawPd=0.9623 bgShift=0.010 targetShift=0.003 *
epoch=004 train=1.33591 val=2.00179 basePd=0.9623 basePfa=0.0133 rawPd=0.9623 bgShift=0.014 targetShift=0.002 *
epoch=005 train=1.26303 val=1.88984 basePd=0.9623 basePfa=0.0133 rawPd=0.9623 bgShift=0.019 targetShift=0.002 *
epoch=006 train=1.18929 val=1.77233 basePd=0.9623 basePfa=0.0067 rawPd=0.9623 bgShift=0.026 targetShift=0.002 *
epoch=007 train=1.11431 val=1.66198 basePd=0.9623 basePfa=0.0067 rawPd=0.9623 bgShift=0.037 targetShift=0.001 *
epoch=008 train=1.03973 val=1.54828 basePd=0.9623 basePfa=0.0067 rawPd=0.9623 bgShift=0.053 targetShift=0.001 *
epoch=009 train=0.96441 val=1.44028 basePd=0.9623 basePfa=0.0067 rawPd=0.9623 bgShift=0.077 targetShift=0.001 *
epoch=010 train=0.88969 val=1.32798 basePd=0.9623 basePfa=0.0067 rawPd=0.9623 bgShift=0.110 targetShift=0.001 *
epoch=011 train=0.81711 val=1.22551 basePd=0.9623 basePfa=0.0067 rawPd=0.9623 bgShift=0.154 targetShift=0.000 *
epoch=012 train=0.74762 val=1.12228 basePd=0.9623 basePfa=0.0067 rawPd=0.9623 bgShift=0.201 targetShift=0.000 *
epoch=013 train=0.68354 val=1.02560 basePd=0.9623 basePfa=0.0067 rawPd=0.9623 bgShift=0.238 targetShift=0.000 *
epoch=014 train=0.62288 val=0.93226 basePd=0.9623 basePfa=0.0067 rawPd=0.9623 bgShift=0.270 targetShift=0.000 *
epoch=015 train=0.56592 val=0.84688 basePd=0.9623 basePfa=0.0067 rawPd=0.9623 bgShift=0.293 targetShift=0.000 *
epoch=016 train=0.51181 val=0.76449 basePd=0.9623 basePfa=0.0067 rawPd=0.9623 bgShift=0.289 targetShift=0.000 *
epoch=017 train=0.46244 val=0.69106 basePd=0.9623 basePfa=0.0067 rawPd=0.9623 bgShift=0.328 targetShift=0.000 *
epoch=018 train=0.41641 val=0.61979 basePd=0.9623 basePfa=0.0067 rawPd=0.9623 bgShift=0.397 targetShift=0.000 *
epoch=019 train=0.37533 val=0.55816 basePd=0.9623 basePfa=0.0067 rawPd=0.9623 bgShift=0.407 targetShift=0.000 *
epoch=020 train=0.33691 val=0.50144 basePd=0.9623 basePfa=0.0067 rawPd=0.9623 bgShift=0.387 targetShift=0.000 *
epoch=021 train=0.30297 val=0.45116 basePd=0.9623 basePfa=0.0067 rawPd=0.9623 bgShift=0.419 targetShift=0.000 *
epoch=022 train=0.27303 val=0.40582 basePd=0.9623 basePfa=0.0067 rawPd=0.9623 bgShift=0.482 targetShift=0.000 *
epoch=023 train=0.24592 val=0.36607 basePd=0.9623 basePfa=0.0067 rawPd=0.9623 bgShift=0.445 targetShift=0.000 *
epoch=024 train=0.22241 val=0.33078 basePd=0.9623 basePfa=0.0067 rawPd=0.9623 bgShift=0.497 targetShift=0.000 *
epoch=025 train=0.20153 val=0.29966 basePd=0.9623 basePfa=0.0067 rawPd=0.9623 bgShift=0.487 targetShift=0.000 *
epoch=026 train=0.18288 val=0.27218 basePd=0.9623 basePfa=0.0067 rawPd=0.9623 bgShift=0.461 targetShift=0.000 *
epoch=027 train=0.16699 val=0.24862 basePd=0.9623 basePfa=0.0067 rawPd=0.9623 bgShift=0.546 targetShift=0.000 *
epoch=028 train=0.15251 val=0.22764 basePd=0.9623 basePfa=0.0067 rawPd=0.9623 bgShift=0.569 targetShift=0.000 *
epoch=029 train=0.13976 val=0.20805 basePd=0.9623 basePfa=0.0067 rawPd=0.9623 bgShift=0.450 targetShift=0.000 *
epoch=030 train=0.12881 val=0.19185 basePd=0.9623 basePfa=0.0067 rawPd=0.9623 bgShift=0.543 targetShift=0.000 *

==================================================================================
Best epoch: 30
Selected-threshold v3 test : Pd=0.8542, Pfa=0.0000, AUC=0.9998
Selected-threshold raw test: Pd=0.7917, Pfa=0.0000, AUC=0.9987
Base threshold 0.896973 v3 test : Pd=0.7917, Pfa=0.0000
Base threshold 0.896973 raw test: Pd=0.7917, Pfa=0.0000
Test mean shift: background=0.2373, target=0.0132
Test p(background): background=0.7921, target=0.0299
Validation Pd floor satisfied: True
Score never increased: val=True, test=True
Summary: /home/tobeornot8259748/projects/balloon_radar_project/results/experiments/bc_dpg_v3_ablation_no_target_keep_v4_fold06_seed42/tables/summary.json
==================================================================================
==================================================================================
Experiment             : bc_dpg_v3_ablation_no_pairwise_v4_fold06_seed42
Ablation mode          : no_pairwise
Zero scan context      : False
Device / AMP           : cuda / True
Base checkpoint        : /home/tobeornot8259748/projects/balloon_radar_project/results/experiments/dpg_fcn_v4_fold06_seed42/checkpoints/best.pt
Base threshold         : 0.896973
Pd tolerance           : 0.0100
==================================================================================
预加载 dataset: 782 个样本...
  dataset: 200/782
  dataset: 400/782
  dataset: 600/782
  dataset: 782/782
Precomputing frozen DPG features: train (782 samples)
预加载 dataset: 203 个样本...
  dataset: 200/203
  dataset: 203/203
Precomputing frozen DPG features: val (203 samples)
预加载 dataset: 163 个样本...
  dataset: 163/163
Precomputing frozen DPG features: test (163 samples)
Raw validation at base threshold: Pd=0.9623, Pfa=0.0133
Trainable parameters  : 9474
==================================================================================
epoch=001 train=1.52306 val=2.30879 basePd=0.9623 basePfa=0.0133 rawPd=0.9623 bgShift=0.006 targetShift=0.004 *
epoch=002 train=1.46466 val=2.21448 basePd=0.9623 basePfa=0.0133 rawPd=0.9623 bgShift=0.007 targetShift=0.004 *
epoch=003 train=1.39900 val=2.10925 basePd=0.9623 basePfa=0.0133 rawPd=0.9623 bgShift=0.010 targetShift=0.003 *
epoch=004 train=1.32997 val=1.99904 basePd=0.9623 basePfa=0.0133 rawPd=0.9623 bgShift=0.014 targetShift=0.002 *
epoch=005 train=1.25722 val=1.88711 basePd=0.9623 basePfa=0.0133 rawPd=0.9623 bgShift=0.019 targetShift=0.002 *
epoch=006 train=1.18334 val=1.76962 basePd=0.9623 basePfa=0.0067 rawPd=0.9623 bgShift=0.026 targetShift=0.002 *
epoch=007 train=1.10872 val=1.65932 basePd=0.9623 basePfa=0.0067 rawPd=0.9623 bgShift=0.037 targetShift=0.001 *
epoch=008 train=1.03372 val=1.54568 basePd=0.9623 basePfa=0.0067 rawPd=0.9623 bgShift=0.053 targetShift=0.001 *
epoch=009 train=0.95877 val=1.43776 basePd=0.9623 basePfa=0.0067 rawPd=0.9623 bgShift=0.076 targetShift=0.001 *
epoch=010 train=0.88431 val=1.32563 basePd=0.9623 basePfa=0.0067 rawPd=0.9623 bgShift=0.110 targetShift=0.001 *
epoch=011 train=0.81188 val=1.22330 basePd=0.9623 basePfa=0.0067 rawPd=0.9623 bgShift=0.153 targetShift=0.000 *
epoch=012 train=0.74289 val=1.12024 basePd=0.9623 basePfa=0.0067 rawPd=0.9623 bgShift=0.199 targetShift=0.000 *
epoch=013 train=0.67880 val=1.02372 basePd=0.9623 basePfa=0.0067 rawPd=0.9623 bgShift=0.233 targetShift=0.000 *
epoch=014 train=0.61837 val=0.93037 basePd=0.9623 basePfa=0.0067 rawPd=0.9623 bgShift=0.197 targetShift=0.000 
epoch=015 train=0.56114 val=0.84490 basePd=0.9623 basePfa=0.0067 rawPd=0.9623 bgShift=0.200 targetShift=0.000 *
epoch=016 train=0.50748 val=0.76250 basePd=0.9623 basePfa=0.0067 rawPd=0.9623 bgShift=0.206 targetShift=0.000 *
epoch=017 train=0.45770 val=0.68898 basePd=0.9623 basePfa=0.0067 rawPd=0.9623 bgShift=0.201 targetShift=0.000 *
epoch=018 train=0.41190 val=0.61756 basePd=0.9623 basePfa=0.0067 rawPd=0.9623 bgShift=0.206 targetShift=0.000 *
epoch=019 train=0.37018 val=0.55590 basePd=0.9623 basePfa=0.0067 rawPd=0.9623 bgShift=0.197 targetShift=0.000 *
epoch=020 train=0.33246 val=0.49935 basePd=0.9623 basePfa=0.0067 rawPd=0.9623 bgShift=0.185 targetShift=0.000 
epoch=021 train=0.29862 val=0.44900 basePd=0.9623 basePfa=0.0067 rawPd=0.9623 bgShift=0.184 targetShift=0.000 
epoch=022 train=0.26847 val=0.40345 basePd=0.9623 basePfa=0.0067 rawPd=0.9623 bgShift=0.183 targetShift=0.000 
epoch=023 train=0.24170 val=0.36386 basePd=0.9623 basePfa=0.0067 rawPd=0.9623 bgShift=0.185 targetShift=0.000 
epoch=024 train=0.21802 val=0.32845 basePd=0.9623 basePfa=0.0067 rawPd=0.9623 bgShift=0.181 targetShift=0.000 
epoch=025 train=0.19712 val=0.29750 basePd=0.9623 basePfa=0.0067 rawPd=0.9623 bgShift=0.180 targetShift=0.000 
epoch=026 train=0.17869 val=0.27016 basePd=0.9623 basePfa=0.0067 rawPd=0.9623 bgShift=0.185 targetShift=0.000 
epoch=027 train=0.16245 val=0.24599 basePd=0.9623 basePfa=0.0067 rawPd=0.9623 bgShift=0.188 targetShift=0.000 
Early stopping after 8 stale epochs

==================================================================================
Best epoch: 19
Selected-threshold v3 test : Pd=0.8333, Pfa=0.0000, AUC=0.9996
Selected-threshold raw test: Pd=0.7917, Pfa=0.0000, AUC=0.9987
Base threshold 0.896973 v3 test : Pd=0.7917, Pfa=0.0000
Base threshold 0.896973 raw test: Pd=0.7917, Pfa=0.0000
Test mean shift: background=0.2019, target=0.0030
Test p(background): background=0.5023, target=0.0211
Validation Pd floor satisfied: True
Score never increased: val=True, test=True
Summary: /home/tobeornot8259748/projects/balloon_radar_project/results/experiments/bc_dpg_v3_ablation_no_pairwise_v4_fold06_seed42/tables/summary.json
==================================================================================
==================================================================================
Experiment             : bc_dpg_v3_ablation_no_shift_selectivity_v4_fold06_seed42
Ablation mode          : no_shift_selectivity
Zero scan context      : False
Device / AMP           : cuda / True
Base checkpoint        : /home/tobeornot8259748/projects/balloon_radar_project/results/experiments/dpg_fcn_v4_fold06_seed42/checkpoints/best.pt
Base threshold         : 0.896973
Pd tolerance           : 0.0100
==================================================================================
预加载 dataset: 782 个样本...
  dataset: 200/782
  dataset: 400/782
  dataset: 600/782
  dataset: 782/782
Precomputing frozen DPG features: train (782 samples)
预加载 dataset: 203 个样本...
  dataset: 200/203
  dataset: 203/203
Precomputing frozen DPG features: val (203 samples)
预加载 dataset: 163 个样本...
  dataset: 163/163
Precomputing frozen DPG features: test (163 samples)
Raw validation at base threshold: Pd=0.9623, Pfa=0.0133
Trainable parameters  : 9474
==================================================================================
epoch=001 train=1.50901 val=2.30528 basePd=0.9623 basePfa=0.0133 rawPd=0.9623 bgShift=0.006 targetShift=0.005 *
epoch=002 train=1.45103 val=2.21105 basePd=0.9623 basePfa=0.0133 rawPd=0.9623 bgShift=0.007 targetShift=0.004 *
epoch=003 train=1.38570 val=2.10609 basePd=0.9623 basePfa=0.0133 rawPd=0.9623 bgShift=0.009 targetShift=0.003 *
epoch=004 train=1.31773 val=1.99623 basePd=0.9623 basePfa=0.0133 rawPd=0.9623 bgShift=0.012 targetShift=0.003 *
epoch=005 train=1.24579 val=1.88468 basePd=0.9623 basePfa=0.0133 rawPd=0.9623 bgShift=0.016 targetShift=0.002 *
epoch=006 train=1.17335 val=1.76784 basePd=0.9623 basePfa=0.0067 rawPd=0.9623 bgShift=0.022 targetShift=0.002 *
epoch=007 train=1.10017 val=1.65841 basePd=0.9623 basePfa=0.0067 rawPd=0.9623 bgShift=0.030 targetShift=0.001 *
epoch=008 train=1.02808 val=1.54608 basePd=0.9623 basePfa=0.0067 rawPd=0.9623 bgShift=0.041 targetShift=0.001 *
epoch=009 train=0.95604 val=1.43986 basePd=0.9623 basePfa=0.0067 rawPd=0.9623 bgShift=0.057 targetShift=0.001 *
epoch=010 train=0.88529 val=1.32956 basePd=0.9623 basePfa=0.0067 rawPd=0.9623 bgShift=0.078 targetShift=0.001 *
epoch=011 train=0.81669 val=1.22885 basePd=0.9623 basePfa=0.0067 rawPd=0.9623 bgShift=0.107 targetShift=0.001 *
epoch=012 train=0.74968 val=1.12587 basePd=0.9623 basePfa=0.0067 rawPd=0.9623 bgShift=0.144 targetShift=0.000 *
epoch=013 train=0.68572 val=1.02845 basePd=0.9623 basePfa=0.0067 rawPd=0.9623 bgShift=0.190 targetShift=0.000 *
epoch=014 train=0.62444 val=0.93412 basePd=0.9623 basePfa=0.0067 rawPd=0.9623 bgShift=0.229 targetShift=0.000 *
epoch=015 train=0.56688 val=0.84796 basePd=0.9623 basePfa=0.0067 rawPd=0.9623 bgShift=0.283 targetShift=0.000 *
epoch=016 train=0.51216 val=0.76477 basePd=0.9623 basePfa=0.0067 rawPd=0.9623 bgShift=0.336 targetShift=0.001 *
epoch=017 train=0.46233 val=0.69058 basePd=0.9623 basePfa=0.0067 rawPd=0.9623 bgShift=0.374 targetShift=0.000 *
epoch=018 train=0.41598 val=0.61907 basePd=0.9623 basePfa=0.0067 rawPd=0.9623 bgShift=0.421 targetShift=0.000 *
epoch=019 train=0.37454 val=0.55734 basePd=0.9623 basePfa=0.0067 rawPd=0.9623 bgShift=0.522 targetShift=0.000 *
epoch=020 train=0.33602 val=0.50007 basePd=0.9623 basePfa=0.0067 rawPd=0.9623 bgShift=0.478 targetShift=0.000 *
epoch=021 train=0.30199 val=0.44955 basePd=0.9623 basePfa=0.0067 rawPd=0.9623 bgShift=0.479 targetShift=0.000 *
epoch=022 train=0.27194 val=0.40405 basePd=0.9623 basePfa=0.0067 rawPd=0.9623 bgShift=0.555 targetShift=0.000 *
epoch=023 train=0.24483 val=0.36402 basePd=0.9623 basePfa=0.0067 rawPd=0.9623 bgShift=0.429 targetShift=0.000 *
epoch=024 train=0.22133 val=0.32875 basePd=0.9623 basePfa=0.0067 rawPd=0.9623 bgShift=0.478 targetShift=0.000 *
epoch=025 train=0.20046 val=0.29810 basePd=0.9623 basePfa=0.0067 rawPd=0.9623 bgShift=0.542 targetShift=0.000 *
epoch=026 train=0.18184 val=0.27032 basePd=0.9623 basePfa=0.0067 rawPd=0.9623 bgShift=0.430 targetShift=0.000 *
epoch=027 train=0.16596 val=0.24715 basePd=0.9623 basePfa=0.0067 rawPd=0.9623 bgShift=0.558 targetShift=0.000 *
epoch=028 train=0.15149 val=0.22607 basePd=0.9623 basePfa=0.0000 rawPd=0.9623 bgShift=0.537 targetShift=0.000 *
epoch=029 train=0.13885 val=0.20680 basePd=0.9623 basePfa=0.0000 rawPd=0.9623 bgShift=0.465 targetShift=0.000 *
epoch=030 train=0.12792 val=0.19103 basePd=0.9623 basePfa=0.0000 rawPd=0.9623 bgShift=0.584 targetShift=0.000 *

==================================================================================
Best epoch: 30
Selected-threshold v3 test : Pd=0.8750, Pfa=0.0000, AUC=1.0000
Selected-threshold raw test: Pd=0.7917, Pfa=0.0000, AUC=0.9987
Base threshold 0.896973 v3 test : Pd=0.7917, Pfa=0.0000
Base threshold 0.896973 raw test: Pd=0.7917, Pfa=0.0000
Test mean shift: background=0.1933, target=0.0161
Test p(background): background=0.7933, target=0.0286
Validation Pd floor satisfied: True
Score never increased: val=True, test=True
Summary: /home/tobeornot8259748/projects/balloon_radar_project/results/experiments/bc_dpg_v3_ablation_no_shift_selectivity_v4_fold06_seed42/tables/summary.json
==================================================================================
==================================================================================
Experiment             : bc_dpg_v3_ablation_no_shift_regularization_v4_fold06_seed42
Ablation mode          : no_shift_regularization
Zero scan context      : False
Device / AMP           : cuda / True
Base checkpoint        : /home/tobeornot8259748/projects/balloon_radar_project/results/experiments/dpg_fcn_v4_fold06_seed42/checkpoints/best.pt
Base threshold         : 0.896973
Pd tolerance           : 0.0100
==================================================================================
预加载 dataset: 782 个样本...
  dataset: 200/782
  dataset: 400/782
  dataset: 600/782
  dataset: 782/782
Precomputing frozen DPG features: train (782 samples)
预加载 dataset: 203 个样本...
  dataset: 200/203
  dataset: 203/203
Precomputing frozen DPG features: val (203 samples)
预加载 dataset: 163 个样本...
  dataset: 163/163
Precomputing frozen DPG features: test (163 samples)
Raw validation at base threshold: Pd=0.9623, Pfa=0.0133
Trainable parameters  : 9474
==================================================================================
epoch=001 train=1.52889 val=2.31157 basePd=0.9623 basePfa=0.0133 rawPd=0.9623 bgShift=0.006 targetShift=0.004 *
epoch=002 train=1.47049 val=2.21726 basePd=0.9623 basePfa=0.0133 rawPd=0.9623 bgShift=0.007 targetShift=0.004 *
epoch=003 train=1.40459 val=2.11202 basePd=0.9623 basePfa=0.0133 rawPd=0.9623 bgShift=0.010 targetShift=0.003 *
epoch=004 train=1.33591 val=2.00179 basePd=0.9623 basePfa=0.0133 rawPd=0.9623 bgShift=0.014 targetShift=0.002 *
epoch=005 train=1.26302 val=1.88984 basePd=0.9623 basePfa=0.0133 rawPd=0.9623 bgShift=0.019 targetShift=0.002 *
epoch=006 train=1.18928 val=1.77232 basePd=0.9623 basePfa=0.0067 rawPd=0.9623 bgShift=0.026 targetShift=0.002 *
epoch=007 train=1.11430 val=1.66197 basePd=0.9623 basePfa=0.0067 rawPd=0.9623 bgShift=0.037 targetShift=0.001 *
epoch=008 train=1.03971 val=1.54825 basePd=0.9623 basePfa=0.0067 rawPd=0.9623 bgShift=0.053 targetShift=0.001 *
epoch=009 train=0.96437 val=1.44022 basePd=0.9623 basePfa=0.0067 rawPd=0.9623 bgShift=0.077 targetShift=0.001 *
epoch=010 train=0.88960 val=1.32786 basePd=0.9623 basePfa=0.0067 rawPd=0.9623 bgShift=0.111 targetShift=0.001 *
epoch=011 train=0.81694 val=1.22527 basePd=0.9623 basePfa=0.0067 rawPd=0.9623 bgShift=0.154 targetShift=0.000 *
epoch=012 train=0.74733 val=1.12189 basePd=0.9623 basePfa=0.0067 rawPd=0.9623 bgShift=0.202 targetShift=0.000 *
epoch=013 train=0.68311 val=1.02501 basePd=0.9623 basePfa=0.0067 rawPd=0.9623 bgShift=0.242 targetShift=0.000 *
epoch=014 train=0.62225 val=0.93144 basePd=0.9623 basePfa=0.0067 rawPd=0.9623 bgShift=0.281 targetShift=0.000 *
epoch=015 train=0.56508 val=0.84583 basePd=0.9623 basePfa=0.0067 rawPd=0.9623 bgShift=0.320 targetShift=0.000 *
epoch=016 train=0.51079 val=0.76328 basePd=0.9623 basePfa=0.0067 rawPd=0.9623 bgShift=0.364 targetShift=0.000 *
epoch=017 train=0.46127 val=0.68952 basePd=0.9623 basePfa=0.0067 rawPd=0.9623 bgShift=0.412 targetShift=0.000 *
epoch=018 train=0.41511 val=0.61790 basePd=0.9623 basePfa=0.0067 rawPd=0.9623 bgShift=0.463 targetShift=0.000 *
epoch=019 train=0.37376 val=0.55604 basePd=0.9623 basePfa=0.0067 rawPd=0.9623 bgShift=0.518 targetShift=0.000 *
epoch=020 train=0.33525 val=0.49921 basePd=0.9623 basePfa=0.0067 rawPd=0.9623 bgShift=0.576 targetShift=0.000 *
epoch=021 train=0.30118 val=0.44861 basePd=0.9623 basePfa=0.0067 rawPd=0.9623 bgShift=0.635 targetShift=0.000 *
epoch=022 train=0.27110 val=0.40278 basePd=0.9623 basePfa=0.0067 rawPd=0.9623 bgShift=0.700 targetShift=0.000 *
epoch=023 train=0.24385 val=0.36311 basePd=0.9623 basePfa=0.0067 rawPd=0.9623 bgShift=0.766 targetShift=0.000 *
epoch=024 train=0.22013 val=0.32744 basePd=0.9623 basePfa=0.0067 rawPd=0.9623 bgShift=0.832 targetShift=0.000 *
epoch=025 train=0.19912 val=0.29625 basePd=0.9623 basePfa=0.0067 rawPd=0.9623 bgShift=0.901 targetShift=0.000 *
epoch=026 train=0.18040 val=0.26884 basePd=0.9623 basePfa=0.0067 rawPd=0.9623 bgShift=0.968 targetShift=0.000 *
epoch=027 train=0.16425 val=0.24474 basePd=0.9623 basePfa=0.0067 rawPd=0.9623 bgShift=1.035 targetShift=0.000 *
epoch=028 train=0.14967 val=0.22358 basePd=0.9623 basePfa=0.0067 rawPd=0.9623 bgShift=1.107 targetShift=0.000 *
epoch=029 train=0.13683 val=0.20469 basePd=0.9623 basePfa=0.0000 rawPd=0.9623 bgShift=1.174 targetShift=0.000 *
epoch=030 train=0.12571 val=0.18800 basePd=0.9623 basePfa=0.0000 rawPd=0.9623 bgShift=1.242 targetShift=0.000 *

==================================================================================
Best epoch: 30
Selected-threshold v3 test : Pd=0.8750, Pfa=0.0000, AUC=1.0000
Selected-threshold raw test: Pd=0.7917, Pfa=0.0000, AUC=0.9987
Base threshold 0.896973 v3 test : Pd=0.7917, Pfa=0.0000
Base threshold 0.896973 raw test: Pd=0.7917, Pfa=0.0000
Test mean shift: background=1.2502, target=0.0269
Test p(background): background=0.7927, target=0.0300
Validation Pd floor satisfied: True
Score never increased: val=True, test=True
Summary: /home/tobeornot8259748/projects/balloon_radar_project/results/experiments/bc_dpg_v3_ablation_no_shift_regularization_v4_fold06_seed42/tables/summary.json
==================================================================================
==================================================================================
BC-DPG-FCN v3 ablation summary complete
detail    : /home/tobeornot8259748/projects/balloon_radar_project/results/data_audit/bc_dpg_v3_ablation/ablation_detail_formal.csv
aggregate : /home/tobeornot8259748/projects/balloon_radar_project/results/data_audit/bc_dpg_v3_ablation/ablation_aggregate_formal.csv
report    : /home/tobeornot8259748/projects/balloon_radar_project/results/data_audit/bc_dpg_v3_ablation/README_消融结果_formal.md
found     : 54
missing   : 0
==================================================================================

========================================================================================

========================================================================================
Fold=06  Mode=no_background_classification  Smoke=False  ExistingAction=skip_complete
[跳过] 完整结果已存在，智能跳过: /home/tobeornot8259748/projects/balloon_radar_project/results/experiments/bc_dpg_v3_ablation_no_background_classification_v4_fold06_seed42
========================================================================================

========================================================================================
Fold=06  Mode=no_background_tail  Smoke=False  ExistingAction=skip_complete
[跳过] 完整结果已存在，智能跳过: /home/tobeornot8259748/projects/balloon_radar_project/results/experiments/bc_dpg_v3_ablation_no_background_tail_v4_fold06_seed42
========================================================================================

========================================================================================
Fold=06  Mode=no_target_protection  Smoke=False  ExistingAction=skip_complete
[跳过] 完整结果已存在，智能跳过: /home/tobeornot8259748/projects/balloon_radar_project/results/experiments/bc_dpg_v3_ablation_no_target_protection_v4_fold06_seed42
========================================================================================

========================================================================================
Fold=06  Mode=no_target_keep  Smoke=False  ExistingAction=run
/home/tobeornot8259748/miniforge3/envs/radar-torch/bin/python /home/tobeornot8259748/projects/balloon_radar_project/training/train_target_protected_scan_calibrator_ablation.py --name bc_dpg_v3_ablation_no_target_keep_v4_fold06_seed42 --ablation-mode no_target_keep --manifest-path /home/tobeornot8259748/projects/balloon_radar_project/results/data_audit/dataset_v4_multifold/fold_06_manifest.csv --base-checkpoint /home/tobeornot8259748/projects/balloon_radar_project/results/experiments/dpg_fcn_v4_fold06_seed42/checkpoints/best.pt --epochs 30 --batch-size 64 --debug-per-class 0 --seed 42
========================================================================================

========================================================================================
Fold=06  Mode=no_pairwise  Smoke=False  ExistingAction=run
/home/tobeornot8259748/miniforge3/envs/radar-torch/bin/python /home/tobeornot8259748/projects/balloon_radar_project/training/train_target_protected_scan_calibrator_ablation.py --name bc_dpg_v3_ablation_no_pairwise_v4_fold06_seed42 --ablation-mode no_pairwise --manifest-path /home/tobeornot8259748/projects/balloon_radar_project/results/data_audit/dataset_v4_multifold/fold_06_manifest.csv --base-checkpoint /home/tobeornot8259748/projects/balloon_radar_project/results/experiments/dpg_fcn_v4_fold06_seed42/checkpoints/best.pt --epochs 30 --batch-size 64 --debug-per-class 0 --seed 42
========================================================================================

========================================================================================
Fold=06  Mode=no_shift_selectivity  Smoke=False  ExistingAction=run
/home/tobeornot8259748/miniforge3/envs/radar-torch/bin/python /home/tobeornot8259748/projects/balloon_radar_project/training/train_target_protected_scan_calibrator_ablation.py --name bc_dpg_v3_ablation_no_shift_selectivity_v4_fold06_seed42 --ablation-mode no_shift_selectivity --manifest-path /home/tobeornot8259748/projects/balloon_radar_project/results/data_audit/dataset_v4_multifold/fold_06_manifest.csv --base-checkpoint /home/tobeornot8259748/projects/balloon_radar_project/results/experiments/dpg_fcn_v4_fold06_seed42/checkpoints/best.pt --epochs 30 --batch-size 64 --debug-per-class 0 --seed 42
========================================================================================

========================================================================================
Fold=06  Mode=no_shift_regularization  Smoke=False  ExistingAction=run
/home/tobeornot8259748/miniforge3/envs/radar-torch/bin/python /home/tobeornot8259748/projects/balloon_radar_project/training/train_target_protected_scan_calibrator_ablation.py --name bc_dpg_v3_ablation_no_shift_regularization_v4_fold06_seed42 --ablation-mode no_shift_regularization --manifest-path /home/tobeornot8259748/projects/balloon_radar_project/results/data_audit/dataset_v4_multifold/fold_06_manifest.csv --base-checkpoint /home/tobeornot8259748/projects/balloon_radar_project/results/experiments/dpg_fcn_v4_fold06_seed42/checkpoints/best.pt --epochs 30 --batch-size 64 --debug-per-class 0 --seed 42
========================================================================================
