sample_id,source_file,beam_layer,azimuth_deg,distance_m,velocity_mps,mat_path,target_present,raw_score,pred_range_index,pred_velocity_index,true_range_index,true_velocity_index,localization_ok,roi_quality,polarimetric_confidence
20260204_100739_beam1_az001,20260204_100739,1,1.0,,,/home/tobeornot8259748/projects/balloon_radar_project/data/raw/detection_dataset/test/Background_IQ/IQ_Data/20260204_100739_beam1_az001.mat,0,0.37812677,34,69,-1,-1,False,0.7838171,0.23002347
20260204_100739_beam1_az010,20260204_100739,1,10.0,,,/home/tobeornot8259748/projects/balloon_radar_project/data/raw/detection_dataset/train/Background_IQ/IQ_Data/20260204_100739_beam1_az010.mat,0,0.7349128,65,65,-1,-1,False,0.74475247,0.1791701
20260204_100739_beam1_az019,20260204_100739,1,19.0,,,/home/tobeornot8259748/projects/balloon_radar_project/data/raw/detection_dataset/val/Background_IQ/IQ_Data/20260204_100739_beam1_az019.mat,0,0.29984897,72,67,-1,-1,False,0.7859203,0.06761767
20260204_100739_beam1_az028,20260204_100739,1,28.0,,,/home/tobeornot8259748/projects/balloon_radar_project/data/raw/detection_dataset/test/Background_IQ/IQ_Data/20260204_100739_beam1_az028.mat,0,0.6834348,51,61,-1,-1,False,0.76377535,0.19316903
20260204_100739_beam1_az037,20260204_100739,1,37.0,,,/home/tobeornot8259748/projects/balloon_radar_project/data/raw/detection_dataset/train/Background_IQ/IQ_Data/20260204_100739_beam1_az037.mat,0,0.78371984,62,63,-1,-1,False,0.6892298,0.22357187
20260204_100739_beam1_az046,20260204_100739,1,46.0,,,/home/tobeornot8259748/projects/balloon_radar_project/data/raw/detection_dataset/train/Background_IQ/IQ_Data/20260204_100739_beam1_az046.mat,0,0.8054334,73,66,-1,-1,False,0.7817828,0.10309056
20260204_100739_beam1_az055,20260204_100739,1,55.0,,,/home/tobeornot8259748/projects/balloon_radar_project/data/raw/detection_dataset/train/Background_IQ/IQ_Data/20260204_100739_beam1_az055.mat,0,0.68059945,39,66,-1,-1,False,0.7401236,0.5097451
20260204_100739_beam1_az064,20260204_100739,1,64.0,,,/home/tobeornot8259748/projects/balloon_radar_project/data/raw/detection_dataset/val/Background_IQ/IQ_Data/20260204_100739_beam1_az064.mat,0,0.43552297,32,59,-1,-1,False,0.8260929,0.21336153
20260204_100739_beam1_az073,20260204_100739,1,73.0,,,/home/tobeornot8259748/projects/balloon_radar_project/data/raw/detection_dataset/train/Background_IQ/IQ_Data/20260204_100739_beam1_az073.mat,0,0.8330007,50,61,-1,-1,False,0.767391,0.22638702
20260204_100739_beam1_az082,20260204_100739,1,82.0,,,/home/tobeornot8259748/projects/balloon_radar_project/data/raw/detection_dataset/train/Background_IQ/IQ_Data/20260204_100739_beam1_az082.mat,0,0.65529376,52,60,-1,-1,False,0.7252265,0.112545386
20260204_100739_beam1_az091,20260204_100739,1,91.0,,,/home/tobeornot8259748/projects/balloon_radar_project/data/raw/detection_dataset/train/Background_IQ/IQ_Data/20260204_100739_beam1_az091.mat,0,0.5174916,33,67,-1,-1,False,0.8077869,0.17921093
20260204_100739_beam1_az100,20260204_100739,1,100.0,,,/home/tobeornot8259748/projects/balloon_radar_project/data/raw/detection_dataset/test/Background_IQ/IQ_Data/20260204_100739_beam1_az100.mat,0,0.6715924,32,65,-1,-1,False,0.71014726,0.44204977
20260204_100739_beam1_az109,20260204_100739,1,109.0,,,/home/tobeornot8259748/projects/balloon_radar_project/data/raw/detection_dataset/train/Background_IQ/IQ_Data/20260204_100739_beam1_az109.mat,0,0.5942657,38,58,-1,-1,False,0.7873066,0.23732023
20260204_100739_beam1_az118,20260204_100739,1,118.0,,,/home/tobeornot8259748/projects/balloon_radar_project/data/raw/detection_dataset/train/Background_IQ/IQ_Data/20260204_100739_beam1_az118.mat,0,0.58701515,43,66,-1,-1,False,0.79996014,0.35585913
20260204_100739_beam1_az127,20260204_100739,1,127.0,,,/home/tobeornot8259748/projects/balloon_radar_project/data/raw/detection_dataset/train/Background_IQ/IQ_Data/20260204_100739_beam1_az127.mat,0,0.41587377,32,68,-1,-1,False,0.7617574,0.1540672
20260204_100739_beam1_az136,20260204_100739,1,136.0,,,/home/tobeornot8259748/projects/balloon_radar_project/data/raw/detection_dataset/val/Background_IQ/IQ_Data/20260204_100739_beam1_az136.mat,0,0.32037514,47,59,-1,-1,False,0.82389736,0.07363537
20260204_100739_beam1_az145,20260204_100739,1,145.0,,,/home/tobeornot8259748/projects/balloon_radar_project/data/raw/detection_dataset/train/Background_IQ/IQ_Data/20260204_100739_beam1_az145.mat,0,0.4153467,76,68,-1,-1,False,0.7437573,0.19084476
20260204_100739_beam1_az154,20260204_100739,1,154.0,,,/home/tobeornot8259748/projects/balloon_radar_project/data/raw/detection_dataset/train/Background_IQ/IQ_Data/20260204_100739_beam1_az154.mat,0,0.7540754,71,65,-1,-1,False,0.7487783,0.26941666
20260204_100739_beam1_az163,20260204_100739,1,163.0,,,/home/tobeornot8259748/projects/balloon_radar_project/data/raw/detection_dataset/train/Background_IQ/IQ_Data/20260204_100739_beam1_az163.mat,0,0.60280585,43,68,-1,-1,False,0.73977685,0.20139183
20260204_100739_beam1_az172,20260204_100739,1,172.0,,,/home/tobeornot8259748/projects/balloon_radar_project/data/raw/detection_dataset/test/Background_IQ/IQ_Data/20260204_100739_beam1_az172.mat,0,0.80372137,40,62,-1,-1,False,0.78424525,0.37756336
20260204_100739_beam1_az181,20260204_100739,1,181.0,,,/home/tobeornot8259748/projects/balloon_radar_project/data/raw/detection_dataset/train/Background_IQ/IQ_Data/20260204_100739_beam1_az181.mat,0,0.54352003,64,63,-1,-1,False,0.7506829,0.37256446
20260204_100739_beam1_az190,20260204_100739,1,190.0,,,/home/tobeornot8259748/projects/balloon_radar_project/data/raw/detection_dataset/val/Background_IQ/IQ_Data/20260204_100739_beam1_az190.mat,0,0.73360467,73,65,-1,-1,False,0.72142243,0.13744484
20260204_100739_beam1_az199,20260204_100739,1,199.0,,,/home/tobeornot8259748/projects/balloon_radar_project/data/raw/detection_dataset/train/Background_IQ/IQ_Data/20260204_100739_beam1_az199.mat,0,0.9016247,67,66,-1,-1,False,0.76462483,0.21146174
20260204_100739_beam1_az208,20260204_100739,1,208.0,,,/home/tobeornot8259748/projects/balloon_radar_project/data/raw/detection_dataset/train/Background_IQ/IQ_Data/20260204_100739_beam1_az208.mat,0,0.8147513,12,63,-1,-1,False,0.6437573,0.57699984
20260204_100739_beam1_az217,20260204_100739,1,217.0,,,/home/tobeornot8259748/projects/balloon_radar_project/data/raw/detection_dataset/train/Background_IQ/IQ_Data/20260204_100739_beam1_az217.mat,0,0.5265836,72,69,-1,-1,False,0.68340534,0.16543147
20260204_100739_beam1_az226,20260204_100739,1,226.0,,,/home/tobeornot8259748/projects/balloon_radar_project/data/raw/detection_dataset/train/Background_IQ/IQ_Data/20260204_100739_beam1_az226.mat,0,0.7531394,45,61,-1,-1,False,0.7444705,0.31109405
20260204_100739_beam1_az235,20260204_100739,1,235.0,,,/home/tobeornot8259748/projects/balloon_radar_project/data/raw/detection_dataset/train/Background_IQ/IQ_Data/20260204_100739_beam1_az235.mat,0,0.35051087,49,67,-1,-1,False,0.758858,0.05248778
20260204_100739_beam1_az244,20260204_100739,1,244.0,,,/home/tobeornot8259748/projects/balloon_radar_project/data/raw/detection_dataset/train/Background_IQ/IQ_Data/20260204_100739_beam1_az244.mat,0,0.96087843,38,43,-1,-1,False,0.7027199,0.24957126
20260204_100739_beam1_az253,20260204_100739,1,253.0,,,/home/tobeornot8259748/projects/balloon_radar_project/data/raw/detection_dataset/train/Background_IQ/IQ_Data/20260204_100739_beam1_az253.mat,0,0.6131136,55,60,-1,-1,False,0.6997754,0.36740986
20260204_100739_beam1_az262,20260204_100739,1,262.0,,,/home/tobeornot8259748/projects/balloon_radar_project/data/raw/detection_dataset/train/Background_IQ/IQ_Data/20260204_100739_beam1_az262.mat,0,0.6105452,60,61,-1,-1,False,0.6496809,0.21041061
20260204_100739_beam2_az001,20260204_100739,2,1.0,,,/home/tobeornot8259748/projects/balloon_radar_project/data/raw/detection_dataset/train/Background_IQ/IQ_Data/20260204_100739_beam2_az001.mat,0,0.53862417,68,65,-1,-1,False,0.7767678,0.08627629
20260204_100739_beam2_az010,20260204_100739,2,10.0,,,/home/tobeornot8259748/projects/balloon_radar_project/data/raw/detection_dataset/train/Background_IQ/IQ_Data/20260204_100739_beam2_az010.mat,0,0.56081146,57,67,-1,-1,False,0.71951586,0.24168147
20260204_100739_beam2_az019,20260204_100739,2,19.0,,,/home/tobeornot8259748/projects/balloon_radar_project/data/raw/detection_dataset/test/Background_IQ/IQ_Data/20260204_100739_beam2_az019.mat,0,0.5548542,62,67,-1,-1,False,0.8026584,0.072271846
20260204_100739_beam2_az028,20260204_100739,2,28.0,,,/home/tobeornot8259748/projects/balloon_radar_project/data/raw/detection_dataset/train/Background_IQ/IQ_Data/20260204_100739_beam2_az028.mat,0,0.760138,51,61,-1,-1,False,0.74500173,0.23019122
20260204_100739_beam2_az037,20260204_100739,2,37.0,,,/home/tobeornot8259748/projects/balloon_radar_project/data/raw/detection_dataset/train/Background_IQ/IQ_Data/20260204_100739_beam2_az037.mat,0,0.8421465,72,63,-1,-1,False,0.695671,0.23638338
20260204_100739_beam2_az046,20260204_100739,2,46.0,,,/home/tobeornot8259748/projects/balloon_radar_project/data/raw/detection_dataset/train/Background_IQ/IQ_Data/20260204_100739_beam2_az046.mat,0,0.2130488,72,66,-1,-1,False,0.7601003,0.09127278
20260204_100739_beam2_az055,20260204_100739,2,55.0,,,/home/tobeornot8259748/projects/balloon_radar_project/data/raw/detection_dataset/train/Background_IQ/IQ_Data/20260204_100739_beam2_az055.mat,0,0.8660811,35,66,-1,-1,False,0.7563821,0.41265142
20260204_100739_beam2_az064,20260204_100739,2,64.0,,,/home/tobeornot8259748/projects/balloon_radar_project/data/raw/detection_dataset/train/Background_IQ/IQ_Data/20260204_100739_beam2_az064.mat,0,0.40314418,56,60,-1,-1,False,0.8025641,0.060899418
20260204_100739_beam2_az073,20260204_100739,2,73.0,,,/home/tobeornot8259748/projects/balloon_radar_project/data/raw/detection_dataset/train/Background_IQ/IQ_Data/20260204_100739_beam2_az073.mat,0,0.7759616,72,61,-1,-1,False,0.7723313,0.15233171
20260204_100739_beam2_az082,20260204_100739,2,82.0,,,/home/tobeornot8259748/projects/balloon_radar_project/data/raw/detection_dataset/train/Background_IQ/IQ_Data/20260204_100739_beam2_az082.mat,0,0.65045214,52,61,-1,-1,False,0.6794674,0.16295248
20260204_100739_beam2_az091,20260204_100739,2,91.0,,,/home/tobeornot8259748/projects/balloon_radar_project/data/raw/detection_dataset/train/Background_IQ/IQ_Data/20260204_100739_beam2_az091.mat,0,0.30127284,31,67,-1,-1,False,0.8276882,0.09184232
20260204_100739_beam2_az100,20260204_100739,2,100.0,,,/home/tobeornot8259748/projects/balloon_radar_project/data/raw/detection_dataset/train/Background_IQ/IQ_Data/20260204_100739_beam2_az100.mat,0,0.65304404,76,61,-1,-1,False,0.6528363,0.33208758
20260204_100739_beam2_az109,20260204_100739,2,109.0,,,/home/tobeornot8259748/projects/balloon_radar_project/data/raw/detection_dataset/train/Background_IQ/IQ_Data/20260204_100739_beam2_az109.mat,0,0.31178033,75,67,-1,-1,False,0.78954023,0.057242256
20260204_100739_beam2_az118,20260204_100739,2,118.0,,,/home/tobeornot8259748/projects/balloon_radar_project/data/raw/detection_dataset/train/Background_IQ/IQ_Data/20260204_100739_beam2_az118.mat,0,0.5056223,47,60,-1,-1,False,0.7389259,0.40557083
20260204_100739_beam2_az127,20260204_100739,2,127.0,,,/home/tobeornot8259748/projects/balloon_radar_project/data/raw/detection_dataset/train/Background_IQ/IQ_Data/20260204_100739_beam2_az127.mat,0,0.29709303,97,61,-1,-1,False,0.38780177,0.050627
20260204_100739_beam2_az136,20260204_100739,2,136.0,,,/home/tobeornot8259748/projects/balloon_radar_project/data/raw/detection_dataset/train/Background_IQ/IQ_Data/20260204_100739_beam2_az136.mat,0,0.6217425,39,61,-1,-1,False,0.80331403,0.2064297
20260204_100739_beam2_az145,20260204_100739,2,145.0,,,/home/tobeornot8259748/projects/balloon_radar_project/data/raw/detection_dataset/train/Background_IQ/IQ_Data/20260204_100739_beam2_az145.mat,0,0.43672007,97,61,-1,-1,False,0.38673276,0.08374086
20260204_100739_beam2_az154,20260204_100739,2,154.0,,,/home/tobeornot8259748/projects/balloon_radar_project/data/raw/detection_dataset/train/Background_IQ/IQ_Data/20260204_100739_beam2_az154.mat,0,0.92783797,51,66,-1,-1,False,0.73954993,0.3169727
20260204_100739_beam2_az163,20260204_100739,2,163.0,,,/home/tobeornot8259748/projects/balloon_radar_project/data/raw/detection_dataset/test/Background_IQ/IQ_Data/20260204_100739_beam2_az163.mat,0,0.97519875,44,64,-1,-1,False,0.73416686,0.2723282
20260204_100739_beam2_az172,20260204_100739,2,172.0,,,/home/tobeornot8259748/projects/balloon_radar_project/data/raw/detection_dataset/train/Background_IQ/IQ_Data/20260204_100739_beam2_az172.mat,0,0.6741535,57,61,-1,-1,False,0.7371616,0.19235487
20260204_100739_beam2_az181,20260204_100739,2,181.0,,,/home/tobeornot8259748/projects/balloon_radar_project/data/raw/detection_dataset/train/Background_IQ/IQ_Data/20260204_100739_beam2_az181.mat,0,0.6160726,64,63,-1,-1,False,0.7443945,0.3878417
20260204_100739_beam2_az190,20260204_100739,2,190.0,,,/home/tobeornot8259748/projects/balloon_radar_project/data/raw/detection_dataset/val/Background_IQ/IQ_Data/20260204_100739_beam2_az190.mat,0,0.73278403,67,66,-1,-1,False,0.7163799,0.2105901
20260204_100739_beam2_az199,20260204_100739,2,199.0,,,/home/tobeornot8259748/projects/balloon_radar_project/data/raw/detection_dataset/train/Background_IQ/IQ_Data/20260204_100739_beam2_az199.mat,0,0.78240126,45,61,-1,-1,False,0.79024374,0.41470063
20260204_100739_beam2_az208,20260204_100739,2,208.0,,,/home/tobeornot8259748/projects/balloon_radar_project/data/raw/detection_dataset/train/Background_IQ/IQ_Data/20260204_100739_beam2_az208.mat,0,0.88318837,53,63,-1,-1,False,0.63481086,0.36361277
20260204_100739_beam2_az217,20260204_100739,2,217.0,,,/home/tobeornot8259748/projects/balloon_radar_project/data/raw/detection_dataset/train/Background_IQ/IQ_Data/20260204_100739_beam2_az217.mat,0,0.5436953,71,67,-1,-1,False,0.7506738,0.2474056
20260204_100739_beam2_az226,20260204_100739,2,226.0,,,/home/tobeornot8259748/projects/balloon_radar_project/data/raw/detection_dataset/val/Background_IQ/IQ_Data/20260204_100739_beam2_az226.mat,0,0.54582685,71,68,-1,-1,False,0.6739593,0.1924411
20260204_100739_beam2_az235,20260204_100739,2,235.0,,,/home/tobeornot8259748/projects/balloon_radar_project/data/raw/detection_dataset/train/Background_IQ/IQ_Data/20260204_100739_beam2_az235.mat,0,0.25820655,48,67,-1,-1,False,0.7826654,0.036551103
20260204_100739_beam2_az244,20260204_100739,2,244.0,,,/home/tobeornot8259748/projects/balloon_radar_project/data/raw/detection_dataset/test/Background_IQ/IQ_Data/20260204_100739_beam2_az244.mat,0,0.93413967,39,43,-1,-1,False,0.690999,0.25489098
20260204_100739_beam2_az253,20260204_100739,2,253.0,,,/home/tobeornot8259748/projects/balloon_radar_project/data/raw/detection_dataset/val/Background_IQ/IQ_Data/20260204_100739_beam2_az253.mat,0,0.9549665,63,64,-1,-1,False,0.6943129,0.37587246
20260204_100739_beam2_az262,20260204_100739,2,262.0,,,/home/tobeornot8259748/projects/balloon_radar_project/data/raw/detection_dataset/test/Background_IQ/IQ_Data/20260204_100739_beam2_az262.mat,0,0.40090454,60,61,-1,-1,False,0.65437716,0.23765847
20260204_100739_beam3_az001,20260204_100739,3,1.0,,,/home/tobeornot8259748/projects/balloon_radar_project/data/raw/detection_dataset/val/Background_IQ/IQ_Data/20260204_100739_beam3_az001.mat,0,0.46369213,51,61,-1,-1,False,0.794845,0.08065845
20260204_100739_beam3_az010,20260204_100739,3,10.0,,,/home/tobeornot8259748/projects/balloon_radar_project/data/raw/detection_dataset/train/Background_IQ/IQ_Data/20260204_100739_beam3_az010.mat,0,0.6288761,39,68,-1,-1,False,0.7563004,0.44719803
20260204_100739_beam3_az019,20260204_100739,3,19.0,,,/home/tobeornot8259748/projects/balloon_radar_project/data/raw/detection_dataset/val/Background_IQ/IQ_Data/20260204_100739_beam3_az019.mat,0,0.6585231,62,67,-1,-1,False,0.8083259,0.06916605
20260204_100739_beam3_az028,20260204_100739,3,28.0,,,/home/tobeornot8259748/projects/balloon_radar_project/data/raw/detection_dataset/train/Background_IQ/IQ_Data/20260204_100739_beam3_az028.mat,0,0.78980714,50,62,-1,-1,False,0.7344686,0.28073838
20260204_100739_beam3_az037,20260204_100739,3,37.0,,,/home/tobeornot8259748/projects/balloon_radar_project/data/raw/detection_dataset/train/Background_IQ/IQ_Data/20260204_100739_beam3_az037.mat,0,0.56545395,73,67,-1,-1,False,0.7268125,0.13531865
20260204_100739_beam3_az046,20260204_100739,3,46.0,,,/home/tobeornot8259748/projects/balloon_radar_project/data/raw/detection_dataset/test/Background_IQ/IQ_Data/20260204_100739_beam3_az046.mat,0,0.80205643,72,61,-1,-1,False,0.74150115,0.14586177
20260204_100739_beam3_az055,20260204_100739,3,55.0,,,/home/tobeornot8259748/projects/balloon_radar_project/data/raw/detection_dataset/train/Background_IQ/IQ_Data/20260204_100739_beam3_az055.mat,0,0.76667136,73,63,-1,-1,False,0.7718324,0.20898661
20260204_100739_beam3_az064,20260204_100739,3,64.0,,,/home/tobeornot8259748/projects/balloon_radar_project/data/raw/detection_dataset/test/Background_IQ/IQ_Data/20260204_100739_beam3_az064.mat,0,0.6501657,65,66,-1,-1,False,0.7728526,0.12742968
20260204_100739_beam3_az073,20260204_100739,3,73.0,,,/home/tobeornot8259748/projects/balloon_radar_project/data/raw/detection_dataset/train/Background_IQ/IQ_Data/20260204_100739_beam3_az073.mat,0,0.5741064,59,65,-1,-1,False,0.778185,0.08577117
20260204_100739_beam3_az082,20260204_100739,3,82.0,,,/home/tobeornot8259748/projects/balloon_radar_project/data/raw/detection_dataset/val/Background_IQ/IQ_Data/20260204_100739_beam3_az082.mat,0,0.54986167,49,60,-1,-1,False,0.68078136,0.22265026
20260204_100739_beam3_az091,20260204_100739,3,91.0,,,/home/tobeornot8259748/projects/balloon_radar_project/data/raw/detection_dataset/val/Background_IQ/IQ_Data/20260204_100739_beam3_az091.mat,0,0.35239828,75,61,-1,-1,False,0.81001705,0.070026666
20260204_100739_beam3_az100,20260204_100739,3,100.0,,,/home/tobeornot8259748/projects/balloon_radar_project/data/raw/detection_dataset/train/Background_IQ/IQ_Data/20260204_100739_beam3_az100.mat,0,0.61842734,62,61,-1,-1,False,0.643822,0.28624466
20260204_100739_beam3_az109,20260204_100739,3,109.0,,,/home/tobeornot8259748/projects/balloon_radar_project/data/raw/detection_dataset/val/Background_IQ/IQ_Data/20260204_100739_beam3_az109.mat,0,0.373903,51,69,-1,-1,False,0.7824545,0.10378065
20260204_100739_beam3_az118,20260204_100739,3,118.0,,,/home/tobeornot8259748/projects/balloon_radar_project/data/raw/detection_dataset/test/Background_IQ/IQ_Data/20260204_100739_beam3_az118.mat,0,0.73929244,41,60,-1,-1,False,0.72134197,0.43562737
20260204_100739_beam3_az127,20260204_100739,3,127.0,,,/home/tobeornot8259748/projects/balloon_radar_project/data/raw/detection_dataset/train/Background_IQ/IQ_Data/20260204_100739_beam3_az127.mat,0,0.37515748,40,59,-1,-1,False,0.78454775,0.28509852
20260204_100739_beam3_az136,20260204_100739,3,136.0,,,/home/tobeornot8259748/projects/balloon_radar_project/data/raw/detection_dataset/train/Background_IQ/IQ_Data/20260204_100739_beam3_az136.mat,0,0.7760494,59,61,-1,-1,False,0.763171,0.17223659
20260204_100739_beam3_az145,20260204_100739,3,145.0,,,/home/tobeornot8259748/projects/balloon_radar_project/data/raw/detection_dataset/train/Background_IQ/IQ_Data/20260204_100739_beam3_az145.mat,0,0.44081134,5,64,-1,-1,False,0.728901,0.5637341
20260204_100739_beam3_az154,20260204_100739,3,154.0,,,/home/tobeornot8259748/projects/balloon_radar_project/data/raw/detection_dataset/val/Background_IQ/IQ_Data/20260204_100739_beam3_az154.mat,0,0.9176443,51,65,-1,-1,False,0.7327004,0.4069868
20260204_100739_beam3_az163,20260204_100739,3,163.0,,,/home/tobeornot8259748/projects/balloon_radar_project/data/raw/detection_dataset/train/Background_IQ/IQ_Data/20260204_100739_beam3_az163.mat,0,0.6007849,52,67,-1,-1,False,0.74578243,0.19284552
20260204_100739_beam3_az172,20260204_100739,3,172.0,,,/home/tobeornot8259748/projects/balloon_radar_project/data/raw/detection_dataset/train/Background_IQ/IQ_Data/20260204_100739_beam3_az172.mat,0,0.8975778,54,65,-1,-1,False,0.71713364,0.3041161
20260204_100739_beam3_az181,20260204_100739,3,181.0,,,/home/tobeornot8259748/projects/balloon_radar_project/data/raw/detection_dataset/val/Background_IQ/IQ_Data/20260204_100739_beam3_az181.mat,0,0.44922677,38,62,-1,-1,False,0.7617731,0.3192696
20260204_100739_beam3_az190,20260204_100739,3,190.0,,,/home/tobeornot8259748/projects/balloon_radar_project/data/raw/detection_dataset/train/Background_IQ/IQ_Data/20260204_100739_beam3_az190.mat,0,0.81804156,67,66,-1,-1,False,0.7040185,0.27312738
20260204_100739_beam3_az199,20260204_100739,3,199.0,,,/home/tobeornot8259748/projects/balloon_radar_project/data/raw/detection_dataset/train/Background_IQ/IQ_Data/20260204_100739_beam3_az199.mat,0,0.87944114,66,65,-1,-1,False,0.7722517,0.13563198
20260204_100739_beam3_az208,20260204_100739,3,208.0,,,/home/tobeornot8259748/projects/balloon_radar_project/data/raw/detection_dataset/train/Background_IQ/IQ_Data/20260204_100739_beam3_az208.mat,0,0.8895989,53,63,-1,-1,False,0.631545,0.3754875
20260204_100739_beam3_az217,20260204_100739,3,217.0,,,/home/tobeornot8259748/projects/balloon_radar_project/data/raw/detection_dataset/train/Background_IQ/IQ_Data/20260204_100739_beam3_az217.mat,0,0.7066547,69,66,-1,-1,False,0.77247095,0.19949175
20260204_100739_beam3_az226,20260204_100739,3,226.0,,,/home/tobeornot8259748/projects/balloon_radar_project/data/raw/detection_dataset/train/Background_IQ/IQ_Data/20260204_100739_beam3_az226.mat,0,0.629071,46,60,-1,-1,False,0.68021214,0.2958747
20260204_100739_beam3_az235,20260204_100739,3,235.0,,,/home/tobeornot8259748/projects/balloon_radar_project/data/raw/detection_dataset/train/Background_IQ/IQ_Data/20260204_100739_beam3_az235.mat,0,0.46087322,43,67,-1,-1,False,0.7997939,0.06404876
20260204_100739_beam3_az244,20260204_100739,3,244.0,,,/home/tobeornot8259748/projects/balloon_radar_project/data/raw/detection_dataset/val/Background_IQ/IQ_Data/20260204_100739_beam3_az244.mat,0,0.8886567,38,42,-1,-1,False,0.69164205,0.22516139
20260204_100739_beam3_az253,20260204_100739,3,253.0,,,/home/tobeornot8259748/projects/balloon_radar_project/data/raw/detection_dataset/train/Background_IQ/IQ_Data/20260204_100739_beam3_az253.mat,0,0.82179743,44,63,-1,-1,False,0.7211869,0.53665423
20260204_100739_beam3_az262,20260204_100739,3,262.0,,,/home/tobeornot8259748/projects/balloon_radar_project/data/raw/detection_dataset/train/Background_IQ/IQ_Data/20260204_100739_beam3_az262.mat,0,0.25728592,67,59,-1,-1,False,0.56156665,0.13263582
20260204_100739_beam4_az001,20260204_100739,4,1.0,,,/home/tobeornot8259748/projects/balloon_radar_project/data/raw/detection_dataset/train/Background_IQ/IQ_Data/20260204_100739_beam4_az001.mat,0,0.76928806,40,62,-1,-1,False,0.8408521,0.2715325
20260204_100739_beam4_az010,20260204_100739,4,10.0,,,/home/tobeornot8259748/projects/balloon_radar_project/data/raw/detection_dataset/train/Background_IQ/IQ_Data/20260204_100739_beam4_az010.mat,0,0.8016938,51,61,-1,-1,False,0.7225982,0.22910841
20260204_100739_beam4_az019,20260204_100739,4,19.0,,,/home/tobeornot8259748/projects/balloon_radar_project/data/raw/detection_dataset/train/Background_IQ/IQ_Data/20260204_100739_beam4_az019.mat,0,0.43532798,54,60,-1,-1,False,0.8287949,0.035668533
20260204_100739_beam4_az028,20260204_100739,4,28.0,,,/home/tobeornot8259748/projects/balloon_radar_project/data/raw/detection_dataset/test/Background_IQ/IQ_Data/20260204_100739_beam4_az028.mat,0,0.5579773,50,62,-1,-1,False,0.74085313,0.28681234
20260204_100739_beam4_az037,20260204_100739,4,37.0,,,/home/tobeornot8259748/projects/balloon_radar_project/data/raw/detection_dataset/train/Background_IQ/IQ_Data/20260204_100739_beam4_az037.mat,0,0.82491595,69,65,-1,-1,False,0.7743678,0.10267655
20260204_100739_beam4_az046,20260204_100739,4,46.0,,,/home/tobeornot8259748/projects/balloon_radar_project/data/raw/detection_dataset/val/Background_IQ/IQ_Data/20260204_100739_beam4_az046.mat,0,0.76146775,62,61,-1,-1,False,0.7239443,0.17834234
20260204_100739_beam4_az055,20260204_100739,4,55.0,,,/home/tobeornot8259748/projects/balloon_radar_project/data/raw/detection_dataset/val/Background_IQ/IQ_Data/20260204_100739_beam4_az055.mat,0,0.6972311,73,61,-1,-1,False,0.8235185,0.12888512
20260204_100739_beam4_az064,20260204_100739,4,64.0,,,/home/tobeornot8259748/projects/balloon_radar_project/data/raw/detection_dataset/train/Background_IQ/IQ_Data/20260204_100739_beam4_az064.mat,0,0.71190494,59,60,-1,-1,False,0.7506816,0.25191125
20260204_100739_beam4_az073,20260204_100739,4,73.0,,,/home/tobeornot8259748/projects/balloon_radar_project/data/raw/detection_dataset/train/Background_IQ/IQ_Data/20260204_100739_beam4_az073.mat,0,0.7664313,52,65,-1,-1,False,0.81743544,0.08488195
20260204_100739_beam4_az082,20260204_100739,4,82.0,,,/home/tobeornot8259748/projects/balloon_radar_project/data/raw/detection_dataset/val/Background_IQ/IQ_Data/20260204_100739_beam4_az082.mat,0,0.7663784,72,63,-1,-1,False,0.69932944,0.35488725
20260204_100739_beam4_az091,20260204_100739,4,91.0,,,/home/tobeornot8259748/projects/balloon_radar_project/data/raw/detection_dataset/val/Background_IQ/IQ_Data/20260204_100739_beam4_az091.mat,0,0.33528188,33,69,-1,-1,False,0.81176126,0.09595048
20260204_100739_beam4_az100,20260204_100739,4,100.0,,,/home/tobeornot8259748/projects/balloon_radar_project/data/raw/detection_dataset/train/Background_IQ/IQ_Data/20260204_100739_beam4_az100.mat,0,0.49308172,67,68,-1,-1,False,0.62057316,0.18833813
20260204_100739_beam4_az109,20260204_100739,4,109.0,,,/home/tobeornot8259748/projects/balloon_radar_project/data/raw/detection_dataset/train/Background_IQ/IQ_Data/20260204_100739_beam4_az109.mat,0,0.20372392,55,67,-1,-1,False,0.791347,0.06684934
20260204_100739_beam4_az118,20260204_100739,4,118.0,,,/home/tobeornot8259748/projects/balloon_radar_project/data/raw/detection_dataset/train/Background_IQ/IQ_Data/20260204_100739_beam4_az118.mat,0,0.820761,41,65,-1,-1,False,0.750829,0.61007303
20260204_100739_beam4_az127,20260204_100739,4,127.0,,,/home/tobeornot8259748/projects/balloon_radar_project/data/raw/detection_dataset/train/Background_IQ/IQ_Data/20260204_100739_beam4_az127.mat,0,0.54564464,40,59,-1,-1,False,0.80436337,0.292451
20260204_100739_beam4_az136,20260204_100739,4,136.0,,,/home/tobeornot8259748/projects/balloon_radar_project/data/raw/detection_dataset/train/Background_IQ/IQ_Data/20260204_100739_beam4_az136.mat,0,0.814866,59,61,-1,-1,False,0.7583985,0.23259157
20260204_100739_beam4_az145,20260204_100739,4,145.0,,,/home/tobeornot8259748/projects/balloon_radar_project/data/raw/detection_dataset/train/Background_IQ/IQ_Data/20260204_100739_beam4_az145.mat,0,0.42410305,76,67,-1,-1,False,0.8192625,0.08652433
20260204_100739_beam4_az154,20260204_100739,4,154.0,,,/home/tobeornot8259748/projects/balloon_radar_project/data/raw/detection_dataset/train/Background_IQ/IQ_Data/20260204_100739_beam4_az154.mat,0,0.7978994,41,61,-1,-1,False,0.7087894,0.34600317
20260204_100739_beam4_az163,20260204_100739,4,163.0,,,/home/tobeornot8259748/projects/balloon_radar_project/data/raw/detection_dataset/test/Background_IQ/IQ_Data/20260204_100739_beam4_az163.mat,0,0.6881401,68,62,-1,-1,False,0.7627511,0.47460422
20260204_100739_beam4_az172,20260204_100739,4,172.0,,,/home/tobeornot8259748/projects/balloon_radar_project/data/raw/detection_dataset/train/Background_IQ/IQ_Data/20260204_100739_beam4_az172.mat,0,0.8693722,37,65,-1,-1,False,0.71314454,0.44610533
20260204_100739_beam4_az181,20260204_100739,4,181.0,,,/home/tobeornot8259748/projects/balloon_radar_project/data/raw/detection_dataset/train/Background_IQ/IQ_Data/20260204_100739_beam4_az181.mat,0,0.35524932,38,61,-1,-1,False,0.7655718,0.25121388
20260204_100739_beam4_az190,20260204_100739,4,190.0,,,/home/tobeornot8259748/projects/balloon_radar_project/data/raw/detection_dataset/val/Background_IQ/IQ_Data/20260204_100739_beam4_az190.mat,0,0.89671457,39,62,-1,-1,False,0.7336703,0.41956604
20260204_100739_beam4_az199,20260204_100739,4,199.0,,,/home/tobeornot8259748/projects/balloon_radar_project/data/raw/detection_dataset/test/Background_IQ/IQ_Data/20260204_100739_beam4_az199.mat,0,0.7137417,41,61,-1,-1,False,0.79561883,0.29260498
20260204_100739_beam4_az208,20260204_100739,4,208.0,,,/home/tobeornot8259748/projects/balloon_radar_project/data/raw/detection_dataset/train/Background_IQ/IQ_Data/20260204_100739_beam4_az208.mat,0,0.8401974,53,63,-1,-1,False,0.63717717,0.3696394
20260204_100739_beam4_az217,20260204_100739,4,217.0,,,/home/tobeornot8259748/projects/balloon_radar_project/data/raw/detection_dataset/test/Background_IQ/IQ_Data/20260204_100739_beam4_az217.mat,0,0.88021153,69,65,-1,-1,False,0.771471,0.19360049
20260204_100739_beam4_az226,20260204_100739,4,226.0,,,/home/tobeornot8259748/projects/balloon_radar_project/data/raw/detection_dataset/train/Background_IQ/IQ_Data/20260204_100739_beam4_az226.mat,0,0.5995546,47,61,-1,-1,False,0.6816298,0.33202073
20260204_100739_beam4_az235,20260204_100739,4,235.0,,,/home/tobeornot8259748/projects/balloon_radar_project/data/raw/detection_dataset/train/Background_IQ/IQ_Data/20260204_100739_beam4_az235.mat,0,0.5712113,43,66,-1,-1,False,0.83321583,0.068900645
20260204_100739_beam4_az244,20260204_100739,4,244.0,,,/home/tobeornot8259748/projects/balloon_radar_project/data/raw/detection_dataset/test/Background_IQ/IQ_Data/20260204_100739_beam4_az244.mat,0,0.8329243,59,65,-1,-1,False,0.6885481,0.2810419
20260204_100739_beam4_az253,20260204_100739,4,253.0,,,/home/tobeornot8259748/projects/balloon_radar_project/data/raw/detection_dataset/train/Background_IQ/IQ_Data/20260204_100739_beam4_az253.mat,0,0.82394874,63,66,-1,-1,False,0.71103716,0.38708952
20260204_100739_beam4_az262,20260204_100739,4,262.0,,,/home/tobeornot8259748/projects/balloon_radar_project/data/raw/detection_dataset/train/Background_IQ/IQ_Data/20260204_100739_beam4_az262.mat,0,0.5560335,67,61,-1,-1,False,0.6228139,0.20232661
20260204_100739_beam5_az001,20260204_100739,5,1.0,,,/home/tobeornot8259748/projects/balloon_radar_project/data/raw/detection_dataset/train/Background_IQ/IQ_Data/20260204_100739_beam5_az001.mat,0,0.43153337,42,59,-1,-1,False,0.86002946,0.2204519
20260204_100739_beam5_az010,20260204_100739,5,10.0,,,/home/tobeornot8259748/projects/balloon_radar_project/data/raw/detection_dataset/train/Background_IQ/IQ_Data/20260204_100739_beam5_az010.mat,0,0.90976435,52,65,-1,-1,False,0.7221685,0.21180937
20260204_100739_beam5_az019,20260204_100739,5,19.0,,,/home/tobeornot8259748/projects/balloon_radar_project/data/raw/detection_dataset/train/Background_IQ/IQ_Data/20260204_100739_beam5_az019.mat,0,0.3083344,12,59,-1,-1,False,0.73885167,0.36363637
20260204_100739_beam5_az028,20260204_100739,5,28.0,,,/home/tobeornot8259748/projects/balloon_radar_project/data/raw/detection_dataset/val/Background_IQ/IQ_Data/20260204_100739_beam5_az028.mat,0,0.54303086,75,60,-1,-1,False,0.7096136,0.15097822
20260204_100739_beam5_az037,20260204_100739,5,37.0,,,/home/tobeornot8259748/projects/balloon_radar_project/data/raw/detection_dataset/train/Background_IQ/IQ_Data/20260204_100739_beam5_az037.mat,0,0.66481405,69,66,-1,-1,False,0.80910474,0.098347425
20260204_100739_beam5_az046,20260204_100739,5,46.0,,,/home/tobeornot8259748/projects/balloon_radar_project/data/raw/detection_dataset/train/Background_IQ/IQ_Data/20260204_100739_beam5_az046.mat,0,0.7790513,62,61,-1,-1,False,0.71520513,0.19570187
20260204_100739_beam5_az055,20260204_100739,5,55.0,,,/home/tobeornot8259748/projects/balloon_radar_project/data/raw/detection_dataset/train/Background_IQ/IQ_Data/20260204_100739_beam5_az055.mat,0,0.39216828,54,59,-1,-1,False,0.8297234,0.104594626
20260204_100739_beam5_az064,20260204_100739,5,64.0,,,/home/tobeornot8259748/projects/balloon_radar_project/data/raw/detection_dataset/train/Background_IQ/IQ_Data/20260204_100739_beam5_az064.mat,0,0.7484822,36,66,-1,-1,False,0.7502244,0.5653603
20260204_100739_beam5_az073,20260204_100739,5,73.0,,,/home/tobeornot8259748/projects/balloon_radar_project/data/raw/detection_dataset/val/Background_IQ/IQ_Data/20260204_100739_beam5_az073.mat,0,0.2368048,14,59,-1,-1,False,0.7193345,0.36363637
20260204_100739_beam5_az082,20260204_100739,5,82.0,,,/home/tobeornot8259748/projects/balloon_radar_project/data/raw/detection_dataset/train/Background_IQ/IQ_Data/20260204_100739_beam5_az082.mat,0,0.86713094,72,63,-1,-1,False,0.70704544,0.27467692
20260204_100739_beam5_az091,20260204_100739,5,91.0,,,/home/tobeornot8259748/projects/balloon_radar_project/data/raw/detection_dataset/train/Background_IQ/IQ_Data/20260204_100739_beam5_az091.mat,0,0.4721871,32,68,-1,-1,False,0.8465513,0.13770479
20260204_100739_beam5_az100,20260204_100739,5,100.0,,,/home/tobeornot8259748/projects/balloon_radar_project/data/raw/detection_dataset/val/Background_IQ/IQ_Data/20260204_100739_beam5_az100.mat,0,0.4613018,58,67,-1,-1,False,0.6697011,0.29284436
20260204_100739_beam5_az109,20260204_100739,5,109.0,,,/home/tobeornot8259748/projects/balloon_radar_project/data/raw/detection_dataset/train/Background_IQ/IQ_Data/20260204_100739_beam5_az109.mat,0,0.6025986,13,59,-1,-1,False,0.7053286,0.36203057
20260204_100739_beam5_az118,20260204_100739,5,118.0,,,/home/tobeornot8259748/projects/balloon_radar_project/data/raw/detection_dataset/train/Background_IQ/IQ_Data/20260204_100739_beam5_az118.mat,0,0.8739072,42,65,-1,-1,False,0.76304996,0.60231686
20260204_100739_beam5_az127,20260204_100739,5,127.0,,,/home/tobeornot8259748/projects/balloon_radar_project/data/raw/detection_dataset/train/Background_IQ/IQ_Data/20260204_100739_beam5_az127.mat,0,0.4276063,13,68,-1,-1,False,0.7313587,0.44152728
20260204_100739_beam5_az136,20260204_100739,5,136.0,,,/home/tobeornot8259748/projects/balloon_radar_project/data/raw/detection_dataset/val/Background_IQ/IQ_Data/20260204_100739_beam5_az136.mat,0,0.7419262,57,61,-1,-1,False,0.7673427,0.25043654
20260204_100739_beam5_az145,20260204_100739,5,145.0,,,/home/tobeornot8259748/projects/balloon_radar_project/data/raw/detection_dataset/train/Background_IQ/IQ_Data/20260204_100739_beam5_az145.mat,0,0.42315122,10,59,-1,-1,False,0.7191298,0.36363637
20260204_100739_beam5_az154,20260204_100739,5,154.0,,,/home/tobeornot8259748/projects/balloon_radar_project/data/raw/detection_dataset/train/Background_IQ/IQ_Data/20260204_100739_beam5_az154.mat,0,0.6923314,45,66,-1,-1,False,0.73431575,0.3362602
20260204_100739_beam5_az163,20260204_100739,5,163.0,,,/home/tobeornot8259748/projects/balloon_radar_project/data/raw/detection_dataset/train/Background_IQ/IQ_Data/20260204_100739_beam5_az163.mat,0,0.6253924,42,66,-1,-1,False,0.78778386,0.12232859
20260204_100739_beam5_az172,20260204_100739,5,172.0,,,/home/tobeornot8259748/projects/balloon_radar_project/data/raw/detection_dataset/train/Background_IQ/IQ_Data/20260204_100739_beam5_az172.mat,0,0.7595608,55,65,-1,-1,False,0.68457425,0.38514933
20260204_100739_beam5_az181,20260204_100739,5,181.0,,,/home/tobeornot8259748/projects/balloon_radar_project/data/raw/detection_dataset/train/Background_IQ/IQ_Data/20260204_100739_beam5_az181.mat,0,0.50506186,43,64,-1,-1,False,0.7917426,0.35923782
20260204_100739_beam5_az190,20260204_100739,5,190.0,,,/home/tobeornot8259748/projects/balloon_radar_project/data/raw/detection_dataset/test/Background_IQ/IQ_Data/20260204_100739_beam5_az190.mat,0,0.9012542,39,62,-1,-1,False,0.7474722,0.38012296
20260204_100739_beam5_az199,20260204_100739,5,199.0,,,/home/tobeornot8259748/projects/balloon_radar_project/data/raw/detection_dataset/test/Background_IQ/IQ_Data/20260204_100739_beam5_az199.mat,0,0.6281948,62,61,-1,-1,False,0.7992765,0.19358175
20260204_100739_beam5_az208,20260204_100739,5,208.0,,,/home/tobeornot8259748/projects/balloon_radar_project/data/raw/detection_dataset/val/Background_IQ/IQ_Data/20260204_100739_beam5_az208.mat,0,0.6893787,51,65,-1,-1,False,0.64275616,0.32363012
20260204_100739_beam5_az217,20260204_100739,5,217.0,,,/home/tobeornot8259748/projects/balloon_radar_project/data/raw/detection_dataset/train/Background_IQ/IQ_Data/20260204_100739_beam5_az217.mat,0,0.91058445,70,64,-1,-1,False,0.7951113,0.22239514
20260204_100739_beam5_az226,20260204_100739,5,226.0,,,/home/tobeornot8259748/projects/balloon_radar_project/data/raw/detection_dataset/train/Background_IQ/IQ_Data/20260204_100739_beam5_az226.mat,0,0.61424494,70,63,-1,-1,False,0.6933096,0.21305643
20260204_100739_beam5_az235,20260204_100739,5,235.0,,,/home/tobeornot8259748/projects/balloon_radar_project/data/raw/detection_dataset/test/Background_IQ/IQ_Data/20260204_100739_beam5_az235.mat,0,0.4822222,57,67,-1,-1,False,0.8432304,0.04285374
20260204_100739_beam5_az244,20260204_100739,5,244.0,,,/home/tobeornot8259748/projects/balloon_radar_project/data/raw/detection_dataset/train/Background_IQ/IQ_Data/20260204_100739_beam5_az244.mat,0,0.9056843,59,64,-1,-1,False,0.6734641,0.25673386
20260204_100739_beam5_az253,20260204_100739,5,253.0,,,/home/tobeornot8259748/projects/balloon_radar_project/data/raw/detection_dataset/train/Background_IQ/IQ_Data/20260204_100739_beam5_az253.mat,0,0.50836426,8,64,-1,-1,False,0.64459217,0.5088752
20260204_100739_beam5_az262,20260204_100739,5,262.0,,,/home/tobeornot8259748/projects/balloon_radar_project/data/raw/detection_dataset/train/Background_IQ/IQ_Data/20260204_100739_beam5_az262.mat,0,0.70186603,66,61,-1,-1,False,0.6552433,0.20096974
20260204_100802_beam1_az001,20260204_100802,1,1.0,,,/home/tobeornot8259748/projects/balloon_radar_project/data/raw/detection_dataset/train/Background_IQ/IQ_Data/20260204_100802_beam1_az001.mat,0,0.03580961,47,0,-1,-1,False,0.6031394,0.10538748
20260204_100802_beam1_az010,20260204_100802,1,10.0,,,/home/tobeornot8259748/projects/balloon_radar_project/data/raw/detection_dataset/train/Background_IQ/IQ_Data/20260204_100802_beam1_az010.mat,0,0.04480056,0,0,-1,-1,False,0.24361162,0.0
20260204_100802_beam1_az019,20260204_100802,1,19.0,,,/home/tobeornot8259748/projects/balloon_radar_project/data/raw/detection_dataset/train/Background_IQ/IQ_Data/20260204_100802_beam1_az019.mat,0,0.04421421,0,0,-1,-1,False,0.25539243,0.0
20260204_100802_beam1_az028,20260204_100802,1,28.0,,,/home/tobeornot8259748/projects/balloon_radar_project/data/raw/detection_dataset/train/Background_IQ/IQ_Data/20260204_100802_beam1_az028.mat,0,0.050810546,0,0,-1,-1,False,0.27234995,0.0
20260204_100802_beam1_az037,20260204_100802,1,37.0,,,/home/tobeornot8259748/projects/balloon_radar_project/data/raw/detection_dataset/train/Background_IQ/IQ_Data/20260204_100802_beam1_az037.mat,0,0.06827412,47,67,-1,-1,False,0.7144426,0.36829007
20260204_100802_beam1_az046,20260204_100802,1,46.0,,,/home/tobeornot8259748/projects/balloon_radar_project/data/raw/detection_dataset/train/Background_IQ/IQ_Data/20260204_100802_beam1_az046.mat,0,0.028786993,0,0,-1,-1,False,0.31236762,0.0
20260204_100802_beam1_az055,20260204_100802,1,55.0,,,/home/tobeornot8259748/projects/balloon_radar_project/data/raw/detection_dataset/test/Background_IQ/IQ_Data/20260204_100802_beam1_az055.mat,0,0.040623724,0,0,-1,-1,False,0.32488877,0.0
20260204_100802_beam1_az064,20260204_100802,1,64.0,,,/home/tobeornot8259748/projects/balloon_radar_project/data/raw/detection_dataset/train/Background_IQ/IQ_Data/20260204_100802_beam1_az064.mat,0,0.029626181,0,0,-1,-1,False,0.31333402,0.0
20260204_100802_beam1_az073,20260204_100802,1,73.0,,,/home/tobeornot8259748/projects/balloon_radar_project/data/raw/detection_dataset/val/Background_IQ/IQ_Data/20260204_100802_beam1_az073.mat,0,0.04961402,0,3,-1,-1,False,0.29802912,0.0
20260204_100802_beam1_az082,20260204_100802,1,82.0,,,/home/tobeornot8259748/projects/balloon_radar_project/data/raw/detection_dataset/train/Background_IQ/IQ_Data/20260204_100802_beam1_az082.mat,0,0.031831175,92,62,-1,-1,False,0.47889286,0.1522254
20260204_100802_beam1_az091,20260204_100802,1,91.0,,,/home/tobeornot8259748/projects/balloon_radar_project/data/raw/detection_dataset/train/Background_IQ/IQ_Data/20260204_100802_beam1_az091.mat,0,0.035043918,0,0,-1,-1,False,0.29767862,0.0
20260204_100802_beam1_az100,20260204_100802,1,100.0,,,/home/tobeornot8259748/projects/balloon_radar_project/data/raw/detection_dataset/test/Background_IQ/IQ_Data/20260204_100802_beam1_az100.mat,0,0.040754665,32,69,-1,-1,False,0.5482059,0.11714342
20260204_100802_beam1_az109,20260204_100802,1,109.0,,,/home/tobeornot8259748/projects/balloon_radar_project/data/raw/detection_dataset/train/Background_IQ/IQ_Data/20260204_100802_beam1_az109.mat,0,0.035751134,99,127,-1,-1,False,0.06064615,0.0
20260204_100802_beam1_az118,20260204_100802,1,118.0,,,/home/tobeornot8259748/projects/balloon_radar_project/data/raw/detection_dataset/test/Background_IQ/IQ_Data/20260204_100802_beam1_az118.mat,0,0.036454134,99,127,-1,-1,False,0.06700399,0.0
20260204_100802_beam1_az127,20260204_100802,1,127.0,,,/home/tobeornot8259748/projects/balloon_radar_project/data/raw/detection_dataset/train/Background_IQ/IQ_Data/20260204_100802_beam1_az127.mat,0,0.03664834,0,0,-1,-1,False,0.34054592,0.00013668324
20260204_100802_beam1_az136,20260204_100802,1,136.0,,,/home/tobeornot8259748/projects/balloon_radar_project/data/raw/detection_dataset/test/Background_IQ/IQ_Data/20260204_100802_beam1_az136.mat,0,0.033219732,99,127,-1,-1,False,0.056731105,0.0
20260204_100802_beam1_az145,20260204_100802,1,145.0,,,/home/tobeornot8259748/projects/balloon_radar_project/data/raw/detection_dataset/test/Background_IQ/IQ_Data/20260204_100802_beam1_az145.mat,0,0.034554634,0,0,-1,-1,False,0.32764277,0.0
20260204_100802_beam1_az154,20260204_100802,1,154.0,,,/home/tobeornot8259748/projects/balloon_radar_project/data/raw/detection_dataset/test/Background_IQ/IQ_Data/20260204_100802_beam1_az154.mat,0,0.09943025,41,67,-1,-1,False,0.73791,0.42543098
20260204_100802_beam1_az163,20260204_100802,1,163.0,,,/home/tobeornot8259748/projects/balloon_radar_project/data/raw/detection_dataset/val/Background_IQ/IQ_Data/20260204_100802_beam1_az163.mat,0,0.029424766,92,62,-1,-1,False,0.44040704,0.11612399
20260204_100802_beam1_az172,20260204_100802,1,172.0,,,/home/tobeornot8259748/projects/balloon_radar_project/data/raw/detection_dataset/val/Background_IQ/IQ_Data/20260204_100802_beam1_az172.mat,0,0.043880872,36,59,-1,-1,False,0.6198778,0.2040949
20260204_100802_beam1_az181,20260204_100802,1,181.0,,,/home/tobeornot8259748/projects/balloon_radar_project/data/raw/detection_dataset/val/Background_IQ/IQ_Data/20260204_100802_beam1_az181.mat,0,0.0371493,99,127,-1,-1,False,0.056919537,0.0
20260204_100802_beam1_az190,20260204_100802,1,190.0,,,/home/tobeornot8259748/projects/balloon_radar_project/data/raw/detection_dataset/train/Background_IQ/IQ_Data/20260204_100802_beam1_az190.mat,0,0.03483553,99,127,-1,-1,False,0.06863802,0.0
20260204_100802_beam1_az199,20260204_100802,1,199.0,,,/home/tobeornot8259748/projects/balloon_radar_project/data/raw/detection_dataset/train/Background_IQ/IQ_Data/20260204_100802_beam1_az199.mat,0,0.10803694,83,64,-1,-1,False,0.51023,0.2008405
20260204_100802_beam1_az208,20260204_100802,1,208.0,,,/home/tobeornot8259748/projects/balloon_radar_project/data/raw/detection_dataset/train/Background_IQ/IQ_Data/20260204_100802_beam1_az208.mat,0,0.031016469,99,127,-1,-1,False,0.06845727,0.0
20260204_100802_beam1_az217,20260204_100802,1,217.0,,,/home/tobeornot8259748/projects/balloon_radar_project/data/raw/detection_dataset/train/Background_IQ/IQ_Data/20260204_100802_beam1_az217.mat,0,0.031907387,0,0,-1,-1,False,0.30525026,0.0
20260204_100802_beam1_az226,20260204_100802,1,226.0,,,/home/tobeornot8259748/projects/balloon_radar_project/data/raw/detection_dataset/test/Background_IQ/IQ_Data/20260204_100802_beam1_az226.mat,0,0.040615078,0,0,-1,-1,False,0.32139507,0.0
20260204_100802_beam1_az235,20260204_100802,1,235.0,,,/home/tobeornot8259748/projects/balloon_radar_project/data/raw/detection_dataset/train/Background_IQ/IQ_Data/20260204_100802_beam1_az235.mat,0,0.030400254,92,60,-1,-1,False,0.43327656,0.10979984
20260204_100802_beam1_az244,20260204_100802,1,244.0,,,/home/tobeornot8259748/projects/balloon_radar_project/data/raw/detection_dataset/train/Background_IQ/IQ_Data/20260204_100802_beam1_az244.mat,0,0.038156655,92,62,-1,-1,False,0.4715133,0.1291195
20260204_100802_beam1_az253,20260204_100802,1,253.0,,,/home/tobeornot8259748/projects/balloon_radar_project/data/raw/detection_dataset/train/Background_IQ/IQ_Data/20260204_100802_beam1_az253.mat,0,0.02942352,29,0,-1,-1,False,0.7074721,0.19848937
20260204_100802_beam1_az262,20260204_100802,1,262.0,,,/home/tobeornot8259748/projects/balloon_radar_project/data/raw/detection_dataset/train/Background_IQ/IQ_Data/20260204_100802_beam1_az262.mat,0,0.04703868,92,62,-1,-1,False,0.44523537,0.08527065
20260204_100802_beam2_az001,20260204_100802,2,1.0,,,/home/tobeornot8259748/projects/balloon_radar_project/data/raw/detection_dataset/train/Background_IQ/IQ_Data/20260204_100802_beam2_az001.mat,0,0.038809985,67,59,-1,-1,False,0.6461769,0.15332125
20260204_100802_beam2_az010,20260204_100802,2,10.0,,,/home/tobeornot8259748/projects/balloon_radar_project/data/raw/detection_dataset/train/Background_IQ/IQ_Data/20260204_100802_beam2_az010.mat,0,0.048909478,0,0,-1,-1,False,0.2343392,0.0
20260204_100802_beam2_az019,20260204_100802,2,19.0,,,/home/tobeornot8259748/projects/balloon_radar_project/data/raw/detection_dataset/test/Background_IQ/IQ_Data/20260204_100802_beam2_az019.mat,0,0.040718142,0,0,-1,-1,False,0.25645667,0.0
20260204_100802_beam2_az028,20260204_100802,2,28.0,,,/home/tobeornot8259748/projects/balloon_radar_project/data/raw/detection_dataset/train/Background_IQ/IQ_Data/20260204_100802_beam2_az028.mat,0,0.038426675,0,0,-1,-1,False,0.28998163,0.0
20260204_100802_beam2_az037,20260204_100802,2,37.0,,,/home/tobeornot8259748/projects/balloon_radar_project/data/raw/detection_dataset/train/Background_IQ/IQ_Data/20260204_100802_beam2_az037.mat,0,0.058168747,42,59,-1,-1,False,0.6935877,0.20654505
20260204_100802_beam2_az046,20260204_100802,2,46.0,,,/home/tobeornot8259748/projects/balloon_radar_project/data/raw/detection_dataset/train/Background_IQ/IQ_Data/20260204_100802_beam2_az046.mat,0,0.028294936,0,0,-1,-1,False,0.36181313,0.0
20260204_100802_beam2_az055,20260204_100802,2,55.0,,,/home/tobeornot8259748/projects/balloon_radar_project/data/raw/detection_dataset/train/Background_IQ/IQ_Data/20260204_100802_beam2_az055.mat,0,0.0333005,0,0,-1,-1,False,0.33966,0.0
20260204_100802_beam2_az064,20260204_100802,2,64.0,,,/home/tobeornot8259748/projects/balloon_radar_project/data/raw/detection_dataset/val/Background_IQ/IQ_Data/20260204_100802_beam2_az064.mat,0,0.02480985,92,61,-1,-1,False,0.4880721,0.13374548
20260204_100802_beam2_az073,20260204_100802,2,73.0,,,/home/tobeornot8259748/projects/balloon_radar_project/data/raw/detection_dataset/train/Background_IQ/IQ_Data/20260204_100802_beam2_az073.mat,0,0.033691242,37,59,-1,-1,False,0.6794796,0.23867789
20260204_100802_beam2_az082,20260204_100802,2,82.0,,,/home/tobeornot8259748/projects/balloon_radar_project/data/raw/detection_dataset/train/Background_IQ/IQ_Data/20260204_100802_beam2_az082.mat,0,0.027900776,85,63,-1,-1,False,0.623529,0.35819274
20260204_100802_beam2_az091,20260204_100802,2,91.0,,,/home/tobeornot8259748/projects/balloon_radar_project/data/raw/detection_dataset/train/Background_IQ/IQ_Data/20260204_100802_beam2_az091.mat,0,0.030704223,0,0,-1,-1,False,0.34552607,0.0
20260204_100802_beam2_az100,20260204_100802,2,100.0,,,/home/tobeornot8259748/projects/balloon_radar_project/data/raw/detection_dataset/train/Background_IQ/IQ_Data/20260204_100802_beam2_az100.mat,0,0.039405726,38,68,-1,-1,False,0.7246706,0.2967971
20260204_100802_beam2_az109,20260204_100802,2,109.0,,,/home/tobeornot8259748/projects/balloon_radar_project/data/raw/detection_dataset/train/Background_IQ/IQ_Data/20260204_100802_beam2_az109.mat,0,0.072988175,37,60,-1,-1,False,0.6578792,0.21957336
20260204_100802_beam2_az118,20260204_100802,2,118.0,,,/home/tobeornot8259748/projects/balloon_radar_project/data/raw/detection_dataset/train/Background_IQ/IQ_Data/20260204_100802_beam2_az118.mat,0,0.03107119,0,0,-1,-1,False,0.370806,0.0
20260204_100802_beam2_az127,20260204_100802,2,127.0,,,/home/tobeornot8259748/projects/balloon_radar_project/data/raw/detection_dataset/val/Background_IQ/IQ_Data/20260204_100802_beam2_az127.mat,0,0.03083363,0,0,-1,-1,False,0.36236057,0.0
20260204_100802_beam2_az136,20260204_100802,2,136.0,,,/home/tobeornot8259748/projects/balloon_radar_project/data/raw/detection_dataset/train/Background_IQ/IQ_Data/20260204_100802_beam2_az136.mat,0,0.026376609,32,59,-1,-1,False,0.6176407,0.15244769
20260204_100802_beam2_az145,20260204_100802,2,145.0,,,/home/tobeornot8259748/projects/balloon_radar_project/data/raw/detection_dataset/val/Background_IQ/IQ_Data/20260204_100802_beam2_az145.mat,0,0.031252377,0,0,-1,-1,False,0.3609158,0.0
20260204_100802_beam2_az154,20260204_100802,2,154.0,,,/home/tobeornot8259748/projects/balloon_radar_project/data/raw/detection_dataset/train/Background_IQ/IQ_Data/20260204_100802_beam2_az154.mat,0,0.029377261,0,0,-1,-1,False,0.32190868,0.0
20260204_100802_beam2_az163,20260204_100802,2,163.0,,,/home/tobeornot8259748/projects/balloon_radar_project/data/raw/detection_dataset/train/Background_IQ/IQ_Data/20260204_100802_beam2_az163.mat,0,0.029465128,92,61,-1,-1,False,0.4400202,0.11521813
20260204_100802_beam2_az172,20260204_100802,2,172.0,,,/home/tobeornot8259748/projects/balloon_radar_project/data/raw/detection_dataset/train/Background_IQ/IQ_Data/20260204_100802_beam2_az172.mat,0,0.038128752,20,1,-1,-1,False,0.5720171,0.2107202
20260204_100802_beam2_az181,20260204_100802,2,181.0,,,/home/tobeornot8259748/projects/balloon_radar_project/data/raw/detection_dataset/train/Background_IQ/IQ_Data/20260204_100802_beam2_az181.mat,0,0.051356066,32,59,-1,-1,False,0.67033947,0.25102013
20260204_100802_beam2_az190,20260204_100802,2,190.0,,,/home/tobeornot8259748/projects/balloon_radar_project/data/raw/detection_dataset/train/Background_IQ/IQ_Data/20260204_100802_beam2_az190.mat,0,0.029055908,99,127,-1,-1,False,0.06662936,0.0
20260204_100802_beam2_az199,20260204_100802,2,199.0,,,/home/tobeornot8259748/projects/balloon_radar_project/data/raw/detection_dataset/train/Background_IQ/IQ_Data/20260204_100802_beam2_az199.mat,0,0.15025127,75,65,-1,-1,False,0.6858801,0.24518019
20260204_100802_beam2_az208,20260204_100802,2,208.0,,,/home/tobeornot8259748/projects/balloon_radar_project/data/raw/detection_dataset/test/Background_IQ/IQ_Data/20260204_100802_beam2_az208.mat,0,0.03018728,0,0,-1,-1,False,0.3405959,0.0
20260204_100802_beam2_az217,20260204_100802,2,217.0,,,/home/tobeornot8259748/projects/balloon_radar_project/data/raw/detection_dataset/train/Background_IQ/IQ_Data/20260204_100802_beam2_az217.mat,0,0.027357273,0,0,-1,-1,False,0.32184878,0.0
20260204_100802_beam2_az226,20260204_100802,2,226.0,,,/home/tobeornot8259748/projects/balloon_radar_project/data/raw/detection_dataset/val/Background_IQ/IQ_Data/20260204_100802_beam2_az226.mat,0,0.031240463,0,0,-1,-1,False,0.33522448,0.0
20260204_100802_beam2_az235,20260204_100802,2,235.0,,,/home/tobeornot8259748/projects/balloon_radar_project/data/raw/detection_dataset/train/Background_IQ/IQ_Data/20260204_100802_beam2_az235.mat,0,0.03238573,83,63,-1,-1,False,0.54187,0.17098771
20260204_100802_beam2_az244,20260204_100802,2,244.0,,,/home/tobeornot8259748/projects/balloon_radar_project/data/raw/detection_dataset/train/Background_IQ/IQ_Data/20260204_100802_beam2_az244.mat,0,0.034427237,56,59,-1,-1,False,0.63170135,0.14832774
20260204_100802_beam2_az253,20260204_100802,2,253.0,,,/home/tobeornot8259748/projects/balloon_radar_project/data/raw/detection_dataset/train/Background_IQ/IQ_Data/20260204_100802_beam2_az253.mat,0,0.033341173,29,0,-1,-1,False,0.6839228,0.18705842
20260204_100802_beam2_az262,20260204_100802,2,262.0,,,/home/tobeornot8259748/projects/balloon_radar_project/data/raw/detection_dataset/train/Background_IQ/IQ_Data/20260204_100802_beam2_az262.mat,0,0.036606148,92,62,-1,-1,False,0.4703639,0.11527845
20260204_100802_beam3_az001,20260204_100802,3,1.0,,,/home/tobeornot8259748/projects/balloon_radar_project/data/raw/detection_dataset/train/Background_IQ/IQ_Data/20260204_100802_beam3_az001.mat,0,0.10147633,11,59,-1,-1,False,0.5970772,0.18446016
20260204_100802_beam3_az010,20260204_100802,3,10.0,,,/home/tobeornot8259748/projects/balloon_radar_project/data/raw/detection_dataset/train/Background_IQ/IQ_Data/20260204_100802_beam3_az010.mat,0,0.17608534,11,67,-1,-1,False,0.6701783,0.39284375
20260204_100802_beam3_az019,20260204_100802,3,19.0,,,/home/tobeornot8259748/projects/balloon_radar_project/data/raw/detection_dataset/train/Background_IQ/IQ_Data/20260204_100802_beam3_az019.mat,0,0.06960079,11,59,-1,-1,False,0.7002761,0.405742
20260204_100802_beam3_az028,20260204_100802,3,28.0,,,/home/tobeornot8259748/projects/balloon_radar_project/data/raw/detection_dataset/train/Background_IQ/IQ_Data/20260204_100802_beam3_az028.mat,0,0.033811707,2,61,-1,-1,False,0.5521711,0.17729796
20260204_100802_beam3_az037,20260204_100802,3,37.0,,,/home/tobeornot8259748/projects/balloon_radar_project/data/raw/detection_dataset/test/Background_IQ/IQ_Data/20260204_100802_beam3_az037.mat,0,0.035504352,2,59,-1,-1,False,0.5561141,0.15279505
20260204_100802_beam3_az046,20260204_100802,3,46.0,,,/home/tobeornot8259748/projects/balloon_radar_project/data/raw/detection_dataset/train/Background_IQ/IQ_Data/20260204_100802_beam3_az046.mat,0,0.07078933,62,61,-1,-1,False,0.7605527,0.21290784
20260204_100802_beam3_az055,20260204_100802,3,55.0,,,/home/tobeornot8259748/projects/balloon_radar_project/data/raw/detection_dataset/test/Background_IQ/IQ_Data/20260204_100802_beam3_az055.mat,0,0.06831916,59,59,-1,-1,False,0.6839526,0.08627744
20260204_100802_beam3_az064,20260204_100802,3,64.0,,,/home/tobeornot8259748/projects/balloon_radar_project/data/raw/detection_dataset/test/Background_IQ/IQ_Data/20260204_100802_beam3_az064.mat,0,0.027720878,96,66,-1,-1,False,0.45652923,0.028355775
20260204_100802_beam3_az073,20260204_100802,3,73.0,,,/home/tobeornot8259748/projects/balloon_radar_project/data/raw/detection_dataset/val/Background_IQ/IQ_Data/20260204_100802_beam3_az073.mat,0,0.07105952,59,69,-1,-1,False,0.70763326,0.07929328
20260204_100802_beam3_az082,20260204_100802,3,82.0,,,/home/tobeornot8259748/projects/balloon_radar_project/data/raw/detection_dataset/val/Background_IQ/IQ_Data/20260204_100802_beam3_az082.mat,0,0.057457395,46,57,-1,-1,False,0.71182376,0.2559157
20260204_100802_beam3_az091,20260204_100802,3,91.0,,,/home/tobeornot8259748/projects/balloon_radar_project/data/raw/detection_dataset/train/Background_IQ/IQ_Data/20260204_100802_beam3_az091.mat,0,0.030754756,85,56,-1,-1,False,0.56196123,0.1850833
20260204_100802_beam3_az100,20260204_100802,3,100.0,,,/home/tobeornot8259748/projects/balloon_radar_project/data/raw/detection_dataset/train/Background_IQ/IQ_Data/20260204_100802_beam3_az100.mat,0,0.094527766,57,70,-1,-1,False,0.70947003,0.07832398
20260204_100802_beam3_az109,20260204_100802,3,109.0,,,/home/tobeornot8259748/projects/balloon_radar_project/data/raw/detection_dataset/val/Background_IQ/IQ_Data/20260204_100802_beam3_az109.mat,0,0.08994958,49,68,-1,-1,False,0.7175848,0.09814312
20260204_100802_beam3_az118,20260204_100802,3,118.0,,,/home/tobeornot8259748/projects/balloon_radar_project/data/raw/detection_dataset/train/Background_IQ/IQ_Data/20260204_100802_beam3_az118.mat,0,0.05697538,96,68,-1,-1,False,0.46933934,0.03743943
20260204_100802_beam3_az127,20260204_100802,3,127.0,,,/home/tobeornot8259748/projects/balloon_radar_project/data/raw/detection_dataset/test/Background_IQ/IQ_Data/20260204_100802_beam3_az127.mat,0,0.25099966,39,67,-1,-1,False,0.76363236,0.14672308
20260204_100802_beam3_az136,20260204_100802,3,136.0,,,/home/tobeornot8259748/projects/balloon_radar_project/data/raw/detection_dataset/val/Background_IQ/IQ_Data/20260204_100802_beam3_az136.mat,0,0.07366446,73,59,-1,-1,False,0.6926644,0.056603715
20260204_100802_beam3_az145,20260204_100802,3,145.0,,,/home/tobeornot8259748/projects/balloon_radar_project/data/raw/detection_dataset/train/Background_IQ/IQ_Data/20260204_100802_beam3_az145.mat,0,0.09593407,4,66,-1,-1,False,0.7381929,0.5335832
20260204_100802_beam3_az154,20260204_100802,3,154.0,,,/home/tobeornot8259748/projects/balloon_radar_project/data/raw/detection_dataset/train/Background_IQ/IQ_Data/20260204_100802_beam3_az154.mat,0,0.050373293,30,71,-1,-1,False,0.6844598,0.22577663
20260204_100802_beam3_az163,20260204_100802,3,163.0,,,/home/tobeornot8259748/projects/balloon_radar_project/data/raw/detection_dataset/train/Background_IQ/IQ_Data/20260204_100802_beam3_az163.mat,0,0.027772598,2,59,-1,-1,False,0.49307817,0.16935024
20260204_100802_beam3_az172,20260204_100802,3,172.0,,,/home/tobeornot8259748/projects/balloon_radar_project/data/raw/detection_dataset/train/Background_IQ/IQ_Data/20260204_100802_beam3_az172.mat,0,0.041314177,28,0,-1,-1,False,0.63027376,0.13331486
20260204_100802_beam3_az181,20260204_100802,3,181.0,,,/home/tobeornot8259748/projects/balloon_radar_project/data/raw/detection_dataset/val/Background_IQ/IQ_Data/20260204_100802_beam3_az181.mat,0,0.045196284,28,1,-1,-1,False,0.6272664,0.109540164
20260204_100802_beam3_az190,20260204_100802,3,190.0,,,/home/tobeornot8259748/projects/balloon_radar_project/data/raw/detection_dataset/train/Background_IQ/IQ_Data/20260204_100802_beam3_az190.mat,0,0.051060192,56,68,-1,-1,False,0.7669427,0.20159094
20260204_100802_beam3_az199,20260204_100802,3,199.0,,,/home/tobeornot8259748/projects/balloon_radar_project/data/raw/detection_dataset/train/Background_IQ/IQ_Data/20260204_100802_beam3_az199.mat,0,0.03965989,30,45,-1,-1,False,0.6021977,0.108825296
20260204_100802_beam3_az208,20260204_100802,3,208.0,,,/home/tobeornot8259748/projects/balloon_radar_project/data/raw/detection_dataset/train/Background_IQ/IQ_Data/20260204_100802_beam3_az208.mat,0,0.025328092,74,70,-1,-1,False,0.6558291,0.094402224
20260204_100802_beam3_az217,20260204_100802,3,217.0,,,/home/tobeornot8259748/projects/balloon_radar_project/data/raw/detection_dataset/test/Background_IQ/IQ_Data/20260204_100802_beam3_az217.mat,0,0.027033934,2,59,-1,-1,False,0.51467204,0.1885006
20260204_100802_beam3_az226,20260204_100802,3,226.0,,,/home/tobeornot8259748/projects/balloon_radar_project/data/raw/detection_dataset/val/Background_IQ/IQ_Data/20260204_100802_beam3_az226.mat,0,0.10104026,2,59,-1,-1,False,0.57483333,0.2472282
20260204_100802_beam3_az235,20260204_100802,3,235.0,,,/home/tobeornot8259748/projects/balloon_radar_project/data/raw/detection_dataset/train/Background_IQ/IQ_Data/20260204_100802_beam3_az235.mat,0,0.06762518,62,69,-1,-1,False,0.65688825,0.11618383
20260204_100802_beam3_az244,20260204_100802,3,244.0,,,/home/tobeornot8259748/projects/balloon_radar_project/data/raw/detection_dataset/train/Background_IQ/IQ_Data/20260204_100802_beam3_az244.mat,0,0.08239671,75,67,-1,-1,False,0.67360467,0.118647024
20260204_100802_beam3_az253,20260204_100802,3,253.0,,,/home/tobeornot8259748/projects/balloon_radar_project/data/raw/detection_dataset/train/Background_IQ/IQ_Data/20260204_100802_beam3_az253.mat,0,0.045111366,11,59,-1,-1,False,0.7046666,0.42660993
20260204_100802_beam3_az262,20260204_100802,3,262.0,,,/home/tobeornot8259748/projects/balloon_radar_project/data/raw/detection_dataset/train/Background_IQ/IQ_Data/20260204_100802_beam3_az262.mat,0,0.022388335,2,61,-1,-1,False,0.5701011,0.30992654
20260204_100802_beam4_az001,20260204_100802,4,1.0,,,/home/tobeornot8259748/projects/balloon_radar_project/data/raw/detection_dataset/train/Background_IQ/IQ_Data/20260204_100802_beam4_az001.mat,0,0.13650182,11,59,-1,-1,False,0.67405516,0.25796142
20260204_100802_beam4_az010,20260204_100802,4,10.0,,,/home/tobeornot8259748/projects/balloon_radar_project/data/raw/detection_dataset/train/Background_IQ/IQ_Data/20260204_100802_beam4_az010.mat,0,0.037838876,94,127,-1,-1,False,0.057369296,0.0
20260204_100802_beam4_az019,20260204_100802,4,19.0,,,/home/tobeornot8259748/projects/balloon_radar_project/data/raw/detection_dataset/val/Background_IQ/IQ_Data/20260204_100802_beam4_az019.mat,0,0.03421871,99,127,-1,-1,False,0.071224816,0.0
20260204_100802_beam4_az028,20260204_100802,4,28.0,,,/home/tobeornot8259748/projects/balloon_radar_project/data/raw/detection_dataset/val/Background_IQ/IQ_Data/20260204_100802_beam4_az028.mat,0,0.037919205,83,64,-1,-1,False,0.5672523,0.09639711
20260204_100802_beam4_az037,20260204_100802,4,37.0,,,/home/tobeornot8259748/projects/balloon_radar_project/data/raw/detection_dataset/train/Background_IQ/IQ_Data/20260204_100802_beam4_az037.mat,0,0.027215967,92,65,-1,-1,False,0.50725466,0.106480435
20260204_100802_beam4_az046,20260204_100802,4,46.0,,,/home/tobeornot8259748/projects/balloon_radar_project/data/raw/detection_dataset/test/Background_IQ/IQ_Data/20260204_100802_beam4_az046.mat,0,0.026869027,92,61,-1,-1,False,0.5030088,0.17104821
20260204_100802_beam4_az055,20260204_100802,4,55.0,,,/home/tobeornot8259748/projects/balloon_radar_project/data/raw/detection_dataset/test/Background_IQ/IQ_Data/20260204_100802_beam4_az055.mat,0,0.04720365,24,12,-1,-1,False,0.6173557,0.06736242
20260204_100802_beam4_az064,20260204_100802,4,64.0,,,/home/tobeornot8259748/projects/balloon_radar_project/data/raw/detection_dataset/train/Background_IQ/IQ_Data/20260204_100802_beam4_az064.mat,0,0.029181752,83,64,-1,-1,False,0.6315996,0.22884676
20260204_100802_beam4_az073,20260204_100802,4,73.0,,,/home/tobeornot8259748/projects/balloon_radar_project/data/raw/detection_dataset/val/Background_IQ/IQ_Data/20260204_100802_beam4_az073.mat,0,0.047079135,33,70,-1,-1,False,0.6913224,0.23532191
20260204_100802_beam4_az082,20260204_100802,4,82.0,,,/home/tobeornot8259748/projects/balloon_radar_project/data/raw/detection_dataset/train/Background_IQ/IQ_Data/20260204_100802_beam4_az082.mat,0,0.046797015,46,71,-1,-1,False,0.7324935,0.26514453
20260204_100802_beam4_az091,20260204_100802,4,91.0,,,/home/tobeornot8259748/projects/balloon_radar_project/data/raw/detection_dataset/test/Background_IQ/IQ_Data/20260204_100802_beam4_az091.mat,0,0.02661134,71,55,-1,-1,False,0.6591518,0.094963275
20260204_100802_beam4_az100,20260204_100802,4,100.0,,,/home/tobeornot8259748/projects/balloon_radar_project/data/raw/detection_dataset/train/Background_IQ/IQ_Data/20260204_100802_beam4_az100.mat,0,0.07870869,55,60,-1,-1,False,0.6680395,0.10552621
20260204_100802_beam4_az109,20260204_100802,4,109.0,,,/home/tobeornot8259748/projects/balloon_radar_project/data/raw/detection_dataset/test/Background_IQ/IQ_Data/20260204_100802_beam4_az109.mat,0,0.15290932,39,68,-1,-1,False,0.73467016,0.2487073
20260204_100802_beam4_az118,20260204_100802,4,118.0,,,/home/tobeornot8259748/projects/balloon_radar_project/data/raw/detection_dataset/val/Background_IQ/IQ_Data/20260204_100802_beam4_az118.mat,0,0.030264586,81,0,-1,-1,False,0.3814773,0.00020322112
20260204_100802_beam4_az127,20260204_100802,4,127.0,,,/home/tobeornot8259748/projects/balloon_radar_project/data/raw/detection_dataset/val/Background_IQ/IQ_Data/20260204_100802_beam4_az127.mat,0,0.03971946,41,67,-1,-1,False,0.72235996,0.20659843
20260204_100802_beam4_az136,20260204_100802,4,136.0,,,/home/tobeornot8259748/projects/balloon_radar_project/data/raw/detection_dataset/val/Background_IQ/IQ_Data/20260204_100802_beam4_az136.mat,0,0.10069766,35,66,-1,-1,False,0.7007477,0.22475368
20260204_100802_beam4_az145,20260204_100802,4,145.0,,,/home/tobeornot8259748/projects/balloon_radar_project/data/raw/detection_dataset/train/Background_IQ/IQ_Data/20260204_100802_beam4_az145.mat,0,0.030314717,53,58,-1,-1,False,0.67453086,0.10512082
20260204_100802_beam4_az154,20260204_100802,4,154.0,,,/home/tobeornot8259748/projects/balloon_radar_project/data/raw/detection_dataset/test/Background_IQ/IQ_Data/20260204_100802_beam4_az154.mat,0,0.035350543,30,57,-1,-1,False,0.6507858,0.1927608
20260204_100802_beam4_az163,20260204_100802,4,163.0,,,/home/tobeornot8259748/projects/balloon_radar_project/data/raw/detection_dataset/train/Background_IQ/IQ_Data/20260204_100802_beam4_az163.mat,0,0.050978135,28,48,-1,-1,False,0.69975704,0.13738638
20260204_100802_beam4_az172,20260204_100802,4,172.0,,,/home/tobeornot8259748/projects/balloon_radar_project/data/raw/detection_dataset/train/Background_IQ/IQ_Data/20260204_100802_beam4_az172.mat,0,0.04411558,28,0,-1,-1,False,0.61284894,0.12951212
20260204_100802_beam4_az181,20260204_100802,4,181.0,,,/home/tobeornot8259748/projects/balloon_radar_project/data/raw/detection_dataset/train/Background_IQ/IQ_Data/20260204_100802_beam4_az181.mat,0,0.033529654,28,1,-1,-1,False,0.60585505,0.09874816
20260204_100802_beam4_az190,20260204_100802,4,190.0,,,/home/tobeornot8259748/projects/balloon_radar_project/data/raw/detection_dataset/train/Background_IQ/IQ_Data/20260204_100802_beam4_az190.mat,0,0.041795596,71,59,-1,-1,False,0.6827269,0.15061894
20260204_100802_beam4_az199,20260204_100802,4,199.0,,,/home/tobeornot8259748/projects/balloon_radar_project/data/raw/detection_dataset/train/Background_IQ/IQ_Data/20260204_100802_beam4_az199.mat,0,0.03088408,85,63,-1,-1,False,0.59234196,0.2754621
20260204_100802_beam4_az208,20260204_100802,4,208.0,,,/home/tobeornot8259748/projects/balloon_radar_project/data/raw/detection_dataset/train/Background_IQ/IQ_Data/20260204_100802_beam4_az208.mat,0,0.04623831,78,67,-1,-1,False,0.6796199,0.16773824
20260204_100802_beam4_az217,20260204_100802,4,217.0,,,/home/tobeornot8259748/projects/balloon_radar_project/data/raw/detection_dataset/train/Background_IQ/IQ_Data/20260204_100802_beam4_az217.mat,0,0.027264327,92,61,-1,-1,False,0.46569946,0.13667291
20260204_100802_beam4_az226,20260204_100802,4,226.0,,,/home/tobeornot8259748/projects/balloon_radar_project/data/raw/detection_dataset/train/Background_IQ/IQ_Data/20260204_100802_beam4_az226.mat,0,0.02479164,92,61,-1,-1,False,0.49371368,0.17246047
20260204_100802_beam4_az235,20260204_100802,4,235.0,,,/home/tobeornot8259748/projects/balloon_radar_project/data/raw/detection_dataset/train/Background_IQ/IQ_Data/20260204_100802_beam4_az235.mat,0,0.026399177,92,61,-1,-1,False,0.46776116,0.1370567
20260204_100802_beam4_az244,20260204_100802,4,244.0,,,/home/tobeornot8259748/projects/balloon_radar_project/data/raw/detection_dataset/train/Background_IQ/IQ_Data/20260204_100802_beam4_az244.mat,0,0.032679584,75,69,-1,-1,False,0.5998222,0.051778004
20260204_100802_beam4_az253,20260204_100802,4,253.0,,,/home/tobeornot8259748/projects/balloon_radar_project/data/raw/detection_dataset/train/Background_IQ/IQ_Data/20260204_100802_beam4_az253.mat,0,0.04294846,28,103,-1,-1,False,0.62697077,0.13009742
20260204_100802_beam4_az262,20260204_100802,4,262.0,,,/home/tobeornot8259748/projects/balloon_radar_project/data/raw/detection_dataset/test/Background_IQ/IQ_Data/20260204_100802_beam4_az262.mat,0,0.031689323,92,61,-1,-1,False,0.4557297,0.11545044
20260204_100802_beam5_az001,20260204_100802,5,1.0,,,/home/tobeornot8259748/projects/balloon_radar_project/data/raw/detection_dataset/train/Background_IQ/IQ_Data/20260204_100802_beam5_az001.mat,0,0.034718193,98,127,-1,-1,False,0.055923834,0.0
20260204_100802_beam5_az010,20260204_100802,5,10.0,,,/home/tobeornot8259748/projects/balloon_radar_project/data/raw/detection_dataset/test/Background_IQ/IQ_Data/20260204_100802_beam5_az010.mat,0,0.04206036,0,0,-1,-1,False,0.23502341,0.0
20260204_100802_beam5_az019,20260204_100802,5,19.0,,,/home/tobeornot8259748/projects/balloon_radar_project/data/raw/detection_dataset/train/Background_IQ/IQ_Data/20260204_100802_beam5_az019.mat,0,0.043221,0,0,-1,-1,False,0.2902839,0.0
20260204_100802_beam5_az028,20260204_100802,5,28.0,,,/home/tobeornot8259748/projects/balloon_radar_project/data/raw/detection_dataset/test/Background_IQ/IQ_Data/20260204_100802_beam5_az028.mat,0,0.036820944,92,62,-1,-1,False,0.45770392,0.08923008
20260204_100802_beam5_az037,20260204_100802,5,37.0,,,/home/tobeornot8259748/projects/balloon_radar_project/data/raw/detection_dataset/test/Background_IQ/IQ_Data/20260204_100802_beam5_az037.mat,0,0.029883694,92,61,-1,-1,False,0.48584822,0.1407588
20260204_100802_beam5_az046,20260204_100802,5,46.0,,,/home/tobeornot8259748/projects/balloon_radar_project/data/raw/detection_dataset/train/Background_IQ/IQ_Data/20260204_100802_beam5_az046.mat,0,0.030018352,38,78,-1,-1,False,0.6662706,0.14472143
20260204_100802_beam5_az055,20260204_100802,5,55.0,,,/home/tobeornot8259748/projects/balloon_radar_project/data/raw/detection_dataset/test/Background_IQ/IQ_Data/20260204_100802_beam5_az055.mat,0,0.03644381,0,0,-1,-1,False,0.34986845,0.0
20260204_100802_beam5_az064,20260204_100802,5,64.0,,,/home/tobeornot8259748/projects/balloon_radar_project/data/raw/detection_dataset/train/Background_IQ/IQ_Data/20260204_100802_beam5_az064.mat,0,0.032969464,0,127,-1,-1,False,0.31406203,0.0
20260204_100802_beam5_az073,20260204_100802,5,73.0,,,/home/tobeornot8259748/projects/balloon_radar_project/data/raw/detection_dataset/train/Background_IQ/IQ_Data/20260204_100802_beam5_az073.mat,0,0.030420605,20,1,-1,-1,False,0.5386434,0.09275189
20260204_100802_beam5_az082,20260204_100802,5,82.0,,,/home/tobeornot8259748/projects/balloon_radar_project/data/raw/detection_dataset/train/Background_IQ/IQ_Data/20260204_100802_beam5_az082.mat,0,0.03607122,70,78,-1,-1,False,0.55922735,0.03659073
20260204_100802_beam5_az091,20260204_100802,5,91.0,,,/home/tobeornot8259748/projects/balloon_radar_project/data/raw/detection_dataset/train/Background_IQ/IQ_Data/20260204_100802_beam5_az091.mat,0,0.029618666,53,69,-1,-1,False,0.6091403,0.1246379
20260204_100802_beam5_az100,20260204_100802,5,100.0,,,/home/tobeornot8259748/projects/balloon_radar_project/data/raw/detection_dataset/train/Background_IQ/IQ_Data/20260204_100802_beam5_az100.mat,0,0.044808894,32,57,-1,-1,False,0.56841063,0.08748903
20260204_100802_beam5_az109,20260204_100802,5,109.0,,,/home/tobeornot8259748/projects/balloon_radar_project/data/raw/detection_dataset/train/Background_IQ/IQ_Data/20260204_100802_beam5_az109.mat,0,0.05170912,38,59,-1,-1,False,0.6263076,0.18342082
20260204_100802_beam5_az118,20260204_100802,5,118.0,,,/home/tobeornot8259748/projects/balloon_radar_project/data/raw/detection_dataset/train/Background_IQ/IQ_Data/20260204_100802_beam5_az118.mat,0,0.032345116,99,127,-1,-1,False,0.074263245,0.0
20260204_100802_beam5_az127,20260204_100802,5,127.0,,,/home/tobeornot8259748/projects/balloon_radar_project/data/raw/detection_dataset/train/Background_IQ/IQ_Data/20260204_100802_beam5_az127.mat,0,0.03193128,20,1,-1,-1,False,0.5448029,0.094785176
20260204_100802_beam5_az136,20260204_100802,5,136.0,,,/home/tobeornot8259748/projects/balloon_radar_project/data/raw/detection_dataset/val/Background_IQ/IQ_Data/20260204_100802_beam5_az136.mat,0,0.028599625,33,69,-1,-1,False,0.5816542,0.118990906
20260204_100802_beam5_az145,20260204_100802,5,145.0,,,/home/tobeornot8259748/projects/balloon_radar_project/data/raw/detection_dataset/train/Background_IQ/IQ_Data/20260204_100802_beam5_az145.mat,0,0.0364121,48,59,-1,-1,False,0.61627597,0.14550063
20260204_100802_beam5_az154,20260204_100802,5,154.0,,,/home/tobeornot8259748/projects/balloon_radar_project/data/raw/detection_dataset/train/Background_IQ/IQ_Data/20260204_100802_beam5_az154.mat,0,0.029120348,52,59,-1,-1,False,0.64873874,0.20962414
20260204_100802_beam5_az163,20260204_100802,5,163.0,,,/home/tobeornot8259748/projects/balloon_radar_project/data/raw/detection_dataset/train/Background_IQ/IQ_Data/20260204_100802_beam5_az163.mat,0,0.03685832,92,61,-1,-1,False,0.4693431,0.121664956
20260204_100802_beam5_az172,20260204_100802,5,172.0,,,/home/tobeornot8259748/projects/balloon_radar_project/data/raw/detection_dataset/train/Background_IQ/IQ_Data/20260204_100802_beam5_az172.mat,0,0.115077674,57,60,-1,-1,False,0.7150258,0.26878175
20260204_100802_beam5_az181,20260204_100802,5,181.0,,,/home/tobeornot8259748/projects/balloon_radar_project/data/raw/detection_dataset/train/Background_IQ/IQ_Data/20260204_100802_beam5_az181.mat,0,0.06824981,34,59,-1,-1,False,0.6540841,0.2247407
20260204_100802_beam5_az190,20260204_100802,5,190.0,,,/home/tobeornot8259748/projects/balloon_radar_project/data/raw/detection_dataset/train/Background_IQ/IQ_Data/20260204_100802_beam5_az190.mat,0,0.0390698,72,59,-1,-1,False,0.6479701,0.18054108
20260204_100802_beam5_az199,20260204_100802,5,199.0,,,/home/tobeornot8259748/projects/balloon_radar_project/data/raw/detection_dataset/val/Background_IQ/IQ_Data/20260204_100802_beam5_az199.mat,0,0.031241538,30,72,-1,-1,False,0.635986,0.24930383
20260204_100802_beam5_az208,20260204_100802,5,208.0,,,/home/tobeornot8259748/projects/balloon_radar_project/data/raw/detection_dataset/train/Background_IQ/IQ_Data/20260204_100802_beam5_az208.mat,0,0.034024734,92,61,-1,-1,False,0.47275817,0.12432908
20260204_100802_beam5_az217,20260204_100802,5,217.0,,,/home/tobeornot8259748/projects/balloon_radar_project/data/raw/detection_dataset/train/Background_IQ/IQ_Data/20260204_100802_beam5_az217.mat,0,0.027851606,92,61,-1,-1,False,0.4679932,0.14956056
20260204_100802_beam5_az226,20260204_100802,5,226.0,,,/home/tobeornot8259748/projects/balloon_radar_project/data/raw/detection_dataset/train/Background_IQ/IQ_Data/20260204_100802_beam5_az226.mat,0,0.027128369,0,0,-1,-1,False,0.35577193,0.0
20260204_100802_beam5_az235,20260204_100802,5,235.0,,,/home/tobeornot8259748/projects/balloon_radar_project/data/raw/detection_dataset/train/Background_IQ/IQ_Data/20260204_100802_beam5_az235.mat,0,0.0255914,31,35,-1,-1,False,0.6013011,0.07056849
20260204_100802_beam5_az244,20260204_100802,5,244.0,,,/home/tobeornot8259748/projects/balloon_radar_project/data/raw/detection_dataset/train/Background_IQ/IQ_Data/20260204_100802_beam5_az244.mat,0,0.03557919,54,70,-1,-1,False,0.534122,0.074182995
20260204_100802_beam5_az253,20260204_100802,5,253.0,,,/home/tobeornot8259748/projects/balloon_radar_project/data/raw/detection_dataset/train/Background_IQ/IQ_Data/20260204_100802_beam5_az253.mat,0,0.042530976,50,59,-1,-1,False,0.64643276,0.19880438
20260204_100802_beam5_az262,20260204_100802,5,262.0,,,/home/tobeornot8259748/projects/balloon_radar_project/data/raw/detection_dataset/train/Background_IQ/IQ_Data/20260204_100802_beam5_az262.mat,0,0.03681111,92,62,-1,-1,False,0.4603357,0.12138479
20260204_100826_beam1_az001,20260204_100826,1,1.0,,,/home/tobeornot8259748/projects/balloon_radar_project/data/raw/detection_dataset/test/Background_IQ/IQ_Data/20260204_100826_beam1_az001.mat,0,0.23191217,71,61,-1,-1,False,0.7241809,0.2821674
20260204_100826_beam1_az010,20260204_100826,1,10.0,,,/home/tobeornot8259748/projects/balloon_radar_project/data/raw/detection_dataset/train/Background_IQ/IQ_Data/20260204_100826_beam1_az010.mat,0,0.029377084,45,0,-1,-1,False,0.59869885,0.11578517
20260204_100826_beam1_az019,20260204_100826,1,19.0,,,/home/tobeornot8259748/projects/balloon_radar_project/data/raw/detection_dataset/train/Background_IQ/IQ_Data/20260204_100826_beam1_az019.mat,0,0.030460905,77,68,-1,-1,False,0.5757088,0.1532162
20260204_100826_beam1_az028,20260204_100826,1,28.0,,,/home/tobeornot8259748/projects/balloon_radar_project/data/raw/detection_dataset/val/Background_IQ/IQ_Data/20260204_100826_beam1_az028.mat,0,0.026147481,56,69,-1,-1,False,0.6178473,0.08401545
20260204_100826_beam1_az037,20260204_100826,1,37.0,,,/home/tobeornot8259748/projects/balloon_radar_project/data/raw/detection_dataset/train/Background_IQ/IQ_Data/20260204_100826_beam1_az037.mat,0,0.12990738,54,59,-1,-1,False,0.6685847,0.20591146
20260204_100826_beam1_az046,20260204_100826,1,46.0,,,/home/tobeornot8259748/projects/balloon_radar_project/data/raw/detection_dataset/test/Background_IQ/IQ_Data/20260204_100826_beam1_az046.mat,0,0.024463363,39,0,-1,-1,False,0.5997457,0.07209755
20260204_100826_beam1_az055,20260204_100826,1,55.0,,,/home/tobeornot8259748/projects/balloon_radar_project/data/raw/detection_dataset/train/Background_IQ/IQ_Data/20260204_100826_beam1_az055.mat,0,0.1479338,58,59,-1,-1,False,0.63552403,0.21832223
20260204_100826_beam1_az064,20260204_100826,1,64.0,,,/home/tobeornot8259748/projects/balloon_radar_project/data/raw/detection_dataset/train/Background_IQ/IQ_Data/20260204_100826_beam1_az064.mat,0,0.038658686,28,0,-1,-1,False,0.70778954,0.23366319
20260204_100826_beam1_az073,20260204_100826,1,73.0,,,/home/tobeornot8259748/projects/balloon_radar_project/data/raw/detection_dataset/train/Background_IQ/IQ_Data/20260204_100826_beam1_az073.mat,0,0.1498779,80,64,-1,-1,False,0.60576516,0.26664662
20260204_100826_beam1_az082,20260204_100826,1,82.0,,,/home/tobeornot8259748/projects/balloon_radar_project/data/raw/detection_dataset/train/Background_IQ/IQ_Data/20260204_100826_beam1_az082.mat,0,0.05100365,19,66,-1,-1,False,0.7321258,0.512693
20260204_100826_beam1_az091,20260204_100826,1,91.0,,,/home/tobeornot8259748/projects/balloon_radar_project/data/raw/detection_dataset/train/Background_IQ/IQ_Data/20260204_100826_beam1_az091.mat,0,0.041000452,85,63,-1,-1,False,0.5933814,0.36242783
20260204_100826_beam1_az100,20260204_100826,1,100.0,,,/home/tobeornot8259748/projects/balloon_radar_project/data/raw/detection_dataset/train/Background_IQ/IQ_Data/20260204_100826_beam1_az100.mat,0,0.044141382,49,65,-1,-1,False,0.69260144,0.22838485
20260204_100826_beam1_az109,20260204_100826,1,109.0,,,/home/tobeornot8259748/projects/balloon_radar_project/data/raw/detection_dataset/train/Background_IQ/IQ_Data/20260204_100826_beam1_az109.mat,0,0.06615862,80,59,-1,-1,False,0.6116447,0.26010025
20260204_100826_beam1_az118,20260204_100826,1,118.0,,,/home/tobeornot8259748/projects/balloon_radar_project/data/raw/detection_dataset/train/Background_IQ/IQ_Data/20260204_100826_beam1_az118.mat,0,0.06734062,38,71,-1,-1,False,0.6750168,0.16014077
20260204_100826_beam1_az127,20260204_100826,1,127.0,,,/home/tobeornot8259748/projects/balloon_radar_project/data/raw/detection_dataset/test/Background_IQ/IQ_Data/20260204_100826_beam1_az127.mat,0,0.045637712,85,64,-1,-1,False,0.5114267,0.10603727
20260204_100826_beam1_az136,20260204_100826,1,136.0,,,/home/tobeornot8259748/projects/balloon_radar_project/data/raw/detection_dataset/train/Background_IQ/IQ_Data/20260204_100826_beam1_az136.mat,0,0.037616238,30,83,-1,-1,False,0.6288762,0.17935716
20260204_100826_beam1_az145,20260204_100826,1,145.0,,,/home/tobeornot8259748/projects/balloon_radar_project/data/raw/detection_dataset/train/Background_IQ/IQ_Data/20260204_100826_beam1_az145.mat,0,0.089890674,53,59,-1,-1,False,0.68128765,0.21649063
20260204_100826_beam1_az154,20260204_100826,1,154.0,,,/home/tobeornot8259748/projects/balloon_radar_project/data/raw/detection_dataset/train/Background_IQ/IQ_Data/20260204_100826_beam1_az154.mat,0,0.04367418,61,59,-1,-1,False,0.5839493,0.12461956
20260204_100826_beam1_az163,20260204_100826,1,163.0,,,/home/tobeornot8259748/projects/balloon_radar_project/data/raw/detection_dataset/train/Background_IQ/IQ_Data/20260204_100826_beam1_az163.mat,0,0.050316516,27,0,-1,-1,False,0.70277023,0.3656336
20260204_100826_beam1_az172,20260204_100826,1,172.0,,,/home/tobeornot8259748/projects/balloon_radar_project/data/raw/detection_dataset/val/Background_IQ/IQ_Data/20260204_100826_beam1_az172.mat,0,0.029132584,99,127,-1,-1,False,0.076107584,0.0
20260204_100826_beam1_az181,20260204_100826,1,181.0,,,/home/tobeornot8259748/projects/balloon_radar_project/data/raw/detection_dataset/train/Background_IQ/IQ_Data/20260204_100826_beam1_az181.mat,0,0.10802567,64,68,-1,-1,False,0.6500457,0.2521493
20260204_100826_beam1_az190,20260204_100826,1,190.0,,,/home/tobeornot8259748/projects/balloon_radar_project/data/raw/detection_dataset/val/Background_IQ/IQ_Data/20260204_100826_beam1_az190.mat,0,0.041340817,70,65,-1,-1,False,0.6758236,0.08400624
20260204_100826_beam1_az199,20260204_100826,1,199.0,,,/home/tobeornot8259748/projects/balloon_radar_project/data/raw/detection_dataset/test/Background_IQ/IQ_Data/20260204_100826_beam1_az199.mat,0,0.27620825,51,59,-1,-1,False,0.706264,0.23548043
20260204_100826_beam2_az001,20260204_100826,2,1.0,,,/home/tobeornot8259748/projects/balloon_radar_project/data/raw/detection_dataset/test/Background_IQ/IQ_Data/20260204_100826_beam2_az001.mat,0,0.28707722,71,61,-1,-1,False,0.72150606,0.30544207
20260204_100826_beam2_az010,20260204_100826,2,10.0,,,/home/tobeornot8259748/projects/balloon_radar_project/data/raw/detection_dataset/train/Background_IQ/IQ_Data/20260204_100826_beam2_az010.mat,0,0.026668932,45,0,-1,-1,False,0.5993402,0.10571169
20260204_100826_beam2_az019,20260204_100826,2,19.0,,,/home/tobeornot8259748/projects/balloon_radar_project/data/raw/detection_dataset/train/Background_IQ/IQ_Data/20260204_100826_beam2_az019.mat,0,0.030623512,30,36,-1,-1,False,0.6617547,0.14000171
20260204_100826_beam2_az028,20260204_100826,2,28.0,,,/home/tobeornot8259748/projects/balloon_radar_project/data/raw/detection_dataset/train/Background_IQ/IQ_Data/20260204_100826_beam2_az028.mat,0,0.028785532,52,67,-1,-1,False,0.70464605,0.16048482
20260204_100826_beam2_az037,20260204_100826,2,37.0,,,/home/tobeornot8259748/projects/balloon_radar_project/data/raw/detection_dataset/train/Background_IQ/IQ_Data/20260204_100826_beam2_az037.mat,0,0.10675312,56,69,-1,-1,False,0.6478451,0.15015407
20260204_100826_beam2_az046,20260204_100826,2,46.0,,,/home/tobeornot8259748/projects/balloon_radar_project/data/raw/detection_dataset/train/Background_IQ/IQ_Data/20260204_100826_beam2_az046.mat,0,0.022288384,38,0,-1,-1,False,0.62786216,0.09249726
20260204_100826_beam2_az055,20260204_100826,2,55.0,,,/home/tobeornot8259748/projects/balloon_radar_project/data/raw/detection_dataset/train/Background_IQ/IQ_Data/20260204_100826_beam2_az055.mat,0,0.0670401,58,59,-1,-1,False,0.64886785,0.21942106
20260204_100826_beam2_az064,20260204_100826,2,64.0,,,/home/tobeornot8259748/projects/balloon_radar_project/data/raw/detection_dataset/train/Background_IQ/IQ_Data/20260204_100826_beam2_az064.mat,0,0.037524175,19,66,-1,-1,False,0.6959594,0.4571179
20260204_100826_beam2_az073,20260204_100826,2,73.0,,,/home/tobeornot8259748/projects/balloon_radar_project/data/raw/detection_dataset/test/Background_IQ/IQ_Data/20260204_100826_beam2_az073.mat,0,0.11600878,54,59,-1,-1,False,0.66132873,0.21464856
20260204_100826_beam2_az082,20260204_100826,2,82.0,,,/home/tobeornot8259748/projects/balloon_radar_project/data/raw/detection_dataset/test/Background_IQ/IQ_Data/20260204_100826_beam2_az082.mat,0,0.11509354,19,66,-1,-1,False,0.7148772,0.509941
20260204_100826_beam2_az091,20260204_100826,2,91.0,,,/home/tobeornot8259748/projects/balloon_radar_project/data/raw/detection_dataset/train/Background_IQ/IQ_Data/20260204_100826_beam2_az091.mat,0,0.061314467,66,69,-1,-1,False,0.59552085,0.1697535
20260204_100826_beam2_az100,20260204_100826,2,100.0,,,/home/tobeornot8259748/projects/balloon_radar_project/data/raw/detection_dataset/train/Background_IQ/IQ_Data/20260204_100826_beam2_az100.mat,0,0.041307032,49,67,-1,-1,False,0.7010461,0.19885367
20260204_100826_beam2_az109,20260204_100826,2,109.0,,,/home/tobeornot8259748/projects/balloon_radar_project/data/raw/detection_dataset/train/Background_IQ/IQ_Data/20260204_100826_beam2_az109.mat,0,0.07523107,33,59,-1,-1,False,0.7195479,0.28799027
20260204_100826_beam2_az118,20260204_100826,2,118.0,,,/home/tobeornot8259748/projects/balloon_radar_project/data/raw/detection_dataset/train/Background_IQ/IQ_Data/20260204_100826_beam2_az118.mat,0,0.12281931,37,72,-1,-1,False,0.6773692,0.14837214
20260204_100826_beam2_az127,20260204_100826,2,127.0,,,/home/tobeornot8259748/projects/balloon_radar_project/data/raw/detection_dataset/train/Background_IQ/IQ_Data/20260204_100826_beam2_az127.mat,0,0.06948145,11,59,-1,-1,False,0.72074443,0.2498
20260204_100826_beam2_az136,20260204_100826,2,136.0,,,/home/tobeornot8259748/projects/balloon_radar_project/data/raw/detection_dataset/val/Background_IQ/IQ_Data/20260204_100826_beam2_az136.mat,0,0.08047065,11,59,-1,-1,False,0.6945895,0.33141258
20260204_100826_beam2_az145,20260204_100826,2,145.0,,,/home/tobeornot8259748/projects/balloon_radar_project/data/raw/detection_dataset/train/Background_IQ/IQ_Data/20260204_100826_beam2_az145.mat,0,0.1338051,74,59,-1,-1,False,0.65080595,0.1811222
20260204_100826_beam2_az154,20260204_100826,2,154.0,,,/home/tobeornot8259748/projects/balloon_radar_project/data/raw/detection_dataset/train/Background_IQ/IQ_Data/20260204_100826_beam2_az154.mat,0,0.06028081,58,59,-1,-1,False,0.62054646,0.17852281
20260204_100826_beam2_az163,20260204_100826,2,163.0,,,/home/tobeornot8259748/projects/balloon_radar_project/data/raw/detection_dataset/train/Background_IQ/IQ_Data/20260204_100826_beam2_az163.mat,0,0.04064063,11,59,-1,-1,False,0.6890856,0.32942757
20260204_100826_beam2_az172,20260204_100826,2,172.0,,,/home/tobeornot8259748/projects/balloon_radar_project/data/raw/detection_dataset/train/Background_IQ/IQ_Data/20260204_100826_beam2_az172.mat,0,0.031961754,48,0,-1,-1,False,0.5310272,0.121243715
20260204_100826_beam2_az181,20260204_100826,2,181.0,,,/home/tobeornot8259748/projects/balloon_radar_project/data/raw/detection_dataset/train/Background_IQ/IQ_Data/20260204_100826_beam2_az181.mat,0,0.15428819,64,60,-1,-1,False,0.7028127,0.2817993
20260204_100826_beam2_az190,20260204_100826,2,190.0,,,/home/tobeornot8259748/projects/balloon_radar_project/data/raw/detection_dataset/train/Background_IQ/IQ_Data/20260204_100826_beam2_az190.mat,0,0.021628845,28,0,-1,-1,False,0.67283446,0.062038288
20260204_100826_beam2_az199,20260204_100826,2,199.0,,,/home/tobeornot8259748/projects/balloon_radar_project/data/raw/detection_dataset/train/Background_IQ/IQ_Data/20260204_100826_beam2_az199.mat,0,0.17865619,72,69,-1,-1,False,0.6752435,0.17744325
20260204_100826_beam3_az001,20260204_100826,3,1.0,,,/home/tobeornot8259748/projects/balloon_radar_project/data/raw/detection_dataset/val/Background_IQ/IQ_Data/20260204_100826_beam3_az001.mat,0,0.3643978,11,69,-1,-1,False,0.6824351,0.3616184
20260204_100826_beam3_az010,20260204_100826,3,10.0,,,/home/tobeornot8259748/projects/balloon_radar_project/data/raw/detection_dataset/val/Background_IQ/IQ_Data/20260204_100826_beam3_az010.mat,0,0.037121817,0,69,-1,-1,False,0.5010472,0.18071184
20260204_100826_beam3_az019,20260204_100826,3,19.0,,,/home/tobeornot8259748/projects/balloon_radar_project/data/raw/detection_dataset/test/Background_IQ/IQ_Data/20260204_100826_beam3_az019.mat,0,0.2909547,11,69,-1,-1,False,0.7019045,0.36801243
20260204_100826_beam3_az028,20260204_100826,3,28.0,,,/home/tobeornot8259748/projects/balloon_radar_project/data/raw/detection_dataset/train/Background_IQ/IQ_Data/20260204_100826_beam3_az028.mat,0,0.12527114,20,66,-1,-1,False,0.7805968,0.5515304
20260204_100826_beam3_az037,20260204_100826,3,37.0,,,/home/tobeornot8259748/projects/balloon_radar_project/data/raw/detection_dataset/train/Background_IQ/IQ_Data/20260204_100826_beam3_az037.mat,0,0.19696562,11,69,-1,-1,False,0.72276247,0.37489375
20260204_100826_beam3_az046,20260204_100826,3,46.0,,,/home/tobeornot8259748/projects/balloon_radar_project/data/raw/detection_dataset/train/Background_IQ/IQ_Data/20260204_100826_beam3_az046.mat,0,0.040080514,0,69,-1,-1,False,0.50727326,0.18886681
20260204_100826_beam3_az055,20260204_100826,3,55.0,,,/home/tobeornot8259748/projects/balloon_radar_project/data/raw/detection_dataset/train/Background_IQ/IQ_Data/20260204_100826_beam3_az055.mat,0,0.35766932,11,59,-1,-1,False,0.67172325,0.36535144
20260204_100826_beam3_az064,20260204_100826,3,64.0,,,/home/tobeornot8259748/projects/balloon_radar_project/data/raw/detection_dataset/train/Background_IQ/IQ_Data/20260204_100826_beam3_az064.mat,0,0.19259886,11,62,-1,-1,False,0.6907455,0.60296535
20260204_100826_beam3_az073,20260204_100826,3,73.0,,,/home/tobeornot8259748/projects/balloon_radar_project/data/raw/detection_dataset/train/Background_IQ/IQ_Data/20260204_100826_beam3_az073.mat,0,0.17035533,12,59,-1,-1,False,0.6221993,0.30410367
20260204_100826_beam3_az082,20260204_100826,3,82.0,,,/home/tobeornot8259748/projects/balloon_radar_project/data/raw/detection_dataset/train/Background_IQ/IQ_Data/20260204_100826_beam3_az082.mat,0,0.0576518,10,69,-1,-1,False,0.62533784,0.3634677
20260204_100826_beam3_az091,20260204_100826,3,91.0,,,/home/tobeornot8259748/projects/balloon_radar_project/data/raw/detection_dataset/train/Background_IQ/IQ_Data/20260204_100826_beam3_az091.mat,0,0.23280907,11,69,-1,-1,False,0.6628918,0.36290175
20260204_100826_beam3_az100,20260204_100826,3,100.0,,,/home/tobeornot8259748/projects/balloon_radar_project/data/raw/detection_dataset/train/Background_IQ/IQ_Data/20260204_100826_beam3_az100.mat,0,0.122170545,11,59,-1,-1,False,0.72903603,0.3821889
20260204_100826_beam3_az109,20260204_100826,3,109.0,,,/home/tobeornot8259748/projects/balloon_radar_project/data/raw/detection_dataset/train/Background_IQ/IQ_Data/20260204_100826_beam3_az109.mat,0,0.32697046,13,59,-1,-1,False,0.662927,0.3558948
20260204_100826_beam3_az118,20260204_100826,3,118.0,,,/home/tobeornot8259748/projects/balloon_radar_project/data/raw/detection_dataset/train/Background_IQ/IQ_Data/20260204_100826_beam3_az118.mat,0,0.122798845,12,59,-1,-1,False,0.6874873,0.37959197
20260204_100826_beam3_az127,20260204_100826,3,127.0,,,/home/tobeornot8259748/projects/balloon_radar_project/data/raw/detection_dataset/train/Background_IQ/IQ_Data/20260204_100826_beam3_az127.mat,0,0.086105205,11,59,-1,-1,False,0.5907501,0.24163035
20260204_100826_beam3_az136,20260204_100826,3,136.0,,,/home/tobeornot8259748/projects/balloon_radar_project/data/raw/detection_dataset/train/Background_IQ/IQ_Data/20260204_100826_beam3_az136.mat,0,0.056931414,11,67,-1,-1,False,0.63149804,0.39339587
20260204_100826_beam3_az145,20260204_100826,3,145.0,,,/home/tobeornot8259748/projects/balloon_radar_project/data/raw/detection_dataset/val/Background_IQ/IQ_Data/20260204_100826_beam3_az145.mat,0,0.14115994,74,59,-1,-1,False,0.656502,0.20755075
20260204_100826_beam3_az154,20260204_100826,3,154.0,,,/home/tobeornot8259748/projects/balloon_radar_project/data/raw/detection_dataset/test/Background_IQ/IQ_Data/20260204_100826_beam3_az154.mat,0,0.13596606,12,62,-1,-1,False,0.69191235,0.5326144
20260204_100826_beam3_az163,20260204_100826,3,163.0,,,/home/tobeornot8259748/projects/balloon_radar_project/data/raw/detection_dataset/train/Background_IQ/IQ_Data/20260204_100826_beam3_az163.mat,0,0.11899906,12,59,-1,-1,False,0.59101963,0.23611604
20260204_100826_beam3_az172,20260204_100826,3,172.0,,,/home/tobeornot8259748/projects/balloon_radar_project/data/raw/detection_dataset/train/Background_IQ/IQ_Data/20260204_100826_beam3_az172.mat,0,0.08487766,11,62,-1,-1,False,0.71764076,0.6124439
20260204_100826_beam3_az181,20260204_100826,3,181.0,,,/home/tobeornot8259748/projects/balloon_radar_project/data/raw/detection_dataset/train/Background_IQ/IQ_Data/20260204_100826_beam3_az181.mat,0,0.2850325,11,59,-1,-1,False,0.6645395,0.35801116
20260204_100826_beam3_az190,20260204_100826,3,190.0,,,/home/tobeornot8259748/projects/balloon_radar_project/data/raw/detection_dataset/train/Background_IQ/IQ_Data/20260204_100826_beam3_az190.mat,0,0.05389579,20,67,-1,-1,False,0.8015911,0.61593664
20260204_100826_beam3_az199,20260204_100826,3,199.0,,,/home/tobeornot8259748/projects/balloon_radar_project/data/raw/detection_dataset/train/Background_IQ/IQ_Data/20260204_100826_beam3_az199.mat,0,0.1849497,11,69,-1,-1,False,0.69660026,0.37318474
20260204_100826_beam4_az001,20260204_100826,4,1.0,,,/home/tobeornot8259748/projects/balloon_radar_project/data/raw/detection_dataset/train/Background_IQ/IQ_Data/20260204_100826_beam4_az001.mat,0,0.31258288,78,59,-1,-1,False,0.6019322,0.107816525
20260204_100826_beam4_az010,20260204_100826,4,10.0,,,/home/tobeornot8259748/projects/balloon_radar_project/data/raw/detection_dataset/test/Background_IQ/IQ_Data/20260204_100826_beam4_az010.mat,0,0.04586599,45,0,-1,-1,False,0.61962056,0.05645626
20260204_100826_beam4_az019,20260204_100826,4,19.0,,,/home/tobeornot8259748/projects/balloon_radar_project/data/raw/detection_dataset/test/Background_IQ/IQ_Data/20260204_100826_beam4_az019.mat,0,0.05206308,75,59,-1,-1,False,0.6091857,0.07373493
20260204_100826_beam4_az028,20260204_100826,4,28.0,,,/home/tobeornot8259748/projects/balloon_radar_project/data/raw/detection_dataset/train/Background_IQ/IQ_Data/20260204_100826_beam4_az028.mat,0,0.05505389,62,65,-1,-1,False,0.64577204,0.05468753
20260204_100826_beam4_az037,20260204_100826,4,37.0,,,/home/tobeornot8259748/projects/balloon_radar_project/data/raw/detection_dataset/test/Background_IQ/IQ_Data/20260204_100826_beam4_az037.mat,0,0.19232441,59,59,-1,-1,False,0.69260967,0.16112457
20260204_100826_beam4_az046,20260204_100826,4,46.0,,,/home/tobeornot8259748/projects/balloon_radar_project/data/raw/detection_dataset/train/Background_IQ/IQ_Data/20260204_100826_beam4_az046.mat,0,0.029230753,38,0,-1,-1,False,0.63283014,0.067145124
20260204_100826_beam4_az055,20260204_100826,4,55.0,,,/home/tobeornot8259748/projects/balloon_radar_project/data/raw/detection_dataset/train/Background_IQ/IQ_Data/20260204_100826_beam4_az055.mat,0,0.09042509,64,64,-1,-1,False,0.6186043,0.121276654
20260204_100826_beam4_az064,20260204_100826,4,64.0,,,/home/tobeornot8259748/projects/balloon_radar_project/data/raw/detection_dataset/train/Background_IQ/IQ_Data/20260204_100826_beam4_az064.mat,0,0.02764408,28,13,-1,-1,False,0.69321185,0.19008246
20260204_100826_beam4_az073,20260204_100826,4,73.0,,,/home/tobeornot8259748/projects/balloon_radar_project/data/raw/detection_dataset/train/Background_IQ/IQ_Data/20260204_100826_beam4_az073.mat,0,0.058762603,51,59,-1,-1,False,0.60271955,0.152463
20260204_100826_beam4_az082,20260204_100826,4,82.0,,,/home/tobeornot8259748/projects/balloon_radar_project/data/raw/detection_dataset/train/Background_IQ/IQ_Data/20260204_100826_beam4_az082.mat,0,0.032698713,39,127,-1,-1,False,0.6379265,0.06201296
20260204_100826_beam4_az091,20260204_100826,4,91.0,,,/home/tobeornot8259748/projects/balloon_radar_project/data/raw/detection_dataset/test/Background_IQ/IQ_Data/20260204_100826_beam4_az091.mat,0,0.08940298,38,68,-1,-1,False,0.7240504,0.26294786
20260204_100826_beam4_az100,20260204_100826,4,100.0,,,/home/tobeornot8259748/projects/balloon_radar_project/data/raw/detection_dataset/train/Background_IQ/IQ_Data/20260204_100826_beam4_az100.mat,0,0.03546918,85,62,-1,-1,False,0.6578049,0.39282057
20260204_100826_beam4_az109,20260204_100826,4,109.0,,,/home/tobeornot8259748/projects/balloon_radar_project/data/raw/detection_dataset/train/Background_IQ/IQ_Data/20260204_100826_beam4_az109.mat,0,0.12804165,78,69,-1,-1,False,0.66130346,0.1720428
20260204_100826_beam4_az118,20260204_100826,4,118.0,,,/home/tobeornot8259748/projects/balloon_radar_project/data/raw/detection_dataset/test/Background_IQ/IQ_Data/20260204_100826_beam4_az118.mat,0,0.08150139,48,64,-1,-1,False,0.7119977,0.27674595
20260204_100826_beam4_az127,20260204_100826,4,127.0,,,/home/tobeornot8259748/projects/balloon_radar_project/data/raw/detection_dataset/train/Background_IQ/IQ_Data/20260204_100826_beam4_az127.mat,0,0.16787887,11,59,-1,-1,False,0.6722372,0.28552085
20260204_100826_beam4_az136,20260204_100826,4,136.0,,,/home/tobeornot8259748/projects/balloon_radar_project/data/raw/detection_dataset/train/Background_IQ/IQ_Data/20260204_100826_beam4_az136.mat,0,0.12854213,11,59,-1,-1,False,0.6259264,0.25545606
20260204_100826_beam4_az145,20260204_100826,4,145.0,,,/home/tobeornot8259748/projects/balloon_radar_project/data/raw/detection_dataset/train/Background_IQ/IQ_Data/20260204_100826_beam4_az145.mat,0,0.1880014,11,59,-1,-1,False,0.67470264,0.27197224
20260204_100826_beam4_az154,20260204_100826,4,154.0,,,/home/tobeornot8259748/projects/balloon_radar_project/data/raw/detection_dataset/train/Background_IQ/IQ_Data/20260204_100826_beam4_az154.mat,0,0.16536771,11,59,-1,-1,False,0.71349645,0.3125436
20260204_100826_beam4_az163,20260204_100826,4,163.0,,,/home/tobeornot8259748/projects/balloon_radar_project/data/raw/detection_dataset/train/Background_IQ/IQ_Data/20260204_100826_beam4_az163.mat,0,0.15629674,11,59,-1,-1,False,0.6449502,0.27012673
20260204_100826_beam4_az172,20260204_100826,4,172.0,,,/home/tobeornot8259748/projects/balloon_radar_project/data/raw/detection_dataset/test/Background_IQ/IQ_Data/20260204_100826_beam4_az172.mat,0,0.042078238,28,36,-1,-1,False,0.6133605,0.21097402
20260204_100826_beam4_az181,20260204_100826,4,181.0,,,/home/tobeornot8259748/projects/balloon_radar_project/data/raw/detection_dataset/train/Background_IQ/IQ_Data/20260204_100826_beam4_az181.mat,0,0.2407481,63,68,-1,-1,False,0.7542667,0.31714895
20260204_100826_beam4_az190,20260204_100826,4,190.0,,,/home/tobeornot8259748/projects/balloon_radar_project/data/raw/detection_dataset/test/Background_IQ/IQ_Data/20260204_100826_beam4_az190.mat,0,0.024460366,46,127,-1,-1,False,0.67352635,0.017044999
20260204_100826_beam4_az199,20260204_100826,4,199.0,,,/home/tobeornot8259748/projects/balloon_radar_project/data/raw/detection_dataset/train/Background_IQ/IQ_Data/20260204_100826_beam4_az199.mat,0,0.5506002,70,68,-1,-1,False,0.72296476,0.19907814
20260204_100826_beam5_az001,20260204_100826,5,1.0,,,/home/tobeornot8259748/projects/balloon_radar_project/data/raw/detection_dataset/train/Background_IQ/IQ_Data/20260204_100826_beam5_az001.mat,0,0.12568353,78,64,-1,-1,False,0.6011393,0.119267926
20260204_100826_beam5_az010,20260204_100826,5,10.0,,,/home/tobeornot8259748/projects/balloon_radar_project/data/raw/detection_dataset/train/Background_IQ/IQ_Data/20260204_100826_beam5_az010.mat,0,0.07684413,59,68,-1,-1,False,0.6391468,0.109883055
20260204_100826_beam5_az019,20260204_100826,5,19.0,,,/home/tobeornot8259748/projects/balloon_radar_project/data/raw/detection_dataset/test/Background_IQ/IQ_Data/20260204_100826_beam5_az019.mat,0,0.118689805,74,59,-1,-1,False,0.65422785,0.11907968
20260204_100826_beam5_az028,20260204_100826,5,28.0,,,/home/tobeornot8259748/projects/balloon_radar_project/data/raw/detection_dataset/train/Background_IQ/IQ_Data/20260204_100826_beam5_az028.mat,0,0.031083293,92,61,-1,-1,False,0.46283862,0.11819764
20260204_100826_beam5_az037,20260204_100826,5,37.0,,,/home/tobeornot8259748/projects/balloon_radar_project/data/raw/detection_dataset/train/Background_IQ/IQ_Data/20260204_100826_beam5_az037.mat,0,0.17459796,48,66,-1,-1,False,0.7231027,0.2372159
20260204_100826_beam5_az046,20260204_100826,5,46.0,,,/home/tobeornot8259748/projects/balloon_radar_project/data/raw/detection_dataset/train/Background_IQ/IQ_Data/20260204_100826_beam5_az046.mat,0,0.030856466,82,0,-1,-1,False,0.39123547,0.0012903536
20260204_100826_beam5_az055,20260204_100826,5,55.0,,,/home/tobeornot8259748/projects/balloon_radar_project/data/raw/detection_dataset/train/Background_IQ/IQ_Data/20260204_100826_beam5_az055.mat,0,0.052955095,53,59,-1,-1,False,0.638668,0.10462593
20260204_100826_beam5_az064,20260204_100826,5,64.0,,,/home/tobeornot8259748/projects/balloon_radar_project/data/raw/detection_dataset/val/Background_IQ/IQ_Data/20260204_100826_beam5_az064.mat,0,0.026032647,28,104,-1,-1,False,0.6829856,0.14534178
20260204_100826_beam5_az073,20260204_100826,5,73.0,,,/home/tobeornot8259748/projects/balloon_radar_project/data/raw/detection_dataset/train/Background_IQ/IQ_Data/20260204_100826_beam5_az073.mat,0,0.051795736,50,69,-1,-1,False,0.5981633,0.11464051
20260204_100826_beam5_az082,20260204_100826,5,82.0,,,/home/tobeornot8259748/projects/balloon_radar_project/data/raw/detection_dataset/train/Background_IQ/IQ_Data/20260204_100826_beam5_az082.mat,0,0.047399834,55,69,-1,-1,False,0.6152377,0.11566514
20260204_100826_beam5_az091,20260204_100826,5,91.0,,,/home/tobeornot8259748/projects/balloon_radar_project/data/raw/detection_dataset/train/Background_IQ/IQ_Data/20260204_100826_beam5_az091.mat,0,0.25265527,39,68,-1,-1,False,0.69626826,0.17857221
20260204_100826_beam5_az100,20260204_100826,5,100.0,,,/home/tobeornot8259748/projects/balloon_radar_project/data/raw/detection_dataset/train/Background_IQ/IQ_Data/20260204_100826_beam5_az100.mat,0,0.03139032,92,61,-1,-1,False,0.47707155,0.12869859
20260204_100826_beam5_az109,20260204_100826,5,109.0,,,/home/tobeornot8259748/projects/balloon_radar_project/data/raw/detection_dataset/train/Background_IQ/IQ_Data/20260204_100826_beam5_az109.mat,0,0.08629503,78,69,-1,-1,False,0.6295265,0.13597348
20260204_100826_beam5_az118,20260204_100826,5,118.0,,,/home/tobeornot8259748/projects/balloon_radar_project/data/raw/detection_dataset/test/Background_IQ/IQ_Data/20260204_100826_beam5_az118.mat,0,0.06377773,48,62,-1,-1,False,0.6801363,0.18711789
20260204_100826_beam5_az127,20260204_100826,5,127.0,,,/home/tobeornot8259748/projects/balloon_radar_project/data/raw/detection_dataset/train/Background_IQ/IQ_Data/20260204_100826_beam5_az127.mat,0,0.1040256,68,59,-1,-1,False,0.6378324,0.2209022
20260204_100826_beam5_az136,20260204_100826,5,136.0,,,/home/tobeornot8259748/projects/balloon_radar_project/data/raw/detection_dataset/train/Background_IQ/IQ_Data/20260204_100826_beam5_az136.mat,0,0.039569095,94,127,-1,-1,False,0.07680227,0.0
20260204_100826_beam5_az145,20260204_100826,5,145.0,,,/home/tobeornot8259748/projects/balloon_radar_project/data/raw/detection_dataset/test/Background_IQ/IQ_Data/20260204_100826_beam5_az145.mat,0,0.032571297,57,59,-1,-1,False,0.6111517,0.1797222
20260204_100826_beam5_az154,20260204_100826,5,154.0,,,/home/tobeornot8259748/projects/balloon_radar_project/data/raw/detection_dataset/train/Background_IQ/IQ_Data/20260204_100826_beam5_az154.mat,0,0.026273934,0,0,-1,-1,False,0.3107601,0.0
20260204_100826_beam5_az163,20260204_100826,5,163.0,,,/home/tobeornot8259748/projects/balloon_radar_project/data/raw/detection_dataset/test/Background_IQ/IQ_Data/20260204_100826_beam5_az163.mat,0,0.06340653,55,59,-1,-1,False,0.58010083,0.18455485
20260204_100826_beam5_az172,20260204_100826,5,172.0,,,/home/tobeornot8259748/projects/balloon_radar_project/data/raw/detection_dataset/train/Background_IQ/IQ_Data/20260204_100826_beam5_az172.mat,0,0.043734994,29,0,-1,-1,False,0.60296655,0.19628604
20260204_100826_beam5_az181,20260204_100826,5,181.0,,,/home/tobeornot8259748/projects/balloon_radar_project/data/raw/detection_dataset/val/Background_IQ/IQ_Data/20260204_100826_beam5_az181.mat,0,0.27307284,61,69,-1,-1,False,0.67999315,0.20170096
20260204_100826_beam5_az190,20260204_100826,5,190.0,,,/home/tobeornot8259748/projects/balloon_radar_project/data/raw/detection_dataset/train/Background_IQ/IQ_Data/20260204_100826_beam5_az190.mat,0,0.030964905,92,61,-1,-1,False,0.47569546,0.12558642
20260204_100826_beam5_az199,20260204_100826,5,199.0,,,/home/tobeornot8259748/projects/balloon_radar_project/data/raw/detection_dataset/train/Background_IQ/IQ_Data/20260204_100826_beam5_az199.mat,0,0.09814869,51,69,-1,-1,False,0.6655918,0.13465743
20260204_100932_beam1_az001,20260204_100932,1,1.0,,,/home/tobeornot8259748/projects/balloon_radar_project/data/raw/detection_dataset/train/Background_IQ/IQ_Data/20260204_100932_beam1_az001.mat,0,0.03842153,75,69,-1,-1,False,0.5529203,0.11993655
20260204_100932_beam1_az010,20260204_100932,1,10.0,,,/home/tobeornot8259748/projects/balloon_radar_project/data/raw/detection_dataset/train/Background_IQ/IQ_Data/20260204_100932_beam1_az010.mat,0,0.020700103,0,127,-1,-1,False,0.37766227,0.0
20260204_100932_beam1_az019,20260204_100932,1,19.0,,,/home/tobeornot8259748/projects/balloon_radar_project/data/raw/detection_dataset/val/Background_IQ/IQ_Data/20260204_100932_beam1_az019.mat,0,0.068111785,53,59,-1,-1,False,0.7343794,0.29415637
20260204_100932_beam1_az028,20260204_100932,1,28.0,,,/home/tobeornot8259748/projects/balloon_radar_project/data/raw/detection_dataset/test/Background_IQ/IQ_Data/20260204_100932_beam1_az028.mat,0,0.02400408,42,127,-1,-1,False,0.53284466,0.0064067184
20260204_100932_beam1_az037,20260204_100932,1,37.0,,,/home/tobeornot8259748/projects/balloon_radar_project/data/raw/detection_dataset/train/Background_IQ/IQ_Data/20260204_100932_beam1_az037.mat,0,0.14429411,58,59,-1,-1,False,0.6385495,0.2268352
20260204_100932_beam1_az046,20260204_100932,1,46.0,,,/home/tobeornot8259748/projects/balloon_radar_project/data/raw/detection_dataset/val/Background_IQ/IQ_Data/20260204_100932_beam1_az046.mat,0,0.05026203,28,0,-1,-1,False,0.6960076,0.22212118
20260204_100932_beam1_az055,20260204_100932,1,55.0,,,/home/tobeornot8259748/projects/balloon_radar_project/data/raw/detection_dataset/train/Background_IQ/IQ_Data/20260204_100932_beam1_az055.mat,0,0.19036958,80,63,-1,-1,False,0.6110805,0.27796862
20260204_100932_beam1_az064,20260204_100932,1,64.0,,,/home/tobeornot8259748/projects/balloon_radar_project/data/raw/detection_dataset/train/Background_IQ/IQ_Data/20260204_100932_beam1_az064.mat,0,0.043266345,19,66,-1,-1,False,0.73235136,0.5070233
20260204_100932_beam1_az073,20260204_100932,1,73.0,,,/home/tobeornot8259748/projects/balloon_radar_project/data/raw/detection_dataset/train/Background_IQ/IQ_Data/20260204_100932_beam1_az073.mat,0,0.03900911,67,69,-1,-1,False,0.5842685,0.18729508
20260204_100932_beam1_az082,20260204_100932,1,82.0,,,/home/tobeornot8259748/projects/balloon_radar_project/data/raw/detection_dataset/train/Background_IQ/IQ_Data/20260204_100932_beam1_az082.mat,0,0.040221177,49,67,-1,-1,False,0.69117,0.22392166
20260204_100932_beam1_az091,20260204_100932,1,91.0,,,/home/tobeornot8259748/projects/balloon_radar_project/data/raw/detection_dataset/train/Background_IQ/IQ_Data/20260204_100932_beam1_az091.mat,0,0.08457925,39,59,-1,-1,False,0.6654573,0.21343622
20260204_100932_beam1_az100,20260204_100932,1,100.0,,,/home/tobeornot8259748/projects/balloon_radar_project/data/raw/detection_dataset/train/Background_IQ/IQ_Data/20260204_100932_beam1_az100.mat,0,0.17466281,37,67,-1,-1,False,0.6922312,0.20156287
20260204_100932_beam1_az109,20260204_100932,1,109.0,,,/home/tobeornot8259748/projects/balloon_radar_project/data/raw/detection_dataset/train/Background_IQ/IQ_Data/20260204_100932_beam1_az109.mat,0,0.058943827,75,59,-1,-1,False,0.72612554,0.27386656
20260204_100932_beam1_az118,20260204_100932,1,118.0,,,/home/tobeornot8259748/projects/balloon_radar_project/data/raw/detection_dataset/train/Background_IQ/IQ_Data/20260204_100932_beam1_az118.mat,0,0.042545445,30,77,-1,-1,False,0.66485965,0.22777918
20260204_100932_beam1_az127,20260204_100932,1,127.0,,,/home/tobeornot8259748/projects/balloon_radar_project/data/raw/detection_dataset/test/Background_IQ/IQ_Data/20260204_100932_beam1_az127.mat,0,0.1083608,75,59,-1,-1,False,0.6364217,0.16409807
20260204_100932_beam1_az136,20260204_100932,1,136.0,,,/home/tobeornot8259748/projects/balloon_radar_project/data/raw/detection_dataset/train/Background_IQ/IQ_Data/20260204_100932_beam1_az136.mat,0,0.05242606,58,68,-1,-1,False,0.6203676,0.16579479
20260204_100932_beam1_az145,20260204_100932,1,145.0,,,/home/tobeornot8259748/projects/balloon_radar_project/data/raw/detection_dataset/train/Background_IQ/IQ_Data/20260204_100932_beam1_az145.mat,0,0.047055244,27,0,-1,-1,False,0.68383217,0.33393037
20260204_100932_beam1_az154,20260204_100932,1,154.0,,,/home/tobeornot8259748/projects/balloon_radar_project/data/raw/detection_dataset/train/Background_IQ/IQ_Data/20260204_100932_beam1_az154.mat,0,0.029728802,99,127,-1,-1,False,0.07524984,0.0
20260204_100932_beam1_az163,20260204_100932,1,163.0,,,/home/tobeornot8259748/projects/balloon_radar_project/data/raw/detection_dataset/train/Background_IQ/IQ_Data/20260204_100932_beam1_az163.mat,0,0.09800194,63,69,-1,-1,False,0.592429,0.17949106
20260204_100932_beam1_az172,20260204_100932,1,172.0,,,/home/tobeornot8259748/projects/balloon_radar_project/data/raw/detection_dataset/train/Background_IQ/IQ_Data/20260204_100932_beam1_az172.mat,0,0.030821884,63,68,-1,-1,False,0.65935695,0.10004451
20260204_100932_beam1_az181,20260204_100932,1,181.0,,,/home/tobeornot8259748/projects/balloon_radar_project/data/raw/detection_dataset/test/Background_IQ/IQ_Data/20260204_100932_beam1_az181.mat,0,0.14260772,48,68,-1,-1,False,0.75120735,0.3162139
20260204_100932_beam1_az190,20260204_100932,1,190.0,,,/home/tobeornot8259748/projects/balloon_radar_project/data/raw/detection_dataset/train/Background_IQ/IQ_Data/20260204_100932_beam1_az190.mat,0,0.023179626,7,66,-1,-1,False,0.8356855,0.72337157
20260204_100932_beam1_az199,20260204_100932,1,199.0,,,/home/tobeornot8259748/projects/balloon_radar_project/data/raw/detection_dataset/train/Background_IQ/IQ_Data/20260204_100932_beam1_az199.mat,0,0.030524388,73,68,-1,-1,False,0.5994603,0.043429594
20260204_100932_beam2_az001,20260204_100932,2,1.0,,,/home/tobeornot8259748/projects/balloon_radar_project/data/raw/detection_dataset/test/Background_IQ/IQ_Data/20260204_100932_beam2_az001.mat,0,0.05521833,73,69,-1,-1,False,0.55501366,0.06402247
20260204_100932_beam2_az010,20260204_100932,2,10.0,,,/home/tobeornot8259748/projects/balloon_radar_project/data/raw/detection_dataset/train/Background_IQ/IQ_Data/20260204_100932_beam2_az010.mat,0,0.03312632,25,48,-1,-1,False,0.687928,0.10440041
20260204_100932_beam2_az019,20260204_100932,2,19.0,,,/home/tobeornot8259748/projects/balloon_radar_project/data/raw/detection_dataset/val/Background_IQ/IQ_Data/20260204_100932_beam2_az019.mat,0,0.1522455,51,62,-1,-1,False,0.7876771,0.369159
20260204_100932_beam2_az028,20260204_100932,2,28.0,,,/home/tobeornot8259748/projects/balloon_radar_project/data/raw/detection_dataset/train/Background_IQ/IQ_Data/20260204_100932_beam2_az028.mat,0,0.0223041,99,127,-1,-1,False,0.09794477,0.0
20260204_100932_beam2_az037,20260204_100932,2,37.0,,,/home/tobeornot8259748/projects/balloon_radar_project/data/raw/detection_dataset/val/Background_IQ/IQ_Data/20260204_100932_beam2_az037.mat,0,0.11103822,58,59,-1,-1,False,0.6513052,0.23248602
20260204_100932_beam2_az046,20260204_100932,2,46.0,,,/home/tobeornot8259748/projects/balloon_radar_project/data/raw/detection_dataset/train/Background_IQ/IQ_Data/20260204_100932_beam2_az046.mat,0,0.041033126,19,66,-1,-1,False,0.6836806,0.44676447
20260204_100932_beam2_az055,20260204_100932,2,55.0,,,/home/tobeornot8259748/projects/balloon_radar_project/data/raw/detection_dataset/train/Background_IQ/IQ_Data/20260204_100932_beam2_az055.mat,0,0.14932771,56,59,-1,-1,False,0.6717163,0.21850869
20260204_100932_beam2_az064,20260204_100932,2,64.0,,,/home/tobeornot8259748/projects/balloon_radar_project/data/raw/detection_dataset/test/Background_IQ/IQ_Data/20260204_100932_beam2_az064.mat,0,0.09598671,19,66,-1,-1,False,0.71336967,0.5037284
20260204_100932_beam2_az073,20260204_100932,2,73.0,,,/home/tobeornot8259748/projects/balloon_radar_project/data/raw/detection_dataset/test/Background_IQ/IQ_Data/20260204_100932_beam2_az073.mat,0,0.061324157,67,69,-1,-1,False,0.5977048,0.1985079
20260204_100932_beam2_az082,20260204_100932,2,82.0,,,/home/tobeornot8259748/projects/balloon_radar_project/data/raw/detection_dataset/train/Background_IQ/IQ_Data/20260204_100932_beam2_az082.mat,0,0.039404195,49,67,-1,-1,False,0.7071573,0.21526858
20260204_100932_beam2_az091,20260204_100932,2,91.0,,,/home/tobeornot8259748/projects/balloon_radar_project/data/raw/detection_dataset/train/Background_IQ/IQ_Data/20260204_100932_beam2_az091.mat,0,0.073342375,80,60,-1,-1,False,0.6523968,0.30642176
20260204_100932_beam2_az100,20260204_100932,2,100.0,,,/home/tobeornot8259748/projects/balloon_radar_project/data/raw/detection_dataset/train/Background_IQ/IQ_Data/20260204_100932_beam2_az100.mat,0,0.050344385,48,67,-1,-1,False,0.69925773,0.21678327
20260204_100932_beam2_az109,20260204_100932,2,109.0,,,/home/tobeornot8259748/projects/balloon_radar_project/data/raw/detection_dataset/train/Background_IQ/IQ_Data/20260204_100932_beam2_az109.mat,0,0.068630986,11,59,-1,-1,False,0.7170979,0.25051734
20260204_100932_beam2_az118,20260204_100932,2,118.0,,,/home/tobeornot8259748/projects/balloon_radar_project/data/raw/detection_dataset/train/Background_IQ/IQ_Data/20260204_100932_beam2_az118.mat,0,0.072149456,11,59,-1,-1,False,0.6863126,0.32324257
20260204_100932_beam2_az127,20260204_100932,2,127.0,,,/home/tobeornot8259748/projects/balloon_radar_project/data/raw/detection_dataset/train/Background_IQ/IQ_Data/20260204_100932_beam2_az127.mat,0,0.18073243,74,59,-1,-1,False,0.6688588,0.17844255
20260204_100932_beam2_az136,20260204_100932,2,136.0,,,/home/tobeornot8259748/projects/balloon_radar_project/data/raw/detection_dataset/train/Background_IQ/IQ_Data/20260204_100932_beam2_az136.mat,0,0.065577865,58,68,-1,-1,False,0.6612888,0.20263107
20260204_100932_beam2_az145,20260204_100932,2,145.0,,,/home/tobeornot8259748/projects/balloon_radar_project/data/raw/detection_dataset/train/Background_IQ/IQ_Data/20260204_100932_beam2_az145.mat,0,0.043700326,58,59,-1,-1,False,0.5481143,0.15373807
20260204_100932_beam2_az154,20260204_100932,2,154.0,,,/home/tobeornot8259748/projects/balloon_radar_project/data/raw/detection_dataset/val/Background_IQ/IQ_Data/20260204_100932_beam2_az154.mat,0,0.037996408,48,0,-1,-1,False,0.54258543,0.12596756
20260204_100932_beam2_az163,20260204_100932,2,163.0,,,/home/tobeornot8259748/projects/balloon_radar_project/data/raw/detection_dataset/test/Background_IQ/IQ_Data/20260204_100932_beam2_az163.mat,0,0.08935544,63,69,-1,-1,False,0.6493838,0.20507719
20260204_100932_beam2_az172,20260204_100932,2,172.0,,,/home/tobeornot8259748/projects/balloon_radar_project/data/raw/detection_dataset/val/Background_IQ/IQ_Data/20260204_100932_beam2_az172.mat,0,0.03065338,4,67,-1,-1,False,0.70584005,0.506093
20260204_100932_beam2_az181,20260204_100932,2,181.0,,,/home/tobeornot8259748/projects/balloon_radar_project/data/raw/detection_dataset/test/Background_IQ/IQ_Data/20260204_100932_beam2_az181.mat,0,0.22322759,69,59,-1,-1,False,0.6788122,0.17812245
20260204_100932_beam2_az190,20260204_100932,2,190.0,,,/home/tobeornot8259748/projects/balloon_radar_project/data/raw/detection_dataset/train/Background_IQ/IQ_Data/20260204_100932_beam2_az190.mat,0,0.06512059,4,67,-1,-1,False,0.73031723,0.5499555
20260204_100932_beam2_az199,20260204_100932,2,199.0,,,/home/tobeornot8259748/projects/balloon_radar_project/data/raw/detection_dataset/train/Background_IQ/IQ_Data/20260204_100932_beam2_az199.mat,0,0.058683414,72,68,-1,-1,False,0.65225166,0.06499945
20260204_100932_beam3_az001,20260204_100932,3,1.0,,,/home/tobeornot8259748/projects/balloon_radar_project/data/raw/detection_dataset/test/Background_IQ/IQ_Data/20260204_100932_beam3_az001.mat,0,0.2798875,11,69,-1,-1,False,0.697851,0.36402035
20260204_100932_beam3_az010,20260204_100932,3,10.0,,,/home/tobeornot8259748/projects/balloon_radar_project/data/raw/detection_dataset/test/Background_IQ/IQ_Data/20260204_100932_beam3_az010.mat,0,0.047426496,58,69,-1,-1,False,0.66378057,0.065526314
20260204_100932_beam3_az019,20260204_100932,3,19.0,,,/home/tobeornot8259748/projects/balloon_radar_project/data/raw/detection_dataset/train/Background_IQ/IQ_Data/20260204_100932_beam3_az019.mat,0,0.20219325,11,69,-1,-1,False,0.7179816,0.37414575
20260204_100932_beam3_az028,20260204_100932,3,28.0,,,/home/tobeornot8259748/projects/balloon_radar_project/data/raw/detection_dataset/test/Background_IQ/IQ_Data/20260204_100932_beam3_az028.mat,0,0.03305619,11,59,-1,-1,False,0.7122563,0.40375185
20260204_100932_beam3_az037,20260204_100932,3,37.0,,,/home/tobeornot8259748/projects/balloon_radar_project/data/raw/detection_dataset/train/Background_IQ/IQ_Data/20260204_100932_beam3_az037.mat,0,0.36444733,11,59,-1,-1,False,0.6670682,0.36503336
20260204_100932_beam3_az046,20260204_100932,3,46.0,,,/home/tobeornot8259748/projects/balloon_radar_project/data/raw/detection_dataset/train/Background_IQ/IQ_Data/20260204_100932_beam3_az046.mat,0,0.1803232,11,62,-1,-1,False,0.6880666,0.5977405
20260204_100932_beam3_az055,20260204_100932,3,55.0,,,/home/tobeornot8259748/projects/balloon_radar_project/data/raw/detection_dataset/train/Background_IQ/IQ_Data/20260204_100932_beam3_az055.mat,0,0.18838651,11,59,-1,-1,False,0.62133527,0.2981475
20260204_100932_beam3_az064,20260204_100932,3,64.0,,,/home/tobeornot8259748/projects/balloon_radar_project/data/raw/detection_dataset/train/Background_IQ/IQ_Data/20260204_100932_beam3_az064.mat,0,0.057953,11,59,-1,-1,False,0.65153563,0.37932664
20260204_100932_beam3_az073,20260204_100932,3,73.0,,,/home/tobeornot8259748/projects/balloon_radar_project/data/raw/detection_dataset/train/Background_IQ/IQ_Data/20260204_100932_beam3_az073.mat,0,0.23341356,11,69,-1,-1,False,0.66735154,0.36169982
20260204_100932_beam3_az082,20260204_100932,3,82.0,,,/home/tobeornot8259748/projects/balloon_radar_project/data/raw/detection_dataset/val/Background_IQ/IQ_Data/20260204_100932_beam3_az082.mat,0,0.11273904,11,59,-1,-1,False,0.7183862,0.38222557
20260204_100932_beam3_az091,20260204_100932,3,91.0,,,/home/tobeornot8259748/projects/balloon_radar_project/data/raw/detection_dataset/train/Background_IQ/IQ_Data/20260204_100932_beam3_az091.mat,0,0.3612011,12,60,-1,-1,False,0.70940745,0.44844067
20260204_100932_beam3_az100,20260204_100932,3,100.0,,,/home/tobeornot8259748/projects/balloon_radar_project/data/raw/detection_dataset/train/Background_IQ/IQ_Data/20260204_100932_beam3_az100.mat,0,0.10103515,48,67,-1,-1,False,0.70026034,0.27228853
20260204_100932_beam3_az109,20260204_100932,3,109.0,,,/home/tobeornot8259748/projects/balloon_radar_project/data/raw/detection_dataset/train/Background_IQ/IQ_Data/20260204_100932_beam3_az109.mat,0,0.07526518,12,59,-1,-1,False,0.59082174,0.26137996
20260204_100932_beam3_az118,20260204_100932,3,118.0,,,/home/tobeornot8259748/projects/balloon_radar_project/data/raw/detection_dataset/train/Background_IQ/IQ_Data/20260204_100932_beam3_az118.mat,0,0.05363141,11,67,-1,-1,False,0.62057555,0.37860355
20260204_100932_beam3_az127,20260204_100932,3,127.0,,,/home/tobeornot8259748/projects/balloon_radar_project/data/raw/detection_dataset/test/Background_IQ/IQ_Data/20260204_100932_beam3_az127.mat,0,0.19162013,74,59,-1,-1,False,0.6821007,0.20574997
20260204_100932_beam3_az136,20260204_100932,3,136.0,,,/home/tobeornot8259748/projects/balloon_radar_project/data/raw/detection_dataset/train/Background_IQ/IQ_Data/20260204_100932_beam3_az136.mat,0,0.11825004,12,62,-1,-1,False,0.7059747,0.52037704
20260204_100932_beam3_az145,20260204_100932,3,145.0,,,/home/tobeornot8259748/projects/balloon_radar_project/data/raw/detection_dataset/train/Background_IQ/IQ_Data/20260204_100932_beam3_az145.mat,0,0.15495798,11,59,-1,-1,False,0.6153402,0.24447012
20260204_100932_beam3_az154,20260204_100932,3,154.0,,,/home/tobeornot8259748/projects/balloon_radar_project/data/raw/detection_dataset/train/Background_IQ/IQ_Data/20260204_100932_beam3_az154.mat,0,0.1176949,11,62,-1,-1,False,0.71590996,0.6161726
20260204_100932_beam3_az163,20260204_100932,3,163.0,,,/home/tobeornot8259748/projects/balloon_radar_project/data/raw/detection_dataset/train/Background_IQ/IQ_Data/20260204_100932_beam3_az163.mat,0,0.27761975,11,59,-1,-1,False,0.6632238,0.3549424
20260204_100932_beam3_az172,20260204_100932,3,172.0,,,/home/tobeornot8259748/projects/balloon_radar_project/data/raw/detection_dataset/train/Background_IQ/IQ_Data/20260204_100932_beam3_az172.mat,0,0.10686557,4,67,-1,-1,False,0.6504558,0.45874053
20260204_100932_beam3_az181,20260204_100932,3,181.0,,,/home/tobeornot8259748/projects/balloon_radar_project/data/raw/detection_dataset/val/Background_IQ/IQ_Data/20260204_100932_beam3_az181.mat,0,0.28522995,72,68,-1,-1,False,0.7128661,0.22243446
20260204_100932_beam3_az190,20260204_100932,3,190.0,,,/home/tobeornot8259748/projects/balloon_radar_project/data/raw/detection_dataset/train/Background_IQ/IQ_Data/20260204_100932_beam3_az190.mat,0,0.12989658,68,60,-1,-1,False,0.74580103,0.056871083
20260204_100932_beam3_az199,20260204_100932,3,199.0,,,/home/tobeornot8259748/projects/balloon_radar_project/data/raw/detection_dataset/train/Background_IQ/IQ_Data/20260204_100932_beam3_az199.mat,0,0.4861084,47,59,-1,-1,False,0.7295987,0.13270892
20260204_100932_beam4_az001,20260204_100932,4,1.0,,,/home/tobeornot8259748/projects/balloon_radar_project/data/raw/detection_dataset/train/Background_IQ/IQ_Data/20260204_100932_beam4_az001.mat,0,0.04911642,64,69,-1,-1,False,0.6122063,0.06568146
20260204_100932_beam4_az010,20260204_100932,4,10.0,,,/home/tobeornot8259748/projects/balloon_radar_project/data/raw/detection_dataset/train/Background_IQ/IQ_Data/20260204_100932_beam4_az010.mat,0,0.035781585,61,126,-1,-1,False,0.62320316,0.0014108841
20260204_100932_beam4_az019,20260204_100932,4,19.0,,,/home/tobeornot8259748/projects/balloon_radar_project/data/raw/detection_dataset/test/Background_IQ/IQ_Data/20260204_100932_beam4_az019.mat,0,0.15351598,60,60,-1,-1,False,0.7207668,0.20007706
20260204_100932_beam4_az028,20260204_100932,4,28.0,,,/home/tobeornot8259748/projects/balloon_radar_project/data/raw/detection_dataset/train/Background_IQ/IQ_Data/20260204_100932_beam4_az028.mat,0,0.028622318,23,66,-1,-1,False,0.8415344,0.64500165
20260204_100932_beam4_az037,20260204_100932,4,37.0,,,/home/tobeornot8259748/projects/balloon_radar_project/data/raw/detection_dataset/train/Background_IQ/IQ_Data/20260204_100932_beam4_az037.mat,0,0.045799408,61,69,-1,-1,False,0.6094967,0.09970023
20260204_100932_beam4_az046,20260204_100932,4,46.0,,,/home/tobeornot8259748/projects/balloon_radar_project/data/raw/detection_dataset/train/Background_IQ/IQ_Data/20260204_100932_beam4_az046.mat,0,0.031184705,28,113,-1,-1,False,0.67402744,0.1818522
20260204_100932_beam4_az055,20260204_100932,4,55.0,,,/home/tobeornot8259748/projects/balloon_radar_project/data/raw/detection_dataset/val/Background_IQ/IQ_Data/20260204_100932_beam4_az055.mat,0,0.06772216,53,59,-1,-1,False,0.6213575,0.15607749
20260204_100932_beam4_az064,20260204_100932,4,64.0,,,/home/tobeornot8259748/projects/balloon_radar_project/data/raw/detection_dataset/test/Background_IQ/IQ_Data/20260204_100932_beam4_az064.mat,0,0.0268448,99,127,-1,-1,False,0.109194,0.0
20260204_100932_beam4_az073,20260204_100932,4,73.0,,,/home/tobeornot8259748/projects/balloon_radar_project/data/raw/detection_dataset/val/Background_IQ/IQ_Data/20260204_100932_beam4_az073.mat,0,0.06287281,38,68,-1,-1,False,0.7272128,0.24700435
20260204_100932_beam4_az082,20260204_100932,4,82.0,,,/home/tobeornot8259748/projects/balloon_radar_project/data/raw/detection_dataset/train/Background_IQ/IQ_Data/20260204_100932_beam4_az082.mat,0,0.05517017,49,66,-1,-1,False,0.7231914,0.1785658
20260204_100932_beam4_az091,20260204_100932,4,91.0,,,/home/tobeornot8259748/projects/balloon_radar_project/data/raw/detection_dataset/test/Background_IQ/IQ_Data/20260204_100932_beam4_az091.mat,0,0.31707346,78,61,-1,-1,False,0.6913542,0.2621742
20260204_100932_beam4_az100,20260204_100932,4,100.0,,,/home/tobeornot8259748/projects/balloon_radar_project/data/raw/detection_dataset/val/Background_IQ/IQ_Data/20260204_100932_beam4_az100.mat,0,0.16163343,48,67,-1,-1,False,0.67520064,0.22774926
20260204_100932_beam4_az109,20260204_100932,4,109.0,,,/home/tobeornot8259748/projects/balloon_radar_project/data/raw/detection_dataset/train/Background_IQ/IQ_Data/20260204_100932_beam4_az109.mat,0,0.15484169,11,59,-1,-1,False,0.66304773,0.29774964
20260204_100932_beam4_az118,20260204_100932,4,118.0,,,/home/tobeornot8259748/projects/balloon_radar_project/data/raw/detection_dataset/val/Background_IQ/IQ_Data/20260204_100932_beam4_az118.mat,0,0.119420774,11,59,-1,-1,False,0.62021065,0.24329178
20260204_100932_beam4_az127,20260204_100932,4,127.0,,,/home/tobeornot8259748/projects/balloon_radar_project/data/raw/detection_dataset/val/Background_IQ/IQ_Data/20260204_100932_beam4_az127.mat,0,0.12311273,11,59,-1,-1,False,0.7035931,0.28501013
20260204_100932_beam4_az136,20260204_100932,4,136.0,,,/home/tobeornot8259748/projects/balloon_radar_project/data/raw/detection_dataset/train/Background_IQ/IQ_Data/20260204_100932_beam4_az136.mat,0,0.14186008,11,59,-1,-1,False,0.7175088,0.30347833
20260204_100932_beam4_az145,20260204_100932,4,145.0,,,/home/tobeornot8259748/projects/balloon_radar_project/data/raw/detection_dataset/train/Background_IQ/IQ_Data/20260204_100932_beam4_az145.mat,0,0.14438953,11,59,-1,-1,False,0.65032274,0.268269
20260204_100932_beam4_az154,20260204_100932,4,154.0,,,/home/tobeornot8259748/projects/balloon_radar_project/data/raw/detection_dataset/train/Background_IQ/IQ_Data/20260204_100932_beam4_az154.mat,0,0.034336176,29,0,-1,-1,False,0.6067598,0.17723858
20260204_100932_beam4_az163,20260204_100932,4,163.0,,,/home/tobeornot8259748/projects/balloon_radar_project/data/raw/detection_dataset/train/Background_IQ/IQ_Data/20260204_100932_beam4_az163.mat,0,0.12037956,62,60,-1,-1,False,0.73427266,0.2951314
20260204_100932_beam4_az172,20260204_100932,4,172.0,,,/home/tobeornot8259748/projects/balloon_radar_project/data/raw/detection_dataset/train/Background_IQ/IQ_Data/20260204_100932_beam4_az172.mat,0,0.051329207,28,54,-1,-1,False,0.7453705,0.1378069
20260204_100932_beam4_az181,20260204_100932,4,181.0,,,/home/tobeornot8259748/projects/balloon_radar_project/data/raw/detection_dataset/test/Background_IQ/IQ_Data/20260204_100932_beam4_az181.mat,0,0.5879561,72,68,-1,-1,False,0.6983012,0.17348833
20260204_100932_beam4_az190,20260204_100932,4,190.0,,,/home/tobeornot8259748/projects/balloon_radar_project/data/raw/detection_dataset/train/Background_IQ/IQ_Data/20260204_100932_beam4_az190.mat,0,0.045321077,20,47,-1,-1,False,0.68281263,0.06638422
20260204_100932_beam4_az199,20260204_100932,4,199.0,,,/home/tobeornot8259748/projects/balloon_radar_project/data/raw/detection_dataset/train/Background_IQ/IQ_Data/20260204_100932_beam4_az199.mat,0,0.29870903,60,69,-1,-1,False,0.68498415,0.10168285
20260204_100932_beam5_az001,20260204_100932,5,1.0,,,/home/tobeornot8259748/projects/balloon_radar_project/data/raw/detection_dataset/train/Background_IQ/IQ_Data/20260204_100932_beam5_az001.mat,0,0.13660724,72,69,-1,-1,False,0.6527297,0.10472591
20260204_100932_beam5_az010,20260204_100932,5,10.0,,,/home/tobeornot8259748/projects/balloon_radar_project/data/raw/detection_dataset/train/Background_IQ/IQ_Data/20260204_100932_beam5_az010.mat,0,0.037835084,20,75,-1,-1,False,0.6828126,0.22087856
20260204_100932_beam5_az019,20260204_100932,5,19.0,,,/home/tobeornot8259748/projects/balloon_radar_project/data/raw/detection_dataset/val/Background_IQ/IQ_Data/20260204_100932_beam5_az019.mat,0,0.16322497,59,69,-1,-1,False,0.664251,0.15744421
20260204_100932_beam5_az028,20260204_100932,5,28.0,,,/home/tobeornot8259748/projects/balloon_radar_project/data/raw/detection_dataset/val/Background_IQ/IQ_Data/20260204_100932_beam5_az028.mat,0,0.027944613,92,61,-1,-1,False,0.45077664,0.10824859
20260204_100932_beam5_az037,20260204_100932,5,37.0,,,/home/tobeornot8259748/projects/balloon_radar_project/data/raw/detection_dataset/train/Background_IQ/IQ_Data/20260204_100932_beam5_az037.mat,0,0.044748593,20,51,-1,-1,False,0.6785576,0.17582512
20260204_100932_beam5_az046,20260204_100932,5,46.0,,,/home/tobeornot8259748/projects/balloon_radar_project/data/raw/detection_dataset/train/Background_IQ/IQ_Data/20260204_100932_beam5_az046.mat,0,0.033528242,28,94,-1,-1,False,0.67666775,0.15785299
20260204_100932_beam5_az055,20260204_100932,5,55.0,,,/home/tobeornot8259748/projects/balloon_radar_project/data/raw/detection_dataset/train/Background_IQ/IQ_Data/20260204_100932_beam5_az055.mat,0,0.0365785,50,69,-1,-1,False,0.60533005,0.10364937
20260204_100932_beam5_az064,20260204_100932,5,64.0,,,/home/tobeornot8259748/projects/balloon_radar_project/data/raw/detection_dataset/train/Background_IQ/IQ_Data/20260204_100932_beam5_az064.mat,0,0.046889063,56,59,-1,-1,False,0.6113893,0.088337794
20260204_100932_beam5_az073,20260204_100932,5,73.0,,,/home/tobeornot8259748/projects/balloon_radar_project/data/raw/detection_dataset/train/Background_IQ/IQ_Data/20260204_100932_beam5_az073.mat,0,0.14030808,37,68,-1,-1,False,0.7094187,0.19529279
20260204_100932_beam5_az082,20260204_100932,5,82.0,,,/home/tobeornot8259748/projects/balloon_radar_project/data/raw/detection_dataset/val/Background_IQ/IQ_Data/20260204_100932_beam5_az082.mat,0,0.03982676,20,49,-1,-1,False,0.6594652,0.13979724
20260204_100932_beam5_az091,20260204_100932,5,91.0,,,/home/tobeornot8259748/projects/balloon_radar_project/data/raw/detection_dataset/test/Background_IQ/IQ_Data/20260204_100932_beam5_az091.mat,0,0.13250102,78,69,-1,-1,False,0.63853455,0.13585667
20260204_100932_beam5_az100,20260204_100932,5,100.0,,,/home/tobeornot8259748/projects/balloon_radar_project/data/raw/detection_dataset/train/Background_IQ/IQ_Data/20260204_100932_beam5_az100.mat,0,0.035957832,48,64,-1,-1,False,0.67007047,0.17464177
20260204_100932_beam5_az109,20260204_100932,5,109.0,,,/home/tobeornot8259748/projects/balloon_radar_project/data/raw/detection_dataset/train/Background_IQ/IQ_Data/20260204_100932_beam5_az109.mat,0,0.084100515,57,59,-1,-1,False,0.6494359,0.27416134
20260204_100932_beam5_az118,20260204_100932,5,118.0,,,/home/tobeornot8259748/projects/balloon_radar_project/data/raw/detection_dataset/train/Background_IQ/IQ_Data/20260204_100932_beam5_az118.mat,0,0.037713215,99,127,-1,-1,False,0.08208919,0.0
20260204_100932_beam5_az127,20260204_100932,5,127.0,,,/home/tobeornot8259748/projects/balloon_radar_project/data/raw/detection_dataset/val/Background_IQ/IQ_Data/20260204_100932_beam5_az127.mat,0,0.08094611,55,59,-1,-1,False,0.654012,0.21479943
20260204_100932_beam5_az136,20260204_100932,5,136.0,,,/home/tobeornot8259748/projects/balloon_radar_project/data/raw/detection_dataset/test/Background_IQ/IQ_Data/20260204_100932_beam5_az136.mat,0,0.032626476,99,127,-1,-1,False,0.07150524,0.0
20260204_100932_beam5_az145,20260204_100932,5,145.0,,,/home/tobeornot8259748/projects/balloon_radar_project/data/raw/detection_dataset/train/Background_IQ/IQ_Data/20260204_100932_beam5_az145.mat,0,0.039132133,99,127,-1,-1,False,0.077549316,0.0
20260204_100932_beam5_az154,20260204_100932,5,154.0,,,/home/tobeornot8259748/projects/balloon_radar_project/data/raw/detection_dataset/train/Background_IQ/IQ_Data/20260204_100932_beam5_az154.mat,0,0.028323153,29,0,-1,-1,False,0.59919256,0.18078324
20260204_100932_beam5_az163,20260204_100932,5,163.0,,,/home/tobeornot8259748/projects/balloon_radar_project/data/raw/detection_dataset/train/Background_IQ/IQ_Data/20260204_100932_beam5_az163.mat,0,0.31253156,62,69,-1,-1,False,0.6936732,0.23120973
20260204_100932_beam5_az172,20260204_100932,5,172.0,,,/home/tobeornot8259748/projects/balloon_radar_project/data/raw/detection_dataset/train/Background_IQ/IQ_Data/20260204_100932_beam5_az172.mat,0,0.032456428,92,61,-1,-1,False,0.4783804,0.13198778
20260204_100932_beam5_az181,20260204_100932,5,181.0,,,/home/tobeornot8259748/projects/balloon_radar_project/data/raw/detection_dataset/train/Background_IQ/IQ_Data/20260204_100932_beam5_az181.mat,0,0.17792006,60,69,-1,-1,False,0.6581998,0.12362316
20260204_100932_beam5_az190,20260204_100932,5,190.0,,,/home/tobeornot8259748/projects/balloon_radar_project/data/raw/detection_dataset/train/Background_IQ/IQ_Data/20260204_100932_beam5_az190.mat,0,0.030114204,92,61,-1,-1,False,0.48356146,0.13293009
20260204_100932_beam5_az199,20260204_100932,5,199.0,,,/home/tobeornot8259748/projects/balloon_radar_project/data/raw/detection_dataset/test/Background_IQ/IQ_Data/20260204_100932_beam5_az199.mat,0,0.1658704,26,16,-1,-1,False,0.63255095,0.059512686
20260202_144238_beam1,20260202_144238,1,312.35,2040.0,-2.19,/home/tobeornot8259748/projects/balloon_radar_project/data/raw/detection_dataset/train/UAV_IQ/IQ_Data/20260202_144238_beam1.mat,1,0.96174926,66,76,67,76,True,0.73686403,0.23017122
20260202_144238_beam2,20260202_144238,2,311.35,2040.0,-2.19,/home/tobeornot8259748/projects/balloon_radar_project/data/raw/detection_dataset/train/UAV_IQ/IQ_Data/20260202_144238_beam2.mat,1,0.9295095,66,76,67,76,True,0.71692246,0.34198272
20260202_144238_beam3,20260202_144238,3,312.35,2040.0,-2.19,/home/tobeornot8259748/projects/balloon_radar_project/data/raw/detection_dataset/train/UAV_IQ/IQ_Data/20260202_144238_beam3.mat,1,0.9709037,66,76,67,76,True,0.73067325,0.32238084
20260202_144238_beam4,20260202_144238,4,312.35,2040.0,-2.19,/home/tobeornot8259748/projects/balloon_radar_project/data/raw/detection_dataset/train/UAV_IQ/IQ_Data/20260202_144238_beam4.mat,1,0.97626525,66,76,67,76,True,0.73402244,0.25401706
20260202_144246_beam1,20260202_144246,1,312.22,2040.0,-1.83,/home/tobeornot8259748/projects/balloon_radar_project/data/raw/detection_dataset/test/UAV_IQ/IQ_Data/20260202_144246_beam1.mat,1,0.90318257,67,76,67,74,True,0.7300204,0.20396855
20260202_144246_beam2,20260202_144246,2,312.22,2040.0,-1.83,/home/tobeornot8259748/projects/balloon_radar_project/data/raw/detection_dataset/test/UAV_IQ/IQ_Data/20260202_144246_beam2.mat,1,0.9347647,66,75,67,74,True,0.7301365,0.2894308
20260202_144246_beam3,20260202_144246,3,311.23,2010.0,-1.83,/home/tobeornot8259748/projects/balloon_radar_project/data/raw/detection_dataset/test/UAV_IQ/IQ_Data/20260202_144246_beam3.mat,1,0.93163186,66,73,66,74,True,0.7374051,0.34023085
20260202_144246_beam4,20260202_144246,4,311.23,2010.0,-1.83,/home/tobeornot8259748/projects/balloon_radar_project/data/raw/detection_dataset/test/UAV_IQ/IQ_Data/20260202_144246_beam4.mat,1,0.94197714,67,73,66,74,True,0.7371299,0.2786554
20260202_144246_beam5,20260202_144246,5,311.23,2010.0,-1.83,/home/tobeornot8259748/projects/balloon_radar_project/data/raw/detection_dataset/test/UAV_IQ/IQ_Data/20260202_144246_beam5.mat,1,0.89899504,64,75,66,74,True,0.74353695,0.14284343
20260202_144254_beam1,20260202_144254,1,311.76,2010.0,-2.01,/home/tobeornot8259748/projects/balloon_radar_project/data/raw/detection_dataset/test/UAV_IQ/IQ_Data/20260202_144254_beam1.mat,1,0.91638434,65,74,66,75,True,0.7211457,0.20054589
20260202_144254_beam2,20260202_144254,2,311.76,2010.0,-2.01,/home/tobeornot8259748/projects/balloon_radar_project/data/raw/detection_dataset/test/UAV_IQ/IQ_Data/20260202_144254_beam2.mat,1,0.9388513,67,76,66,75,True,0.7249634,0.36151674
20260202_144254_beam3,20260202_144254,3,311.76,2010.0,-2.01,/home/tobeornot8259748/projects/balloon_radar_project/data/raw/detection_dataset/test/UAV_IQ/IQ_Data/20260202_144254_beam3.mat,1,0.9626261,66,76,66,75,True,0.7289747,0.3573941
20260202_144254_beam4,20260202_144254,4,311.76,2010.0,-2.01,/home/tobeornot8259748/projects/balloon_radar_project/data/raw/detection_dataset/test/UAV_IQ/IQ_Data/20260202_144254_beam4.mat,1,0.96473956,66,75,66,75,True,0.74185795,0.27748412
20260202_144302_beam1,20260202_144302,1,312.1,1980.0,-2.19,/home/tobeornot8259748/projects/balloon_radar_project/data/raw/detection_dataset/test/UAV_IQ/IQ_Data/20260202_144302_beam1.mat,1,0.91292715,66,75,65,76,True,0.7378098,0.1791823
20260202_144302_beam2,20260202_144302,2,312.1,1980.0,-2.01,/home/tobeornot8259748/projects/balloon_radar_project/data/raw/detection_dataset/test/UAV_IQ/IQ_Data/20260202_144302_beam2.mat,1,0.9588568,66,75,65,75,True,0.7420499,0.27523878
20260202_144302_beam3,20260202_144302,3,312.1,2010.0,-2.19,/home/tobeornot8259748/projects/balloon_radar_project/data/raw/detection_dataset/test/UAV_IQ/IQ_Data/20260202_144302_beam3.mat,1,0.9681245,64,75,66,76,True,0.7352446,0.26946908
20260202_144302_beam4,20260202_144302,4,312.1,2010.0,-2.19,/home/tobeornot8259748/projects/balloon_radar_project/data/raw/detection_dataset/test/UAV_IQ/IQ_Data/20260202_144302_beam4.mat,1,0.96503973,64,75,66,76,True,0.72636706,0.22571434
20260202_144302_beam5,20260202_144302,5,312.1,2010.0,-2.19,/home/tobeornot8259748/projects/balloon_radar_project/data/raw/detection_dataset/test/UAV_IQ/IQ_Data/20260202_144302_beam5.mat,1,0.94488734,66,75,66,76,True,0.751384,0.13752954
20260202_144311_beam1,20260202_144311,1,312.15,2010.0,3.47,/home/tobeornot8259748/projects/balloon_radar_project/data/raw/detection_dataset/train/UAV_IQ/IQ_Data/20260202_144311_beam1.mat,1,0.9591067,65,45,66,45,True,0.7429012,0.2556393
20260202_144311_beam2,20260202_144311,2,312.15,2010.0,3.47,/home/tobeornot8259748/projects/balloon_radar_project/data/raw/detection_dataset/train/UAV_IQ/IQ_Data/20260202_144311_beam2.mat,1,0.95021164,68,45,66,45,True,0.7366778,0.3985208
20260202_144311_beam3,20260202_144311,3,312.15,2010.0,3.29,/home/tobeornot8259748/projects/balloon_radar_project/data/raw/detection_dataset/train/UAV_IQ/IQ_Data/20260202_144311_beam3.mat,1,0.93258506,68,45,66,46,True,0.7460425,0.39249143
20260202_144311_beam4,20260202_144311,4,312.15,2010.0,3.47,/home/tobeornot8259748/projects/balloon_radar_project/data/raw/detection_dataset/train/UAV_IQ/IQ_Data/20260202_144311_beam4.mat,1,0.97384304,65,45,66,45,True,0.73419744,0.32578978
20260202_144311_beam5,20260202_144311,5,312.15,2010.0,3.47,/home/tobeornot8259748/projects/balloon_radar_project/data/raw/detection_dataset/train/UAV_IQ/IQ_Data/20260202_144311_beam5.mat,1,0.96584076,65,45,66,45,True,0.7526009,0.20919669
20260202_144319_beam1,20260202_144319,1,311.7,2040.0,2.19,/home/tobeornot8259748/projects/balloon_radar_project/data/raw/detection_dataset/val/UAV_IQ/IQ_Data/20260202_144319_beam1.mat,1,0.9615097,68,52,67,52,True,0.73617667,0.27782384
20260202_144319_beam2,20260202_144319,2,311.7,2040.0,2.19,/home/tobeornot8259748/projects/balloon_radar_project/data/raw/detection_dataset/val/UAV_IQ/IQ_Data/20260202_144319_beam2.mat,1,0.9535514,66,52,67,52,True,0.7495822,0.38413662
20260202_144319_beam3,20260202_144319,3,311.7,2040.0,2.19,/home/tobeornot8259748/projects/balloon_radar_project/data/raw/detection_dataset/val/UAV_IQ/IQ_Data/20260202_144319_beam3.mat,1,0.95384145,66,54,67,52,True,0.74757534,0.36803865
20260202_144319_beam4,20260202_144319,4,311.7,2040.0,2.19,/home/tobeornot8259748/projects/balloon_radar_project/data/raw/detection_dataset/val/UAV_IQ/IQ_Data/20260202_144319_beam4.mat,1,0.96711403,66,52,67,52,True,0.73341525,0.3084219
20260202_144319_beam5,20260202_144319,5,311.7,2040.0,2.19,/home/tobeornot8259748/projects/balloon_radar_project/data/raw/detection_dataset/val/UAV_IQ/IQ_Data/20260202_144319_beam5.mat,1,0.96765435,67,51,67,52,True,0.7579843,0.19473301
20260202_144327_beam1,20260202_144327,1,311.29,2040.0,2.19,/home/tobeornot8259748/projects/balloon_radar_project/data/raw/detection_dataset/train/UAV_IQ/IQ_Data/20260202_144327_beam1.mat,1,0.9811677,66,52,67,52,True,0.7124122,0.24333212
20260202_144327_beam2,20260202_144327,2,311.29,2040.0,2.19,/home/tobeornot8259748/projects/balloon_radar_project/data/raw/detection_dataset/train/UAV_IQ/IQ_Data/20260202_144327_beam2.mat,1,0.9802681,66,52,67,52,True,0.7136774,0.3857235
20260202_144327_beam3,20260202_144327,3,311.29,2040.0,2.19,/home/tobeornot8259748/projects/balloon_radar_project/data/raw/detection_dataset/train/UAV_IQ/IQ_Data/20260202_144327_beam3.mat,1,0.97558993,66,52,67,52,True,0.7177255,0.38941267
20260202_144327_beam4,20260202_144327,4,311.29,2070.0,2.19,/home/tobeornot8259748/projects/balloon_radar_project/data/raw/detection_dataset/train/UAV_IQ/IQ_Data/20260202_144327_beam4.mat,1,0.9704342,66,52,68,52,True,0.7139276,0.29428026
20260202_144327_beam5,20260202_144327,5,311.29,2040.0,2.19,/home/tobeornot8259748/projects/balloon_radar_project/data/raw/detection_dataset/train/UAV_IQ/IQ_Data/20260202_144327_beam5.mat,1,0.9591832,66,52,67,52,True,0.7371881,0.17082821
20260202_144335_beam1,20260202_144335,1,312.67,2070.0,2.19,/home/tobeornot8259748/projects/balloon_radar_project/data/raw/detection_dataset/train/UAV_IQ/IQ_Data/20260202_144335_beam1.mat,1,0.9586364,69,52,68,52,True,0.74719965,0.21815865
20260202_144335_beam2,20260202_144335,2,311.65,2070.0,2.38,/home/tobeornot8259748/projects/balloon_radar_project/data/raw/detection_dataset/train/UAV_IQ/IQ_Data/20260202_144335_beam2.mat,1,0.96528083,68,53,68,51,True,0.74383074,0.38551822
20260202_144335_beam3,20260202_144335,3,311.65,2070.0,2.19,/home/tobeornot8259748/projects/balloon_radar_project/data/raw/detection_dataset/train/UAV_IQ/IQ_Data/20260202_144335_beam3.mat,1,0.9710133,68,53,68,52,True,0.7381099,0.35486305
20260202_144335_beam4,20260202_144335,4,311.65,2070.0,2.19,/home/tobeornot8259748/projects/balloon_radar_project/data/raw/detection_dataset/train/UAV_IQ/IQ_Data/20260202_144335_beam4.mat,1,0.9678408,68,53,68,52,True,0.7357322,0.28233314
20260202_144335_beam5,20260202_144335,5,311.65,2070.0,2.19,/home/tobeornot8259748/projects/balloon_radar_project/data/raw/detection_dataset/train/UAV_IQ/IQ_Data/20260202_144335_beam5.mat,1,0.97132957,68,51,68,52,True,0.7570296,0.16220796
20260202_144344_beam1,20260202_144344,1,311.44,2070.0,2.01,/home/tobeornot8259748/projects/balloon_radar_project/data/raw/detection_dataset/train/UAV_IQ/IQ_Data/20260202_144344_beam1.mat,1,0.9730871,67,52,68,53,True,0.7116402,0.13718793
20260202_144344_beam2,20260202_144344,2,311.44,2100.0,2.01,/home/tobeornot8259748/projects/balloon_radar_project/data/raw/detection_dataset/train/UAV_IQ/IQ_Data/20260202_144344_beam2.mat,1,0.98344594,68,53,69,53,True,0.72245806,0.26339057
20260202_144344_beam3,20260202_144344,3,311.44,2100.0,2.19,/home/tobeornot8259748/projects/balloon_radar_project/data/raw/detection_dataset/train/UAV_IQ/IQ_Data/20260202_144344_beam3.mat,1,0.9810689,67,52,69,52,True,0.72863215,0.23629183
20260202_144344_beam4,20260202_144344,4,311.44,2070.0,2.19,/home/tobeornot8259748/projects/balloon_radar_project/data/raw/detection_dataset/train/UAV_IQ/IQ_Data/20260202_144344_beam4.mat,1,0.9863165,67,52,68,52,True,0.7233561,0.1511011
20260202_144344_beam5,20260202_144344,5,312.43,2100.0,2.01,/home/tobeornot8259748/projects/balloon_radar_project/data/raw/detection_dataset/train/UAV_IQ/IQ_Data/20260202_144344_beam5.mat,1,0.95575947,70,51,69,53,True,0.7447153,0.07305435
20260202_144352_beam1,20260202_144352,1,312.52,2100.0,-2.92,/home/tobeornot8259748/projects/balloon_radar_project/data/raw/detection_dataset/train/UAV_IQ/IQ_Data/20260202_144352_beam1.mat,1,0.96302617,68,79,69,80,True,0.725189,0.10552853
20260202_144352_beam2,20260202_144352,2,312.52,2100.0,-2.74,/home/tobeornot8259748/projects/balloon_radar_project/data/raw/detection_dataset/train/UAV_IQ/IQ_Data/20260202_144352_beam2.mat,1,0.9761583,68,80,69,79,True,0.725716,0.16242012
20260202_144352_beam3,20260202_144352,3,312.52,2100.0,-2.92,/home/tobeornot8259748/projects/balloon_radar_project/data/raw/detection_dataset/train/UAV_IQ/IQ_Data/20260202_144352_beam3.mat,1,0.98056406,68,80,69,80,True,0.7219457,0.15117604
20260202_144352_beam4,20260202_144352,4,312.52,2070.0,-2.92,/home/tobeornot8259748/projects/balloon_radar_project/data/raw/detection_dataset/train/UAV_IQ/IQ_Data/20260202_144352_beam4.mat,1,0.97030133,68,79,68,80,True,0.70776373,0.0990674
20260202_144352_beam5,20260202_144352,5,312.52,2100.0,-2.92,/home/tobeornot8259748/projects/balloon_radar_project/data/raw/detection_dataset/train/UAV_IQ/IQ_Data/20260202_144352_beam5.mat,1,0.57581276,53,61,69,80,False,0.7439421,0.11234983
20260202_144417_beam1,20260202_144417,1,311.29,2040.0,-3.29,/home/tobeornot8259748/projects/balloon_radar_project/data/raw/detection_dataset/train/UAV_IQ/IQ_Data/20260202_144417_beam1.mat,1,0.8982509,66,83,67,82,True,0.71771157,0.11710339
20260202_144417_beam2,20260202_144417,2,311.29,2010.0,-3.47,/home/tobeornot8259748/projects/balloon_radar_project/data/raw/detection_dataset/train/UAV_IQ/IQ_Data/20260202_144417_beam2.mat,1,0.952491,68,81,66,83,True,0.73734653,0.23167288
20260202_144417_beam3,20260202_144417,3,311.29,2040.0,-3.47,/home/tobeornot8259748/projects/balloon_radar_project/data/raw/detection_dataset/train/UAV_IQ/IQ_Data/20260202_144417_beam3.mat,1,0.96128374,65,82,67,83,True,0.73958015,0.25713393
20260202_144417_beam4,20260202_144417,4,311.29,2010.0,-3.29,/home/tobeornot8259748/projects/balloon_radar_project/data/raw/detection_dataset/train/UAV_IQ/IQ_Data/20260202_144417_beam4.mat,1,0.940283,68,84,66,82,True,0.72208846,0.18283272
20260202_144417_beam5,20260202_144417,5,312.29,2010.0,-3.29,/home/tobeornot8259748/projects/balloon_radar_project/data/raw/detection_dataset/train/UAV_IQ/IQ_Data/20260202_144417_beam5.mat,1,0.86492026,65,84,66,82,True,0.74813217,0.086803146
20260202_144425_beam1,20260202_144425,1,311.55,1980.0,-3.47,/home/tobeornot8259748/projects/balloon_radar_project/data/raw/detection_dataset/test/UAV_IQ/IQ_Data/20260202_144425_beam1.mat,1,0.79705584,63,82,65,83,True,0.69928104,0.087162144
20260202_144425_beam2,20260202_144425,2,311.55,1980.0,-3.47,/home/tobeornot8259748/projects/balloon_radar_project/data/raw/detection_dataset/test/UAV_IQ/IQ_Data/20260202_144425_beam2.mat,1,0.9674288,64,83,65,83,True,0.71491635,0.19020396
20260202_144425_beam3,20260202_144425,3,311.55,2010.0,-3.47,/home/tobeornot8259748/projects/balloon_radar_project/data/raw/detection_dataset/test/UAV_IQ/IQ_Data/20260202_144425_beam3.mat,1,0.9499524,67,82,66,83,True,0.7245122,0.20132264
20260202_144425_beam4,20260202_144425,4,311.55,1980.0,-3.47,/home/tobeornot8259748/projects/balloon_radar_project/data/raw/detection_dataset/test/UAV_IQ/IQ_Data/20260202_144425_beam4.mat,1,0.95805764,63,82,65,83,True,0.7230997,0.1558008
20260202_144425_beam5,20260202_144425,5,311.55,2010.0,-3.47,/home/tobeornot8259748/projects/balloon_radar_project/data/raw/detection_dataset/test/UAV_IQ/IQ_Data/20260202_144425_beam5.mat,1,0.90308225,63,83,66,83,False,0.7419123,0.08334791
20260202_144433_beam1,20260202_144433,1,310.71,1950.0,-4.2,/home/tobeornot8259748/projects/balloon_radar_project/data/raw/detection_dataset/val/UAV_IQ/IQ_Data/20260202_144433_beam1.mat,1,0.9439964,66,88,64,87,True,0.71167946,0.1113456
20260202_144433_beam2,20260202_144433,2,310.71,1950.0,-4.2,/home/tobeornot8259748/projects/balloon_radar_project/data/raw/detection_dataset/val/UAV_IQ/IQ_Data/20260202_144433_beam2.mat,1,0.97137386,66,87,64,87,True,0.7084864,0.25029242
20260202_144433_beam3,20260202_144433,3,310.71,1950.0,-4.2,/home/tobeornot8259748/projects/balloon_radar_project/data/raw/detection_dataset/val/UAV_IQ/IQ_Data/20260202_144433_beam3.mat,1,0.95502454,66,87,64,87,True,0.71653485,0.30441424
20260202_144433_beam4,20260202_144433,4,310.71,1950.0,-4.2,/home/tobeornot8259748/projects/balloon_radar_project/data/raw/detection_dataset/val/UAV_IQ/IQ_Data/20260202_144433_beam4.mat,1,0.9526134,66,88,64,87,True,0.71121615,0.2570056
20260202_144433_beam5,20260202_144433,5,311.7,1950.0,-4.2,/home/tobeornot8259748/projects/balloon_radar_project/data/raw/detection_dataset/val/UAV_IQ/IQ_Data/20260202_144433_beam5.mat,1,0.9640673,62,87,64,87,True,0.7446355,0.15137927
20260202_144458_beam1,20260202_144458,1,310.01,2010.0,5.66,/home/tobeornot8259748/projects/balloon_radar_project/data/raw/detection_dataset/test/UAV_IQ/IQ_Data/20260202_144458_beam1.mat,1,0.9522255,65,34,66,33,True,0.73228747,0.12704249
20260202_144458_beam2,20260202_144458,2,310.01,2010.0,5.66,/home/tobeornot8259748/projects/balloon_radar_project/data/raw/detection_dataset/test/UAV_IQ/IQ_Data/20260202_144458_beam2.mat,1,0.958672,65,33,66,33,True,0.73793286,0.26465425
20260202_144458_beam3,20260202_144458,3,310.01,1980.0,5.66,/home/tobeornot8259748/projects/balloon_radar_project/data/raw/detection_dataset/test/UAV_IQ/IQ_Data/20260202_144458_beam3.mat,1,0.9575562,64,33,65,33,True,0.73246986,0.27857932
20260202_144458_beam4,20260202_144458,4,310.01,2010.0,5.66,/home/tobeornot8259748/projects/balloon_radar_project/data/raw/detection_dataset/test/UAV_IQ/IQ_Data/20260202_144458_beam4.mat,1,0.9710222,66,33,66,33,True,0.7282304,0.22708833
20260202_144458_beam5,20260202_144458,5,310.01,1980.0,5.66,/home/tobeornot8259748/projects/balloon_radar_project/data/raw/detection_dataset/test/UAV_IQ/IQ_Data/20260202_144458_beam5.mat,1,0.9329636,66,34,65,33,True,0.7366511,0.12230693
20260202_144506_beam1,20260202_144506,1,310.23,2070.0,4.75,/home/tobeornot8259748/projects/balloon_radar_project/data/raw/detection_dataset/test/UAV_IQ/IQ_Data/20260202_144506_beam1.mat,1,0.92787427,66,38,68,38,True,0.700471,0.10592639
20260202_144506_beam2,20260202_144506,2,310.23,2040.0,4.75,/home/tobeornot8259748/projects/balloon_radar_project/data/raw/detection_dataset/test/UAV_IQ/IQ_Data/20260202_144506_beam2.mat,1,0.9553272,68,38,67,38,True,0.72560644,0.2174248
20260202_144506_beam3,20260202_144506,3,309.24,2070.0,4.75,/home/tobeornot8259748/projects/balloon_radar_project/data/raw/detection_dataset/test/UAV_IQ/IQ_Data/20260202_144506_beam3.mat,1,0.9863181,66,37,68,38,True,0.72572625,0.19059858
20260202_144506_beam4,20260202_144506,4,309.24,2070.0,4.75,/home/tobeornot8259748/projects/balloon_radar_project/data/raw/detection_dataset/test/UAV_IQ/IQ_Data/20260202_144506_beam4.mat,1,0.98044926,66,37,68,38,True,0.71624684,0.12572819
20260202_144506_beam5,20260202_144506,5,310.23,2040.0,4.75,/home/tobeornot8259748/projects/balloon_radar_project/data/raw/detection_dataset/test/UAV_IQ/IQ_Data/20260202_144506_beam5.mat,1,0.7704794,69,39,67,38,True,0.7234746,0.0564579
20260202_144515_beam1,20260202_144515,1,308.62,2070.0,5.3,/home/tobeornot8259748/projects/balloon_radar_project/data/raw/detection_dataset/train/UAV_IQ/IQ_Data/20260202_144515_beam1.mat,1,0.9717255,69,34,68,35,True,0.7284093,0.2073882
20260202_144515_beam2,20260202_144515,2,309.61,2070.0,5.3,/home/tobeornot8259748/projects/balloon_radar_project/data/raw/detection_dataset/train/UAV_IQ/IQ_Data/20260202_144515_beam2.mat,1,0.96406376,68,35,68,35,True,0.72132236,0.27261165
20260202_144515_beam3,20260202_144515,3,308.62,2100.0,5.3,/home/tobeornot8259748/projects/balloon_radar_project/data/raw/detection_dataset/train/UAV_IQ/IQ_Data/20260202_144515_beam3.mat,1,0.939905,67,35,69,35,True,0.71796316,0.29678246
20260202_144515_beam4,20260202_144515,4,308.62,2100.0,5.3,/home/tobeornot8259748/projects/balloon_radar_project/data/raw/detection_dataset/train/UAV_IQ/IQ_Data/20260202_144515_beam4.mat,1,0.97388196,69,34,69,35,True,0.73344046,0.2097414
20260202_144515_beam5,20260202_144515,5,308.62,2070.0,5.3,/home/tobeornot8259748/projects/balloon_radar_project/data/raw/detection_dataset/train/UAV_IQ/IQ_Data/20260202_144515_beam5.mat,1,0.9523242,68,34,68,35,True,0.7466752,0.09990235
20260202_144523_beam1,20260202_144523,1,308.4,2130.0,5.12,/home/tobeornot8259748/projects/balloon_radar_project/data/raw/detection_dataset/train/UAV_IQ/IQ_Data/20260202_144523_beam1.mat,1,0.9867518,71,36,70,36,True,0.7363447,0.25293848
20260202_144523_beam2,20260202_144523,2,308.4,2130.0,5.12,/home/tobeornot8259748/projects/balloon_radar_project/data/raw/detection_dataset/train/UAV_IQ/IQ_Data/20260202_144523_beam2.mat,1,0.9820547,69,37,70,36,True,0.7682987,0.36465177
20260202_144523_beam3,20260202_144523,3,308.4,2100.0,5.12,/home/tobeornot8259748/projects/balloon_radar_project/data/raw/detection_dataset/train/UAV_IQ/IQ_Data/20260202_144523_beam3.mat,1,0.9848809,69,36,69,36,True,0.75374395,0.33395526
20260202_144523_beam4,20260202_144523,4,308.4,2130.0,5.12,/home/tobeornot8259748/projects/balloon_radar_project/data/raw/detection_dataset/train/UAV_IQ/IQ_Data/20260202_144523_beam4.mat,1,0.9744777,69,36,70,36,True,0.7323627,0.20562802
20260202_144523_beam5,20260202_144523,5,308.4,2130.0,5.12,/home/tobeornot8259748/projects/balloon_radar_project/data/raw/detection_dataset/train/UAV_IQ/IQ_Data/20260202_144523_beam5.mat,1,0.9091038,68,34,70,36,True,0.7299,0.084640235
20260202_144539_beam1,20260202_144539,1,310.79,2190.0,3.29,/home/tobeornot8259748/projects/balloon_radar_project/data/raw/detection_dataset/test/UAV_IQ/IQ_Data/20260202_144539_beam1.mat,1,0.9088493,71,46,72,46,True,0.67741543,0.10316054
20260202_144539_beam2,20260202_144539,2,310.79,2190.0,3.11,/home/tobeornot8259748/projects/balloon_radar_project/data/raw/detection_dataset/test/UAV_IQ/IQ_Data/20260202_144539_beam2.mat,1,0.9625551,71,46,72,47,True,0.68978417,0.15687816
20260202_144539_beam3,20260202_144539,3,310.79,2190.0,3.29,/home/tobeornot8259748/projects/balloon_radar_project/data/raw/detection_dataset/test/UAV_IQ/IQ_Data/20260202_144539_beam3.mat,1,0.94267917,73,46,72,46,True,0.6807454,0.13289927
20260202_144539_beam4,20260202_144539,4,310.79,2190.0,3.29,/home/tobeornot8259748/projects/balloon_radar_project/data/raw/detection_dataset/test/UAV_IQ/IQ_Data/20260202_144539_beam4.mat,1,0.69261044,71,47,72,46,True,0.66887933,0.04817576
20260202_144548_beam1,20260202_144548,1,311.9,2220.0,2.38,/home/tobeornot8259748/projects/balloon_radar_project/data/raw/detection_dataset/train/UAV_IQ/IQ_Data/20260202_144548_beam1.mat,1,0.9543617,73,52,73,51,True,0.7228598,0.20168428
20260202_144548_beam2,20260202_144548,2,311.9,2220.0,2.38,/home/tobeornot8259748/projects/balloon_radar_project/data/raw/detection_dataset/train/UAV_IQ/IQ_Data/20260202_144548_beam2.mat,1,0.9556764,73,52,73,51,True,0.7266546,0.23020539
20260202_144548_beam3,20260202_144548,3,311.9,2220.0,2.38,/home/tobeornot8259748/projects/balloon_radar_project/data/raw/detection_dataset/train/UAV_IQ/IQ_Data/20260202_144548_beam3.mat,1,0.9617592,73,52,73,51,True,0.7249799,0.17825015
20260202_144548_beam4,20260202_144548,4,311.9,2220.0,2.38,/home/tobeornot8259748/projects/balloon_radar_project/data/raw/detection_dataset/train/UAV_IQ/IQ_Data/20260202_144548_beam4.mat,1,0.8313493,75,50,73,51,True,0.7090512,0.08959049
20260202_144556_beam1,20260202_144556,1,313.17,2250.0,-1.64,/home/tobeornot8259748/projects/balloon_radar_project/data/raw/detection_dataset/train/UAV_IQ/IQ_Data/20260202_144556_beam1.mat,1,0.98086894,72,73,74,73,True,0.73923993,0.16318244
20260202_144556_beam2,20260202_144556,2,312.18,2220.0,-1.64,/home/tobeornot8259748/projects/balloon_radar_project/data/raw/detection_dataset/train/UAV_IQ/IQ_Data/20260202_144556_beam2.mat,1,0.9627053,72,74,73,73,True,0.7338252,0.1568048
20260202_144556_beam3,20260202_144556,3,312.18,2220.0,-1.64,/home/tobeornot8259748/projects/balloon_radar_project/data/raw/detection_dataset/train/UAV_IQ/IQ_Data/20260202_144556_beam3.mat,1,0.92776436,72,74,73,73,True,0.723515,0.10825069
20260202_144604_beam1,20260202_144604,1,313.35,2190.0,-4.02,/home/tobeornot8259748/projects/balloon_radar_project/data/raw/detection_dataset/train/UAV_IQ/IQ_Data/20260202_144604_beam1.mat,1,0.9728654,71,86,72,86,True,0.70444757,0.13506627
20260202_144604_beam2,20260202_144604,2,314.35,2190.0,-4.2,/home/tobeornot8259748/projects/balloon_radar_project/data/raw/detection_dataset/train/UAV_IQ/IQ_Data/20260202_144604_beam2.mat,1,0.9810853,71,86,72,87,True,0.7053233,0.21587488
20260202_144604_beam3,20260202_144604,3,314.35,2220.0,-4.2,/home/tobeornot8259748/projects/balloon_radar_project/data/raw/detection_dataset/train/UAV_IQ/IQ_Data/20260202_144604_beam3.mat,1,0.9817749,71,86,73,87,True,0.69053364,0.18591323
20260202_144604_beam4,20260202_144604,4,314.35,2190.0,-4.2,/home/tobeornot8259748/projects/balloon_radar_project/data/raw/detection_dataset/train/UAV_IQ/IQ_Data/20260202_144604_beam4.mat,1,0.9244824,71,86,72,87,True,0.6638149,0.09342486
20260202_144613_beam1,20260202_144613,1,314.63,2160.0,-5.66,/home/tobeornot8259748/projects/balloon_radar_project/data/raw/detection_dataset/train/UAV_IQ/IQ_Data/20260202_144613_beam1.mat,1,0.9450153,69,94,71,95,True,0.7115652,0.15979378
20260202_144613_beam2,20260202_144613,2,314.63,2160.0,-5.66,/home/tobeornot8259748/projects/balloon_radar_project/data/raw/detection_dataset/train/UAV_IQ/IQ_Data/20260202_144613_beam2.mat,1,0.9528954,69,94,71,95,True,0.6939161,0.20901816
20260202_144613_beam3,20260202_144613,3,314.63,2160.0,-5.66,/home/tobeornot8259748/projects/balloon_radar_project/data/raw/detection_dataset/train/UAV_IQ/IQ_Data/20260202_144613_beam3.mat,1,0.9331742,73,96,71,95,True,0.6950878,0.19415772
20260202_144613_beam4,20260202_144613,4,314.63,2160.0,-5.66,/home/tobeornot8259748/projects/balloon_radar_project/data/raw/detection_dataset/train/UAV_IQ/IQ_Data/20260202_144613_beam4.mat,1,0.907825,69,95,71,95,True,0.6818712,0.09058029
20260202_144629_beam1,20260202_144629,1,313.77,2400.0,-6.76,/home/tobeornot8259748/projects/balloon_radar_project/data/raw/detection_dataset/train/UAV_IQ/IQ_Data/20260202_144629_beam1.mat,1,0.82609695,79,102,79,101,True,0.609069,0.09626724
20260202_144629_beam2,20260202_144629,2,313.77,2400.0,-6.76,/home/tobeornot8259748/projects/balloon_radar_project/data/raw/detection_dataset/train/UAV_IQ/IQ_Data/20260202_144629_beam2.mat,1,0.8701805,79,102,79,101,True,0.6111868,0.119211435
20260202_144629_beam3,20260202_144629,3,314.77,2400.0,-6.76,/home/tobeornot8259748/projects/balloon_radar_project/data/raw/detection_dataset/train/UAV_IQ/IQ_Data/20260202_144629_beam3.mat,1,0.86907643,69,84,79,101,False,0.72729737,0.19790684
20260202_144629_beam4,20260202_144629,4,313.77,2400.0,-6.76,/home/tobeornot8259748/projects/balloon_radar_project/data/raw/detection_dataset/train/UAV_IQ/IQ_Data/20260202_144629_beam4.mat,1,0.7586495,67,82,79,101,False,0.68848175,0.087672144
20260202_144637_beam1,20260202_144637,1,315.08,2130.0,-1.28,/home/tobeornot8259748/projects/balloon_radar_project/data/raw/detection_dataset/train/UAV_IQ/IQ_Data/20260202_144637_beam1.mat,1,0.86772513,74,72,70,71,False,0.686951,0.10357037
20260202_144637_beam2,20260202_144637,2,315.08,2130.0,-1.1,/home/tobeornot8259748/projects/balloon_radar_project/data/raw/detection_dataset/train/UAV_IQ/IQ_Data/20260202_144637_beam2.mat,1,0.9132865,72,69,70,70,True,0.7383792,0.24630907
20260202_144637_beam3,20260202_144637,3,315.08,2130.0,-1.1,/home/tobeornot8259748/projects/balloon_radar_project/data/raw/detection_dataset/train/UAV_IQ/IQ_Data/20260202_144637_beam3.mat,1,0.88458854,73,71,70,70,False,0.6846848,0.1885891
20260202_144637_beam4,20260202_144637,4,315.08,2100.0,-1.28,/home/tobeornot8259748/projects/balloon_radar_project/data/raw/detection_dataset/train/UAV_IQ/IQ_Data/20260202_144637_beam4.mat,1,0.73986125,72,69,69,71,False,0.7210718,0.16687761
20260202_144645_beam1,20260202_144645,1,310.9,2040.0,2.01,/home/tobeornot8259748/projects/balloon_radar_project/data/raw/detection_dataset/train/UAV_IQ/IQ_Data/20260202_144645_beam1.mat,1,0.9638985,66,53,67,53,True,0.7207637,0.15572819
20260202_144645_beam2,20260202_144645,2,310.9,2070.0,2.01,/home/tobeornot8259748/projects/balloon_radar_project/data/raw/detection_dataset/train/UAV_IQ/IQ_Data/20260202_144645_beam2.mat,1,0.9624532,66,54,68,53,True,0.72572327,0.26289523
20260202_144645_beam3,20260202_144645,3,310.9,2070.0,2.01,/home/tobeornot8259748/projects/balloon_radar_project/data/raw/detection_dataset/train/UAV_IQ/IQ_Data/20260202_144645_beam3.mat,1,0.96686995,66,54,68,53,True,0.7241769,0.27832738
20260202_144645_beam4,20260202_144645,4,310.9,2040.0,2.01,/home/tobeornot8259748/projects/balloon_radar_project/data/raw/detection_dataset/train/UAV_IQ/IQ_Data/20260202_144645_beam4.mat,1,0.96723294,66,54,67,53,True,0.72178125,0.19323765
20260202_144710_beam1,20260202_144710,1,308.54,2160.0,4.2,/home/tobeornot8259748/projects/balloon_radar_project/data/raw/detection_dataset/train/UAV_IQ/IQ_Data/20260202_144710_beam1.mat,1,0.967782,70,41,71,41,True,0.7323635,0.21096274
20260202_144710_beam2,20260202_144710,2,308.54,2160.0,4.2,/home/tobeornot8259748/projects/balloon_radar_project/data/raw/detection_dataset/train/UAV_IQ/IQ_Data/20260202_144710_beam2.mat,1,0.96960944,70,41,71,41,True,0.7313036,0.28500178
20260202_144710_beam3,20260202_144710,3,308.54,2160.0,4.2,/home/tobeornot8259748/projects/balloon_radar_project/data/raw/detection_dataset/train/UAV_IQ/IQ_Data/20260202_144710_beam3.mat,1,0.9627383,70,41,71,41,True,0.7296621,0.26271
20260202_144710_beam4,20260202_144710,4,308.54,2130.0,4.2,/home/tobeornot8259748/projects/balloon_radar_project/data/raw/detection_dataset/train/UAV_IQ/IQ_Data/20260202_144710_beam4.mat,1,0.9405863,70,41,70,41,True,0.717828,0.15020639
20260202_144718_beam1,20260202_144718,1,310.45,2190.0,3.47,/home/tobeornot8259748/projects/balloon_radar_project/data/raw/detection_dataset/train/UAV_IQ/IQ_Data/20260202_144718_beam1.mat,1,0.96417713,72,45,72,45,True,0.7332748,0.19366759
20260202_144718_beam2,20260202_144718,2,310.45,2190.0,3.47,/home/tobeornot8259748/projects/balloon_radar_project/data/raw/detection_dataset/train/UAV_IQ/IQ_Data/20260202_144718_beam2.mat,1,0.9659226,74,46,72,45,True,0.72077143,0.250967
20260202_144718_beam3,20260202_144718,3,310.45,2190.0,3.47,/home/tobeornot8259748/projects/balloon_radar_project/data/raw/detection_dataset/train/UAV_IQ/IQ_Data/20260202_144718_beam3.mat,1,0.9687113,73,45,72,45,True,0.72254926,0.23774846
20260202_144718_beam4,20260202_144718,4,310.45,2190.0,3.47,/home/tobeornot8259748/projects/balloon_radar_project/data/raw/detection_dataset/train/UAV_IQ/IQ_Data/20260202_144718_beam4.mat,1,0.9296758,72,46,72,45,True,0.7065408,0.11396381
20260202_144727_beam1,20260202_144727,1,311.14,2160.0,-1.46,/home/tobeornot8259748/projects/balloon_radar_project/data/raw/detection_dataset/test/UAV_IQ/IQ_Data/20260202_144727_beam1.mat,1,0.97504526,72,72,71,72,True,0.72942674,0.15069218
20260202_144727_beam2,20260202_144727,2,310.14,2190.0,-1.46,/home/tobeornot8259748/projects/balloon_radar_project/data/raw/detection_dataset/test/UAV_IQ/IQ_Data/20260202_144727_beam2.mat,1,0.9783211,73,72,72,72,True,0.7342743,0.28189197
20260202_144727_beam3,20260202_144727,3,310.14,2220.0,-1.46,/home/tobeornot8259748/projects/balloon_radar_project/data/raw/detection_dataset/test/UAV_IQ/IQ_Data/20260202_144727_beam3.mat,1,0.97806233,73,72,73,72,True,0.72667533,0.24216591
20260202_144727_beam4,20260202_144727,4,310.14,2190.0,-1.46,/home/tobeornot8259748/projects/balloon_radar_project/data/raw/detection_dataset/test/UAV_IQ/IQ_Data/20260202_144727_beam4.mat,1,0.9478847,73,73,72,72,True,0.69884616,0.12254957
20260202_144735_beam1,20260202_144735,1,311.85,2160.0,-2.38,/home/tobeornot8259748/projects/balloon_radar_project/data/raw/detection_dataset/test/UAV_IQ/IQ_Data/20260202_144735_beam1.mat,1,0.96739066,71,77,71,77,True,0.7358764,0.1789318
20260202_144735_beam2,20260202_144735,2,310.85,2190.0,-2.38,/home/tobeornot8259748/projects/balloon_radar_project/data/raw/detection_dataset/test/UAV_IQ/IQ_Data/20260202_144735_beam2.mat,1,0.9804766,70,77,72,77,True,0.7361258,0.19764236
20260202_144735_beam3,20260202_144735,3,311.85,2190.0,-2.38,/home/tobeornot8259748/projects/balloon_radar_project/data/raw/detection_dataset/test/UAV_IQ/IQ_Data/20260202_144735_beam3.mat,1,0.9655636,72,77,72,77,True,0.74557203,0.222807
20260202_144735_beam4,20260202_144735,4,311.85,2190.0,-2.38,/home/tobeornot8259748/projects/balloon_radar_project/data/raw/detection_dataset/test/UAV_IQ/IQ_Data/20260202_144735_beam4.mat,1,0.9376419,71,79,72,77,True,0.7162645,0.11931233
20260202_144751_beam1,20260202_144751,1,312.01,2160.0,-4.75,/home/tobeornot8259748/projects/balloon_radar_project/data/raw/detection_dataset/train/UAV_IQ/IQ_Data/20260202_144751_beam1.mat,1,0.98742175,69,89,71,90,True,0.72467643,0.21669939
20260202_144751_beam2,20260202_144751,2,312.01,2160.0,-4.75,/home/tobeornot8259748/projects/balloon_radar_project/data/raw/detection_dataset/train/UAV_IQ/IQ_Data/20260202_144751_beam2.mat,1,0.9819833,69,89,71,90,True,0.72912055,0.3212504
20260202_144751_beam3,20260202_144751,3,312.01,2160.0,-4.75,/home/tobeornot8259748/projects/balloon_radar_project/data/raw/detection_dataset/train/UAV_IQ/IQ_Data/20260202_144751_beam3.mat,1,0.9771672,69,90,71,90,True,0.72729045,0.27471387
20260202_144751_beam4,20260202_144751,4,312.01,2160.0,-4.75,/home/tobeornot8259748/projects/balloon_radar_project/data/raw/detection_dataset/train/UAV_IQ/IQ_Data/20260202_144751_beam4.mat,1,0.98506,69,89,71,90,True,0.718736,0.17865857
20260202_144751_beam5,20260202_144751,5,312.01,2160.0,-4.75,/home/tobeornot8259748/projects/balloon_radar_project/data/raw/detection_dataset/train/UAV_IQ/IQ_Data/20260202_144751_beam5.mat,1,0.9273374,69,89,71,90,True,0.73947173,0.07224533
20260202_144800_beam1,20260202_144800,1,311.28,2100.0,-5.48,/home/tobeornot8259748/projects/balloon_radar_project/data/raw/detection_dataset/train/UAV_IQ/IQ_Data/20260202_144800_beam1.mat,1,0.72989947,71,96,69,94,True,0.68868685,0.1264767
20260202_144800_beam2,20260202_144800,2,311.28,2100.0,-5.48,/home/tobeornot8259748/projects/balloon_radar_project/data/raw/detection_dataset/train/UAV_IQ/IQ_Data/20260202_144800_beam2.mat,1,0.9092693,68,94,69,94,True,0.7165337,0.214866
20260202_144800_beam3,20260202_144800,3,311.28,2100.0,-5.48,/home/tobeornot8259748/projects/balloon_radar_project/data/raw/detection_dataset/train/UAV_IQ/IQ_Data/20260202_144800_beam3.mat,1,0.90786064,68,94,69,94,True,0.7169372,0.19840041
20260202_144800_beam4,20260202_144800,4,310.26,2100.0,-5.48,/home/tobeornot8259748/projects/balloon_radar_project/data/raw/detection_dataset/train/UAV_IQ/IQ_Data/20260202_144800_beam4.mat,1,0.8887098,70,96,69,94,True,0.71011794,0.13733731
20260202_144808_beam1,20260202_144808,1,310.72,2040.0,-5.48,/home/tobeornot8259748/projects/balloon_radar_project/data/raw/detection_dataset/test/UAV_IQ/IQ_Data/20260202_144808_beam1.mat,1,0.83154076,66,94,67,94,True,0.6399823,0.07845353
20260202_144808_beam2,20260202_144808,2,310.72,2040.0,-5.66,/home/tobeornot8259748/projects/balloon_radar_project/data/raw/detection_dataset/test/UAV_IQ/IQ_Data/20260202_144808_beam2.mat,1,0.97643286,68,94,67,95,True,0.69933665,0.17962855
20260202_144808_beam3,20260202_144808,3,310.72,2040.0,-5.66,/home/tobeornot8259748/projects/balloon_radar_project/data/raw/detection_dataset/test/UAV_IQ/IQ_Data/20260202_144808_beam3.mat,1,0.97800237,66,94,67,95,True,0.7087444,0.18800847
20260202_144808_beam4,20260202_144808,4,310.72,2070.0,-5.66,/home/tobeornot8259748/projects/balloon_radar_project/data/raw/detection_dataset/test/UAV_IQ/IQ_Data/20260202_144808_beam4.mat,1,0.9601272,66,95,68,95,True,0.6894079,0.11931557
20260202_144816_beam1,20260202_144816,1,311.14,2040.0,2.56,/home/tobeornot8259748/projects/balloon_radar_project/data/raw/detection_dataset/val/UAV_IQ/IQ_Data/20260202_144816_beam1.mat,1,0.92865205,65,49,67,50,True,0.7123806,0.12479456
20260202_144816_beam2,20260202_144816,2,310.14,2010.0,2.56,/home/tobeornot8259748/projects/balloon_radar_project/data/raw/detection_dataset/val/UAV_IQ/IQ_Data/20260202_144816_beam2.mat,1,0.987683,65,50,66,50,True,0.7354752,0.2643422
20260202_144816_beam3,20260202_144816,3,311.14,2040.0,2.56,/home/tobeornot8259748/projects/balloon_radar_project/data/raw/detection_dataset/val/UAV_IQ/IQ_Data/20260202_144816_beam3.mat,1,0.9640145,65,51,67,50,True,0.7239224,0.23201947
20260202_144816_beam4,20260202_144816,4,311.14,2010.0,2.56,/home/tobeornot8259748/projects/balloon_radar_project/data/raw/detection_dataset/val/UAV_IQ/IQ_Data/20260202_144816_beam4.mat,1,0.9661983,65,51,66,50,True,0.7165887,0.17925644
20260202_144816_beam5,20260202_144816,5,311.14,2010.0,2.56,/home/tobeornot8259748/projects/balloon_radar_project/data/raw/detection_dataset/val/UAV_IQ/IQ_Data/20260202_144816_beam5.mat,1,0.90284014,68,51,66,50,True,0.74237263,0.08803714
20260202_144825_beam1,20260202_144825,1,311.13,2070.0,5.3,/home/tobeornot8259748/projects/balloon_radar_project/data/raw/detection_dataset/train/UAV_IQ/IQ_Data/20260202_144825_beam1.mat,1,0.9838144,68,35,68,35,True,0.7327631,0.26507488
20260202_144825_beam2,20260202_144825,2,311.13,2070.0,5.3,/home/tobeornot8259748/projects/balloon_radar_project/data/raw/detection_dataset/train/UAV_IQ/IQ_Data/20260202_144825_beam2.mat,1,0.97558004,66,37,68,35,True,0.72495556,0.40873128
20260202_144825_beam3,20260202_144825,3,311.13,2040.0,5.12,/home/tobeornot8259748/projects/balloon_radar_project/data/raw/detection_dataset/train/UAV_IQ/IQ_Data/20260202_144825_beam3.mat,1,0.9616767,66,37,67,36,True,0.7401292,0.4169313
20260202_144825_beam4,20260202_144825,4,310.14,2070.0,5.3,/home/tobeornot8259748/projects/balloon_radar_project/data/raw/detection_dataset/train/UAV_IQ/IQ_Data/20260202_144825_beam4.mat,1,0.97221076,68,36,68,35,True,0.7283122,0.26223287
20260202_144825_beam5,20260202_144825,5,310.14,2040.0,5.3,/home/tobeornot8259748/projects/balloon_radar_project/data/raw/detection_dataset/train/UAV_IQ/IQ_Data/20260202_144825_beam5.mat,1,0.9746069,68,35,67,35,True,0.75404125,0.14002718
20260202_144833_beam1,20260202_144833,1,310.72,2100.0,5.48,/home/tobeornot8259748/projects/balloon_radar_project/data/raw/detection_dataset/train/UAV_IQ/IQ_Data/20260202_144833_beam1.mat,1,0.91737425,71,36,69,34,True,0.71453696,0.19976822
20260202_144833_beam2,20260202_144833,2,309.73,2100.0,5.48,/home/tobeornot8259748/projects/balloon_radar_project/data/raw/detection_dataset/train/UAV_IQ/IQ_Data/20260202_144833_beam2.mat,1,0.91877633,66,34,69,34,False,0.6887,0.29820028
20260202_144833_beam3,20260202_144833,3,309.73,2100.0,5.48,/home/tobeornot8259748/projects/balloon_radar_project/data/raw/detection_dataset/train/UAV_IQ/IQ_Data/20260202_144833_beam3.mat,1,0.9113128,66,34,69,34,False,0.68503404,0.2998797
20260202_144833_beam4,20260202_144833,4,309.73,2100.0,5.48,/home/tobeornot8259748/projects/balloon_radar_project/data/raw/detection_dataset/train/UAV_IQ/IQ_Data/20260202_144833_beam4.mat,1,0.9693322,67,34,69,34,True,0.6915936,0.22933114
20260202_144833_beam5,20260202_144833,5,310.72,2100.0,5.48,/home/tobeornot8259748/projects/balloon_radar_project/data/raw/detection_dataset/train/UAV_IQ/IQ_Data/20260202_144833_beam5.mat,1,0.8942203,71,35,69,34,True,0.7395379,0.08650764
20260202_145713_beam1,20260202_145713,1,311.05,2190.0,-5.85,/home/tobeornot8259748/projects/balloon_radar_project/data/raw/detection_dataset/train/UAV_IQ/IQ_Data/20260202_145713_beam1.mat,1,0.29521406,67,98,72,96,False,0.61465865,0.0333757
20260202_145713_beam2,20260202_145713,2,312.03,2190.0,-5.85,/home/tobeornot8259748/projects/balloon_radar_project/data/raw/detection_dataset/train/UAV_IQ/IQ_Data/20260202_145713_beam2.mat,1,0.7941882,70,98,72,96,True,0.6617874,0.13255736
20260202_145713_beam3,20260202_145713,3,311.05,2190.0,-5.85,/home/tobeornot8259748/projects/balloon_radar_project/data/raw/detection_dataset/train/UAV_IQ/IQ_Data/20260202_145713_beam3.mat,1,0.46871057,36,60,72,96,False,0.7553385,0.42469233
20260202_145713_beam4,20260202_145713,4,312.03,2190.0,-5.85,/home/tobeornot8259748/projects/balloon_radar_project/data/raw/detection_dataset/train/UAV_IQ/IQ_Data/20260202_145713_beam4.mat,1,0.26630536,68,98,72,96,False,0.6581221,0.03184664
20260202_145722_beam1,20260202_145722,1,312.1,2130.0,-5.85,/home/tobeornot8259748/projects/balloon_radar_project/data/raw/detection_dataset/train/UAV_IQ/IQ_Data/20260202_145722_beam1.mat,1,0.91784674,69,97,70,96,True,0.68165743,0.06868401
20260202_145722_beam2,20260202_145722,2,312.1,2130.0,-5.85,/home/tobeornot8259748/projects/balloon_radar_project/data/raw/detection_dataset/train/UAV_IQ/IQ_Data/20260202_145722_beam2.mat,1,0.94085515,70,97,70,96,True,0.7027341,0.11280329
20260202_145722_beam3,20260202_145722,3,312.1,2130.0,-5.85,/home/tobeornot8259748/projects/balloon_radar_project/data/raw/detection_dataset/train/UAV_IQ/IQ_Data/20260202_145722_beam3.mat,1,0.92202073,69,97,70,96,True,0.6896713,0.09293254
20260202_145722_beam4,20260202_145722,4,312.1,2160.0,-5.85,/home/tobeornot8259748/projects/balloon_radar_project/data/raw/detection_dataset/train/UAV_IQ/IQ_Data/20260202_145722_beam4.mat,1,0.6094172,68,98,71,96,False,0.67819875,0.04031694
20260202_145730_beam1,20260202_145730,1,311.89,2070.0,-5.85,/home/tobeornot8259748/projects/balloon_radar_project/data/raw/detection_dataset/train/UAV_IQ/IQ_Data/20260202_145730_beam1.mat,1,0.89442223,66,97,68,96,True,0.6728743,0.06083392
20260202_145730_beam2,20260202_145730,2,311.89,2070.0,-5.85,/home/tobeornot8259748/projects/balloon_radar_project/data/raw/detection_dataset/train/UAV_IQ/IQ_Data/20260202_145730_beam2.mat,1,0.9718431,68,97,68,96,True,0.735627,0.14513484
20260202_145730_beam3,20260202_145730,3,311.89,2070.0,-5.85,/home/tobeornot8259748/projects/balloon_radar_project/data/raw/detection_dataset/train/UAV_IQ/IQ_Data/20260202_145730_beam3.mat,1,0.9707248,68,97,68,96,True,0.7361521,0.13378349
20260202_145730_beam4,20260202_145730,4,311.89,2070.0,-5.85,/home/tobeornot8259748/projects/balloon_radar_project/data/raw/detection_dataset/train/UAV_IQ/IQ_Data/20260202_145730_beam4.mat,1,0.82070947,66,96,68,96,True,0.6949303,0.060474295
20260202_145730_beam5,20260202_145730,5,311.89,2100.0,-5.85,/home/tobeornot8259748/projects/balloon_radar_project/data/raw/detection_dataset/train/UAV_IQ/IQ_Data/20260202_145730_beam5.mat,1,0.47838876,25,45,69,96,False,0.7169264,0.03960814
20260202_145738_beam1,20260202_145738,1,311.96,2040.0,-5.85,/home/tobeornot8259748/projects/balloon_radar_project/data/raw/detection_dataset/val/UAV_IQ/IQ_Data/20260202_145738_beam1.mat,1,0.9266304,68,96,67,96,True,0.7127441,0.13079211
20260202_145738_beam2,20260202_145738,2,311.96,2040.0,-5.85,/home/tobeornot8259748/projects/balloon_radar_project/data/raw/detection_dataset/val/UAV_IQ/IQ_Data/20260202_145738_beam2.mat,1,0.95866954,68,96,67,96,True,0.71748984,0.2073875
20260202_145738_beam3,20260202_145738,3,311.96,2040.0,-5.85,/home/tobeornot8259748/projects/balloon_radar_project/data/raw/detection_dataset/val/UAV_IQ/IQ_Data/20260202_145738_beam3.mat,1,0.9594042,68,97,67,96,True,0.72174567,0.2007041
20260202_145738_beam4,20260202_145738,4,311.96,2040.0,-5.85,/home/tobeornot8259748/projects/balloon_radar_project/data/raw/detection_dataset/val/UAV_IQ/IQ_Data/20260202_145738_beam4.mat,1,0.96525353,66,97,67,96,True,0.73011434,0.15565307
20260202_145738_beam5,20260202_145738,5,311.96,2040.0,-5.85,/home/tobeornot8259748/projects/balloon_radar_project/data/raw/detection_dataset/val/UAV_IQ/IQ_Data/20260202_145738_beam5.mat,1,0.9103393,69,98,67,96,True,0.725944,0.06390141
20260202_145746_beam1,20260202_145746,1,312.01,2010.0,-5.85,/home/tobeornot8259748/projects/balloon_radar_project/data/raw/detection_dataset/train/UAV_IQ/IQ_Data/20260202_145746_beam1.mat,1,0.94450617,65,96,66,96,True,0.71672,0.10613728
20260202_145746_beam2,20260202_145746,2,312.01,2010.0,-6.03,/home/tobeornot8259748/projects/balloon_radar_project/data/raw/detection_dataset/train/UAV_IQ/IQ_Data/20260202_145746_beam2.mat,1,0.97481626,66,96,66,97,True,0.7441104,0.22463168
20260202_145746_beam3,20260202_145746,3,312.01,2010.0,-5.85,/home/tobeornot8259748/projects/balloon_radar_project/data/raw/detection_dataset/train/UAV_IQ/IQ_Data/20260202_145746_beam3.mat,1,0.9772679,66,96,66,96,True,0.731891,0.23848683
20260202_145746_beam4,20260202_145746,4,312.01,1980.0,-6.03,/home/tobeornot8259748/projects/balloon_radar_project/data/raw/detection_dataset/train/UAV_IQ/IQ_Data/20260202_145746_beam4.mat,1,0.97980416,66,96,65,97,True,0.7392723,0.18713622
20260202_145746_beam5,20260202_145746,5,312.01,1980.0,-5.85,/home/tobeornot8259748/projects/balloon_radar_project/data/raw/detection_dataset/train/UAV_IQ/IQ_Data/20260202_145746_beam5.mat,1,0.93543875,66,96,65,96,True,0.7555419,0.09295691
20260202_145755_beam1,20260202_145755,1,311.93,1950.0,-6.03,/home/tobeornot8259748/projects/balloon_radar_project/data/raw/detection_dataset/train/UAV_IQ/IQ_Data/20260202_145755_beam1.mat,1,0.8319813,63,98,64,97,True,0.667335,0.093165815
20260202_145755_beam2,20260202_145755,2,311.93,1950.0,-6.03,/home/tobeornot8259748/projects/balloon_radar_project/data/raw/detection_dataset/train/UAV_IQ/IQ_Data/20260202_145755_beam2.mat,1,0.940226,65,96,64,97,True,0.6964805,0.19095843
20260202_145755_beam3,20260202_145755,3,311.93,1950.0,-5.85,/home/tobeornot8259748/projects/balloon_radar_project/data/raw/detection_dataset/train/UAV_IQ/IQ_Data/20260202_145755_beam3.mat,1,0.9691473,63,96,64,96,True,0.7276055,0.22095437
20260202_145755_beam4,20260202_145755,4,311.93,1950.0,-6.03,/home/tobeornot8259748/projects/balloon_radar_project/data/raw/detection_dataset/train/UAV_IQ/IQ_Data/20260202_145755_beam4.mat,1,0.9723895,63,96,64,97,True,0.73505235,0.2010854
20260202_145755_beam5,20260202_145755,5,311.93,1950.0,-6.03,/home/tobeornot8259748/projects/balloon_radar_project/data/raw/detection_dataset/train/UAV_IQ/IQ_Data/20260202_145755_beam5.mat,1,0.96076924,64,96,64,97,True,0.7530637,0.12006513
20260202_145813_beam1,20260202_145813,1,311.82,1950.0,4.57,/home/tobeornot8259748/projects/balloon_radar_project/data/raw/detection_dataset/train/UAV_IQ/IQ_Data/20260202_145813_beam1.mat,1,0.97680795,62,38,64,39,True,0.71460485,0.18110727
20260202_145813_beam2,20260202_145813,2,311.82,1950.0,4.75,/home/tobeornot8259748/projects/balloon_radar_project/data/raw/detection_dataset/train/UAV_IQ/IQ_Data/20260202_145813_beam2.mat,1,0.9730681,63,40,64,38,True,0.72468966,0.32888192
20260202_145813_beam3,20260202_145813,3,312.81,1950.0,4.75,/home/tobeornot8259748/projects/balloon_radar_project/data/raw/detection_dataset/train/UAV_IQ/IQ_Data/20260202_145813_beam3.mat,1,0.96752876,64,38,64,38,True,0.72864425,0.30709964
20260202_145813_beam4,20260202_145813,4,312.81,1950.0,4.75,/home/tobeornot8259748/projects/balloon_radar_project/data/raw/detection_dataset/train/UAV_IQ/IQ_Data/20260202_145813_beam4.mat,1,0.9704361,63,38,64,38,True,0.7263341,0.27478456
20260202_145813_beam5,20260202_145813,5,312.81,1950.0,4.57,/home/tobeornot8259748/projects/balloon_radar_project/data/raw/detection_dataset/train/UAV_IQ/IQ_Data/20260202_145813_beam5.mat,1,0.9698195,63,38,64,39,True,0.74624914,0.1771298
20260202_145819_beam1,20260202_145819,1,311.56,2010.0,6.03,/home/tobeornot8259748/projects/balloon_radar_project/data/raw/detection_dataset/val/UAV_IQ/IQ_Data/20260202_145819_beam1.mat,1,0.9617644,66,33,66,31,True,0.7506498,0.18618809
20260202_145819_beam2,20260202_145819,2,312.55,2010.0,6.03,/home/tobeornot8259748/projects/balloon_radar_project/data/raw/detection_dataset/val/UAV_IQ/IQ_Data/20260202_145819_beam2.mat,1,0.97306836,66,33,66,31,True,0.73536414,0.37199673
20260202_145819_beam3,20260202_145819,3,311.56,1980.0,6.03,/home/tobeornot8259748/projects/balloon_radar_project/data/raw/detection_dataset/val/UAV_IQ/IQ_Data/20260202_145819_beam3.mat,1,0.9799803,64,31,65,31,True,0.7291427,0.36954692
20260202_145819_beam4,20260202_145819,4,312.55,1980.0,6.03,/home/tobeornot8259748/projects/balloon_radar_project/data/raw/detection_dataset/val/UAV_IQ/IQ_Data/20260202_145819_beam4.mat,1,0.9801252,64,31,65,31,True,0.73243743,0.319545
20260202_145819_beam5,20260202_145819,5,312.55,2010.0,6.03,/home/tobeornot8259748/projects/balloon_radar_project/data/raw/detection_dataset/val/UAV_IQ/IQ_Data/20260202_145819_beam5.mat,1,0.9844019,64,31,66,31,True,0.7496808,0.21799836
20260202_145828_beam1,20260202_145828,1,312.4,2070.0,6.03,/home/tobeornot8259748/projects/balloon_radar_project/data/raw/detection_dataset/train/UAV_IQ/IQ_Data/20260202_145828_beam1.mat,1,0.9607294,68,31,68,31,True,0.7327918,0.24484785
20260202_145828_beam2,20260202_145828,2,311.42,2010.0,6.03,/home/tobeornot8259748/projects/balloon_radar_project/data/raw/detection_dataset/train/UAV_IQ/IQ_Data/20260202_145828_beam2.mat,1,0.9693373,66,31,66,31,True,0.73552275,0.37058228
20260202_145828_beam3,20260202_145828,3,312.4,2040.0,6.03,/home/tobeornot8259748/projects/balloon_radar_project/data/raw/detection_dataset/train/UAV_IQ/IQ_Data/20260202_145828_beam3.mat,1,0.96478313,68,31,67,31,True,0.73142976,0.325924
20260202_145828_beam4,20260202_145828,4,312.4,2040.0,6.03,/home/tobeornot8259748/projects/balloon_radar_project/data/raw/detection_dataset/train/UAV_IQ/IQ_Data/20260202_145828_beam4.mat,1,0.9605168,66,31,67,31,True,0.721043,0.26100972
20260202_145828_beam5,20260202_145828,5,312.4,2040.0,6.03,/home/tobeornot8259748/projects/balloon_radar_project/data/raw/detection_dataset/train/UAV_IQ/IQ_Data/20260202_145828_beam5.mat,1,0.95855016,68,32,67,31,True,0.7513904,0.15765281
20260202_145836_beam1,20260202_145836,1,311.96,2100.0,3.65,/home/tobeornot8259748/projects/balloon_radar_project/data/raw/detection_dataset/val/UAV_IQ/IQ_Data/20260202_145836_beam1.mat,1,0.9768544,68,43,69,44,True,0.7586901,0.2519231
20260202_145836_beam2,20260202_145836,2,311.96,2100.0,3.84,/home/tobeornot8259748/projects/balloon_radar_project/data/raw/detection_dataset/val/UAV_IQ/IQ_Data/20260202_145836_beam2.mat,1,0.9660306,70,43,69,43,True,0.7575649,0.3797084
20260202_145836_beam3,20260202_145836,3,311.96,2070.0,3.84,/home/tobeornot8259748/projects/balloon_radar_project/data/raw/detection_dataset/val/UAV_IQ/IQ_Data/20260202_145836_beam3.mat,1,0.92835516,70,43,68,43,True,0.7600132,0.35517764
20260202_145836_beam4,20260202_145836,4,312.95,2070.0,4.2,/home/tobeornot8259748/projects/balloon_radar_project/data/raw/detection_dataset/val/UAV_IQ/IQ_Data/20260202_145836_beam4.mat,1,0.93946743,67,42,68,41,True,0.7486717,0.24919413
20260202_145836_beam5,20260202_145836,5,311.96,2100.0,3.84,/home/tobeornot8259748/projects/balloon_radar_project/data/raw/detection_dataset/val/UAV_IQ/IQ_Data/20260202_145836_beam5.mat,1,0.9495694,68,44,69,43,True,0.7860187,0.124474846
