sample_id,source_file,beam_layer,azimuth_deg,distance_m,velocity_mps,mat_path,target_present,raw_score,pred_range_index,pred_velocity_index,true_range_index,true_velocity_index,localization_ok,roi_quality,polarimetric_confidence
20260204_100826_beam1_az001,20260204_100826,1,1.0,,,/home/tobeornot8259748/projects/balloon_radar_project/data/raw/detection_dataset/test/Background_IQ/IQ_Data/20260204_100826_beam1_az001.mat,0,0.20193884,83,63,-1,-1,False,0.49254507,0.0973272
20260204_100826_beam1_az010,20260204_100826,1,10.0,,,/home/tobeornot8259748/projects/balloon_radar_project/data/raw/detection_dataset/train/Background_IQ/IQ_Data/20260204_100826_beam1_az010.mat,0,0.041205626,83,0,-1,-1,False,0.29874203,0.0
20260204_100826_beam1_az019,20260204_100826,1,19.0,,,/home/tobeornot8259748/projects/balloon_radar_project/data/raw/detection_dataset/train/Background_IQ/IQ_Data/20260204_100826_beam1_az019.mat,0,0.090427995,79,64,-1,-1,False,0.54674697,0.1805477
20260204_100826_beam1_az028,20260204_100826,1,28.0,,,/home/tobeornot8259748/projects/balloon_radar_project/data/raw/detection_dataset/val/Background_IQ/IQ_Data/20260204_100826_beam1_az028.mat,0,0.04808721,83,127,-1,-1,False,0.34370133,3.677508e-05
20260204_100826_beam1_az037,20260204_100826,1,37.0,,,/home/tobeornot8259748/projects/balloon_radar_project/data/raw/detection_dataset/train/Background_IQ/IQ_Data/20260204_100826_beam1_az037.mat,0,0.20659342,59,68,-1,-1,False,0.6800263,0.23291412
20260204_100826_beam1_az046,20260204_100826,1,46.0,,,/home/tobeornot8259748/projects/balloon_radar_project/data/raw/detection_dataset/test/Background_IQ/IQ_Data/20260204_100826_beam1_az046.mat,0,0.04850036,83,127,-1,-1,False,0.32397747,0.0
20260204_100826_beam1_az055,20260204_100826,1,55.0,,,/home/tobeornot8259748/projects/balloon_radar_project/data/raw/detection_dataset/train/Background_IQ/IQ_Data/20260204_100826_beam1_az055.mat,0,0.090326376,58,68,-1,-1,False,0.67645484,0.27412298
20260204_100826_beam1_az064,20260204_100826,1,64.0,,,/home/tobeornot8259748/projects/balloon_radar_project/data/raw/detection_dataset/train/Background_IQ/IQ_Data/20260204_100826_beam1_az064.mat,0,0.053834632,20,127,-1,-1,False,0.5217358,0.11105031
20260204_100826_beam1_az073,20260204_100826,1,73.0,,,/home/tobeornot8259748/projects/balloon_radar_project/data/raw/detection_dataset/train/Background_IQ/IQ_Data/20260204_100826_beam1_az073.mat,0,0.16744404,81,64,-1,-1,False,0.56320095,0.23355493
20260204_100826_beam1_az082,20260204_100826,1,82.0,,,/home/tobeornot8259748/projects/balloon_radar_project/data/raw/detection_dataset/train/Background_IQ/IQ_Data/20260204_100826_beam1_az082.mat,0,0.028866021,84,127,-1,-1,False,0.34739736,0.023534818
20260204_100826_beam1_az091,20260204_100826,1,91.0,,,/home/tobeornot8259748/projects/balloon_radar_project/data/raw/detection_dataset/train/Background_IQ/IQ_Data/20260204_100826_beam1_az091.mat,0,0.032881267,99,127,-1,-1,False,0.07835762,0.0
20260204_100826_beam1_az100,20260204_100826,1,100.0,,,/home/tobeornot8259748/projects/balloon_radar_project/data/raw/detection_dataset/train/Background_IQ/IQ_Data/20260204_100826_beam1_az100.mat,0,0.046437893,83,0,-1,-1,False,0.3573635,0.0
20260204_100826_beam1_az109,20260204_100826,1,109.0,,,/home/tobeornot8259748/projects/balloon_radar_project/data/raw/detection_dataset/train/Background_IQ/IQ_Data/20260204_100826_beam1_az109.mat,0,0.060188673,31,68,-1,-1,False,0.7063691,0.2744575
20260204_100826_beam1_az118,20260204_100826,1,118.0,,,/home/tobeornot8259748/projects/balloon_radar_project/data/raw/detection_dataset/train/Background_IQ/IQ_Data/20260204_100826_beam1_az118.mat,0,0.05143933,83,127,-1,-1,False,0.31999418,0.0
20260204_100826_beam1_az127,20260204_100826,1,127.0,,,/home/tobeornot8259748/projects/balloon_radar_project/data/raw/detection_dataset/test/Background_IQ/IQ_Data/20260204_100826_beam1_az127.mat,0,0.054224413,83,63,-1,-1,False,0.53395176,0.15352997
20260204_100826_beam1_az136,20260204_100826,1,136.0,,,/home/tobeornot8259748/projects/balloon_radar_project/data/raw/detection_dataset/train/Background_IQ/IQ_Data/20260204_100826_beam1_az136.mat,0,0.03793718,83,127,-1,-1,False,0.24323788,0.0
20260204_100826_beam1_az145,20260204_100826,1,145.0,,,/home/tobeornot8259748/projects/balloon_radar_project/data/raw/detection_dataset/train/Background_IQ/IQ_Data/20260204_100826_beam1_az145.mat,0,0.053407222,28,0,-1,-1,False,0.65585476,0.17028694
20260204_100826_beam1_az154,20260204_100826,1,154.0,,,/home/tobeornot8259748/projects/balloon_radar_project/data/raw/detection_dataset/train/Background_IQ/IQ_Data/20260204_100826_beam1_az154.mat,0,0.040970623,83,127,-1,-1,False,0.27316824,0.0
20260204_100826_beam1_az163,20260204_100826,1,163.0,,,/home/tobeornot8259748/projects/balloon_radar_project/data/raw/detection_dataset/train/Background_IQ/IQ_Data/20260204_100826_beam1_az163.mat,0,0.037738387,99,127,-1,-1,False,0.06896531,0.0
20260204_100826_beam1_az172,20260204_100826,1,172.0,,,/home/tobeornot8259748/projects/balloon_radar_project/data/raw/detection_dataset/val/Background_IQ/IQ_Data/20260204_100826_beam1_az172.mat,0,0.04442228,83,127,-1,-1,False,0.27235115,0.0
20260204_100826_beam1_az181,20260204_100826,1,181.0,,,/home/tobeornot8259748/projects/balloon_radar_project/data/raw/detection_dataset/train/Background_IQ/IQ_Data/20260204_100826_beam1_az181.mat,0,0.28675318,65,68,-1,-1,False,0.6722802,0.28705737
20260204_100826_beam1_az190,20260204_100826,1,190.0,,,/home/tobeornot8259748/projects/balloon_radar_project/data/raw/detection_dataset/val/Background_IQ/IQ_Data/20260204_100826_beam1_az190.mat,0,0.06333977,83,0,-1,-1,False,0.36227366,0.0
20260204_100826_beam1_az199,20260204_100826,1,199.0,,,/home/tobeornot8259748/projects/balloon_radar_project/data/raw/detection_dataset/test/Background_IQ/IQ_Data/20260204_100826_beam1_az199.mat,0,0.24120888,72,64,-1,-1,False,0.691488,0.2416724
20260204_100826_beam2_az001,20260204_100826,2,1.0,,,/home/tobeornot8259748/projects/balloon_radar_project/data/raw/detection_dataset/test/Background_IQ/IQ_Data/20260204_100826_beam2_az001.mat,0,0.21302332,75,63,-1,-1,False,0.74817693,0.34667137
20260204_100826_beam2_az010,20260204_100826,2,10.0,,,/home/tobeornot8259748/projects/balloon_radar_project/data/raw/detection_dataset/train/Background_IQ/IQ_Data/20260204_100826_beam2_az010.mat,0,0.038333792,84,127,-1,-1,False,0.32518023,0.0
20260204_100826_beam2_az019,20260204_100826,2,19.0,,,/home/tobeornot8259748/projects/balloon_radar_project/data/raw/detection_dataset/train/Background_IQ/IQ_Data/20260204_100826_beam2_az019.mat,0,0.058392555,83,0,-1,-1,False,0.32435444,0.0
20260204_100826_beam2_az028,20260204_100826,2,28.0,,,/home/tobeornot8259748/projects/balloon_radar_project/data/raw/detection_dataset/train/Background_IQ/IQ_Data/20260204_100826_beam2_az028.mat,0,0.047100075,83,0,-1,-1,False,0.3572161,0.0
20260204_100826_beam2_az037,20260204_100826,2,37.0,,,/home/tobeornot8259748/projects/balloon_radar_project/data/raw/detection_dataset/train/Background_IQ/IQ_Data/20260204_100826_beam2_az037.mat,0,0.14101039,57,68,-1,-1,False,0.68001443,0.1837136
20260204_100826_beam2_az046,20260204_100826,2,46.0,,,/home/tobeornot8259748/projects/balloon_radar_project/data/raw/detection_dataset/train/Background_IQ/IQ_Data/20260204_100826_beam2_az046.mat,0,0.03142068,91,127,-1,-1,False,0.20581175,0.0
20260204_100826_beam2_az055,20260204_100826,2,55.0,,,/home/tobeornot8259748/projects/balloon_radar_project/data/raw/detection_dataset/train/Background_IQ/IQ_Data/20260204_100826_beam2_az055.mat,0,0.065392755,63,68,-1,-1,False,0.6337165,0.19493057
20260204_100826_beam2_az064,20260204_100826,2,64.0,,,/home/tobeornot8259748/projects/balloon_radar_project/data/raw/detection_dataset/train/Background_IQ/IQ_Data/20260204_100826_beam2_az064.mat,0,0.027415881,20,127,-1,-1,False,0.48999998,0.05520604
20260204_100826_beam2_az073,20260204_100826,2,73.0,,,/home/tobeornot8259748/projects/balloon_radar_project/data/raw/detection_dataset/test/Background_IQ/IQ_Data/20260204_100826_beam2_az073.mat,0,0.05519083,78,68,-1,-1,False,0.68461263,0.24184602
20260204_100826_beam2_az082,20260204_100826,2,82.0,,,/home/tobeornot8259748/projects/balloon_radar_project/data/raw/detection_dataset/test/Background_IQ/IQ_Data/20260204_100826_beam2_az082.mat,0,0.032846756,84,127,-1,-1,False,0.34374195,0.02358899
20260204_100826_beam2_az091,20260204_100826,2,91.0,,,/home/tobeornot8259748/projects/balloon_radar_project/data/raw/detection_dataset/train/Background_IQ/IQ_Data/20260204_100826_beam2_az091.mat,0,0.050694924,68,69,-1,-1,False,0.6220372,0.23718628
20260204_100826_beam2_az100,20260204_100826,2,100.0,,,/home/tobeornot8259748/projects/balloon_radar_project/data/raw/detection_dataset/train/Background_IQ/IQ_Data/20260204_100826_beam2_az100.mat,0,0.050500587,83,127,-1,-1,False,0.36761853,0.0
20260204_100826_beam2_az109,20260204_100826,2,109.0,,,/home/tobeornot8259748/projects/balloon_radar_project/data/raw/detection_dataset/train/Background_IQ/IQ_Data/20260204_100826_beam2_az109.mat,0,0.03265418,80,59,-1,-1,False,0.6119063,0.24675784
20260204_100826_beam2_az118,20260204_100826,2,118.0,,,/home/tobeornot8259748/projects/balloon_radar_project/data/raw/detection_dataset/train/Background_IQ/IQ_Data/20260204_100826_beam2_az118.mat,0,0.0644437,42,71,-1,-1,False,0.66691613,0.13848042
20260204_100826_beam2_az127,20260204_100826,2,127.0,,,/home/tobeornot8259748/projects/balloon_radar_project/data/raw/detection_dataset/train/Background_IQ/IQ_Data/20260204_100826_beam2_az127.mat,0,0.09593837,10,65,-1,-1,False,0.74571323,0.37401664
20260204_100826_beam2_az136,20260204_100826,2,136.0,,,/home/tobeornot8259748/projects/balloon_radar_project/data/raw/detection_dataset/val/Background_IQ/IQ_Data/20260204_100826_beam2_az136.mat,0,0.052980974,9,66,-1,-1,False,0.68077815,0.422351
20260204_100826_beam2_az145,20260204_100826,2,145.0,,,/home/tobeornot8259748/projects/balloon_radar_project/data/raw/detection_dataset/train/Background_IQ/IQ_Data/20260204_100826_beam2_az145.mat,0,0.049349435,74,68,-1,-1,False,0.6763088,0.2182204
20260204_100826_beam2_az154,20260204_100826,2,154.0,,,/home/tobeornot8259748/projects/balloon_radar_project/data/raw/detection_dataset/train/Background_IQ/IQ_Data/20260204_100826_beam2_az154.mat,0,0.05033258,84,127,-1,-1,False,0.2690972,0.0
20260204_100826_beam2_az163,20260204_100826,2,163.0,,,/home/tobeornot8259748/projects/balloon_radar_project/data/raw/detection_dataset/train/Background_IQ/IQ_Data/20260204_100826_beam2_az163.mat,0,0.035802275,99,127,-1,-1,False,0.07789881,0.0
20260204_100826_beam2_az172,20260204_100826,2,172.0,,,/home/tobeornot8259748/projects/balloon_radar_project/data/raw/detection_dataset/train/Background_IQ/IQ_Data/20260204_100826_beam2_az172.mat,0,0.037283964,83,127,-1,-1,False,0.2887779,0.0
20260204_100826_beam2_az181,20260204_100826,2,181.0,,,/home/tobeornot8259748/projects/balloon_radar_project/data/raw/detection_dataset/train/Background_IQ/IQ_Data/20260204_100826_beam2_az181.mat,0,0.19358613,65,68,-1,-1,False,0.7192932,0.30841744
20260204_100826_beam2_az190,20260204_100826,2,190.0,,,/home/tobeornot8259748/projects/balloon_radar_project/data/raw/detection_dataset/train/Background_IQ/IQ_Data/20260204_100826_beam2_az190.mat,0,0.05100828,83,127,-1,-1,False,0.3579167,0.0
20260204_100826_beam2_az199,20260204_100826,2,199.0,,,/home/tobeornot8259748/projects/balloon_radar_project/data/raw/detection_dataset/train/Background_IQ/IQ_Data/20260204_100826_beam2_az199.mat,0,0.23780344,70,68,-1,-1,False,0.7285895,0.24025054
20260204_100826_beam3_az001,20260204_100826,3,1.0,,,/home/tobeornot8259748/projects/balloon_radar_project/data/raw/detection_dataset/val/Background_IQ/IQ_Data/20260204_100826_beam3_az001.mat,0,0.37833405,75,63,-1,-1,False,0.7239977,0.29165062
20260204_100826_beam3_az010,20260204_100826,3,10.0,,,/home/tobeornot8259748/projects/balloon_radar_project/data/raw/detection_dataset/val/Background_IQ/IQ_Data/20260204_100826_beam3_az010.mat,0,0.03002472,84,127,-1,-1,False,0.33597395,4.7323076e-05
20260204_100826_beam3_az019,20260204_100826,3,19.0,,,/home/tobeornot8259748/projects/balloon_radar_project/data/raw/detection_dataset/test/Background_IQ/IQ_Data/20260204_100826_beam3_az019.mat,0,0.27843505,11,60,-1,-1,False,0.74063575,0.45879346
20260204_100826_beam3_az028,20260204_100826,3,28.0,,,/home/tobeornot8259748/projects/balloon_radar_project/data/raw/detection_dataset/train/Background_IQ/IQ_Data/20260204_100826_beam3_az028.mat,0,0.03362908,63,62,-1,-1,False,0.64576834,0.056626648
20260204_100826_beam3_az037,20260204_100826,3,37.0,,,/home/tobeornot8259748/projects/balloon_radar_project/data/raw/detection_dataset/train/Background_IQ/IQ_Data/20260204_100826_beam3_az037.mat,0,0.3509956,60,68,-1,-1,False,0.7027024,0.18465485
20260204_100826_beam3_az046,20260204_100826,3,46.0,,,/home/tobeornot8259748/projects/balloon_radar_project/data/raw/detection_dataset/train/Background_IQ/IQ_Data/20260204_100826_beam3_az046.mat,0,0.025527166,99,127,-1,-1,False,0.13131471,0.0
20260204_100826_beam3_az055,20260204_100826,3,55.0,,,/home/tobeornot8259748/projects/balloon_radar_project/data/raw/detection_dataset/train/Background_IQ/IQ_Data/20260204_100826_beam3_az055.mat,0,0.37092853,11,60,-1,-1,False,0.7128864,0.45495978
20260204_100826_beam3_az064,20260204_100826,3,64.0,,,/home/tobeornot8259748/projects/balloon_radar_project/data/raw/detection_dataset/train/Background_IQ/IQ_Data/20260204_100826_beam3_az064.mat,0,0.087458044,10,69,-1,-1,False,0.6070653,0.33737454
20260204_100826_beam3_az073,20260204_100826,3,73.0,,,/home/tobeornot8259748/projects/balloon_radar_project/data/raw/detection_dataset/train/Background_IQ/IQ_Data/20260204_100826_beam3_az073.mat,0,0.0844804,11,60,-1,-1,False,0.6637236,0.377332
20260204_100826_beam3_az082,20260204_100826,3,82.0,,,/home/tobeornot8259748/projects/balloon_radar_project/data/raw/detection_dataset/train/Background_IQ/IQ_Data/20260204_100826_beam3_az082.mat,0,0.115549184,11,68,-1,-1,False,0.6882276,0.46584228
20260204_100826_beam3_az091,20260204_100826,3,91.0,,,/home/tobeornot8259748/projects/balloon_radar_project/data/raw/detection_dataset/train/Background_IQ/IQ_Data/20260204_100826_beam3_az091.mat,0,0.17430298,11,59,-1,-1,False,0.6623133,0.36372215
20260204_100826_beam3_az100,20260204_100826,3,100.0,,,/home/tobeornot8259748/projects/balloon_radar_project/data/raw/detection_dataset/train/Background_IQ/IQ_Data/20260204_100826_beam3_az100.mat,0,0.0528157,11,68,-1,-1,False,0.7673686,0.4738253
20260204_100826_beam3_az109,20260204_100826,3,109.0,,,/home/tobeornot8259748/projects/balloon_radar_project/data/raw/detection_dataset/train/Background_IQ/IQ_Data/20260204_100826_beam3_az109.mat,0,0.31289956,11,60,-1,-1,False,0.70889336,0.44606292
20260204_100826_beam3_az118,20260204_100826,3,118.0,,,/home/tobeornot8259748/projects/balloon_radar_project/data/raw/detection_dataset/train/Background_IQ/IQ_Data/20260204_100826_beam3_az118.mat,0,0.090459146,11,68,-1,-1,False,0.72413915,0.47051546
20260204_100826_beam3_az127,20260204_100826,3,127.0,,,/home/tobeornot8259748/projects/balloon_radar_project/data/raw/detection_dataset/train/Background_IQ/IQ_Data/20260204_100826_beam3_az127.mat,0,0.14965765,12,65,-1,-1,False,0.6569895,0.4224218
20260204_100826_beam3_az136,20260204_100826,3,136.0,,,/home/tobeornot8259748/projects/balloon_radar_project/data/raw/detection_dataset/train/Background_IQ/IQ_Data/20260204_100826_beam3_az136.mat,0,0.13848685,10,64,-1,-1,False,0.6281969,0.4330292
20260204_100826_beam3_az145,20260204_100826,3,145.0,,,/home/tobeornot8259748/projects/balloon_radar_project/data/raw/detection_dataset/val/Background_IQ/IQ_Data/20260204_100826_beam3_az145.mat,0,0.06792396,74,59,-1,-1,False,0.656502,0.20755075
20260204_100826_beam3_az154,20260204_100826,3,154.0,,,/home/tobeornot8259748/projects/balloon_radar_project/data/raw/detection_dataset/test/Background_IQ/IQ_Data/20260204_100826_beam3_az154.mat,0,0.074469686,11,68,-1,-1,False,0.6685201,0.3917794
20260204_100826_beam3_az163,20260204_100826,3,163.0,,,/home/tobeornot8259748/projects/balloon_radar_project/data/raw/detection_dataset/train/Background_IQ/IQ_Data/20260204_100826_beam3_az163.mat,0,0.1069094,10,64,-1,-1,False,0.62932783,0.3865871
20260204_100826_beam3_az172,20260204_100826,3,172.0,,,/home/tobeornot8259748/projects/balloon_radar_project/data/raw/detection_dataset/train/Background_IQ/IQ_Data/20260204_100826_beam3_az172.mat,0,0.07270776,11,68,-1,-1,False,0.6966029,0.4528221
20260204_100826_beam3_az181,20260204_100826,3,181.0,,,/home/tobeornot8259748/projects/balloon_radar_project/data/raw/detection_dataset/train/Background_IQ/IQ_Data/20260204_100826_beam3_az181.mat,0,0.223688,11,60,-1,-1,False,0.7070917,0.447967
20260204_100826_beam3_az190,20260204_100826,3,190.0,,,/home/tobeornot8259748/projects/balloon_radar_project/data/raw/detection_dataset/train/Background_IQ/IQ_Data/20260204_100826_beam3_az190.mat,0,0.036856603,82,125,-1,-1,False,0.39444834,0.0
20260204_100826_beam3_az199,20260204_100826,3,199.0,,,/home/tobeornot8259748/projects/balloon_radar_project/data/raw/detection_dataset/train/Background_IQ/IQ_Data/20260204_100826_beam3_az199.mat,0,0.21048623,68,63,-1,-1,False,0.76043385,0.32968402
20260204_100826_beam4_az001,20260204_100826,4,1.0,,,/home/tobeornot8259748/projects/balloon_radar_project/data/raw/detection_dataset/train/Background_IQ/IQ_Data/20260204_100826_beam4_az001.mat,0,0.591597,76,62,-1,-1,False,0.65204275,0.22702856
20260204_100826_beam4_az010,20260204_100826,4,10.0,,,/home/tobeornot8259748/projects/balloon_radar_project/data/raw/detection_dataset/test/Background_IQ/IQ_Data/20260204_100826_beam4_az010.mat,0,0.073284306,49,67,-1,-1,False,0.72632515,0.19715013
20260204_100826_beam4_az019,20260204_100826,4,19.0,,,/home/tobeornot8259748/projects/balloon_radar_project/data/raw/detection_dataset/test/Background_IQ/IQ_Data/20260204_100826_beam4_az019.mat,0,0.16657805,74,64,-1,-1,False,0.6305515,0.123089276
20260204_100826_beam4_az028,20260204_100826,4,28.0,,,/home/tobeornot8259748/projects/balloon_radar_project/data/raw/detection_dataset/train/Background_IQ/IQ_Data/20260204_100826_beam4_az028.mat,0,0.070283405,58,65,-1,-1,False,0.6723369,0.10858922
20260204_100826_beam4_az037,20260204_100826,4,37.0,,,/home/tobeornot8259748/projects/balloon_radar_project/data/raw/detection_dataset/test/Background_IQ/IQ_Data/20260204_100826_beam4_az037.mat,0,0.24160865,60,68,-1,-1,False,0.7313512,0.2115751
20260204_100826_beam4_az046,20260204_100826,4,46.0,,,/home/tobeornot8259748/projects/balloon_radar_project/data/raw/detection_dataset/train/Background_IQ/IQ_Data/20260204_100826_beam4_az046.mat,0,0.027162353,84,127,-1,-1,False,0.36139187,0.00012437679
20260204_100826_beam4_az055,20260204_100826,4,55.0,,,/home/tobeornot8259748/projects/balloon_radar_project/data/raw/detection_dataset/train/Background_IQ/IQ_Data/20260204_100826_beam4_az055.mat,0,0.21307956,64,64,-1,-1,False,0.6186043,0.121276654
20260204_100826_beam4_az064,20260204_100826,4,64.0,,,/home/tobeornot8259748/projects/balloon_radar_project/data/raw/detection_dataset/train/Background_IQ/IQ_Data/20260204_100826_beam4_az064.mat,0,0.026583618,99,127,-1,-1,False,0.09592256,0.0
20260204_100826_beam4_az073,20260204_100826,4,73.0,,,/home/tobeornot8259748/projects/balloon_radar_project/data/raw/detection_dataset/train/Background_IQ/IQ_Data/20260204_100826_beam4_az073.mat,0,0.033269767,49,68,-1,-1,False,0.6458369,0.20801769
20260204_100826_beam4_az082,20260204_100826,4,82.0,,,/home/tobeornot8259748/projects/balloon_radar_project/data/raw/detection_dataset/train/Background_IQ/IQ_Data/20260204_100826_beam4_az082.mat,0,0.029866088,84,127,-1,-1,False,0.33349895,0.00078709243
20260204_100826_beam4_az091,20260204_100826,4,91.0,,,/home/tobeornot8259748/projects/balloon_radar_project/data/raw/detection_dataset/test/Background_IQ/IQ_Data/20260204_100826_beam4_az091.mat,0,0.16365424,38,68,-1,-1,False,0.7240504,0.26294786
20260204_100826_beam4_az100,20260204_100826,4,100.0,,,/home/tobeornot8259748/projects/balloon_radar_project/data/raw/detection_dataset/train/Background_IQ/IQ_Data/20260204_100826_beam4_az100.mat,0,0.029904498,83,127,-1,-1,False,0.3947143,0.0
20260204_100826_beam4_az109,20260204_100826,4,109.0,,,/home/tobeornot8259748/projects/balloon_radar_project/data/raw/detection_dataset/train/Background_IQ/IQ_Data/20260204_100826_beam4_az109.mat,0,0.15438956,78,66,-1,-1,False,0.70968264,0.29107466
20260204_100826_beam4_az118,20260204_100826,4,118.0,,,/home/tobeornot8259748/projects/balloon_radar_project/data/raw/detection_dataset/test/Background_IQ/IQ_Data/20260204_100826_beam4_az118.mat,0,0.032264106,82,63,-1,-1,False,0.520764,0.07435124
20260204_100826_beam4_az127,20260204_100826,4,127.0,,,/home/tobeornot8259748/projects/balloon_radar_project/data/raw/detection_dataset/train/Background_IQ/IQ_Data/20260204_100826_beam4_az127.mat,0,0.18452448,11,60,-1,-1,False,0.70711815,0.34760872
20260204_100826_beam4_az136,20260204_100826,4,136.0,,,/home/tobeornot8259748/projects/balloon_radar_project/data/raw/detection_dataset/train/Background_IQ/IQ_Data/20260204_100826_beam4_az136.mat,0,0.11666806,10,64,-1,-1,False,0.65409666,0.37924656
20260204_100826_beam4_az145,20260204_100826,4,145.0,,,/home/tobeornot8259748/projects/balloon_radar_project/data/raw/detection_dataset/train/Background_IQ/IQ_Data/20260204_100826_beam4_az145.mat,0,0.12536079,11,60,-1,-1,False,0.7097531,0.3250692
20260204_100826_beam4_az154,20260204_100826,4,154.0,,,/home/tobeornot8259748/projects/balloon_radar_project/data/raw/detection_dataset/train/Background_IQ/IQ_Data/20260204_100826_beam4_az154.mat,0,0.11146623,14,59,-1,-1,False,0.69081557,0.29805467
20260204_100826_beam4_az163,20260204_100826,4,163.0,,,/home/tobeornot8259748/projects/balloon_radar_project/data/raw/detection_dataset/train/Background_IQ/IQ_Data/20260204_100826_beam4_az163.mat,0,0.10269688,11,60,-1,-1,False,0.67848384,0.3214324
20260204_100826_beam4_az172,20260204_100826,4,172.0,,,/home/tobeornot8259748/projects/balloon_radar_project/data/raw/detection_dataset/test/Background_IQ/IQ_Data/20260204_100826_beam4_az172.mat,0,0.03823345,25,37,-1,-1,False,0.581726,0.12894422
20260204_100826_beam4_az181,20260204_100826,4,181.0,,,/home/tobeornot8259748/projects/balloon_radar_project/data/raw/detection_dataset/train/Background_IQ/IQ_Data/20260204_100826_beam4_az181.mat,0,0.27843592,62,68,-1,-1,False,0.73773056,0.2936964
20260204_100826_beam4_az190,20260204_100826,4,190.0,,,/home/tobeornot8259748/projects/balloon_radar_project/data/raw/detection_dataset/test/Background_IQ/IQ_Data/20260204_100826_beam4_az190.mat,0,0.06402909,83,126,-1,-1,False,0.4055139,0.0
20260204_100826_beam4_az199,20260204_100826,4,199.0,,,/home/tobeornot8259748/projects/balloon_radar_project/data/raw/detection_dataset/train/Background_IQ/IQ_Data/20260204_100826_beam4_az199.mat,0,0.63697654,70,68,-1,-1,False,0.72296476,0.19907814
20260204_100826_beam5_az001,20260204_100826,5,1.0,,,/home/tobeornot8259748/projects/balloon_radar_project/data/raw/detection_dataset/train/Background_IQ/IQ_Data/20260204_100826_beam5_az001.mat,0,0.6958125,71,64,-1,-1,False,0.6115157,0.15159974
20260204_100826_beam5_az010,20260204_100826,5,10.0,,,/home/tobeornot8259748/projects/balloon_radar_project/data/raw/detection_dataset/train/Background_IQ/IQ_Data/20260204_100826_beam5_az010.mat,0,0.072247826,83,127,-1,-1,False,0.3686775,0.0
20260204_100826_beam5_az019,20260204_100826,5,19.0,,,/home/tobeornot8259748/projects/balloon_radar_project/data/raw/detection_dataset/test/Background_IQ/IQ_Data/20260204_100826_beam5_az019.mat,0,0.26162314,75,64,-1,-1,False,0.70503587,0.2137895
20260204_100826_beam5_az028,20260204_100826,5,28.0,,,/home/tobeornot8259748/projects/balloon_radar_project/data/raw/detection_dataset/train/Background_IQ/IQ_Data/20260204_100826_beam5_az028.mat,0,0.05197205,83,127,-1,-1,False,0.39483312,0.0013528137
20260204_100826_beam5_az037,20260204_100826,5,37.0,,,/home/tobeornot8259748/projects/balloon_radar_project/data/raw/detection_dataset/train/Background_IQ/IQ_Data/20260204_100826_beam5_az037.mat,0,0.37636188,60,64,-1,-1,False,0.73476285,0.2897151
20260204_100826_beam5_az046,20260204_100826,5,46.0,,,/home/tobeornot8259748/projects/balloon_radar_project/data/raw/detection_dataset/train/Background_IQ/IQ_Data/20260204_100826_beam5_az046.mat,0,0.043862265,83,0,-1,-1,False,0.38194808,0.00049169915
20260204_100826_beam5_az055,20260204_100826,5,55.0,,,/home/tobeornot8259748/projects/balloon_radar_project/data/raw/detection_dataset/train/Background_IQ/IQ_Data/20260204_100826_beam5_az055.mat,0,0.0626067,53,59,-1,-1,False,0.638668,0.10462593
20260204_100826_beam5_az064,20260204_100826,5,64.0,,,/home/tobeornot8259748/projects/balloon_radar_project/data/raw/detection_dataset/val/Background_IQ/IQ_Data/20260204_100826_beam5_az064.mat,0,0.051893283,83,0,-1,-1,False,0.34099585,0.0
20260204_100826_beam5_az073,20260204_100826,5,73.0,,,/home/tobeornot8259748/projects/balloon_radar_project/data/raw/detection_dataset/train/Background_IQ/IQ_Data/20260204_100826_beam5_az073.mat,0,0.075381786,53,59,-1,-1,False,0.5965337,0.1194705
20260204_100826_beam5_az082,20260204_100826,5,82.0,,,/home/tobeornot8259748/projects/balloon_radar_project/data/raw/detection_dataset/train/Background_IQ/IQ_Data/20260204_100826_beam5_az082.mat,0,0.0645642,56,64,-1,-1,False,0.6327956,0.17648335
20260204_100826_beam5_az091,20260204_100826,5,91.0,,,/home/tobeornot8259748/projects/balloon_radar_project/data/raw/detection_dataset/train/Background_IQ/IQ_Data/20260204_100826_beam5_az091.mat,0,0.3061117,38,68,-1,-1,False,0.704256,0.19100004
20260204_100826_beam5_az100,20260204_100826,5,100.0,,,/home/tobeornot8259748/projects/balloon_radar_project/data/raw/detection_dataset/train/Background_IQ/IQ_Data/20260204_100826_beam5_az100.mat,0,0.046015587,83,127,-1,-1,False,0.3938377,0.0
20260204_100826_beam5_az109,20260204_100826,5,109.0,,,/home/tobeornot8259748/projects/balloon_radar_project/data/raw/detection_dataset/train/Background_IQ/IQ_Data/20260204_100826_beam5_az109.mat,0,0.14600438,34,64,-1,-1,False,0.77172613,0.4349111
20260204_100826_beam5_az118,20260204_100826,5,118.0,,,/home/tobeornot8259748/projects/balloon_radar_project/data/raw/detection_dataset/test/Background_IQ/IQ_Data/20260204_100826_beam5_az118.mat,0,0.039668966,83,127,-1,-1,False,0.36752117,0.0
20260204_100826_beam5_az127,20260204_100826,5,127.0,,,/home/tobeornot8259748/projects/balloon_radar_project/data/raw/detection_dataset/train/Background_IQ/IQ_Data/20260204_100826_beam5_az127.mat,0,0.12160457,68,68,-1,-1,False,0.66668695,0.2682824
20260204_100826_beam5_az136,20260204_100826,5,136.0,,,/home/tobeornot8259748/projects/balloon_radar_project/data/raw/detection_dataset/train/Background_IQ/IQ_Data/20260204_100826_beam5_az136.mat,0,0.032427356,0,1,-1,-1,False,0.2943639,0.0
20260204_100826_beam5_az145,20260204_100826,5,145.0,,,/home/tobeornot8259748/projects/balloon_radar_project/data/raw/detection_dataset/test/Background_IQ/IQ_Data/20260204_100826_beam5_az145.mat,0,0.031395797,83,127,-1,-1,False,0.2774652,0.0
20260204_100826_beam5_az154,20260204_100826,5,154.0,,,/home/tobeornot8259748/projects/balloon_radar_project/data/raw/detection_dataset/train/Background_IQ/IQ_Data/20260204_100826_beam5_az154.mat,0,0.04012318,10,65,-1,-1,False,0.7503089,0.39120132
20260204_100826_beam5_az163,20260204_100826,5,163.0,,,/home/tobeornot8259748/projects/balloon_radar_project/data/raw/detection_dataset/test/Background_IQ/IQ_Data/20260204_100826_beam5_az163.mat,0,0.0514185,9,66,-1,-1,False,0.68607694,0.4196366
20260204_100826_beam5_az172,20260204_100826,5,172.0,,,/home/tobeornot8259748/projects/balloon_radar_project/data/raw/detection_dataset/train/Background_IQ/IQ_Data/20260204_100826_beam5_az172.mat,0,0.033339635,29,0,-1,-1,False,0.60296655,0.19628604
20260204_100826_beam5_az181,20260204_100826,5,181.0,,,/home/tobeornot8259748/projects/balloon_radar_project/data/raw/detection_dataset/val/Background_IQ/IQ_Data/20260204_100826_beam5_az181.mat,0,0.3675673,74,68,-1,-1,False,0.7177895,0.26119876
20260204_100826_beam5_az190,20260204_100826,5,190.0,,,/home/tobeornot8259748/projects/balloon_radar_project/data/raw/detection_dataset/train/Background_IQ/IQ_Data/20260204_100826_beam5_az190.mat,0,0.06375176,83,127,-1,-1,False,0.39623627,0.0
20260204_100826_beam5_az199,20260204_100826,5,199.0,,,/home/tobeornot8259748/projects/balloon_radar_project/data/raw/detection_dataset/train/Background_IQ/IQ_Data/20260204_100826_beam5_az199.mat,0,0.1768274,75,65,-1,-1,False,0.6158691,0.07087803
20260204_100845_beam1_az001,20260204_100845,1,1.0,,,/home/tobeornot8259748/projects/balloon_radar_project/data/raw/detection_dataset/train/Background_IQ/IQ_Data/20260204_100845_beam1_az001.mat,0,0.3007998,35,67,-1,-1,False,0.8860992,0.045864478
20260204_100845_beam1_az010,20260204_100845,1,10.0,,,/home/tobeornot8259748/projects/balloon_radar_project/data/raw/detection_dataset/val/Background_IQ/IQ_Data/20260204_100845_beam1_az010.mat,0,0.5006174,62,60,-1,-1,False,0.74454296,0.10980803
20260204_100845_beam1_az019,20260204_100845,1,19.0,,,/home/tobeornot8259748/projects/balloon_radar_project/data/raw/detection_dataset/train/Background_IQ/IQ_Data/20260204_100845_beam1_az019.mat,0,0.9142884,59,63,-1,-1,False,0.684991,0.2112988
20260204_100845_beam1_az028,20260204_100845,1,28.0,,,/home/tobeornot8259748/projects/balloon_radar_project/data/raw/detection_dataset/train/Background_IQ/IQ_Data/20260204_100845_beam1_az028.mat,0,0.5764372,73,67,-1,-1,False,0.77848554,0.09725912
20260204_100845_beam1_az037,20260204_100845,1,37.0,,,/home/tobeornot8259748/projects/balloon_radar_project/data/raw/detection_dataset/train/Background_IQ/IQ_Data/20260204_100845_beam1_az037.mat,0,0.84957314,39,64,-1,-1,False,0.7349654,0.48884526
20260204_100845_beam1_az046,20260204_100845,1,46.0,,,/home/tobeornot8259748/projects/balloon_radar_project/data/raw/detection_dataset/val/Background_IQ/IQ_Data/20260204_100845_beam1_az046.mat,0,0.46409103,30,60,-1,-1,False,0.825565,0.26736292
20260204_100845_beam1_az055,20260204_100845,1,55.0,,,/home/tobeornot8259748/projects/balloon_radar_project/data/raw/detection_dataset/train/Background_IQ/IQ_Data/20260204_100845_beam1_az055.mat,0,0.44906366,48,67,-1,-1,False,0.76612043,0.21480435
20260204_100845_beam1_az064,20260204_100845,1,64.0,,,/home/tobeornot8259748/projects/balloon_radar_project/data/raw/detection_dataset/train/Background_IQ/IQ_Data/20260204_100845_beam1_az064.mat,0,0.74217695,72,63,-1,-1,False,0.7354024,0.25279918
20260204_100845_beam1_az073,20260204_100845,1,73.0,,,/home/tobeornot8259748/projects/balloon_radar_project/data/raw/detection_dataset/train/Background_IQ/IQ_Data/20260204_100845_beam1_az073.mat,0,0.52265465,60,68,-1,-1,False,0.813291,0.17016892
20260204_100845_beam1_az082,20260204_100845,1,82.0,,,/home/tobeornot8259748/projects/balloon_radar_project/data/raw/detection_dataset/train/Background_IQ/IQ_Data/20260204_100845_beam1_az082.mat,0,0.79637414,61,61,-1,-1,False,0.67601883,0.25933218
20260204_100845_beam1_az091,20260204_100845,1,91.0,,,/home/tobeornot8259748/projects/balloon_radar_project/data/raw/detection_dataset/train/Background_IQ/IQ_Data/20260204_100845_beam1_az091.mat,0,0.8186947,74,71,-1,-1,False,0.77611434,0.062181525
20260204_100845_beam1_az100,20260204_100845,1,100.0,,,/home/tobeornot8259748/projects/balloon_radar_project/data/raw/detection_dataset/train/Background_IQ/IQ_Data/20260204_100845_beam1_az100.mat,0,0.6228082,58,68,-1,-1,False,0.7715417,0.2877579
20260204_100845_beam1_az109,20260204_100845,1,109.0,,,/home/tobeornot8259748/projects/balloon_radar_project/data/raw/detection_dataset/train/Background_IQ/IQ_Data/20260204_100845_beam1_az109.mat,0,0.7173345,22,64,-1,-1,False,0.7344666,0.25947988
20260204_100845_beam1_az118,20260204_100845,1,118.0,,,/home/tobeornot8259748/projects/balloon_radar_project/data/raw/detection_dataset/train/Background_IQ/IQ_Data/20260204_100845_beam1_az118.mat,0,0.22889577,48,60,-1,-1,False,0.84612834,0.08228387
20260204_100845_beam1_az127,20260204_100845,1,127.0,,,/home/tobeornot8259748/projects/balloon_radar_project/data/raw/detection_dataset/train/Background_IQ/IQ_Data/20260204_100845_beam1_az127.mat,0,0.4811382,41,68,-1,-1,False,0.76505333,0.25084096
20260204_100845_beam1_az136,20260204_100845,1,136.0,,,/home/tobeornot8259748/projects/balloon_radar_project/data/raw/detection_dataset/train/Background_IQ/IQ_Data/20260204_100845_beam1_az136.mat,0,0.75962335,52,60,-1,-1,False,0.7535177,0.24687754
20260204_100845_beam1_az145,20260204_100845,1,145.0,,,/home/tobeornot8259748/projects/balloon_radar_project/data/raw/detection_dataset/train/Background_IQ/IQ_Data/20260204_100845_beam1_az145.mat,0,0.59623396,74,68,-1,-1,False,0.75162405,0.40567213
20260204_100845_beam1_az154,20260204_100845,1,154.0,,,/home/tobeornot8259748/projects/balloon_radar_project/data/raw/detection_dataset/test/Background_IQ/IQ_Data/20260204_100845_beam1_az154.mat,0,0.61677223,49,59,-1,-1,False,0.7263226,0.25417483
20260204_100845_beam1_az163,20260204_100845,1,163.0,,,/home/tobeornot8259748/projects/balloon_radar_project/data/raw/detection_dataset/val/Background_IQ/IQ_Data/20260204_100845_beam1_az163.mat,0,0.6958238,30,63,-1,-1,False,0.746479,0.40859067
20260204_100845_beam1_az172,20260204_100845,1,172.0,,,/home/tobeornot8259748/projects/balloon_radar_project/data/raw/detection_dataset/train/Background_IQ/IQ_Data/20260204_100845_beam1_az172.mat,0,0.5276778,75,60,-1,-1,False,0.7438806,0.14757673
20260204_100845_beam1_az181,20260204_100845,1,181.0,,,/home/tobeornot8259748/projects/balloon_radar_project/data/raw/detection_dataset/train/Background_IQ/IQ_Data/20260204_100845_beam1_az181.mat,0,0.86734754,63,62,-1,-1,False,0.7502613,0.22095156
20260204_100845_beam1_az190,20260204_100845,1,190.0,,,/home/tobeornot8259748/projects/balloon_radar_project/data/raw/detection_dataset/train/Background_IQ/IQ_Data/20260204_100845_beam1_az190.mat,0,0.7986543,64,60,-1,-1,False,0.70116264,0.45097303
20260204_100845_beam1_az199,20260204_100845,1,199.0,,,/home/tobeornot8259748/projects/balloon_radar_project/data/raw/detection_dataset/train/Background_IQ/IQ_Data/20260204_100845_beam1_az199.mat,0,0.7193976,71,64,-1,-1,False,0.7773512,0.27002826
20260204_100845_beam1_az208,20260204_100845,1,208.0,,,/home/tobeornot8259748/projects/balloon_radar_project/data/raw/detection_dataset/test/Background_IQ/IQ_Data/20260204_100845_beam1_az208.mat,0,0.8552251,60,65,-1,-1,False,0.7431222,0.37757003
20260204_100845_beam1_az217,20260204_100845,1,217.0,,,/home/tobeornot8259748/projects/balloon_radar_project/data/raw/detection_dataset/train/Background_IQ/IQ_Data/20260204_100845_beam1_az217.mat,0,0.82559717,61,62,-1,-1,False,0.75808114,0.06622857
20260204_100845_beam1_az226,20260204_100845,1,226.0,,,/home/tobeornot8259748/projects/balloon_radar_project/data/raw/detection_dataset/train/Background_IQ/IQ_Data/20260204_100845_beam1_az226.mat,0,0.6158122,66,60,-1,-1,False,0.65063906,0.14907503
20260204_100845_beam1_az235,20260204_100845,1,235.0,,,/home/tobeornot8259748/projects/balloon_radar_project/data/raw/detection_dataset/val/Background_IQ/IQ_Data/20260204_100845_beam1_az235.mat,0,0.76037693,55,65,-1,-1,False,0.70268536,0.4885543
20260204_100845_beam1_az244,20260204_100845,1,244.0,,,/home/tobeornot8259748/projects/balloon_radar_project/data/raw/detection_dataset/train/Background_IQ/IQ_Data/20260204_100845_beam1_az244.mat,0,0.28805253,10,64,-1,-1,False,0.56578237,0.30188334
20260204_100845_beam1_az253,20260204_100845,1,253.0,,,/home/tobeornot8259748/projects/balloon_radar_project/data/raw/detection_dataset/train/Background_IQ/IQ_Data/20260204_100845_beam1_az253.mat,0,0.46596512,44,59,-1,-1,False,0.6844093,0.16801615
20260204_100845_beam1_az262,20260204_100845,1,262.0,,,/home/tobeornot8259748/projects/balloon_radar_project/data/raw/detection_dataset/train/Background_IQ/IQ_Data/20260204_100845_beam1_az262.mat,0,0.41553438,66,60,-1,-1,False,0.65756965,0.21408626
20260204_100845_beam2_az001,20260204_100845,2,1.0,,,/home/tobeornot8259748/projects/balloon_radar_project/data/raw/detection_dataset/test/Background_IQ/IQ_Data/20260204_100845_beam2_az001.mat,0,0.33136594,62,62,-1,-1,False,0.8623724,0.070497386
20260204_100845_beam2_az010,20260204_100845,2,10.0,,,/home/tobeornot8259748/projects/balloon_radar_project/data/raw/detection_dataset/train/Background_IQ/IQ_Data/20260204_100845_beam2_az010.mat,0,0.56105286,40,60,-1,-1,False,0.75508887,0.38073838
20260204_100845_beam2_az019,20260204_100845,2,19.0,,,/home/tobeornot8259748/projects/balloon_radar_project/data/raw/detection_dataset/train/Background_IQ/IQ_Data/20260204_100845_beam2_az019.mat,0,0.9513838,69,63,-1,-1,False,0.7131882,0.23431902
20260204_100845_beam2_az028,20260204_100845,2,28.0,,,/home/tobeornot8259748/projects/balloon_radar_project/data/raw/detection_dataset/val/Background_IQ/IQ_Data/20260204_100845_beam2_az028.mat,0,0.87187994,72,63,-1,-1,False,0.76705277,0.10900619
20260204_100845_beam2_az037,20260204_100845,2,37.0,,,/home/tobeornot8259748/projects/balloon_radar_project/data/raw/detection_dataset/train/Background_IQ/IQ_Data/20260204_100845_beam2_az037.mat,0,0.52432054,72,65,-1,-1,False,0.7473728,0.4278299
20260204_100845_beam2_az046,20260204_100845,2,46.0,,,/home/tobeornot8259748/projects/balloon_radar_project/data/raw/detection_dataset/train/Background_IQ/IQ_Data/20260204_100845_beam2_az046.mat,0,0.7666179,75,61,-1,-1,False,0.79659086,0.06063757
20260204_100845_beam2_az055,20260204_100845,2,55.0,,,/home/tobeornot8259748/projects/balloon_radar_project/data/raw/detection_dataset/train/Background_IQ/IQ_Data/20260204_100845_beam2_az055.mat,0,0.512369,37,59,-1,-1,False,0.75991577,0.31803358
20260204_100845_beam2_az064,20260204_100845,2,64.0,,,/home/tobeornot8259748/projects/balloon_radar_project/data/raw/detection_dataset/train/Background_IQ/IQ_Data/20260204_100845_beam2_az064.mat,0,0.91784143,62,62,-1,-1,False,0.68159515,0.21149312
20260204_100845_beam2_az073,20260204_100845,2,73.0,,,/home/tobeornot8259748/projects/balloon_radar_project/data/raw/detection_dataset/val/Background_IQ/IQ_Data/20260204_100845_beam2_az073.mat,0,0.5640193,55,67,-1,-1,False,0.8215205,0.08481656
20260204_100845_beam2_az082,20260204_100845,2,82.0,,,/home/tobeornot8259748/projects/balloon_radar_project/data/raw/detection_dataset/train/Background_IQ/IQ_Data/20260204_100845_beam2_az082.mat,0,0.7934579,72,72,-1,-1,False,0.6218882,0.21436763
20260204_100845_beam2_az091,20260204_100845,2,91.0,,,/home/tobeornot8259748/projects/balloon_radar_project/data/raw/detection_dataset/train/Background_IQ/IQ_Data/20260204_100845_beam2_az091.mat,0,0.5159208,68,61,-1,-1,False,0.80402577,0.08055476
20260204_100845_beam2_az100,20260204_100845,2,100.0,,,/home/tobeornot8259748/projects/balloon_radar_project/data/raw/detection_dataset/train/Background_IQ/IQ_Data/20260204_100845_beam2_az100.mat,0,0.78914243,35,62,-1,-1,False,0.71384513,0.321153
20260204_100845_beam2_az109,20260204_100845,2,109.0,,,/home/tobeornot8259748/projects/balloon_radar_project/data/raw/detection_dataset/train/Background_IQ/IQ_Data/20260204_100845_beam2_az109.mat,0,0.35978743,32,68,-1,-1,False,0.7846372,0.108532205
20260204_100845_beam2_az118,20260204_100845,2,118.0,,,/home/tobeornot8259748/projects/balloon_radar_project/data/raw/detection_dataset/train/Background_IQ/IQ_Data/20260204_100845_beam2_az118.mat,0,0.7333407,38,60,-1,-1,False,0.81252843,0.1561995
20260204_100845_beam2_az127,20260204_100845,2,127.0,,,/home/tobeornot8259748/projects/balloon_radar_project/data/raw/detection_dataset/val/Background_IQ/IQ_Data/20260204_100845_beam2_az127.mat,0,0.51190585,71,61,-1,-1,False,0.7734829,0.13978943
20260204_100845_beam2_az136,20260204_100845,2,136.0,,,/home/tobeornot8259748/projects/balloon_radar_project/data/raw/detection_dataset/train/Background_IQ/IQ_Data/20260204_100845_beam2_az136.mat,0,0.79683185,61,60,-1,-1,False,0.72681946,0.21432503
20260204_100845_beam2_az145,20260204_100845,2,145.0,,,/home/tobeornot8259748/projects/balloon_radar_project/data/raw/detection_dataset/train/Background_IQ/IQ_Data/20260204_100845_beam2_az145.mat,0,0.86360836,45,61,-1,-1,False,0.74163896,0.27213103
20260204_100845_beam2_az154,20260204_100845,2,154.0,,,/home/tobeornot8259748/projects/balloon_radar_project/data/raw/detection_dataset/val/Background_IQ/IQ_Data/20260204_100845_beam2_az154.mat,0,0.66288656,72,62,-1,-1,False,0.7581864,0.29587758
20260204_100845_beam2_az163,20260204_100845,2,163.0,,,/home/tobeornot8259748/projects/balloon_radar_project/data/raw/detection_dataset/train/Background_IQ/IQ_Data/20260204_100845_beam2_az163.mat,0,0.82732505,63,63,-1,-1,False,0.7425618,0.39554718
20260204_100845_beam2_az172,20260204_100845,2,172.0,,,/home/tobeornot8259748/projects/balloon_radar_project/data/raw/detection_dataset/test/Background_IQ/IQ_Data/20260204_100845_beam2_az172.mat,0,0.75625026,66,61,-1,-1,False,0.7059512,0.17969999
20260204_100845_beam2_az181,20260204_100845,2,181.0,,,/home/tobeornot8259748/projects/balloon_radar_project/data/raw/detection_dataset/val/Background_IQ/IQ_Data/20260204_100845_beam2_az181.mat,0,0.69218504,33,60,-1,-1,False,0.79588586,0.32853884
20260204_100845_beam2_az190,20260204_100845,2,190.0,,,/home/tobeornot8259748/projects/balloon_radar_project/data/raw/detection_dataset/train/Background_IQ/IQ_Data/20260204_100845_beam2_az190.mat,0,0.7857323,11,63,-1,-1,False,0.63015395,0.5006765
20260204_100845_beam2_az199,20260204_100845,2,199.0,,,/home/tobeornot8259748/projects/balloon_radar_project/data/raw/detection_dataset/train/Background_IQ/IQ_Data/20260204_100845_beam2_az199.mat,0,0.5764835,65,59,-1,-1,False,0.73191226,0.1289134
20260204_100845_beam2_az208,20260204_100845,2,208.0,,,/home/tobeornot8259748/projects/balloon_radar_project/data/raw/detection_dataset/train/Background_IQ/IQ_Data/20260204_100845_beam2_az208.mat,0,0.90808344,46,65,-1,-1,False,0.6988699,0.42882732
20260204_100845_beam2_az217,20260204_100845,2,217.0,,,/home/tobeornot8259748/projects/balloon_radar_project/data/raw/detection_dataset/test/Background_IQ/IQ_Data/20260204_100845_beam2_az217.mat,0,0.36913735,43,69,-1,-1,False,0.7639021,0.04990984
20260204_100845_beam2_az226,20260204_100845,2,226.0,,,/home/tobeornot8259748/projects/balloon_radar_project/data/raw/detection_dataset/train/Background_IQ/IQ_Data/20260204_100845_beam2_az226.mat,0,0.65029633,64,61,-1,-1,False,0.6517556,0.20032999
20260204_100845_beam2_az235,20260204_100845,2,235.0,,,/home/tobeornot8259748/projects/balloon_radar_project/data/raw/detection_dataset/train/Background_IQ/IQ_Data/20260204_100845_beam2_az235.mat,0,0.9590623,62,62,-1,-1,False,0.70121425,0.36613435
20260204_100845_beam2_az244,20260204_100845,2,244.0,,,/home/tobeornot8259748/projects/balloon_radar_project/data/raw/detection_dataset/train/Background_IQ/IQ_Data/20260204_100845_beam2_az244.mat,0,0.2576858,12,64,-1,-1,False,0.5989768,0.33379316
20260204_100845_beam2_az253,20260204_100845,2,253.0,,,/home/tobeornot8259748/projects/balloon_radar_project/data/raw/detection_dataset/test/Background_IQ/IQ_Data/20260204_100845_beam2_az253.mat,0,0.56530994,50,65,-1,-1,False,0.70091563,0.12257809
20260204_100845_beam2_az262,20260204_100845,2,262.0,,,/home/tobeornot8259748/projects/balloon_radar_project/data/raw/detection_dataset/train/Background_IQ/IQ_Data/20260204_100845_beam2_az262.mat,0,0.6793857,67,61,-1,-1,False,0.66132885,0.29616365
20260204_100845_beam3_az001,20260204_100845,3,1.0,,,/home/tobeornot8259748/projects/balloon_radar_project/data/raw/detection_dataset/train/Background_IQ/IQ_Data/20260204_100845_beam3_az001.mat,0,0.5163806,57,61,-1,-1,False,0.86034614,0.076618396
20260204_100845_beam3_az010,20260204_100845,3,10.0,,,/home/tobeornot8259748/projects/balloon_radar_project/data/raw/detection_dataset/train/Background_IQ/IQ_Data/20260204_100845_beam3_az010.mat,0,0.86429155,60,63,-1,-1,False,0.7145806,0.19339041
20260204_100845_beam3_az019,20260204_100845,3,19.0,,,/home/tobeornot8259748/projects/balloon_radar_project/data/raw/detection_dataset/train/Background_IQ/IQ_Data/20260204_100845_beam3_az019.mat,0,0.76405084,72,65,-1,-1,False,0.7394415,0.14882186
20260204_100845_beam3_az028,20260204_100845,3,28.0,,,/home/tobeornot8259748/projects/balloon_radar_project/data/raw/detection_dataset/val/Background_IQ/IQ_Data/20260204_100845_beam3_az028.mat,0,0.814943,69,60,-1,-1,False,0.7635977,0.12181312
20260204_100845_beam3_az037,20260204_100845,3,37.0,,,/home/tobeornot8259748/projects/balloon_radar_project/data/raw/detection_dataset/test/Background_IQ/IQ_Data/20260204_100845_beam3_az037.mat,0,0.70253354,35,68,-1,-1,False,0.787233,0.1544688
20260204_100845_beam3_az046,20260204_100845,3,46.0,,,/home/tobeornot8259748/projects/balloon_radar_project/data/raw/detection_dataset/train/Background_IQ/IQ_Data/20260204_100845_beam3_az046.mat,0,0.6980279,75,61,-1,-1,False,0.75453705,0.090479426
20260204_100845_beam3_az055,20260204_100845,3,55.0,,,/home/tobeornot8259748/projects/balloon_radar_project/data/raw/detection_dataset/train/Background_IQ/IQ_Data/20260204_100845_beam3_az055.mat,0,0.69287443,42,59,-1,-1,False,0.78233653,0.20060079
20260204_100845_beam3_az064,20260204_100845,3,64.0,,,/home/tobeornot8259748/projects/balloon_radar_project/data/raw/detection_dataset/train/Background_IQ/IQ_Data/20260204_100845_beam3_az064.mat,0,0.9447288,62,62,-1,-1,False,0.6759468,0.28556597
20260204_100845_beam3_az073,20260204_100845,3,73.0,,,/home/tobeornot8259748/projects/balloon_radar_project/data/raw/detection_dataset/train/Background_IQ/IQ_Data/20260204_100845_beam3_az073.mat,0,0.44201562,37,69,-1,-1,False,0.8051532,0.092726775
20260204_100845_beam3_az082,20260204_100845,3,82.0,,,/home/tobeornot8259748/projects/balloon_radar_project/data/raw/detection_dataset/val/Background_IQ/IQ_Data/20260204_100845_beam3_az082.mat,0,0.85248715,75,72,-1,-1,False,0.6301337,0.26142058
20260204_100845_beam3_az091,20260204_100845,3,91.0,,,/home/tobeornot8259748/projects/balloon_radar_project/data/raw/detection_dataset/train/Background_IQ/IQ_Data/20260204_100845_beam3_az091.mat,0,0.6052327,49,68,-1,-1,False,0.8154333,0.18009381
20260204_100845_beam3_az100,20260204_100845,3,100.0,,,/home/tobeornot8259748/projects/balloon_radar_project/data/raw/detection_dataset/val/Background_IQ/IQ_Data/20260204_100845_beam3_az100.mat,0,0.7490233,58,64,-1,-1,False,0.7214543,0.44147384
20260204_100845_beam3_az109,20260204_100845,3,109.0,,,/home/tobeornot8259748/projects/balloon_radar_project/data/raw/detection_dataset/train/Background_IQ/IQ_Data/20260204_100845_beam3_az109.mat,0,0.7115583,40,60,-1,-1,False,0.81685686,0.35774365
20260204_100845_beam3_az118,20260204_100845,3,118.0,,,/home/tobeornot8259748/projects/balloon_radar_project/data/raw/detection_dataset/val/Background_IQ/IQ_Data/20260204_100845_beam3_az118.mat,0,0.5814877,62,60,-1,-1,False,0.7614325,0.114527546
20260204_100845_beam3_az127,20260204_100845,3,127.0,,,/home/tobeornot8259748/projects/balloon_radar_project/data/raw/detection_dataset/train/Background_IQ/IQ_Data/20260204_100845_beam3_az127.mat,0,0.47637007,76,68,-1,-1,False,0.783265,0.113165334
20260204_100845_beam3_az136,20260204_100845,3,136.0,,,/home/tobeornot8259748/projects/balloon_radar_project/data/raw/detection_dataset/train/Background_IQ/IQ_Data/20260204_100845_beam3_az136.mat,0,0.7808513,63,63,-1,-1,False,0.73130715,0.3247139
20260204_100845_beam3_az145,20260204_100845,3,145.0,,,/home/tobeornot8259748/projects/balloon_radar_project/data/raw/detection_dataset/train/Background_IQ/IQ_Data/20260204_100845_beam3_az145.mat,0,0.75014174,68,63,-1,-1,False,0.75534564,0.48658964
20260204_100845_beam3_az154,20260204_100845,3,154.0,,,/home/tobeornot8259748/projects/balloon_radar_project/data/raw/detection_dataset/val/Background_IQ/IQ_Data/20260204_100845_beam3_az154.mat,0,0.6078717,40,60,-1,-1,False,0.73228955,0.28480765
20260204_100845_beam3_az163,20260204_100845,3,163.0,,,/home/tobeornot8259748/projects/balloon_radar_project/data/raw/detection_dataset/train/Background_IQ/IQ_Data/20260204_100845_beam3_az163.mat,0,0.8150239,31,63,-1,-1,False,0.7551945,0.28660476
20260204_100845_beam3_az172,20260204_100845,3,172.0,,,/home/tobeornot8259748/projects/balloon_radar_project/data/raw/detection_dataset/train/Background_IQ/IQ_Data/20260204_100845_beam3_az172.mat,0,0.9208528,66,63,-1,-1,False,0.689472,0.27273726
20260204_100845_beam3_az181,20260204_100845,3,181.0,,,/home/tobeornot8259748/projects/balloon_radar_project/data/raw/detection_dataset/train/Background_IQ/IQ_Data/20260204_100845_beam3_az181.mat,0,0.7317883,66,61,-1,-1,False,0.7800359,0.13370423
20260204_100845_beam3_az190,20260204_100845,3,190.0,,,/home/tobeornot8259748/projects/balloon_radar_project/data/raw/detection_dataset/train/Background_IQ/IQ_Data/20260204_100845_beam3_az190.mat,0,0.7779154,11,63,-1,-1,False,0.6330326,0.48210746
20260204_100845_beam3_az199,20260204_100845,3,199.0,,,/home/tobeornot8259748/projects/balloon_radar_project/data/raw/detection_dataset/val/Background_IQ/IQ_Data/20260204_100845_beam3_az199.mat,0,0.83934855,67,62,-1,-1,False,0.7673346,0.25206134
20260204_100845_beam3_az208,20260204_100845,3,208.0,,,/home/tobeornot8259748/projects/balloon_radar_project/data/raw/detection_dataset/val/Background_IQ/IQ_Data/20260204_100845_beam3_az208.mat,0,0.8612479,43,65,-1,-1,False,0.6918526,0.47647083
20260204_100845_beam3_az217,20260204_100845,3,217.0,,,/home/tobeornot8259748/projects/balloon_radar_project/data/raw/detection_dataset/train/Background_IQ/IQ_Data/20260204_100845_beam3_az217.mat,0,0.4967909,75,66,-1,-1,False,0.78651035,0.048987582
20260204_100845_beam3_az226,20260204_100845,3,226.0,,,/home/tobeornot8259748/projects/balloon_radar_project/data/raw/detection_dataset/test/Background_IQ/IQ_Data/20260204_100845_beam3_az226.mat,0,0.83848834,59,64,-1,-1,False,0.67956156,0.23235889
20260204_100845_beam3_az235,20260204_100845,3,235.0,,,/home/tobeornot8259748/projects/balloon_radar_project/data/raw/detection_dataset/train/Background_IQ/IQ_Data/20260204_100845_beam3_az235.mat,0,0.92624354,61,65,-1,-1,False,0.700696,0.3933806
20260204_100845_beam3_az244,20260204_100845,3,244.0,,,/home/tobeornot8259748/projects/balloon_radar_project/data/raw/detection_dataset/train/Background_IQ/IQ_Data/20260204_100845_beam3_az244.mat,0,0.26091447,60,66,-1,-1,False,0.6813578,0.2857395
20260204_100845_beam3_az253,20260204_100845,3,253.0,,,/home/tobeornot8259748/projects/balloon_radar_project/data/raw/detection_dataset/train/Background_IQ/IQ_Data/20260204_100845_beam3_az253.mat,0,0.43998787,42,65,-1,-1,False,0.7383136,0.29701334
20260204_100845_beam3_az262,20260204_100845,3,262.0,,,/home/tobeornot8259748/projects/balloon_radar_project/data/raw/detection_dataset/train/Background_IQ/IQ_Data/20260204_100845_beam3_az262.mat,0,0.799666,67,61,-1,-1,False,0.6600763,0.3428303
20260204_100845_beam4_az001,20260204_100845,4,1.0,,,/home/tobeornot8259748/projects/balloon_radar_project/data/raw/detection_dataset/test/Background_IQ/IQ_Data/20260204_100845_beam4_az001.mat,0,0.20462723,22,65,-1,-1,False,0.8417308,0.27185017
20260204_100845_beam4_az010,20260204_100845,4,10.0,,,/home/tobeornot8259748/projects/balloon_radar_project/data/raw/detection_dataset/train/Background_IQ/IQ_Data/20260204_100845_beam4_az010.mat,0,0.86889046,49,63,-1,-1,False,0.7243633,0.25924167
20260204_100845_beam4_az019,20260204_100845,4,19.0,,,/home/tobeornot8259748/projects/balloon_radar_project/data/raw/detection_dataset/train/Background_IQ/IQ_Data/20260204_100845_beam4_az019.mat,0,0.71491796,69,62,-1,-1,False,0.78615075,0.09378687
20260204_100845_beam4_az028,20260204_100845,4,28.0,,,/home/tobeornot8259748/projects/balloon_radar_project/data/raw/detection_dataset/train/Background_IQ/IQ_Data/20260204_100845_beam4_az028.mat,0,0.6616712,67,59,-1,-1,False,0.70892394,0.13340957
20260204_100845_beam4_az037,20260204_100845,4,37.0,,,/home/tobeornot8259748/projects/balloon_radar_project/data/raw/detection_dataset/train/Background_IQ/IQ_Data/20260204_100845_beam4_az037.mat,0,0.30487108,69,68,-1,-1,False,0.8261731,0.11028187
20260204_100845_beam4_az046,20260204_100845,4,46.0,,,/home/tobeornot8259748/projects/balloon_radar_project/data/raw/detection_dataset/train/Background_IQ/IQ_Data/20260204_100845_beam4_az046.mat,0,0.6990171,65,61,-1,-1,False,0.7454282,0.24355459
20260204_100845_beam4_az055,20260204_100845,4,55.0,,,/home/tobeornot8259748/projects/balloon_radar_project/data/raw/detection_dataset/test/Background_IQ/IQ_Data/20260204_100845_beam4_az055.mat,0,0.40962183,34,68,-1,-1,False,0.8340528,0.27030095
20260204_100845_beam4_az064,20260204_100845,4,64.0,,,/home/tobeornot8259748/projects/balloon_radar_project/data/raw/detection_dataset/test/Background_IQ/IQ_Data/20260204_100845_beam4_az064.mat,0,0.8903057,62,63,-1,-1,False,0.6776681,0.3333536
20260204_100845_beam4_az073,20260204_100845,4,73.0,,,/home/tobeornot8259748/projects/balloon_radar_project/data/raw/detection_dataset/train/Background_IQ/IQ_Data/20260204_100845_beam4_az073.mat,0,0.5627864,70,63,-1,-1,False,0.8400106,0.10012791
20260204_100845_beam4_az082,20260204_100845,4,82.0,,,/home/tobeornot8259748/projects/balloon_radar_project/data/raw/detection_dataset/val/Background_IQ/IQ_Data/20260204_100845_beam4_az082.mat,0,0.9306731,62,63,-1,-1,False,0.64508617,0.29308614
20260204_100845_beam4_az091,20260204_100845,4,91.0,,,/home/tobeornot8259748/projects/balloon_radar_project/data/raw/detection_dataset/train/Background_IQ/IQ_Data/20260204_100845_beam4_az091.mat,0,0.43534163,38,59,-1,-1,False,0.82223856,0.29196766
20260204_100845_beam4_az100,20260204_100845,4,100.0,,,/home/tobeornot8259748/projects/balloon_radar_project/data/raw/detection_dataset/train/Background_IQ/IQ_Data/20260204_100845_beam4_az100.mat,0,0.5303058,58,66,-1,-1,False,0.7324589,0.44727367
20260204_100845_beam4_az109,20260204_100845,4,109.0,,,/home/tobeornot8259748/projects/balloon_radar_project/data/raw/detection_dataset/train/Background_IQ/IQ_Data/20260204_100845_beam4_az109.mat,0,0.7807206,41,60,-1,-1,False,0.8458541,0.41019243
20260204_100845_beam4_az118,20260204_100845,4,118.0,,,/home/tobeornot8259748/projects/balloon_radar_project/data/raw/detection_dataset/train/Background_IQ/IQ_Data/20260204_100845_beam4_az118.mat,0,0.88310295,60,63,-1,-1,False,0.75126755,0.23437521
20260204_100845_beam4_az127,20260204_100845,4,127.0,,,/home/tobeornot8259748/projects/balloon_radar_project/data/raw/detection_dataset/test/Background_IQ/IQ_Data/20260204_100845_beam4_az127.mat,0,0.39082372,74,69,-1,-1,False,0.8075596,0.057173565
20260204_100845_beam4_az136,20260204_100845,4,136.0,,,/home/tobeornot8259748/projects/balloon_radar_project/data/raw/detection_dataset/train/Background_IQ/IQ_Data/20260204_100845_beam4_az136.mat,0,0.9113828,47,63,-1,-1,False,0.7457012,0.4121449
20260204_100845_beam4_az145,20260204_100845,4,145.0,,,/home/tobeornot8259748/projects/balloon_radar_project/data/raw/detection_dataset/test/Background_IQ/IQ_Data/20260204_100845_beam4_az145.mat,0,0.6462952,68,67,-1,-1,False,0.7693204,0.42431143
20260204_100845_beam4_az154,20260204_100845,4,154.0,,,/home/tobeornot8259748/projects/balloon_radar_project/data/raw/detection_dataset/train/Background_IQ/IQ_Data/20260204_100845_beam4_az154.mat,0,0.76104426,37,63,-1,-1,False,0.72233427,0.43329543
20260204_100845_beam4_az163,20260204_100845,4,163.0,,,/home/tobeornot8259748/projects/balloon_radar_project/data/raw/detection_dataset/train/Background_IQ/IQ_Data/20260204_100845_beam4_az163.mat,0,0.58159333,60,67,-1,-1,False,0.76648235,0.30769187
20260204_100845_beam4_az172,20260204_100845,4,172.0,,,/home/tobeornot8259748/projects/balloon_radar_project/data/raw/detection_dataset/train/Background_IQ/IQ_Data/20260204_100845_beam4_az172.mat,0,0.9633942,64,63,-1,-1,False,0.6899516,0.28967294
20260204_100845_beam4_az181,20260204_100845,4,181.0,,,/home/tobeornot8259748/projects/balloon_radar_project/data/raw/detection_dataset/train/Background_IQ/IQ_Data/20260204_100845_beam4_az181.mat,0,0.9044068,63,63,-1,-1,False,0.7731282,0.18928295
20260204_100845_beam4_az190,20260204_100845,4,190.0,,,/home/tobeornot8259748/projects/balloon_radar_project/data/raw/detection_dataset/val/Background_IQ/IQ_Data/20260204_100845_beam4_az190.mat,0,0.82202554,11,63,-1,-1,False,0.62858385,0.46545553
20260204_100845_beam4_az199,20260204_100845,4,199.0,,,/home/tobeornot8259748/projects/balloon_radar_project/data/raw/detection_dataset/train/Background_IQ/IQ_Data/20260204_100845_beam4_az199.mat,0,0.24978966,63,59,-1,-1,False,0.7237412,0.10707946
20260204_100845_beam4_az208,20260204_100845,4,208.0,,,/home/tobeornot8259748/projects/balloon_radar_project/data/raw/detection_dataset/train/Background_IQ/IQ_Data/20260204_100845_beam4_az208.mat,0,0.8568876,47,61,-1,-1,False,0.6894528,0.3616568
20260204_100845_beam4_az217,20260204_100845,4,217.0,,,/home/tobeornot8259748/projects/balloon_radar_project/data/raw/detection_dataset/val/Background_IQ/IQ_Data/20260204_100845_beam4_az217.mat,0,0.491376,69,61,-1,-1,False,0.79432106,0.031580385
20260204_100845_beam4_az226,20260204_100845,4,226.0,,,/home/tobeornot8259748/projects/balloon_radar_project/data/raw/detection_dataset/train/Background_IQ/IQ_Data/20260204_100845_beam4_az226.mat,0,0.81708664,61,66,-1,-1,False,0.7010767,0.24231373
20260204_100845_beam4_az235,20260204_100845,4,235.0,,,/home/tobeornot8259748/projects/balloon_radar_project/data/raw/detection_dataset/train/Background_IQ/IQ_Data/20260204_100845_beam4_az235.mat,0,0.9330709,58,65,-1,-1,False,0.7155651,0.46132532
20260204_100845_beam4_az244,20260204_100845,4,244.0,,,/home/tobeornot8259748/projects/balloon_radar_project/data/raw/detection_dataset/train/Background_IQ/IQ_Data/20260204_100845_beam4_az244.mat,0,0.5567263,67,60,-1,-1,False,0.6937161,0.21578445
20260204_100845_beam4_az253,20260204_100845,4,253.0,,,/home/tobeornot8259748/projects/balloon_radar_project/data/raw/detection_dataset/train/Background_IQ/IQ_Data/20260204_100845_beam4_az253.mat,0,0.56071234,48,67,-1,-1,False,0.70899785,0.17126966
20260204_100845_beam4_az262,20260204_100845,4,262.0,,,/home/tobeornot8259748/projects/balloon_radar_project/data/raw/detection_dataset/train/Background_IQ/IQ_Data/20260204_100845_beam4_az262.mat,0,0.71628004,69,60,-1,-1,False,0.6661151,0.33544716
20260204_100845_beam5_az001,20260204_100845,5,1.0,,,/home/tobeornot8259748/projects/balloon_radar_project/data/raw/detection_dataset/train/Background_IQ/IQ_Data/20260204_100845_beam5_az001.mat,0,0.23371929,79,9,-1,-1,False,0.7922561,0.0053716316
20260204_100845_beam5_az010,20260204_100845,5,10.0,,,/home/tobeornot8259748/projects/balloon_radar_project/data/raw/detection_dataset/train/Background_IQ/IQ_Data/20260204_100845_beam5_az010.mat,0,0.9190189,49,63,-1,-1,False,0.71705973,0.25545582
20260204_100845_beam5_az019,20260204_100845,5,19.0,,,/home/tobeornot8259748/projects/balloon_radar_project/data/raw/detection_dataset/train/Background_IQ/IQ_Data/20260204_100845_beam5_az019.mat,0,0.35392866,69,67,-1,-1,False,0.8082254,0.0781946
20260204_100845_beam5_az028,20260204_100845,5,28.0,,,/home/tobeornot8259748/projects/balloon_radar_project/data/raw/detection_dataset/train/Background_IQ/IQ_Data/20260204_100845_beam5_az028.mat,0,0.8457817,63,61,-1,-1,False,0.7191782,0.20235121
20260204_100845_beam5_az037,20260204_100845,5,37.0,,,/home/tobeornot8259748/projects/balloon_radar_project/data/raw/detection_dataset/train/Background_IQ/IQ_Data/20260204_100845_beam5_az037.mat,0,0.5582583,70,65,-1,-1,False,0.8530089,0.12502623
20260204_100845_beam5_az046,20260204_100845,5,46.0,,,/home/tobeornot8259748/projects/balloon_radar_project/data/raw/detection_dataset/val/Background_IQ/IQ_Data/20260204_100845_beam5_az046.mat,0,0.5894433,65,60,-1,-1,False,0.7244196,0.2249834
20260204_100845_beam5_az055,20260204_100845,5,55.0,,,/home/tobeornot8259748/projects/balloon_radar_project/data/raw/detection_dataset/test/Background_IQ/IQ_Data/20260204_100845_beam5_az055.mat,0,0.35869852,40,68,-1,-1,False,0.86423564,0.35157442
20260204_100845_beam5_az064,20260204_100845,5,64.0,,,/home/tobeornot8259748/projects/balloon_radar_project/data/raw/detection_dataset/train/Background_IQ/IQ_Data/20260204_100845_beam5_az064.mat,0,0.9121954,71,63,-1,-1,False,0.7032699,0.30008957
20260204_100845_beam5_az073,20260204_100845,5,73.0,,,/home/tobeornot8259748/projects/balloon_radar_project/data/raw/detection_dataset/test/Background_IQ/IQ_Data/20260204_100845_beam5_az073.mat,0,0.4239756,69,61,-1,-1,False,0.852667,0.091048114
20260204_100845_beam5_az082,20260204_100845,5,82.0,,,/home/tobeornot8259748/projects/balloon_radar_project/data/raw/detection_dataset/train/Background_IQ/IQ_Data/20260204_100845_beam5_az082.mat,0,0.9107514,61,63,-1,-1,False,0.65709573,0.27044246
20260204_100845_beam5_az091,20260204_100845,5,91.0,,,/home/tobeornot8259748/projects/balloon_radar_project/data/raw/detection_dataset/val/Background_IQ/IQ_Data/20260204_100845_beam5_az091.mat,0,0.553365,38,58,-1,-1,False,0.8296008,0.22065608
20260204_100845_beam5_az100,20260204_100845,5,100.0,,,/home/tobeornot8259748/projects/balloon_radar_project/data/raw/detection_dataset/test/Background_IQ/IQ_Data/20260204_100845_beam5_az100.mat,0,0.7554141,58,65,-1,-1,False,0.7334511,0.42495415
20260204_100845_beam5_az109,20260204_100845,5,109.0,,,/home/tobeornot8259748/projects/balloon_radar_project/data/raw/detection_dataset/train/Background_IQ/IQ_Data/20260204_100845_beam5_az109.mat,0,0.31214488,8,59,-1,-1,False,0.6989328,0.27661037
20260204_100845_beam5_az118,20260204_100845,5,118.0,,,/home/tobeornot8259748/projects/balloon_radar_project/data/raw/detection_dataset/train/Background_IQ/IQ_Data/20260204_100845_beam5_az118.mat,0,0.8858313,60,63,-1,-1,False,0.7581647,0.22735588
20260204_100845_beam5_az127,20260204_100845,5,127.0,,,/home/tobeornot8259748/projects/balloon_radar_project/data/raw/detection_dataset/test/Background_IQ/IQ_Data/20260204_100845_beam5_az127.mat,0,0.2550207,53,63,-1,-1,False,0.8730337,0.11108945
20260204_100845_beam5_az136,20260204_100845,5,136.0,,,/home/tobeornot8259748/projects/balloon_radar_project/data/raw/detection_dataset/train/Background_IQ/IQ_Data/20260204_100845_beam5_az136.mat,0,0.92039895,48,63,-1,-1,False,0.74530756,0.33876577
20260204_100845_beam5_az145,20260204_100845,5,145.0,,,/home/tobeornot8259748/projects/balloon_radar_project/data/raw/detection_dataset/test/Background_IQ/IQ_Data/20260204_100845_beam5_az145.mat,0,0.64776427,68,59,-1,-1,False,0.77415633,0.2575851
20260204_100845_beam5_az154,20260204_100845,5,154.0,,,/home/tobeornot8259748/projects/balloon_radar_project/data/raw/detection_dataset/test/Background_IQ/IQ_Data/20260204_100845_beam5_az154.mat,0,0.8599941,56,63,-1,-1,False,0.68367475,0.358063
20260204_100845_beam5_az163,20260204_100845,5,163.0,,,/home/tobeornot8259748/projects/balloon_radar_project/data/raw/detection_dataset/val/Background_IQ/IQ_Data/20260204_100845_beam5_az163.mat,0,0.5862712,43,68,-1,-1,False,0.79149276,0.2913178
20260204_100845_beam5_az172,20260204_100845,5,172.0,,,/home/tobeornot8259748/projects/balloon_radar_project/data/raw/detection_dataset/train/Background_IQ/IQ_Data/20260204_100845_beam5_az172.mat,0,0.9603113,75,62,-1,-1,False,0.70118666,0.3308703
20260204_100845_beam5_az181,20260204_100845,5,181.0,,,/home/tobeornot8259748/projects/balloon_radar_project/data/raw/detection_dataset/val/Background_IQ/IQ_Data/20260204_100845_beam5_az181.mat,0,0.5473667,63,60,-1,-1,False,0.812117,0.17907901
20260204_100845_beam5_az190,20260204_100845,5,190.0,,,/home/tobeornot8259748/projects/balloon_radar_project/data/raw/detection_dataset/train/Background_IQ/IQ_Data/20260204_100845_beam5_az190.mat,0,0.6650794,47,62,-1,-1,False,0.6552338,0.29193908
20260204_100845_beam5_az199,20260204_100845,5,199.0,,,/home/tobeornot8259748/projects/balloon_radar_project/data/raw/detection_dataset/train/Background_IQ/IQ_Data/20260204_100845_beam5_az199.mat,0,0.858786,8,63,-1,-1,False,0.6692559,0.48289993
20260204_100845_beam5_az208,20260204_100845,5,208.0,,,/home/tobeornot8259748/projects/balloon_radar_project/data/raw/detection_dataset/train/Background_IQ/IQ_Data/20260204_100845_beam5_az208.mat,0,0.9043392,60,65,-1,-1,False,0.7218593,0.3228921
20260204_100845_beam5_az217,20260204_100845,5,217.0,,,/home/tobeornot8259748/projects/balloon_radar_project/data/raw/detection_dataset/train/Background_IQ/IQ_Data/20260204_100845_beam5_az217.mat,0,0.7560924,58,61,-1,-1,False,0.83996654,0.060289517
20260204_100845_beam5_az226,20260204_100845,5,226.0,,,/home/tobeornot8259748/projects/balloon_radar_project/data/raw/detection_dataset/train/Background_IQ/IQ_Data/20260204_100845_beam5_az226.mat,0,0.9677673,59,64,-1,-1,False,0.6977717,0.24538529
20260204_100845_beam5_az235,20260204_100845,5,235.0,,,/home/tobeornot8259748/projects/balloon_radar_project/data/raw/detection_dataset/train/Background_IQ/IQ_Data/20260204_100845_beam5_az235.mat,0,0.8704848,8,64,-1,-1,False,0.63301736,0.5065763
20260204_100845_beam5_az244,20260204_100845,5,244.0,,,/home/tobeornot8259748/projects/balloon_radar_project/data/raw/detection_dataset/val/Background_IQ/IQ_Data/20260204_100845_beam5_az244.mat,0,0.69268274,67,60,-1,-1,False,0.6949429,0.19664885
20260204_100845_beam5_az253,20260204_100845,5,253.0,,,/home/tobeornot8259748/projects/balloon_radar_project/data/raw/detection_dataset/val/Background_IQ/IQ_Data/20260204_100845_beam5_az253.mat,0,0.869343,8,63,-1,-1,False,0.6576239,0.48715606
20260204_100845_beam5_az262,20260204_100845,5,262.0,,,/home/tobeornot8259748/projects/balloon_radar_project/data/raw/detection_dataset/train/Background_IQ/IQ_Data/20260204_100845_beam5_az262.mat,0,0.66345364,69,60,-1,-1,False,0.66376305,0.33417153
20260204_100908_beam1_az001,20260204_100908,1,1.0,,,/home/tobeornot8259748/projects/balloon_radar_project/data/raw/detection_dataset/train/Background_IQ/IQ_Data/20260204_100908_beam1_az001.mat,0,0.059116356,83,0,-1,-1,False,0.23832868,0.000337107
20260204_100908_beam1_az010,20260204_100908,1,10.0,,,/home/tobeornot8259748/projects/balloon_radar_project/data/raw/detection_dataset/test/Background_IQ/IQ_Data/20260204_100908_beam1_az010.mat,0,0.06701319,83,0,-1,-1,False,0.27305594,0.0
20260204_100908_beam1_az019,20260204_100908,1,19.0,,,/home/tobeornot8259748/projects/balloon_radar_project/data/raw/detection_dataset/val/Background_IQ/IQ_Data/20260204_100908_beam1_az019.mat,0,0.06295155,83,127,-1,-1,False,0.27422434,0.00011329846
20260204_100908_beam1_az028,20260204_100908,1,28.0,,,/home/tobeornot8259748/projects/balloon_radar_project/data/raw/detection_dataset/train/Background_IQ/IQ_Data/20260204_100908_beam1_az028.mat,0,0.082694955,83,0,-1,-1,False,0.3000836,0.0047155065
20260204_100908_beam1_az037,20260204_100908,1,37.0,,,/home/tobeornot8259748/projects/balloon_radar_project/data/raw/detection_dataset/val/Background_IQ/IQ_Data/20260204_100908_beam1_az037.mat,0,0.110139936,3,0,-1,-1,False,0.36378372,0.05248043
20260204_100908_beam1_az046,20260204_100908,1,46.0,,,/home/tobeornot8259748/projects/balloon_radar_project/data/raw/detection_dataset/test/Background_IQ/IQ_Data/20260204_100908_beam1_az046.mat,0,0.068072475,83,127,-1,-1,False,0.2924731,0.00036732515
20260204_100908_beam1_az055,20260204_100908,1,55.0,,,/home/tobeornot8259748/projects/balloon_radar_project/data/raw/detection_dataset/train/Background_IQ/IQ_Data/20260204_100908_beam1_az055.mat,0,0.060121965,83,127,-1,-1,False,0.28309643,0.0051589864
20260204_100908_beam1_az064,20260204_100908,1,64.0,,,/home/tobeornot8259748/projects/balloon_radar_project/data/raw/detection_dataset/train/Background_IQ/IQ_Data/20260204_100908_beam1_az064.mat,0,0.05510437,3,0,-1,-1,False,0.3457826,0.029192753
20260204_100908_beam1_az073,20260204_100908,1,73.0,,,/home/tobeornot8259748/projects/balloon_radar_project/data/raw/detection_dataset/train/Background_IQ/IQ_Data/20260204_100908_beam1_az073.mat,0,0.060221527,83,0,-1,-1,False,0.29417843,0.005108184
20260204_100908_beam1_az082,20260204_100908,1,82.0,,,/home/tobeornot8259748/projects/balloon_radar_project/data/raw/detection_dataset/test/Background_IQ/IQ_Data/20260204_100908_beam1_az082.mat,0,0.07785939,83,0,-1,-1,False,0.2903195,0.0069538034
20260204_100908_beam1_az091,20260204_100908,1,91.0,,,/home/tobeornot8259748/projects/balloon_radar_project/data/raw/detection_dataset/train/Background_IQ/IQ_Data/20260204_100908_beam1_az091.mat,0,0.07385229,83,0,-1,-1,False,0.29008558,0.0066659013
20260204_100908_beam1_az100,20260204_100908,1,100.0,,,/home/tobeornot8259748/projects/balloon_radar_project/data/raw/detection_dataset/train/Background_IQ/IQ_Data/20260204_100908_beam1_az100.mat,0,0.0777259,83,0,-1,-1,False,0.27707678,0.0051868595
20260204_100908_beam1_az109,20260204_100908,1,109.0,,,/home/tobeornot8259748/projects/balloon_radar_project/data/raw/detection_dataset/train/Background_IQ/IQ_Data/20260204_100908_beam1_az109.mat,0,0.06593941,83,0,-1,-1,False,0.3010615,0.0065478454
20260204_100908_beam1_az118,20260204_100908,1,118.0,,,/home/tobeornot8259748/projects/balloon_radar_project/data/raw/detection_dataset/train/Background_IQ/IQ_Data/20260204_100908_beam1_az118.mat,0,0.06946016,52,68,-1,-1,False,0.6002048,0.157865
20260204_100908_beam1_az127,20260204_100908,1,127.0,,,/home/tobeornot8259748/projects/balloon_radar_project/data/raw/detection_dataset/train/Background_IQ/IQ_Data/20260204_100908_beam1_az127.mat,0,0.07826773,83,0,-1,-1,False,0.2913815,0.006746577
20260204_100908_beam1_az136,20260204_100908,1,136.0,,,/home/tobeornot8259748/projects/balloon_radar_project/data/raw/detection_dataset/test/Background_IQ/IQ_Data/20260204_100908_beam1_az136.mat,0,0.09209436,83,0,-1,-1,False,0.2693674,0.0043932362
20260204_100908_beam1_az145,20260204_100908,1,145.0,,,/home/tobeornot8259748/projects/balloon_radar_project/data/raw/detection_dataset/train/Background_IQ/IQ_Data/20260204_100908_beam1_az145.mat,0,0.059455372,83,127,-1,-1,False,0.25917056,0.0
20260204_100908_beam1_az154,20260204_100908,1,154.0,,,/home/tobeornot8259748/projects/balloon_radar_project/data/raw/detection_dataset/train/Background_IQ/IQ_Data/20260204_100908_beam1_az154.mat,0,0.06339619,83,127,-1,-1,False,0.28434005,0.0052699726
20260204_100908_beam1_az163,20260204_100908,1,163.0,,,/home/tobeornot8259748/projects/balloon_radar_project/data/raw/detection_dataset/train/Background_IQ/IQ_Data/20260204_100908_beam1_az163.mat,0,0.06990443,83,127,-1,-1,False,0.28499618,0.004987639
20260204_100908_beam1_az172,20260204_100908,1,172.0,,,/home/tobeornot8259748/projects/balloon_radar_project/data/raw/detection_dataset/val/Background_IQ/IQ_Data/20260204_100908_beam1_az172.mat,0,0.0712461,83,0,-1,-1,False,0.30213314,0.004884648
20260204_100908_beam1_az181,20260204_100908,1,181.0,,,/home/tobeornot8259748/projects/balloon_radar_project/data/raw/detection_dataset/train/Background_IQ/IQ_Data/20260204_100908_beam1_az181.mat,0,0.2009536,80,66,-1,-1,False,0.49263215,0.1534989
20260204_100908_beam1_az190,20260204_100908,1,190.0,,,/home/tobeornot8259748/projects/balloon_radar_project/data/raw/detection_dataset/train/Background_IQ/IQ_Data/20260204_100908_beam1_az190.mat,0,0.052632276,83,0,-1,-1,False,0.2889501,0.0008013679
20260204_100908_beam1_az199,20260204_100908,1,199.0,,,/home/tobeornot8259748/projects/balloon_radar_project/data/raw/detection_dataset/val/Background_IQ/IQ_Data/20260204_100908_beam1_az199.mat,0,0.06831793,83,0,-1,-1,False,0.26969287,0.0017610029
20260204_100908_beam1_az208,20260204_100908,1,208.0,,,/home/tobeornot8259748/projects/balloon_radar_project/data/raw/detection_dataset/train/Background_IQ/IQ_Data/20260204_100908_beam1_az208.mat,0,0.067640916,83,0,-1,-1,False,0.2926478,0.0049054776
20260204_100908_beam1_az217,20260204_100908,1,217.0,,,/home/tobeornot8259748/projects/balloon_radar_project/data/raw/detection_dataset/train/Background_IQ/IQ_Data/20260204_100908_beam1_az217.mat,0,0.061294354,83,0,-1,-1,False,0.27936366,0.00027162224
20260204_100908_beam1_az226,20260204_100908,1,226.0,,,/home/tobeornot8259748/projects/balloon_radar_project/data/raw/detection_dataset/val/Background_IQ/IQ_Data/20260204_100908_beam1_az226.mat,0,0.073883004,83,127,-1,-1,False,0.28085557,0.0
20260204_100908_beam1_az235,20260204_100908,1,235.0,,,/home/tobeornot8259748/projects/balloon_radar_project/data/raw/detection_dataset/train/Background_IQ/IQ_Data/20260204_100908_beam1_az235.mat,0,0.056212116,83,127,-1,-1,False,0.2572023,0.0
20260204_100908_beam1_az244,20260204_100908,1,244.0,,,/home/tobeornot8259748/projects/balloon_radar_project/data/raw/detection_dataset/train/Background_IQ/IQ_Data/20260204_100908_beam1_az244.mat,0,0.118574485,27,32,-1,-1,False,0.67322445,0.19590431
20260204_100908_beam1_az253,20260204_100908,1,253.0,,,/home/tobeornot8259748/projects/balloon_radar_project/data/raw/detection_dataset/train/Background_IQ/IQ_Data/20260204_100908_beam1_az253.mat,0,0.11308338,64,62,-1,-1,False,0.5683959,0.109837785
20260204_100908_beam1_az262,20260204_100908,1,262.0,,,/home/tobeornot8259748/projects/balloon_radar_project/data/raw/detection_dataset/train/Background_IQ/IQ_Data/20260204_100908_beam1_az262.mat,0,0.049905498,83,127,-1,-1,False,0.24761763,0.0
20260204_100908_beam2_az001,20260204_100908,2,1.0,,,/home/tobeornot8259748/projects/balloon_radar_project/data/raw/detection_dataset/train/Background_IQ/IQ_Data/20260204_100908_beam2_az001.mat,0,0.046130136,99,127,-1,-1,False,0.05496288,0.0
20260204_100908_beam2_az010,20260204_100908,2,10.0,,,/home/tobeornot8259748/projects/balloon_radar_project/data/raw/detection_dataset/train/Background_IQ/IQ_Data/20260204_100908_beam2_az010.mat,0,0.062473174,19,127,-1,-1,False,0.55773014,0.11683687
20260204_100908_beam2_az019,20260204_100908,2,19.0,,,/home/tobeornot8259748/projects/balloon_radar_project/data/raw/detection_dataset/test/Background_IQ/IQ_Data/20260204_100908_beam2_az019.mat,0,0.0549555,3,0,-1,-1,False,0.3723974,0.01124825
20260204_100908_beam2_az028,20260204_100908,2,28.0,,,/home/tobeornot8259748/projects/balloon_radar_project/data/raw/detection_dataset/test/Background_IQ/IQ_Data/20260204_100908_beam2_az028.mat,0,0.07031613,83,0,-1,-1,False,0.31316754,0.0012288265
20260204_100908_beam2_az037,20260204_100908,2,37.0,,,/home/tobeornot8259748/projects/balloon_radar_project/data/raw/detection_dataset/train/Background_IQ/IQ_Data/20260204_100908_beam2_az037.mat,0,0.069599785,83,0,-1,-1,False,0.31302625,0.0012718642
20260204_100908_beam2_az046,20260204_100908,2,46.0,,,/home/tobeornot8259748/projects/balloon_radar_project/data/raw/detection_dataset/train/Background_IQ/IQ_Data/20260204_100908_beam2_az046.mat,0,0.0665552,83,0,-1,-1,False,0.31939298,0.0
20260204_100908_beam2_az055,20260204_100908,2,55.0,,,/home/tobeornot8259748/projects/balloon_radar_project/data/raw/detection_dataset/train/Background_IQ/IQ_Data/20260204_100908_beam2_az055.mat,0,0.057745572,20,0,-1,-1,False,0.5301472,0.12027771
20260204_100908_beam2_az064,20260204_100908,2,64.0,,,/home/tobeornot8259748/projects/balloon_radar_project/data/raw/detection_dataset/val/Background_IQ/IQ_Data/20260204_100908_beam2_az064.mat,0,0.050141606,83,127,-1,-1,False,0.32681602,6.1785926e-05
20260204_100908_beam2_az073,20260204_100908,2,73.0,,,/home/tobeornot8259748/projects/balloon_radar_project/data/raw/detection_dataset/train/Background_IQ/IQ_Data/20260204_100908_beam2_az073.mat,0,0.06889817,4,127,-1,-1,False,0.42826122,0.065084256
20260204_100908_beam2_az082,20260204_100908,2,82.0,,,/home/tobeornot8259748/projects/balloon_radar_project/data/raw/detection_dataset/train/Background_IQ/IQ_Data/20260204_100908_beam2_az082.mat,0,0.08356076,83,0,-1,-1,False,0.32516912,0.0023817162
20260204_100908_beam2_az091,20260204_100908,2,91.0,,,/home/tobeornot8259748/projects/balloon_radar_project/data/raw/detection_dataset/train/Background_IQ/IQ_Data/20260204_100908_beam2_az091.mat,0,0.11271846,83,0,-1,-1,False,0.31884062,0.0019932357
20260204_100908_beam2_az100,20260204_100908,2,100.0,,,/home/tobeornot8259748/projects/balloon_radar_project/data/raw/detection_dataset/train/Background_IQ/IQ_Data/20260204_100908_beam2_az100.mat,0,0.061426543,83,0,-1,-1,False,0.29990515,0.0015742066
20260204_100908_beam2_az109,20260204_100908,2,109.0,,,/home/tobeornot8259748/projects/balloon_radar_project/data/raw/detection_dataset/train/Background_IQ/IQ_Data/20260204_100908_beam2_az109.mat,0,0.061479203,83,0,-1,-1,False,0.32986683,0.0022486355
20260204_100908_beam2_az118,20260204_100908,2,118.0,,,/home/tobeornot8259748/projects/balloon_radar_project/data/raw/detection_dataset/train/Background_IQ/IQ_Data/20260204_100908_beam2_az118.mat,0,0.05472949,83,0,-1,-1,False,0.31849423,0.002342595
20260204_100908_beam2_az127,20260204_100908,2,127.0,,,/home/tobeornot8259748/projects/balloon_radar_project/data/raw/detection_dataset/train/Background_IQ/IQ_Data/20260204_100908_beam2_az127.mat,0,0.06216944,83,127,-1,-1,False,0.32127374,0.002691728
20260204_100908_beam2_az136,20260204_100908,2,136.0,,,/home/tobeornot8259748/projects/balloon_radar_project/data/raw/detection_dataset/test/Background_IQ/IQ_Data/20260204_100908_beam2_az136.mat,0,0.05536078,83,0,-1,-1,False,0.2988564,0.0008904662
20260204_100908_beam2_az145,20260204_100908,2,145.0,,,/home/tobeornot8259748/projects/balloon_radar_project/data/raw/detection_dataset/train/Background_IQ/IQ_Data/20260204_100908_beam2_az145.mat,0,0.05929124,60,68,-1,-1,False,0.6715663,0.19297704
20260204_100908_beam2_az154,20260204_100908,2,154.0,,,/home/tobeornot8259748/projects/balloon_radar_project/data/raw/detection_dataset/train/Background_IQ/IQ_Data/20260204_100908_beam2_az154.mat,0,0.059441924,83,0,-1,-1,False,0.2991138,0.0015836703
20260204_100908_beam2_az163,20260204_100908,2,163.0,,,/home/tobeornot8259748/projects/balloon_radar_project/data/raw/detection_dataset/test/Background_IQ/IQ_Data/20260204_100908_beam2_az163.mat,0,0.06481809,83,0,-1,-1,False,0.31718177,0.0013777546
20260204_100908_beam2_az172,20260204_100908,2,172.0,,,/home/tobeornot8259748/projects/balloon_radar_project/data/raw/detection_dataset/train/Background_IQ/IQ_Data/20260204_100908_beam2_az172.mat,0,0.108436145,3,0,-1,-1,False,0.37791297,0.039209556
20260204_100908_beam2_az181,20260204_100908,2,181.0,,,/home/tobeornot8259748/projects/balloon_radar_project/data/raw/detection_dataset/train/Background_IQ/IQ_Data/20260204_100908_beam2_az181.mat,0,0.092491455,74,67,-1,-1,False,0.6497174,0.19872692
20260204_100908_beam2_az190,20260204_100908,2,190.0,,,/home/tobeornot8259748/projects/balloon_radar_project/data/raw/detection_dataset/train/Background_IQ/IQ_Data/20260204_100908_beam2_az190.mat,0,0.05948326,83,127,-1,-1,False,0.29535118,0.0
20260204_100908_beam2_az199,20260204_100908,2,199.0,,,/home/tobeornot8259748/projects/balloon_radar_project/data/raw/detection_dataset/val/Background_IQ/IQ_Data/20260204_100908_beam2_az199.mat,0,0.06055086,83,0,-1,-1,False,0.2898578,2.1536685e-05
20260204_100908_beam2_az208,20260204_100908,2,208.0,,,/home/tobeornot8259748/projects/balloon_radar_project/data/raw/detection_dataset/train/Background_IQ/IQ_Data/20260204_100908_beam2_az208.mat,0,0.06758323,83,0,-1,-1,False,0.30582058,0.0012743169
20260204_100908_beam2_az217,20260204_100908,2,217.0,,,/home/tobeornot8259748/projects/balloon_radar_project/data/raw/detection_dataset/train/Background_IQ/IQ_Data/20260204_100908_beam2_az217.mat,0,0.05222504,83,127,-1,-1,False,0.29729608,0.0
20260204_100908_beam2_az226,20260204_100908,2,226.0,,,/home/tobeornot8259748/projects/balloon_radar_project/data/raw/detection_dataset/train/Background_IQ/IQ_Data/20260204_100908_beam2_az226.mat,0,0.094418086,83,127,-1,-1,False,0.29556867,0.0
20260204_100908_beam2_az235,20260204_100908,2,235.0,,,/home/tobeornot8259748/projects/balloon_radar_project/data/raw/detection_dataset/val/Background_IQ/IQ_Data/20260204_100908_beam2_az235.mat,0,0.040516876,83,127,-1,-1,False,0.27126813,0.0
20260204_100908_beam2_az244,20260204_100908,2,244.0,,,/home/tobeornot8259748/projects/balloon_radar_project/data/raw/detection_dataset/train/Background_IQ/IQ_Data/20260204_100908_beam2_az244.mat,0,0.17952783,26,33,-1,-1,False,0.6411244,0.13312536
20260204_100908_beam2_az253,20260204_100908,2,253.0,,,/home/tobeornot8259748/projects/balloon_radar_project/data/raw/detection_dataset/test/Background_IQ/IQ_Data/20260204_100908_beam2_az253.mat,0,0.10546686,64,62,-1,-1,False,0.5701274,0.11759715
20260204_100908_beam2_az262,20260204_100908,2,262.0,,,/home/tobeornot8259748/projects/balloon_radar_project/data/raw/detection_dataset/train/Background_IQ/IQ_Data/20260204_100908_beam2_az262.mat,0,0.0475692,83,127,-1,-1,False,0.26105917,0.0
20260204_100908_beam3_az001,20260204_100908,3,1.0,,,/home/tobeornot8259748/projects/balloon_radar_project/data/raw/detection_dataset/train/Background_IQ/IQ_Data/20260204_100908_beam3_az001.mat,0,0.047979042,9,64,-1,-1,False,0.70452005,0.5652418
20260204_100908_beam3_az010,20260204_100908,3,10.0,,,/home/tobeornot8259748/projects/balloon_radar_project/data/raw/detection_dataset/train/Background_IQ/IQ_Data/20260204_100908_beam3_az010.mat,0,0.0843598,4,64,-1,-1,False,0.634948,0.2870907
20260204_100908_beam3_az019,20260204_100908,3,19.0,,,/home/tobeornot8259748/projects/balloon_radar_project/data/raw/detection_dataset/train/Background_IQ/IQ_Data/20260204_100908_beam3_az019.mat,0,0.057927065,83,127,-1,-1,False,0.3570885,0.0
20260204_100908_beam3_az028,20260204_100908,3,28.0,,,/home/tobeornot8259748/projects/balloon_radar_project/data/raw/detection_dataset/train/Background_IQ/IQ_Data/20260204_100908_beam3_az028.mat,0,0.071309954,83,127,-1,-1,False,0.38529837,0.00033862158
20260204_100908_beam3_az037,20260204_100908,3,37.0,,,/home/tobeornot8259748/projects/balloon_radar_project/data/raw/detection_dataset/train/Background_IQ/IQ_Data/20260204_100908_beam3_az037.mat,0,0.097770944,83,127,-1,-1,False,0.40817007,0.00014374874
20260204_100908_beam3_az046,20260204_100908,3,46.0,,,/home/tobeornot8259748/projects/balloon_radar_project/data/raw/detection_dataset/val/Background_IQ/IQ_Data/20260204_100908_beam3_az046.mat,0,0.08838846,18,0,-1,-1,False,0.5504262,0.0040218728
20260204_100908_beam3_az055,20260204_100908,3,55.0,,,/home/tobeornot8259748/projects/balloon_radar_project/data/raw/detection_dataset/train/Background_IQ/IQ_Data/20260204_100908_beam3_az055.mat,0,0.0874281,58,69,-1,-1,False,0.71240026,0.10085339
20260204_100908_beam3_az064,20260204_100908,3,64.0,,,/home/tobeornot8259748/projects/balloon_radar_project/data/raw/detection_dataset/train/Background_IQ/IQ_Data/20260204_100908_beam3_az064.mat,0,0.044206213,70,52,-1,-1,False,0.66172695,0.1204472
20260204_100908_beam3_az073,20260204_100908,3,73.0,,,/home/tobeornot8259748/projects/balloon_radar_project/data/raw/detection_dataset/train/Background_IQ/IQ_Data/20260204_100908_beam3_az073.mat,0,0.030256014,18,0,-1,-1,False,0.55161124,0.0063759084
20260204_100908_beam3_az082,20260204_100908,3,82.0,,,/home/tobeornot8259748/projects/balloon_radar_project/data/raw/detection_dataset/train/Background_IQ/IQ_Data/20260204_100908_beam3_az082.mat,0,0.13657832,97,64,-1,-1,False,0.5129159,0.07937147
20260204_100908_beam3_az091,20260204_100908,3,91.0,,,/home/tobeornot8259748/projects/balloon_radar_project/data/raw/detection_dataset/train/Background_IQ/IQ_Data/20260204_100908_beam3_az091.mat,0,0.10822233,97,64,-1,-1,False,0.4968214,0.054464247
20260204_100908_beam3_az100,20260204_100908,3,100.0,,,/home/tobeornot8259748/projects/balloon_radar_project/data/raw/detection_dataset/val/Background_IQ/IQ_Data/20260204_100908_beam3_az100.mat,0,0.09095883,97,64,-1,-1,False,0.51114345,0.049066536
20260204_100908_beam3_az109,20260204_100908,3,109.0,,,/home/tobeornot8259748/projects/balloon_radar_project/data/raw/detection_dataset/val/Background_IQ/IQ_Data/20260204_100908_beam3_az109.mat,0,0.09245552,83,0,-1,-1,False,0.4455034,0.0012042493
20260204_100908_beam3_az118,20260204_100908,3,118.0,,,/home/tobeornot8259748/projects/balloon_radar_project/data/raw/detection_dataset/train/Background_IQ/IQ_Data/20260204_100908_beam3_az118.mat,0,0.14320523,64,60,-1,-1,False,0.70082515,0.07149962
20260204_100908_beam3_az127,20260204_100908,3,127.0,,,/home/tobeornot8259748/projects/balloon_radar_project/data/raw/detection_dataset/train/Background_IQ/IQ_Data/20260204_100908_beam3_az127.mat,0,0.113876514,83,126,-1,-1,False,0.43300718,0.0021917217
20260204_100908_beam3_az136,20260204_100908,3,136.0,,,/home/tobeornot8259748/projects/balloon_radar_project/data/raw/detection_dataset/test/Background_IQ/IQ_Data/20260204_100908_beam3_az136.mat,0,0.15286614,64,68,-1,-1,False,0.66970485,0.13022316
20260204_100908_beam3_az145,20260204_100908,3,145.0,,,/home/tobeornot8259748/projects/balloon_radar_project/data/raw/detection_dataset/val/Background_IQ/IQ_Data/20260204_100908_beam3_az145.mat,0,0.035175145,82,125,-1,-1,False,0.34399632,0.0
20260204_100908_beam3_az154,20260204_100908,3,154.0,,,/home/tobeornot8259748/projects/balloon_radar_project/data/raw/detection_dataset/test/Background_IQ/IQ_Data/20260204_100908_beam3_az154.mat,0,0.055235084,20,127,-1,-1,False,0.58802,0.13592657
20260204_100908_beam3_az163,20260204_100908,3,163.0,,,/home/tobeornot8259748/projects/balloon_radar_project/data/raw/detection_dataset/train/Background_IQ/IQ_Data/20260204_100908_beam3_az163.mat,0,0.06876316,77,59,-1,-1,False,0.6464324,0.050969195
20260204_100908_beam3_az172,20260204_100908,3,172.0,,,/home/tobeornot8259748/projects/balloon_radar_project/data/raw/detection_dataset/train/Background_IQ/IQ_Data/20260204_100908_beam3_az172.mat,0,0.07015151,83,0,-1,-1,False,0.3953197,0.0
20260204_100908_beam3_az181,20260204_100908,3,181.0,,,/home/tobeornot8259748/projects/balloon_radar_project/data/raw/detection_dataset/train/Background_IQ/IQ_Data/20260204_100908_beam3_az181.mat,0,0.03601123,84,127,-1,-1,False,0.33181223,0.0007520847
20260204_100908_beam3_az190,20260204_100908,3,190.0,,,/home/tobeornot8259748/projects/balloon_radar_project/data/raw/detection_dataset/val/Background_IQ/IQ_Data/20260204_100908_beam3_az190.mat,0,0.048390936,83,127,-1,-1,False,0.3608771,3.1362285e-06
20260204_100908_beam3_az199,20260204_100908,3,199.0,,,/home/tobeornot8259748/projects/balloon_radar_project/data/raw/detection_dataset/val/Background_IQ/IQ_Data/20260204_100908_beam3_az199.mat,0,0.060522135,83,127,-1,-1,False,0.34281456,0.0
20260204_100908_beam3_az208,20260204_100908,3,208.0,,,/home/tobeornot8259748/projects/balloon_radar_project/data/raw/detection_dataset/train/Background_IQ/IQ_Data/20260204_100908_beam3_az208.mat,0,0.06236117,82,64,-1,-1,False,0.58201265,0.121634275
20260204_100908_beam3_az217,20260204_100908,3,217.0,,,/home/tobeornot8259748/projects/balloon_radar_project/data/raw/detection_dataset/train/Background_IQ/IQ_Data/20260204_100908_beam3_az217.mat,0,0.08785727,67,59,-1,-1,False,0.6548057,0.10347064
20260204_100908_beam3_az226,20260204_100908,3,226.0,,,/home/tobeornot8259748/projects/balloon_radar_project/data/raw/detection_dataset/test/Background_IQ/IQ_Data/20260204_100908_beam3_az226.mat,0,0.12286127,83,0,-1,-1,False,0.37900355,0.00093244785
20260204_100908_beam3_az235,20260204_100908,3,235.0,,,/home/tobeornot8259748/projects/balloon_radar_project/data/raw/detection_dataset/train/Background_IQ/IQ_Data/20260204_100908_beam3_az235.mat,0,0.04125132,45,0,-1,-1,False,0.56573397,0.11003768
20260204_100908_beam3_az244,20260204_100908,3,244.0,,,/home/tobeornot8259748/projects/balloon_radar_project/data/raw/detection_dataset/train/Background_IQ/IQ_Data/20260204_100908_beam3_az244.mat,0,0.059552148,83,127,-1,-1,False,0.3483916,0.00013803557
20260204_100908_beam3_az253,20260204_100908,3,253.0,,,/home/tobeornot8259748/projects/balloon_radar_project/data/raw/detection_dataset/train/Background_IQ/IQ_Data/20260204_100908_beam3_az253.mat,0,0.17419383,82,62,-1,-1,False,0.54220533,0.13397665
20260204_100908_beam3_az262,20260204_100908,3,262.0,,,/home/tobeornot8259748/projects/balloon_radar_project/data/raw/detection_dataset/test/Background_IQ/IQ_Data/20260204_100908_beam3_az262.mat,0,0.04408371,83,127,-1,-1,False,0.31412634,0.0
20260204_100908_beam4_az001,20260204_100908,4,1.0,,,/home/tobeornot8259748/projects/balloon_radar_project/data/raw/detection_dataset/test/Background_IQ/IQ_Data/20260204_100908_beam4_az001.mat,0,0.047836095,83,127,-1,-1,False,0.2771791,0.0
20260204_100908_beam4_az010,20260204_100908,4,10.0,,,/home/tobeornot8259748/projects/balloon_radar_project/data/raw/detection_dataset/test/Background_IQ/IQ_Data/20260204_100908_beam4_az010.mat,0,0.07507345,83,64,-1,-1,False,0.57522774,0.099920236
20260204_100908_beam4_az019,20260204_100908,4,19.0,,,/home/tobeornot8259748/projects/balloon_radar_project/data/raw/detection_dataset/val/Background_IQ/IQ_Data/20260204_100908_beam4_az019.mat,0,0.06007486,83,127,-1,-1,False,0.33968312,0.0
20260204_100908_beam4_az028,20260204_100908,4,28.0,,,/home/tobeornot8259748/projects/balloon_radar_project/data/raw/detection_dataset/test/Background_IQ/IQ_Data/20260204_100908_beam4_az028.mat,0,0.0472081,83,127,-1,-1,False,0.36863875,0.0
20260204_100908_beam4_az037,20260204_100908,4,37.0,,,/home/tobeornot8259748/projects/balloon_radar_project/data/raw/detection_dataset/train/Background_IQ/IQ_Data/20260204_100908_beam4_az037.mat,0,0.055835985,83,127,-1,-1,False,0.3679829,1.9258877e-07
20260204_100908_beam4_az046,20260204_100908,4,46.0,,,/home/tobeornot8259748/projects/balloon_radar_project/data/raw/detection_dataset/train/Background_IQ/IQ_Data/20260204_100908_beam4_az046.mat,0,0.13896964,18,0,-1,-1,False,0.58436257,0.04534941
20260204_100908_beam4_az055,20260204_100908,4,55.0,,,/home/tobeornot8259748/projects/balloon_radar_project/data/raw/detection_dataset/train/Background_IQ/IQ_Data/20260204_100908_beam4_az055.mat,0,0.07232185,83,127,-1,-1,False,0.3774507,0.00024344568
20260204_100908_beam4_az064,20260204_100908,4,64.0,,,/home/tobeornot8259748/projects/balloon_radar_project/data/raw/detection_dataset/train/Background_IQ/IQ_Data/20260204_100908_beam4_az064.mat,0,0.037918773,66,68,-1,-1,False,0.73145765,0.2587263
20260204_100908_beam4_az073,20260204_100908,4,73.0,,,/home/tobeornot8259748/projects/balloon_radar_project/data/raw/detection_dataset/test/Background_IQ/IQ_Data/20260204_100908_beam4_az073.mat,0,0.049220722,83,127,-1,-1,False,0.39978272,0.016058663
20260204_100908_beam4_az082,20260204_100908,4,82.0,,,/home/tobeornot8259748/projects/balloon_radar_project/data/raw/detection_dataset/train/Background_IQ/IQ_Data/20260204_100908_beam4_az082.mat,0,0.12528645,83,0,-1,-1,False,0.37850627,0.0
20260204_100908_beam4_az091,20260204_100908,4,91.0,,,/home/tobeornot8259748/projects/balloon_radar_project/data/raw/detection_dataset/val/Background_IQ/IQ_Data/20260204_100908_beam4_az091.mat,0,0.08912756,38,68,-1,-1,False,0.73092145,0.20285292
20260204_100908_beam4_az100,20260204_100908,4,100.0,,,/home/tobeornot8259748/projects/balloon_radar_project/data/raw/detection_dataset/val/Background_IQ/IQ_Data/20260204_100908_beam4_az100.mat,0,0.04934235,83,127,-1,-1,False,0.36288723,5.637025e-05
20260204_100908_beam4_az109,20260204_100908,4,109.0,,,/home/tobeornot8259748/projects/balloon_radar_project/data/raw/detection_dataset/val/Background_IQ/IQ_Data/20260204_100908_beam4_az109.mat,0,0.06499166,83,127,-1,-1,False,0.38230184,9.392714e-05
20260204_100908_beam4_az118,20260204_100908,4,118.0,,,/home/tobeornot8259748/projects/balloon_radar_project/data/raw/detection_dataset/train/Background_IQ/IQ_Data/20260204_100908_beam4_az118.mat,0,0.047148637,18,0,-1,-1,False,0.5957505,0.07778405
20260204_100908_beam4_az127,20260204_100908,4,127.0,,,/home/tobeornot8259748/projects/balloon_radar_project/data/raw/detection_dataset/train/Background_IQ/IQ_Data/20260204_100908_beam4_az127.mat,0,0.13842313,56,68,-1,-1,False,0.6862785,0.123695344
20260204_100908_beam4_az136,20260204_100908,4,136.0,,,/home/tobeornot8259748/projects/balloon_radar_project/data/raw/detection_dataset/train/Background_IQ/IQ_Data/20260204_100908_beam4_az136.mat,0,0.08768184,83,127,-1,-1,False,0.3436394,0.0
20260204_100908_beam4_az145,20260204_100908,4,145.0,,,/home/tobeornot8259748/projects/balloon_radar_project/data/raw/detection_dataset/test/Background_IQ/IQ_Data/20260204_100908_beam4_az145.mat,0,0.042099882,83,127,-1,-1,False,0.33372518,0.0
20260204_100908_beam4_az154,20260204_100908,4,154.0,,,/home/tobeornot8259748/projects/balloon_radar_project/data/raw/detection_dataset/train/Background_IQ/IQ_Data/20260204_100908_beam4_az154.mat,0,0.04931617,83,127,-1,-1,False,0.3466518,1.7870618e-05
20260204_100908_beam4_az163,20260204_100908,4,163.0,,,/home/tobeornot8259748/projects/balloon_radar_project/data/raw/detection_dataset/val/Background_IQ/IQ_Data/20260204_100908_beam4_az163.mat,0,0.10077323,83,0,-1,-1,False,0.367102,0.0005199543
20260204_100908_beam4_az172,20260204_100908,4,172.0,,,/home/tobeornot8259748/projects/balloon_radar_project/data/raw/detection_dataset/train/Background_IQ/IQ_Data/20260204_100908_beam4_az172.mat,0,0.05547756,83,127,-1,-1,False,0.37790775,4.3002936e-05
20260204_100908_beam4_az181,20260204_100908,4,181.0,,,/home/tobeornot8259748/projects/balloon_radar_project/data/raw/detection_dataset/val/Background_IQ/IQ_Data/20260204_100908_beam4_az181.mat,0,0.033850085,30,73,-1,-1,False,0.65828484,0.23682292
20260204_100908_beam4_az190,20260204_100908,4,190.0,,,/home/tobeornot8259748/projects/balloon_radar_project/data/raw/detection_dataset/train/Background_IQ/IQ_Data/20260204_100908_beam4_az190.mat,0,0.103097476,18,0,-1,-1,False,0.559807,0.037335727
20260204_100908_beam4_az199,20260204_100908,4,199.0,,,/home/tobeornot8259748/projects/balloon_radar_project/data/raw/detection_dataset/train/Background_IQ/IQ_Data/20260204_100908_beam4_az199.mat,0,0.087266035,18,0,-1,-1,False,0.53724927,0.04845691
20260204_100908_beam4_az208,20260204_100908,4,208.0,,,/home/tobeornot8259748/projects/balloon_radar_project/data/raw/detection_dataset/train/Background_IQ/IQ_Data/20260204_100908_beam4_az208.mat,0,0.082196735,83,0,-1,-1,False,0.36336556,1.3389388e-07
20260204_100908_beam4_az217,20260204_100908,4,217.0,,,/home/tobeornot8259748/projects/balloon_radar_project/data/raw/detection_dataset/train/Background_IQ/IQ_Data/20260204_100908_beam4_az217.mat,0,0.070040464,83,127,-1,-1,False,0.3364308,0.0
20260204_100908_beam4_az226,20260204_100908,4,226.0,,,/home/tobeornot8259748/projects/balloon_radar_project/data/raw/detection_dataset/train/Background_IQ/IQ_Data/20260204_100908_beam4_az226.mat,0,0.12992609,83,0,-1,-1,False,0.36865088,0.00052637624
20260204_100908_beam4_az235,20260204_100908,4,235.0,,,/home/tobeornot8259748/projects/balloon_radar_project/data/raw/detection_dataset/train/Background_IQ/IQ_Data/20260204_100908_beam4_az235.mat,0,0.04553079,83,127,-1,-1,False,0.30959913,0.0
20260204_100908_beam4_az244,20260204_100908,4,244.0,,,/home/tobeornot8259748/projects/balloon_radar_project/data/raw/detection_dataset/train/Background_IQ/IQ_Data/20260204_100908_beam4_az244.mat,0,0.05267639,83,127,-1,-1,False,0.32637307,0.0
20260204_100908_beam4_az253,20260204_100908,4,253.0,,,/home/tobeornot8259748/projects/balloon_radar_project/data/raw/detection_dataset/train/Background_IQ/IQ_Data/20260204_100908_beam4_az253.mat,0,0.094516605,82,62,-1,-1,False,0.48838368,0.07784808
20260204_100908_beam4_az262,20260204_100908,4,262.0,,,/home/tobeornot8259748/projects/balloon_radar_project/data/raw/detection_dataset/val/Background_IQ/IQ_Data/20260204_100908_beam4_az262.mat,0,0.066144824,83,127,-1,-1,False,0.30756336,0.0
20260204_100908_beam5_az001,20260204_100908,5,1.0,,,/home/tobeornot8259748/projects/balloon_radar_project/data/raw/detection_dataset/train/Background_IQ/IQ_Data/20260204_100908_beam5_az001.mat,0,0.068150856,20,127,-1,-1,False,0.52567124,0.18584983
20260204_100908_beam5_az010,20260204_100908,5,10.0,,,/home/tobeornot8259748/projects/balloon_radar_project/data/raw/detection_dataset/test/Background_IQ/IQ_Data/20260204_100908_beam5_az010.mat,0,0.04775121,83,127,-1,-1,False,0.28582442,0.0
20260204_100908_beam5_az019,20260204_100908,5,19.0,,,/home/tobeornot8259748/projects/balloon_radar_project/data/raw/detection_dataset/train/Background_IQ/IQ_Data/20260204_100908_beam5_az019.mat,0,0.12681569,27,111,-1,-1,False,0.68534124,0.22475201
20260204_100908_beam5_az028,20260204_100908,5,28.0,,,/home/tobeornot8259748/projects/balloon_radar_project/data/raw/detection_dataset/val/Background_IQ/IQ_Data/20260204_100908_beam5_az028.mat,0,0.064154826,83,127,-1,-1,False,0.3238054,0.00070842163
20260204_100908_beam5_az037,20260204_100908,5,37.0,,,/home/tobeornot8259748/projects/balloon_radar_project/data/raw/detection_dataset/train/Background_IQ/IQ_Data/20260204_100908_beam5_az037.mat,0,0.07061735,83,0,-1,-1,False,0.32233498,0.0015972761
20260204_100908_beam5_az046,20260204_100908,5,46.0,,,/home/tobeornot8259748/projects/balloon_radar_project/data/raw/detection_dataset/val/Background_IQ/IQ_Data/20260204_100908_beam5_az046.mat,0,0.076080896,3,0,-1,-1,False,0.39402103,0.035928827
20260204_100908_beam5_az055,20260204_100908,5,55.0,,,/home/tobeornot8259748/projects/balloon_radar_project/data/raw/detection_dataset/train/Background_IQ/IQ_Data/20260204_100908_beam5_az055.mat,0,0.077347815,83,127,-1,-1,False,0.32942623,0.0013676898
20260204_100908_beam5_az064,20260204_100908,5,64.0,,,/home/tobeornot8259748/projects/balloon_radar_project/data/raw/detection_dataset/train/Background_IQ/IQ_Data/20260204_100908_beam5_az064.mat,0,0.0526967,85,65,-1,-1,False,0.64183974,0.40420094
20260204_100908_beam5_az073,20260204_100908,5,73.0,,,/home/tobeornot8259748/projects/balloon_radar_project/data/raw/detection_dataset/val/Background_IQ/IQ_Data/20260204_100908_beam5_az073.mat,0,0.09976282,40,68,-1,-1,False,0.6792264,0.27370232
20260204_100908_beam5_az082,20260204_100908,5,82.0,,,/home/tobeornot8259748/projects/balloon_radar_project/data/raw/detection_dataset/train/Background_IQ/IQ_Data/20260204_100908_beam5_az082.mat,0,0.13788936,83,0,-1,-1,False,0.32803905,0.0019254019
20260204_100908_beam5_az091,20260204_100908,5,91.0,,,/home/tobeornot8259748/projects/balloon_radar_project/data/raw/detection_dataset/train/Background_IQ/IQ_Data/20260204_100908_beam5_az091.mat,0,0.07970279,83,127,-1,-1,False,0.31788254,0.0024165793
20260204_100908_beam5_az100,20260204_100908,5,100.0,,,/home/tobeornot8259748/projects/balloon_radar_project/data/raw/detection_dataset/test/Background_IQ/IQ_Data/20260204_100908_beam5_az100.mat,0,0.060662504,83,0,-1,-1,False,0.3243265,0.0015474451
20260204_100908_beam5_az109,20260204_100908,5,109.0,,,/home/tobeornot8259748/projects/balloon_radar_project/data/raw/detection_dataset/train/Background_IQ/IQ_Data/20260204_100908_beam5_az109.mat,0,0.06444474,83,127,-1,-1,False,0.33114964,0.0013653263
20260204_100908_beam5_az118,20260204_100908,5,118.0,,,/home/tobeornot8259748/projects/balloon_radar_project/data/raw/detection_dataset/test/Background_IQ/IQ_Data/20260204_100908_beam5_az118.mat,0,0.047622256,83,127,-1,-1,False,0.33658296,0.0022908654
20260204_100908_beam5_az127,20260204_100908,5,127.0,,,/home/tobeornot8259748/projects/balloon_radar_project/data/raw/detection_dataset/test/Background_IQ/IQ_Data/20260204_100908_beam5_az127.mat,0,0.09832549,83,0,-1,-1,False,0.33599308,0.0022165496
20260204_100908_beam5_az136,20260204_100908,5,136.0,,,/home/tobeornot8259748/projects/balloon_radar_project/data/raw/detection_dataset/train/Background_IQ/IQ_Data/20260204_100908_beam5_az136.mat,0,0.07914714,83,127,-1,-1,False,0.31600448,0.00088036753
20260204_100908_beam5_az145,20260204_100908,5,145.0,,,/home/tobeornot8259748/projects/balloon_radar_project/data/raw/detection_dataset/test/Background_IQ/IQ_Data/20260204_100908_beam5_az145.mat,0,0.06894367,83,127,-1,-1,False,0.29794344,0.0
20260204_100908_beam5_az154,20260204_100908,5,154.0,,,/home/tobeornot8259748/projects/balloon_radar_project/data/raw/detection_dataset/val/Background_IQ/IQ_Data/20260204_100908_beam5_az154.mat,0,0.09534537,83,0,-1,-1,False,0.31457826,0.0012179264
20260204_100908_beam5_az163,20260204_100908,5,163.0,,,/home/tobeornot8259748/projects/balloon_radar_project/data/raw/detection_dataset/train/Background_IQ/IQ_Data/20260204_100908_beam5_az163.mat,0,0.07610696,83,0,-1,-1,False,0.32884583,0.0018163067
20260204_100908_beam5_az172,20260204_100908,5,172.0,,,/home/tobeornot8259748/projects/balloon_radar_project/data/raw/detection_dataset/test/Background_IQ/IQ_Data/20260204_100908_beam5_az172.mat,0,0.073192716,83,127,-1,-1,False,0.32495034,0.0008793975
20260204_100908_beam5_az181,20260204_100908,5,181.0,,,/home/tobeornot8259748/projects/balloon_radar_project/data/raw/detection_dataset/train/Background_IQ/IQ_Data/20260204_100908_beam5_az181.mat,0,0.040809385,83,127,-1,-1,False,0.30691415,0.0
20260204_100908_beam5_az190,20260204_100908,5,190.0,,,/home/tobeornot8259748/projects/balloon_radar_project/data/raw/detection_dataset/train/Background_IQ/IQ_Data/20260204_100908_beam5_az190.mat,0,0.068940155,83,127,-1,-1,False,0.3063881,0.0
20260204_100908_beam5_az199,20260204_100908,5,199.0,,,/home/tobeornot8259748/projects/balloon_radar_project/data/raw/detection_dataset/val/Background_IQ/IQ_Data/20260204_100908_beam5_az199.mat,0,0.08306401,83,0,-1,-1,False,0.31613144,0.00029145033
20260204_100908_beam5_az208,20260204_100908,5,208.0,,,/home/tobeornot8259748/projects/balloon_radar_project/data/raw/detection_dataset/train/Background_IQ/IQ_Data/20260204_100908_beam5_az208.mat,0,0.08350044,83,0,-1,-1,False,0.32659432,0.0015260347
20260204_100908_beam5_az217,20260204_100908,5,217.0,,,/home/tobeornot8259748/projects/balloon_radar_project/data/raw/detection_dataset/train/Background_IQ/IQ_Data/20260204_100908_beam5_az217.mat,0,0.06808394,83,127,-1,-1,False,0.31219253,0.00043560652
20260204_100908_beam5_az226,20260204_100908,5,226.0,,,/home/tobeornot8259748/projects/balloon_radar_project/data/raw/detection_dataset/train/Background_IQ/IQ_Data/20260204_100908_beam5_az226.mat,0,0.104927264,83,0,-1,-1,False,0.31556582,0.0012267521
20260204_100908_beam5_az235,20260204_100908,5,235.0,,,/home/tobeornot8259748/projects/balloon_radar_project/data/raw/detection_dataset/train/Background_IQ/IQ_Data/20260204_100908_beam5_az235.mat,0,0.07460758,83,127,-1,-1,False,0.29811218,0.00079637987
20260204_100908_beam5_az244,20260204_100908,5,244.0,,,/home/tobeornot8259748/projects/balloon_radar_project/data/raw/detection_dataset/train/Background_IQ/IQ_Data/20260204_100908_beam5_az244.mat,0,0.05486365,83,0,-1,-1,False,0.2907058,0.00021262908
20260204_100908_beam5_az253,20260204_100908,5,253.0,,,/home/tobeornot8259748/projects/balloon_radar_project/data/raw/detection_dataset/train/Background_IQ/IQ_Data/20260204_100908_beam5_az253.mat,0,0.068634555,83,0,-1,-1,False,0.27764225,0.0
20260204_100908_beam5_az262,20260204_100908,5,262.0,,,/home/tobeornot8259748/projects/balloon_radar_project/data/raw/detection_dataset/train/Background_IQ/IQ_Data/20260204_100908_beam5_az262.mat,0,0.088002264,83,127,-1,-1,False,0.2896641,0.0
20260204_100932_beam1_az001,20260204_100932,1,1.0,,,/home/tobeornot8259748/projects/balloon_radar_project/data/raw/detection_dataset/train/Background_IQ/IQ_Data/20260204_100932_beam1_az001.mat,0,0.13884418,75,64,-1,-1,False,0.59004825,0.20630059
20260204_100932_beam1_az010,20260204_100932,1,10.0,,,/home/tobeornot8259748/projects/balloon_radar_project/data/raw/detection_dataset/train/Background_IQ/IQ_Data/20260204_100932_beam1_az010.mat,0,0.059473548,83,0,-1,-1,False,0.33060965,0.0
20260204_100932_beam1_az019,20260204_100932,1,19.0,,,/home/tobeornot8259748/projects/balloon_radar_project/data/raw/detection_dataset/val/Background_IQ/IQ_Data/20260204_100932_beam1_az019.mat,0,0.17201927,53,60,-1,-1,False,0.763005,0.33985204
20260204_100932_beam1_az028,20260204_100932,1,28.0,,,/home/tobeornot8259748/projects/balloon_radar_project/data/raw/detection_dataset/test/Background_IQ/IQ_Data/20260204_100932_beam1_az028.mat,0,0.050124824,83,127,-1,-1,False,0.32169613,0.0
20260204_100932_beam1_az037,20260204_100932,1,37.0,,,/home/tobeornot8259748/projects/balloon_radar_project/data/raw/detection_dataset/train/Background_IQ/IQ_Data/20260204_100932_beam1_az037.mat,0,0.07862606,60,68,-1,-1,False,0.6643417,0.2545172
20260204_100932_beam1_az046,20260204_100932,1,46.0,,,/home/tobeornot8259748/projects/balloon_radar_project/data/raw/detection_dataset/val/Background_IQ/IQ_Data/20260204_100932_beam1_az046.mat,0,0.044064462,83,127,-1,-1,False,0.31215703,0.0
20260204_100932_beam1_az055,20260204_100932,1,55.0,,,/home/tobeornot8259748/projects/balloon_radar_project/data/raw/detection_dataset/train/Background_IQ/IQ_Data/20260204_100932_beam1_az055.mat,0,0.19570887,81,64,-1,-1,False,0.5695663,0.24391307
20260204_100932_beam1_az064,20260204_100932,1,64.0,,,/home/tobeornot8259748/projects/balloon_radar_project/data/raw/detection_dataset/train/Background_IQ/IQ_Data/20260204_100932_beam1_az064.mat,0,0.029458122,84,127,-1,-1,False,0.35511112,0.02958357
20260204_100932_beam1_az073,20260204_100932,1,73.0,,,/home/tobeornot8259748/projects/balloon_radar_project/data/raw/detection_dataset/train/Background_IQ/IQ_Data/20260204_100932_beam1_az073.mat,0,0.03526301,83,0,-1,-1,False,0.36240938,0.023915175
20260204_100932_beam1_az082,20260204_100932,1,82.0,,,/home/tobeornot8259748/projects/balloon_radar_project/data/raw/detection_dataset/train/Background_IQ/IQ_Data/20260204_100932_beam1_az082.mat,0,0.047090646,83,127,-1,-1,False,0.34146392,0.0
20260204_100932_beam1_az091,20260204_100932,1,91.0,,,/home/tobeornot8259748/projects/balloon_radar_project/data/raw/detection_dataset/train/Background_IQ/IQ_Data/20260204_100932_beam1_az091.mat,0,0.12165165,38,68,-1,-1,False,0.6975324,0.267232
20260204_100932_beam1_az100,20260204_100932,1,100.0,,,/home/tobeornot8259748/projects/balloon_radar_project/data/raw/detection_dataset/train/Background_IQ/IQ_Data/20260204_100932_beam1_az100.mat,0,0.039754976,83,127,-1,-1,False,0.31269443,0.0
20260204_100932_beam1_az109,20260204_100932,1,109.0,,,/home/tobeornot8259748/projects/balloon_radar_project/data/raw/detection_dataset/train/Background_IQ/IQ_Data/20260204_100932_beam1_az109.mat,0,0.047797564,83,63,-1,-1,False,0.51012516,0.12822472
20260204_100932_beam1_az118,20260204_100932,1,118.0,,,/home/tobeornot8259748/projects/balloon_radar_project/data/raw/detection_dataset/train/Background_IQ/IQ_Data/20260204_100932_beam1_az118.mat,0,0.031841956,83,127,-1,-1,False,0.23727728,0.0
20260204_100932_beam1_az127,20260204_100932,1,127.0,,,/home/tobeornot8259748/projects/balloon_radar_project/data/raw/detection_dataset/test/Background_IQ/IQ_Data/20260204_100932_beam1_az127.mat,0,0.049646627,75,68,-1,-1,False,0.6681863,0.20181333
20260204_100932_beam1_az136,20260204_100932,1,136.0,,,/home/tobeornot8259748/projects/balloon_radar_project/data/raw/detection_dataset/train/Background_IQ/IQ_Data/20260204_100932_beam1_az136.mat,0,0.091066875,58,64,-1,-1,False,0.65015674,0.22114149
20260204_100932_beam1_az145,20260204_100932,1,145.0,,,/home/tobeornot8259748/projects/balloon_radar_project/data/raw/detection_dataset/train/Background_IQ/IQ_Data/20260204_100932_beam1_az145.mat,0,0.04018697,83,0,-1,-1,False,0.24432993,0.0
20260204_100932_beam1_az154,20260204_100932,1,154.0,,,/home/tobeornot8259748/projects/balloon_radar_project/data/raw/detection_dataset/train/Background_IQ/IQ_Data/20260204_100932_beam1_az154.mat,0,0.036346707,83,127,-1,-1,False,0.27250952,0.0
20260204_100932_beam1_az163,20260204_100932,1,163.0,,,/home/tobeornot8259748/projects/balloon_radar_project/data/raw/detection_dataset/train/Background_IQ/IQ_Data/20260204_100932_beam1_az163.mat,0,0.12439475,66,63,-1,-1,False,0.69838214,0.42784405
20260204_100932_beam1_az172,20260204_100932,1,172.0,,,/home/tobeornot8259748/projects/balloon_radar_project/data/raw/detection_dataset/train/Background_IQ/IQ_Data/20260204_100932_beam1_az172.mat,0,0.063069426,63,64,-1,-1,False,0.68071747,0.1309022
20260204_100932_beam1_az181,20260204_100932,1,181.0,,,/home/tobeornot8259748/projects/balloon_radar_project/data/raw/detection_dataset/test/Background_IQ/IQ_Data/20260204_100932_beam1_az181.mat,0,0.15918607,68,63,-1,-1,False,0.6852759,0.22760779
20260204_100932_beam1_az190,20260204_100932,1,190.0,,,/home/tobeornot8259748/projects/balloon_radar_project/data/raw/detection_dataset/train/Background_IQ/IQ_Data/20260204_100932_beam1_az190.mat,0,0.05744847,51,67,-1,-1,False,0.6256603,0.112501405
20260204_100932_beam1_az199,20260204_100932,1,199.0,,,/home/tobeornot8259748/projects/balloon_radar_project/data/raw/detection_dataset/train/Background_IQ/IQ_Data/20260204_100932_beam1_az199.mat,0,0.051878925,83,127,-1,-1,False,0.3700999,0.00023871464
20260204_100932_beam2_az001,20260204_100932,2,1.0,,,/home/tobeornot8259748/projects/balloon_radar_project/data/raw/detection_dataset/test/Background_IQ/IQ_Data/20260204_100932_beam2_az001.mat,0,0.05225029,59,64,-1,-1,False,0.61402845,0.14575224
20260204_100932_beam2_az010,20260204_100932,2,10.0,,,/home/tobeornot8259748/projects/balloon_radar_project/data/raw/detection_dataset/train/Background_IQ/IQ_Data/20260204_100932_beam2_az010.mat,0,0.06734853,83,0,-1,-1,False,0.36578295,0.0
20260204_100932_beam2_az019,20260204_100932,2,19.0,,,/home/tobeornot8259748/projects/balloon_radar_project/data/raw/detection_dataset/val/Background_IQ/IQ_Data/20260204_100932_beam2_az019.mat,0,0.19162162,52,60,-1,-1,False,0.77206534,0.30662465
20260204_100932_beam2_az028,20260204_100932,2,28.0,,,/home/tobeornot8259748/projects/balloon_radar_project/data/raw/detection_dataset/train/Background_IQ/IQ_Data/20260204_100932_beam2_az028.mat,0,0.04034959,84,127,-1,-1,False,0.3286112,0.0
20260204_100932_beam2_az037,20260204_100932,2,37.0,,,/home/tobeornot8259748/projects/balloon_radar_project/data/raw/detection_dataset/val/Background_IQ/IQ_Data/20260204_100932_beam2_az037.mat,0,0.088243425,63,68,-1,-1,False,0.6413144,0.21559249
20260204_100932_beam2_az046,20260204_100932,2,46.0,,,/home/tobeornot8259748/projects/balloon_radar_project/data/raw/detection_dataset/train/Background_IQ/IQ_Data/20260204_100932_beam2_az046.mat,0,0.026839923,99,127,-1,-1,False,0.09128757,0.0
20260204_100932_beam2_az055,20260204_100932,2,55.0,,,/home/tobeornot8259748/projects/balloon_radar_project/data/raw/detection_dataset/train/Background_IQ/IQ_Data/20260204_100932_beam2_az055.mat,0,0.078846194,20,127,-1,-1,False,0.500686,0.0916942
20260204_100932_beam2_az064,20260204_100932,2,64.0,,,/home/tobeornot8259748/projects/balloon_radar_project/data/raw/detection_dataset/test/Background_IQ/IQ_Data/20260204_100932_beam2_az064.mat,0,0.030550055,99,127,-1,-1,False,0.076117136,0.0
20260204_100932_beam2_az073,20260204_100932,2,73.0,,,/home/tobeornot8259748/projects/balloon_radar_project/data/raw/detection_dataset/test/Background_IQ/IQ_Data/20260204_100932_beam2_az073.mat,0,0.047656327,67,59,-1,-1,False,0.5994612,0.19968405
20260204_100932_beam2_az082,20260204_100932,2,82.0,,,/home/tobeornot8259748/projects/balloon_radar_project/data/raw/detection_dataset/train/Background_IQ/IQ_Data/20260204_100932_beam2_az082.mat,0,0.06339056,83,127,-1,-1,False,0.36075875,0.0
20260204_100932_beam2_az091,20260204_100932,2,91.0,,,/home/tobeornot8259748/projects/balloon_radar_project/data/raw/detection_dataset/train/Background_IQ/IQ_Data/20260204_100932_beam2_az091.mat,0,0.08471447,80,59,-1,-1,False,0.6203417,0.25407457
20260204_100932_beam2_az100,20260204_100932,2,100.0,,,/home/tobeornot8259748/projects/balloon_radar_project/data/raw/detection_dataset/train/Background_IQ/IQ_Data/20260204_100932_beam2_az100.mat,0,0.03852682,83,127,-1,-1,False,0.32328168,0.0
20260204_100932_beam2_az109,20260204_100932,2,109.0,,,/home/tobeornot8259748/projects/balloon_radar_project/data/raw/detection_dataset/train/Background_IQ/IQ_Data/20260204_100932_beam2_az109.mat,0,0.07348243,10,65,-1,-1,False,0.742365,0.37264475
20260204_100932_beam2_az118,20260204_100932,2,118.0,,,/home/tobeornot8259748/projects/balloon_radar_project/data/raw/detection_dataset/train/Background_IQ/IQ_Data/20260204_100932_beam2_az118.mat,0,0.06028716,9,66,-1,-1,False,0.6738434,0.41228765
20260204_100932_beam2_az127,20260204_100932,2,127.0,,,/home/tobeornot8259748/projects/balloon_radar_project/data/raw/detection_dataset/train/Background_IQ/IQ_Data/20260204_100932_beam2_az127.mat,0,0.05730461,73,59,-1,-1,False,0.6614581,0.17288248
20260204_100932_beam2_az136,20260204_100932,2,136.0,,,/home/tobeornot8259748/projects/balloon_radar_project/data/raw/detection_dataset/train/Background_IQ/IQ_Data/20260204_100932_beam2_az136.mat,0,0.10529085,56,64,-1,-1,False,0.6952377,0.25052693
20260204_100932_beam2_az145,20260204_100932,2,145.0,,,/home/tobeornot8259748/projects/balloon_radar_project/data/raw/detection_dataset/train/Background_IQ/IQ_Data/20260204_100932_beam2_az145.mat,0,0.069255516,58,64,-1,-1,False,0.59479994,0.246341
20260204_100932_beam2_az154,20260204_100932,2,154.0,,,/home/tobeornot8259748/projects/balloon_radar_project/data/raw/detection_dataset/val/Background_IQ/IQ_Data/20260204_100932_beam2_az154.mat,0,0.02800449,99,127,-1,-1,False,0.08881143,0.0
20260204_100932_beam2_az163,20260204_100932,2,163.0,,,/home/tobeornot8259748/projects/balloon_radar_project/data/raw/detection_dataset/test/Background_IQ/IQ_Data/20260204_100932_beam2_az163.mat,0,0.12804177,65,68,-1,-1,False,0.7164615,0.31179926
20260204_100932_beam2_az172,20260204_100932,2,172.0,,,/home/tobeornot8259748/projects/balloon_radar_project/data/raw/detection_dataset/val/Background_IQ/IQ_Data/20260204_100932_beam2_az172.mat,0,0.069208786,83,127,-1,-1,False,0.3657345,0.0
20260204_100932_beam2_az181,20260204_100932,2,181.0,,,/home/tobeornot8259748/projects/balloon_radar_project/data/raw/detection_dataset/test/Background_IQ/IQ_Data/20260204_100932_beam2_az181.mat,0,0.21251886,57,69,-1,-1,False,0.6534551,0.16692385
20260204_100932_beam2_az190,20260204_100932,2,190.0,,,/home/tobeornot8259748/projects/balloon_radar_project/data/raw/detection_dataset/train/Background_IQ/IQ_Data/20260204_100932_beam2_az190.mat,0,0.046067405,83,127,-1,-1,False,0.37940243,4.426531e-05
20260204_100932_beam2_az199,20260204_100932,2,199.0,,,/home/tobeornot8259748/projects/balloon_radar_project/data/raw/detection_dataset/train/Background_IQ/IQ_Data/20260204_100932_beam2_az199.mat,0,0.047636423,46,59,-1,-1,False,0.65118754,0.09925023
20260204_100932_beam3_az001,20260204_100932,3,1.0,,,/home/tobeornot8259748/projects/balloon_radar_project/data/raw/detection_dataset/test/Background_IQ/IQ_Data/20260204_100932_beam3_az001.mat,0,0.24910879,11,60,-1,-1,False,0.7375667,0.45464724
20260204_100932_beam3_az010,20260204_100932,3,10.0,,,/home/tobeornot8259748/projects/balloon_radar_project/data/raw/detection_dataset/test/Background_IQ/IQ_Data/20260204_100932_beam3_az010.mat,0,0.060445186,97,69,-1,-1,False,0.32518607,0.044134557
20260204_100932_beam3_az019,20260204_100932,3,19.0,,,/home/tobeornot8259748/projects/balloon_radar_project/data/raw/detection_dataset/train/Background_IQ/IQ_Data/20260204_100932_beam3_az019.mat,0,0.22874151,52,60,-1,-1,False,0.7501687,0.23555951
20260204_100932_beam3_az028,20260204_100932,3,28.0,,,/home/tobeornot8259748/projects/balloon_radar_project/data/raw/detection_dataset/test/Background_IQ/IQ_Data/20260204_100932_beam3_az028.mat,0,0.034652423,2,67,-1,-1,False,0.54751045,0.3308249
20260204_100932_beam3_az037,20260204_100932,3,37.0,,,/home/tobeornot8259748/projects/balloon_radar_project/data/raw/detection_dataset/train/Background_IQ/IQ_Data/20260204_100932_beam3_az037.mat,0,0.44566265,11,60,-1,-1,False,0.7095778,0.45470703
20260204_100932_beam3_az046,20260204_100932,3,46.0,,,/home/tobeornot8259748/projects/balloon_radar_project/data/raw/detection_dataset/train/Background_IQ/IQ_Data/20260204_100932_beam3_az046.mat,0,0.09326444,10,69,-1,-1,False,0.60419595,0.33398515
20260204_100932_beam3_az055,20260204_100932,3,55.0,,,/home/tobeornot8259748/projects/balloon_radar_project/data/raw/detection_dataset/train/Background_IQ/IQ_Data/20260204_100932_beam3_az055.mat,0,0.08655213,11,60,-1,-1,False,0.6679108,0.37312996
20260204_100932_beam3_az064,20260204_100932,3,64.0,,,/home/tobeornot8259748/projects/balloon_radar_project/data/raw/detection_dataset/train/Background_IQ/IQ_Data/20260204_100932_beam3_az064.mat,0,0.116055995,11,68,-1,-1,False,0.69554484,0.47025755
20260204_100932_beam3_az073,20260204_100932,3,73.0,,,/home/tobeornot8259748/projects/balloon_radar_project/data/raw/detection_dataset/train/Background_IQ/IQ_Data/20260204_100932_beam3_az073.mat,0,0.18350278,11,59,-1,-1,False,0.66591865,0.36236742
20260204_100932_beam3_az082,20260204_100932,3,82.0,,,/home/tobeornot8259748/projects/balloon_radar_project/data/raw/detection_dataset/val/Background_IQ/IQ_Data/20260204_100932_beam3_az082.mat,0,0.067887746,10,68,-1,-1,False,0.74359995,0.4713742
20260204_100932_beam3_az091,20260204_100932,3,91.0,,,/home/tobeornot8259748/projects/balloon_radar_project/data/raw/detection_dataset/train/Background_IQ/IQ_Data/20260204_100932_beam3_az091.mat,0,0.3754619,11,60,-1,-1,False,0.7058879,0.44497958
20260204_100932_beam3_az100,20260204_100932,3,100.0,,,/home/tobeornot8259748/projects/balloon_radar_project/data/raw/detection_dataset/train/Background_IQ/IQ_Data/20260204_100932_beam3_az100.mat,0,0.08194384,11,68,-1,-1,False,0.71493155,0.46780804
20260204_100932_beam3_az109,20260204_100932,3,109.0,,,/home/tobeornot8259748/projects/balloon_radar_project/data/raw/detection_dataset/train/Background_IQ/IQ_Data/20260204_100932_beam3_az109.mat,0,0.19461578,12,64,-1,-1,False,0.6522721,0.4527213
20260204_100932_beam3_az118,20260204_100932,3,118.0,,,/home/tobeornot8259748/projects/balloon_radar_project/data/raw/detection_dataset/train/Background_IQ/IQ_Data/20260204_100932_beam3_az118.mat,0,0.13561949,10,64,-1,-1,False,0.6172196,0.4164417
20260204_100932_beam3_az127,20260204_100932,3,127.0,,,/home/tobeornot8259748/projects/balloon_radar_project/data/raw/detection_dataset/test/Background_IQ/IQ_Data/20260204_100932_beam3_az127.mat,0,0.07636576,73,59,-1,-1,False,0.6762375,0.20130691
20260204_100932_beam3_az136,20260204_100932,3,136.0,,,/home/tobeornot8259748/projects/balloon_radar_project/data/raw/detection_dataset/train/Background_IQ/IQ_Data/20260204_100932_beam3_az136.mat,0,0.08034939,78,64,-1,-1,False,0.6060638,0.16824159
20260204_100932_beam3_az145,20260204_100932,3,145.0,,,/home/tobeornot8259748/projects/balloon_radar_project/data/raw/detection_dataset/train/Background_IQ/IQ_Data/20260204_100932_beam3_az145.mat,0,0.06861653,56,59,-1,-1,False,0.60867214,0.20373027
20260204_100932_beam3_az154,20260204_100932,3,154.0,,,/home/tobeornot8259748/projects/balloon_radar_project/data/raw/detection_dataset/train/Background_IQ/IQ_Data/20260204_100932_beam3_az154.mat,0,0.0698481,11,68,-1,-1,False,0.6949547,0.45418894
20260204_100932_beam3_az163,20260204_100932,3,163.0,,,/home/tobeornot8259748/projects/balloon_radar_project/data/raw/detection_dataset/train/Background_IQ/IQ_Data/20260204_100932_beam3_az163.mat,0,0.19598001,11,60,-1,-1,False,0.70641613,0.44457635
20260204_100932_beam3_az172,20260204_100932,3,172.0,,,/home/tobeornot8259748/projects/balloon_radar_project/data/raw/detection_dataset/train/Background_IQ/IQ_Data/20260204_100932_beam3_az172.mat,0,0.041545745,83,0,-1,-1,False,0.40863806,0.0
20260204_100932_beam3_az181,20260204_100932,3,181.0,,,/home/tobeornot8259748/projects/balloon_radar_project/data/raw/detection_dataset/val/Background_IQ/IQ_Data/20260204_100932_beam3_az181.mat,0,0.33024204,72,64,-1,-1,False,0.73542374,0.29705215
20260204_100932_beam3_az190,20260204_100932,3,190.0,,,/home/tobeornot8259748/projects/balloon_radar_project/data/raw/detection_dataset/train/Background_IQ/IQ_Data/20260204_100932_beam3_az190.mat,0,0.14919095,73,68,-1,-1,False,0.74316984,0.061102226
20260204_100932_beam3_az199,20260204_100932,3,199.0,,,/home/tobeornot8259748/projects/balloon_radar_project/data/raw/detection_dataset/train/Background_IQ/IQ_Data/20260204_100932_beam3_az199.mat,0,0.48457524,47,59,-1,-1,False,0.7295987,0.13270892
20260204_100932_beam4_az001,20260204_100932,4,1.0,,,/home/tobeornot8259748/projects/balloon_radar_project/data/raw/detection_dataset/train/Background_IQ/IQ_Data/20260204_100932_beam4_az001.mat,0,0.2009237,55,64,-1,-1,False,0.6646692,0.17202286
20260204_100932_beam4_az010,20260204_100932,4,10.0,,,/home/tobeornot8259748/projects/balloon_radar_project/data/raw/detection_dataset/train/Background_IQ/IQ_Data/20260204_100932_beam4_az010.mat,0,0.039328407,83,127,-1,-1,False,0.4045377,3.2185173e-05
20260204_100932_beam4_az019,20260204_100932,4,19.0,,,/home/tobeornot8259748/projects/balloon_radar_project/data/raw/detection_dataset/test/Background_IQ/IQ_Data/20260204_100932_beam4_az019.mat,0,0.43280986,60,60,-1,-1,False,0.7207668,0.20007706
20260204_100932_beam4_az028,20260204_100932,4,28.0,,,/home/tobeornot8259748/projects/balloon_radar_project/data/raw/detection_dataset/train/Background_IQ/IQ_Data/20260204_100932_beam4_az028.mat,0,0.027072387,84,127,-1,-1,False,0.36449572,0.00014944076
20260204_100932_beam4_az037,20260204_100932,4,37.0,,,/home/tobeornot8259748/projects/balloon_radar_project/data/raw/detection_dataset/train/Background_IQ/IQ_Data/20260204_100932_beam4_az037.mat,0,0.19559969,61,64,-1,-1,False,0.6431127,0.17142308
20260204_100932_beam4_az046,20260204_100932,4,46.0,,,/home/tobeornot8259748/projects/balloon_radar_project/data/raw/detection_dataset/train/Background_IQ/IQ_Data/20260204_100932_beam4_az046.mat,0,0.022723468,99,127,-1,-1,False,0.099122636,0.0
20260204_100932_beam4_az055,20260204_100932,4,55.0,,,/home/tobeornot8259748/projects/balloon_radar_project/data/raw/detection_dataset/val/Background_IQ/IQ_Data/20260204_100932_beam4_az055.mat,0,0.06257876,54,59,-1,-1,False,0.62303764,0.15818517
20260204_100932_beam4_az064,20260204_100932,4,64.0,,,/home/tobeornot8259748/projects/balloon_radar_project/data/raw/detection_dataset/test/Background_IQ/IQ_Data/20260204_100932_beam4_az064.mat,0,0.034762263,99,127,-1,-1,False,0.109194,0.0
20260204_100932_beam4_az073,20260204_100932,4,73.0,,,/home/tobeornot8259748/projects/balloon_radar_project/data/raw/detection_dataset/val/Background_IQ/IQ_Data/20260204_100932_beam4_az073.mat,0,0.05642574,38,68,-1,-1,False,0.7272128,0.24700435
20260204_100932_beam4_az082,20260204_100932,4,82.0,,,/home/tobeornot8259748/projects/balloon_radar_project/data/raw/detection_dataset/train/Background_IQ/IQ_Data/20260204_100932_beam4_az082.mat,0,0.057240542,83,127,-1,-1,False,0.3881083,0.0
20260204_100932_beam4_az091,20260204_100932,4,91.0,,,/home/tobeornot8259748/projects/balloon_radar_project/data/raw/detection_dataset/test/Background_IQ/IQ_Data/20260204_100932_beam4_az091.mat,0,0.21833354,78,68,-1,-1,False,0.68130916,0.21711975
20260204_100932_beam4_az100,20260204_100932,4,100.0,,,/home/tobeornot8259748/projects/balloon_radar_project/data/raw/detection_dataset/val/Background_IQ/IQ_Data/20260204_100932_beam4_az100.mat,0,0.02520414,82,89,-1,-1,False,0.34894428,0.0
20260204_100932_beam4_az109,20260204_100932,4,109.0,,,/home/tobeornot8259748/projects/balloon_radar_project/data/raw/detection_dataset/train/Background_IQ/IQ_Data/20260204_100932_beam4_az109.mat,0,0.16689727,11,60,-1,-1,False,0.6974816,0.36204085
20260204_100932_beam4_az118,20260204_100932,4,118.0,,,/home/tobeornot8259748/projects/balloon_radar_project/data/raw/detection_dataset/val/Background_IQ/IQ_Data/20260204_100932_beam4_az118.mat,0,0.108272046,10,64,-1,-1,False,0.6477787,0.3624049
20260204_100932_beam4_az127,20260204_100932,4,127.0,,,/home/tobeornot8259748/projects/balloon_radar_project/data/raw/detection_dataset/val/Background_IQ/IQ_Data/20260204_100932_beam4_az127.mat,0,0.07424869,11,59,-1,-1,False,0.7035931,0.28501013
20260204_100932_beam4_az136,20260204_100932,4,136.0,,,/home/tobeornot8259748/projects/balloon_radar_project/data/raw/detection_dataset/train/Background_IQ/IQ_Data/20260204_100932_beam4_az136.mat,0,0.10173571,14,59,-1,-1,False,0.6955012,0.28932074
20260204_100932_beam4_az145,20260204_100932,4,145.0,,,/home/tobeornot8259748/projects/balloon_radar_project/data/raw/detection_dataset/train/Background_IQ/IQ_Data/20260204_100932_beam4_az145.mat,0,0.10817818,11,60,-1,-1,False,0.68420446,0.31883395
20260204_100932_beam4_az154,20260204_100932,4,154.0,,,/home/tobeornot8259748/projects/balloon_radar_project/data/raw/detection_dataset/train/Background_IQ/IQ_Data/20260204_100932_beam4_az154.mat,0,0.028149594,99,127,-1,-1,False,0.089152545,0.0
20260204_100932_beam4_az163,20260204_100932,4,163.0,,,/home/tobeornot8259748/projects/balloon_radar_project/data/raw/detection_dataset/train/Background_IQ/IQ_Data/20260204_100932_beam4_az163.mat,0,0.15128206,62,68,-1,-1,False,0.73614335,0.29859358
20260204_100932_beam4_az172,20260204_100932,4,172.0,,,/home/tobeornot8259748/projects/balloon_radar_project/data/raw/detection_dataset/train/Background_IQ/IQ_Data/20260204_100932_beam4_az172.mat,0,0.04866916,26,114,-1,-1,False,0.6769636,0.03151369
20260204_100932_beam4_az181,20260204_100932,4,181.0,,,/home/tobeornot8259748/projects/balloon_radar_project/data/raw/detection_dataset/test/Background_IQ/IQ_Data/20260204_100932_beam4_az181.mat,0,0.6068725,72,60,-1,-1,False,0.69806033,0.17457074
20260204_100932_beam4_az190,20260204_100932,4,190.0,,,/home/tobeornot8259748/projects/balloon_radar_project/data/raw/detection_dataset/train/Background_IQ/IQ_Data/20260204_100932_beam4_az190.mat,0,0.08179588,83,0,-1,-1,False,0.43025777,0.00012623344
20260204_100932_beam4_az199,20260204_100932,4,199.0,,,/home/tobeornot8259748/projects/balloon_radar_project/data/raw/detection_dataset/train/Background_IQ/IQ_Data/20260204_100932_beam4_az199.mat,0,0.36204115,60,68,-1,-1,False,0.7082688,0.13002197
20260204_100932_beam5_az001,20260204_100932,5,1.0,,,/home/tobeornot8259748/projects/balloon_radar_project/data/raw/detection_dataset/train/Background_IQ/IQ_Data/20260204_100932_beam5_az001.mat,0,0.26129112,75,64,-1,-1,False,0.7141419,0.21083048
20260204_100932_beam5_az010,20260204_100932,5,10.0,,,/home/tobeornot8259748/projects/balloon_radar_project/data/raw/detection_dataset/train/Background_IQ/IQ_Data/20260204_100932_beam5_az010.mat,0,0.03738896,27,105,-1,-1,False,0.6697613,0.06585335
20260204_100932_beam5_az019,20260204_100932,5,19.0,,,/home/tobeornot8259748/projects/balloon_radar_project/data/raw/detection_dataset/val/Background_IQ/IQ_Data/20260204_100932_beam5_az019.mat,0,0.30966106,60,60,-1,-1,False,0.71623695,0.21072954
20260204_100932_beam5_az028,20260204_100932,5,28.0,,,/home/tobeornot8259748/projects/balloon_radar_project/data/raw/detection_dataset/val/Background_IQ/IQ_Data/20260204_100932_beam5_az028.mat,0,0.052234482,83,127,-1,-1,False,0.37898248,0.00035407895
20260204_100932_beam5_az037,20260204_100932,5,37.0,,,/home/tobeornot8259748/projects/balloon_radar_project/data/raw/detection_dataset/train/Background_IQ/IQ_Data/20260204_100932_beam5_az037.mat,0,0.053076047,54,67,-1,-1,False,0.64652747,0.14230244
20260204_100932_beam5_az046,20260204_100932,5,46.0,,,/home/tobeornot8259748/projects/balloon_radar_project/data/raw/detection_dataset/train/Background_IQ/IQ_Data/20260204_100932_beam5_az046.mat,0,0.025191052,83,0,-1,-1,False,0.3325974,0.0
20260204_100932_beam5_az055,20260204_100932,5,55.0,,,/home/tobeornot8259748/projects/balloon_radar_project/data/raw/detection_dataset/train/Background_IQ/IQ_Data/20260204_100932_beam5_az055.mat,0,0.07748657,20,0,-1,-1,False,0.54495347,0.07086241
20260204_100932_beam5_az064,20260204_100932,5,64.0,,,/home/tobeornot8259748/projects/balloon_radar_project/data/raw/detection_dataset/train/Background_IQ/IQ_Data/20260204_100932_beam5_az064.mat,0,0.075844675,56,64,-1,-1,False,0.6333215,0.14890812
20260204_100932_beam5_az073,20260204_100932,5,73.0,,,/home/tobeornot8259748/projects/balloon_radar_project/data/raw/detection_dataset/train/Background_IQ/IQ_Data/20260204_100932_beam5_az073.mat,0,0.35241342,37,68,-1,-1,False,0.7094187,0.19529279
20260204_100932_beam5_az082,20260204_100932,5,82.0,,,/home/tobeornot8259748/projects/balloon_radar_project/data/raw/detection_dataset/val/Background_IQ/IQ_Data/20260204_100932_beam5_az082.mat,0,0.056953833,83,127,-1,-1,False,0.39745137,0.0
20260204_100932_beam5_az091,20260204_100932,5,91.0,,,/home/tobeornot8259748/projects/balloon_radar_project/data/raw/detection_dataset/test/Background_IQ/IQ_Data/20260204_100932_beam5_az091.mat,0,0.28583044,42,68,-1,-1,False,0.70719063,0.26920065
20260204_100932_beam5_az100,20260204_100932,5,100.0,,,/home/tobeornot8259748/projects/balloon_radar_project/data/raw/detection_dataset/train/Background_IQ/IQ_Data/20260204_100932_beam5_az100.mat,0,0.030353902,83,127,-1,-1,False,0.36551616,0.0
20260204_100932_beam5_az109,20260204_100932,5,109.0,,,/home/tobeornot8259748/projects/balloon_radar_project/data/raw/detection_dataset/train/Background_IQ/IQ_Data/20260204_100932_beam5_az109.mat,0,0.040348615,54,59,-1,-1,False,0.6428964,0.27927506
20260204_100932_beam5_az118,20260204_100932,5,118.0,,,/home/tobeornot8259748/projects/balloon_radar_project/data/raw/detection_dataset/train/Background_IQ/IQ_Data/20260204_100932_beam5_az118.mat,0,0.029914774,10,65,-1,-1,False,0.6797269,0.32918078
20260204_100932_beam5_az127,20260204_100932,5,127.0,,,/home/tobeornot8259748/projects/balloon_radar_project/data/raw/detection_dataset/val/Background_IQ/IQ_Data/20260204_100932_beam5_az127.mat,0,0.042993832,58,68,-1,-1,False,0.6399004,0.19615252
20260204_100932_beam5_az136,20260204_100932,5,136.0,,,/home/tobeornot8259748/projects/balloon_radar_project/data/raw/detection_dataset/test/Background_IQ/IQ_Data/20260204_100932_beam5_az136.mat,0,0.039781388,25,0,-1,-1,False,0.5779268,0.19012982
20260204_100932_beam5_az145,20260204_100932,5,145.0,,,/home/tobeornot8259748/projects/balloon_radar_project/data/raw/detection_dataset/train/Background_IQ/IQ_Data/20260204_100932_beam5_az145.mat,0,0.04780859,9,66,-1,-1,False,0.68226516,0.41639036
20260204_100932_beam5_az154,20260204_100932,5,154.0,,,/home/tobeornot8259748/projects/balloon_radar_project/data/raw/detection_dataset/train/Background_IQ/IQ_Data/20260204_100932_beam5_az154.mat,0,0.04172511,29,0,-1,-1,False,0.59919256,0.18078324
20260204_100932_beam5_az163,20260204_100932,5,163.0,,,/home/tobeornot8259748/projects/balloon_radar_project/data/raw/detection_dataset/train/Background_IQ/IQ_Data/20260204_100932_beam5_az163.mat,0,0.21092485,62,68,-1,-1,False,0.7295937,0.2838788
20260204_100932_beam5_az172,20260204_100932,5,172.0,,,/home/tobeornot8259748/projects/balloon_radar_project/data/raw/detection_dataset/train/Background_IQ/IQ_Data/20260204_100932_beam5_az172.mat,0,0.043748852,75,61,-1,-1,False,0.6574371,0.038991086
20260204_100932_beam5_az181,20260204_100932,5,181.0,,,/home/tobeornot8259748/projects/balloon_radar_project/data/raw/detection_dataset/train/Background_IQ/IQ_Data/20260204_100932_beam5_az181.mat,0,0.22029038,55,68,-1,-1,False,0.6933116,0.16695163
20260204_100932_beam5_az190,20260204_100932,5,190.0,,,/home/tobeornot8259748/projects/balloon_radar_project/data/raw/detection_dataset/train/Background_IQ/IQ_Data/20260204_100932_beam5_az190.mat,0,0.046937488,83,0,-1,-1,False,0.40741983,0.00048213676
20260204_100932_beam5_az199,20260204_100932,5,199.0,,,/home/tobeornot8259748/projects/balloon_radar_project/data/raw/detection_dataset/test/Background_IQ/IQ_Data/20260204_100932_beam5_az199.mat,0,0.40426227,61,67,-1,-1,False,0.6802009,0.16395669
20260202_144637_beam1,20260202_144637,1,315.08,2130.0,-1.28,/home/tobeornot8259748/projects/balloon_radar_project/data/raw/detection_dataset/train/UAV_IQ/IQ_Data/20260202_144637_beam1.mat,1,0.9417744,74,70,70,71,False,0.70935154,0.17161857
20260202_144637_beam2,20260202_144637,2,315.08,2130.0,-1.1,/home/tobeornot8259748/projects/balloon_radar_project/data/raw/detection_dataset/train/UAV_IQ/IQ_Data/20260202_144637_beam2.mat,1,0.95247096,74,70,70,70,False,0.7073035,0.23590897
20260202_144637_beam3,20260202_144637,3,315.08,2130.0,-1.1,/home/tobeornot8259748/projects/balloon_radar_project/data/raw/detection_dataset/train/UAV_IQ/IQ_Data/20260202_144637_beam3.mat,1,0.9338664,74,70,70,70,False,0.70317847,0.23804605
20260202_144637_beam4,20260202_144637,4,315.08,2100.0,-1.28,/home/tobeornot8259748/projects/balloon_radar_project/data/raw/detection_dataset/train/UAV_IQ/IQ_Data/20260202_144637_beam4.mat,1,0.7411349,71,69,69,71,True,0.71235865,0.14387195
20260202_144645_beam1,20260202_144645,1,310.9,2040.0,2.01,/home/tobeornot8259748/projects/balloon_radar_project/data/raw/detection_dataset/train/UAV_IQ/IQ_Data/20260202_144645_beam1.mat,1,0.97548217,66,53,67,53,True,0.7207637,0.15572819
20260202_144645_beam2,20260202_144645,2,310.9,2070.0,2.01,/home/tobeornot8259748/projects/balloon_radar_project/data/raw/detection_dataset/train/UAV_IQ/IQ_Data/20260202_144645_beam2.mat,1,0.95727766,69,52,68,53,True,0.72721493,0.26794904
20260202_144645_beam3,20260202_144645,3,310.9,2070.0,2.01,/home/tobeornot8259748/projects/balloon_radar_project/data/raw/detection_dataset/train/UAV_IQ/IQ_Data/20260202_144645_beam3.mat,1,0.9610659,67,52,68,53,True,0.7326327,0.28789207
20260202_144645_beam4,20260202_144645,4,310.9,2040.0,2.01,/home/tobeornot8259748/projects/balloon_radar_project/data/raw/detection_dataset/train/UAV_IQ/IQ_Data/20260202_144645_beam4.mat,1,0.96114045,68,52,67,53,True,0.7323058,0.20225866
20260202_144710_beam1,20260202_144710,1,308.54,2160.0,4.2,/home/tobeornot8259748/projects/balloon_radar_project/data/raw/detection_dataset/train/UAV_IQ/IQ_Data/20260202_144710_beam1.mat,1,0.978293,71,42,71,41,True,0.73208266,0.21431132
20260202_144710_beam2,20260202_144710,2,308.54,2160.0,4.2,/home/tobeornot8259748/projects/balloon_radar_project/data/raw/detection_dataset/train/UAV_IQ/IQ_Data/20260202_144710_beam2.mat,1,0.9809178,71,42,71,41,True,0.7327974,0.28936028
20260202_144710_beam3,20260202_144710,3,308.54,2160.0,4.2,/home/tobeornot8259748/projects/balloon_radar_project/data/raw/detection_dataset/train/UAV_IQ/IQ_Data/20260202_144710_beam3.mat,1,0.97977483,71,42,71,41,True,0.73124987,0.26741245
20260202_144710_beam4,20260202_144710,4,308.54,2130.0,4.2,/home/tobeornot8259748/projects/balloon_radar_project/data/raw/detection_dataset/train/UAV_IQ/IQ_Data/20260202_144710_beam4.mat,1,0.9631565,70,41,70,41,True,0.717828,0.15020639
20260202_144718_beam1,20260202_144718,1,310.45,2190.0,3.47,/home/tobeornot8259748/projects/balloon_radar_project/data/raw/detection_dataset/train/UAV_IQ/IQ_Data/20260202_144718_beam1.mat,1,0.97499055,72,46,72,45,True,0.7317292,0.19361636
20260202_144718_beam2,20260202_144718,2,310.45,2190.0,3.47,/home/tobeornot8259748/projects/balloon_radar_project/data/raw/detection_dataset/train/UAV_IQ/IQ_Data/20260202_144718_beam2.mat,1,0.9780667,72,46,72,45,True,0.7350688,0.2634255
20260202_144718_beam3,20260202_144718,3,310.45,2190.0,3.47,/home/tobeornot8259748/projects/balloon_radar_project/data/raw/detection_dataset/train/UAV_IQ/IQ_Data/20260202_144718_beam3.mat,1,0.97106564,72,46,72,45,True,0.7269155,0.23948312
20260202_144718_beam4,20260202_144718,4,310.45,2190.0,3.47,/home/tobeornot8259748/projects/balloon_radar_project/data/raw/detection_dataset/train/UAV_IQ/IQ_Data/20260202_144718_beam4.mat,1,0.94690406,71,45,72,45,True,0.69638664,0.11006072
20260202_144727_beam1,20260202_144727,1,311.14,2160.0,-1.46,/home/tobeornot8259748/projects/balloon_radar_project/data/raw/detection_dataset/test/UAV_IQ/IQ_Data/20260202_144727_beam1.mat,1,0.9850055,73,73,71,72,True,0.7307078,0.14860539
20260202_144727_beam2,20260202_144727,2,310.14,2190.0,-1.46,/home/tobeornot8259748/projects/balloon_radar_project/data/raw/detection_dataset/test/UAV_IQ/IQ_Data/20260202_144727_beam2.mat,1,0.9797876,72,73,72,72,True,0.7339301,0.28063303
20260202_144727_beam3,20260202_144727,3,310.14,2220.0,-1.46,/home/tobeornot8259748/projects/balloon_radar_project/data/raw/detection_dataset/test/UAV_IQ/IQ_Data/20260202_144727_beam3.mat,1,0.9821943,72,73,73,72,True,0.72512877,0.23945579
20260202_144727_beam4,20260202_144727,4,310.14,2190.0,-1.46,/home/tobeornot8259748/projects/balloon_radar_project/data/raw/detection_dataset/test/UAV_IQ/IQ_Data/20260202_144727_beam4.mat,1,0.96422255,73,72,72,72,True,0.7003234,0.12619856
20260202_144735_beam1,20260202_144735,1,311.85,2160.0,-2.38,/home/tobeornot8259748/projects/balloon_radar_project/data/raw/detection_dataset/test/UAV_IQ/IQ_Data/20260202_144735_beam1.mat,1,0.98265207,72,78,71,77,True,0.7392513,0.18049718
20260202_144735_beam2,20260202_144735,2,310.85,2190.0,-2.38,/home/tobeornot8259748/projects/balloon_radar_project/data/raw/detection_dataset/test/UAV_IQ/IQ_Data/20260202_144735_beam2.mat,1,0.9872731,71,78,72,77,True,0.73911816,0.20698278
20260202_144735_beam3,20260202_144735,3,311.85,2190.0,-2.38,/home/tobeornot8259748/projects/balloon_radar_project/data/raw/detection_dataset/test/UAV_IQ/IQ_Data/20260202_144735_beam3.mat,1,0.98476774,72,78,72,77,True,0.74464494,0.22262414
20260202_144735_beam4,20260202_144735,4,311.85,2190.0,-2.38,/home/tobeornot8259748/projects/balloon_radar_project/data/raw/detection_dataset/test/UAV_IQ/IQ_Data/20260202_144735_beam4.mat,1,0.9834373,72,78,72,77,True,0.7191527,0.12058415
20260202_144751_beam1,20260202_144751,1,312.01,2160.0,-4.75,/home/tobeornot8259748/projects/balloon_radar_project/data/raw/detection_dataset/train/UAV_IQ/IQ_Data/20260202_144751_beam1.mat,1,0.9920785,70,90,71,90,True,0.7315747,0.22335114
20260202_144751_beam2,20260202_144751,2,312.01,2160.0,-4.75,/home/tobeornot8259748/projects/balloon_radar_project/data/raw/detection_dataset/train/UAV_IQ/IQ_Data/20260202_144751_beam2.mat,1,0.9895734,71,90,71,90,True,0.73247206,0.32902592
20260202_144751_beam3,20260202_144751,3,312.01,2160.0,-4.75,/home/tobeornot8259748/projects/balloon_radar_project/data/raw/detection_dataset/train/UAV_IQ/IQ_Data/20260202_144751_beam3.mat,1,0.9872844,71,90,71,90,True,0.7367964,0.2822177
20260202_144751_beam4,20260202_144751,4,312.01,2160.0,-4.75,/home/tobeornot8259748/projects/balloon_radar_project/data/raw/detection_dataset/train/UAV_IQ/IQ_Data/20260202_144751_beam4.mat,1,0.99346465,70,90,71,90,True,0.72789913,0.1854577
20260202_144751_beam5,20260202_144751,5,312.01,2160.0,-4.75,/home/tobeornot8259748/projects/balloon_radar_project/data/raw/detection_dataset/train/UAV_IQ/IQ_Data/20260202_144751_beam5.mat,1,0.93243325,72,90,71,90,True,0.74491084,0.07176435
20260202_144800_beam1,20260202_144800,1,311.28,2100.0,-5.48,/home/tobeornot8259748/projects/balloon_radar_project/data/raw/detection_dataset/train/UAV_IQ/IQ_Data/20260202_144800_beam1.mat,1,0.85250974,67,94,69,94,True,0.69273037,0.12857114
20260202_144800_beam2,20260202_144800,2,311.28,2100.0,-5.48,/home/tobeornot8259748/projects/balloon_radar_project/data/raw/detection_dataset/train/UAV_IQ/IQ_Data/20260202_144800_beam2.mat,1,0.96767956,69,95,69,94,True,0.7167276,0.21756749
20260202_144800_beam3,20260202_144800,3,311.28,2100.0,-5.48,/home/tobeornot8259748/projects/balloon_radar_project/data/raw/detection_dataset/train/UAV_IQ/IQ_Data/20260202_144800_beam3.mat,1,0.9655393,69,95,69,94,True,0.7202735,0.20076054
20260202_144800_beam4,20260202_144800,4,310.26,2100.0,-5.48,/home/tobeornot8259748/projects/balloon_radar_project/data/raw/detection_dataset/train/UAV_IQ/IQ_Data/20260202_144800_beam4.mat,1,0.9486761,69,94,69,94,True,0.7120212,0.140005
20260202_144808_beam1,20260202_144808,1,310.72,2040.0,-5.48,/home/tobeornot8259748/projects/balloon_radar_project/data/raw/detection_dataset/test/UAV_IQ/IQ_Data/20260202_144808_beam1.mat,1,0.9328734,68,94,67,94,True,0.6464221,0.08306925
20260202_144808_beam2,20260202_144808,2,310.72,2040.0,-5.66,/home/tobeornot8259748/projects/balloon_radar_project/data/raw/detection_dataset/test/UAV_IQ/IQ_Data/20260202_144808_beam2.mat,1,0.9891048,68,95,67,95,True,0.6992895,0.17966983
20260202_144808_beam3,20260202_144808,3,310.72,2040.0,-5.66,/home/tobeornot8259748/projects/balloon_radar_project/data/raw/detection_dataset/test/UAV_IQ/IQ_Data/20260202_144808_beam3.mat,1,0.988634,68,95,67,95,True,0.71642965,0.19438934
20260202_144808_beam4,20260202_144808,4,310.72,2070.0,-5.66,/home/tobeornot8259748/projects/balloon_radar_project/data/raw/detection_dataset/test/UAV_IQ/IQ_Data/20260202_144808_beam4.mat,1,0.9694681,68,94,68,95,True,0.6928222,0.12391107
20260202_144816_beam1,20260202_144816,1,311.14,2040.0,2.56,/home/tobeornot8259748/projects/balloon_radar_project/data/raw/detection_dataset/val/UAV_IQ/IQ_Data/20260202_144816_beam1.mat,1,0.9569875,65,50,67,50,True,0.71231633,0.1245276
20260202_144816_beam2,20260202_144816,2,310.14,2010.0,2.56,/home/tobeornot8259748/projects/balloon_radar_project/data/raw/detection_dataset/val/UAV_IQ/IQ_Data/20260202_144816_beam2.mat,1,0.98525083,66,51,66,50,True,0.7406341,0.27241626
20260202_144816_beam3,20260202_144816,3,311.14,2040.0,2.56,/home/tobeornot8259748/projects/balloon_radar_project/data/raw/detection_dataset/val/UAV_IQ/IQ_Data/20260202_144816_beam3.mat,1,0.96062845,68,49,67,50,True,0.72001404,0.22903948
20260202_144816_beam4,20260202_144816,4,311.14,2010.0,2.56,/home/tobeornot8259748/projects/balloon_radar_project/data/raw/detection_dataset/val/UAV_IQ/IQ_Data/20260202_144816_beam4.mat,1,0.96571976,65,48,66,50,True,0.70912546,0.17858729
20260202_144816_beam5,20260202_144816,5,311.14,2010.0,2.56,/home/tobeornot8259748/projects/balloon_radar_project/data/raw/detection_dataset/val/UAV_IQ/IQ_Data/20260202_144816_beam5.mat,1,0.9218126,65,48,66,50,True,0.7391202,0.088667646
20260202_144825_beam1,20260202_144825,1,311.13,2070.0,5.3,/home/tobeornot8259748/projects/balloon_radar_project/data/raw/detection_dataset/train/UAV_IQ/IQ_Data/20260202_144825_beam1.mat,1,0.98757577,67,36,68,35,True,0.73397744,0.26426083
20260202_144825_beam2,20260202_144825,2,311.13,2070.0,5.3,/home/tobeornot8259748/projects/balloon_radar_project/data/raw/detection_dataset/train/UAV_IQ/IQ_Data/20260202_144825_beam2.mat,1,0.95479125,67,36,68,35,True,0.7436632,0.42227507
20260202_144825_beam3,20260202_144825,3,311.13,2040.0,5.12,/home/tobeornot8259748/projects/balloon_radar_project/data/raw/detection_dataset/train/UAV_IQ/IQ_Data/20260202_144825_beam3.mat,1,0.87999237,69,35,67,36,True,0.7458232,0.4229314
20260202_144825_beam4,20260202_144825,4,310.14,2070.0,5.3,/home/tobeornot8259748/projects/balloon_radar_project/data/raw/detection_dataset/train/UAV_IQ/IQ_Data/20260202_144825_beam4.mat,1,0.97571146,67,36,68,35,True,0.72671,0.26103154
20260202_144825_beam5,20260202_144825,5,310.14,2040.0,5.3,/home/tobeornot8259748/projects/balloon_radar_project/data/raw/detection_dataset/train/UAV_IQ/IQ_Data/20260202_144825_beam5.mat,1,0.979396,68,36,67,35,True,0.7565252,0.14050898
20260202_144833_beam1,20260202_144833,1,310.72,2100.0,5.48,/home/tobeornot8259748/projects/balloon_radar_project/data/raw/detection_dataset/train/UAV_IQ/IQ_Data/20260202_144833_beam1.mat,1,0.97566175,67,35,69,34,True,0.70683885,0.19395408
20260202_144833_beam2,20260202_144833,2,309.73,2100.0,5.48,/home/tobeornot8259748/projects/balloon_radar_project/data/raw/detection_dataset/train/UAV_IQ/IQ_Data/20260202_144833_beam2.mat,1,0.9594189,67,33,69,34,True,0.6989331,0.33616677
20260202_144833_beam3,20260202_144833,3,309.73,2100.0,5.48,/home/tobeornot8259748/projects/balloon_radar_project/data/raw/detection_dataset/train/UAV_IQ/IQ_Data/20260202_144833_beam3.mat,1,0.9435793,67,35,69,34,True,0.6963019,0.3382487
20260202_144833_beam4,20260202_144833,4,309.73,2100.0,5.48,/home/tobeornot8259748/projects/balloon_radar_project/data/raw/detection_dataset/train/UAV_IQ/IQ_Data/20260202_144833_beam4.mat,1,0.97697735,71,34,69,34,True,0.69740194,0.23473763
20260202_144833_beam5,20260202_144833,5,310.72,2100.0,5.48,/home/tobeornot8259748/projects/balloon_radar_project/data/raw/detection_dataset/train/UAV_IQ/IQ_Data/20260202_144833_beam5.mat,1,0.8926265,69,32,69,34,True,0.74968666,0.09386503
20260202_144841_beam1,20260202_144841,1,311.27,2160.0,5.3,/home/tobeornot8259748/projects/balloon_radar_project/data/raw/detection_dataset/test/UAV_IQ/IQ_Data/20260202_144841_beam1.mat,1,0.983515,70,36,71,35,True,0.69701093,0.15477929
20260202_144841_beam2,20260202_144841,2,310.26,2160.0,5.12,/home/tobeornot8259748/projects/balloon_radar_project/data/raw/detection_dataset/test/UAV_IQ/IQ_Data/20260202_144841_beam2.mat,1,0.9851791,70,36,71,36,True,0.6899125,0.2087548
20260202_144841_beam3,20260202_144841,3,310.26,2130.0,5.3,/home/tobeornot8259748/projects/balloon_radar_project/data/raw/detection_dataset/test/UAV_IQ/IQ_Data/20260202_144841_beam3.mat,1,0.9879134,70,36,70,35,True,0.6936011,0.190628
20260202_144841_beam4,20260202_144841,4,310.26,2130.0,5.12,/home/tobeornot8259748/projects/balloon_radar_project/data/raw/detection_dataset/test/UAV_IQ/IQ_Data/20260202_144841_beam4.mat,1,0.9759371,71,36,70,36,True,0.67952466,0.094523765
20260202_144849_beam1,20260202_144849,1,310.6,2190.0,5.12,/home/tobeornot8259748/projects/balloon_radar_project/data/raw/detection_dataset/train/UAV_IQ/IQ_Data/20260202_144849_beam1.mat,1,0.77153045,75,37,72,36,False,0.67933285,0.072840996
20260202_144849_beam2,20260202_144849,2,310.6,2190.0,5.12,/home/tobeornot8259748/projects/balloon_radar_project/data/raw/detection_dataset/train/UAV_IQ/IQ_Data/20260202_144849_beam2.mat,1,0.9443222,70,36,72,36,True,0.69053996,0.13761176
20260202_144849_beam3,20260202_144849,3,310.6,2190.0,5.12,/home/tobeornot8259748/projects/balloon_radar_project/data/raw/detection_dataset/train/UAV_IQ/IQ_Data/20260202_144849_beam3.mat,1,0.92432094,70,36,72,36,True,0.6939784,0.108789735
20260202_144849_beam4,20260202_144849,4,310.6,2220.0,5.12,/home/tobeornot8259748/projects/balloon_radar_project/data/raw/detection_dataset/train/UAV_IQ/IQ_Data/20260202_144849_beam4.mat,1,0.46442986,68,38,73,36,False,0.6629459,0.03257239
20260202_144857_beam1,20260202_144857,1,310.39,2220.0,-3.11,/home/tobeornot8259748/projects/balloon_radar_project/data/raw/detection_dataset/test/UAV_IQ/IQ_Data/20260202_144857_beam1.mat,1,0.9051297,71,81,73,81,True,0.7114063,0.08159354
20260202_144857_beam2,20260202_144857,2,310.39,2190.0,-3.11,/home/tobeornot8259748/projects/balloon_radar_project/data/raw/detection_dataset/test/UAV_IQ/IQ_Data/20260202_144857_beam2.mat,1,0.9395462,74,81,72,81,True,0.7159271,0.121033005
20260202_144857_beam3,20260202_144857,3,310.39,2220.0,-3.11,/home/tobeornot8259748/projects/balloon_radar_project/data/raw/detection_dataset/test/UAV_IQ/IQ_Data/20260202_144857_beam3.mat,1,0.86682266,71,79,73,81,True,0.7124312,0.109979965
20260202_144857_beam4,20260202_144857,4,310.39,2190.0,-3.11,/home/tobeornot8259748/projects/balloon_radar_project/data/raw/detection_dataset/test/UAV_IQ/IQ_Data/20260202_144857_beam4.mat,1,0.5605551,78,62,72,81,False,0.7126583,0.12533946
20260202_144906_beam1,20260202_144906,1,310.47,2130.0,-5.66,/home/tobeornot8259748/projects/balloon_radar_project/data/raw/detection_dataset/val/UAV_IQ/IQ_Data/20260202_144906_beam1.mat,1,0.9409383,70,94,70,95,True,0.70370144,0.07485274
20260202_144906_beam2,20260202_144906,2,310.47,2130.0,-5.66,/home/tobeornot8259748/projects/balloon_radar_project/data/raw/detection_dataset/val/UAV_IQ/IQ_Data/20260202_144906_beam2.mat,1,0.97555274,70,94,70,95,True,0.72373486,0.13452107
20260202_144906_beam3,20260202_144906,3,310.47,2130.0,-5.66,/home/tobeornot8259748/projects/balloon_radar_project/data/raw/detection_dataset/val/UAV_IQ/IQ_Data/20260202_144906_beam3.mat,1,0.97746265,70,94,70,95,True,0.7119393,0.10724518
20260202_144906_beam4,20260202_144906,4,310.47,2130.0,-5.66,/home/tobeornot8259748/projects/balloon_radar_project/data/raw/detection_dataset/val/UAV_IQ/IQ_Data/20260202_144906_beam4.mat,1,0.61588335,69,92,70,95,True,0.6785913,0.03819656
20260202_144914_beam1,20260202_144914,1,310.21,2130.0,-5.85,/home/tobeornot8259748/projects/balloon_radar_project/data/raw/detection_dataset/train/UAV_IQ/IQ_Data/20260202_144914_beam1.mat,1,0.6555852,78,66,70,96,False,0.69151145,0.1335549
20260202_144914_beam2,20260202_144914,2,310.21,2100.0,-5.85,/home/tobeornot8259748/projects/balloon_radar_project/data/raw/detection_dataset/train/UAV_IQ/IQ_Data/20260202_144914_beam2.mat,1,0.78653264,68,96,69,96,True,0.6496063,0.089886576
20260202_144914_beam3,20260202_144914,3,310.21,2100.0,-5.85,/home/tobeornot8259748/projects/balloon_radar_project/data/raw/detection_dataset/train/UAV_IQ/IQ_Data/20260202_144914_beam3.mat,1,0.71661353,67,95,69,96,True,0.6447599,0.07681413
20260202_144914_beam4,20260202_144914,4,311.19,2130.0,-5.85,/home/tobeornot8259748/projects/balloon_radar_project/data/raw/detection_dataset/train/UAV_IQ/IQ_Data/20260202_144914_beam4.mat,1,0.606148,41,71,70,96,False,0.6935799,0.16629037
20260202_144922_beam1,20260202_144922,1,311.42,2040.0,-4.75,/home/tobeornot8259748/projects/balloon_radar_project/data/raw/detection_dataset/train/UAV_IQ/IQ_Data/20260202_144922_beam1.mat,1,0.9797078,67,90,67,90,True,0.72409064,0.13917138
20260202_144922_beam2,20260202_144922,2,310.42,2070.0,-4.57,/home/tobeornot8259748/projects/balloon_radar_project/data/raw/detection_dataset/train/UAV_IQ/IQ_Data/20260202_144922_beam2.mat,1,0.9828562,67,90,68,89,True,0.7415662,0.35368901
20260202_144922_beam3,20260202_144922,3,310.42,2070.0,-4.75,/home/tobeornot8259748/projects/balloon_radar_project/data/raw/detection_dataset/train/UAV_IQ/IQ_Data/20260202_144922_beam3.mat,1,0.9827985,67,90,68,90,True,0.7374676,0.3379944
20260202_144922_beam4,20260202_144922,4,310.42,2070.0,-4.75,/home/tobeornot8259748/projects/balloon_radar_project/data/raw/detection_dataset/train/UAV_IQ/IQ_Data/20260202_144922_beam4.mat,1,0.9891599,67,90,68,90,True,0.7353489,0.23726878
20260202_144922_beam5,20260202_144922,5,310.42,2070.0,-4.57,/home/tobeornot8259748/projects/balloon_radar_project/data/raw/detection_dataset/train/UAV_IQ/IQ_Data/20260202_144922_beam5.mat,1,0.9818673,68,90,68,89,True,0.75887746,0.1212706
20260202_144931_beam1,20260202_144931,1,311.92,2040.0,-4.75,/home/tobeornot8259748/projects/balloon_radar_project/data/raw/detection_dataset/val/UAV_IQ/IQ_Data/20260202_144931_beam1.mat,1,0.6977123,68,88,67,90,True,0.6922466,0.07130757
20260202_144931_beam2,20260202_144931,2,311.92,2040.0,-4.75,/home/tobeornot8259748/projects/balloon_radar_project/data/raw/detection_dataset/val/UAV_IQ/IQ_Data/20260202_144931_beam2.mat,1,0.9648171,67,89,67,90,True,0.74253106,0.17151314
20260202_144931_beam3,20260202_144931,3,310.94,2010.0,-4.75,/home/tobeornot8259748/projects/balloon_radar_project/data/raw/detection_dataset/val/UAV_IQ/IQ_Data/20260202_144931_beam3.mat,1,0.93130195,65,90,66,90,True,0.7167561,0.13811485
20260202_144931_beam4,20260202_144931,4,311.92,2040.0,-4.75,/home/tobeornot8259748/projects/balloon_radar_project/data/raw/detection_dataset/val/UAV_IQ/IQ_Data/20260202_144931_beam4.mat,1,0.9739062,66,90,67,90,True,0.7183256,0.11967468
20260202_144939_beam1,20260202_144939,1,311.75,2010.0,3.11,/home/tobeornot8259748/projects/balloon_radar_project/data/raw/detection_dataset/train/UAV_IQ/IQ_Data/20260202_144939_beam1.mat,1,0.98452777,65,48,66,47,True,0.7347381,0.1626433
20260202_144939_beam2,20260202_144939,2,311.75,2010.0,3.11,/home/tobeornot8259748/projects/balloon_radar_project/data/raw/detection_dataset/train/UAV_IQ/IQ_Data/20260202_144939_beam2.mat,1,0.97764003,65,48,66,47,True,0.73739886,0.27422032
20260202_144939_beam3,20260202_144939,3,311.75,2010.0,3.11,/home/tobeornot8259748/projects/balloon_radar_project/data/raw/detection_dataset/train/UAV_IQ/IQ_Data/20260202_144939_beam3.mat,1,0.9725777,66,46,66,47,True,0.739463,0.28018612
20260202_144939_beam4,20260202_144939,4,311.75,1980.0,3.11,/home/tobeornot8259748/projects/balloon_radar_project/data/raw/detection_dataset/train/UAV_IQ/IQ_Data/20260202_144939_beam4.mat,1,0.98245424,65,48,65,47,True,0.7418045,0.23470484
20260202_144939_beam5,20260202_144939,5,311.75,1980.0,3.11,/home/tobeornot8259748/projects/balloon_radar_project/data/raw/detection_dataset/train/UAV_IQ/IQ_Data/20260202_144939_beam5.mat,1,0.9892056,65,48,65,47,True,0.75729764,0.13700044
20260202_144947_beam1,20260202_144947,1,311.78,2040.0,5.85,/home/tobeornot8259748/projects/balloon_radar_project/data/raw/detection_dataset/train/UAV_IQ/IQ_Data/20260202_144947_beam1.mat,1,0.9858722,67,33,67,32,True,0.73301804,0.19429737
20260202_144947_beam2,20260202_144947,2,310.77,2010.0,5.85,/home/tobeornot8259748/projects/balloon_radar_project/data/raw/detection_dataset/train/UAV_IQ/IQ_Data/20260202_144947_beam2.mat,1,0.97587216,67,33,66,32,True,0.7383375,0.26218754
20260202_144947_beam3,20260202_144947,3,311.78,2040.0,5.85,/home/tobeornot8259748/projects/balloon_radar_project/data/raw/detection_dataset/train/UAV_IQ/IQ_Data/20260202_144947_beam3.mat,1,0.95521,66,31,67,32,True,0.73510987,0.35222062
20260202_144947_beam4,20260202_144947,4,311.78,2040.0,5.85,/home/tobeornot8259748/projects/balloon_radar_project/data/raw/detection_dataset/train/UAV_IQ/IQ_Data/20260202_144947_beam4.mat,1,0.9828471,67,33,67,32,True,0.7341727,0.2733978
20260202_144947_beam5,20260202_144947,5,311.78,2010.0,5.85,/home/tobeornot8259748/projects/balloon_radar_project/data/raw/detection_dataset/train/UAV_IQ/IQ_Data/20260202_144947_beam5.mat,1,0.98486495,67,33,66,32,True,0.7568092,0.1561593
20260202_144955_beam1,20260202_144955,1,312.18,2070.0,5.85,/home/tobeornot8259748/projects/balloon_radar_project/data/raw/detection_dataset/train/UAV_IQ/IQ_Data/20260202_144955_beam1.mat,1,0.98982656,68,32,68,32,True,0.7237995,0.18080214
20260202_144955_beam2,20260202_144955,2,312.18,2070.0,6.03,/home/tobeornot8259748/projects/balloon_radar_project/data/raw/detection_dataset/train/UAV_IQ/IQ_Data/20260202_144955_beam2.mat,1,0.9804756,69,32,68,31,True,0.7237123,0.2591371
20260202_144955_beam3,20260202_144955,3,311.2,2070.0,5.85,/home/tobeornot8259748/projects/balloon_radar_project/data/raw/detection_dataset/train/UAV_IQ/IQ_Data/20260202_144955_beam3.mat,1,0.98234946,68,32,68,32,True,0.7339915,0.28767502
20260202_144955_beam4,20260202_144955,4,311.2,2070.0,5.85,/home/tobeornot8259748/projects/balloon_radar_project/data/raw/detection_dataset/train/UAV_IQ/IQ_Data/20260202_144955_beam4.mat,1,0.9942638,68,32,68,32,True,0.7272318,0.21216741
20260202_144955_beam5,20260202_144955,5,312.18,2100.0,5.85,/home/tobeornot8259748/projects/balloon_radar_project/data/raw/detection_dataset/train/UAV_IQ/IQ_Data/20260202_144955_beam5.mat,1,0.9770782,68,32,69,32,True,0.7325804,0.09278301
20260202_145004_beam1,20260202_145004,1,312.92,2130.0,5.3,/home/tobeornot8259748/projects/balloon_radar_project/data/raw/detection_dataset/val/UAV_IQ/IQ_Data/20260202_145004_beam1.mat,1,0.97138274,70,36,70,35,True,0.73824143,0.16450559
20260202_145004_beam2,20260202_145004,2,311.9,2130.0,5.3,/home/tobeornot8259748/projects/balloon_radar_project/data/raw/detection_dataset/val/UAV_IQ/IQ_Data/20260202_145004_beam2.mat,1,0.97858983,69,36,70,35,True,0.7528616,0.34083572
20260202_145004_beam3,20260202_145004,3,311.9,2130.0,5.3,/home/tobeornot8259748/projects/balloon_radar_project/data/raw/detection_dataset/val/UAV_IQ/IQ_Data/20260202_145004_beam3.mat,1,0.97526485,69,36,70,35,True,0.7418063,0.29936048
20260202_145004_beam4,20260202_145004,4,312.92,2130.0,5.3,/home/tobeornot8259748/projects/balloon_radar_project/data/raw/detection_dataset/val/UAV_IQ/IQ_Data/20260202_145004_beam4.mat,1,0.9808883,69,36,70,35,True,0.72568697,0.13015535
20260202_145012_beam1,20260202_145012,1,311.05,2190.0,5.12,/home/tobeornot8259748/projects/balloon_radar_project/data/raw/detection_dataset/train/UAV_IQ/IQ_Data/20260202_145012_beam1.mat,1,0.9859131,72,37,72,36,True,0.70826566,0.09293146
20260202_145012_beam2,20260202_145012,2,311.05,2160.0,5.12,/home/tobeornot8259748/projects/balloon_radar_project/data/raw/detection_dataset/train/UAV_IQ/IQ_Data/20260202_145012_beam2.mat,1,0.99359965,72,37,71,36,True,0.7198608,0.14653963
20260202_145012_beam3,20260202_145012,3,311.05,2160.0,5.12,/home/tobeornot8259748/projects/balloon_radar_project/data/raw/detection_dataset/train/UAV_IQ/IQ_Data/20260202_145012_beam3.mat,1,0.9902125,72,37,71,36,True,0.7093697,0.118213296
20260202_145012_beam4,20260202_145012,4,311.05,2160.0,5.12,/home/tobeornot8259748/projects/balloon_radar_project/data/raw/detection_dataset/train/UAV_IQ/IQ_Data/20260202_145012_beam4.mat,1,0.93439,71,36,71,36,True,0.6866077,0.05264576
20260202_145020_beam1,20260202_145020,1,311.05,2220.0,2.56,/home/tobeornot8259748/projects/balloon_radar_project/data/raw/detection_dataset/train/UAV_IQ/IQ_Data/20260202_145020_beam1.mat,1,0.97402894,72,51,73,50,True,0.74189776,0.18848434
20260202_145020_beam2,20260202_145020,2,311.05,2220.0,2.56,/home/tobeornot8259748/projects/balloon_radar_project/data/raw/detection_dataset/train/UAV_IQ/IQ_Data/20260202_145020_beam2.mat,1,0.97856575,73,51,73,50,True,0.7261263,0.26723707
20260202_145020_beam3,20260202_145020,3,311.05,2220.0,2.56,/home/tobeornot8259748/projects/balloon_radar_project/data/raw/detection_dataset/train/UAV_IQ/IQ_Data/20260202_145020_beam3.mat,1,0.97905284,72,51,73,50,True,0.7290654,0.22585581
20260202_145020_beam4,20260202_145020,4,311.05,2190.0,2.56,/home/tobeornot8259748/projects/balloon_radar_project/data/raw/detection_dataset/train/UAV_IQ/IQ_Data/20260202_145020_beam4.mat,1,0.9539387,73,50,72,50,True,0.70249975,0.11845317
20260202_145028_beam1,20260202_145028,1,309.67,2250.0,2.56,/home/tobeornot8259748/projects/balloon_radar_project/data/raw/detection_dataset/train/UAV_IQ/IQ_Data/20260202_145028_beam1.mat,1,0.76215714,71,48,74,50,False,0.67671067,0.05187012
20260202_145028_beam2,20260202_145028,2,309.67,2220.0,2.56,/home/tobeornot8259748/projects/balloon_radar_project/data/raw/detection_dataset/train/UAV_IQ/IQ_Data/20260202_145028_beam2.mat,1,0.91887635,73,49,73,50,True,0.7068408,0.1014089
20260202_145028_beam3,20260202_145028,3,309.67,2250.0,2.56,/home/tobeornot8259748/projects/balloon_radar_project/data/raw/detection_dataset/train/UAV_IQ/IQ_Data/20260202_145028_beam3.mat,1,0.748516,75,49,74,50,True,0.69497555,0.067774534
20260202_145037_beam1,20260202_145037,1,311.33,2250.0,2.74,/home/tobeornot8259748/projects/balloon_radar_project/data/raw/detection_dataset/train/UAV_IQ/IQ_Data/20260202_145037_beam1.mat,1,0.91175807,72,49,74,49,True,0.6927267,0.09242501
20260202_145037_beam2,20260202_145037,2,310.34,2220.0,2.74,/home/tobeornot8259748/projects/balloon_radar_project/data/raw/detection_dataset/train/UAV_IQ/IQ_Data/20260202_145037_beam2.mat,1,0.92061794,76,49,73,49,False,0.6897697,0.123041615
20260202_145037_beam3,20260202_145037,3,311.33,2220.0,2.74,/home/tobeornot8259748/projects/balloon_radar_project/data/raw/detection_dataset/train/UAV_IQ/IQ_Data/20260202_145037_beam3.mat,1,0.93887967,75,48,73,49,True,0.7088037,0.111616075
20260202_145045_beam1,20260202_145045,1,311.26,2220.0,-3.84,/home/tobeornot8259748/projects/balloon_radar_project/data/raw/detection_dataset/train/UAV_IQ/IQ_Data/20260202_145045_beam1.mat,1,0.8511568,72,85,73,85,True,0.69414514,0.07467641
20260202_145045_beam2,20260202_145045,2,310.24,2250.0,-4.02,/home/tobeornot8259748/projects/balloon_radar_project/data/raw/detection_dataset/train/UAV_IQ/IQ_Data/20260202_145045_beam2.mat,1,0.9909775,74,86,74,86,True,0.73297846,0.1637563
20260202_145045_beam3,20260202_145045,3,311.26,2250.0,-3.84,/home/tobeornot8259748/projects/balloon_radar_project/data/raw/detection_dataset/train/UAV_IQ/IQ_Data/20260202_145045_beam3.mat,1,0.9097409,75,84,74,85,True,0.6979515,0.073439
20260202_145045_beam4,20260202_145045,4,311.26,2250.0,-4.02,/home/tobeornot8259748/projects/balloon_radar_project/data/raw/detection_dataset/train/UAV_IQ/IQ_Data/20260202_145045_beam4.mat,1,0.2892005,76,87,74,86,True,0.6732546,0.019996738
20260202_145053_beam1,20260202_145053,1,310.74,2220.0,-3.65,/home/tobeornot8259748/projects/balloon_radar_project/data/raw/detection_dataset/train/UAV_IQ/IQ_Data/20260202_145053_beam1.mat,1,0.9844966,73,84,73,84,True,0.7073741,0.15330274
20260202_145053_beam2,20260202_145053,2,310.74,2220.0,-3.65,/home/tobeornot8259748/projects/balloon_radar_project/data/raw/detection_dataset/train/UAV_IQ/IQ_Data/20260202_145053_beam2.mat,1,0.9928316,73,84,73,84,True,0.72158426,0.2245964
20260202_145053_beam3,20260202_145053,3,310.74,2220.0,-3.47,/home/tobeornot8259748/projects/balloon_radar_project/data/raw/detection_dataset/train/UAV_IQ/IQ_Data/20260202_145053_beam3.mat,1,0.9908489,72,84,73,83,True,0.72426605,0.18462744
20260202_145053_beam4,20260202_145053,4,310.74,2220.0,-3.65,/home/tobeornot8259748/projects/balloon_radar_project/data/raw/detection_dataset/train/UAV_IQ/IQ_Data/20260202_145053_beam4.mat,1,0.9095114,71,84,73,84,True,0.673595,0.07633267
20260202_145102_beam1,20260202_145102,1,311.84,2160.0,-5.12,/home/tobeornot8259748/projects/balloon_radar_project/data/raw/detection_dataset/train/UAV_IQ/IQ_Data/20260202_145102_beam1.mat,1,0.9862022,72,92,71,92,True,0.74491984,0.1956487
20260202_145102_beam2,20260202_145102,2,311.84,2190.0,-5.12,/home/tobeornot8259748/projects/balloon_radar_project/data/raw/detection_dataset/train/UAV_IQ/IQ_Data/20260202_145102_beam2.mat,1,0.98030096,72,92,72,92,True,0.7354436,0.2476047
20260202_145102_beam3,20260202_145102,3,311.84,2190.0,-4.93,/home/tobeornot8259748/projects/balloon_radar_project/data/raw/detection_dataset/train/UAV_IQ/IQ_Data/20260202_145102_beam3.mat,1,0.9906266,72,92,72,91,True,0.7271991,0.20508896
20260202_145102_beam4,20260202_145102,4,311.84,2160.0,-5.12,/home/tobeornot8259748/projects/balloon_radar_project/data/raw/detection_dataset/train/UAV_IQ/IQ_Data/20260202_145102_beam4.mat,1,0.9918834,72,92,71,92,True,0.7095735,0.12694871
20260202_145102_beam5,20260202_145102,5,311.84,2190.0,-4.93,/home/tobeornot8259748/projects/balloon_radar_project/data/raw/detection_dataset/train/UAV_IQ/IQ_Data/20260202_145102_beam5.mat,1,0.88229376,70,91,72,91,True,0.7101771,0.042808305
20260202_145110_beam1,20260202_145110,1,312.15,2130.0,-5.3,/home/tobeornot8259748/projects/balloon_radar_project/data/raw/detection_dataset/train/UAV_IQ/IQ_Data/20260202_145110_beam1.mat,1,0.95119166,71,92,70,93,True,0.7071862,0.13968611
20260202_145110_beam2,20260202_145110,2,311.13,2130.0,-5.3,/home/tobeornot8259748/projects/balloon_radar_project/data/raw/detection_dataset/train/UAV_IQ/IQ_Data/20260202_145110_beam2.mat,1,0.915559,72,92,70,93,True,0.7091407,0.140325
20260202_145110_beam3,20260202_145110,3,312.15,2130.0,-5.3,/home/tobeornot8259748/projects/balloon_radar_project/data/raw/detection_dataset/train/UAV_IQ/IQ_Data/20260202_145110_beam3.mat,1,0.95018494,72,93,70,93,True,0.70748013,0.17432451
20260202_145110_beam4,20260202_145110,4,312.15,2130.0,-5.3,/home/tobeornot8259748/projects/balloon_radar_project/data/raw/detection_dataset/train/UAV_IQ/IQ_Data/20260202_145110_beam4.mat,1,0.9295326,70,91,70,93,True,0.7030927,0.10939153
20260202_145118_beam1,20260202_145118,1,311.7,2070.0,-4.93,/home/tobeornot8259748/projects/balloon_radar_project/data/raw/detection_dataset/train/UAV_IQ/IQ_Data/20260202_145118_beam1.mat,1,0.90660787,70,89,68,91,True,0.7152808,0.15582475
20260202_145118_beam2,20260202_145118,2,311.7,2070.0,-4.93,/home/tobeornot8259748/projects/balloon_radar_project/data/raw/detection_dataset/train/UAV_IQ/IQ_Data/20260202_145118_beam2.mat,1,0.96321523,67,92,68,91,True,0.7205666,0.22544947
20260202_145118_beam3,20260202_145118,3,311.7,2100.0,-4.93,/home/tobeornot8259748/projects/balloon_radar_project/data/raw/detection_dataset/train/UAV_IQ/IQ_Data/20260202_145118_beam3.mat,1,0.96280456,68,89,69,91,True,0.72647566,0.21688448
20260202_145118_beam4,20260202_145118,4,310.71,2100.0,-4.93,/home/tobeornot8259748/projects/balloon_radar_project/data/raw/detection_dataset/train/UAV_IQ/IQ_Data/20260202_145118_beam4.mat,1,0.9075658,67,89,69,91,True,0.7112685,0.12638485
20260202_145126_beam1,20260202_145126,1,311.28,2040.0,-4.75,/home/tobeornot8259748/projects/balloon_radar_project/data/raw/detection_dataset/train/UAV_IQ/IQ_Data/20260202_145126_beam1.mat,1,0.9113784,66,91,67,90,True,0.703777,0.153197
20260202_145126_beam2,20260202_145126,2,311.28,2070.0,-4.75,/home/tobeornot8259748/projects/balloon_radar_project/data/raw/detection_dataset/train/UAV_IQ/IQ_Data/20260202_145126_beam2.mat,1,0.97944206,68,90,68,90,True,0.7253591,0.29108712
20260202_145126_beam3,20260202_145126,3,311.28,2040.0,-4.75,/home/tobeornot8259748/projects/balloon_radar_project/data/raw/detection_dataset/train/UAV_IQ/IQ_Data/20260202_145126_beam3.mat,1,0.9761427,66,91,67,90,True,0.7161534,0.28049314
20260202_145126_beam4,20260202_145126,4,311.28,2070.0,-4.75,/home/tobeornot8259748/projects/balloon_radar_project/data/raw/detection_dataset/train/UAV_IQ/IQ_Data/20260202_145126_beam4.mat,1,0.9729346,66,90,68,90,True,0.71303064,0.19727011
20260202_145126_beam5,20260202_145126,5,312.27,2070.0,-4.75,/home/tobeornot8259748/projects/balloon_radar_project/data/raw/detection_dataset/train/UAV_IQ/IQ_Data/20260202_145126_beam5.mat,1,0.8777668,68,89,68,90,True,0.7634779,0.095771946
20260202_145135_beam1,20260202_145135,1,311.56,2070.0,4.57,/home/tobeornot8259748/projects/balloon_radar_project/data/raw/detection_dataset/train/UAV_IQ/IQ_Data/20260202_145135_beam1.mat,1,0.9701348,66,39,68,39,True,0.71315956,0.19725433
20260202_145135_beam2,20260202_145135,2,311.56,2040.0,4.57,/home/tobeornot8259748/projects/balloon_radar_project/data/raw/detection_dataset/train/UAV_IQ/IQ_Data/20260202_145135_beam2.mat,1,0.9661456,67,39,67,39,True,0.7197694,0.29333436
20260202_145135_beam3,20260202_145135,3,311.56,2070.0,4.57,/home/tobeornot8259748/projects/balloon_radar_project/data/raw/detection_dataset/train/UAV_IQ/IQ_Data/20260202_145135_beam3.mat,1,0.9600886,66,39,68,39,True,0.7177409,0.275519
20260202_145135_beam4,20260202_145135,4,310.57,2070.0,4.39,/home/tobeornot8259748/projects/balloon_radar_project/data/raw/detection_dataset/train/UAV_IQ/IQ_Data/20260202_145135_beam4.mat,1,0.97033757,67,40,68,40,True,0.7245168,0.2852629
20260202_145135_beam5,20260202_145135,5,310.57,2070.0,4.57,/home/tobeornot8259748/projects/balloon_radar_project/data/raw/detection_dataset/train/UAV_IQ/IQ_Data/20260202_145135_beam5.mat,1,0.98342854,66,40,68,39,True,0.74465203,0.15573432
20260202_145143_beam1,20260202_145143,1,312.12,2070.0,5.85,/home/tobeornot8259748/projects/balloon_radar_project/data/raw/detection_dataset/train/UAV_IQ/IQ_Data/20260202_145143_beam1.mat,1,0.98779696,68,32,68,32,True,0.72469693,0.29886654
20260202_145143_beam2,20260202_145143,2,311.13,2070.0,5.85,/home/tobeornot8259748/projects/balloon_radar_project/data/raw/detection_dataset/train/UAV_IQ/IQ_Data/20260202_145143_beam2.mat,1,0.9761707,68,32,68,32,True,0.7253594,0.4137534
20260202_145143_beam3,20260202_145143,3,311.13,2100.0,5.85,/home/tobeornot8259748/projects/balloon_radar_project/data/raw/detection_dataset/train/UAV_IQ/IQ_Data/20260202_145143_beam3.mat,1,0.97151554,68,32,69,32,True,0.72399586,0.3980918
20260202_145143_beam4,20260202_145143,4,312.12,2070.0,5.85,/home/tobeornot8259748/projects/balloon_radar_project/data/raw/detection_dataset/train/UAV_IQ/IQ_Data/20260202_145143_beam4.mat,1,0.9887089,68,32,68,32,True,0.72804874,0.28245488
20260202_145143_beam5,20260202_145143,5,311.13,2100.0,5.85,/home/tobeornot8259748/projects/balloon_radar_project/data/raw/detection_dataset/train/UAV_IQ/IQ_Data/20260202_145143_beam5.mat,1,0.95175093,68,32,69,32,True,0.7473289,0.14777339
20260202_145151_beam1,20260202_145151,1,310.86,2130.0,5.66,/home/tobeornot8259748/projects/balloon_radar_project/data/raw/detection_dataset/train/UAV_IQ/IQ_Data/20260202_145151_beam1.mat,1,0.96966434,69,34,70,33,True,0.7045607,0.2521673
20260202_145151_beam2,20260202_145151,2,310.86,2160.0,5.66,/home/tobeornot8259748/projects/balloon_radar_project/data/raw/detection_dataset/train/UAV_IQ/IQ_Data/20260202_145151_beam2.mat,1,0.9687073,69,32,71,33,True,0.7009478,0.35595247
20260202_145151_beam3,20260202_145151,3,310.86,2130.0,5.66,/home/tobeornot8259748/projects/balloon_radar_project/data/raw/detection_dataset/train/UAV_IQ/IQ_Data/20260202_145151_beam3.mat,1,0.9624355,69,32,70,33,True,0.7126891,0.3012631
20260202_145151_beam4,20260202_145151,4,310.86,2130.0,5.66,/home/tobeornot8259748/projects/balloon_radar_project/data/raw/detection_dataset/train/UAV_IQ/IQ_Data/20260202_145151_beam4.mat,1,0.9776799,69,33,70,33,True,0.7069271,0.19637094
20260202_145151_beam5,20260202_145151,5,310.86,2160.0,5.66,/home/tobeornot8259748/projects/balloon_radar_project/data/raw/detection_dataset/train/UAV_IQ/IQ_Data/20260202_145151_beam5.mat,1,0.94204813,69,33,71,33,True,0.7398947,0.09221324
20260202_145208_beam1,20260202_145208,1,311.45,2160.0,-4.02,/home/tobeornot8259748/projects/balloon_radar_project/data/raw/detection_dataset/val/UAV_IQ/IQ_Data/20260202_145208_beam1.mat,1,0.93911415,72,84,71,86,True,0.7280199,0.17020297
20260202_145208_beam2,20260202_145208,2,311.45,2160.0,-3.84,/home/tobeornot8259748/projects/balloon_radar_project/data/raw/detection_dataset/val/UAV_IQ/IQ_Data/20260202_145208_beam2.mat,1,0.9628329,72,84,71,85,True,0.7367002,0.22618666
20260202_145208_beam3,20260202_145208,3,311.45,2160.0,-3.84,/home/tobeornot8259748/projects/balloon_radar_project/data/raw/detection_dataset/val/UAV_IQ/IQ_Data/20260202_145208_beam3.mat,1,0.9677701,72,84,71,85,True,0.72946674,0.18796685
20260202_145208_beam4,20260202_145208,4,311.45,2160.0,-3.84,/home/tobeornot8259748/projects/balloon_radar_project/data/raw/detection_dataset/val/UAV_IQ/IQ_Data/20260202_145208_beam4.mat,1,0.9256923,72,84,71,85,True,0.72286445,0.108995244
20260202_145216_beam1,20260202_145216,1,311.64,2130.0,-2.19,/home/tobeornot8259748/projects/balloon_radar_project/data/raw/detection_dataset/train/UAV_IQ/IQ_Data/20260202_145216_beam1.mat,1,0.87781894,69,77,70,76,True,0.73434967,0.2539333
20260202_145216_beam2,20260202_145216,2,312.66,2130.0,-2.74,/home/tobeornot8259748/projects/balloon_radar_project/data/raw/detection_dataset/train/UAV_IQ/IQ_Data/20260202_145216_beam2.mat,1,0.7839536,68,75,70,79,False,0.7311077,0.2602882
20260202_145216_beam3,20260202_145216,3,311.64,2130.0,-2.38,/home/tobeornot8259748/projects/balloon_radar_project/data/raw/detection_dataset/train/UAV_IQ/IQ_Data/20260202_145216_beam3.mat,1,0.92473,71,75,70,77,True,0.7501515,0.3160617
20260202_145216_beam4,20260202_145216,4,311.64,2130.0,-2.38,/home/tobeornot8259748/projects/balloon_radar_project/data/raw/detection_dataset/train/UAV_IQ/IQ_Data/20260202_145216_beam4.mat,1,0.91369724,71,75,70,77,True,0.7420813,0.1951987
20260202_145216_beam5,20260202_145216,5,311.64,2100.0,-2.38,/home/tobeornot8259748/projects/balloon_radar_project/data/raw/detection_dataset/train/UAV_IQ/IQ_Data/20260202_145216_beam5.mat,1,0.52107143,73,74,69,77,False,0.6866273,0.057381842
20260202_145713_beam1,20260202_145713,1,311.05,2190.0,-5.85,/home/tobeornot8259748/projects/balloon_radar_project/data/raw/detection_dataset/train/UAV_IQ/IQ_Data/20260202_145713_beam1.mat,1,0.5398223,70,96,72,96,True,0.63155496,0.051926084
20260202_145713_beam2,20260202_145713,2,312.03,2190.0,-5.85,/home/tobeornot8259748/projects/balloon_radar_project/data/raw/detection_dataset/train/UAV_IQ/IQ_Data/20260202_145713_beam2.mat,1,0.8609692,70,97,72,96,True,0.6626728,0.13293445
20260202_145713_beam3,20260202_145713,3,311.05,2190.0,-5.85,/home/tobeornot8259748/projects/balloon_radar_project/data/raw/detection_dataset/train/UAV_IQ/IQ_Data/20260202_145713_beam3.mat,1,0.64369136,70,93,72,96,True,0.6499058,0.061985992
20260202_145713_beam4,20260202_145713,4,312.03,2190.0,-5.85,/home/tobeornot8259748/projects/balloon_radar_project/data/raw/detection_dataset/train/UAV_IQ/IQ_Data/20260202_145713_beam4.mat,1,0.33863452,76,97,72,96,False,0.65217006,0.029607575
20260202_145722_beam1,20260202_145722,1,312.1,2130.0,-5.85,/home/tobeornot8259748/projects/balloon_radar_project/data/raw/detection_dataset/train/UAV_IQ/IQ_Data/20260202_145722_beam1.mat,1,0.9184554,69,95,70,96,True,0.6826803,0.06922873
20260202_145722_beam2,20260202_145722,2,312.1,2130.0,-5.85,/home/tobeornot8259748/projects/balloon_radar_project/data/raw/detection_dataset/train/UAV_IQ/IQ_Data/20260202_145722_beam2.mat,1,0.97718674,71,96,70,96,True,0.70094085,0.11215239
20260202_145722_beam3,20260202_145722,3,312.1,2130.0,-5.85,/home/tobeornot8259748/projects/balloon_radar_project/data/raw/detection_dataset/train/UAV_IQ/IQ_Data/20260202_145722_beam3.mat,1,0.9531048,71,95,70,96,True,0.6976253,0.09486482
20260202_145722_beam4,20260202_145722,4,312.1,2160.0,-5.85,/home/tobeornot8259748/projects/balloon_radar_project/data/raw/detection_dataset/train/UAV_IQ/IQ_Data/20260202_145722_beam4.mat,1,0.56894594,73,98,71,96,True,0.6693496,0.036821056
20260202_145730_beam1,20260202_145730,1,311.89,2070.0,-5.85,/home/tobeornot8259748/projects/balloon_radar_project/data/raw/detection_dataset/train/UAV_IQ/IQ_Data/20260202_145730_beam1.mat,1,0.92012215,69,95,68,96,True,0.6899496,0.076404035
20260202_145730_beam2,20260202_145730,2,311.89,2070.0,-5.85,/home/tobeornot8259748/projects/balloon_radar_project/data/raw/detection_dataset/train/UAV_IQ/IQ_Data/20260202_145730_beam2.mat,1,0.97715354,67,97,68,96,True,0.72620636,0.13654158
20260202_145730_beam3,20260202_145730,3,311.89,2070.0,-5.85,/home/tobeornot8259748/projects/balloon_radar_project/data/raw/detection_dataset/train/UAV_IQ/IQ_Data/20260202_145730_beam3.mat,1,0.9693142,68,97,68,96,True,0.7361521,0.13378349
20260202_145730_beam4,20260202_145730,4,311.89,2070.0,-5.85,/home/tobeornot8259748/projects/balloon_radar_project/data/raw/detection_dataset/train/UAV_IQ/IQ_Data/20260202_145730_beam4.mat,1,0.8699155,68,95,68,96,True,0.70174164,0.07356368
20260202_145730_beam5,20260202_145730,5,311.89,2100.0,-5.85,/home/tobeornot8259748/projects/balloon_radar_project/data/raw/detection_dataset/train/UAV_IQ/IQ_Data/20260202_145730_beam5.mat,1,0.58798194,29,45,69,96,False,0.7287714,0.044354506
20260202_145738_beam1,20260202_145738,1,311.96,2040.0,-5.85,/home/tobeornot8259748/projects/balloon_radar_project/data/raw/detection_dataset/val/UAV_IQ/IQ_Data/20260202_145738_beam1.mat,1,0.95974016,66,94,67,96,True,0.70509446,0.12976658
20260202_145738_beam2,20260202_145738,2,311.96,2040.0,-5.85,/home/tobeornot8259748/projects/balloon_radar_project/data/raw/detection_dataset/val/UAV_IQ/IQ_Data/20260202_145738_beam2.mat,1,0.966504,67,97,67,96,True,0.7214994,0.20959418
20260202_145738_beam3,20260202_145738,3,311.96,2040.0,-5.85,/home/tobeornot8259748/projects/balloon_radar_project/data/raw/detection_dataset/val/UAV_IQ/IQ_Data/20260202_145738_beam3.mat,1,0.9773751,67,97,67,96,True,0.72341025,0.20277628
20260202_145738_beam4,20260202_145738,4,311.96,2040.0,-5.85,/home/tobeornot8259748/projects/balloon_radar_project/data/raw/detection_dataset/val/UAV_IQ/IQ_Data/20260202_145738_beam4.mat,1,0.976174,66,97,67,96,True,0.73011434,0.15565307
20260202_145738_beam5,20260202_145738,5,311.96,2040.0,-5.85,/home/tobeornot8259748/projects/balloon_radar_project/data/raw/detection_dataset/val/UAV_IQ/IQ_Data/20260202_145738_beam5.mat,1,0.9384944,69,96,67,96,True,0.72320867,0.06363284
20260202_145746_beam1,20260202_145746,1,312.01,2010.0,-5.85,/home/tobeornot8259748/projects/balloon_radar_project/data/raw/detection_dataset/train/UAV_IQ/IQ_Data/20260202_145746_beam1.mat,1,0.97319734,65,97,66,96,True,0.71154106,0.105707765
20260202_145746_beam2,20260202_145746,2,312.01,2010.0,-6.03,/home/tobeornot8259748/projects/balloon_radar_project/data/raw/detection_dataset/train/UAV_IQ/IQ_Data/20260202_145746_beam2.mat,1,0.9907259,65,97,66,97,True,0.7411262,0.2239733
20260202_145746_beam3,20260202_145746,3,312.01,2010.0,-5.85,/home/tobeornot8259748/projects/balloon_radar_project/data/raw/detection_dataset/train/UAV_IQ/IQ_Data/20260202_145746_beam3.mat,1,0.9853116,65,97,66,96,True,0.73101395,0.23818249
20260202_145746_beam4,20260202_145746,4,312.01,1980.0,-6.03,/home/tobeornot8259748/projects/balloon_radar_project/data/raw/detection_dataset/train/UAV_IQ/IQ_Data/20260202_145746_beam4.mat,1,0.98553085,65,97,65,97,True,0.73926497,0.18721014
20260202_145746_beam5,20260202_145746,5,312.01,1980.0,-5.85,/home/tobeornot8259748/projects/balloon_radar_project/data/raw/detection_dataset/train/UAV_IQ/IQ_Data/20260202_145746_beam5.mat,1,0.96548945,66,97,65,96,True,0.7558515,0.093141206
20260202_145755_beam1,20260202_145755,1,311.93,1950.0,-6.03,/home/tobeornot8259748/projects/balloon_radar_project/data/raw/detection_dataset/train/UAV_IQ/IQ_Data/20260202_145755_beam1.mat,1,0.9666259,63,96,64,97,True,0.66874987,0.09298059
20260202_145755_beam2,20260202_145755,2,311.93,1950.0,-6.03,/home/tobeornot8259748/projects/balloon_radar_project/data/raw/detection_dataset/train/UAV_IQ/IQ_Data/20260202_145755_beam2.mat,1,0.97741973,63,96,64,97,True,0.69913316,0.19258411
20260202_145755_beam3,20260202_145755,3,311.93,1950.0,-5.85,/home/tobeornot8259748/projects/balloon_radar_project/data/raw/detection_dataset/train/UAV_IQ/IQ_Data/20260202_145755_beam3.mat,1,0.9756842,63,97,64,96,True,0.7271568,0.22073172
20260202_145755_beam4,20260202_145755,4,311.93,1950.0,-6.03,/home/tobeornot8259748/projects/balloon_radar_project/data/raw/detection_dataset/train/UAV_IQ/IQ_Data/20260202_145755_beam4.mat,1,0.9776693,63,97,64,97,True,0.7338747,0.20099168
20260202_145755_beam5,20260202_145755,5,311.93,1950.0,-6.03,/home/tobeornot8259748/projects/balloon_radar_project/data/raw/detection_dataset/train/UAV_IQ/IQ_Data/20260202_145755_beam5.mat,1,0.9796409,64,97,64,97,True,0.7492876,0.12004937
20260202_145813_beam1,20260202_145813,1,311.82,1950.0,4.57,/home/tobeornot8259748/projects/balloon_radar_project/data/raw/detection_dataset/train/UAV_IQ/IQ_Data/20260202_145813_beam1.mat,1,0.9901682,64,39,64,39,True,0.7279328,0.19599067
20260202_145813_beam2,20260202_145813,2,311.82,1950.0,4.75,/home/tobeornot8259748/projects/balloon_radar_project/data/raw/detection_dataset/train/UAV_IQ/IQ_Data/20260202_145813_beam2.mat,1,0.9725395,63,39,64,38,True,0.72314435,0.32890916
20260202_145813_beam3,20260202_145813,3,312.81,1950.0,4.75,/home/tobeornot8259748/projects/balloon_radar_project/data/raw/detection_dataset/train/UAV_IQ/IQ_Data/20260202_145813_beam3.mat,1,0.9639613,63,38,64,38,True,0.7260501,0.30371338
20260202_145813_beam4,20260202_145813,4,312.81,1950.0,4.75,/home/tobeornot8259748/projects/balloon_radar_project/data/raw/detection_dataset/train/UAV_IQ/IQ_Data/20260202_145813_beam4.mat,1,0.9709099,63,39,64,38,True,0.7254765,0.27473083
20260202_145813_beam5,20260202_145813,5,312.81,1950.0,4.57,/home/tobeornot8259748/projects/balloon_radar_project/data/raw/detection_dataset/train/UAV_IQ/IQ_Data/20260202_145813_beam5.mat,1,0.9868052,63,39,64,39,True,0.74465054,0.17750727
20260202_145819_beam1,20260202_145819,1,311.56,2010.0,6.03,/home/tobeornot8259748/projects/balloon_radar_project/data/raw/detection_dataset/val/UAV_IQ/IQ_Data/20260202_145819_beam1.mat,1,0.9903349,65,32,66,31,True,0.74856824,0.18672273
20260202_145819_beam2,20260202_145819,2,312.55,2010.0,6.03,/home/tobeornot8259748/projects/balloon_radar_project/data/raw/detection_dataset/val/UAV_IQ/IQ_Data/20260202_145819_beam2.mat,1,0.96345633,65,32,66,31,True,0.73337406,0.3746654
20260202_145819_beam3,20260202_145819,3,311.56,1980.0,6.03,/home/tobeornot8259748/projects/balloon_radar_project/data/raw/detection_dataset/val/UAV_IQ/IQ_Data/20260202_145819_beam3.mat,1,0.9720723,65,32,65,31,True,0.7415343,0.37860215
20260202_145819_beam4,20260202_145819,4,312.55,1980.0,6.03,/home/tobeornot8259748/projects/balloon_radar_project/data/raw/detection_dataset/val/UAV_IQ/IQ_Data/20260202_145819_beam4.mat,1,0.9715028,65,32,65,31,True,0.7421433,0.327433
20260202_145819_beam5,20260202_145819,5,312.55,2010.0,6.03,/home/tobeornot8259748/projects/balloon_radar_project/data/raw/detection_dataset/val/UAV_IQ/IQ_Data/20260202_145819_beam5.mat,1,0.9891615,65,32,66,31,True,0.75940645,0.2249927
20260202_145828_beam1,20260202_145828,1,312.4,2070.0,6.03,/home/tobeornot8259748/projects/balloon_radar_project/data/raw/detection_dataset/train/UAV_IQ/IQ_Data/20260202_145828_beam1.mat,1,0.9753954,67,32,68,31,True,0.73434967,0.24715258
20260202_145828_beam2,20260202_145828,2,311.42,2010.0,6.03,/home/tobeornot8259748/projects/balloon_radar_project/data/raw/detection_dataset/train/UAV_IQ/IQ_Data/20260202_145828_beam2.mat,1,0.96609145,68,31,66,31,True,0.740872,0.37396705
20260202_145828_beam3,20260202_145828,3,312.4,2040.0,6.03,/home/tobeornot8259748/projects/balloon_radar_project/data/raw/detection_dataset/train/UAV_IQ/IQ_Data/20260202_145828_beam3.mat,1,0.96448165,67,30,67,31,True,0.72975653,0.326301
20260202_145828_beam4,20260202_145828,4,312.4,2040.0,6.03,/home/tobeornot8259748/projects/balloon_radar_project/data/raw/detection_dataset/train/UAV_IQ/IQ_Data/20260202_145828_beam4.mat,1,0.97235054,67,32,67,31,True,0.7283336,0.26600945
20260202_145828_beam5,20260202_145828,5,312.4,2040.0,6.03,/home/tobeornot8259748/projects/balloon_radar_project/data/raw/detection_dataset/train/UAV_IQ/IQ_Data/20260202_145828_beam5.mat,1,0.9823512,67,32,67,31,True,0.7494067,0.15875028
20260202_145836_beam1,20260202_145836,1,311.96,2100.0,3.65,/home/tobeornot8259748/projects/balloon_radar_project/data/raw/detection_dataset/val/UAV_IQ/IQ_Data/20260202_145836_beam1.mat,1,0.9656403,68,42,69,44,True,0.75961244,0.25069094
20260202_145836_beam2,20260202_145836,2,311.96,2100.0,3.84,/home/tobeornot8259748/projects/balloon_radar_project/data/raw/detection_dataset/val/UAV_IQ/IQ_Data/20260202_145836_beam2.mat,1,0.9072315,70,42,69,43,True,0.75951207,0.3754933
20260202_145836_beam3,20260202_145836,3,311.96,2070.0,3.84,/home/tobeornot8259748/projects/balloon_radar_project/data/raw/detection_dataset/val/UAV_IQ/IQ_Data/20260202_145836_beam3.mat,1,0.8669932,68,45,68,43,True,0.7668709,0.35233456
20260202_145836_beam4,20260202_145836,4,312.95,2070.0,4.2,/home/tobeornot8259748/projects/balloon_radar_project/data/raw/detection_dataset/val/UAV_IQ/IQ_Data/20260202_145836_beam4.mat,1,0.84633535,67,37,68,41,False,0.7295732,0.18380417
20260202_145836_beam5,20260202_145836,5,311.96,2100.0,3.84,/home/tobeornot8259748/projects/balloon_radar_project/data/raw/detection_dataset/val/UAV_IQ/IQ_Data/20260202_145836_beam5.mat,1,0.95533526,68,42,69,43,True,0.7789272,0.12237085
