sample_id,session_id,split,beam_layer,distance_m,velocity_mps,true_range_index,true_velocity_index,mat_path,H_global_velocity_index,H_global_range_index,H_global_velocity_offset,H_global_range_offset,H_global_peak_db,H_local_velocity_index,H_local_range_index,H_local_velocity_offset,H_local_range_offset,H_local_abs_velocity_offset,H_local_abs_range_offset,H_local_peak_db,H_label_db,H_local_peak_minus_label_db,V_global_velocity_index,V_global_range_index,V_global_velocity_offset,V_global_range_offset,V_global_peak_db,V_local_velocity_index,V_local_range_index,V_local_velocity_offset,V_local_range_offset,V_local_abs_velocity_offset,V_local_abs_range_offset,V_local_peak_db,V_label_db,V_local_peak_minus_label_db,H_minus_V_local_range_index,H_minus_V_local_velocity_index,H_minus_V_local_peak_db,distance_bin,velocity_bin
20260202_144238_beam1,20260202_144238,val,1,2040.0,-2.19,67,76,data/raw/IQ_Data/20260202_144238_beam1.mat,64,8,-12,-59,60.355316162109375,76,65,0,-2,0,2,19.441259384155273,18.62961769104004,0.8116416931152344,64,8,-12,-59,59.880577087402344,76,71,0,4,0,4,31.4444637298584,31.28026008605957,0.16420364379882812,-6,0,-12.003204345703125,"[1800.0, 2100.0)","[-4.0, -2.0)"
20260202_144238_beam2,20260202_144238,val,2,2040.0,-2.19,67,76,data/raw/IQ_Data/20260202_144238_beam2.mat,64,8,-12,-59,60.77690505981445,76,63,0,-4,0,4,22.79403305053711,21.785354614257812,1.0086784362792969,64,8,-12,-59,61.79706954956055,76,65,0,-2,0,2,35.83064651489258,35.6472053527832,0.183441162109375,-2,0,-13.036613464355469,"[1800.0, 2100.0)","[-4.0, -2.0)"
20260202_144238_beam3,20260202_144238,val,3,2040.0,-2.19,67,76,data/raw/IQ_Data/20260202_144238_beam3.mat,64,8,-12,-59,61.20252227783203,76,65,0,-2,0,2,26.36249351501465,26.187423706054688,0.17506980895996094,64,8,-12,-59,61.077552795410156,76,70,0,3,0,3,39.62653732299805,39.592288970947266,0.03424835205078125,-5,0,-13.264043807983398,"[1800.0, 2100.0)","[-4.0, -2.0)"
20260202_144238_beam4,20260202_144238,val,4,2040.0,-2.19,67,76,data/raw/IQ_Data/20260202_144238_beam4.mat,64,8,-12,-59,61.90966796875,76,66,0,-1,0,1,21.40399742126465,21.04473114013672,0.3592662811279297,64,8,-12,-59,61.18547821044922,76,67,0,0,0,0,34.57954406738281,34.57954406738281,0.0,-1,0,-13.175546646118164,"[1800.0, 2100.0)","[-4.0, -2.0)"
20260202_144246_beam1,20260202_144246,train,1,2040.0,-1.83,67,74,data/raw/IQ_Data/20260202_144246_beam1.mat,64,26,-10,-41,63.64357376098633,74,69,0,2,0,2,18.7700252532959,17.030153274536133,1.7398719787597656,64,24,-10,-43,61.294769287109375,74,71,0,4,0,4,29.895809173583984,29.246540069580078,0.6492691040039062,-2,0,-11.125783920288086,"[1800.0, 2100.0)","[-2.0, 0.0)"
20260202_144246_beam2,20260202_144246,train,2,2040.0,-1.83,67,74,data/raw/IQ_Data/20260202_144246_beam2.mat,64,26,-10,-41,61.87761688232422,74,71,0,4,0,4,26.05320167541504,25.250680923461914,0.802520751953125,64,8,-10,-59,61.798011779785156,74,71,0,4,0,4,37.79847717285156,37.14653778076172,0.6519393920898438,0,0,-11.745275497436523,"[1800.0, 2100.0)","[-2.0, 0.0)"
20260202_144246_beam3,20260202_144246,train,3,2010.0,-1.83,66,74,data/raw/IQ_Data/20260202_144246_beam3.mat,64,8,-10,-58,61.203887939453125,74,71,0,5,0,5,28.905799865722656,27.860294342041016,1.0455055236816406,64,8,-10,-58,61.078224182128906,74,71,0,5,0,5,40.9174919128418,40.26293182373047,0.6545600891113281,0,0,-12.01169204711914,"[1800.0, 2100.0)","[-2.0, 0.0)"
20260202_144246_beam4,20260202_144246,train,4,2010.0,-1.83,66,74,data/raw/IQ_Data/20260202_144246_beam4.mat,64,8,-10,-58,61.91034698486328,74,71,0,5,0,5,24.23126220703125,23.0023193359375,1.22894287109375,64,8,-10,-58,61.186622619628906,74,63,0,-3,0,3,36.163665771484375,35.470157623291016,0.6935081481933594,8,0,-11.932403564453125,"[1800.0, 2100.0)","[-2.0, 0.0)"
20260202_144246_beam5,20260202_144246,train,5,2010.0,-1.83,66,74,data/raw/IQ_Data/20260202_144246_beam5.mat,64,8,-10,-58,54.832271575927734,74,63,0,-3,0,3,14.953585624694824,12.829883575439453,2.123702049255371,64,8,-10,-58,55.61015319824219,74,63,0,-3,0,3,25.880626678466797,24.924301147460938,0.9563255310058594,0,0,-10.927041053771973,"[1800.0, 2100.0)","[-2.0, 0.0)"
20260202_144254_beam1,20260202_144254,train,1,2010.0,-2.01,66,75,data/raw/IQ_Data/20260202_144254_beam1.mat,64,8,-11,-58,60.3543701171875,75,69,0,3,0,3,16.149394989013672,14.822875022888184,1.3265199661254883,64,8,-11,-58,59.88331604003906,75,62,0,-4,0,4,28.759437561035156,28.352663040161133,0.40677452087402344,7,0,-12.610042572021484,"[1800.0, 2100.0)","[-4.0, -2.0)"
20260202_144254_beam2,20260202_144254,train,2,2010.0,-2.01,66,75,data/raw/IQ_Data/20260202_144254_beam2.mat,64,8,-11,-58,60.780250549316406,75,69,0,3,0,3,23.98593521118164,23.048667907714844,0.9372673034667969,64,8,-11,-58,61.79844665527344,75,62,0,-4,0,4,36.71010208129883,36.48779296875,0.22230911254882812,7,0,-12.724166870117188,"[1800.0, 2100.0)","[-4.0, -2.0)"
20260202_144254_beam3,20260202_144254,train,3,2010.0,-2.01,66,75,data/raw/IQ_Data/20260202_144254_beam3.mat,64,8,-11,-58,61.20573043823242,75,64,0,-2,0,2,25.510618209838867,24.691898345947266,0.8187198638916016,64,8,-11,-58,61.07799530029297,75,62,0,-4,0,4,38.41295623779297,38.219329833984375,0.19362640380859375,2,0,-12.902338027954102,"[1800.0, 2100.0)","[-4.0, -2.0)"
20260202_144254_beam4,20260202_144254,train,4,2010.0,-2.01,66,75,data/raw/IQ_Data/20260202_144254_beam4.mat,64,8,-11,-58,61.91158676147461,75,65,0,-1,0,1,21.298667907714844,19.821369171142578,1.4772987365722656,64,8,-11,-58,61.18513107299805,75,62,0,-4,0,4,33.98147201538086,33.847354888916016,0.13411712646484375,3,0,-12.682804107666016,"[1800.0, 2100.0)","[-4.0, -2.0)"
20260202_144302_beam1,20260202_144302,train,1,1980.0,-2.19,65,76,data/raw/IQ_Data/20260202_144302_beam1.mat,64,26,-12,-39,63.77452850341797,76,66,0,1,0,1,14.961877822875977,13.333230018615723,1.628647804260254,64,24,-12,-41,60.39409637451172,76,70,0,5,0,5,27.374553680419922,26.62505340576172,0.7495002746582031,-4,0,-12.412675857543945,"[1800.0, 2100.0)","[-4.0, -2.0)"
20260202_144302_beam2,20260202_144302,train,2,1980.0,-2.01,65,75,data/raw/IQ_Data/20260202_144302_beam2.mat,64,26,-11,-39,62.66625213623047,76,70,1,5,1,5,22.471525192260742,20.292203903198242,2.1793212890625,64,8,-11,-57,61.79825210571289,76,70,1,5,1,5,35.6146240234375,33.00863265991211,2.6059913635253906,0,0,-13.143098831176758,"[1800.0, 2100.0)","[-4.0, -2.0)"
20260202_144302_beam3,20260202_144302,train,3,2010.0,-2.19,66,76,data/raw/IQ_Data/20260202_144302_beam3.mat,64,8,-12,-58,61.20586395263672,76,70,0,4,0,4,24.62775421142578,24.499298095703125,0.12845611572265625,64,36,-12,-30,61.78505325317383,76,70,0,4,0,4,37.73032760620117,37.12051010131836,0.6098175048828125,0,0,-13.10257339477539,"[1800.0, 2100.0)","[-4.0, -2.0)"
20260202_144302_beam4,20260202_144302,train,4,2010.0,-2.19,66,76,data/raw/IQ_Data/20260202_144302_beam4.mat,64,8,-12,-58,61.9109001159668,76,67,0,1,0,1,20.785371780395508,20.28247833251953,0.5028934478759766,64,36,-12,-30,61.21906280517578,76,70,0,4,0,4,33.85237121582031,33.18854522705078,0.6638259887695312,-3,0,-13.066999435424805,"[1800.0, 2100.0)","[-4.0, -2.0)"
20260202_144302_beam5,20260202_144302,train,5,2010.0,-2.19,66,76,data/raw/IQ_Data/20260202_144302_beam5.mat,64,24,-12,-42,55.269168853759766,76,67,0,1,0,1,12.10821533203125,8.6405611038208,3.467654228210449,64,36,-12,-30,55.89358901977539,76,70,0,4,0,4,24.248065948486328,23.31291961669922,0.9351463317871094,-3,0,-12.139850616455078,"[1800.0, 2100.0)","[-4.0, -2.0)"
20260202_144311_beam1,20260202_144311,train,1,2010.0,3.47,66,45,data/raw/IQ_Data/20260202_144311_beam1.mat,64,8,19,-58,60.35612487792969,45,62,0,-4,0,4,23.978708267211914,23.677486419677734,0.3012218475341797,64,8,19,-58,59.880699157714844,45,62,0,-4,0,4,31.945083618164062,31.735309600830078,0.20977401733398438,0,0,-7.966375350952148,"[1800.0, 2100.0)","[2.0, 4.0)"
20260202_144311_beam2,20260202_144311,train,2,2010.0,3.47,66,45,data/raw/IQ_Data/20260202_144311_beam2.mat,64,8,19,-58,60.77903747558594,45,62,0,-4,0,4,31.78921890258789,31.33882713317871,0.4503917694091797,64,8,19,-58,61.795860290527344,45,62,0,-4,0,4,40.21514892578125,39.87967300415039,0.3354759216308594,0,0,-8.42593002319336,"[1800.0, 2100.0)","[2.0, 4.0)"
20260202_144311_beam3,20260202_144311,train,3,2010.0,3.29,66,46,data/raw/IQ_Data/20260202_144311_beam3.mat,64,8,18,-58,61.20494842529297,45,62,-1,-4,1,4,33.388160705566406,30.680885314941406,2.707275390625,64,8,18,-58,61.07652282714844,45,62,-1,-4,1,4,41.97332000732422,39.33182144165039,2.641498565673828,0,0,-8.585159301757812,"[1800.0, 2100.0)","[2.0, 4.0)"
20260202_144311_beam4,20260202_144311,train,4,2010.0,3.47,66,45,data/raw/IQ_Data/20260202_144311_beam4.mat,64,8,19,-58,61.91133499145508,45,62,0,-4,0,4,28.840579986572266,28.671234130859375,0.16934585571289062,64,8,19,-58,61.18397521972656,45,62,0,-4,0,4,37.54977035522461,37.11354064941406,0.4362297058105469,0,0,-8.709190368652344,"[1800.0, 2100.0)","[2.0, 4.0)"
20260202_144311_beam5,20260202_144311,train,5,2010.0,3.47,66,45,data/raw/IQ_Data/20260202_144311_beam5.mat,64,8,19,-58,54.835018157958984,45,70,0,4,0,4,19.058944702148438,18.82607650756836,0.23286819458007812,64,8,19,-58,55.606502532958984,45,62,0,-4,0,4,27.386592864990234,26.794130325317383,0.5924625396728516,8,0,-8.327648162841797,"[1800.0, 2100.0)","[2.0, 4.0)"
20260202_144319_beam1,20260202_144319,train,1,2040.0,2.19,67,52,data/raw/IQ_Data/20260202_144319_beam1.mat,64,26,12,-41,62.15081787109375,52,63,0,-4,0,4,26.240646362304688,25.82288932800293,0.4177570343017578,64,24,12,-43,60.828216552734375,52,63,0,-4,0,4,33.36494064331055,32.540061950683594,0.8248786926269531,0,0,-7.124294281005859,"[1800.0, 2100.0)","[2.0, 4.0)"
20260202_144319_beam2,20260202_144319,train,2,2040.0,2.19,67,52,data/raw/IQ_Data/20260202_144319_beam2.mat,64,8,12,-59,60.7799186706543,52,63,0,-4,0,4,33.79627227783203,33.24699783325195,0.5492744445800781,64,8,12,-59,61.796539306640625,52,63,0,-4,0,4,41.040245056152344,40.34733581542969,0.6929092407226562,0,0,-7.2439727783203125,"[1800.0, 2100.0)","[2.0, 4.0)"
20260202_144319_beam3,20260202_144319,train,3,2040.0,2.19,67,52,data/raw/IQ_Data/20260202_144319_beam3.mat,64,8,12,-59,61.20481491088867,52,71,0,4,0,4,35.069541931152344,34.48882293701172,0.580718994140625,64,8,12,-59,61.077239990234375,52,63,0,-4,0,4,42.35190963745117,41.68632507324219,0.6655845642089844,8,0,-7.282367706298828,"[1800.0, 2100.0)","[2.0, 4.0)"
20260202_144319_beam4,20260202_144319,train,4,2040.0,2.19,67,52,data/raw/IQ_Data/20260202_144319_beam4.mat,64,8,12,-59,61.91022872924805,52,71,0,4,0,4,30.382122039794922,29.700321197509766,0.6818008422851562,64,8,12,-59,61.18545150756836,52,63,0,-4,0,4,37.51659393310547,36.86768341064453,0.6489105224609375,8,0,-7.134471893310547,"[1800.0, 2100.0)","[2.0, 4.0)"
20260202_144319_beam5,20260202_144319,train,5,2040.0,2.19,67,52,data/raw/IQ_Data/20260202_144319_beam5.mat,64,8,12,-59,54.831199645996094,52,71,0,4,0,4,20.447513580322266,19.06702995300293,1.380483627319336,64,8,12,-59,55.61050796508789,52,71,0,4,0,4,27.13333511352539,26.310949325561523,0.8223857879638672,0,0,-6.685821533203125,"[1800.0, 2100.0)","[2.0, 4.0)"
20260202_144327_beam1,20260202_144327,train,1,2040.0,2.19,67,52,data/raw/IQ_Data/20260202_144327_beam1.mat,64,8,12,-59,60.35762405395508,52,69,0,2,0,2,24.577098846435547,23.274316787719727,1.3027820587158203,64,8,12,-59,59.88346862792969,52,66,0,-1,0,1,31.15280532836914,30.99203872680664,0.1607666015625,3,0,-6.575706481933594,"[1800.0, 2100.0)","[2.0, 4.0)"
20260202_144327_beam2,20260202_144327,train,2,2040.0,2.19,67,52,data/raw/IQ_Data/20260202_144327_beam2.mat,64,8,12,-59,60.77960205078125,52,69,0,2,0,2,31.176319122314453,30.830060958862305,0.34625816345214844,64,8,12,-59,61.80065155029297,52,72,0,5,0,5,38.50117111206055,38.256324768066406,0.24484634399414062,-3,0,-7.324851989746094,"[1800.0, 2100.0)","[2.0, 4.0)"
20260202_144327_beam3,20260202_144327,train,3,2040.0,2.19,67,52,data/raw/IQ_Data/20260202_144327_beam3.mat,64,8,12,-59,61.20456314086914,52,72,0,5,0,5,32.12266540527344,31.804258346557617,0.3184070587158203,64,8,12,-59,61.08073806762695,52,72,0,5,0,5,39.49775314331055,39.185855865478516,0.31189727783203125,0,0,-7.375087738037109,"[1800.0, 2100.0)","[2.0, 4.0)"
20260202_144327_beam4,20260202_144327,train,4,2070.0,2.19,68,52,data/raw/IQ_Data/20260202_144327_beam4.mat,64,8,12,-60,61.911041259765625,52,72,0,4,0,4,27.180498123168945,26.87870216369629,0.30179595947265625,64,8,12,-60,61.1870231628418,52,72,0,4,0,4,34.44157028198242,34.20913314819336,0.2324371337890625,0,0,-7.261072158813477,"[1800.0, 2100.0)","[2.0, 4.0)"
20260202_144327_beam5,20260202_144327,train,5,2040.0,2.19,67,52,data/raw/IQ_Data/20260202_144327_beam5.mat,64,8,12,-59,54.834957122802734,52,70,0,3,0,3,16.921913146972656,16.10056495666504,0.8213481903076172,64,8,12,-59,55.61073303222656,52,69,0,2,0,2,24.1623477935791,23.64259910583496,0.5197486877441406,1,0,-7.240434646606445,"[1800.0, 2100.0)","[2.0, 4.0)"
20260202_144335_beam1,20260202_144335,train,1,2070.0,2.19,68,52,data/raw/IQ_Data/20260202_144335_beam1.mat,64,26,12,-42,64.57765197753906,52,72,0,4,0,4,22.202125549316406,21.688770294189453,0.5133552551269531,64,24,12,-44,60.20417785644531,52,64,0,-4,0,4,29.4516544342041,28.936969757080078,0.5146846771240234,8,0,-7.249528884887695,"[1800.0, 2100.0)","[2.0, 4.0)"
20260202_144335_beam2,20260202_144335,train,2,2070.0,2.38,68,51,data/raw/IQ_Data/20260202_144335_beam2.mat,64,8,13,-60,60.77983474731445,52,64,1,-4,1,4,32.76296615600586,31.155710220336914,1.6072559356689453,64,8,13,-60,61.798744201660156,52,64,1,-4,1,4,40.44292449951172,38.81449890136719,1.6284255981445312,0,0,-7.679958343505859,"[1800.0, 2100.0)","[2.0, 4.0)"
20260202_144335_beam3,20260202_144335,train,3,2070.0,2.19,68,52,data/raw/IQ_Data/20260202_144335_beam3.mat,64,8,12,-60,61.204383850097656,52,64,0,-4,0,4,33.24751663208008,32.7291374206543,0.5183792114257812,64,8,12,-60,61.07691955566406,52,64,0,-4,0,4,40.92820739746094,40.40872573852539,0.5194816589355469,0,0,-7.680690765380859,"[1800.0, 2100.0)","[2.0, 4.0)"
20260202_144335_beam4,20260202_144335,train,4,2070.0,2.19,68,52,data/raw/IQ_Data/20260202_144335_beam4.mat,64,8,12,-60,61.91032409667969,52,64,0,-4,0,4,27.66963768005371,27.105684280395508,0.5639533996582031,64,8,12,-60,61.18526077270508,52,64,0,-4,0,4,35.292266845703125,34.793575286865234,0.4986915588378906,0,0,-7.622629165649414,"[1800.0, 2100.0)","[2.0, 4.0)"
20260202_144335_beam5,20260202_144335,train,5,2070.0,2.19,68,52,data/raw/IQ_Data/20260202_144335_beam5.mat,64,8,12,-60,54.830204010009766,52,67,0,-1,0,1,16.5952091217041,15.122991561889648,1.4722175598144531,64,8,12,-60,55.60978698730469,52,72,0,4,0,4,24.6914005279541,23.79851531982422,0.8928852081298828,-5,0,-8.09619140625,"[1800.0, 2100.0)","[2.0, 4.0)"
20260202_144344_beam1,20260202_144344,test,1,2070.0,2.01,68,53,data/raw/IQ_Data/20260202_144344_beam1.mat,64,8,11,-60,60.358978271484375,53,73,0,5,0,5,23.11505889892578,22.35043716430664,0.7646217346191406,64,8,11,-60,59.882904052734375,53,73,0,5,0,5,20.13791847229004,19.063766479492188,1.0741519927978516,0,0,2.977140426635742,"[1800.0, 2100.0)","[2.0, 4.0)"
20260202_144344_beam2,20260202_144344,test,2,2100.0,2.01,69,53,data/raw/IQ_Data/20260202_144344_beam2.mat,64,8,11,-61,60.778411865234375,53,73,0,4,0,4,29.45386505126953,28.743946075439453,0.7099189758300781,64,8,11,-61,61.79784393310547,53,73,0,4,0,4,26.27501678466797,25.806922912597656,0.4680938720703125,0,0,3.1788482666015625,"[2100.0, 2400.0)","[2.0, 4.0)"
20260202_144344_beam3,20260202_144344,test,3,2100.0,2.19,69,52,data/raw/IQ_Data/20260202_144344_beam3.mat,64,8,12,-61,61.20429611206055,53,73,1,4,1,4,29.646621704101562,25.50711441040039,4.139507293701172,64,8,12,-61,61.07769012451172,53,65,1,-4,1,4,26.48198699951172,22.813472747802734,3.6685142517089844,8,0,3.1646347045898438,"[2100.0, 2400.0)","[2.0, 4.0)"
20260202_144344_beam4,20260202_144344,test,4,2070.0,2.19,68,52,data/raw/IQ_Data/20260202_144344_beam4.mat,64,8,12,-60,61.911102294921875,53,73,1,5,1,5,23.67540740966797,20.78626823425293,2.889139175415039,64,8,12,-60,61.18675231933594,53,65,1,-3,1,3,20.809497833251953,15.77496337890625,5.034534454345703,8,0,2.8659095764160156,"[1800.0, 2100.0)","[2.0, 4.0)"
20260202_144344_beam5,20260202_144344,test,5,2100.0,2.01,69,53,data/raw/IQ_Data/20260202_144344_beam5.mat,64,8,11,-61,54.8288688659668,53,73,0,4,0,4,15.777979850769043,14.142305374145508,1.6356744766235352,64,8,11,-61,55.612327575683594,53,65,0,-4,0,4,13.460421562194824,11.029024124145508,2.4313974380493164,8,0,2.3175582885742188,"[2100.0, 2400.0)","[2.0, 4.0)"
20260202_144352_beam1,20260202_144352,train,1,2100.0,-2.92,69,80,data/raw/IQ_Data/20260202_144352_beam1.mat,64,26,-16,-43,64.75150299072266,80,65,0,-4,0,4,21.11959457397461,19.49431610107422,1.6252784729003906,64,24,-16,-45,62.075477600097656,80,70,0,1,0,1,15.822104454040527,13.823476791381836,1.9986276626586914,-5,0,5.297490119934082,"[2100.0, 2400.0)","[-4.0, -2.0)"
20260202_144352_beam2,20260202_144352,train,2,2100.0,-2.74,69,79,data/raw/IQ_Data/20260202_144352_beam2.mat,64,26,-15,-43,62.75494384765625,80,65,1,-4,1,4,27.101287841796875,22.865171432495117,4.236116409301758,64,8,-15,-61,61.79703140258789,80,73,1,4,1,4,22.410369873046875,18.600000381469727,3.8103694915771484,-8,0,4.69091796875,"[2100.0, 2400.0)","[-4.0, -2.0)"
20260202_144352_beam3,20260202_144352,train,3,2100.0,-2.92,69,80,data/raw/IQ_Data/20260202_144352_beam3.mat,64,8,-16,-61,61.20649719238281,80,65,0,-4,0,4,27.23189353942871,26.795028686523438,0.43686485290527344,64,24,-16,-45,62.61831283569336,80,65,0,-4,0,4,22.701725006103516,21.168121337890625,1.5336036682128906,0,0,4.530168533325195,"[2100.0, 2400.0)","[-4.0, -2.0)"
20260202_144352_beam4,20260202_144352,train,4,2070.0,-2.92,68,80,data/raw/IQ_Data/20260202_144352_beam4.mat,64,8,-16,-60,61.911590576171875,80,65,0,-3,0,3,21.457210540771484,20.66407012939453,0.7931404113769531,64,36,-16,-32,62.15804672241211,80,65,0,-3,0,3,17.176820755004883,13.727145195007324,3.4496755599975586,0,0,4.280389785766602,"[1800.0, 2100.0)","[-4.0, -2.0)"
20260202_144352_beam5,20260202_144352,train,5,2100.0,-2.92,69,80,data/raw/IQ_Data/20260202_144352_beam5.mat,64,8,-16,-61,54.834285736083984,80,65,0,-4,0,4,12.181074142456055,11.347580909729004,0.8334932327270508,64,36,-16,-33,57.23467254638672,80,66,0,-3,0,3,9.490090370178223,4.385292053222656,5.104798316955566,-1,0,2.690983772277832,"[2100.0, 2400.0)","[-4.0, -2.0)"
20260202_144417_beam1,20260202_144417,train,1,2040.0,-3.29,67,82,data/raw/IQ_Data/20260202_144417_beam1.mat,64,8,-18,-59,60.36142349243164,82,62,0,-5,0,5,13.977118492126465,13.151679039001465,0.825439453125,64,8,-18,-59,59.88491439819336,82,69,0,2,0,2,21.075115203857422,20.644683837890625,0.4304313659667969,-7,0,-7.097996711730957,"[1800.0, 2100.0)","[-4.0, -2.0)"
20260202_144417_beam2,20260202_144417,train,2,2010.0,-3.47,66,83,data/raw/IQ_Data/20260202_144417_beam2.mat,64,8,-19,-58,60.78184127807617,82,65,-1,-1,1,1,21.17191505432129,18.764324188232422,2.407590866088867,64,8,-19,-58,61.7991828918457,82,69,-1,3,1,3,28.801132202148438,26.517799377441406,2.2833328247070312,-4,0,-7.629217147827148,"[1800.0, 2100.0)","[-4.0, -2.0)"
20260202_144417_beam3,20260202_144417,train,3,2040.0,-3.47,67,83,data/raw/IQ_Data/20260202_144417_beam3.mat,64,8,-19,-59,61.206695556640625,82,68,-1,1,1,1,22.894451141357422,20.50229835510254,2.392152786254883,64,8,-19,-59,61.07902526855469,82,69,-1,2,1,2,30.450904846191406,28.193052291870117,2.257852554321289,-1,0,-7.556453704833984,"[1800.0, 2100.0)","[-4.0, -2.0)"
20260202_144417_beam4,20260202_144417,train,4,2010.0,-3.29,66,82,data/raw/IQ_Data/20260202_144417_beam4.mat,64,8,-18,-58,61.911094665527344,82,68,0,2,0,2,18.821205139160156,18.438011169433594,0.3831939697265625,64,8,-18,-58,61.184200286865234,82,68,0,2,0,2,26.33723258972168,25.780250549316406,0.5569820404052734,0,0,-7.516027450561523,"[1800.0, 2100.0)","[-4.0, -2.0)"
20260202_144417_beam5,20260202_144417,train,5,2010.0,-3.29,66,82,data/raw/IQ_Data/20260202_144417_beam5.mat,64,8,-18,-58,54.83016586303711,82,69,0,3,0,3,11.481328010559082,11.407588958740234,0.07373905181884766,64,8,-18,-58,55.608821868896484,82,68,0,2,0,2,18.151851654052734,17.268169403076172,0.8836822509765625,1,0,-6.670523643493652,"[1800.0, 2100.0)","[-4.0, -2.0)"
20260202_144425_beam1,20260202_144425,val,1,1980.0,-3.47,65,83,data/raw/IQ_Data/20260202_144425_beam1.mat,64,26,-19,-39,61.20426559448242,83,61,0,-4,0,4,13.928890228271484,11.673561096191406,2.255329132080078,64,24,-19,-41,62.34217834472656,83,66,0,1,0,1,20.04541015625,19.47612762451172,0.5692825317382812,-5,0,-6.116519927978516,"[1800.0, 2100.0)","[-4.0, -2.0)"
20260202_144425_beam2,20260202_144425,val,2,1980.0,-3.47,65,83,data/raw/IQ_Data/20260202_144425_beam2.mat,64,8,-19,-57,60.77960968017578,83,63,0,-2,0,2,21.851646423339844,21.307533264160156,0.5441131591796875,64,24,-19,-41,62.07978057861328,83,61,0,-4,0,4,28.922245025634766,28.418750762939453,0.5034942626953125,2,0,-7.070598602294922,"[1800.0, 2100.0)","[-4.0, -2.0)"
20260202_144425_beam3,20260202_144425,val,3,2010.0,-3.47,66,83,data/raw/IQ_Data/20260202_144425_beam3.mat,64,24,-19,-42,61.79115295410156,83,63,0,-3,0,3,24.2479248046875,23.585691452026367,0.6622333526611328,64,24,-19,-42,62.049861907958984,83,61,0,-5,0,5,31.687923431396484,31.24905776977539,0.43886566162109375,2,0,-7.439998626708984,"[1800.0, 2100.0)","[-4.0, -2.0)"
20260202_144425_beam4,20260202_144425,val,4,1980.0,-3.47,65,83,data/raw/IQ_Data/20260202_144425_beam4.mat,64,8,-19,-57,61.90930938720703,83,63,0,-2,0,2,20.864927291870117,20.7998046875,0.06512260437011719,64,8,-19,-57,61.183860778808594,83,61,0,-4,0,4,28.37560272216797,27.65760040283203,0.7180023193359375,2,0,-7.510675430297852,"[1800.0, 2100.0)","[-4.0, -2.0)"
20260202_144425_beam5,20260202_144425,val,5,2010.0,-3.47,66,83,data/raw/IQ_Data/20260202_144425_beam5.mat,64,8,-19,-58,54.830116271972656,83,62,0,-4,0,4,12.897512435913086,11.312507629394531,1.5850048065185547,64,8,-19,-58,55.60918426513672,83,61,0,-5,0,5,18.967554092407227,17.991188049316406,0.9763660430908203,1,0,-6.070041656494141,"[1800.0, 2100.0)","[-4.0, -2.0)"
20260202_144433_beam1,20260202_144433,test,1,1950.0,-4.2,64,87,data/raw/IQ_Data/20260202_144433_beam1.mat,64,8,-23,-56,60.357948303222656,87,66,0,2,0,2,16.74251365661621,15.626002311706543,1.116511344909668,64,8,-23,-56,59.88215637207031,87,66,0,2,0,2,21.30523681640625,19.97758674621582,1.3276500701904297,0,0,-4.562723159790039,"[1800.0, 2100.0)","[-6.0, -4.0)"
20260202_144433_beam2,20260202_144433,test,2,1950.0,-4.2,64,87,data/raw/IQ_Data/20260202_144433_beam2.mat,64,8,-23,-56,60.779396057128906,87,60,0,-4,0,4,25.02427101135254,24.311420440673828,0.7128505706787109,64,8,-23,-56,61.79743957519531,87,60,0,-4,0,4,30.94736099243164,30.157379150390625,0.7899818420410156,0,0,-5.923089981079102,"[1800.0, 2100.0)","[-6.0, -4.0)"
20260202_144433_beam3,20260202_144433,test,3,1950.0,-4.2,64,87,data/raw/IQ_Data/20260202_144433_beam3.mat,64,8,-23,-56,61.20428466796875,87,60,0,-4,0,4,28.362207412719727,27.56717872619629,0.7950286865234375,64,8,-23,-56,61.07802963256836,87,60,0,-4,0,4,34.241676330566406,33.73894119262695,0.5027351379394531,0,0,-5.87946891784668,"[1800.0, 2100.0)","[-6.0, -4.0)"
20260202_144433_beam4,20260202_144433,test,4,1950.0,-4.2,64,87,data/raw/IQ_Data/20260202_144433_beam4.mat,64,8,-23,-56,61.910308837890625,87,60,0,-4,0,4,25.998384475708008,24.93402671813965,1.0643577575683594,64,8,-23,-56,61.186195373535156,87,60,0,-4,0,4,31.398365020751953,31.14801788330078,0.2503471374511719,0,0,-5.399980545043945,"[1800.0, 2100.0)","[-6.0, -4.0)"
20260202_144433_beam5,20260202_144433,test,5,1950.0,-4.2,64,87,data/raw/IQ_Data/20260202_144433_beam5.mat,64,8,-23,-56,54.82784652709961,87,64,0,0,0,0,19.36060333251953,19.36060333251953,0.0,64,8,-23,-56,55.60850143432617,87,62,0,-2,0,2,23.63633918762207,23.49968719482422,0.13665199279785156,2,0,-4.275735855102539,"[1800.0, 2100.0)","[-6.0, -4.0)"
20260202_144458_beam1,20260202_144458,test,1,2010.0,5.66,66,33,data/raw/IQ_Data/20260202_144458_beam1.mat,64,8,31,-58,60.35843276977539,33,70,0,4,0,4,20.03853988647461,19.13355255126953,0.9049873352050781,64,8,31,-58,59.88260269165039,33,70,0,4,0,4,20.122888565063477,19.990415573120117,0.13247299194335938,0,0,-0.08434867858886719,"[1800.0, 2100.0)","[4.0, 6.0)"
20260202_144458_beam2,20260202_144458,test,2,2010.0,5.66,66,33,data/raw/IQ_Data/20260202_144458_beam2.mat,64,8,31,-58,60.78264236450195,33,70,0,4,0,4,28.17888641357422,27.464323043823242,0.7145633697509766,64,8,31,-58,61.79973602294922,33,70,0,4,0,4,28.687477111816406,28.229162216186523,0.4583148956298828,0,0,-0.5085906982421875,"[1800.0, 2100.0)","[4.0, 6.0)"
20260202_144458_beam3,20260202_144458,test,3,1980.0,5.66,65,33,data/raw/IQ_Data/20260202_144458_beam3.mat,64,8,31,-57,61.206878662109375,33,70,0,5,0,5,30.339319229125977,29.802762985229492,0.5365562438964844,64,8,31,-57,61.078941345214844,33,70,0,5,0,5,31.0098876953125,30.31903076171875,0.69085693359375,0,0,-0.6705684661865234,"[1800.0, 2100.0)","[4.0, 6.0)"
20260202_144458_beam4,20260202_144458,test,4,2010.0,5.66,66,33,data/raw/IQ_Data/20260202_144458_beam4.mat,64,8,31,-58,61.911033630371094,33,62,0,-4,0,4,26.489240646362305,26.203983306884766,0.28525733947753906,64,8,31,-58,61.185523986816406,33,70,0,4,0,4,27.248546600341797,26.865509033203125,0.3830375671386719,-8,0,-0.7593059539794922,"[1800.0, 2100.0)","[4.0, 6.0)"
20260202_144458_beam5,20260202_144458,test,5,1980.0,5.66,65,33,data/raw/IQ_Data/20260202_144458_beam5.mat,64,8,31,-57,54.830833435058594,33,66,0,1,0,1,17.475902557373047,16.077045440673828,1.3988571166992188,64,8,31,-57,55.609737396240234,33,66,0,1,0,1,17.966655731201172,17.67437171936035,0.2922840118408203,0,0,-0.490753173828125,"[1800.0, 2100.0)","[4.0, 6.0)"
20260202_144506_beam1,20260202_144506,test,1,2070.0,4.75,68,38,data/raw/IQ_Data/20260202_144506_beam1.mat,64,8,26,-60,60.35824203491211,38,66,0,-2,0,2,19.846559524536133,19.433061599731445,0.4134979248046875,64,8,26,-60,59.884281158447266,38,70,0,2,0,2,16.88959312438965,15.47342300415039,1.4161701202392578,-4,0,2.9569664001464844,"[1800.0, 2100.0)","[4.0, 6.0)"
20260202_144506_beam2,20260202_144506,test,2,2040.0,4.75,67,38,data/raw/IQ_Data/20260202_144506_beam2.mat,64,8,26,-59,60.78143310546875,38,63,0,-4,0,4,27.223825454711914,26.90558624267578,0.3182392120361328,64,8,26,-59,61.798675537109375,38,63,0,-4,0,4,23.94735336303711,22.765398025512695,1.181955337524414,0,0,3.2764720916748047,"[1800.0, 2100.0)","[4.0, 6.0)"
20260202_144506_beam3,20260202_144506,test,3,2070.0,4.75,68,38,data/raw/IQ_Data/20260202_144506_beam3.mat,64,8,26,-60,61.20753860473633,38,69,0,1,0,1,27.030237197875977,26.664140701293945,0.36609649658203125,64,8,26,-60,61.07929992675781,38,67,0,-1,0,1,21.70861053466797,20.60980224609375,1.0988082885742188,2,0,5.321626663208008,"[1800.0, 2100.0)","[4.0, 6.0)"
20260202_144506_beam4,20260202_144506,test,4,2070.0,4.75,68,38,data/raw/IQ_Data/20260202_144506_beam4.mat,64,8,26,-60,61.91023254394531,38,69,0,1,0,1,22.380840301513672,21.971567153930664,0.4092731475830078,64,8,26,-60,61.18332290649414,38,69,0,1,0,1,17.243263244628906,16.053882598876953,1.1893806457519531,0,0,5.137577056884766,"[1800.0, 2100.0)","[4.0, 6.0)"
20260202_144506_beam5,20260202_144506,test,5,2040.0,4.75,67,38,data/raw/IQ_Data/20260202_144506_beam5.mat,64,8,26,-59,54.828460693359375,38,70,0,3,0,3,14.05478286743164,12.301325798034668,1.7534570693969727,64,8,26,-59,55.60503005981445,38,69,0,2,0,2,11.126611709594727,8.70368766784668,2.422924041748047,1,0,2.928171157836914,"[1800.0, 2100.0)","[4.0, 6.0)"
20260202_144515_beam1,20260202_144515,train,1,2070.0,5.3,68,35,data/raw/IQ_Data/20260202_144515_beam1.mat,64,8,29,-60,60.356449127197266,35,73,0,5,0,5,25.8634090423584,25.311199188232422,0.5522098541259766,64,8,29,-60,59.88247299194336,35,73,0,5,0,5,26.957035064697266,26.031370162963867,0.9256649017333984,0,0,-1.0936260223388672,"[1800.0, 2100.0)","[4.0, 6.0)"
20260202_144515_beam2,20260202_144515,train,2,2070.0,5.3,68,35,data/raw/IQ_Data/20260202_144515_beam2.mat,64,8,29,-60,60.77978515625,35,73,0,5,0,5,28.941564559936523,28.357141494750977,0.5844230651855469,64,8,29,-60,61.798423767089844,35,73,0,5,0,5,29.308422088623047,28.704345703125,0.6040763854980469,0,0,-0.36685752868652344,"[1800.0, 2100.0)","[4.0, 6.0)"
20260202_144515_beam3,20260202_144515,train,3,2100.0,5.3,69,35,data/raw/IQ_Data/20260202_144515_beam3.mat,64,8,29,-61,61.20437240600586,35,73,0,4,0,4,32.19597625732422,31.57683563232422,0.619140625,64,8,29,-61,61.075927734375,35,73,0,4,0,4,33.48535919189453,32.58742141723633,0.8979377746582031,0,0,-1.2893829345703125,"[2100.0, 2400.0)","[4.0, 6.0)"
20260202_144515_beam4,20260202_144515,train,4,2100.0,5.3,69,35,data/raw/IQ_Data/20260202_144515_beam4.mat,64,8,29,-61,61.90945053100586,35,65,0,-4,0,4,26.363279342651367,25.35865592956543,1.0046234130859375,64,8,29,-61,61.18370819091797,35,73,0,4,0,4,27.51160430908203,26.271455764770508,1.2401485443115234,-8,0,-1.148324966430664,"[2100.0, 2400.0)","[4.0, 6.0)"
20260202_144515_beam5,20260202_144515,train,5,2070.0,5.3,68,35,data/raw/IQ_Data/20260202_144515_beam5.mat,64,8,29,-60,54.82881546020508,35,67,0,-1,0,1,16.387243270874023,14.82962703704834,1.5576162338256836,64,8,29,-60,55.60797119140625,35,71,0,3,0,3,16.97612953186035,16.07771110534668,0.8984184265136719,-4,0,-0.5888862609863281,"[1800.0, 2100.0)","[4.0, 6.0)"
20260202_144523_beam1,20260202_144523,train,1,2130.0,5.12,70,36,data/raw/IQ_Data/20260202_144523_beam1.mat,64,8,28,-62,60.357913970947266,36,66,0,-4,0,4,31.234018325805664,30.56438446044922,0.6696338653564453,64,8,28,-62,59.88114929199219,36,66,0,-4,0,4,20.859928131103516,19.930532455444336,0.9293956756591797,0,0,10.374090194702148,"[2100.0, 2400.0)","[4.0, 6.0)"
20260202_144523_beam2,20260202_144523,train,2,2130.0,5.12,70,36,data/raw/IQ_Data/20260202_144523_beam2.mat,64,8,28,-62,60.78314971923828,36,66,0,-4,0,4,36.40904235839844,35.784305572509766,0.6247367858886719,64,8,28,-62,61.79975128173828,36,66,0,-4,0,4,26.000778198242188,24.894859313964844,1.1059188842773438,0,0,10.40826416015625,"[2100.0, 2400.0)","[4.0, 6.0)"
20260202_144523_beam3,20260202_144523,train,3,2100.0,5.12,69,36,data/raw/IQ_Data/20260202_144523_beam3.mat,64,8,28,-61,61.20465087890625,36,66,0,-3,0,3,35.473243713378906,34.848724365234375,0.6245193481445312,64,8,28,-61,61.07777404785156,36,66,0,-3,0,3,24.983091354370117,24.03075408935547,0.9523372650146484,0,0,10.490152359008789,"[2100.0, 2400.0)","[4.0, 6.0)"
20260202_144523_beam4,20260202_144523,train,4,2130.0,5.12,70,36,data/raw/IQ_Data/20260202_144523_beam4.mat,64,8,28,-62,61.90945053100586,36,66,0,-4,0,4,28.45946502685547,27.880876541137695,0.5785884857177734,64,8,28,-62,61.18498992919922,36,66,0,-4,0,4,17.925737380981445,16.716949462890625,1.2087879180908203,0,0,10.533727645874023,"[2100.0, 2400.0)","[4.0, 6.0)"
20260202_144523_beam5,20260202_144523,train,5,2130.0,5.12,70,36,data/raw/IQ_Data/20260202_144523_beam5.mat,64,8,28,-62,54.83154296875,36,66,0,-4,0,4,17.79180335998535,16.92329216003418,0.8685111999511719,64,8,28,-62,55.609954833984375,36,72,0,2,0,2,8.394758224487305,7.792989730834961,0.6017684936523438,-6,0,9.397045135498047,"[2100.0, 2400.0)","[4.0, 6.0)"
20260202_144539_beam1,20260202_144539,train,1,2190.0,3.29,72,46,data/raw/IQ_Data/20260202_144539_beam1.mat,64,8,18,-64,60.356849670410156,46,68,0,-4,0,4,19.55110740661621,18.883596420288086,0.667510986328125,64,8,18,-64,59.882774353027344,47,75,1,3,1,3,12.953930854797363,12.395004272460938,0.5589265823364258,-7,-1,6.597176551818848,"[2100.0, 2400.0)","[2.0, 4.0)"
20260202_144539_beam2,20260202_144539,train,2,2190.0,3.11,72,47,data/raw/IQ_Data/20260202_144539_beam2.mat,64,8,17,-64,60.7805061340332,46,68,-1,-4,1,4,23.32607078552246,22.208477020263672,1.117593765258789,64,8,17,-64,61.799407958984375,46,73,-1,1,1,1,16.438215255737305,14.436500549316406,2.0017147064208984,-5,0,6.887855529785156,"[2100.0, 2400.0)","[2.0, 4.0)"
20260202_144539_beam3,20260202_144539,train,3,2190.0,3.29,72,46,data/raw/IQ_Data/20260202_144539_beam3.mat,64,8,18,-64,61.20443344116211,46,74,0,2,0,2,21.049768447875977,20.8786563873291,0.171112060546875,64,8,18,-64,61.07814025878906,46,73,0,1,0,1,14.273441314697266,11.150630950927734,3.1228103637695312,1,0,6.776327133178711,"[2100.0, 2400.0)","[2.0, 4.0)"
20260202_144539_beam4,20260202_144539,train,4,2190.0,3.29,72,46,data/raw/IQ_Data/20260202_144539_beam4.mat,64,8,18,-64,61.90925598144531,46,74,0,2,0,2,13.811968803405762,12.099141120910645,1.7128276824951172,64,8,18,-64,61.183349609375,46,77,0,5,0,5,7.727930068969727,-0.4151584208011627,8.14308848977089,-3,0,6.084038734436035,"[2100.0, 2400.0)","[2.0, 4.0)"
20260202_144548_beam1,20260202_144548,train,1,2220.0,2.38,73,51,data/raw/IQ_Data/20260202_144548_beam1.mat,64,26,13,-47,62.78213882446289,51,69,0,-4,0,4,24.593503952026367,23.59560775756836,0.9978961944580078,64,24,13,-49,62.39892578125,51,69,0,-4,0,4,28.27794647216797,27.378652572631836,0.8992938995361328,0,0,-3.6844425201416016,"[2100.0, 2400.0)","[2.0, 4.0)"
20260202_144548_beam2,20260202_144548,train,2,2220.0,2.38,73,51,data/raw/IQ_Data/20260202_144548_beam2.mat,64,8,13,-65,60.783390045166016,51,69,0,-4,0,4,27.735836029052734,27.135791778564453,0.6000442504882812,64,8,13,-65,61.801334381103516,51,69,0,-4,0,4,31.659772872924805,30.895675659179688,0.7640972137451172,0,0,-3.9239368438720703,"[2100.0, 2400.0)","[2.0, 4.0)"
20260202_144548_beam3,20260202_144548,train,3,2220.0,2.38,73,51,data/raw/IQ_Data/20260202_144548_beam3.mat,64,24,13,-49,61.50154495239258,51,69,0,-4,0,4,24.859590530395508,24.558860778808594,0.30072975158691406,64,24,13,-49,61.46687316894531,51,69,0,-4,0,4,28.958114624023438,28.216066360473633,0.7420482635498047,0,0,-4.09852409362793,"[2100.0, 2400.0)","[2.0, 4.0)"
20260202_144548_beam4,20260202_144548,train,4,2220.0,2.38,73,51,data/raw/IQ_Data/20260202_144548_beam4.mat,64,8,13,-65,61.908409118652344,51,75,0,2,0,2,16.07390594482422,15.857105255126953,0.21680068969726562,64,24,13,-49,61.27549743652344,51,70,0,-3,0,3,20.444435119628906,19.508527755737305,0.9359073638916016,5,0,-4.3705291748046875,"[2100.0, 2400.0)","[2.0, 4.0)"
20260202_144556_beam1,20260202_144556,val,1,2250.0,-1.64,74,73,data/raw/IQ_Data/20260202_144556_beam1.mat,64,26,-9,-48,63.746891021728516,73,70,0,-4,0,4,23.773025512695312,23.2741641998291,0.49886131286621094,64,24,-9,-50,60.560462951660156,73,69,0,-5,0,5,24.01694107055664,22.945812225341797,1.0711288452148438,1,0,-0.24391555786132812,"[2100.0, 2400.0)","[-2.0, 0.0)"
20260202_144556_beam2,20260202_144556,val,2,2220.0,-1.64,73,73,data/raw/IQ_Data/20260202_144556_beam2.mat,64,8,-9,-65,60.7823600769043,73,70,0,-3,0,3,21.402652740478516,21.311931610107422,0.09072113037109375,64,8,-9,-65,61.80087661743164,73,71,0,-2,0,2,23.82781219482422,23.541702270507812,0.28610992431640625,-1,0,-2.425159454345703,"[2100.0, 2400.0)","[-2.0, 0.0)"
20260202_144556_beam3,20260202_144556,val,3,2220.0,-1.64,73,73,data/raw/IQ_Data/20260202_144556_beam3.mat,64,8,-9,-65,61.20684814453125,73,73,0,0,0,0,18.3524227142334,18.3524227142334,0.0,64,8,-9,-65,61.079734802246094,73,71,0,-2,0,2,21.093669891357422,20.56401252746582,0.5296573638916016,2,0,-2.7412471771240234,"[2100.0, 2400.0)","[-2.0, 0.0)"
20260202_144604_beam1,20260202_144604,train,1,2190.0,-4.02,72,86,data/raw/IQ_Data/20260202_144604_beam1.mat,64,26,-22,-46,63.634498596191406,87,75,1,3,1,3,24.302104949951172,21.704423904418945,2.5976810455322266,64,8,-22,-64,59.8818244934082,87,74,1,2,1,2,15.088311195373535,12.264485359191895,2.8238258361816406,1,0,9.213793754577637,"[2100.0, 2400.0)","[-6.0, -4.0)"
20260202_144604_beam2,20260202_144604,train,2,2190.0,-4.2,72,87,data/raw/IQ_Data/20260202_144604_beam2.mat,64,8,-23,-64,60.781253814697266,87,77,0,5,0,5,27.72222137451172,27.397491455078125,0.32472991943359375,64,8,-23,-64,61.7997932434082,87,77,0,5,0,5,26.412572860717773,26.360750198364258,0.051822662353515625,0,0,1.3096485137939453,"[2100.0, 2400.0)","[-6.0, -4.0)"
20260202_144604_beam3,20260202_144604,train,3,2220.0,-4.2,73,87,data/raw/IQ_Data/20260202_144604_beam3.mat,64,8,-23,-65,61.20602035522461,87,77,0,4,0,4,25.507333755493164,24.803525924682617,0.7038078308105469,64,8,-23,-65,61.077125549316406,87,70,0,-3,0,3,24.19208335876465,23.99864959716797,0.1934337615966797,7,0,1.3152503967285156,"[2100.0, 2400.0)","[-6.0, -4.0)"
20260202_144604_beam4,20260202_144604,train,4,2190.0,-4.2,72,87,data/raw/IQ_Data/20260202_144604_beam4.mat,64,8,-23,-64,61.90941619873047,87,74,0,2,0,2,17.715473175048828,16.985118865966797,0.7303543090820312,64,8,-23,-64,61.181983947753906,87,75,0,3,0,3,16.469310760498047,15.689414978027344,0.7798957824707031,-1,0,1.2461624145507812,"[2100.0, 2400.0)","[-6.0, -4.0)"
20260202_144613_beam1,20260202_144613,train,1,2160.0,-5.66,71,95,data/raw/IQ_Data/20260202_144613_beam1.mat,64,26,-31,-45,63.015380859375,95,73,0,2,0,2,24.72418975830078,24.043766021728516,0.6804237365722656,64,8,-31,-63,59.88166427612305,95,67,0,-4,0,4,26.165159225463867,25.5264949798584,0.6386642456054688,6,0,-1.440969467163086,"[2100.0, 2400.0)","[-6.0, -4.0)"
20260202_144613_beam2,20260202_144613,train,2,2160.0,-5.66,71,95,data/raw/IQ_Data/20260202_144613_beam2.mat,64,26,-31,-45,61.286338806152344,95,67,0,-4,0,4,29.2481689453125,28.730018615722656,0.5181503295898438,64,8,-31,-63,61.799102783203125,95,67,0,-4,0,4,30.372802734375,29.949825286865234,0.4229774475097656,0,0,-1.1246337890625,"[2100.0, 2400.0)","[-6.0, -4.0)"
20260202_144613_beam3,20260202_144613,train,3,2160.0,-5.66,71,95,data/raw/IQ_Data/20260202_144613_beam3.mat,64,8,-31,-63,61.20326232910156,95,67,0,-4,0,4,27.423904418945312,27.13188934326172,0.29201507568359375,64,8,-31,-63,61.07583999633789,95,67,0,-4,0,4,28.452415466308594,28.229820251464844,0.22259521484375,0,0,-1.0285110473632812,"[2100.0, 2400.0)","[-6.0, -4.0)"
20260202_144613_beam4,20260202_144613,train,4,2160.0,-5.66,71,95,data/raw/IQ_Data/20260202_144613_beam4.mat,64,8,-31,-63,61.906829833984375,95,74,0,3,0,3,18.957088470458984,18.853532791137695,0.10355567932128906,64,8,-31,-63,61.1827507019043,95,72,0,1,0,1,19.98100471496582,19.802867889404297,0.17813682556152344,2,0,-1.023916244506836,"[2100.0, 2400.0)","[-6.0, -4.0)"
20260202_144629_beam1,20260202_144629,val,1,2400.0,-6.76,79,101,data/raw/IQ_Data/20260202_144629_beam1.mat,64,26,-37,-53,64.47366333007812,101,80,0,1,0,1,20.241451263427734,18.973342895507812,1.2681083679199219,64,26,-37,-53,60.27542495727539,101,78,0,-1,0,1,18.102705001831055,17.888643264770508,0.21406173706054688,2,0,2.1387462615966797,"[2400.0, 2700.0)","[-8.0, -6.0)"
20260202_144629_beam2,20260202_144629,val,2,2400.0,-6.76,79,101,data/raw/IQ_Data/20260202_144629_beam2.mat,64,26,-37,-53,62.436729431152344,101,77,0,-2,0,2,22.50718879699707,22.230636596679688,0.2765522003173828,64,8,-37,-71,61.79893112182617,101,80,0,1,0,1,21.6635684967041,21.405353546142578,0.25821495056152344,-3,0,0.8436203002929688,"[2400.0, 2700.0)","[-8.0, -6.0)"
20260202_144629_beam3,20260202_144629,val,3,2400.0,-6.76,79,101,data/raw/IQ_Data/20260202_144629_beam3.mat,64,8,-37,-71,61.20237350463867,101,80,0,1,0,1,22.238937377929688,22.1744327545166,0.06450462341308594,64,8,-37,-71,61.077293395996094,101,81,0,2,0,2,18.054622650146484,15.346583366394043,2.7080392837524414,-1,0,4.184314727783203,"[2400.0, 2700.0)","[-8.0, -6.0)"
20260202_144629_beam4,20260202_144629,val,4,2400.0,-6.76,79,101,data/raw/IQ_Data/20260202_144629_beam4.mat,64,8,-37,-71,61.90675735473633,101,78,0,-1,0,1,14.027193069458008,13.05677318572998,0.9704198837280273,64,36,-37,-43,61.89186096191406,101,79,0,0,0,0,15.115799903869629,15.115799903869629,0.0,-1,0,-1.088606834411621,"[2400.0, 2700.0)","[-8.0, -6.0)"
20260202_144637_beam1,20260202_144637,train,1,2130.0,-1.28,70,71,data/raw/IQ_Data/20260202_144637_beam1.mat,64,8,-7,-62,60.357093811035156,70,71,-1,1,1,1,16.678913116455078,14.975958824157715,1.7029542922973633,64,8,-7,-62,59.885135650634766,70,69,-1,-1,1,1,12.410019874572754,12.017497062683105,0.39252281188964844,2,0,4.268893241882324,"[2100.0, 2400.0)","[-2.0, 0.0)"
20260202_144637_beam2,20260202_144637,train,2,2130.0,-1.1,70,70,data/raw/IQ_Data/20260202_144637_beam2.mat,64,8,-6,-62,60.783939361572266,70,77,0,7,0,7,20.076818466186523,18.919307708740234,1.157510757446289,64,8,-6,-62,61.80133056640625,70,69,0,-1,0,1,16.086130142211914,13.822954177856445,2.2631759643554688,8,0,3.9906883239746094,"[2100.0, 2400.0)","[-2.0, 0.0)"
20260202_144637_beam3,20260202_144637,train,3,2130.0,-1.1,70,70,data/raw/IQ_Data/20260202_144637_beam3.mat,64,8,-6,-62,61.20643997192383,70,77,0,7,0,7,19.012691497802734,17.461305618286133,1.5513858795166016,64,8,-6,-62,61.08083724975586,71,77,1,7,1,7,16.64094352722168,14.080572128295898,2.5603713989257812,0,-1,2.3717479705810547,"[2100.0, 2400.0)","[-2.0, 0.0)"
20260202_144637_beam4,20260202_144637,train,4,2100.0,-1.28,69,71,data/raw/IQ_Data/20260202_144637_beam4.mat,64,8,-7,-61,61.90960693359375,70,77,-1,8,1,8,12.803974151611328,9.335554122924805,3.4684200286865234,64,8,-7,-61,61.18487548828125,71,77,0,8,0,8,10.629051208496094,10.44839096069336,0.18066024780273438,0,-1,2.1749229431152344,"[2100.0, 2400.0)","[-2.0, 0.0)"
20260202_144645_beam1,20260202_144645,train,1,2040.0,2.01,67,53,data/raw/IQ_Data/20260202_144645_beam1.mat,64,8,11,-59,60.35908508300781,53,64,0,-3,0,3,21.428668975830078,21.398624420166016,0.0300445556640625,64,8,11,-59,59.885215759277344,53,72,0,5,0,5,24.474470138549805,23.557132720947266,0.9173374176025391,-8,0,-3.0458011627197266,"[1800.0, 2100.0)","[2.0, 4.0)"
20260202_144645_beam2,20260202_144645,train,2,2070.0,2.01,68,53,data/raw/IQ_Data/20260202_144645_beam2.mat,64,8,11,-60,60.78125,53,72,0,4,0,4,28.024944305419922,27.600093841552734,0.4248504638671875,64,8,11,-60,61.80126953125,53,72,0,4,0,4,31.258447647094727,30.571517944335938,0.6869297027587891,0,0,-3.2335033416748047,"[1800.0, 2100.0)","[2.0, 4.0)"
20260202_144645_beam3,20260202_144645,train,3,2070.0,2.01,68,53,data/raw/IQ_Data/20260202_144645_beam3.mat,64,8,11,-60,61.20396423339844,53,72,0,4,0,4,28.761615753173828,28.180339813232422,0.5812759399414062,64,8,11,-60,61.07782745361328,53,72,0,4,0,4,31.945831298828125,31.292606353759766,0.6532249450683594,0,0,-3.184215545654297,"[1800.0, 2100.0)","[2.0, 4.0)"
20260202_144645_beam4,20260202_144645,train,4,2040.0,2.01,67,53,data/raw/IQ_Data/20260202_144645_beam4.mat,64,8,11,-59,61.90813064575195,53,64,0,-3,0,3,23.388839721679688,22.935440063476562,0.453399658203125,64,8,11,-59,61.181602478027344,53,64,0,-3,0,3,26.75135040283203,26.030179977416992,0.7211704254150391,0,0,-3.3625106811523438,"[1800.0, 2100.0)","[2.0, 4.0)"
20260202_144710_beam1,20260202_144710,train,1,2160.0,4.2,71,41,data/raw/IQ_Data/20260202_144710_beam1.mat,64,8,23,-63,60.35712814331055,41,67,0,-4,0,4,24.718345642089844,23.57266616821289,1.1456794738769531,64,8,23,-63,59.884456634521484,41,67,0,-4,0,4,28.315237045288086,27.732322692871094,0.5829143524169922,0,0,-3.596891403198242,"[2100.0, 2400.0)","[4.0, 6.0)"
20260202_144710_beam2,20260202_144710,train,2,2160.0,4.2,71,41,data/raw/IQ_Data/20260202_144710_beam2.mat,64,8,23,-63,60.78093719482422,41,67,0,-4,0,4,29.08573341369629,28.17022132873535,0.9155120849609375,64,8,23,-63,61.80060577392578,41,67,0,-4,0,4,32.8784065246582,32.09882736206055,0.7795791625976562,0,0,-3.792673110961914,"[2100.0, 2400.0)","[4.0, 6.0)"
20260202_144710_beam3,20260202_144710,train,3,2160.0,4.2,71,41,data/raw/IQ_Data/20260202_144710_beam3.mat,64,8,23,-63,61.204166412353516,41,67,0,-4,0,4,27.614831924438477,26.700048446655273,0.9147834777832031,64,8,23,-63,61.07777404785156,41,67,0,-4,0,4,31.365718841552734,30.528810501098633,0.8369083404541016,0,0,-3.750886917114258,"[2100.0, 2400.0)","[4.0, 6.0)"
20260202_144710_beam4,20260202_144710,train,4,2130.0,4.2,70,41,data/raw/IQ_Data/20260202_144710_beam4.mat,64,8,23,-62,61.90892028808594,41,72,0,2,0,2,20.164060592651367,19.594017028808594,0.5700435638427734,64,8,23,-62,61.182254791259766,41,67,0,-3,0,3,23.918169021606445,23.18619155883789,0.7319774627685547,5,0,-3.754108428955078,"[2100.0, 2400.0)","[4.0, 6.0)"
20260202_144718_beam1,20260202_144718,train,1,2190.0,3.47,72,45,data/raw/IQ_Data/20260202_144718_beam1.mat,64,8,19,-64,60.358882904052734,45,68,0,-4,0,4,27.17633056640625,26.66736602783203,0.5089645385742188,64,8,19,-64,59.88490676879883,45,76,0,4,0,4,22.41024398803711,21.833600997924805,0.5766429901123047,-8,0,4.766086578369141,"[2100.0, 2400.0)","[2.0, 4.0)"
20260202_144718_beam2,20260202_144718,train,2,2190.0,3.47,72,45,data/raw/IQ_Data/20260202_144718_beam2.mat,64,8,19,-64,60.78462219238281,45,68,0,-4,0,4,30.781192779541016,30.210676193237305,0.5705165863037109,64,8,19,-64,61.801513671875,45,76,0,4,0,4,26.13130760192871,25.81987190246582,0.3114356994628906,-8,0,4.649885177612305,"[2100.0, 2400.0)","[2.0, 4.0)"
20260202_144718_beam3,20260202_144718,train,3,2190.0,3.47,72,45,data/raw/IQ_Data/20260202_144718_beam3.mat,64,8,19,-64,61.205631256103516,45,68,0,-4,0,4,28.67719841003418,27.858074188232422,0.8191242218017578,64,8,19,-64,61.076904296875,45,76,0,4,0,4,23.809192657470703,23.751314163208008,0.05787849426269531,-8,0,4.868005752563477,"[2100.0, 2400.0)","[2.0, 4.0)"
20260202_144718_beam4,20260202_144718,train,4,2190.0,3.47,72,45,data/raw/IQ_Data/20260202_144718_beam4.mat,64,8,19,-64,61.907958984375,45,68,0,-4,0,4,20.78575897216797,19.19750213623047,1.5882568359375,64,8,19,-64,61.18154525756836,45,75,0,3,0,3,16.16585922241211,15.56497573852539,0.6008834838867188,-7,0,4.619899749755859,"[2100.0, 2400.0)","[2.0, 4.0)"
20260202_144727_beam1,20260202_144727,train,1,2160.0,-1.46,71,72,data/raw/IQ_Data/20260202_144727_beam1.mat,64,8,-8,-63,60.35577392578125,72,68,0,-3,0,3,22.599620819091797,21.386850357055664,1.2127704620361328,64,8,-8,-63,59.879852294921875,72,72,0,1,0,1,21.391902923583984,21.369949340820312,0.021953582763671875,-4,0,1.2077178955078125,"[2100.0, 2400.0)","[-2.0, 0.0)"
20260202_144727_beam2,20260202_144727,train,2,2190.0,-1.46,72,72,data/raw/IQ_Data/20260202_144727_beam2.mat,64,8,-8,-64,60.78362274169922,72,68,0,-4,0,4,29.950477600097656,29.39638900756836,0.5540885925292969,64,8,-8,-64,61.80125427246094,72,70,0,-2,0,2,28.49413299560547,28.03492546081543,0.45920753479003906,-2,0,1.4563446044921875,"[2100.0, 2400.0)","[-2.0, 0.0)"
20260202_144727_beam3,20260202_144727,train,3,2220.0,-1.46,73,72,data/raw/IQ_Data/20260202_144727_beam3.mat,64,8,-8,-65,61.20549011230469,72,68,0,-5,0,5,27.966808319091797,27.13399887084961,0.8328094482421875,64,8,-8,-65,61.077064514160156,72,70,0,-3,0,3,26.834972381591797,26.29119110107422,0.5437812805175781,-2,0,1.1318359375,"[2100.0, 2400.0)","[-2.0, 0.0)"
20260202_144727_beam4,20260202_144727,train,4,2190.0,-1.46,72,72,data/raw/IQ_Data/20260202_144727_beam4.mat,64,8,-8,-64,61.907379150390625,72,68,0,-4,0,4,20.040908813476562,18.923992156982422,1.1169166564941406,64,8,-8,-64,61.180633544921875,72,70,0,-2,0,2,19.838985443115234,18.1700496673584,1.668935775756836,-2,0,0.20192337036132812,"[2100.0, 2400.0)","[-2.0, 0.0)"
20260202_144735_beam1,20260202_144735,train,1,2160.0,-2.38,71,77,data/raw/IQ_Data/20260202_144735_beam1.mat,64,8,-13,-63,60.35527038574219,77,74,0,3,0,3,22.03260612487793,21.456701278686523,0.5759048461914062,64,24,-13,-47,60.563720703125,77,68,0,-3,0,3,24.726154327392578,24.184814453125,0.5413398742675781,6,0,-2.6935482025146484,"[2100.0, 2400.0)","[-4.0, -2.0)"
20260202_144735_beam2,20260202_144735,train,2,2190.0,-2.38,72,77,data/raw/IQ_Data/20260202_144735_beam2.mat,64,8,-13,-64,60.78217315673828,78,76,1,4,1,4,22.869565963745117,20.76215934753418,2.1074066162109375,64,8,-13,-64,61.79960250854492,78,76,1,4,1,4,25.869524002075195,24.622821807861328,1.2467021942138672,0,0,-2.999958038330078,"[2100.0, 2400.0)","[-4.0, -2.0)"
20260202_144735_beam3,20260202_144735,train,3,2190.0,-2.38,72,77,data/raw/IQ_Data/20260202_144735_beam3.mat,64,8,-13,-64,61.20443344116211,77,76,0,4,0,4,24.85131072998047,24.313270568847656,0.5380401611328125,64,24,-13,-48,61.72481155395508,77,76,0,4,0,4,27.462875366210938,27.077274322509766,0.3856010437011719,0,0,-2.6115646362304688,"[2100.0, 2400.0)","[-4.0, -2.0)"
20260202_144735_beam4,20260202_144735,train,4,2190.0,-2.38,72,77,data/raw/IQ_Data/20260202_144735_beam4.mat,64,8,-13,-64,61.906185150146484,77,72,0,0,0,0,17.15022850036621,17.15022850036621,0.0,64,8,-13,-64,61.1806526184082,77,71,0,-1,0,1,20.001548767089844,18.99553680419922,1.006011962890625,1,0,-2.851320266723633,"[2100.0, 2400.0)","[-4.0, -2.0)"
20260202_144751_beam1,20260202_144751,train,1,2160.0,-4.75,71,90,data/raw/IQ_Data/20260202_144751_beam1.mat,64,8,-26,-63,60.35540008544922,90,70,0,-1,0,1,29.379669189453125,29.272056579589844,0.10761260986328125,64,8,-26,-63,59.882469177246094,90,68,0,-3,0,3,22.889198303222656,22.314271926879883,0.5749263763427734,2,0,6.490470886230469,"[2100.0, 2400.0)","[-6.0, -4.0)"
20260202_144751_beam2,20260202_144751,train,2,2160.0,-4.75,71,90,data/raw/IQ_Data/20260202_144751_beam2.mat,64,24,-26,-47,62.28792190551758,90,70,0,-1,0,1,34.68560791015625,34.573699951171875,0.111907958984375,64,8,-26,-63,61.79927062988281,90,72,0,1,0,1,28.170642852783203,27.788341522216797,0.38230133056640625,-2,0,6.514965057373047,"[2100.0, 2400.0)","[-6.0, -4.0)"
20260202_144751_beam3,20260202_144751,train,3,2160.0,-4.75,71,90,data/raw/IQ_Data/20260202_144751_beam3.mat,64,24,-26,-47,62.56609344482422,90,74,0,3,0,3,33.8502197265625,33.63581085205078,0.21440887451171875,64,8,-26,-63,61.0761604309082,90,72,0,1,0,1,27.525577545166016,27.157459259033203,0.3681182861328125,2,0,6.324642181396484,"[2100.0, 2400.0)","[-6.0, -4.0)"
20260202_144751_beam4,20260202_144751,train,4,2160.0,-4.75,71,90,data/raw/IQ_Data/20260202_144751_beam4.mat,64,8,-26,-63,61.9071159362793,90,74,0,3,0,3,27.0970458984375,26.489717483520508,0.6073284149169922,64,8,-26,-63,61.180389404296875,90,72,0,1,0,1,20.9201602935791,20.624330520629883,0.29582977294921875,2,0,6.176885604858398,"[2100.0, 2400.0)","[-6.0, -4.0)"
20260202_144751_beam5,20260202_144751,train,5,2160.0,-4.75,71,90,data/raw/IQ_Data/20260202_144751_beam5.mat,64,8,-26,-63,54.823699951171875,90,74,0,3,0,3,16.038604736328125,14.52440357208252,1.5142011642456055,64,8,-26,-63,55.59930419921875,90,67,0,-4,0,4,11.962522506713867,10.314933776855469,1.6475887298583984,7,0,4.076082229614258,"[2100.0, 2400.0)","[-6.0, -4.0)"
20260202_144800_beam1,20260202_144800,train,1,2100.0,-5.48,69,94,data/raw/IQ_Data/20260202_144800_beam1.mat,64,24,-30,-45,62.46684265136719,94,68,0,-1,0,1,15.33231258392334,13.581856727600098,1.7504558563232422,64,24,-30,-45,61.894874572753906,94,65,0,-4,0,4,23.632375717163086,22.801048278808594,0.8313274383544922,3,0,-8.300063133239746,"[2100.0, 2400.0)","[-6.0, -4.0)"
20260202_144800_beam2,20260202_144800,train,2,2100.0,-5.48,69,94,data/raw/IQ_Data/20260202_144800_beam2.mat,64,24,-30,-45,63.920249938964844,94,65,0,-4,0,4,21.167116165161133,20.770599365234375,0.3965167999267578,64,24,-30,-45,62.964988708496094,94,65,0,-4,0,4,29.81259536743164,29.071998596191406,0.7405967712402344,0,0,-8.645479202270508,"[2100.0, 2400.0)","[-6.0, -4.0)"
20260202_144800_beam3,20260202_144800,train,3,2100.0,-5.48,69,94,data/raw/IQ_Data/20260202_144800_beam3.mat,64,24,-30,-45,63.60602569580078,94,65,0,-4,0,4,21.38494873046875,21.154617309570312,0.2303314208984375,64,24,-30,-45,62.66495132446289,94,65,0,-4,0,4,29.77814483642578,29.03903579711914,0.7391090393066406,0,0,-8.393196105957031,"[2100.0, 2400.0)","[-6.0, -4.0)"
20260202_144800_beam4,20260202_144800,train,4,2100.0,-5.48,69,94,data/raw/IQ_Data/20260202_144800_beam4.mat,64,8,-30,-61,61.90754699707031,94,68,0,-1,0,1,15.739238739013672,14.674090385437012,1.0651483535766602,64,8,-30,-61,61.18357849121094,94,73,0,4,0,4,22.911514282226562,21.55434799194336,1.3571662902832031,-5,0,-7.172275543212891,"[2100.0, 2400.0)","[-6.0, -4.0)"
20260202_144808_beam1,20260202_144808,train,1,2040.0,-5.48,67,94,data/raw/IQ_Data/20260202_144808_beam1.mat,64,8,-30,-59,60.35633850097656,95,70,1,3,1,3,15.890212059020996,12.031665802001953,3.858546257019043,64,8,-30,-59,59.88471603393555,95,63,1,-4,1,4,15.651052474975586,12.226009368896484,3.4250431060791016,7,0,0.23915958404541016,"[1800.0, 2100.0)","[-6.0, -4.0)"
20260202_144808_beam2,20260202_144808,train,2,2040.0,-5.66,67,95,data/raw/IQ_Data/20260202_144808_beam2.mat,64,8,-31,-59,60.784114837646484,95,70,0,3,0,3,22.797752380371094,22.393009185791016,0.4047431945800781,64,8,-31,-59,61.801536560058594,95,65,0,-2,0,2,22.51941680908203,22.10746955871582,0.41194725036621094,5,0,0.2783355712890625,"[1800.0, 2100.0)","[-6.0, -4.0)"
20260202_144808_beam3,20260202_144808,train,3,2040.0,-5.66,67,95,data/raw/IQ_Data/20260202_144808_beam3.mat,64,8,-31,-59,61.206825256347656,95,65,0,-2,0,2,23.81002426147461,23.684280395507812,0.12574386596679688,64,8,-31,-59,61.07915496826172,95,70,0,3,0,3,23.47764778137207,23.119905471801758,0.3577423095703125,-5,0,0.33237648010253906,"[1800.0, 2100.0)","[-6.0, -4.0)"
20260202_144808_beam4,20260202_144808,train,4,2070.0,-5.66,68,95,data/raw/IQ_Data/20260202_144808_beam4.mat,64,8,-31,-60,61.908321380615234,95,66,0,-2,0,2,18.908130645751953,18.057056427001953,0.85107421875,64,8,-31,-60,61.18058776855469,95,70,0,2,0,2,18.987651824951172,18.333145141601562,0.6545066833496094,-4,0,-0.07952117919921875,"[1800.0, 2100.0)","[-6.0, -4.0)"
20260202_144816_beam1,20260202_144816,train,1,2040.0,2.56,67,50,data/raw/IQ_Data/20260202_144816_beam1.mat,64,8,14,-59,60.35629653930664,50,62,0,-5,0,5,22.566164016723633,22.036251068115234,0.5299129486083984,64,8,14,-59,59.88315200805664,50,63,0,-4,0,4,16.532554626464844,15.575485229492188,0.9570693969726562,-1,0,6.033609390258789,"[1800.0, 2100.0)","[2.0, 4.0)"
20260202_144816_beam2,20260202_144816,train,2,2010.0,2.56,66,50,data/raw/IQ_Data/20260202_144816_beam2.mat,64,8,14,-58,60.78578186035156,51,69,1,3,1,3,29.80506706237793,27.900535583496094,1.904531478881836,64,8,14,-58,61.801876068115234,51,62,1,-4,1,4,24.238815307617188,22.633594512939453,1.6052207946777344,7,0,5.566251754760742,"[1800.0, 2100.0)","[2.0, 4.0)"
20260202_144816_beam3,20260202_144816,train,3,2040.0,2.56,67,50,data/raw/IQ_Data/20260202_144816_beam3.mat,64,8,14,-59,61.20515823364258,50,62,0,-5,0,5,31.87948226928711,31.82286834716797,0.056613922119140625,64,8,14,-59,61.0783805847168,50,69,0,2,0,2,26.722614288330078,25.91480255126953,0.8078117370605469,-7,0,5.156867980957031,"[1800.0, 2100.0)","[2.0, 4.0)"
20260202_144816_beam4,20260202_144816,train,4,2010.0,2.56,66,50,data/raw/IQ_Data/20260202_144816_beam4.mat,64,8,14,-58,61.907310485839844,50,62,0,-4,0,4,27.597576141357422,26.94976043701172,0.6478157043457031,64,8,14,-58,61.18238830566406,50,69,0,3,0,3,22.652095794677734,21.293094635009766,1.3590011596679688,-7,0,4.9454803466796875,"[1800.0, 2100.0)","[2.0, 4.0)"
20260202_144816_beam5,20260202_144816,train,5,2010.0,2.56,66,50,data/raw/IQ_Data/20260202_144816_beam5.mat,64,8,14,-58,54.825077056884766,50,64,0,-2,0,2,18.011960983276367,17.102027893066406,0.9099330902099609,64,8,14,-58,55.603233337402344,50,63,0,-3,0,3,12.99872875213623,11.696144104003906,1.3025846481323242,1,0,5.013232231140137,"[1800.0, 2100.0)","[2.0, 4.0)"
20260202_144825_beam1,20260202_144825,train,1,2070.0,5.3,68,35,data/raw/IQ_Data/20260202_144825_beam1.mat,64,8,29,-60,60.356407165527344,36,72,1,4,1,4,30.551969528198242,28.663360595703125,1.8886089324951172,64,8,29,-60,59.8829345703125,36,72,1,4,1,4,27.957019805908203,25.889652252197266,2.0673675537109375,0,0,2.594949722290039,"[1800.0, 2100.0)","[4.0, 6.0)"
20260202_144825_beam2,20260202_144825,train,2,2070.0,5.3,68,35,data/raw/IQ_Data/20260202_144825_beam2.mat,64,8,29,-60,60.782623291015625,36,72,1,4,1,4,37.585731506347656,35.58733367919922,1.9983978271484375,64,8,29,-60,61.8001594543457,36,72,1,4,1,4,35.180564880371094,33.105064392089844,2.07550048828125,0,0,2.4051666259765625,"[1800.0, 2100.0)","[4.0, 6.0)"
20260202_144825_beam3,20260202_144825,train,3,2040.0,5.12,67,36,data/raw/IQ_Data/20260202_144825_beam3.mat,64,8,28,-59,61.20485305786133,36,72,0,5,0,5,38.39320373535156,38.05397415161133,0.3392295837402344,64,8,28,-59,61.0772705078125,36,72,0,5,0,5,36.045597076416016,35.534027099609375,0.5115699768066406,0,0,2.347606658935547,"[1800.0, 2100.0)","[4.0, 6.0)"
20260202_144825_beam4,20260202_144825,train,4,2070.0,5.3,68,35,data/raw/IQ_Data/20260202_144825_beam4.mat,64,8,29,-60,61.908851623535156,36,72,1,4,1,4,30.47241973876953,28.496936798095703,1.9754829406738281,64,8,29,-60,61.18272399902344,36,72,1,4,1,4,28.05327606201172,26.222126007080078,1.8311500549316406,0,0,2.4191436767578125,"[1800.0, 2100.0)","[4.0, 6.0)"
20260202_144825_beam5,20260202_144825,train,5,2040.0,5.3,67,35,data/raw/IQ_Data/20260202_144825_beam5.mat,64,8,29,-59,54.8241081237793,36,70,1,3,1,3,19.485708236694336,18.0430850982666,1.4426231384277344,64,8,29,-59,55.602447509765625,36,65,1,-2,1,2,18.498077392578125,15.569387435913086,2.928689956665039,5,0,0.9876308441162109,"[1800.0, 2100.0)","[4.0, 6.0)"
20260202_144833_beam1,20260202_144833,train,1,2100.0,5.48,69,34,data/raw/IQ_Data/20260202_144833_beam1.mat,64,8,30,-61,60.357479095458984,34,65,0,-4,0,4,28.269939422607422,27.7860050201416,0.4839344024658203,64,8,30,-61,59.884803771972656,34,65,0,-4,0,4,25.449514389038086,24.692752838134766,0.7567615509033203,0,0,2.820425033569336,"[2100.0, 2400.0)","[4.0, 6.0)"
20260202_144833_beam2,20260202_144833,train,2,2100.0,5.48,69,34,data/raw/IQ_Data/20260202_144833_beam2.mat,64,8,30,-61,60.78351974487305,34,65,0,-4,0,4,36.28730392456055,35.541744232177734,0.7455596923828125,64,8,30,-61,61.80224609375,34,65,0,-4,0,4,34.121299743652344,33.46782302856445,0.6534767150878906,0,0,2.166004180908203,"[2100.0, 2400.0)","[4.0, 6.0)"
20260202_144833_beam3,20260202_144833,train,3,2100.0,5.48,69,34,data/raw/IQ_Data/20260202_144833_beam3.mat,64,8,30,-61,61.20542526245117,34,65,0,-4,0,4,36.0399284362793,35.30164337158203,0.7382850646972656,64,8,30,-61,61.07838439941406,34,65,0,-4,0,4,34.06337356567383,33.35196304321289,0.7114105224609375,0,0,1.9765548706054688,"[2100.0, 2400.0)","[4.0, 6.0)"
20260202_144833_beam4,20260202_144833,train,4,2100.0,5.48,69,34,data/raw/IQ_Data/20260202_144833_beam4.mat,64,8,30,-61,61.907188415527344,34,65,0,-4,0,4,29.572965621948242,28.7070369720459,0.8659286499023438,64,8,30,-61,61.181129455566406,34,65,0,-4,0,4,27.856979370117188,27.245010375976562,0.611968994140625,0,0,1.7159862518310547,"[2100.0, 2400.0)","[4.0, 6.0)"
20260202_144833_beam5,20260202_144833,train,5,2100.0,5.48,69,34,data/raw/IQ_Data/20260202_144833_beam5.mat,64,8,30,-61,54.823158264160156,34,73,0,4,0,4,17.15387725830078,15.088703155517578,2.065174102783203,64,8,30,-61,55.60137176513672,34,65,0,-4,0,4,14.813291549682617,14.574499130249023,0.23879241943359375,8,0,2.340585708618164,"[2100.0, 2400.0)","[4.0, 6.0)"
20260202_144841_beam1,20260202_144841,val,1,2160.0,5.3,71,35,data/raw/IQ_Data/20260202_144841_beam1.mat,64,8,29,-63,60.357269287109375,36,68,1,-3,1,3,22.436954498291016,20.92217254638672,1.5147819519042969,64,8,29,-63,59.88325119018555,36,72,1,1,1,1,20.607358932495117,18.302637100219727,2.3047218322753906,-4,0,1.8295955657958984,"[2100.0, 2400.0)","[4.0, 6.0)"
20260202_144841_beam2,20260202_144841,val,2,2160.0,5.12,71,36,data/raw/IQ_Data/20260202_144841_beam2.mat,64,8,28,-63,60.78330993652344,36,72,0,1,0,1,25.282060623168945,24.51331329345703,0.7687473297119141,64,8,28,-63,61.80351257324219,36,68,0,-3,0,3,23.79352378845215,23.278358459472656,0.5151653289794922,4,0,1.4885368347167969,"[2100.0, 2400.0)","[4.0, 6.0)"
20260202_144841_beam3,20260202_144841,val,3,2130.0,5.3,70,35,data/raw/IQ_Data/20260202_144841_beam3.mat,64,8,29,-62,61.20401382446289,36,72,1,2,1,2,23.748300552368164,22.44697380065918,1.3013267517089844,64,8,29,-62,61.079593658447266,36,67,1,-3,1,3,22.460132598876953,20.27755355834961,2.1825790405273438,5,0,1.288167953491211,"[2100.0, 2400.0)","[4.0, 6.0)"
20260202_144841_beam4,20260202_144841,val,4,2130.0,5.12,70,36,data/raw/IQ_Data/20260202_144841_beam4.mat,64,8,28,-62,61.90594482421875,36,67,0,-3,0,3,16.940763473510742,16.57807731628418,0.3626861572265625,64,8,28,-62,61.17974090576172,36,67,0,-3,0,3,15.959582328796387,15.099626541137695,0.8599557876586914,0,0,0.9811811447143555,"[2100.0, 2400.0)","[4.0, 6.0)"
20260202_144849_beam1,20260202_144849,test,1,2190.0,5.12,72,36,data/raw/IQ_Data/20260202_144849_beam1.mat,64,8,28,-64,60.35881805419922,36,76,0,4,0,4,17.289661407470703,16.174577713012695,1.1150836944580078,64,8,28,-64,59.8841552734375,36,71,0,-1,0,1,17.34849739074707,16.6506290435791,0.6978683471679688,5,0,-0.05883598327636719,"[2100.0, 2400.0)","[4.0, 6.0)"
20260202_144849_beam2,20260202_144849,test,2,2190.0,5.12,72,36,data/raw/IQ_Data/20260202_144849_beam2.mat,64,8,28,-64,60.78388595581055,36,76,0,4,0,4,20.98048210144043,20.147567749023438,0.8329143524169922,64,8,28,-64,61.80213165283203,36,70,0,-2,0,2,21.518596649169922,20.714197158813477,0.8043994903564453,6,0,-0.5381145477294922,"[2100.0, 2400.0)","[4.0, 6.0)"
20260202_144849_beam3,20260202_144849,test,3,2190.0,5.12,72,36,data/raw/IQ_Data/20260202_144849_beam3.mat,64,8,28,-64,61.20661163330078,36,68,0,-4,0,4,18.799884796142578,18.250001907348633,0.5498828887939453,64,8,28,-64,61.077327728271484,36,70,0,-2,0,2,19.986019134521484,18.50223731994629,1.4837818145751953,-2,0,-1.1861343383789062,"[2100.0, 2400.0)","[4.0, 6.0)"
20260202_144849_beam4,20260202_144849,test,4,2220.0,5.12,73,36,data/raw/IQ_Data/20260202_144849_beam4.mat,64,8,28,-65,61.90851593017578,36,68,0,-5,0,5,11.236970901489258,11.207988739013672,0.028982162475585938,64,8,28,-65,61.17892837524414,36,74,0,1,0,1,13.167451858520508,10.445832252502441,2.7216196060180664,-6,0,-1.93048095703125,"[2100.0, 2400.0)","[4.0, 6.0)"
20260202_144857_beam1,20260202_144857,train,1,2220.0,-3.11,73,81,data/raw/IQ_Data/20260202_144857_beam1.mat,64,8,-17,-65,60.35707473754883,81,68,0,-5,0,5,17.896425247192383,16.08343505859375,1.8129901885986328,64,8,-17,-65,59.883750915527344,81,76,0,3,0,3,14.43106746673584,13.00196647644043,1.4291009902954102,-8,0,3.465357780456543,"[2100.0, 2400.0)","[-4.0, -2.0)"
20260202_144857_beam2,20260202_144857,train,2,2190.0,-3.11,72,81,data/raw/IQ_Data/20260202_144857_beam2.mat,64,8,-17,-64,60.78319549560547,81,68,0,-4,0,4,21.431716918945312,20.627758026123047,0.8039588928222656,64,8,-17,-64,61.80171203613281,81,68,0,-4,0,4,18.30152702331543,17.789525985717773,0.5120010375976562,0,0,3.130189895629883,"[2100.0, 2400.0)","[-4.0, -2.0)"
20260202_144857_beam3,20260202_144857,train,3,2220.0,-3.11,73,81,data/raw/IQ_Data/20260202_144857_beam3.mat,64,8,-17,-65,61.20478057861328,81,68,0,-5,0,5,19.373193740844727,18.00393295288086,1.3692607879638672,64,8,-17,-65,61.07795715332031,81,71,0,-2,0,2,16.433170318603516,16.08419418334961,0.34897613525390625,-3,0,2.940023422241211,"[2100.0, 2400.0)","[-4.0, -2.0)"
20260202_144857_beam4,20260202_144857,train,4,2190.0,-3.11,72,81,data/raw/IQ_Data/20260202_144857_beam4.mat,64,8,-17,-64,61.905635833740234,81,68,0,-4,0,4,12.956600189208984,12.085455894470215,0.8711442947387695,64,8,-17,-64,61.18090057373047,81,69,0,-3,0,3,9.15146255493164,7.3667402267456055,1.7847223281860352,-1,0,3.8051376342773438,"[2100.0, 2400.0)","[-4.0, -2.0)"
20260202_144906_beam1,20260202_144906,val,1,2130.0,-5.66,70,95,data/raw/IQ_Data/20260202_144906_beam1.mat,64,8,-31,-62,60.3581657409668,95,67,0,-3,0,3,16.712162017822266,16.491811752319336,0.2203502655029297,64,8,-31,-62,59.88277816772461,95,68,0,-2,0,2,12.334587097167969,10.436562538146973,1.898024559020996,-1,0,4.377574920654297,"[2100.0, 2400.0)","[-6.0, -4.0)"
20260202_144906_beam2,20260202_144906,val,2,2130.0,-5.66,70,95,data/raw/IQ_Data/20260202_144906_beam2.mat,64,8,-31,-62,60.78588104248047,95,75,0,5,0,5,20.829994201660156,20.571910858154297,0.2580833435058594,64,8,-31,-62,61.80121612548828,95,68,0,-2,0,2,15.914417266845703,15.033069610595703,0.88134765625,7,0,4.915576934814453,"[2100.0, 2400.0)","[-6.0, -4.0)"
20260202_144906_beam3,20260202_144906,val,3,2130.0,-5.66,70,95,data/raw/IQ_Data/20260202_144906_beam3.mat,64,8,-31,-62,61.207069396972656,95,71,0,1,0,1,19.508472442626953,19.272777557373047,0.23569488525390625,64,8,-31,-62,61.07704544067383,95,75,0,5,0,5,14.943161964416504,13.408614158630371,1.5345478057861328,-4,0,4.565310478210449,"[2100.0, 2400.0)","[-6.0, -4.0)"
20260202_144906_beam4,20260202_144906,val,4,2130.0,-5.66,70,95,data/raw/IQ_Data/20260202_144906_beam4.mat,64,8,-31,-62,61.907447814941406,95,67,0,-3,0,3,13.147002220153809,12.389455795288086,0.7575464248657227,64,8,-31,-62,61.18141555786133,95,75,0,5,0,5,9.4800386428833,6.073529243469238,3.4065093994140625,-8,0,3.666963577270508,"[2100.0, 2400.0)","[-6.0, -4.0)"
20260202_144914_beam1,20260202_144914,train,1,2130.0,-5.85,70,96,data/raw/IQ_Data/20260202_144914_beam1.mat,64,8,-32,-62,60.35750961303711,96,67,0,-3,0,3,12.77754020690918,11.512045860290527,1.2654943466186523,64,8,-32,-62,59.883609771728516,96,67,0,-3,0,3,9.54262924194336,4.681753635406494,4.860875606536865,0,0,3.2349109649658203,"[2100.0, 2400.0)","[-6.0, -4.0)"
20260202_144914_beam2,20260202_144914,train,2,2100.0,-5.85,69,96,data/raw/IQ_Data/20260202_144914_beam2.mat,64,8,-32,-61,60.78546905517578,96,65,0,-4,0,4,17.786558151245117,16.14580726623535,1.6407508850097656,64,8,-32,-61,61.80324172973633,96,65,0,-4,0,4,15.017406463623047,13.036462783813477,1.9809436798095703,0,0,2.7691516876220703,"[2100.0, 2400.0)","[-6.0, -4.0)"
20260202_144914_beam3,20260202_144914,train,3,2100.0,-5.85,69,96,data/raw/IQ_Data/20260202_144914_beam3.mat,64,8,-32,-61,61.206268310546875,96,65,0,-4,0,4,17.29232406616211,15.62158489227295,1.6707391738891602,64,8,-32,-61,61.078857421875,96,65,0,-4,0,4,15.033252716064453,12.563929557800293,2.46932315826416,0,0,2.2590713500976562,"[2100.0, 2400.0)","[-6.0, -4.0)"
20260202_144914_beam4,20260202_144914,train,4,2130.0,-5.85,70,96,data/raw/IQ_Data/20260202_144914_beam4.mat,64,8,-32,-62,61.906639099121094,96,67,0,-3,0,3,11.818687438964844,10.081957817077637,1.736729621887207,64,8,-32,-62,61.1795768737793,96,71,0,1,0,1,10.100541114807129,7.212719440460205,2.887821674346924,-4,0,1.7181463241577148,"[2100.0, 2400.0)","[-6.0, -4.0)"
20260202_144922_beam1,20260202_144922,train,1,2040.0,-4.75,67,90,data/raw/IQ_Data/20260202_144922_beam1.mat,64,26,-26,-41,60.65797424316406,90,66,0,-1,0,1,19.949726104736328,18.979427337646484,0.9702987670898438,64,24,-26,-43,62.44715118408203,90,64,0,-3,0,3,22.37863540649414,21.22095489501953,1.1576805114746094,2,0,-2.4289093017578125,"[1800.0, 2100.0)","[-6.0, -4.0)"
20260202_144922_beam2,20260202_144922,train,2,2070.0,-4.57,68,89,data/raw/IQ_Data/20260202_144922_beam2.mat,64,24,-25,-44,60.930511474609375,90,72,1,4,1,4,31.303407669067383,29.075634002685547,2.227773666381836,64,8,-25,-60,61.799560546875,90,72,1,4,1,4,33.77850341796875,31.622133255004883,2.156370162963867,0,0,-2.475095748901367,"[1800.0, 2100.0)","[-6.0, -4.0)"
20260202_144922_beam3,20260202_144922,train,3,2070.0,-4.75,68,90,data/raw/IQ_Data/20260202_144922_beam3.mat,64,8,-26,-60,61.20401382446289,90,72,0,4,0,4,31.94060516357422,31.377336502075195,0.5632686614990234,64,8,-26,-60,61.07588195800781,90,72,0,4,0,4,34.36149978637695,33.751853942871094,0.6096458435058594,0,0,-2.4208946228027344,"[1800.0, 2100.0)","[-6.0, -4.0)"
20260202_144922_beam4,20260202_144922,train,4,2070.0,-4.75,68,90,data/raw/IQ_Data/20260202_144922_beam4.mat,64,8,-26,-60,61.9051513671875,90,72,0,4,0,4,26.581533432006836,25.982891082763672,0.5986423492431641,64,8,-26,-60,61.17992401123047,90,72,0,4,0,4,28.860950469970703,28.160892486572266,0.7000579833984375,0,0,-2.279417037963867,"[1800.0, 2100.0)","[-6.0, -4.0)"
20260202_144922_beam5,20260202_144922,train,5,2070.0,-4.57,68,89,data/raw/IQ_Data/20260202_144922_beam5.mat,64,8,-25,-60,54.82001495361328,90,72,1,4,1,4,15.995573997497559,13.554479598999023,2.441094398498535,64,8,-25,-60,55.59977722167969,90,64,1,-4,1,4,18.20119857788086,15.635222434997559,2.565976142883301,8,0,-2.205624580383301,"[1800.0, 2100.0)","[-6.0, -4.0)"
20260202_144931_beam1,20260202_144931,val,1,2040.0,-4.75,67,90,data/raw/IQ_Data/20260202_144931_beam1.mat,64,8,-26,-59,60.35710906982422,90,67,0,0,0,0,12.323274612426758,12.323274612426758,0.0,64,8,-26,-59,59.88393783569336,90,68,0,1,0,1,16.94873046875,16.260480880737305,0.6882495880126953,-1,0,-4.625455856323242,"[1800.0, 2100.0)","[-6.0, -4.0)"
20260202_144931_beam2,20260202_144931,val,2,2040.0,-4.75,67,90,data/raw/IQ_Data/20260202_144931_beam2.mat,64,8,-26,-59,60.78410720825195,90,67,0,0,0,0,19.742937088012695,19.742937088012695,0.0,64,24,-26,-43,62.39618682861328,90,69,0,2,0,2,24.49538230895996,23.818872451782227,0.6765098571777344,-2,0,-4.752445220947266,"[1800.0, 2100.0)","[-6.0, -4.0)"
20260202_144931_beam3,20260202_144931,val,3,2010.0,-4.75,66,90,data/raw/IQ_Data/20260202_144931_beam3.mat,64,8,-26,-58,61.20645523071289,90,64,0,-2,0,2,16.45918083190918,15.679387092590332,0.7797937393188477,64,8,-26,-58,61.07868957519531,90,67,0,1,0,1,22.76076889038086,22.42397117614746,0.33679771423339844,-3,0,-6.30158805847168,"[1800.0, 2100.0)","[-6.0, -4.0)"
20260202_144931_beam4,20260202_144931,val,4,2040.0,-4.75,67,90,data/raw/IQ_Data/20260202_144931_beam4.mat,64,8,-26,-59,61.90666580200195,90,69,0,2,0,2,16.620067596435547,16.260982513427734,0.3590850830078125,64,8,-26,-59,61.18141555786133,90,69,0,2,0,2,21.71471405029297,20.843509674072266,0.8712043762207031,0,0,-5.094646453857422,"[1800.0, 2100.0)","[-6.0, -4.0)"
20260202_144939_beam1,20260202_144939,train,1,2010.0,3.11,66,47,data/raw/IQ_Data/20260202_144939_beam1.mat,64,26,17,-40,62.867042541503906,47,62,0,-4,0,4,24.754310607910156,23.762874603271484,0.9914360046386719,64,24,17,-42,60.80171203613281,47,67,0,1,0,1,20.009098052978516,19.003469467163086,1.0056285858154297,-5,0,4.745212554931641,"[1800.0, 2100.0)","[2.0, 4.0)"
20260202_144939_beam2,20260202_144939,train,2,2010.0,3.11,66,47,data/raw/IQ_Data/20260202_144939_beam2.mat,64,26,17,-40,61.45494079589844,47,62,0,-4,0,4,32.63835525512695,32.25408172607422,0.3842735290527344,64,8,17,-58,61.80311584472656,47,67,0,1,0,1,27.977550506591797,27.72260856628418,0.2549419403076172,-5,0,4.660804748535156,"[1800.0, 2100.0)","[2.0, 4.0)"
20260202_144939_beam3,20260202_144939,train,3,2010.0,3.11,66,47,data/raw/IQ_Data/20260202_144939_beam3.mat,64,24,17,-42,61.811832427978516,47,68,0,2,0,2,34.79951477050781,34.53384017944336,0.2656745910644531,64,24,17,-42,61.188026428222656,47,68,0,2,0,2,30.10851287841797,29.95840072631836,0.15011215209960938,0,0,4.691001892089844,"[1800.0, 2100.0)","[2.0, 4.0)"
20260202_144939_beam4,20260202_144939,train,4,1980.0,3.11,65,47,data/raw/IQ_Data/20260202_144939_beam4.mat,64,8,17,-57,61.90546417236328,47,68,0,3,0,3,30.977703094482422,30.62540054321289,0.35230255126953125,64,8,17,-57,61.17835998535156,47,68,0,3,0,3,26.300642013549805,25.8640193939209,0.43662261962890625,0,0,4.677061080932617,"[1800.0, 2100.0)","[2.0, 4.0)"
20260202_144939_beam5,20260202_144939,train,5,1980.0,3.11,65,47,data/raw/IQ_Data/20260202_144939_beam5.mat,64,8,17,-57,54.81843948364258,47,62,0,-3,0,3,21.7257022857666,20.7869873046875,0.9387149810791016,64,8,17,-57,55.598114013671875,47,61,0,-4,0,4,16.777496337890625,15.542465209960938,1.2350311279296875,1,0,4.948205947875977,"[1800.0, 2100.0)","[2.0, 4.0)"
20260202_144947_beam1,20260202_144947,train,1,2040.0,5.85,67,32,data/raw/IQ_Data/20260202_144947_beam1.mat,64,8,32,-59,60.35731506347656,32,71,0,4,0,4,25.934736251831055,25.187082290649414,0.7476539611816406,64,24,32,-43,59.95588684082031,32,71,0,4,0,4,24.931610107421875,24.490482330322266,0.4411277770996094,0,0,1.0031261444091797,"[1800.0, 2100.0)","[4.0, 6.0)"
20260202_144947_beam2,20260202_144947,train,2,2010.0,5.85,66,32,data/raw/IQ_Data/20260202_144947_beam2.mat,64,8,32,-58,60.785980224609375,32,71,0,5,0,5,28.308639526367188,27.682580947875977,0.6260585784912109,64,8,32,-58,61.800872802734375,32,71,0,5,0,5,27.448013305664062,26.723363876342773,0.7246494293212891,0,0,0.860626220703125,"[1800.0, 2100.0)","[4.0, 6.0)"
20260202_144947_beam3,20260202_144947,train,3,2040.0,5.85,67,32,data/raw/IQ_Data/20260202_144947_beam3.mat,64,8,32,-59,61.20784378051758,32,71,0,4,0,4,35.59413528442383,34.863677978515625,0.7304573059082031,64,8,32,-59,61.07894515991211,32,71,0,4,0,4,34.8388671875,34.19882583618164,0.6400413513183594,0,0,0.7552680969238281,"[1800.0, 2100.0)","[4.0, 6.0)"
20260202_144947_beam4,20260202_144947,train,4,2040.0,5.85,67,32,data/raw/IQ_Data/20260202_144947_beam4.mat,64,8,32,-59,61.90721893310547,32,71,0,4,0,4,31.226810455322266,30.458168029785156,0.7686424255371094,64,8,32,-59,61.18118667602539,32,71,0,4,0,4,30.47979164123535,29.905899047851562,0.5738925933837891,0,0,0.7470188140869141,"[1800.0, 2100.0)","[4.0, 6.0)"
20260202_144947_beam5,20260202_144947,train,5,2010.0,5.85,66,32,data/raw/IQ_Data/20260202_144947_beam5.mat,64,8,32,-58,54.82126235961914,32,71,0,5,0,5,21.459474563598633,19.71278953552246,1.7466850280761719,64,8,32,-58,55.60173034667969,32,71,0,5,0,5,20.356931686401367,19.525638580322266,0.8312931060791016,0,0,1.1025428771972656,"[1800.0, 2100.0)","[4.0, 6.0)"
20260202_144955_beam1,20260202_144955,train,1,2070.0,5.85,68,32,data/raw/IQ_Data/20260202_144955_beam1.mat,64,26,32,-42,64.62643432617188,32,65,0,-3,0,3,25.95527458190918,25.44462013244629,0.5106544494628906,64,24,32,-44,63.67921447753906,32,71,0,3,0,3,24.297725677490234,23.93256378173828,0.3651618957519531,-6,0,1.6575489044189453,"[1800.0, 2100.0)","[4.0, 6.0)"
20260202_144955_beam2,20260202_144955,train,2,2070.0,6.03,68,31,data/raw/IQ_Data/20260202_144955_beam2.mat,64,24,33,-44,63.16819763183594,32,65,1,-3,1,3,32.4375114440918,28.99693489074707,3.4405765533447266,64,24,33,-44,65.12955474853516,32,73,1,5,1,5,30.87905502319336,27.527782440185547,3.3512725830078125,-8,0,1.5584564208984375,"[1800.0, 2100.0)","[6.0, 8.0)"
20260202_144955_beam3,20260202_144955,train,3,2070.0,5.85,68,32,data/raw/IQ_Data/20260202_144955_beam3.mat,64,24,32,-44,63.216285705566406,32,71,0,3,0,3,33.88356018066406,33.705257415771484,0.17830276489257812,64,24,32,-44,63.70628356933594,32,69,0,1,0,1,32.51984405517578,32.3763427734375,0.14350128173828125,2,0,1.3637161254882812,"[1800.0, 2100.0)","[4.0, 6.0)"
20260202_144955_beam4,20260202_144955,train,4,2070.0,5.85,68,32,data/raw/IQ_Data/20260202_144955_beam4.mat,64,8,32,-60,61.9062385559082,32,71,0,3,0,3,28.524864196777344,28.143856048583984,0.3810081481933594,64,8,32,-60,61.179832458496094,32,69,0,1,0,1,27.224613189697266,26.884090423583984,0.34052276611328125,2,0,1.3002510070800781,"[1800.0, 2100.0)","[4.0, 6.0)"
20260202_144955_beam5,20260202_144955,train,5,2100.0,5.85,69,32,data/raw/IQ_Data/20260202_144955_beam5.mat,64,24,32,-45,55.25471115112305,32,71,0,2,0,2,17.796188354492188,17.784292221069336,0.011896133422851562,64,36,32,-33,56.11217498779297,32,72,0,3,0,3,16.151365280151367,14.072999000549316,2.078366279602051,-1,0,1.6448230743408203,"[2100.0, 2400.0)","[4.0, 6.0)"
20260202_145004_beam1,20260202_145004,test,1,2130.0,5.3,70,35,data/raw/IQ_Data/20260202_145004_beam1.mat,64,24,29,-46,62.42997741699219,35,74,0,4,0,4,16.365131378173828,14.517370223999023,1.8477611541748047,64,24,29,-46,63.26911163330078,36,66,1,-4,1,4,25.186668395996094,24.593936920166016,0.5927314758300781,8,-1,-8.821537017822266,"[2100.0, 2400.0)","[4.0, 6.0)"
20260202_145004_beam2,20260202_145004,test,2,2130.0,5.3,70,35,data/raw/IQ_Data/20260202_145004_beam2.mat,64,24,29,-46,61.05868911743164,36,73,1,3,1,3,19.362642288208008,16.85062599182129,2.5120162963867188,64,8,29,-62,61.805171966552734,35,66,0,-4,0,4,35.495819091796875,34.78641128540039,0.7094078063964844,7,1,-16.133176803588867,"[2100.0, 2400.0)","[4.0, 6.0)"
20260202_145004_beam3,20260202_145004,test,3,2130.0,5.3,70,35,data/raw/IQ_Data/20260202_145004_beam3.mat,64,8,29,-62,61.20832824707031,36,73,1,3,1,3,18.78577995300293,16.309282302856445,2.4764976501464844,64,8,29,-62,61.08005905151367,35,66,0,-4,0,4,34.888126373291016,34.19795608520508,0.6901702880859375,7,1,-16.102346420288086,"[2100.0, 2400.0)","[4.0, 6.0)"
20260202_145004_beam4,20260202_145004,test,4,2130.0,5.3,70,35,data/raw/IQ_Data/20260202_145004_beam4.mat,64,8,29,-62,61.90501403808594,35,74,0,4,0,4,14.97423267364502,12.32321834564209,2.6510143280029297,64,24,29,-46,61.34564208984375,35,66,0,-4,0,4,23.919057846069336,22.969554901123047,0.9495029449462891,8,0,-8.944825172424316,"[2100.0, 2400.0)","[4.0, 6.0)"
20260202_145012_beam1,20260202_145012,val,1,2190.0,5.12,72,36,data/raw/IQ_Data/20260202_145012_beam1.mat,64,24,28,-48,60.40388107299805,37,76,1,4,1,4,17.09719467163086,12.656396865844727,4.440797805786133,64,24,28,-48,62.7194938659668,37,73,1,1,1,1,16.10108184814453,12.675300598144531,3.42578125,3,0,0.9961128234863281,"[2100.0, 2400.0)","[4.0, 6.0)"
20260202_145012_beam2,20260202_145012,val,2,2160.0,5.12,71,36,data/raw/IQ_Data/20260202_145012_beam2.mat,64,24,28,-47,61.237831115722656,37,73,1,2,1,2,21.264307022094727,19.988327026367188,1.275979995727539,64,24,28,-47,63.060768127441406,37,71,1,0,1,0,20.623369216918945,19.042936325073242,1.5804328918457031,2,0,0.6409378051757812,"[2100.0, 2400.0)","[4.0, 6.0)"
20260202_145012_beam3,20260202_145012,val,3,2160.0,5.12,71,36,data/raw/IQ_Data/20260202_145012_beam3.mat,64,8,28,-63,61.2064208984375,37,73,1,2,1,2,19.800373077392578,18.79167938232422,1.0086936950683594,64,24,28,-47,62.79969787597656,37,71,1,0,1,0,19.011531829833984,17.665584564208984,1.345947265625,2,0,0.7888412475585938,"[2100.0, 2400.0)","[4.0, 6.0)"
20260202_145012_beam4,20260202_145012,val,4,2160.0,5.12,71,36,data/raw/IQ_Data/20260202_145012_beam4.mat,64,8,28,-63,61.90550994873047,36,71,0,0,0,0,12.631482124328613,12.631482124328613,0.0,64,8,28,-63,61.180397033691406,37,75,1,4,1,4,12.351073265075684,11.125393867492676,1.2256793975830078,-4,-1,0.2804088592529297,"[2100.0, 2400.0)","[4.0, 6.0)"
20260202_145020_beam1,20260202_145020,val,1,2220.0,2.56,73,50,data/raw/IQ_Data/20260202_145020_beam1.mat,64,8,14,-65,60.35778045654297,50,68,0,-5,0,5,23.752544403076172,22.52484130859375,1.2277030944824219,64,8,14,-65,59.88357925415039,50,70,0,-3,0,3,24.608144760131836,24.596956253051758,0.011188507080078125,-2,0,-0.8556003570556641,"[2100.0, 2400.0)","[2.0, 4.0)"
20260202_145020_beam2,20260202_145020,val,2,2220.0,2.56,73,50,data/raw/IQ_Data/20260202_145020_beam2.mat,64,8,14,-65,60.78548049926758,50,68,0,-5,0,5,27.822582244873047,26.73759651184082,1.0849857330322266,64,8,14,-65,61.8035888671875,50,68,0,-5,0,5,29.01399803161621,28.693830490112305,0.32016754150390625,0,0,-1.191415786743164,"[2100.0, 2400.0)","[2.0, 4.0)"
20260202_145020_beam3,20260202_145020,val,3,2220.0,2.56,73,50,data/raw/IQ_Data/20260202_145020_beam3.mat,64,8,14,-65,61.206878662109375,50,68,0,-5,0,5,25.825916290283203,24.79477310180664,1.0311431884765625,64,8,14,-65,61.078392028808594,50,76,0,3,0,3,27.18989372253418,26.671674728393555,0.518218994140625,-8,0,-1.3639774322509766,"[2100.0, 2400.0)","[2.0, 4.0)"
20260202_145020_beam4,20260202_145020,val,4,2190.0,2.56,72,50,data/raw/IQ_Data/20260202_145020_beam4.mat,64,8,14,-64,61.90599822998047,50,68,0,-4,0,4,17.468185424804688,16.540903091430664,0.9272823333740234,64,8,14,-64,61.178138732910156,50,76,0,4,0,4,19.855384826660156,18.50545310974121,1.3499317169189453,-8,0,-2.3871994018554688,"[2100.0, 2400.0)","[2.0, 4.0)"
20260202_145028_beam1,20260202_145028,train,1,2250.0,2.56,74,50,data/raw/IQ_Data/20260202_145028_beam1.mat,64,8,14,-66,60.3578987121582,50,69,0,-5,0,5,14.035544395446777,13.638378143310547,0.39716625213623047,64,8,14,-66,59.88304901123047,50,73,0,-1,0,1,12.997386932373047,11.881893157958984,1.1154937744140625,-4,0,1.0381574630737305,"[2100.0, 2400.0)","[2.0, 4.0)"
20260202_145028_beam2,20260202_145028,train,2,2220.0,2.56,73,50,data/raw/IQ_Data/20260202_145028_beam2.mat,64,8,14,-65,60.7861328125,50,69,0,-4,0,4,17.3629207611084,16.37973976135254,0.9831809997558594,64,8,14,-65,61.8043327331543,50,73,0,0,0,0,16.045364379882812,16.045364379882812,0.0,-4,0,1.317556381225586,"[2100.0, 2400.0)","[2.0, 4.0)"
20260202_145028_beam3,20260202_145028,train,3,2250.0,2.56,74,50,data/raw/IQ_Data/20260202_145028_beam3.mat,64,8,14,-66,61.20606994628906,50,74,0,0,0,0,15.453922271728516,15.453922271728516,0.0,64,8,14,-66,61.079872131347656,50,69,0,-5,0,5,14.534707069396973,13.081794738769531,1.4529123306274414,5,0,0.919215202331543,"[2100.0, 2400.0)","[2.0, 4.0)"
20260202_145037_beam1,20260202_145037,test,1,2250.0,2.74,74,49,data/raw/IQ_Data/20260202_145037_beam1.mat,64,8,15,-66,60.3562126159668,49,76,0,2,0,2,18.12934684753418,17.454084396362305,0.675262451171875,64,8,15,-66,59.88378143310547,49,70,0,-4,0,4,17.37887191772461,16.92443084716797,0.4544410705566406,6,0,0.7504749298095703,"[2100.0, 2400.0)","[2.0, 4.0)"
20260202_145037_beam2,20260202_145037,test,2,2220.0,2.74,73,49,data/raw/IQ_Data/20260202_145037_beam2.mat,64,8,15,-65,60.78794479370117,49,78,0,5,0,5,20.85170555114746,20.429752349853516,0.4219532012939453,64,8,15,-65,61.802772521972656,49,78,0,5,0,5,20.614879608154297,19.47788429260254,1.1369953155517578,0,0,0.23682594299316406,"[2100.0, 2400.0)","[2.0, 4.0)"
20260202_145037_beam3,20260202_145037,test,3,2220.0,2.74,73,49,data/raw/IQ_Data/20260202_145037_beam3.mat,64,8,15,-65,61.203514099121094,49,77,0,4,0,4,17.992019653320312,17.477680206298828,0.5143394470214844,64,8,15,-65,61.075782775878906,49,78,0,5,0,5,18.667509078979492,18.119384765625,0.5481243133544922,-1,0,-0.6754894256591797,"[2100.0, 2400.0)","[2.0, 4.0)"
20260202_145045_beam1,20260202_145045,train,1,2220.0,-3.84,73,85,data/raw/IQ_Data/20260202_145045_beam1.mat,64,24,-21,-49,62.73841094970703,85,70,0,-3,0,3,14.638656616210938,12.941361427307129,1.6972951889038086,64,24,-21,-49,62.601600646972656,85,74,0,1,0,1,16.778919219970703,15.086740493774414,1.692178726196289,-4,0,-2.1402626037597656,"[2100.0, 2400.0)","[-4.0, -2.0)"
20260202_145045_beam2,20260202_145045,train,2,2250.0,-4.02,74,86,data/raw/IQ_Data/20260202_145045_beam2.mat,64,8,-22,-66,60.78719711303711,86,75,0,1,0,1,22.53870391845703,20.973018646240234,1.5656852722167969,64,8,-22,-66,61.803165435791016,86,78,0,4,0,4,20.513914108276367,19.964813232421875,0.5491008758544922,-3,0,2.024789810180664,"[2100.0, 2400.0)","[-6.0, -4.0)"
20260202_145045_beam3,20260202_145045,train,3,2250.0,-3.84,74,85,data/raw/IQ_Data/20260202_145045_beam3.mat,64,24,-21,-50,63.26464080810547,85,70,0,-4,0,4,15.389939308166504,13.682973861694336,1.706965446472168,64,24,-21,-50,63.944759368896484,85,71,0,-3,0,3,16.79922866821289,16.745525360107422,0.05370330810546875,-1,0,-1.4092893600463867,"[2100.0, 2400.0)","[-4.0, -2.0)"
20260202_145045_beam4,20260202_145045,train,4,2250.0,-4.02,74,86,data/raw/IQ_Data/20260202_145045_beam4.mat,64,8,-22,-66,61.90400695800781,86,72,0,-2,0,2,7.858412742614746,-7.44882869720459,15.307241439819336,64,8,-22,-66,61.179351806640625,85,74,-1,0,1,0,8.985580444335938,6.590757846832275,2.394822597503662,-2,1,-1.1271677017211914,"[2100.0, 2400.0)","[-6.0, -4.0)"
20260202_145053_beam1,20260202_145053,train,1,2220.0,-3.65,73,84,data/raw/IQ_Data/20260202_145053_beam1.mat,64,8,-20,-65,60.35761260986328,84,77,0,4,0,4,23.842697143554688,22.81377601623535,1.028921127319336,64,8,-20,-65,59.88432312011719,84,77,0,4,0,4,20.621612548828125,19.561540603637695,1.0600719451904297,0,0,3.2210845947265625,"[2100.0, 2400.0)","[-4.0, -2.0)"
20260202_145053_beam2,20260202_145053,train,2,2220.0,-3.65,73,84,data/raw/IQ_Data/20260202_145053_beam2.mat,64,8,-20,-65,60.7859001159668,84,77,0,4,0,4,27.329914093017578,26.903074264526367,0.42683982849121094,64,8,-20,-65,61.80218505859375,84,77,0,4,0,4,24.351442337036133,23.20022964477539,1.1512126922607422,0,0,2.9784717559814453,"[2100.0, 2400.0)","[-4.0, -2.0)"
20260202_145053_beam3,20260202_145053,train,3,2220.0,-3.47,73,83,data/raw/IQ_Data/20260202_145053_beam3.mat,64,8,-19,-65,61.207427978515625,84,73,1,0,1,0,24.848718643188477,21.340599060058594,3.508119583129883,64,8,-19,-65,61.07786178588867,84,77,1,4,1,4,22.160547256469727,17.654109954833984,4.506437301635742,-4,0,2.68817138671875,"[2100.0, 2400.0)","[-4.0, -2.0)"
20260202_145053_beam4,20260202_145053,train,4,2220.0,-3.65,73,84,data/raw/IQ_Data/20260202_145053_beam4.mat,64,8,-20,-65,61.90586853027344,84,73,0,0,0,0,16.908363342285156,16.908363342285156,0.0,64,8,-20,-65,61.179405212402344,84,71,0,-2,0,2,14.448882102966309,12.279816627502441,2.169065475463867,2,0,2.4594812393188477,"[2100.0, 2400.0)","[-4.0, -2.0)"
20260202_145102_beam1,20260202_145102,train,1,2160.0,-5.12,71,92,data/raw/IQ_Data/20260202_145102_beam1.mat,64,24,-28,-47,62.67962646484375,92,71,0,0,0,0,25.58861541748047,25.58861541748047,0.0,64,24,-28,-47,63.77679443359375,92,72,0,1,0,1,25.762128829956055,25.436134338378906,0.32599449157714844,-1,0,-0.17351341247558594,"[2100.0, 2400.0)","[-6.0, -4.0)"
20260202_145102_beam2,20260202_145102,train,2,2190.0,-5.12,72,92,data/raw/IQ_Data/20260202_145102_beam2.mat,64,24,-28,-48,61.66591262817383,92,76,0,4,0,4,30.10331153869629,29.763954162597656,0.3393573760986328,64,24,-28,-48,64.44855499267578,92,72,0,0,0,0,30.311744689941406,30.311744689941406,0.0,4,0,-0.2084331512451172,"[2100.0, 2400.0)","[-6.0, -4.0)"
20260202_145102_beam3,20260202_145102,train,3,2190.0,-4.93,72,91,data/raw/IQ_Data/20260202_145102_beam3.mat,64,24,-27,-48,61.987892150878906,92,76,1,4,1,4,28.77242088317871,26.033096313476562,2.7393245697021484,64,24,-27,-48,64.2318344116211,92,72,1,0,1,0,28.812658309936523,26.277976989746094,2.5346813201904297,4,0,-0.0402374267578125,"[2100.0, 2400.0)","[-6.0, -4.0)"
20260202_145102_beam4,20260202_145102,train,4,2160.0,-5.12,71,92,data/raw/IQ_Data/20260202_145102_beam4.mat,64,8,-28,-63,61.90241241455078,92,74,0,3,0,3,21.52065086364746,20.355093002319336,1.165557861328125,64,24,-28,-47,61.35994338989258,92,74,0,3,0,3,21.6057186126709,21.241737365722656,0.3639812469482422,0,0,-0.0850677490234375,"[2100.0, 2400.0)","[-6.0, -4.0)"
20260202_145102_beam5,20260202_145102,train,5,2190.0,-4.93,72,91,data/raw/IQ_Data/20260202_145102_beam5.mat,64,24,-27,-48,55.031166076660156,92,74,1,2,1,2,11.670724868774414,9.445324897766113,2.225399971008301,64,8,-27,-64,55.59676742553711,92,71,1,-1,1,1,11.73396110534668,6.264619827270508,5.469341278076172,3,0,-0.06323623657226562,"[2100.0, 2400.0)","[-6.0, -4.0)"
20260202_145110_beam1,20260202_145110,test,1,2130.0,-5.3,70,93,data/raw/IQ_Data/20260202_145110_beam1.mat,64,8,-29,-62,60.3558349609375,93,74,0,4,0,4,22.398658752441406,21.304325103759766,1.0943336486816406,64,24,-29,-46,62.42420196533203,93,66,0,-4,0,4,19.99333381652832,19.24045753479004,0.7528762817382812,8,0,2.405324935913086,"[2100.0, 2400.0)","[-6.0, -4.0)"
20260202_145110_beam2,20260202_145110,test,2,2130.0,-5.3,70,93,data/raw/IQ_Data/20260202_145110_beam2.mat,64,8,-29,-62,60.78528594970703,93,66,0,-4,0,4,21.62845802307129,20.923336029052734,0.7051219940185547,64,8,-29,-62,61.798667907714844,93,71,0,1,0,1,19.284008026123047,18.719871520996094,0.5641365051269531,-5,0,2.344449996948242,"[2100.0, 2400.0)","[-6.0, -4.0)"
20260202_145110_beam3,20260202_145110,test,3,2130.0,-5.3,70,93,data/raw/IQ_Data/20260202_145110_beam3.mat,64,8,-29,-62,61.20421600341797,93,66,0,-4,0,4,26.93741798400879,26.743181228637695,0.19423675537109375,64,24,-29,-46,61.38438415527344,93,66,0,-4,0,4,24.774608612060547,23.951351165771484,0.8232574462890625,0,0,2.162809371948242,"[2100.0, 2400.0)","[-6.0, -4.0)"
20260202_145110_beam4,20260202_145110,test,4,2130.0,-5.3,70,93,data/raw/IQ_Data/20260202_145110_beam4.mat,64,8,-29,-62,61.903167724609375,93,70,0,0,0,0,20.460956573486328,20.460956573486328,0.0,64,8,-29,-62,61.177146911621094,93,71,0,1,0,1,18.001750946044922,16.8553466796875,1.1464042663574219,-1,0,2.4592056274414062,"[2100.0, 2400.0)","[-6.0, -4.0)"
20260202_145118_beam1,20260202_145118,val,1,2070.0,-4.93,68,91,data/raw/IQ_Data/20260202_145118_beam1.mat,64,26,-27,-42,62.267608642578125,91,65,0,-3,0,3,18.761913299560547,17.294401168823242,1.4675121307373047,64,24,-27,-44,61.43448257446289,91,73,0,5,0,5,25.730878829956055,25.443002700805664,0.2878761291503906,-8,0,-6.968965530395508,"[1800.0, 2100.0)","[-6.0, -4.0)"
20260202_145118_beam2,20260202_145118,val,2,2070.0,-4.93,68,91,data/raw/IQ_Data/20260202_145118_beam2.mat,64,8,-27,-60,60.78569412231445,91,65,0,-3,0,3,24.735830307006836,24.200664520263672,0.5351657867431641,64,8,-27,-60,61.8010368347168,91,73,0,5,0,5,32.26927185058594,31.913698196411133,0.3555736541748047,-8,0,-7.533441543579102,"[1800.0, 2100.0)","[-6.0, -4.0)"
20260202_145118_beam3,20260202_145118,val,3,2100.0,-4.93,69,91,data/raw/IQ_Data/20260202_145118_beam3.mat,64,8,-27,-61,61.20532989501953,91,65,0,-4,0,4,24.6982364654541,24.353273391723633,0.34496307373046875,64,8,-27,-61,61.075992584228516,91,73,0,4,0,4,32.56325149536133,31.881221771240234,0.6820297241210938,-8,0,-7.865015029907227,"[2100.0, 2400.0)","[-6.0, -4.0)"
20260202_145118_beam4,20260202_145118,val,4,2100.0,-4.93,69,91,data/raw/IQ_Data/20260202_145118_beam4.mat,64,8,-27,-61,61.90595626831055,91,73,0,4,0,4,18.20676040649414,17.375411987304688,0.8313484191894531,64,8,-27,-61,61.18086242675781,91,65,0,-4,0,4,22.405696868896484,22.20417022705078,0.20152664184570312,8,0,-4.198936462402344,"[2100.0, 2400.0)","[-6.0, -4.0)"
20260202_145126_beam1,20260202_145126,train,1,2040.0,-4.75,67,90,data/raw/IQ_Data/20260202_145126_beam1.mat,64,8,-26,-59,60.35370635986328,90,68,0,1,0,1,16.380117416381836,14.949994087219238,1.4301233291625977,64,8,-26,-59,59.88014602661133,90,67,0,0,0,0,24.951963424682617,24.951963424682617,0.0,1,0,-8.571846008300781,"[1800.0, 2100.0)","[-6.0, -4.0)"
20260202_145126_beam2,20260202_145126,train,2,2070.0,-4.75,68,90,data/raw/IQ_Data/20260202_145126_beam2.mat,64,8,-26,-60,60.78260040283203,90,69,0,1,0,1,23.101238250732422,23.004199981689453,0.09703826904296875,64,8,-26,-60,61.800689697265625,90,65,0,-3,0,3,32.011436462402344,31.93812370300293,0.07331275939941406,4,0,-8.910198211669922,"[1800.0, 2100.0)","[-6.0, -4.0)"
20260202_145126_beam3,20260202_145126,train,3,2040.0,-4.75,67,90,data/raw/IQ_Data/20260202_145126_beam3.mat,64,8,-26,-59,61.204219818115234,90,67,0,0,0,0,24.092693328857422,24.092693328857422,0.0,64,8,-26,-59,61.077049255371094,90,70,0,3,0,3,33.07807159423828,32.87284851074219,0.20522308349609375,-3,0,-8.98537826538086,"[1800.0, 2100.0)","[-6.0, -4.0)"
20260202_145126_beam4,20260202_145126,train,4,2070.0,-4.75,68,90,data/raw/IQ_Data/20260202_145126_beam4.mat,64,8,-26,-60,61.90526580810547,90,67,0,-1,0,1,19.553165435791016,18.16364860534668,1.389516830444336,64,8,-26,-60,61.1795768737793,90,70,0,2,0,2,28.220611572265625,28.040658950805664,0.17995262145996094,-3,0,-8.66744613647461,"[1800.0, 2100.0)","[-6.0, -4.0)"
20260202_145126_beam5,20260202_145126,train,5,2070.0,-4.75,68,90,data/raw/IQ_Data/20260202_145126_beam5.mat,64,8,-26,-60,54.81616973876953,90,65,0,-3,0,3,12.299551963806152,6.5760040283203125,5.72354793548584,64,8,-26,-60,55.59442901611328,90,71,0,3,0,3,18.932188034057617,18.21480941772461,0.7173786163330078,-6,0,-6.632636070251465,"[1800.0, 2100.0)","[-6.0, -4.0)"
20260202_145135_beam1,20260202_145135,train,1,2070.0,4.57,68,39,data/raw/IQ_Data/20260202_145135_beam1.mat,64,24,25,-44,61.122093200683594,39,69,0,1,0,1,27.237834930419922,26.843168258666992,0.3946666717529297,64,24,25,-44,63.93474578857422,39,63,0,-5,0,5,25.64376449584961,25.452119827270508,0.19164466857910156,6,0,1.5940704345703125,"[1800.0, 2100.0)","[4.0, 6.0)"
20260202_145135_beam2,20260202_145135,train,2,2040.0,4.57,67,39,data/raw/IQ_Data/20260202_145135_beam2.mat,64,24,25,-43,61.34193801879883,39,63,0,-4,0,4,34.164329528808594,33.85480499267578,0.3095245361328125,64,24,25,-43,64.66453552246094,39,63,0,-4,0,4,32.694862365722656,32.34401321411133,0.3508491516113281,0,0,1.4694671630859375,"[1800.0, 2100.0)","[4.0, 6.0)"
20260202_145135_beam3,20260202_145135,train,3,2070.0,4.57,68,39,data/raw/IQ_Data/20260202_145135_beam3.mat,64,8,25,-60,61.20512008666992,39,63,0,-5,0,5,35.0222282409668,34.76336669921875,0.2588615417480469,64,24,25,-44,63.24237060546875,39,63,0,-5,0,5,33.61081314086914,33.51554489135742,0.09526824951171875,0,0,1.4114151000976562,"[1800.0, 2100.0)","[4.0, 6.0)"
20260202_145135_beam4,20260202_145135,train,4,2070.0,4.39,68,40,data/raw/IQ_Data/20260202_145135_beam4.mat,64,8,24,-60,61.90571212768555,39,63,-1,-5,1,5,31.67078399658203,27.5865478515625,4.084236145019531,64,8,24,-60,61.17837905883789,39,63,-1,-5,1,5,31.119029998779297,27.03192710876465,4.087102890014648,0,0,0.5517539978027344,"[1800.0, 2100.0)","[4.0, 6.0)"
20260202_145135_beam5,20260202_145135,train,5,2070.0,4.57,68,39,data/raw/IQ_Data/20260202_145135_beam5.mat,64,8,25,-60,54.816162109375,39,67,0,-1,0,1,20.963268280029297,20.59333038330078,0.3699378967285156,64,8,25,-60,55.59741973876953,39,71,0,3,0,3,21.208148956298828,20.918787002563477,0.28936195373535156,-4,0,-0.24488067626953125,"[1800.0, 2100.0)","[4.0, 6.0)"
20260202_145143_beam1,20260202_145143,train,1,2070.0,5.85,68,32,data/raw/IQ_Data/20260202_145143_beam1.mat,64,8,32,-60,60.35809326171875,32,65,0,-3,0,3,29.405977249145508,28.413501739501953,0.9924755096435547,64,8,32,-60,59.884891510009766,32,73,0,5,0,5,35.08659362792969,34.51942825317383,0.5671653747558594,-8,0,-5.68061637878418,"[1800.0, 2100.0)","[4.0, 6.0)"
20260202_145143_beam2,20260202_145143,train,2,2070.0,5.85,68,32,data/raw/IQ_Data/20260202_145143_beam2.mat,64,8,32,-60,60.786598205566406,32,73,0,5,0,5,33.39483642578125,32.59028625488281,0.8045501708984375,64,8,32,-60,61.803470611572266,32,73,0,5,0,5,39.419769287109375,38.825008392333984,0.5947608947753906,0,0,-6.024932861328125,"[1800.0, 2100.0)","[4.0, 6.0)"
20260202_145143_beam3,20260202_145143,train,3,2100.0,5.85,69,32,data/raw/IQ_Data/20260202_145143_beam3.mat,64,8,32,-61,61.20659255981445,32,73,0,4,0,4,33.217529296875,32.5578498840332,0.6596794128417969,64,8,32,-61,61.07744598388672,32,73,0,4,0,4,39.35490417480469,38.63644027709961,0.7184638977050781,0,0,-6.1373748779296875,"[2100.0, 2400.0)","[4.0, 6.0)"
20260202_145143_beam4,20260202_145143,train,4,2070.0,5.85,68,32,data/raw/IQ_Data/20260202_145143_beam4.mat,64,8,32,-60,61.905574798583984,32,73,0,5,0,5,28.678409576416016,28.027240753173828,0.6511688232421875,64,8,32,-60,61.179447174072266,32,73,0,5,0,5,34.93058776855469,34.34636688232422,0.5842208862304688,0,0,-6.252178192138672,"[1800.0, 2100.0)","[4.0, 6.0)"
20260202_145143_beam5,20260202_145143,train,5,2100.0,5.85,69,32,data/raw/IQ_Data/20260202_145143_beam5.mat,64,8,32,-61,54.8143424987793,32,71,0,2,0,2,16.56192398071289,14.531797409057617,2.0301265716552734,64,8,32,-61,55.597625732421875,32,73,0,4,0,4,21.87936782836914,20.778215408325195,1.1011524200439453,-2,0,-5.31744384765625,"[2100.0, 2400.0)","[4.0, 6.0)"
20260202_145151_beam1,20260202_145151,train,1,2130.0,5.66,70,33,data/raw/IQ_Data/20260202_145151_beam1.mat,64,8,31,-62,60.357627868652344,33,72,0,2,0,2,31.762115478515625,31.242549896240234,0.5195655822753906,64,24,31,-46,61.384605407714844,33,69,0,-1,0,1,27.494985580444336,26.996583938598633,0.4984016418457031,3,0,4.267129898071289,"[2100.0, 2400.0)","[4.0, 6.0)"
20260202_145151_beam2,20260202_145151,train,2,2160.0,5.66,71,33,data/raw/IQ_Data/20260202_145151_beam2.mat,64,8,31,-63,60.78588104248047,33,72,0,1,0,1,36.42478561401367,36.21015167236328,0.21463394165039062,64,8,31,-63,61.80390167236328,33,73,0,2,0,2,32.29827117919922,32.150909423828125,0.14736175537109375,-1,0,4.126514434814453,"[2100.0, 2400.0)","[4.0, 6.0)"
20260202_145151_beam3,20260202_145151,train,3,2130.0,5.66,70,33,data/raw/IQ_Data/20260202_145151_beam3.mat,64,8,31,-62,61.206748962402344,33,72,0,2,0,2,35.19770812988281,35.01751708984375,0.1801910400390625,64,8,31,-62,61.0787353515625,33,68,0,-2,0,2,31.111663818359375,30.865747451782227,0.24591636657714844,4,0,4.0860443115234375,"[2100.0, 2400.0)","[4.0, 6.0)"
20260202_145151_beam4,20260202_145151,train,4,2130.0,5.66,70,33,data/raw/IQ_Data/20260202_145151_beam4.mat,64,8,31,-62,61.90639114379883,33,72,0,2,0,2,28.019258499145508,27.697174072265625,0.3220844268798828,64,8,31,-62,61.17879867553711,33,68,0,-2,0,2,23.98154067993164,23.860767364501953,0.1207733154296875,4,0,4.037717819213867,"[2100.0, 2400.0)","[4.0, 6.0)"
20260202_145151_beam5,20260202_145151,train,5,2160.0,5.66,71,33,data/raw/IQ_Data/20260202_145151_beam5.mat,64,8,31,-63,54.818721771240234,33,71,0,0,0,0,17.423315048217773,17.423315048217773,0.0,64,8,31,-63,55.593605041503906,33,70,0,-1,0,1,14.564496040344238,12.559701919555664,2.004794120788574,1,0,2.858819007873535,"[2100.0, 2400.0)","[4.0, 6.0)"
20260202_145208_beam1,20260202_145208,train,1,2160.0,-4.02,71,86,data/raw/IQ_Data/20260202_145208_beam1.mat,64,24,-22,-47,61.22394943237305,85,75,-1,4,1,4,19.6475830078125,15.330589294433594,4.316993713378906,64,24,-22,-47,63.2725944519043,85,67,-1,-4,1,4,26.162696838378906,22.798095703125,3.3646011352539062,8,0,-6.515113830566406,"[2100.0, 2400.0)","[-6.0, -4.0)"
20260202_145208_beam2,20260202_145208,train,2,2160.0,-3.84,71,85,data/raw/IQ_Data/20260202_145208_beam2.mat,64,24,-21,-47,62.36894226074219,85,75,0,4,0,4,23.9003963470459,23.116134643554688,0.7842617034912109,64,24,-21,-47,63.615211486816406,85,67,0,-4,0,4,30.9067440032959,30.500871658325195,0.4058723449707031,8,0,-7.00634765625,"[2100.0, 2400.0)","[-4.0, -2.0)"
20260202_145208_beam3,20260202_145208,train,3,2160.0,-3.84,71,85,data/raw/IQ_Data/20260202_145208_beam3.mat,64,24,-21,-47,62.046897888183594,85,75,0,4,0,4,22.467863082885742,21.570430755615234,0.8974323272705078,64,24,-21,-47,62.923465728759766,85,67,0,-4,0,4,29.702425003051758,29.06549835205078,0.6369266510009766,8,0,-7.234561920166016,"[2100.0, 2400.0)","[-4.0, -2.0)"
20260202_145208_beam4,20260202_145208,train,4,2160.0,-3.84,71,85,data/raw/IQ_Data/20260202_145208_beam4.mat,64,8,-21,-63,61.906776428222656,85,73,0,2,0,2,15.835809707641602,13.435125350952148,2.400684356689453,64,8,-21,-63,61.17824172973633,85,67,0,-4,0,4,22.715328216552734,21.592666625976562,1.1226615905761719,6,0,-6.879518508911133,"[2100.0, 2400.0)","[-4.0, -2.0)"
20260202_145216_beam1,20260202_145216,val,1,2130.0,-2.19,70,76,data/raw/IQ_Data/20260202_145216_beam1.mat,64,8,-12,-62,60.35618591308594,76,66,0,-4,0,4,27.23484230041504,26.707427978515625,0.5274143218994141,64,8,-12,-62,59.88125228881836,76,66,0,-4,0,4,27.6137638092041,26.911285400390625,0.7024784088134766,0,0,-0.3789215087890625,"[2100.0, 2400.0)","[-4.0, -2.0)"
20260202_145216_beam2,20260202_145216,val,2,2130.0,-2.74,70,79,data/raw/IQ_Data/20260202_145216_beam2.mat,64,24,-15,-46,62.697105407714844,79,66,0,-4,0,4,37.566307067871094,36.976539611816406,0.5897674560546875,64,24,-15,-46,63.50428771972656,79,66,0,-4,0,4,36.51628875732422,35.8663444519043,0.6499443054199219,0,0,1.050018310546875,"[2100.0, 2400.0)","[-4.0, -2.0)"
20260202_145216_beam3,20260202_145216,val,3,2130.0,-2.38,70,77,data/raw/IQ_Data/20260202_145216_beam3.mat,64,8,-13,-62,61.20524978637695,76,74,-1,4,1,4,31.350486755371094,28.281742095947266,3.068744659423828,64,8,-13,-62,61.07624435424805,76,66,-1,-4,1,4,31.90469741821289,28.578983306884766,3.325714111328125,8,0,-0.5542106628417969,"[2100.0, 2400.0)","[-4.0, -2.0)"
20260202_145216_beam4,20260202_145216,val,4,2130.0,-2.38,70,77,data/raw/IQ_Data/20260202_145216_beam4.mat,64,8,-13,-62,61.90426254272461,76,74,-1,4,1,4,24.238235473632812,20.97952651977539,3.258708953857422,64,8,-13,-62,61.17826461791992,76,66,-1,-4,1,4,24.743358612060547,20.99225616455078,3.7511024475097656,8,0,-0.5051231384277344,"[2100.0, 2400.0)","[-4.0, -2.0)"
20260202_145216_beam5,20260202_145216,val,5,2100.0,-2.38,69,77,data/raw/IQ_Data/20260202_145216_beam5.mat,64,8,-13,-61,54.815460205078125,76,71,-1,2,1,2,14.254047393798828,10.018470764160156,4.235576629638672,64,8,-13,-61,55.59685134887695,76,68,-1,-1,1,1,14.810579299926758,7.145406723022461,7.665172576904297,3,0,-0.5565319061279297,"[2100.0, 2400.0)","[-4.0, -2.0)"
20260202_145713_beam1,20260202_145713,train,1,2190.0,-5.85,72,96,data/raw/IQ_Data/20260202_145713_beam1.mat,64,8,-32,-64,60.35590744018555,96,74,0,2,0,2,13.919463157653809,12.088631629943848,1.830831527709961,64,8,-32,-64,59.883026123046875,96,70,0,-2,0,2,13.312357902526855,11.797994613647461,1.5143632888793945,4,0,0.6071052551269531,"[2100.0, 2400.0)","[-6.0, -4.0)"
20260202_145713_beam2,20260202_145713,train,2,2190.0,-5.85,72,96,data/raw/IQ_Data/20260202_145713_beam2.mat,64,24,-32,-48,61.55039978027344,96,73,0,1,0,1,21.449460983276367,20.422334671020508,1.0271263122558594,64,8,-32,-64,61.803680419921875,96,68,0,-4,0,4,21.751611709594727,20.44390106201172,1.3077106475830078,5,0,-0.3021507263183594,"[2100.0, 2400.0)","[-6.0, -4.0)"
20260202_145713_beam3,20260202_145713,train,3,2190.0,-5.85,72,96,data/raw/IQ_Data/20260202_145713_beam3.mat,64,8,-32,-64,61.206478118896484,96,74,0,2,0,2,14.606961250305176,12.703080177307129,1.9038810729980469,64,8,-32,-64,61.077362060546875,96,72,0,0,0,0,14.780282020568848,14.780282020568848,0.0,2,0,-0.17332077026367188,"[2100.0, 2400.0)","[-6.0, -4.0)"
20260202_145713_beam4,20260202_145713,train,4,2190.0,-5.85,72,96,data/raw/IQ_Data/20260202_145713_beam4.mat,64,8,-32,-64,61.90292739868164,96,73,0,1,0,1,12.288905143737793,9.467188835144043,2.82171630859375,64,8,-32,-64,61.176185607910156,96,72,0,0,0,0,12.610797882080078,12.610797882080078,0.0,1,0,-0.32189273834228516,"[2100.0, 2400.0)","[-6.0, -4.0)"
20260202_145722_beam1,20260202_145722,train,1,2130.0,-5.85,70,96,data/raw/IQ_Data/20260202_145722_beam1.mat,64,26,-32,-44,64.04369354248047,96,72,0,2,0,2,14.385727882385254,12.842207908630371,1.5435199737548828,64,24,-32,-46,61.37871170043945,96,72,0,2,0,2,16.17484474182129,13.386634826660156,2.788209915161133,0,0,-1.7891168594360352,"[2100.0, 2400.0)","[-6.0, -4.0)"
20260202_145722_beam2,20260202_145722,train,2,2130.0,-5.85,70,96,data/raw/IQ_Data/20260202_145722_beam2.mat,64,26,-32,-44,62.32394790649414,96,72,0,2,0,2,19.48676300048828,18.22435760498047,1.2624053955078125,64,8,-32,-62,61.80266571044922,96,66,0,-4,0,4,21.247434616088867,19.920066833496094,1.3273677825927734,6,0,-1.760671615600586,"[2100.0, 2400.0)","[-6.0, -4.0)"
20260202_145722_beam3,20260202_145722,train,3,2130.0,-5.85,70,96,data/raw/IQ_Data/20260202_145722_beam3.mat,64,8,-32,-62,61.20397186279297,96,72,0,2,0,2,18.5286865234375,17.158105850219727,1.3705806732177734,64,31,-32,-39,61.3203010559082,96,66,0,-4,0,4,20.393564224243164,19.329364776611328,1.064199447631836,6,0,-1.864877700805664,"[2100.0, 2400.0)","[-6.0, -4.0)"
20260202_145722_beam4,20260202_145722,train,4,2160.0,-5.85,71,96,data/raw/IQ_Data/20260202_145722_beam4.mat,64,8,-32,-63,61.90395736694336,96,72,0,1,0,1,12.127731323242188,10.194086074829102,1.933645248413086,64,8,-32,-63,61.175811767578125,96,66,0,-5,0,5,13.594917297363281,10.774175643920898,2.820741653442383,6,0,-1.4671859741210938,"[2100.0, 2400.0)","[-6.0, -4.0)"
20260202_145730_beam1,20260202_145730,train,1,2070.0,-5.85,68,96,data/raw/IQ_Data/20260202_145730_beam1.mat,64,8,-32,-60,60.35626220703125,96,72,0,4,0,4,16.733062744140625,15.553356170654297,1.1797065734863281,64,8,-32,-60,59.88401794433594,96,70,0,2,0,2,13.225702285766602,12.143943786621094,1.0817584991455078,2,0,3.5073604583740234,"[1800.0, 2100.0)","[-6.0, -4.0)"
20260202_145730_beam2,20260202_145730,train,2,2070.0,-5.85,68,96,data/raw/IQ_Data/20260202_145730_beam2.mat,64,24,-32,-44,60.833744049072266,96,73,0,5,0,5,22.542369842529297,22.05710220336914,0.48526763916015625,64,8,-32,-60,61.80396270751953,96,70,0,2,0,2,18.463970184326172,17.806499481201172,0.657470703125,3,0,4.078399658203125,"[1800.0, 2100.0)","[-6.0, -4.0)"
20260202_145730_beam3,20260202_145730,train,3,2070.0,-5.85,68,96,data/raw/IQ_Data/20260202_145730_beam3.mat,64,8,-32,-60,61.205787658691406,96,73,0,5,0,5,22.654850006103516,22.198209762573242,0.45664024353027344,64,8,-32,-60,61.07981872558594,96,69,0,1,0,1,17.953502655029297,17.548770904541016,0.40473175048828125,4,0,4.701347351074219,"[1800.0, 2100.0)","[-6.0, -4.0)"
20260202_145730_beam4,20260202_145730,train,4,2070.0,-5.85,68,96,data/raw/IQ_Data/20260202_145730_beam4.mat,64,8,-32,-60,61.9039192199707,96,73,0,5,0,5,16.804616928100586,16.363866806030273,0.4407501220703125,64,8,-32,-60,61.17714309692383,96,69,0,1,0,1,12.83010482788086,11.493038177490234,1.337066650390625,4,0,3.9745121002197266,"[1800.0, 2100.0)","[-6.0, -4.0)"
20260202_145730_beam5,20260202_145730,train,5,2100.0,-5.85,69,96,data/raw/IQ_Data/20260202_145730_beam5.mat,64,8,-32,-61,54.81342315673828,96,70,0,1,0,1,7.827938079833984,3.0208382606506348,4.80709981918335,64,8,-32,-61,55.591148376464844,96,65,0,-4,0,4,4.978322982788086,4.113909721374512,0.8644132614135742,5,0,2.8496150970458984,"[2100.0, 2400.0)","[-6.0, -4.0)"
20260202_145738_beam1,20260202_145738,train,1,2040.0,-5.85,67,96,data/raw/IQ_Data/20260202_145738_beam1.mat,64,26,-32,-41,63.70014572143555,96,63,0,-4,0,4,21.949026107788086,21.13930892944336,0.8097171783447266,64,24,-32,-43,61.42361068725586,96,63,0,-4,0,4,20.756376266479492,20.20297622680664,0.5534000396728516,0,0,1.1926498413085938,"[1800.0, 2100.0)","[-6.0, -4.0)"
20260202_145738_beam2,20260202_145738,train,2,2040.0,-5.85,67,96,data/raw/IQ_Data/20260202_145738_beam2.mat,64,26,-32,-41,61.372432708740234,96,63,0,-4,0,4,29.2469425201416,28.388959884643555,0.8579826354980469,64,8,-32,-59,61.805152893066406,96,63,0,-4,0,4,28.202917098999023,27.52899932861328,0.6739177703857422,0,0,1.0440254211425781,"[1800.0, 2100.0)","[-6.0, -4.0)"
20260202_145738_beam3,20260202_145738,train,3,2040.0,-5.85,67,96,data/raw/IQ_Data/20260202_145738_beam3.mat,64,24,-32,-43,61.652530670166016,96,63,0,-4,0,4,30.116025924682617,29.378440856933594,0.7375850677490234,64,24,-32,-43,61.885826110839844,96,63,0,-4,0,4,29.18159294128418,28.451805114746094,0.7297878265380859,0,0,0.9344329833984375,"[1800.0, 2100.0)","[-6.0, -4.0)"
20260202_145738_beam4,20260202_145738,train,4,2040.0,-5.85,67,96,data/raw/IQ_Data/20260202_145738_beam4.mat,64,8,-32,-59,61.904296875,96,63,0,-4,0,4,25.100929260253906,24.439754486083984,0.6611747741699219,64,24,-32,-43,61.18212127685547,96,63,0,-4,0,4,24.138572692871094,23.064666748046875,1.0739059448242188,0,0,0.9623565673828125,"[1800.0, 2100.0)","[-6.0, -4.0)"
20260202_145738_beam5,20260202_145738,train,5,2040.0,-5.85,67,96,data/raw/IQ_Data/20260202_145738_beam5.mat,64,24,-32,-43,56.71015167236328,96,71,0,4,0,4,16.031051635742188,13.815227508544922,2.2158241271972656,64,8,-32,-59,55.59259033203125,96,69,0,2,0,2,14.02951431274414,11.080072402954102,2.949441909790039,2,0,2.001537322998047,"[1800.0, 2100.0)","[-6.0, -4.0)"
20260202_145746_beam1,20260202_145746,test,1,2010.0,-5.85,66,96,data/raw/IQ_Data/20260202_145746_beam1.mat,64,8,-32,-58,60.355377197265625,97,67,1,1,1,1,16.591279983520508,14.900545120239258,1.69073486328125,64,8,-32,-58,59.88233184814453,97,62,1,-4,1,4,18.68798828125,15.416658401489258,3.271329879760742,5,0,-2.096708297729492,"[1800.0, 2100.0)","[-6.0, -4.0)"
20260202_145746_beam2,20260202_145746,test,2,2010.0,-6.03,66,97,data/raw/IQ_Data/20260202_145746_beam2.mat,64,24,-33,-42,61.474937438964844,97,67,0,1,0,1,24.810962677001953,24.532499313354492,0.27846336364746094,64,8,-33,-58,61.80451965332031,97,62,0,-4,0,4,26.748693466186523,26.254880905151367,0.49381256103515625,5,0,-1.9377307891845703,"[1800.0, 2100.0)","[-8.0, -6.0)"
20260202_145746_beam3,20260202_145746,test,3,2010.0,-5.85,66,96,data/raw/IQ_Data/20260202_145746_beam3.mat,64,24,-32,-42,61.8421516418457,97,63,1,-3,1,3,26.99169158935547,25.334186553955078,1.6575050354003906,64,8,-32,-58,61.0776481628418,97,65,1,-1,1,1,29.050931930541992,27.78339195251465,1.2675399780273438,-2,0,-2.0592403411865234,"[1800.0, 2100.0)","[-6.0, -4.0)"
20260202_145746_beam4,20260202_145746,test,4,1980.0,-6.03,65,97,data/raw/IQ_Data/20260202_145746_beam4.mat,64,8,-33,-57,61.90375518798828,97,63,0,-2,0,2,23.402137756347656,22.95343780517578,0.448699951171875,64,8,-33,-57,61.17682647705078,97,65,0,0,0,0,25.468149185180664,25.468149185180664,0.0,-2,0,-2.066011428833008,"[1800.0, 2100.0)","[-8.0, -6.0)"
20260202_145746_beam5,20260202_145746,test,5,1980.0,-5.85,65,96,data/raw/IQ_Data/20260202_145746_beam5.mat,64,8,-32,-57,54.81263732910156,97,67,1,2,1,2,14.242182731628418,10.612841606140137,3.6293411254882812,64,8,-32,-57,55.593448638916016,97,66,1,1,1,1,16.233078002929688,14.650174140930176,1.5829038619995117,1,0,-1.9908952713012695,"[1800.0, 2100.0)","[-6.0, -4.0)"
20260202_145755_beam1,20260202_145755,test,1,1950.0,-6.03,64,97,data/raw/IQ_Data/20260202_145755_beam1.mat,64,26,-33,-38,63.78108596801758,96,60,-1,-4,1,4,16.564250946044922,14.266080856323242,2.2981700897216797,64,24,-33,-40,60.76128005981445,96,68,-1,4,1,4,16.944717407226562,14.255264282226562,2.689453125,-8,0,-0.3804664611816406,"[1800.0, 2100.0)","[-8.0, -6.0)"
20260202_145755_beam2,20260202_145755,test,2,1950.0,-6.03,64,97,data/raw/IQ_Data/20260202_145755_beam2.mat,64,26,-33,-38,61.5438117980957,96,60,-1,-4,1,4,25.792892456054688,23.966175079345703,1.8267173767089844,64,8,-33,-56,61.80397033691406,96,68,-1,4,1,4,26.709138870239258,25.16199493408203,1.5471439361572266,-8,0,-0.9162464141845703,"[1800.0, 2100.0)","[-8.0, -6.0)"
20260202_145755_beam3,20260202_145755,test,3,1950.0,-5.85,64,96,data/raw/IQ_Data/20260202_145755_beam3.mat,64,8,-32,-56,61.20512008666992,96,68,0,4,0,4,29.227006912231445,28.411052703857422,0.8159542083740234,64,8,-32,-56,61.07746124267578,96,68,0,4,0,4,30.462779998779297,29.914093017578125,0.5486869812011719,0,0,-1.2357730865478516,"[1800.0, 2100.0)","[-6.0, -4.0)"
20260202_145755_beam4,20260202_145755,test,4,1950.0,-6.03,64,97,data/raw/IQ_Data/20260202_145755_beam4.mat,64,8,-33,-56,61.90452194213867,96,68,-1,4,1,4,26.714365005493164,25.313007354736328,1.401357650756836,64,8,-33,-56,61.17913818359375,96,68,-1,4,1,4,28.00560760498047,26.998233795166016,1.0073738098144531,0,0,-1.2912425994873047,"[1800.0, 2100.0)","[-8.0, -6.0)"
20260202_145755_beam5,20260202_145755,test,5,1950.0,-6.03,64,97,data/raw/IQ_Data/20260202_145755_beam5.mat,64,24,-33,-40,55.657142639160156,96,61,-1,-3,1,3,17.903221130371094,16.676918029785156,1.2263031005859375,64,8,-33,-56,55.59943771362305,96,63,-1,-1,1,1,19.437318801879883,18.42046356201172,1.016855239868164,-2,0,-1.534097671508789,"[1800.0, 2100.0)","[-8.0, -6.0)"
20260202_145813_beam1,20260202_145813,train,1,1950.0,4.57,64,39,data/raw/IQ_Data/20260202_145813_beam1.mat,64,26,25,-38,63.24540710449219,39,68,0,4,0,4,24.561004638671875,24.03867530822754,0.5223293304443359,64,24,25,-40,62.262489318847656,39,68,0,4,0,4,27.55741310119629,27.155914306640625,0.40149879455566406,0,0,-2.996408462524414,"[1800.0, 2100.0)","[4.0, 6.0)"
20260202_145813_beam2,20260202_145813,train,2,1950.0,4.75,64,38,data/raw/IQ_Data/20260202_145813_beam2.mat,64,24,26,-40,61.5587158203125,39,68,1,4,1,4,33.974205017089844,30.023000717163086,3.951204299926758,64,8,26,-56,61.80397033691406,39,68,1,4,1,4,37.878257751464844,34.03116226196289,3.847095489501953,0,0,-3.904052734375,"[1800.0, 2100.0)","[4.0, 6.0)"
20260202_145813_beam3,20260202_145813,train,3,1950.0,4.75,64,38,data/raw/IQ_Data/20260202_145813_beam3.mat,64,8,26,-56,61.20524978637695,39,60,1,-4,1,4,33.684722900390625,32.794376373291016,0.8903465270996094,64,36,26,-28,61.740943908691406,39,68,1,4,1,4,37.325904846191406,36.56079864501953,0.765106201171875,-8,0,-3.6411819458007812,"[1800.0, 2100.0)","[4.0, 6.0)"
20260202_145813_beam4,20260202_145813,train,4,1950.0,4.75,64,38,data/raw/IQ_Data/20260202_145813_beam4.mat,64,8,26,-56,61.90309524536133,39,60,1,-4,1,4,30.89105987548828,30.124370574951172,0.7666893005371094,64,36,26,-28,61.79123306274414,39,68,1,4,1,4,34.75962829589844,34.027015686035156,0.7326126098632812,-8,0,-3.8685684204101562,"[1800.0, 2100.0)","[4.0, 6.0)"
20260202_145813_beam5,20260202_145813,train,5,1950.0,4.57,64,39,data/raw/IQ_Data/20260202_145813_beam5.mat,64,25,25,-39,55.242897033691406,39,66,0,2,0,2,21.560218811035156,20.563745498657227,0.9964733123779297,64,36,25,-28,57.47317886352539,39,68,0,4,0,4,25.463359832763672,24.764453887939453,0.6989059448242188,-2,0,-3.9031410217285156,"[1800.0, 2100.0)","[4.0, 6.0)"
20260202_145819_beam1,20260202_145819,train,1,2010.0,6.03,66,31,data/raw/IQ_Data/20260202_145819_beam1.mat,64,8,33,-58,60.35884094238281,32,68,1,2,1,2,21.247329711914062,19.290658950805664,1.9566707611083984,64,8,33,-58,59.884552001953125,32,66,1,0,1,0,25.27191162109375,24.72197723388672,0.5499343872070312,2,0,-4.0245819091796875,"[1800.0, 2100.0)","[6.0, 8.0)"
20260202_145819_beam2,20260202_145819,train,2,2010.0,6.03,66,31,data/raw/IQ_Data/20260202_145819_beam2.mat,64,24,33,-42,61.92261505126953,32,67,1,1,1,1,33.252742767333984,32.377716064453125,0.8750267028808594,64,8,33,-58,61.80409240722656,32,61,1,-5,1,5,38.28641128540039,37.38468933105469,0.9017219543457031,6,0,-5.033668518066406,"[1800.0, 2100.0)","[6.0, 8.0)"
20260202_145819_beam3,20260202_145819,train,3,1980.0,6.03,65,31,data/raw/IQ_Data/20260202_145819_beam3.mat,64,8,33,-57,61.20927810668945,32,63,1,-2,1,2,31.178321838378906,30.151386260986328,1.0269355773925781,64,8,33,-57,61.07956314086914,32,64,1,-1,1,1,36.091041564941406,35.44114685058594,0.6498947143554688,-1,0,-4.9127197265625,"[1800.0, 2100.0)","[6.0, 8.0)"
20260202_145819_beam4,20260202_145819,train,4,1980.0,6.03,65,31,data/raw/IQ_Data/20260202_145819_beam4.mat,64,8,33,-57,61.90453338623047,32,66,1,1,1,1,31.917461395263672,30.901874542236328,1.0155868530273438,64,8,33,-57,61.177268981933594,32,67,1,2,1,2,37.013946533203125,36.003150939941406,1.0107955932617188,-1,0,-5.096485137939453,"[1800.0, 2100.0)","[6.0, 8.0)"
20260202_145819_beam5,20260202_145819,train,5,2010.0,6.03,66,31,data/raw/IQ_Data/20260202_145819_beam5.mat,64,8,33,-58,54.81531524658203,32,69,1,3,1,3,22.3723201751709,21.31000328063965,1.06231689453125,64,8,33,-58,55.593753814697266,32,67,1,1,1,1,27.3538761138916,26.123430252075195,1.2304458618164062,2,0,-4.981555938720703,"[1800.0, 2100.0)","[6.0, 8.0)"
20260202_145828_beam1,20260202_145828,train,1,2070.0,6.03,68,31,data/raw/IQ_Data/20260202_145828_beam1.mat,64,26,33,-42,65.02083587646484,31,63,0,-5,0,5,26.319957733154297,25.764976501464844,0.5549812316894531,64,24,33,-44,61.452632904052734,31,63,0,-5,0,5,31.319272994995117,30.65542984008789,0.6638431549072266,0,0,-4.99931526184082,"[1800.0, 2100.0)","[6.0, 8.0)"
20260202_145828_beam2,20260202_145828,train,2,2010.0,6.03,66,31,data/raw/IQ_Data/20260202_145828_beam2.mat,64,24,33,-42,62.13323211669922,31,63,0,-3,0,3,34.01982498168945,33.261962890625,0.7578620910644531,64,8,33,-58,61.80550003051758,31,63,0,-3,0,3,38.765933990478516,37.96528625488281,0.8006477355957031,0,0,-4.7461090087890625,"[1800.0, 2100.0)","[6.0, 8.0)"
20260202_145828_beam3,20260202_145828,train,3,2040.0,6.03,67,31,data/raw/IQ_Data/20260202_145828_beam3.mat,64,8,33,-59,61.208045959472656,31,63,0,-4,0,4,34.51825714111328,33.94016647338867,0.5780906677246094,64,36,33,-31,62.01312255859375,31,63,0,-4,0,4,39.977317810058594,39.50163650512695,0.4756813049316406,0,0,-5.4590606689453125,"[1800.0, 2100.0)","[6.0, 8.0)"
20260202_145828_beam4,20260202_145828,train,4,2040.0,6.03,67,31,data/raw/IQ_Data/20260202_145828_beam4.mat,64,8,33,-59,61.90434265136719,31,63,0,-4,0,4,29.445037841796875,28.920028686523438,0.5250091552734375,64,36,33,-31,61.67604064941406,31,63,0,-4,0,4,34.929908752441406,34.59326171875,0.33664703369140625,0,0,-5.484870910644531,"[1800.0, 2100.0)","[6.0, 8.0)"
20260202_145828_beam5,20260202_145828,train,5,2040.0,6.03,67,31,data/raw/IQ_Data/20260202_145828_beam5.mat,64,24,33,-43,55.63490295410156,31,66,0,-1,0,1,19.356067657470703,18.387264251708984,0.9688034057617188,64,36,33,-31,57.05915451049805,31,71,0,4,0,4,25.13056755065918,24.55331039428711,0.5772571563720703,-5,0,-5.774499893188477,"[1800.0, 2100.0)","[6.0, 8.0)"
20260202_145836_beam1,20260202_145836,train,1,2100.0,3.65,69,44,data/raw/IQ_Data/20260202_145836_beam1.mat,64,8,20,-61,60.3563346862793,43,73,-1,4,1,4,26.684720993041992,25.301658630371094,1.3830623626708984,64,8,20,-61,59.88288116455078,43,71,-1,2,1,2,28.357227325439453,28.051050186157227,0.30617713928222656,2,0,-1.672506332397461,"[2100.0, 2400.0)","[2.0, 4.0)"
20260202_145836_beam2,20260202_145836,train,2,2100.0,3.84,69,43,data/raw/IQ_Data/20260202_145836_beam2.mat,64,24,21,-45,60.83837890625,43,73,0,4,0,4,32.81150436401367,31.834394454956055,0.9771099090576172,64,8,21,-61,61.803531646728516,43,73,0,4,0,4,34.68433380126953,34.38615036010742,0.2981834411621094,0,0,-1.8728294372558594,"[2100.0, 2400.0)","[2.0, 4.0)"
20260202_145836_beam3,20260202_145836,train,3,2070.0,3.84,68,43,data/raw/IQ_Data/20260202_145836_beam3.mat,64,8,21,-60,61.20630645751953,43,73,0,5,0,5,32.80360412597656,32.192928314208984,0.6106758117675781,64,8,21,-60,61.07709503173828,43,73,0,5,0,5,34.70791244506836,34.20077133178711,0.50714111328125,0,0,-1.9043083190917969,"[1800.0, 2100.0)","[2.0, 4.0)"
20260202_145836_beam4,20260202_145836,train,4,2070.0,4.2,68,41,data/raw/IQ_Data/20260202_145836_beam4.mat,64,8,23,-60,61.90361785888672,41,71,0,3,0,3,30.270061492919922,29.783828735351562,0.4862327575683594,64,24,23,-44,61.35725402832031,41,73,0,5,0,5,32.31845474243164,31.882247924804688,0.4362068176269531,-2,0,-2.0483932495117188,"[1800.0, 2100.0)","[4.0, 6.0)"
20260202_145836_beam5,20260202_145836,train,5,2100.0,3.84,69,43,data/raw/IQ_Data/20260202_145836_beam5.mat,64,8,21,-61,54.81111526489258,44,73,1,4,1,4,15.979463577270508,15.73906135559082,0.2404022216796875,64,8,21,-61,55.59034729003906,44,73,1,4,1,4,17.86212730407715,17.25287628173828,0.6092510223388672,0,0,-1.8826637268066406,"[2100.0, 2400.0)","[2.0, 4.0)"
