sample_id,source_file,beam_layer,azimuth_deg,distance_m,velocity_mps,mat_path,target_present,raw_score,pred_range_index,pred_velocity_index,true_range_index,true_velocity_index,localization_ok,roi_quality,polarimetric_confidence
20260204_100739_beam1_az001,20260204_100739,1,1.0,,,/home/tobeornot8259748/projects/balloon_radar_project/data/raw/detection_dataset/test/Background_IQ/IQ_Data/20260204_100739_beam1_az001.mat,0,0.5260769,71,66,-1,-1,False,0.7735872,0.103866845
20260204_100739_beam1_az010,20260204_100739,1,10.0,,,/home/tobeornot8259748/projects/balloon_radar_project/data/raw/detection_dataset/train/Background_IQ/IQ_Data/20260204_100739_beam1_az010.mat,0,0.76408803,65,63,-1,-1,False,0.7386074,0.17771459
20260204_100739_beam1_az019,20260204_100739,1,19.0,,,/home/tobeornot8259748/projects/balloon_radar_project/data/raw/detection_dataset/val/Background_IQ/IQ_Data/20260204_100739_beam1_az019.mat,0,0.66854703,57,63,-1,-1,False,0.7791924,0.075774245
20260204_100739_beam1_az028,20260204_100739,1,28.0,,,/home/tobeornot8259748/projects/balloon_radar_project/data/raw/detection_dataset/test/Background_IQ/IQ_Data/20260204_100739_beam1_az028.mat,0,0.706018,49,62,-1,-1,False,0.75691426,0.21816193
20260204_100739_beam1_az037,20260204_100739,1,37.0,,,/home/tobeornot8259748/projects/balloon_radar_project/data/raw/detection_dataset/train/Background_IQ/IQ_Data/20260204_100739_beam1_az037.mat,0,0.6351878,61,61,-1,-1,False,0.6866426,0.18851443
20260204_100739_beam1_az046,20260204_100739,1,46.0,,,/home/tobeornot8259748/projects/balloon_radar_project/data/raw/detection_dataset/train/Background_IQ/IQ_Data/20260204_100739_beam1_az046.mat,0,0.72550845,69,62,-1,-1,False,0.7801095,0.09461739
20260204_100739_beam1_az055,20260204_100739,1,55.0,,,/home/tobeornot8259748/projects/balloon_radar_project/data/raw/detection_dataset/train/Background_IQ/IQ_Data/20260204_100739_beam1_az055.mat,0,0.5694958,34,60,-1,-1,False,0.72261775,0.40763882
20260204_100739_beam1_az064,20260204_100739,1,64.0,,,/home/tobeornot8259748/projects/balloon_radar_project/data/raw/detection_dataset/val/Background_IQ/IQ_Data/20260204_100739_beam1_az064.mat,0,0.50287384,37,68,-1,-1,False,0.845113,0.21596074
20260204_100739_beam1_az073,20260204_100739,1,73.0,,,/home/tobeornot8259748/projects/balloon_radar_project/data/raw/detection_dataset/train/Background_IQ/IQ_Data/20260204_100739_beam1_az073.mat,0,0.7454255,73,62,-1,-1,False,0.76072013,0.2234088
20260204_100739_beam1_az082,20260204_100739,1,82.0,,,/home/tobeornot8259748/projects/balloon_radar_project/data/raw/detection_dataset/train/Background_IQ/IQ_Data/20260204_100739_beam1_az082.mat,0,0.62549675,52,61,-1,-1,False,0.7273716,0.1361561
20260204_100739_beam1_az091,20260204_100739,1,91.0,,,/home/tobeornot8259748/projects/balloon_radar_project/data/raw/detection_dataset/train/Background_IQ/IQ_Data/20260204_100739_beam1_az091.mat,0,0.65104276,45,63,-1,-1,False,0.83032227,0.23533577
20260204_100739_beam1_az100,20260204_100739,1,100.0,,,/home/tobeornot8259748/projects/balloon_radar_project/data/raw/detection_dataset/test/Background_IQ/IQ_Data/20260204_100739_beam1_az100.mat,0,0.475211,60,66,-1,-1,False,0.6792671,0.28992993
20260204_100739_beam1_az109,20260204_100739,1,109.0,,,/home/tobeornot8259748/projects/balloon_radar_project/data/raw/detection_dataset/train/Background_IQ/IQ_Data/20260204_100739_beam1_az109.mat,0,0.53326076,39,69,-1,-1,False,0.8152923,0.34520593
20260204_100739_beam1_az118,20260204_100739,1,118.0,,,/home/tobeornot8259748/projects/balloon_radar_project/data/raw/detection_dataset/train/Background_IQ/IQ_Data/20260204_100739_beam1_az118.mat,0,0.6026114,40,62,-1,-1,False,0.7956691,0.33081433
20260204_100739_beam1_az127,20260204_100739,1,127.0,,,/home/tobeornot8259748/projects/balloon_radar_project/data/raw/detection_dataset/train/Background_IQ/IQ_Data/20260204_100739_beam1_az127.mat,0,0.46162373,32,68,-1,-1,False,0.7617574,0.1540672
20260204_100739_beam1_az136,20260204_100739,1,136.0,,,/home/tobeornot8259748/projects/balloon_radar_project/data/raw/detection_dataset/val/Background_IQ/IQ_Data/20260204_100739_beam1_az136.mat,0,0.4270907,30,68,-1,-1,False,0.8540671,0.23406523
20260204_100739_beam1_az145,20260204_100739,1,145.0,,,/home/tobeornot8259748/projects/balloon_radar_project/data/raw/detection_dataset/train/Background_IQ/IQ_Data/20260204_100739_beam1_az145.mat,0,0.47887465,71,62,-1,-1,False,0.7346444,0.20083994
20260204_100739_beam1_az154,20260204_100739,1,154.0,,,/home/tobeornot8259748/projects/balloon_radar_project/data/raw/detection_dataset/train/Background_IQ/IQ_Data/20260204_100739_beam1_az154.mat,0,0.76513577,61,63,-1,-1,False,0.7539108,0.2554382
20260204_100739_beam1_az163,20260204_100739,1,163.0,,,/home/tobeornot8259748/projects/balloon_radar_project/data/raw/detection_dataset/train/Background_IQ/IQ_Data/20260204_100739_beam1_az163.mat,0,0.50754863,43,60,-1,-1,False,0.7409852,0.20154063
20260204_100739_beam1_az172,20260204_100739,1,172.0,,,/home/tobeornot8259748/projects/balloon_radar_project/data/raw/detection_dataset/test/Background_IQ/IQ_Data/20260204_100739_beam1_az172.mat,0,0.76828164,43,63,-1,-1,False,0.7802564,0.4147785
20260204_100739_beam1_az181,20260204_100739,1,181.0,,,/home/tobeornot8259748/projects/balloon_radar_project/data/raw/detection_dataset/train/Background_IQ/IQ_Data/20260204_100739_beam1_az181.mat,0,0.58086956,54,67,-1,-1,False,0.732596,0.259588
20260204_100739_beam1_az190,20260204_100739,1,190.0,,,/home/tobeornot8259748/projects/balloon_radar_project/data/raw/detection_dataset/val/Background_IQ/IQ_Data/20260204_100739_beam1_az190.mat,0,0.70687234,38,59,-1,-1,False,0.7648234,0.3766932
20260204_100739_beam1_az199,20260204_100739,1,199.0,,,/home/tobeornot8259748/projects/balloon_radar_project/data/raw/detection_dataset/train/Background_IQ/IQ_Data/20260204_100739_beam1_az199.mat,0,0.7221655,66,67,-1,-1,False,0.7726235,0.2082173
20260204_100739_beam1_az208,20260204_100739,1,208.0,,,/home/tobeornot8259748/projects/balloon_radar_project/data/raw/detection_dataset/train/Background_IQ/IQ_Data/20260204_100739_beam1_az208.mat,0,0.71142316,51,61,-1,-1,False,0.6483861,0.27893135
20260204_100739_beam1_az217,20260204_100739,1,217.0,,,/home/tobeornot8259748/projects/balloon_radar_project/data/raw/detection_dataset/train/Background_IQ/IQ_Data/20260204_100739_beam1_az217.mat,0,0.674983,62,61,-1,-1,False,0.72719073,0.21690014
20260204_100739_beam1_az226,20260204_100739,1,226.0,,,/home/tobeornot8259748/projects/balloon_radar_project/data/raw/detection_dataset/train/Background_IQ/IQ_Data/20260204_100739_beam1_az226.mat,0,0.76946133,57,67,-1,-1,False,0.72451115,0.29712668
20260204_100739_beam1_az235,20260204_100739,1,235.0,,,/home/tobeornot8259748/projects/balloon_radar_project/data/raw/detection_dataset/train/Background_IQ/IQ_Data/20260204_100739_beam1_az235.mat,0,0.6989606,41,61,-1,-1,False,0.7778142,0.10248093
20260204_100739_beam1_az244,20260204_100739,1,244.0,,,/home/tobeornot8259748/projects/balloon_radar_project/data/raw/detection_dataset/train/Background_IQ/IQ_Data/20260204_100739_beam1_az244.mat,0,0.92491853,39,44,-1,-1,False,0.7025934,0.2479842
20260204_100739_beam1_az253,20260204_100739,1,253.0,,,/home/tobeornot8259748/projects/balloon_radar_project/data/raw/detection_dataset/train/Background_IQ/IQ_Data/20260204_100739_beam1_az253.mat,0,0.6505004,40,60,-1,-1,False,0.69381326,0.36380422
20260204_100739_beam1_az262,20260204_100739,1,262.0,,,/home/tobeornot8259748/projects/balloon_radar_project/data/raw/detection_dataset/train/Background_IQ/IQ_Data/20260204_100739_beam1_az262.mat,0,0.60449725,59,61,-1,-1,False,0.65787923,0.23099095
20260204_100739_beam2_az001,20260204_100739,2,1.0,,,/home/tobeornot8259748/projects/balloon_radar_project/data/raw/detection_dataset/train/Background_IQ/IQ_Data/20260204_100739_beam2_az001.mat,0,0.5536149,71,66,-1,-1,False,0.77578527,0.08165534
20260204_100739_beam2_az010,20260204_100739,2,10.0,,,/home/tobeornot8259748/projects/balloon_radar_project/data/raw/detection_dataset/train/Background_IQ/IQ_Data/20260204_100739_beam2_az010.mat,0,0.6693158,56,67,-1,-1,False,0.7173605,0.24825773
20260204_100739_beam2_az019,20260204_100739,2,19.0,,,/home/tobeornot8259748/projects/balloon_radar_project/data/raw/detection_dataset/test/Background_IQ/IQ_Data/20260204_100739_beam2_az019.mat,0,0.50368553,71,62,-1,-1,False,0.81573284,0.10579609
20260204_100739_beam2_az028,20260204_100739,2,28.0,,,/home/tobeornot8259748/projects/balloon_radar_project/data/raw/detection_dataset/train/Background_IQ/IQ_Data/20260204_100739_beam2_az028.mat,0,0.79156834,55,62,-1,-1,False,0.7411359,0.22478144
20260204_100739_beam2_az037,20260204_100739,2,37.0,,,/home/tobeornot8259748/projects/balloon_radar_project/data/raw/detection_dataset/train/Background_IQ/IQ_Data/20260204_100739_beam2_az037.mat,0,0.7031349,69,66,-1,-1,False,0.6967116,0.23366658
20260204_100739_beam2_az046,20260204_100739,2,46.0,,,/home/tobeornot8259748/projects/balloon_radar_project/data/raw/detection_dataset/train/Background_IQ/IQ_Data/20260204_100739_beam2_az046.mat,0,0.3067046,44,68,-1,-1,False,0.77258795,0.214161
20260204_100739_beam2_az055,20260204_100739,2,55.0,,,/home/tobeornot8259748/projects/balloon_radar_project/data/raw/detection_dataset/train/Background_IQ/IQ_Data/20260204_100739_beam2_az055.mat,0,0.5255359,61,66,-1,-1,False,0.7233087,0.40776217
20260204_100739_beam2_az064,20260204_100739,2,64.0,,,/home/tobeornot8259748/projects/balloon_radar_project/data/raw/detection_dataset/train/Background_IQ/IQ_Data/20260204_100739_beam2_az064.mat,0,0.41165498,40,68,-1,-1,False,0.8169459,0.120154776
20260204_100739_beam2_az073,20260204_100739,2,73.0,,,/home/tobeornot8259748/projects/balloon_radar_project/data/raw/detection_dataset/train/Background_IQ/IQ_Data/20260204_100739_beam2_az073.mat,0,0.71162695,73,65,-1,-1,False,0.7663963,0.16069956
20260204_100739_beam2_az082,20260204_100739,2,82.0,,,/home/tobeornot8259748/projects/balloon_radar_project/data/raw/detection_dataset/train/Background_IQ/IQ_Data/20260204_100739_beam2_az082.mat,0,0.6847121,50,67,-1,-1,False,0.6992169,0.18551707
20260204_100739_beam2_az091,20260204_100739,2,91.0,,,/home/tobeornot8259748/projects/balloon_radar_project/data/raw/detection_dataset/train/Background_IQ/IQ_Data/20260204_100739_beam2_az091.mat,0,0.60338795,58,64,-1,-1,False,0.8362384,0.09114299
20260204_100739_beam2_az100,20260204_100739,2,100.0,,,/home/tobeornot8259748/projects/balloon_radar_project/data/raw/detection_dataset/train/Background_IQ/IQ_Data/20260204_100739_beam2_az100.mat,0,0.5537395,77,61,-1,-1,False,0.66365236,0.37444034
20260204_100739_beam2_az109,20260204_100739,2,109.0,,,/home/tobeornot8259748/projects/balloon_radar_project/data/raw/detection_dataset/train/Background_IQ/IQ_Data/20260204_100739_beam2_az109.mat,0,0.3858241,38,68,-1,-1,False,0.83611614,0.36688438
20260204_100739_beam2_az118,20260204_100739,2,118.0,,,/home/tobeornot8259748/projects/balloon_radar_project/data/raw/detection_dataset/train/Background_IQ/IQ_Data/20260204_100739_beam2_az118.mat,0,0.49285606,58,68,-1,-1,False,0.726105,0.3542512
20260204_100739_beam2_az127,20260204_100739,2,127.0,,,/home/tobeornot8259748/projects/balloon_radar_project/data/raw/detection_dataset/train/Background_IQ/IQ_Data/20260204_100739_beam2_az127.mat,0,0.1883067,31,61,-1,-1,False,0.8039778,0.14830105
20260204_100739_beam2_az136,20260204_100739,2,136.0,,,/home/tobeornot8259748/projects/balloon_radar_project/data/raw/detection_dataset/train/Background_IQ/IQ_Data/20260204_100739_beam2_az136.mat,0,0.5759617,35,68,-1,-1,False,0.8057524,0.19394282
20260204_100739_beam2_az145,20260204_100739,2,145.0,,,/home/tobeornot8259748/projects/balloon_radar_project/data/raw/detection_dataset/train/Background_IQ/IQ_Data/20260204_100739_beam2_az145.mat,0,0.29519305,76,68,-1,-1,False,0.7694377,0.15562788
20260204_100739_beam2_az154,20260204_100739,2,154.0,,,/home/tobeornot8259748/projects/balloon_radar_project/data/raw/detection_dataset/train/Background_IQ/IQ_Data/20260204_100739_beam2_az154.mat,0,0.6445945,51,66,-1,-1,False,0.73954993,0.3169727
20260204_100739_beam2_az163,20260204_100739,2,163.0,,,/home/tobeornot8259748/projects/balloon_radar_project/data/raw/detection_dataset/test/Background_IQ/IQ_Data/20260204_100739_beam2_az163.mat,0,0.8784028,44,65,-1,-1,False,0.73185515,0.27239275
20260204_100739_beam2_az172,20260204_100739,2,172.0,,,/home/tobeornot8259748/projects/balloon_radar_project/data/raw/detection_dataset/train/Background_IQ/IQ_Data/20260204_100739_beam2_az172.mat,0,0.68684757,61,63,-1,-1,False,0.73164284,0.17844194
20260204_100739_beam2_az181,20260204_100739,2,181.0,,,/home/tobeornot8259748/projects/balloon_radar_project/data/raw/detection_dataset/train/Background_IQ/IQ_Data/20260204_100739_beam2_az181.mat,0,0.37961674,43,68,-1,-1,False,0.7386738,0.27087408
20260204_100739_beam2_az190,20260204_100739,2,190.0,,,/home/tobeornot8259748/projects/balloon_radar_project/data/raw/detection_dataset/val/Background_IQ/IQ_Data/20260204_100739_beam2_az190.mat,0,0.706323,67,66,-1,-1,False,0.7163799,0.2105901
20260204_100739_beam2_az199,20260204_100739,2,199.0,,,/home/tobeornot8259748/projects/balloon_radar_project/data/raw/detection_dataset/train/Background_IQ/IQ_Data/20260204_100739_beam2_az199.mat,0,0.61964494,42,62,-1,-1,False,0.79919714,0.49085712
20260204_100739_beam2_az208,20260204_100739,2,208.0,,,/home/tobeornot8259748/projects/balloon_radar_project/data/raw/detection_dataset/train/Background_IQ/IQ_Data/20260204_100739_beam2_az208.mat,0,0.5938266,50,66,-1,-1,False,0.63501745,0.32709244
20260204_100739_beam2_az217,20260204_100739,2,217.0,,,/home/tobeornot8259748/projects/balloon_radar_project/data/raw/detection_dataset/train/Background_IQ/IQ_Data/20260204_100739_beam2_az217.mat,0,0.5922291,65,60,-1,-1,False,0.7457113,0.20125869
20260204_100739_beam2_az226,20260204_100739,2,226.0,,,/home/tobeornot8259748/projects/balloon_radar_project/data/raw/detection_dataset/val/Background_IQ/IQ_Data/20260204_100739_beam2_az226.mat,0,0.561895,72,68,-1,-1,False,0.6725399,0.19376397
20260204_100739_beam2_az235,20260204_100739,2,235.0,,,/home/tobeornot8259748/projects/balloon_radar_project/data/raw/detection_dataset/train/Background_IQ/IQ_Data/20260204_100739_beam2_az235.mat,0,0.40085256,76,67,-1,-1,False,0.76966447,0.040477213
20260204_100739_beam2_az244,20260204_100739,2,244.0,,,/home/tobeornot8259748/projects/balloon_radar_project/data/raw/detection_dataset/test/Background_IQ/IQ_Data/20260204_100739_beam2_az244.mat,0,0.8968425,39,43,-1,-1,False,0.690999,0.25489098
20260204_100739_beam2_az253,20260204_100739,2,253.0,,,/home/tobeornot8259748/projects/balloon_radar_project/data/raw/detection_dataset/val/Background_IQ/IQ_Data/20260204_100739_beam2_az253.mat,0,0.87516373,63,64,-1,-1,False,0.6943129,0.37587246
20260204_100739_beam2_az262,20260204_100739,2,262.0,,,/home/tobeornot8259748/projects/balloon_radar_project/data/raw/detection_dataset/test/Background_IQ/IQ_Data/20260204_100739_beam2_az262.mat,0,0.55829585,60,62,-1,-1,False,0.6632212,0.26777372
20260204_100739_beam3_az001,20260204_100739,3,1.0,,,/home/tobeornot8259748/projects/balloon_radar_project/data/raw/detection_dataset/val/Background_IQ/IQ_Data/20260204_100739_beam3_az001.mat,0,0.45829135,72,66,-1,-1,False,0.79468304,0.0698418
20260204_100739_beam3_az010,20260204_100739,3,10.0,,,/home/tobeornot8259748/projects/balloon_radar_project/data/raw/detection_dataset/train/Background_IQ/IQ_Data/20260204_100739_beam3_az010.mat,0,0.9214182,52,63,-1,-1,False,0.71158856,0.24352875
20260204_100739_beam3_az019,20260204_100739,3,19.0,,,/home/tobeornot8259748/projects/balloon_radar_project/data/raw/detection_dataset/val/Background_IQ/IQ_Data/20260204_100739_beam3_az019.mat,0,0.48009896,57,67,-1,-1,False,0.80840296,0.060827043
20260204_100739_beam3_az028,20260204_100739,3,28.0,,,/home/tobeornot8259748/projects/balloon_radar_project/data/raw/detection_dataset/train/Background_IQ/IQ_Data/20260204_100739_beam3_az028.mat,0,0.6915645,55,62,-1,-1,False,0.73525983,0.2497022
20260204_100739_beam3_az037,20260204_100739,3,37.0,,,/home/tobeornot8259748/projects/balloon_radar_project/data/raw/detection_dataset/train/Background_IQ/IQ_Data/20260204_100739_beam3_az037.mat,0,0.8091784,69,64,-1,-1,False,0.7209097,0.14471361
20260204_100739_beam3_az046,20260204_100739,3,46.0,,,/home/tobeornot8259748/projects/balloon_radar_project/data/raw/detection_dataset/test/Background_IQ/IQ_Data/20260204_100739_beam3_az046.mat,0,0.7302747,72,62,-1,-1,False,0.7434126,0.15947446
20260204_100739_beam3_az055,20260204_100739,3,55.0,,,/home/tobeornot8259748/projects/balloon_radar_project/data/raw/detection_dataset/train/Background_IQ/IQ_Data/20260204_100739_beam3_az055.mat,0,0.72021234,69,61,-1,-1,False,0.77665824,0.20703916
20260204_100739_beam3_az064,20260204_100739,3,64.0,,,/home/tobeornot8259748/projects/balloon_radar_project/data/raw/detection_dataset/test/Background_IQ/IQ_Data/20260204_100739_beam3_az064.mat,0,0.7648778,65,63,-1,-1,False,0.7723313,0.1274374
20260204_100739_beam3_az073,20260204_100739,3,73.0,,,/home/tobeornot8259748/projects/balloon_radar_project/data/raw/detection_dataset/train/Background_IQ/IQ_Data/20260204_100739_beam3_az073.mat,0,0.37734967,34,69,-1,-1,False,0.7778194,0.2318727
20260204_100739_beam3_az082,20260204_100739,3,82.0,,,/home/tobeornot8259748/projects/balloon_radar_project/data/raw/detection_dataset/val/Background_IQ/IQ_Data/20260204_100739_beam3_az082.mat,0,0.47269553,50,61,-1,-1,False,0.6812616,0.25027496
20260204_100739_beam3_az091,20260204_100739,3,91.0,,,/home/tobeornot8259748/projects/balloon_radar_project/data/raw/detection_dataset/val/Background_IQ/IQ_Data/20260204_100739_beam3_az091.mat,0,0.3947807,75,61,-1,-1,False,0.81001705,0.070026666
20260204_100739_beam3_az100,20260204_100739,3,100.0,,,/home/tobeornot8259748/projects/balloon_radar_project/data/raw/detection_dataset/train/Background_IQ/IQ_Data/20260204_100739_beam3_az100.mat,0,0.3606518,73,61,-1,-1,False,0.62275064,0.2708663
20260204_100739_beam3_az109,20260204_100739,3,109.0,,,/home/tobeornot8259748/projects/balloon_radar_project/data/raw/detection_dataset/val/Background_IQ/IQ_Data/20260204_100739_beam3_az109.mat,0,0.56189364,49,68,-1,-1,False,0.80407786,0.20638096
20260204_100739_beam3_az118,20260204_100739,3,118.0,,,/home/tobeornot8259748/projects/balloon_radar_project/data/raw/detection_dataset/test/Background_IQ/IQ_Data/20260204_100739_beam3_az118.mat,0,0.50741667,39,60,-1,-1,False,0.7193609,0.39050147
20260204_100739_beam3_az127,20260204_100739,3,127.0,,,/home/tobeornot8259748/projects/balloon_radar_project/data/raw/detection_dataset/train/Background_IQ/IQ_Data/20260204_100739_beam3_az127.mat,0,0.17230111,49,69,-1,-1,False,0.7808361,0.20704468
20260204_100739_beam3_az136,20260204_100739,3,136.0,,,/home/tobeornot8259748/projects/balloon_radar_project/data/raw/detection_dataset/train/Background_IQ/IQ_Data/20260204_100739_beam3_az136.mat,0,0.81937474,60,62,-1,-1,False,0.7606683,0.1765228
20260204_100739_beam3_az145,20260204_100739,3,145.0,,,/home/tobeornot8259748/projects/balloon_radar_project/data/raw/detection_dataset/train/Background_IQ/IQ_Data/20260204_100739_beam3_az145.mat,0,0.42480615,46,68,-1,-1,False,0.8125856,0.20169194
20260204_100739_beam3_az154,20260204_100739,3,154.0,,,/home/tobeornot8259748/projects/balloon_radar_project/data/raw/detection_dataset/val/Background_IQ/IQ_Data/20260204_100739_beam3_az154.mat,0,0.8586074,50,64,-1,-1,False,0.7347799,0.41547227
20260204_100739_beam3_az163,20260204_100739,3,163.0,,,/home/tobeornot8259748/projects/balloon_radar_project/data/raw/detection_dataset/train/Background_IQ/IQ_Data/20260204_100739_beam3_az163.mat,0,0.5741031,44,67,-1,-1,False,0.73768675,0.22473405
20260204_100739_beam3_az172,20260204_100739,3,172.0,,,/home/tobeornot8259748/projects/balloon_radar_project/data/raw/detection_dataset/train/Background_IQ/IQ_Data/20260204_100739_beam3_az172.mat,0,0.7942727,54,67,-1,-1,False,0.7179265,0.2752149
20260204_100739_beam3_az181,20260204_100739,3,181.0,,,/home/tobeornot8259748/projects/balloon_radar_project/data/raw/detection_dataset/val/Background_IQ/IQ_Data/20260204_100739_beam3_az181.mat,0,0.28372604,38,61,-1,-1,False,0.75714165,0.28855214
20260204_100739_beam3_az190,20260204_100739,3,190.0,,,/home/tobeornot8259748/projects/balloon_radar_project/data/raw/detection_dataset/train/Background_IQ/IQ_Data/20260204_100739_beam3_az190.mat,0,0.75614953,66,61,-1,-1,False,0.69961566,0.23933336
20260204_100739_beam3_az199,20260204_100739,3,199.0,,,/home/tobeornot8259748/projects/balloon_radar_project/data/raw/detection_dataset/train/Background_IQ/IQ_Data/20260204_100739_beam3_az199.mat,0,0.8277727,47,62,-1,-1,False,0.7937078,0.22910698
20260204_100739_beam3_az208,20260204_100739,3,208.0,,,/home/tobeornot8259748/projects/balloon_radar_project/data/raw/detection_dataset/train/Background_IQ/IQ_Data/20260204_100739_beam3_az208.mat,0,0.63852817,51,67,-1,-1,False,0.62120247,0.30638176
20260204_100739_beam3_az217,20260204_100739,3,217.0,,,/home/tobeornot8259748/projects/balloon_radar_project/data/raw/detection_dataset/train/Background_IQ/IQ_Data/20260204_100739_beam3_az217.mat,0,0.9392405,69,63,-1,-1,False,0.7819479,0.20284088
20260204_100739_beam3_az226,20260204_100739,3,226.0,,,/home/tobeornot8259748/projects/balloon_radar_project/data/raw/detection_dataset/train/Background_IQ/IQ_Data/20260204_100739_beam3_az226.mat,0,0.63822794,47,62,-1,-1,False,0.68114805,0.38224393
20260204_100739_beam3_az235,20260204_100739,3,235.0,,,/home/tobeornot8259748/projects/balloon_radar_project/data/raw/detection_dataset/train/Background_IQ/IQ_Data/20260204_100739_beam3_az235.mat,0,0.619451,43,63,-1,-1,False,0.8049509,0.06812257
20260204_100739_beam3_az244,20260204_100739,3,244.0,,,/home/tobeornot8259748/projects/balloon_radar_project/data/raw/detection_dataset/val/Background_IQ/IQ_Data/20260204_100739_beam3_az244.mat,0,0.8249938,39,43,-1,-1,False,0.68829983,0.22331874
20260204_100739_beam3_az253,20260204_100739,3,253.0,,,/home/tobeornot8259748/projects/balloon_radar_project/data/raw/detection_dataset/train/Background_IQ/IQ_Data/20260204_100739_beam3_az253.mat,0,0.597105,40,60,-1,-1,False,0.7086169,0.33435422
20260204_100739_beam3_az262,20260204_100739,3,262.0,,,/home/tobeornot8259748/projects/balloon_radar_project/data/raw/detection_dataset/train/Background_IQ/IQ_Data/20260204_100739_beam3_az262.mat,0,0.54705566,60,62,-1,-1,False,0.6634817,0.2804739
20260204_100739_beam4_az001,20260204_100739,4,1.0,,,/home/tobeornot8259748/projects/balloon_radar_project/data/raw/detection_dataset/train/Background_IQ/IQ_Data/20260204_100739_beam4_az001.mat,0,0.50491226,41,68,-1,-1,False,0.84259295,0.19744343
20260204_100739_beam4_az010,20260204_100739,4,10.0,,,/home/tobeornot8259748/projects/balloon_radar_project/data/raw/detection_dataset/train/Background_IQ/IQ_Data/20260204_100739_beam4_az010.mat,0,0.8210555,51,61,-1,-1,False,0.7225982,0.22910841
20260204_100739_beam4_az019,20260204_100739,4,19.0,,,/home/tobeornot8259748/projects/balloon_radar_project/data/raw/detection_dataset/train/Background_IQ/IQ_Data/20260204_100739_beam4_az019.mat,0,0.41330972,51,62,-1,-1,False,0.8422647,0.053613976
20260204_100739_beam4_az028,20260204_100739,4,28.0,,,/home/tobeornot8259748/projects/balloon_radar_project/data/raw/detection_dataset/test/Background_IQ/IQ_Data/20260204_100739_beam4_az028.mat,0,0.60313356,56,67,-1,-1,False,0.7248799,0.21055663
20260204_100739_beam4_az037,20260204_100739,4,37.0,,,/home/tobeornot8259748/projects/balloon_radar_project/data/raw/detection_dataset/train/Background_IQ/IQ_Data/20260204_100739_beam4_az037.mat,0,0.72615236,69,63,-1,-1,False,0.7739127,0.10251145
20260204_100739_beam4_az046,20260204_100739,4,46.0,,,/home/tobeornot8259748/projects/balloon_radar_project/data/raw/detection_dataset/val/Background_IQ/IQ_Data/20260204_100739_beam4_az046.mat,0,0.69503975,61,64,-1,-1,False,0.7217717,0.18700339
20260204_100739_beam4_az055,20260204_100739,4,55.0,,,/home/tobeornot8259748/projects/balloon_radar_project/data/raw/detection_dataset/val/Background_IQ/IQ_Data/20260204_100739_beam4_az055.mat,0,0.437451,56,62,-1,-1,False,0.82290107,0.115644
20260204_100739_beam4_az064,20260204_100739,4,64.0,,,/home/tobeornot8259748/projects/balloon_radar_project/data/raw/detection_dataset/train/Background_IQ/IQ_Data/20260204_100739_beam4_az064.mat,0,0.4812824,65,62,-1,-1,False,0.74904853,0.27589405
20260204_100739_beam4_az073,20260204_100739,4,73.0,,,/home/tobeornot8259748/projects/balloon_radar_project/data/raw/detection_dataset/train/Background_IQ/IQ_Data/20260204_100739_beam4_az073.mat,0,0.6144686,64,63,-1,-1,False,0.80455184,0.063920446
20260204_100739_beam4_az082,20260204_100739,4,82.0,,,/home/tobeornot8259748/projects/balloon_radar_project/data/raw/detection_dataset/val/Background_IQ/IQ_Data/20260204_100739_beam4_az082.mat,0,0.5753366,67,67,-1,-1,False,0.69178957,0.30892652
20260204_100739_beam4_az091,20260204_100739,4,91.0,,,/home/tobeornot8259748/projects/balloon_radar_project/data/raw/detection_dataset/val/Background_IQ/IQ_Data/20260204_100739_beam4_az091.mat,0,0.5674179,72,63,-1,-1,False,0.82688963,0.08714764
20260204_100739_beam4_az100,20260204_100739,4,100.0,,,/home/tobeornot8259748/projects/balloon_radar_project/data/raw/detection_dataset/train/Background_IQ/IQ_Data/20260204_100739_beam4_az100.mat,0,0.30835593,76,69,-1,-1,False,0.59829605,0.21614733
20260204_100739_beam4_az109,20260204_100739,4,109.0,,,/home/tobeornot8259748/projects/balloon_radar_project/data/raw/detection_dataset/train/Background_IQ/IQ_Data/20260204_100739_beam4_az109.mat,0,0.33774942,77,62,-1,-1,False,0.8030025,0.06716076
20260204_100739_beam4_az118,20260204_100739,4,118.0,,,/home/tobeornot8259748/projects/balloon_radar_project/data/raw/detection_dataset/train/Background_IQ/IQ_Data/20260204_100739_beam4_az118.mat,0,0.35940737,42,65,-1,-1,False,0.75148606,0.612855
20260204_100739_beam4_az127,20260204_100739,4,127.0,,,/home/tobeornot8259748/projects/balloon_radar_project/data/raw/detection_dataset/train/Background_IQ/IQ_Data/20260204_100739_beam4_az127.mat,0,0.34579945,32,68,-1,-1,False,0.8219424,0.08123703
20260204_100739_beam4_az136,20260204_100739,4,136.0,,,/home/tobeornot8259748/projects/balloon_radar_project/data/raw/detection_dataset/train/Background_IQ/IQ_Data/20260204_100739_beam4_az136.mat,0,0.61206347,60,66,-1,-1,False,0.76072794,0.24023795
20260204_100739_beam4_az145,20260204_100739,4,145.0,,,/home/tobeornot8259748/projects/balloon_radar_project/data/raw/detection_dataset/train/Background_IQ/IQ_Data/20260204_100739_beam4_az145.mat,0,0.38616222,51,62,-1,-1,False,0.8325606,0.12742274
20260204_100739_beam4_az154,20260204_100739,4,154.0,,,/home/tobeornot8259748/projects/balloon_radar_project/data/raw/detection_dataset/train/Background_IQ/IQ_Data/20260204_100739_beam4_az154.mat,0,0.66944975,38,66,-1,-1,False,0.72360027,0.39624128
20260204_100739_beam4_az163,20260204_100739,4,163.0,,,/home/tobeornot8259748/projects/balloon_radar_project/data/raw/detection_dataset/test/Background_IQ/IQ_Data/20260204_100739_beam4_az163.mat,0,0.5493367,60,61,-1,-1,False,0.73874515,0.1480555
20260204_100739_beam4_az172,20260204_100739,4,172.0,,,/home/tobeornot8259748/projects/balloon_radar_project/data/raw/detection_dataset/train/Background_IQ/IQ_Data/20260204_100739_beam4_az172.mat,0,0.49389988,54,68,-1,-1,False,0.70094436,0.29078564
20260204_100739_beam4_az181,20260204_100739,4,181.0,,,/home/tobeornot8259748/projects/balloon_radar_project/data/raw/detection_dataset/train/Background_IQ/IQ_Data/20260204_100739_beam4_az181.mat,0,0.5765421,38,61,-1,-1,False,0.7655718,0.25121388
20260204_100739_beam4_az190,20260204_100739,4,190.0,,,/home/tobeornot8259748/projects/balloon_radar_project/data/raw/detection_dataset/val/Background_IQ/IQ_Data/20260204_100739_beam4_az190.mat,0,0.7933744,40,62,-1,-1,False,0.7337297,0.3964753
20260204_100739_beam4_az199,20260204_100739,4,199.0,,,/home/tobeornot8259748/projects/balloon_radar_project/data/raw/detection_dataset/test/Background_IQ/IQ_Data/20260204_100739_beam4_az199.mat,0,0.5253253,63,68,-1,-1,False,0.77667624,0.13228454
20260204_100739_beam4_az208,20260204_100739,4,208.0,,,/home/tobeornot8259748/projects/balloon_radar_project/data/raw/detection_dataset/train/Background_IQ/IQ_Data/20260204_100739_beam4_az208.mat,0,0.69277513,51,67,-1,-1,False,0.62946236,0.30440715
20260204_100739_beam4_az217,20260204_100739,4,217.0,,,/home/tobeornot8259748/projects/balloon_radar_project/data/raw/detection_dataset/test/Background_IQ/IQ_Data/20260204_100739_beam4_az217.mat,0,0.95582575,67,63,-1,-1,False,0.7821268,0.192378
20260204_100739_beam4_az226,20260204_100739,4,226.0,,,/home/tobeornot8259748/projects/balloon_radar_project/data/raw/detection_dataset/train/Background_IQ/IQ_Data/20260204_100739_beam4_az226.mat,0,0.6009905,48,67,-1,-1,False,0.67704064,0.31626236
20260204_100739_beam4_az235,20260204_100739,4,235.0,,,/home/tobeornot8259748/projects/balloon_radar_project/data/raw/detection_dataset/train/Background_IQ/IQ_Data/20260204_100739_beam4_az235.mat,0,0.5931294,43,67,-1,-1,False,0.83023417,0.065077126
20260204_100739_beam4_az244,20260204_100739,4,244.0,,,/home/tobeornot8259748/projects/balloon_radar_project/data/raw/detection_dataset/test/Background_IQ/IQ_Data/20260204_100739_beam4_az244.mat,0,0.80681145,61,62,-1,-1,False,0.6825238,0.27778083
20260204_100739_beam4_az253,20260204_100739,4,253.0,,,/home/tobeornot8259748/projects/balloon_radar_project/data/raw/detection_dataset/train/Background_IQ/IQ_Data/20260204_100739_beam4_az253.mat,0,0.69436467,63,64,-1,-1,False,0.70930296,0.3880941
20260204_100739_beam4_az262,20260204_100739,4,262.0,,,/home/tobeornot8259748/projects/balloon_radar_project/data/raw/detection_dataset/train/Background_IQ/IQ_Data/20260204_100739_beam4_az262.mat,0,0.72342163,59,61,-1,-1,False,0.6663084,0.2608484
20260204_100739_beam5_az001,20260204_100739,5,1.0,,,/home/tobeornot8259748/projects/balloon_radar_project/data/raw/detection_dataset/train/Background_IQ/IQ_Data/20260204_100739_beam5_az001.mat,0,0.2528177,42,69,-1,-1,False,0.8644491,0.22407414
20260204_100739_beam5_az010,20260204_100739,5,10.0,,,/home/tobeornot8259748/projects/balloon_radar_project/data/raw/detection_dataset/train/Background_IQ/IQ_Data/20260204_100739_beam5_az010.mat,0,0.69740564,52,66,-1,-1,False,0.7277479,0.2122478
20260204_100739_beam5_az019,20260204_100739,5,19.0,,,/home/tobeornot8259748/projects/balloon_radar_project/data/raw/detection_dataset/train/Background_IQ/IQ_Data/20260204_100739_beam5_az019.mat,0,0.30893123,64,63,-1,-1,False,0.8627095,0.03569234
20260204_100739_beam5_az028,20260204_100739,5,28.0,,,/home/tobeornot8259748/projects/balloon_radar_project/data/raw/detection_dataset/val/Background_IQ/IQ_Data/20260204_100739_beam5_az028.mat,0,0.53491914,35,60,-1,-1,False,0.7822248,0.47323814
20260204_100739_beam5_az037,20260204_100739,5,37.0,,,/home/tobeornot8259748/projects/balloon_radar_project/data/raw/detection_dataset/train/Background_IQ/IQ_Data/20260204_100739_beam5_az037.mat,0,0.67407006,78,64,-1,-1,False,0.787253,0.06036087
20260204_100739_beam5_az046,20260204_100739,5,46.0,,,/home/tobeornot8259748/projects/balloon_radar_project/data/raw/detection_dataset/train/Background_IQ/IQ_Data/20260204_100739_beam5_az046.mat,0,0.5813078,60,63,-1,-1,False,0.7177057,0.2025788
20260204_100739_beam5_az055,20260204_100739,5,55.0,,,/home/tobeornot8259748/projects/balloon_radar_project/data/raw/detection_dataset/train/Background_IQ/IQ_Data/20260204_100739_beam5_az055.mat,0,0.51538223,55,59,-1,-1,False,0.82705855,0.107627906
20260204_100739_beam5_az064,20260204_100739,5,64.0,,,/home/tobeornot8259748/projects/balloon_radar_project/data/raw/detection_dataset/train/Background_IQ/IQ_Data/20260204_100739_beam5_az064.mat,0,0.51012367,39,68,-1,-1,False,0.7284929,0.4170032
20260204_100739_beam5_az073,20260204_100739,5,73.0,,,/home/tobeornot8259748/projects/balloon_radar_project/data/raw/detection_dataset/val/Background_IQ/IQ_Data/20260204_100739_beam5_az073.mat,0,0.31397814,43,69,-1,-1,False,0.84362864,0.18666025
20260204_100739_beam5_az082,20260204_100739,5,82.0,,,/home/tobeornot8259748/projects/balloon_radar_project/data/raw/detection_dataset/train/Background_IQ/IQ_Data/20260204_100739_beam5_az082.mat,0,0.8000843,72,62,-1,-1,False,0.7071307,0.27412263
20260204_100739_beam5_az091,20260204_100739,5,91.0,,,/home/tobeornot8259748/projects/balloon_radar_project/data/raw/detection_dataset/train/Background_IQ/IQ_Data/20260204_100739_beam5_az091.mat,0,0.35606724,77,62,-1,-1,False,0.83578783,0.055110093
20260204_100739_beam5_az100,20260204_100739,5,100.0,,,/home/tobeornot8259748/projects/balloon_radar_project/data/raw/detection_dataset/val/Background_IQ/IQ_Data/20260204_100739_beam5_az100.mat,0,0.37493223,73,61,-1,-1,False,0.63515365,0.19554456
20260204_100739_beam5_az109,20260204_100739,5,109.0,,,/home/tobeornot8259748/projects/balloon_radar_project/data/raw/detection_dataset/train/Background_IQ/IQ_Data/20260204_100739_beam5_az109.mat,0,0.34925234,13,68,-1,-1,False,0.7397913,0.45294502
20260204_100739_beam5_az118,20260204_100739,5,118.0,,,/home/tobeornot8259748/projects/balloon_radar_project/data/raw/detection_dataset/train/Background_IQ/IQ_Data/20260204_100739_beam5_az118.mat,0,0.45163718,39,60,-1,-1,False,0.7357223,0.3900585
20260204_100739_beam5_az127,20260204_100739,5,127.0,,,/home/tobeornot8259748/projects/balloon_radar_project/data/raw/detection_dataset/train/Background_IQ/IQ_Data/20260204_100739_beam5_az127.mat,0,0.41710263,40,60,-1,-1,False,0.850059,0.38412637
20260204_100739_beam5_az136,20260204_100739,5,136.0,,,/home/tobeornot8259748/projects/balloon_radar_project/data/raw/detection_dataset/val/Background_IQ/IQ_Data/20260204_100739_beam5_az136.mat,0,0.5686513,41,68,-1,-1,False,0.76755106,0.18184544
20260204_100739_beam5_az145,20260204_100739,5,145.0,,,/home/tobeornot8259748/projects/balloon_radar_project/data/raw/detection_dataset/train/Background_IQ/IQ_Data/20260204_100739_beam5_az145.mat,0,0.2528298,58,62,-1,-1,False,0.8662698,0.08624328
20260204_100739_beam5_az154,20260204_100739,5,154.0,,,/home/tobeornot8259748/projects/balloon_radar_project/data/raw/detection_dataset/train/Background_IQ/IQ_Data/20260204_100739_beam5_az154.mat,0,0.7192661,50,66,-1,-1,False,0.7435674,0.37295598
20260204_100739_beam5_az163,20260204_100739,5,163.0,,,/home/tobeornot8259748/projects/balloon_radar_project/data/raw/detection_dataset/train/Background_IQ/IQ_Data/20260204_100739_beam5_az163.mat,0,0.52957135,48,68,-1,-1,False,0.7944492,0.11993171
20260204_100739_beam5_az172,20260204_100739,5,172.0,,,/home/tobeornot8259748/projects/balloon_radar_project/data/raw/detection_dataset/train/Background_IQ/IQ_Data/20260204_100739_beam5_az172.mat,0,0.5749881,42,60,-1,-1,False,0.70234424,0.3867507
20260204_100739_beam5_az181,20260204_100739,5,181.0,,,/home/tobeornot8259748/projects/balloon_radar_project/data/raw/detection_dataset/train/Background_IQ/IQ_Data/20260204_100739_beam5_az181.mat,0,0.6294086,43,67,-1,-1,False,0.7975486,0.32774314
20260204_100739_beam5_az190,20260204_100739,5,190.0,,,/home/tobeornot8259748/projects/balloon_radar_project/data/raw/detection_dataset/test/Background_IQ/IQ_Data/20260204_100739_beam5_az190.mat,0,0.83219707,38,62,-1,-1,False,0.7459138,0.40503654
20260204_100739_beam5_az199,20260204_100739,5,199.0,,,/home/tobeornot8259748/projects/balloon_radar_project/data/raw/detection_dataset/test/Background_IQ/IQ_Data/20260204_100739_beam5_az199.mat,0,0.80292726,62,62,-1,-1,False,0.8038458,0.20795777
20260204_100739_beam5_az208,20260204_100739,5,208.0,,,/home/tobeornot8259748/projects/balloon_radar_project/data/raw/detection_dataset/val/Background_IQ/IQ_Data/20260204_100739_beam5_az208.mat,0,0.5314601,51,67,-1,-1,False,0.63779664,0.28658408
20260204_100739_beam5_az217,20260204_100739,5,217.0,,,/home/tobeornot8259748/projects/balloon_radar_project/data/raw/detection_dataset/train/Background_IQ/IQ_Data/20260204_100739_beam5_az217.mat,0,0.9225438,68,63,-1,-1,False,0.79405904,0.213528
20260204_100739_beam5_az226,20260204_100739,5,226.0,,,/home/tobeornot8259748/projects/balloon_radar_project/data/raw/detection_dataset/train/Background_IQ/IQ_Data/20260204_100739_beam5_az226.mat,0,0.65309817,68,66,-1,-1,False,0.6824959,0.20606971
20260204_100739_beam5_az235,20260204_100739,5,235.0,,,/home/tobeornot8259748/projects/balloon_radar_project/data/raw/detection_dataset/test/Background_IQ/IQ_Data/20260204_100739_beam5_az235.mat,0,0.60190123,59,63,-1,-1,False,0.85661685,0.055248585
20260204_100739_beam5_az244,20260204_100739,5,244.0,,,/home/tobeornot8259748/projects/balloon_radar_project/data/raw/detection_dataset/train/Background_IQ/IQ_Data/20260204_100739_beam5_az244.mat,0,0.81480813,58,64,-1,-1,False,0.6683627,0.2504979
20260204_100739_beam5_az253,20260204_100739,5,253.0,,,/home/tobeornot8259748/projects/balloon_radar_project/data/raw/detection_dataset/train/Background_IQ/IQ_Data/20260204_100739_beam5_az253.mat,0,0.43996653,8,63,-1,-1,False,0.6443852,0.5088752
20260204_100739_beam5_az262,20260204_100739,5,262.0,,,/home/tobeornot8259748/projects/balloon_radar_project/data/raw/detection_dataset/train/Background_IQ/IQ_Data/20260204_100739_beam5_az262.mat,0,0.7727116,61,61,-1,-1,False,0.670779,0.224785
20260204_100845_beam1_az001,20260204_100845,1,1.0,,,/home/tobeornot8259748/projects/balloon_radar_project/data/raw/detection_dataset/train/Background_IQ/IQ_Data/20260204_100845_beam1_az001.mat,0,0.28562146,44,69,-1,-1,False,0.87048525,0.04354224
20260204_100845_beam1_az010,20260204_100845,1,10.0,,,/home/tobeornot8259748/projects/balloon_radar_project/data/raw/detection_dataset/val/Background_IQ/IQ_Data/20260204_100845_beam1_az010.mat,0,0.654631,28,123,-1,-1,False,0.7428509,0.11224488
20260204_100845_beam1_az019,20260204_100845,1,19.0,,,/home/tobeornot8259748/projects/balloon_radar_project/data/raw/detection_dataset/train/Background_IQ/IQ_Data/20260204_100845_beam1_az019.mat,0,0.6239072,52,66,-1,-1,False,0.67555,0.20889676
20260204_100845_beam1_az028,20260204_100845,1,28.0,,,/home/tobeornot8259748/projects/balloon_radar_project/data/raw/detection_dataset/train/Background_IQ/IQ_Data/20260204_100845_beam1_az028.mat,0,0.6252124,73,62,-1,-1,False,0.784694,0.1031238
20260204_100845_beam1_az037,20260204_100845,1,37.0,,,/home/tobeornot8259748/projects/balloon_radar_project/data/raw/detection_dataset/train/Background_IQ/IQ_Data/20260204_100845_beam1_az037.mat,0,0.52604276,38,67,-1,-1,False,0.7407064,0.43968192
20260204_100845_beam1_az046,20260204_100845,1,46.0,,,/home/tobeornot8259748/projects/balloon_radar_project/data/raw/detection_dataset/val/Background_IQ/IQ_Data/20260204_100845_beam1_az046.mat,0,0.27861476,30,62,-1,-1,False,0.8300084,0.35735646
20260204_100845_beam1_az055,20260204_100845,1,55.0,,,/home/tobeornot8259748/projects/balloon_radar_project/data/raw/detection_dataset/train/Background_IQ/IQ_Data/20260204_100845_beam1_az055.mat,0,0.5000323,62,63,-1,-1,False,0.73792815,0.12872116
20260204_100845_beam1_az064,20260204_100845,1,64.0,,,/home/tobeornot8259748/projects/balloon_radar_project/data/raw/detection_dataset/train/Background_IQ/IQ_Data/20260204_100845_beam1_az064.mat,0,0.6298042,52,63,-1,-1,False,0.73019016,0.18187569
20260204_100845_beam1_az073,20260204_100845,1,73.0,,,/home/tobeornot8259748/projects/balloon_radar_project/data/raw/detection_dataset/train/Background_IQ/IQ_Data/20260204_100845_beam1_az073.mat,0,0.45951992,62,68,-1,-1,False,0.8149351,0.16521585
20260204_100845_beam1_az082,20260204_100845,1,82.0,,,/home/tobeornot8259748/projects/balloon_radar_project/data/raw/detection_dataset/train/Background_IQ/IQ_Data/20260204_100845_beam1_az082.mat,0,0.7070226,71,72,-1,-1,False,0.61919737,0.11922969
20260204_100845_beam1_az091,20260204_100845,1,91.0,,,/home/tobeornot8259748/projects/balloon_radar_project/data/raw/detection_dataset/train/Background_IQ/IQ_Data/20260204_100845_beam1_az091.mat,0,0.79356194,71,70,-1,-1,False,0.777939,0.06555277
20260204_100845_beam1_az100,20260204_100845,1,100.0,,,/home/tobeornot8259748/projects/balloon_radar_project/data/raw/detection_dataset/train/Background_IQ/IQ_Data/20260204_100845_beam1_az100.mat,0,0.47524142,39,61,-1,-1,False,0.7831103,0.28370044
20260204_100845_beam1_az109,20260204_100845,1,109.0,,,/home/tobeornot8259748/projects/balloon_radar_project/data/raw/detection_dataset/train/Background_IQ/IQ_Data/20260204_100845_beam1_az109.mat,0,0.58663005,27,67,-1,-1,False,0.78019047,0.16497818
20260204_100845_beam1_az118,20260204_100845,1,118.0,,,/home/tobeornot8259748/projects/balloon_radar_project/data/raw/detection_dataset/train/Background_IQ/IQ_Data/20260204_100845_beam1_az118.mat,0,0.22444446,34,59,-1,-1,False,0.8129565,0.11987233
20260204_100845_beam1_az127,20260204_100845,1,127.0,,,/home/tobeornot8259748/projects/balloon_radar_project/data/raw/detection_dataset/train/Background_IQ/IQ_Data/20260204_100845_beam1_az127.mat,0,0.61362827,54,61,-1,-1,False,0.7529317,0.24425237
20260204_100845_beam1_az136,20260204_100845,1,136.0,,,/home/tobeornot8259748/projects/balloon_radar_project/data/raw/detection_dataset/train/Background_IQ/IQ_Data/20260204_100845_beam1_az136.mat,0,0.788609,61,63,-1,-1,False,0.74107563,0.24432664
20260204_100845_beam1_az145,20260204_100845,1,145.0,,,/home/tobeornot8259748/projects/balloon_radar_project/data/raw/detection_dataset/train/Background_IQ/IQ_Data/20260204_100845_beam1_az145.mat,0,0.65863866,42,60,-1,-1,False,0.73995095,0.21287452
20260204_100845_beam1_az154,20260204_100845,1,154.0,,,/home/tobeornot8259748/projects/balloon_radar_project/data/raw/detection_dataset/test/Background_IQ/IQ_Data/20260204_100845_beam1_az154.mat,0,0.6947302,37,63,-1,-1,False,0.79053307,0.374414
20260204_100845_beam1_az163,20260204_100845,1,163.0,,,/home/tobeornot8259748/projects/balloon_radar_project/data/raw/detection_dataset/val/Background_IQ/IQ_Data/20260204_100845_beam1_az163.mat,0,0.29320973,62,68,-1,-1,False,0.73939586,0.26158357
20260204_100845_beam1_az172,20260204_100845,1,172.0,,,/home/tobeornot8259748/projects/balloon_radar_project/data/raw/detection_dataset/train/Background_IQ/IQ_Data/20260204_100845_beam1_az172.mat,0,0.6775191,52,61,-1,-1,False,0.7573323,0.17708944
20260204_100845_beam1_az181,20260204_100845,1,181.0,,,/home/tobeornot8259748/projects/balloon_radar_project/data/raw/detection_dataset/train/Background_IQ/IQ_Data/20260204_100845_beam1_az181.mat,0,0.8828569,62,65,-1,-1,False,0.74269056,0.21338546
20260204_100845_beam1_az190,20260204_100845,1,190.0,,,/home/tobeornot8259748/projects/balloon_radar_project/data/raw/detection_dataset/train/Background_IQ/IQ_Data/20260204_100845_beam1_az190.mat,0,0.6424443,51,62,-1,-1,False,0.7061202,0.31197393
20260204_100845_beam1_az199,20260204_100845,1,199.0,,,/home/tobeornot8259748/projects/balloon_radar_project/data/raw/detection_dataset/train/Background_IQ/IQ_Data/20260204_100845_beam1_az199.mat,0,0.85910296,71,64,-1,-1,False,0.7773512,0.27002826
20260204_100845_beam1_az208,20260204_100845,1,208.0,,,/home/tobeornot8259748/projects/balloon_radar_project/data/raw/detection_dataset/test/Background_IQ/IQ_Data/20260204_100845_beam1_az208.mat,0,0.7461428,72,67,-1,-1,False,0.7217773,0.2400275
20260204_100845_beam1_az217,20260204_100845,1,217.0,,,/home/tobeornot8259748/projects/balloon_radar_project/data/raw/detection_dataset/train/Background_IQ/IQ_Data/20260204_100845_beam1_az217.mat,0,0.7763454,61,62,-1,-1,False,0.75808114,0.06622857
20260204_100845_beam1_az226,20260204_100845,1,226.0,,,/home/tobeornot8259748/projects/balloon_radar_project/data/raw/detection_dataset/train/Background_IQ/IQ_Data/20260204_100845_beam1_az226.mat,0,0.48927084,69,67,-1,-1,False,0.63741165,0.15176807
20260204_100845_beam1_az235,20260204_100845,1,235.0,,,/home/tobeornot8259748/projects/balloon_radar_project/data/raw/detection_dataset/val/Background_IQ/IQ_Data/20260204_100845_beam1_az235.mat,0,0.48809958,55,67,-1,-1,False,0.7004962,0.4306435
20260204_100845_beam1_az244,20260204_100845,1,244.0,,,/home/tobeornot8259748/projects/balloon_radar_project/data/raw/detection_dataset/train/Background_IQ/IQ_Data/20260204_100845_beam1_az244.mat,0,0.21252392,60,68,-1,-1,False,0.6436323,0.19487867
20260204_100845_beam1_az253,20260204_100845,1,253.0,,,/home/tobeornot8259748/projects/balloon_radar_project/data/raw/detection_dataset/train/Background_IQ/IQ_Data/20260204_100845_beam1_az253.mat,0,0.564492,31,57,-1,-1,False,0.77898216,0.35973018
20260204_100845_beam1_az262,20260204_100845,1,262.0,,,/home/tobeornot8259748/projects/balloon_radar_project/data/raw/detection_dataset/train/Background_IQ/IQ_Data/20260204_100845_beam1_az262.mat,0,0.43265244,55,67,-1,-1,False,0.7184527,0.33281672
20260204_100845_beam2_az001,20260204_100845,2,1.0,,,/home/tobeornot8259748/projects/balloon_radar_project/data/raw/detection_dataset/test/Background_IQ/IQ_Data/20260204_100845_beam2_az001.mat,0,0.34214717,82,62,-1,-1,False,0.67098176,0.15459305
20260204_100845_beam2_az010,20260204_100845,2,10.0,,,/home/tobeornot8259748/projects/balloon_radar_project/data/raw/detection_dataset/train/Background_IQ/IQ_Data/20260204_100845_beam2_az010.mat,0,0.59063447,61,67,-1,-1,False,0.7330215,0.14424305
20260204_100845_beam2_az019,20260204_100845,2,19.0,,,/home/tobeornot8259748/projects/balloon_radar_project/data/raw/detection_dataset/train/Background_IQ/IQ_Data/20260204_100845_beam2_az019.mat,0,0.5939429,69,66,-1,-1,False,0.70543677,0.23320316
20260204_100845_beam2_az028,20260204_100845,2,28.0,,,/home/tobeornot8259748/projects/balloon_radar_project/data/raw/detection_dataset/val/Background_IQ/IQ_Data/20260204_100845_beam2_az028.mat,0,0.7783066,72,62,-1,-1,False,0.7695152,0.109362476
20260204_100845_beam2_az037,20260204_100845,2,37.0,,,/home/tobeornot8259748/projects/balloon_radar_project/data/raw/detection_dataset/train/Background_IQ/IQ_Data/20260204_100845_beam2_az037.mat,0,0.4520526,61,68,-1,-1,False,0.7365262,0.29094297
20260204_100845_beam2_az046,20260204_100845,2,46.0,,,/home/tobeornot8259748/projects/balloon_radar_project/data/raw/detection_dataset/train/Background_IQ/IQ_Data/20260204_100845_beam2_az046.mat,0,0.55587596,39,62,-1,-1,False,0.8199491,0.17904527
20260204_100845_beam2_az055,20260204_100845,2,55.0,,,/home/tobeornot8259748/projects/balloon_radar_project/data/raw/detection_dataset/train/Background_IQ/IQ_Data/20260204_100845_beam2_az055.mat,0,0.37234998,33,69,-1,-1,False,0.76146346,0.26994687
20260204_100845_beam2_az064,20260204_100845,2,64.0,,,/home/tobeornot8259748/projects/balloon_radar_project/data/raw/detection_dataset/train/Background_IQ/IQ_Data/20260204_100845_beam2_az064.mat,0,0.59537214,62,61,-1,-1,False,0.68209416,0.19021805
20260204_100845_beam2_az073,20260204_100845,2,73.0,,,/home/tobeornot8259748/projects/balloon_radar_project/data/raw/detection_dataset/val/Background_IQ/IQ_Data/20260204_100845_beam2_az073.mat,0,0.4926727,56,64,-1,-1,False,0.8323804,0.09671773
20260204_100845_beam2_az082,20260204_100845,2,82.0,,,/home/tobeornot8259748/projects/balloon_radar_project/data/raw/detection_dataset/train/Background_IQ/IQ_Data/20260204_100845_beam2_az082.mat,0,0.7281465,71,72,-1,-1,False,0.60922736,0.19026414
20260204_100845_beam2_az091,20260204_100845,2,91.0,,,/home/tobeornot8259748/projects/balloon_radar_project/data/raw/detection_dataset/train/Background_IQ/IQ_Data/20260204_100845_beam2_az091.mat,0,0.4911414,78,70,-1,-1,False,0.7730697,0.03954491
20260204_100845_beam2_az100,20260204_100845,2,100.0,,,/home/tobeornot8259748/projects/balloon_radar_project/data/raw/detection_dataset/train/Background_IQ/IQ_Data/20260204_100845_beam2_az100.mat,0,0.5639205,58,68,-1,-1,False,0.72265524,0.32472482
20260204_100845_beam2_az109,20260204_100845,2,109.0,,,/home/tobeornot8259748/projects/balloon_radar_project/data/raw/detection_dataset/train/Background_IQ/IQ_Data/20260204_100845_beam2_az109.mat,0,0.22225472,34,69,-1,-1,False,0.7629791,0.12540801
20260204_100845_beam2_az118,20260204_100845,2,118.0,,,/home/tobeornot8259748/projects/balloon_radar_project/data/raw/detection_dataset/train/Background_IQ/IQ_Data/20260204_100845_beam2_az118.mat,0,0.5715149,40,62,-1,-1,False,0.8151339,0.1890873
20260204_100845_beam2_az127,20260204_100845,2,127.0,,,/home/tobeornot8259748/projects/balloon_radar_project/data/raw/detection_dataset/val/Background_IQ/IQ_Data/20260204_100845_beam2_az127.mat,0,0.4657539,75,69,-1,-1,False,0.7545845,0.12096069
20260204_100845_beam2_az136,20260204_100845,2,136.0,,,/home/tobeornot8259748/projects/balloon_radar_project/data/raw/detection_dataset/train/Background_IQ/IQ_Data/20260204_100845_beam2_az136.mat,0,0.7310369,61,63,-1,-1,False,0.72590005,0.28731737
20260204_100845_beam2_az145,20260204_100845,2,145.0,,,/home/tobeornot8259748/projects/balloon_radar_project/data/raw/detection_dataset/train/Background_IQ/IQ_Data/20260204_100845_beam2_az145.mat,0,0.5702131,68,60,-1,-1,False,0.7352572,0.35179085
20260204_100845_beam2_az154,20260204_100845,2,154.0,,,/home/tobeornot8259748/projects/balloon_radar_project/data/raw/detection_dataset/val/Background_IQ/IQ_Data/20260204_100845_beam2_az154.mat,0,0.6028979,55,62,-1,-1,False,0.75070804,0.22938116
20260204_100845_beam2_az163,20260204_100845,2,163.0,,,/home/tobeornot8259748/projects/balloon_radar_project/data/raw/detection_dataset/train/Background_IQ/IQ_Data/20260204_100845_beam2_az163.mat,0,0.35094902,43,60,-1,-1,False,0.7370436,0.29118127
20260204_100845_beam2_az172,20260204_100845,2,172.0,,,/home/tobeornot8259748/projects/balloon_radar_project/data/raw/detection_dataset/test/Background_IQ/IQ_Data/20260204_100845_beam2_az172.mat,0,0.5478785,66,63,-1,-1,False,0.7028416,0.19700684
20260204_100845_beam2_az181,20260204_100845,2,181.0,,,/home/tobeornot8259748/projects/balloon_radar_project/data/raw/detection_dataset/val/Background_IQ/IQ_Data/20260204_100845_beam2_az181.mat,0,0.5038237,35,68,-1,-1,False,0.79086125,0.32525885
20260204_100845_beam2_az190,20260204_100845,2,190.0,,,/home/tobeornot8259748/projects/balloon_radar_project/data/raw/detection_dataset/train/Background_IQ/IQ_Data/20260204_100845_beam2_az190.mat,0,0.41342026,47,61,-1,-1,False,0.64754546,0.26281193
20260204_100845_beam2_az199,20260204_100845,2,199.0,,,/home/tobeornot8259748/projects/balloon_radar_project/data/raw/detection_dataset/train/Background_IQ/IQ_Data/20260204_100845_beam2_az199.mat,0,0.44543356,65,60,-1,-1,False,0.7574505,0.1636832
20260204_100845_beam2_az208,20260204_100845,2,208.0,,,/home/tobeornot8259748/projects/balloon_radar_project/data/raw/detection_dataset/train/Background_IQ/IQ_Data/20260204_100845_beam2_az208.mat,0,0.75153184,46,67,-1,-1,False,0.70143765,0.38630506
20260204_100845_beam2_az217,20260204_100845,2,217.0,,,/home/tobeornot8259748/projects/balloon_radar_project/data/raw/detection_dataset/test/Background_IQ/IQ_Data/20260204_100845_beam2_az217.mat,0,0.37613082,40,68,-1,-1,False,0.78807753,0.105506465
20260204_100845_beam2_az226,20260204_100845,2,226.0,,,/home/tobeornot8259748/projects/balloon_radar_project/data/raw/detection_dataset/train/Background_IQ/IQ_Data/20260204_100845_beam2_az226.mat,0,0.52783453,69,67,-1,-1,False,0.62165564,0.16704282
20260204_100845_beam2_az235,20260204_100845,2,235.0,,,/home/tobeornot8259748/projects/balloon_radar_project/data/raw/detection_dataset/train/Background_IQ/IQ_Data/20260204_100845_beam2_az235.mat,0,0.84751135,63,64,-1,-1,False,0.69088405,0.35753396
20260204_100845_beam2_az244,20260204_100845,2,244.0,,,/home/tobeornot8259748/projects/balloon_radar_project/data/raw/detection_dataset/train/Background_IQ/IQ_Data/20260204_100845_beam2_az244.mat,0,0.22621767,60,68,-1,-1,False,0.6491349,0.21239826
20260204_100845_beam2_az253,20260204_100845,2,253.0,,,/home/tobeornot8259748/projects/balloon_radar_project/data/raw/detection_dataset/test/Background_IQ/IQ_Data/20260204_100845_beam2_az253.mat,0,0.49332854,53,63,-1,-1,False,0.6937154,0.11209094
20260204_100845_beam2_az262,20260204_100845,2,262.0,,,/home/tobeornot8259748/projects/balloon_radar_project/data/raw/detection_dataset/train/Background_IQ/IQ_Data/20260204_100845_beam2_az262.mat,0,0.34160766,55,61,-1,-1,False,0.70843816,0.32703376
20260204_100845_beam3_az001,20260204_100845,3,1.0,,,/home/tobeornot8259748/projects/balloon_radar_project/data/raw/detection_dataset/train/Background_IQ/IQ_Data/20260204_100845_beam3_az001.mat,0,0.4256134,57,63,-1,-1,False,0.86134636,0.0798947
20260204_100845_beam3_az010,20260204_100845,3,10.0,,,/home/tobeornot8259748/projects/balloon_radar_project/data/raw/detection_dataset/train/Background_IQ/IQ_Data/20260204_100845_beam3_az010.mat,0,0.72995085,60,63,-1,-1,False,0.7145806,0.19339041
20260204_100845_beam3_az019,20260204_100845,3,19.0,,,/home/tobeornot8259748/projects/balloon_radar_project/data/raw/detection_dataset/train/Background_IQ/IQ_Data/20260204_100845_beam3_az019.mat,0,0.7553075,69,66,-1,-1,False,0.72584397,0.14466137
20260204_100845_beam3_az028,20260204_100845,3,28.0,,,/home/tobeornot8259748/projects/balloon_radar_project/data/raw/detection_dataset/val/Background_IQ/IQ_Data/20260204_100845_beam3_az028.mat,0,0.58401954,31,68,-1,-1,False,0.7783574,0.35089222
20260204_100845_beam3_az037,20260204_100845,3,37.0,,,/home/tobeornot8259748/projects/balloon_radar_project/data/raw/detection_dataset/test/Background_IQ/IQ_Data/20260204_100845_beam3_az037.mat,0,0.7292349,69,67,-1,-1,False,0.7830037,0.20359617
20260204_100845_beam3_az046,20260204_100845,3,46.0,,,/home/tobeornot8259748/projects/balloon_radar_project/data/raw/detection_dataset/train/Background_IQ/IQ_Data/20260204_100845_beam3_az046.mat,0,0.5639344,71,63,-1,-1,False,0.75623226,0.104583584
20260204_100845_beam3_az055,20260204_100845,3,55.0,,,/home/tobeornot8259748/projects/balloon_radar_project/data/raw/detection_dataset/train/Background_IQ/IQ_Data/20260204_100845_beam3_az055.mat,0,0.41600674,25,68,-1,-1,False,0.8070408,0.26480514
20260204_100845_beam3_az064,20260204_100845,3,64.0,,,/home/tobeornot8259748/projects/balloon_radar_project/data/raw/detection_dataset/train/Background_IQ/IQ_Data/20260204_100845_beam3_az064.mat,0,0.6710327,67,60,-1,-1,False,0.68162245,0.25175947
20260204_100845_beam3_az073,20260204_100845,3,73.0,,,/home/tobeornot8259748/projects/balloon_radar_project/data/raw/detection_dataset/train/Background_IQ/IQ_Data/20260204_100845_beam3_az073.mat,0,0.3610835,35,69,-1,-1,False,0.806894,0.07835826
20260204_100845_beam3_az082,20260204_100845,3,82.0,,,/home/tobeornot8259748/projects/balloon_radar_project/data/raw/detection_dataset/val/Background_IQ/IQ_Data/20260204_100845_beam3_az082.mat,0,0.75873923,72,70,-1,-1,False,0.65522426,0.3060107
20260204_100845_beam3_az091,20260204_100845,3,91.0,,,/home/tobeornot8259748/projects/balloon_radar_project/data/raw/detection_dataset/train/Background_IQ/IQ_Data/20260204_100845_beam3_az091.mat,0,0.49486127,39,68,-1,-1,False,0.828071,0.34293914
20260204_100845_beam3_az100,20260204_100845,3,100.0,,,/home/tobeornot8259748/projects/balloon_radar_project/data/raw/detection_dataset/val/Background_IQ/IQ_Data/20260204_100845_beam3_az100.mat,0,0.55444765,32,61,-1,-1,False,0.70340276,0.25054216
20260204_100845_beam3_az109,20260204_100845,3,109.0,,,/home/tobeornot8259748/projects/balloon_radar_project/data/raw/detection_dataset/train/Background_IQ/IQ_Data/20260204_100845_beam3_az109.mat,0,0.58386725,40,60,-1,-1,False,0.81685686,0.35774365
20260204_100845_beam3_az118,20260204_100845,3,118.0,,,/home/tobeornot8259748/projects/balloon_radar_project/data/raw/detection_dataset/val/Background_IQ/IQ_Data/20260204_100845_beam3_az118.mat,0,0.4531655,62,62,-1,-1,False,0.76878804,0.14919494
20260204_100845_beam3_az127,20260204_100845,3,127.0,,,/home/tobeornot8259748/projects/balloon_radar_project/data/raw/detection_dataset/train/Background_IQ/IQ_Data/20260204_100845_beam3_az127.mat,0,0.55183846,77,66,-1,-1,False,0.78916955,0.1548984
20260204_100845_beam3_az136,20260204_100845,3,136.0,,,/home/tobeornot8259748/projects/balloon_radar_project/data/raw/detection_dataset/train/Background_IQ/IQ_Data/20260204_100845_beam3_az136.mat,0,0.7522595,51,61,-1,-1,False,0.743585,0.3231898
20260204_100845_beam3_az145,20260204_100845,3,145.0,,,/home/tobeornot8259748/projects/balloon_radar_project/data/raw/detection_dataset/train/Background_IQ/IQ_Data/20260204_100845_beam3_az145.mat,0,0.64728594,68,60,-1,-1,False,0.7468827,0.35587826
20260204_100845_beam3_az154,20260204_100845,3,154.0,,,/home/tobeornot8259748/projects/balloon_radar_project/data/raw/detection_dataset/val/Background_IQ/IQ_Data/20260204_100845_beam3_az154.mat,0,0.70926386,54,62,-1,-1,False,0.72540635,0.3210571
20260204_100845_beam3_az163,20260204_100845,3,163.0,,,/home/tobeornot8259748/projects/balloon_radar_project/data/raw/detection_dataset/train/Background_IQ/IQ_Data/20260204_100845_beam3_az163.mat,0,0.39345106,31,63,-1,-1,False,0.7551945,0.28660476
20260204_100845_beam3_az172,20260204_100845,3,172.0,,,/home/tobeornot8259748/projects/balloon_radar_project/data/raw/detection_dataset/train/Background_IQ/IQ_Data/20260204_100845_beam3_az172.mat,0,0.70022213,66,64,-1,-1,False,0.6880982,0.27249622
20260204_100845_beam3_az181,20260204_100845,3,181.0,,,/home/tobeornot8259748/projects/balloon_radar_project/data/raw/detection_dataset/train/Background_IQ/IQ_Data/20260204_100845_beam3_az181.mat,0,0.5996396,66,66,-1,-1,False,0.77001244,0.14117388
20260204_100845_beam3_az190,20260204_100845,3,190.0,,,/home/tobeornot8259748/projects/balloon_radar_project/data/raw/detection_dataset/train/Background_IQ/IQ_Data/20260204_100845_beam3_az190.mat,0,0.4769742,46,60,-1,-1,False,0.62643045,0.22826597
20260204_100845_beam3_az199,20260204_100845,3,199.0,,,/home/tobeornot8259748/projects/balloon_radar_project/data/raw/detection_dataset/val/Background_IQ/IQ_Data/20260204_100845_beam3_az199.mat,0,0.51459587,65,60,-1,-1,False,0.75335413,0.16234905
20260204_100845_beam3_az208,20260204_100845,3,208.0,,,/home/tobeornot8259748/projects/balloon_radar_project/data/raw/detection_dataset/val/Background_IQ/IQ_Data/20260204_100845_beam3_az208.mat,0,0.71376884,46,67,-1,-1,False,0.7030237,0.407887
20260204_100845_beam3_az217,20260204_100845,3,217.0,,,/home/tobeornot8259748/projects/balloon_radar_project/data/raw/detection_dataset/train/Background_IQ/IQ_Data/20260204_100845_beam3_az217.mat,0,0.27546212,82,62,-1,-1,False,0.6246559,0.117823444
20260204_100845_beam3_az226,20260204_100845,3,226.0,,,/home/tobeornot8259748/projects/balloon_radar_project/data/raw/detection_dataset/test/Background_IQ/IQ_Data/20260204_100845_beam3_az226.mat,0,0.6392515,69,66,-1,-1,False,0.64609206,0.18497646
20260204_100845_beam3_az235,20260204_100845,3,235.0,,,/home/tobeornot8259748/projects/balloon_radar_project/data/raw/detection_dataset/train/Background_IQ/IQ_Data/20260204_100845_beam3_az235.mat,0,0.7017792,63,63,-1,-1,False,0.6866747,0.34907877
20260204_100845_beam3_az244,20260204_100845,3,244.0,,,/home/tobeornot8259748/projects/balloon_radar_project/data/raw/detection_dataset/train/Background_IQ/IQ_Data/20260204_100845_beam3_az244.mat,0,0.2534432,60,64,-1,-1,False,0.70431864,0.3038696
20260204_100845_beam3_az253,20260204_100845,3,253.0,,,/home/tobeornot8259748/projects/balloon_radar_project/data/raw/detection_dataset/train/Background_IQ/IQ_Data/20260204_100845_beam3_az253.mat,0,0.48906106,48,66,-1,-1,False,0.69571537,0.16165417
20260204_100845_beam3_az262,20260204_100845,3,262.0,,,/home/tobeornot8259748/projects/balloon_radar_project/data/raw/detection_dataset/train/Background_IQ/IQ_Data/20260204_100845_beam3_az262.mat,0,0.34658167,55,63,-1,-1,False,0.7149376,0.39902067
20260204_100845_beam4_az001,20260204_100845,4,1.0,,,/home/tobeornot8259748/projects/balloon_radar_project/data/raw/detection_dataset/test/Background_IQ/IQ_Data/20260204_100845_beam4_az001.mat,0,0.45685765,57,63,-1,-1,False,0.8790128,0.085711606
20260204_100845_beam4_az010,20260204_100845,4,10.0,,,/home/tobeornot8259748/projects/balloon_radar_project/data/raw/detection_dataset/train/Background_IQ/IQ_Data/20260204_100845_beam4_az010.mat,0,0.5316587,64,67,-1,-1,False,0.72619784,0.20366164
20260204_100845_beam4_az019,20260204_100845,4,19.0,,,/home/tobeornot8259748/projects/balloon_radar_project/data/raw/detection_dataset/train/Background_IQ/IQ_Data/20260204_100845_beam4_az019.mat,0,0.6327435,69,63,-1,-1,False,0.78668344,0.09357139
20260204_100845_beam4_az028,20260204_100845,4,28.0,,,/home/tobeornot8259748/projects/balloon_radar_project/data/raw/detection_dataset/train/Background_IQ/IQ_Data/20260204_100845_beam4_az028.mat,0,0.5932403,61,66,-1,-1,False,0.7290884,0.1692858
20260204_100845_beam4_az037,20260204_100845,4,37.0,,,/home/tobeornot8259748/projects/balloon_radar_project/data/raw/detection_dataset/train/Background_IQ/IQ_Data/20260204_100845_beam4_az037.mat,0,0.57525826,68,63,-1,-1,False,0.8287917,0.13045342
20260204_100845_beam4_az046,20260204_100845,4,46.0,,,/home/tobeornot8259748/projects/balloon_radar_project/data/raw/detection_dataset/train/Background_IQ/IQ_Data/20260204_100845_beam4_az046.mat,0,0.4497232,50,67,-1,-1,False,0.74309355,0.19679458
20260204_100845_beam4_az055,20260204_100845,4,55.0,,,/home/tobeornot8259748/projects/balloon_radar_project/data/raw/detection_dataset/test/Background_IQ/IQ_Data/20260204_100845_beam4_az055.mat,0,0.29807198,34,69,-1,-1,False,0.8142374,0.2112171
20260204_100845_beam4_az064,20260204_100845,4,64.0,,,/home/tobeornot8259748/projects/balloon_radar_project/data/raw/detection_dataset/test/Background_IQ/IQ_Data/20260204_100845_beam4_az064.mat,0,0.5715409,68,60,-1,-1,False,0.68100893,0.27321792
20260204_100845_beam4_az073,20260204_100845,4,73.0,,,/home/tobeornot8259748/projects/balloon_radar_project/data/raw/detection_dataset/train/Background_IQ/IQ_Data/20260204_100845_beam4_az073.mat,0,0.4326006,68,62,-1,-1,False,0.8382484,0.109194756
20260204_100845_beam4_az082,20260204_100845,4,82.0,,,/home/tobeornot8259748/projects/balloon_radar_project/data/raw/detection_dataset/val/Background_IQ/IQ_Data/20260204_100845_beam4_az082.mat,0,0.7960801,72,71,-1,-1,False,0.62821364,0.2922849
20260204_100845_beam4_az091,20260204_100845,4,91.0,,,/home/tobeornot8259748/projects/balloon_radar_project/data/raw/detection_dataset/train/Background_IQ/IQ_Data/20260204_100845_beam4_az091.mat,0,0.56319445,37,60,-1,-1,False,0.83464265,0.3268102
20260204_100845_beam4_az100,20260204_100845,4,100.0,,,/home/tobeornot8259748/projects/balloon_radar_project/data/raw/detection_dataset/train/Background_IQ/IQ_Data/20260204_100845_beam4_az100.mat,0,0.29919386,32,61,-1,-1,False,0.71096647,0.25863
20260204_100845_beam4_az109,20260204_100845,4,109.0,,,/home/tobeornot8259748/projects/balloon_radar_project/data/raw/detection_dataset/train/Background_IQ/IQ_Data/20260204_100845_beam4_az109.mat,0,0.56340086,41,60,-1,-1,False,0.8458541,0.41019243
20260204_100845_beam4_az118,20260204_100845,4,118.0,,,/home/tobeornot8259748/projects/balloon_radar_project/data/raw/detection_dataset/train/Background_IQ/IQ_Data/20260204_100845_beam4_az118.mat,0,0.7372229,51,63,-1,-1,False,0.76885784,0.2812714
20260204_100845_beam4_az127,20260204_100845,4,127.0,,,/home/tobeornot8259748/projects/balloon_radar_project/data/raw/detection_dataset/test/Background_IQ/IQ_Data/20260204_100845_beam4_az127.mat,0,0.4051937,77,66,-1,-1,False,0.8206838,0.10435887
20260204_100845_beam4_az136,20260204_100845,4,136.0,,,/home/tobeornot8259748/projects/balloon_radar_project/data/raw/detection_dataset/train/Background_IQ/IQ_Data/20260204_100845_beam4_az136.mat,0,0.5443035,60,62,-1,-1,False,0.72122055,0.33860454
20260204_100845_beam4_az145,20260204_100845,4,145.0,,,/home/tobeornot8259748/projects/balloon_radar_project/data/raw/detection_dataset/test/Background_IQ/IQ_Data/20260204_100845_beam4_az145.mat,0,0.48920783,68,60,-1,-1,False,0.775006,0.3529233
20260204_100845_beam4_az154,20260204_100845,4,154.0,,,/home/tobeornot8259748/projects/balloon_radar_project/data/raw/detection_dataset/train/Background_IQ/IQ_Data/20260204_100845_beam4_az154.mat,0,0.4142584,34,67,-1,-1,False,0.7296561,0.44587493
20260204_100845_beam4_az163,20260204_100845,4,163.0,,,/home/tobeornot8259748/projects/balloon_radar_project/data/raw/detection_dataset/train/Background_IQ/IQ_Data/20260204_100845_beam4_az163.mat,0,0.5004431,36,62,-1,-1,False,0.765975,0.24809568
20260204_100845_beam4_az172,20260204_100845,4,172.0,,,/home/tobeornot8259748/projects/balloon_radar_project/data/raw/detection_dataset/train/Background_IQ/IQ_Data/20260204_100845_beam4_az172.mat,0,0.7575996,66,62,-1,-1,False,0.6916231,0.29647028
20260204_100845_beam4_az181,20260204_100845,4,181.0,,,/home/tobeornot8259748/projects/balloon_radar_project/data/raw/detection_dataset/train/Background_IQ/IQ_Data/20260204_100845_beam4_az181.mat,0,0.78257984,39,67,-1,-1,False,0.8009044,0.3230458
20260204_100845_beam4_az190,20260204_100845,4,190.0,,,/home/tobeornot8259748/projects/balloon_radar_project/data/raw/detection_dataset/val/Background_IQ/IQ_Data/20260204_100845_beam4_az190.mat,0,0.43109816,46,60,-1,-1,False,0.6326973,0.22636907
20260204_100845_beam4_az199,20260204_100845,4,199.0,,,/home/tobeornot8259748/projects/balloon_radar_project/data/raw/detection_dataset/train/Background_IQ/IQ_Data/20260204_100845_beam4_az199.mat,0,0.15887181,61,60,-1,-1,False,0.73257893,0.10339849
20260204_100845_beam4_az208,20260204_100845,4,208.0,,,/home/tobeornot8259748/projects/balloon_radar_project/data/raw/detection_dataset/train/Background_IQ/IQ_Data/20260204_100845_beam4_az208.mat,0,0.6670465,46,67,-1,-1,False,0.70768654,0.38999566
20260204_100845_beam4_az217,20260204_100845,4,217.0,,,/home/tobeornot8259748/projects/balloon_radar_project/data/raw/detection_dataset/val/Background_IQ/IQ_Data/20260204_100845_beam4_az217.mat,0,0.3821265,58,63,-1,-1,False,0.8218923,0.06132374
20260204_100845_beam4_az226,20260204_100845,4,226.0,,,/home/tobeornot8259748/projects/balloon_radar_project/data/raw/detection_dataset/train/Background_IQ/IQ_Data/20260204_100845_beam4_az226.mat,0,0.7123048,62,67,-1,-1,False,0.6925469,0.20818125
20260204_100845_beam4_az235,20260204_100845,4,235.0,,,/home/tobeornot8259748/projects/balloon_radar_project/data/raw/detection_dataset/train/Background_IQ/IQ_Data/20260204_100845_beam4_az235.mat,0,0.7404719,63,62,-1,-1,False,0.7014436,0.38854426
20260204_100845_beam4_az244,20260204_100845,4,244.0,,,/home/tobeornot8259748/projects/balloon_radar_project/data/raw/detection_dataset/train/Background_IQ/IQ_Data/20260204_100845_beam4_az244.mat,0,0.41074327,60,68,-1,-1,False,0.6444454,0.20326024
20260204_100845_beam4_az253,20260204_100845,4,253.0,,,/home/tobeornot8259748/projects/balloon_radar_project/data/raw/detection_dataset/train/Background_IQ/IQ_Data/20260204_100845_beam4_az253.mat,0,0.67699385,47,66,-1,-1,False,0.71915936,0.21394324
20260204_100845_beam4_az262,20260204_100845,4,262.0,,,/home/tobeornot8259748/projects/balloon_radar_project/data/raw/detection_dataset/train/Background_IQ/IQ_Data/20260204_100845_beam4_az262.mat,0,0.4116734,53,65,-1,-1,False,0.7139301,0.45864385
20260204_100845_beam5_az001,20260204_100845,5,1.0,,,/home/tobeornot8259748/projects/balloon_radar_project/data/raw/detection_dataset/train/Background_IQ/IQ_Data/20260204_100845_beam5_az001.mat,0,0.22001119,54,69,-1,-1,False,0.89471954,0.034093525
20260204_100845_beam5_az010,20260204_100845,5,10.0,,,/home/tobeornot8259748/projects/balloon_radar_project/data/raw/detection_dataset/train/Background_IQ/IQ_Data/20260204_100845_beam5_az010.mat,0,0.5426801,58,61,-1,-1,False,0.70495266,0.17694764
20260204_100845_beam5_az019,20260204_100845,5,19.0,,,/home/tobeornot8259748/projects/balloon_radar_project/data/raw/detection_dataset/train/Background_IQ/IQ_Data/20260204_100845_beam5_az019.mat,0,0.5329513,72,67,-1,-1,False,0.80962265,0.071185924
20260204_100845_beam5_az028,20260204_100845,5,28.0,,,/home/tobeornot8259748/projects/balloon_radar_project/data/raw/detection_dataset/train/Background_IQ/IQ_Data/20260204_100845_beam5_az028.mat,0,0.5916856,60,63,-1,-1,False,0.7162618,0.2023211
20260204_100845_beam5_az037,20260204_100845,5,37.0,,,/home/tobeornot8259748/projects/balloon_radar_project/data/raw/detection_dataset/train/Background_IQ/IQ_Data/20260204_100845_beam5_az037.mat,0,0.3438094,13,68,-1,-1,False,0.7515356,0.45454547
20260204_100845_beam5_az046,20260204_100845,5,46.0,,,/home/tobeornot8259748/projects/balloon_radar_project/data/raw/detection_dataset/val/Background_IQ/IQ_Data/20260204_100845_beam5_az046.mat,0,0.4792378,32,61,-1,-1,False,0.748623,0.4354747
20260204_100845_beam5_az055,20260204_100845,5,55.0,,,/home/tobeornot8259748/projects/balloon_radar_project/data/raw/detection_dataset/test/Background_IQ/IQ_Data/20260204_100845_beam5_az055.mat,0,0.2414974,40,59,-1,-1,False,0.84745926,0.27605632
20260204_100845_beam5_az064,20260204_100845,5,64.0,,,/home/tobeornot8259748/projects/balloon_radar_project/data/raw/detection_dataset/train/Background_IQ/IQ_Data/20260204_100845_beam5_az064.mat,0,0.74723864,70,61,-1,-1,False,0.7009522,0.26591372
20260204_100845_beam5_az073,20260204_100845,5,73.0,,,/home/tobeornot8259748/projects/balloon_radar_project/data/raw/detection_dataset/test/Background_IQ/IQ_Data/20260204_100845_beam5_az073.mat,0,0.6207871,67,63,-1,-1,False,0.855447,0.11785412
20260204_100845_beam5_az082,20260204_100845,5,82.0,,,/home/tobeornot8259748/projects/balloon_radar_project/data/raw/detection_dataset/train/Background_IQ/IQ_Data/20260204_100845_beam5_az082.mat,0,0.8125706,71,73,-1,-1,False,0.61366343,0.16219693
20260204_100845_beam5_az091,20260204_100845,5,91.0,,,/home/tobeornot8259748/projects/balloon_radar_project/data/raw/detection_dataset/val/Background_IQ/IQ_Data/20260204_100845_beam5_az091.mat,0,0.35845423,39,58,-1,-1,False,0.82854164,0.24605626
20260204_100845_beam5_az100,20260204_100845,5,100.0,,,/home/tobeornot8259748/projects/balloon_radar_project/data/raw/detection_dataset/test/Background_IQ/IQ_Data/20260204_100845_beam5_az100.mat,0,0.30379316,36,61,-1,-1,False,0.7258116,0.35456142
20260204_100845_beam5_az109,20260204_100845,5,109.0,,,/home/tobeornot8259748/projects/balloon_radar_project/data/raw/detection_dataset/train/Background_IQ/IQ_Data/20260204_100845_beam5_az109.mat,0,0.36622322,40,70,-1,-1,False,0.8298643,0.23124017
20260204_100845_beam5_az118,20260204_100845,5,118.0,,,/home/tobeornot8259748/projects/balloon_radar_project/data/raw/detection_dataset/train/Background_IQ/IQ_Data/20260204_100845_beam5_az118.mat,0,0.7639073,47,63,-1,-1,False,0.7594253,0.25214323
20260204_100845_beam5_az127,20260204_100845,5,127.0,,,/home/tobeornot8259748/projects/balloon_radar_project/data/raw/detection_dataset/test/Background_IQ/IQ_Data/20260204_100845_beam5_az127.mat,0,0.55086005,53,63,-1,-1,False,0.8730337,0.11108945
20260204_100845_beam5_az136,20260204_100845,5,136.0,,,/home/tobeornot8259748/projects/balloon_radar_project/data/raw/detection_dataset/train/Background_IQ/IQ_Data/20260204_100845_beam5_az136.mat,0,0.6270014,50,64,-1,-1,False,0.74632996,0.34265918
20260204_100845_beam5_az145,20260204_100845,5,145.0,,,/home/tobeornot8259748/projects/balloon_radar_project/data/raw/detection_dataset/test/Background_IQ/IQ_Data/20260204_100845_beam5_az145.mat,0,0.47513834,68,60,-1,-1,False,0.7940451,0.32666415
20260204_100845_beam5_az154,20260204_100845,5,154.0,,,/home/tobeornot8259748/projects/balloon_radar_project/data/raw/detection_dataset/test/Background_IQ/IQ_Data/20260204_100845_beam5_az154.mat,0,0.5726789,35,66,-1,-1,False,0.6938069,0.4352143
20260204_100845_beam5_az163,20260204_100845,5,163.0,,,/home/tobeornot8259748/projects/balloon_radar_project/data/raw/detection_dataset/val/Background_IQ/IQ_Data/20260204_100845_beam5_az163.mat,0,0.5085,55,62,-1,-1,False,0.7816799,0.27709767
20260204_100845_beam5_az172,20260204_100845,5,172.0,,,/home/tobeornot8259748/projects/balloon_radar_project/data/raw/detection_dataset/train/Background_IQ/IQ_Data/20260204_100845_beam5_az172.mat,0,0.81768954,63,62,-1,-1,False,0.68697935,0.23584776
20260204_100845_beam5_az181,20260204_100845,5,181.0,,,/home/tobeornot8259748/projects/balloon_radar_project/data/raw/detection_dataset/val/Background_IQ/IQ_Data/20260204_100845_beam5_az181.mat,0,0.57085025,49,67,-1,-1,False,0.8223495,0.26438487
20260204_100845_beam5_az190,20260204_100845,5,190.0,,,/home/tobeornot8259748/projects/balloon_radar_project/data/raw/detection_dataset/train/Background_IQ/IQ_Data/20260204_100845_beam5_az190.mat,0,0.44126365,51,61,-1,-1,False,0.66266996,0.27484074
20260204_100845_beam5_az199,20260204_100845,5,199.0,,,/home/tobeornot8259748/projects/balloon_radar_project/data/raw/detection_dataset/train/Background_IQ/IQ_Data/20260204_100845_beam5_az199.mat,0,0.30861107,65,60,-1,-1,False,0.7789331,0.17035347
20260204_100845_beam5_az208,20260204_100845,5,208.0,,,/home/tobeornot8259748/projects/balloon_radar_project/data/raw/detection_dataset/train/Background_IQ/IQ_Data/20260204_100845_beam5_az208.mat,0,0.6716364,72,61,-1,-1,False,0.6792545,0.1551103
20260204_100845_beam5_az217,20260204_100845,5,217.0,,,/home/tobeornot8259748/projects/balloon_radar_project/data/raw/detection_dataset/train/Background_IQ/IQ_Data/20260204_100845_beam5_az217.mat,0,0.8733401,58,63,-1,-1,False,0.8393468,0.06260846
20260204_100845_beam5_az226,20260204_100845,5,226.0,,,/home/tobeornot8259748/projects/balloon_radar_project/data/raw/detection_dataset/train/Background_IQ/IQ_Data/20260204_100845_beam5_az226.mat,0,0.92572397,61,63,-1,-1,False,0.6943281,0.23553015
20260204_100845_beam5_az235,20260204_100845,5,235.0,,,/home/tobeornot8259748/projects/balloon_radar_project/data/raw/detection_dataset/train/Background_IQ/IQ_Data/20260204_100845_beam5_az235.mat,0,0.52910054,60,61,-1,-1,False,0.74262017,0.32880113
20260204_100845_beam5_az244,20260204_100845,5,244.0,,,/home/tobeornot8259748/projects/balloon_radar_project/data/raw/detection_dataset/val/Background_IQ/IQ_Data/20260204_100845_beam5_az244.mat,0,0.5271323,59,62,-1,-1,False,0.68606514,0.26225924
20260204_100845_beam5_az253,20260204_100845,5,253.0,,,/home/tobeornot8259748/projects/balloon_radar_project/data/raw/detection_dataset/val/Background_IQ/IQ_Data/20260204_100845_beam5_az253.mat,0,0.8152245,47,66,-1,-1,False,0.75187796,0.18091425
20260204_100845_beam5_az262,20260204_100845,5,262.0,,,/home/tobeornot8259748/projects/balloon_radar_project/data/raw/detection_dataset/train/Background_IQ/IQ_Data/20260204_100845_beam5_az262.mat,0,0.3719799,52,68,-1,-1,False,0.6837656,0.32285604
20260204_100908_beam1_az001,20260204_100908,1,1.0,,,/home/tobeornot8259748/projects/balloon_radar_project/data/raw/detection_dataset/train/Background_IQ/IQ_Data/20260204_100908_beam1_az001.mat,0,0.063402124,0,0,-1,-1,False,0.27938876,0.0
20260204_100908_beam1_az010,20260204_100908,1,10.0,,,/home/tobeornot8259748/projects/balloon_radar_project/data/raw/detection_dataset/test/Background_IQ/IQ_Data/20260204_100908_beam1_az010.mat,0,0.048083164,99,127,-1,-1,False,0.0531595,0.0
20260204_100908_beam1_az019,20260204_100908,1,19.0,,,/home/tobeornot8259748/projects/balloon_radar_project/data/raw/detection_dataset/val/Background_IQ/IQ_Data/20260204_100908_beam1_az019.mat,0,0.15565479,51,63,-1,-1,False,0.69306314,0.32475513
20260204_100908_beam1_az028,20260204_100908,1,28.0,,,/home/tobeornot8259748/projects/balloon_radar_project/data/raw/detection_dataset/train/Background_IQ/IQ_Data/20260204_100908_beam1_az028.mat,0,0.05294427,99,127,-1,-1,False,0.058813907,0.0
20260204_100908_beam1_az037,20260204_100908,1,37.0,,,/home/tobeornot8259748/projects/balloon_radar_project/data/raw/detection_dataset/val/Background_IQ/IQ_Data/20260204_100908_beam1_az037.mat,0,0.050433144,0,0,-1,-1,False,0.31788343,0.0
20260204_100908_beam1_az046,20260204_100908,1,46.0,,,/home/tobeornot8259748/projects/balloon_radar_project/data/raw/detection_dataset/test/Background_IQ/IQ_Data/20260204_100908_beam1_az046.mat,0,0.043985985,99,0,-1,-1,False,0.053979874,0.0
20260204_100908_beam1_az055,20260204_100908,1,55.0,,,/home/tobeornot8259748/projects/balloon_radar_project/data/raw/detection_dataset/train/Background_IQ/IQ_Data/20260204_100908_beam1_az055.mat,0,0.058206856,34,67,-1,-1,False,0.65866584,0.30977264
20260204_100908_beam1_az064,20260204_100908,1,64.0,,,/home/tobeornot8259748/projects/balloon_radar_project/data/raw/detection_dataset/train/Background_IQ/IQ_Data/20260204_100908_beam1_az064.mat,0,0.04198817,99,0,-1,-1,False,0.05584669,0.0
20260204_100908_beam1_az073,20260204_100908,1,73.0,,,/home/tobeornot8259748/projects/balloon_radar_project/data/raw/detection_dataset/train/Background_IQ/IQ_Data/20260204_100908_beam1_az073.mat,0,0.06175912,38,69,-1,-1,False,0.68830013,0.30668697
20260204_100908_beam1_az082,20260204_100908,1,82.0,,,/home/tobeornot8259748/projects/balloon_radar_project/data/raw/detection_dataset/test/Background_IQ/IQ_Data/20260204_100908_beam1_az082.mat,0,0.05208794,99,127,-1,-1,False,0.07245567,0.0
20260204_100908_beam1_az091,20260204_100908,1,91.0,,,/home/tobeornot8259748/projects/balloon_radar_project/data/raw/detection_dataset/train/Background_IQ/IQ_Data/20260204_100908_beam1_az091.mat,0,0.05279654,99,127,-1,-1,False,0.06902439,0.0
20260204_100908_beam1_az100,20260204_100908,1,100.0,,,/home/tobeornot8259748/projects/balloon_radar_project/data/raw/detection_dataset/train/Background_IQ/IQ_Data/20260204_100908_beam1_az100.mat,0,0.056254048,99,127,-1,-1,False,0.060709585,0.0
20260204_100908_beam1_az109,20260204_100908,1,109.0,,,/home/tobeornot8259748/projects/balloon_radar_project/data/raw/detection_dataset/train/Background_IQ/IQ_Data/20260204_100908_beam1_az109.mat,0,0.052496526,99,127,-1,-1,False,0.06181323,0.0
20260204_100908_beam1_az118,20260204_100908,1,118.0,,,/home/tobeornot8259748/projects/balloon_radar_project/data/raw/detection_dataset/train/Background_IQ/IQ_Data/20260204_100908_beam1_az118.mat,0,0.06272295,67,64,-1,-1,False,0.4856803,0.048698913
20260204_100908_beam1_az127,20260204_100908,1,127.0,,,/home/tobeornot8259748/projects/balloon_radar_project/data/raw/detection_dataset/train/Background_IQ/IQ_Data/20260204_100908_beam1_az127.mat,0,0.05546565,99,127,-1,-1,False,0.060460944,0.0
20260204_100908_beam1_az136,20260204_100908,1,136.0,,,/home/tobeornot8259748/projects/balloon_radar_project/data/raw/detection_dataset/test/Background_IQ/IQ_Data/20260204_100908_beam1_az136.mat,0,0.14875126,40,67,-1,-1,False,0.75473726,0.44064817
20260204_100908_beam1_az145,20260204_100908,1,145.0,,,/home/tobeornot8259748/projects/balloon_radar_project/data/raw/detection_dataset/train/Background_IQ/IQ_Data/20260204_100908_beam1_az145.mat,0,0.042953286,99,127,-1,-1,False,0.053842008,0.0
20260204_100908_beam1_az154,20260204_100908,1,154.0,,,/home/tobeornot8259748/projects/balloon_radar_project/data/raw/detection_dataset/train/Background_IQ/IQ_Data/20260204_100908_beam1_az154.mat,0,0.05646434,99,127,-1,-1,False,0.06402109,0.0
20260204_100908_beam1_az163,20260204_100908,1,163.0,,,/home/tobeornot8259748/projects/balloon_radar_project/data/raw/detection_dataset/train/Background_IQ/IQ_Data/20260204_100908_beam1_az163.mat,0,0.13309178,54,65,-1,-1,False,0.5184808,0.11972773
20260204_100908_beam1_az172,20260204_100908,1,172.0,,,/home/tobeornot8259748/projects/balloon_radar_project/data/raw/detection_dataset/val/Background_IQ/IQ_Data/20260204_100908_beam1_az172.mat,0,0.04950163,99,127,-1,-1,False,0.06468449,0.0
20260204_100908_beam1_az181,20260204_100908,1,181.0,,,/home/tobeornot8259748/projects/balloon_radar_project/data/raw/detection_dataset/train/Background_IQ/IQ_Data/20260204_100908_beam1_az181.mat,0,0.34851447,79,64,-1,-1,False,0.5219406,0.1766237
20260204_100908_beam1_az190,20260204_100908,1,190.0,,,/home/tobeornot8259748/projects/balloon_radar_project/data/raw/detection_dataset/train/Background_IQ/IQ_Data/20260204_100908_beam1_az190.mat,0,0.049306333,99,127,-1,-1,False,0.067164816,0.0
20260204_100908_beam1_az199,20260204_100908,1,199.0,,,/home/tobeornot8259748/projects/balloon_radar_project/data/raw/detection_dataset/val/Background_IQ/IQ_Data/20260204_100908_beam1_az199.mat,0,0.052724637,99,127,-1,-1,False,0.058975812,0.0
20260204_100908_beam1_az208,20260204_100908,1,208.0,,,/home/tobeornot8259748/projects/balloon_radar_project/data/raw/detection_dataset/train/Background_IQ/IQ_Data/20260204_100908_beam1_az208.mat,0,0.048659883,99,127,-1,-1,False,0.06602724,0.0
20260204_100908_beam1_az217,20260204_100908,1,217.0,,,/home/tobeornot8259748/projects/balloon_radar_project/data/raw/detection_dataset/train/Background_IQ/IQ_Data/20260204_100908_beam1_az217.mat,0,0.059599124,57,69,-1,-1,False,0.6655205,0.22760087
20260204_100908_beam1_az226,20260204_100908,1,226.0,,,/home/tobeornot8259748/projects/balloon_radar_project/data/raw/detection_dataset/val/Background_IQ/IQ_Data/20260204_100908_beam1_az226.mat,0,0.046910334,99,127,-1,-1,False,0.05464561,0.0
20260204_100908_beam1_az235,20260204_100908,1,235.0,,,/home/tobeornot8259748/projects/balloon_radar_project/data/raw/detection_dataset/train/Background_IQ/IQ_Data/20260204_100908_beam1_az235.mat,0,0.044921566,99,0,-1,-1,False,0.051365282,0.0
20260204_100908_beam1_az244,20260204_100908,1,244.0,,,/home/tobeornot8259748/projects/balloon_radar_project/data/raw/detection_dataset/train/Background_IQ/IQ_Data/20260204_100908_beam1_az244.mat,0,0.11958336,27,34,-1,-1,False,0.66385335,0.17227316
20260204_100908_beam1_az253,20260204_100908,1,253.0,,,/home/tobeornot8259748/projects/balloon_radar_project/data/raw/detection_dataset/train/Background_IQ/IQ_Data/20260204_100908_beam1_az253.mat,0,0.060041435,74,59,-1,-1,False,0.6638226,0.14422224
20260204_100908_beam1_az262,20260204_100908,1,262.0,,,/home/tobeornot8259748/projects/balloon_radar_project/data/raw/detection_dataset/train/Background_IQ/IQ_Data/20260204_100908_beam1_az262.mat,0,0.046045557,0,0,-1,-1,False,0.25533822,0.0
20260204_100908_beam2_az001,20260204_100908,2,1.0,,,/home/tobeornot8259748/projects/balloon_radar_project/data/raw/detection_dataset/train/Background_IQ/IQ_Data/20260204_100908_beam2_az001.mat,0,0.06358772,0,0,-1,-1,False,0.2795963,0.0
20260204_100908_beam2_az010,20260204_100908,2,10.0,,,/home/tobeornot8259748/projects/balloon_radar_project/data/raw/detection_dataset/train/Background_IQ/IQ_Data/20260204_100908_beam2_az010.mat,0,0.043594982,0,0,-1,-1,False,0.3159186,0.0
20260204_100908_beam2_az019,20260204_100908,2,19.0,,,/home/tobeornot8259748/projects/balloon_radar_project/data/raw/detection_dataset/test/Background_IQ/IQ_Data/20260204_100908_beam2_az019.mat,0,0.0637479,79,64,-1,-1,False,0.6062032,0.18430188
20260204_100908_beam2_az028,20260204_100908,2,28.0,,,/home/tobeornot8259748/projects/balloon_radar_project/data/raw/detection_dataset/test/Background_IQ/IQ_Data/20260204_100908_beam2_az028.mat,0,0.05056317,64,64,-1,-1,False,0.60571086,0.13077301
20260204_100908_beam2_az037,20260204_100908,2,37.0,,,/home/tobeornot8259748/projects/balloon_radar_project/data/raw/detection_dataset/train/Background_IQ/IQ_Data/20260204_100908_beam2_az037.mat,0,0.19197223,62,64,-1,-1,False,0.56410325,0.086942695
20260204_100908_beam2_az046,20260204_100908,2,46.0,,,/home/tobeornot8259748/projects/balloon_radar_project/data/raw/detection_dataset/train/Background_IQ/IQ_Data/20260204_100908_beam2_az046.mat,0,0.03770614,99,0,-1,-1,False,0.06400744,0.0
20260204_100908_beam2_az055,20260204_100908,2,55.0,,,/home/tobeornot8259748/projects/balloon_radar_project/data/raw/detection_dataset/train/Background_IQ/IQ_Data/20260204_100908_beam2_az055.mat,0,0.06067769,34,69,-1,-1,False,0.6745113,0.25515324
20260204_100908_beam2_az064,20260204_100908,2,64.0,,,/home/tobeornot8259748/projects/balloon_radar_project/data/raw/detection_dataset/val/Background_IQ/IQ_Data/20260204_100908_beam2_az064.mat,0,0.039632615,99,127,-1,-1,False,0.06688602,0.0
20260204_100908_beam2_az073,20260204_100908,2,73.0,,,/home/tobeornot8259748/projects/balloon_radar_project/data/raw/detection_dataset/train/Background_IQ/IQ_Data/20260204_100908_beam2_az073.mat,0,0.14428943,42,62,-1,-1,False,0.7695559,0.4532885
20260204_100908_beam2_az082,20260204_100908,2,82.0,,,/home/tobeornot8259748/projects/balloon_radar_project/data/raw/detection_dataset/train/Background_IQ/IQ_Data/20260204_100908_beam2_az082.mat,0,0.047519952,99,127,-1,-1,False,0.08084015,0.0
20260204_100908_beam2_az091,20260204_100908,2,91.0,,,/home/tobeornot8259748/projects/balloon_radar_project/data/raw/detection_dataset/train/Background_IQ/IQ_Data/20260204_100908_beam2_az091.mat,0,0.059385523,96,64,-1,-1,False,0.42769727,0.03153309
20260204_100908_beam2_az100,20260204_100908,2,100.0,,,/home/tobeornot8259748/projects/balloon_radar_project/data/raw/detection_dataset/train/Background_IQ/IQ_Data/20260204_100908_beam2_az100.mat,0,0.054699525,99,127,-1,-1,False,0.07441215,0.0
20260204_100908_beam2_az109,20260204_100908,2,109.0,,,/home/tobeornot8259748/projects/balloon_radar_project/data/raw/detection_dataset/train/Background_IQ/IQ_Data/20260204_100908_beam2_az109.mat,0,0.06267522,96,64,-1,-1,False,0.42833957,0.033227798
20260204_100908_beam2_az118,20260204_100908,2,118.0,,,/home/tobeornot8259748/projects/balloon_radar_project/data/raw/detection_dataset/train/Background_IQ/IQ_Data/20260204_100908_beam2_az118.mat,0,0.06065667,68,65,-1,-1,False,0.5385311,0.06547919
20260204_100908_beam2_az127,20260204_100908,2,127.0,,,/home/tobeornot8259748/projects/balloon_radar_project/data/raw/detection_dataset/train/Background_IQ/IQ_Data/20260204_100908_beam2_az127.mat,0,0.06710754,96,64,-1,-1,False,0.4305008,0.034336742
20260204_100908_beam2_az136,20260204_100908,2,136.0,,,/home/tobeornot8259748/projects/balloon_radar_project/data/raw/detection_dataset/test/Background_IQ/IQ_Data/20260204_100908_beam2_az136.mat,0,0.048809938,99,127,-1,-1,False,0.07109527,0.0
20260204_100908_beam2_az145,20260204_100908,2,145.0,,,/home/tobeornot8259748/projects/balloon_radar_project/data/raw/detection_dataset/train/Background_IQ/IQ_Data/20260204_100908_beam2_az145.mat,0,0.03871636,99,0,-1,-1,False,0.061846383,0.0
20260204_100908_beam2_az154,20260204_100908,2,154.0,,,/home/tobeornot8259748/projects/balloon_radar_project/data/raw/detection_dataset/train/Background_IQ/IQ_Data/20260204_100908_beam2_az154.mat,0,0.055178214,99,127,-1,-1,False,0.0670845,0.0
20260204_100908_beam2_az163,20260204_100908,2,163.0,,,/home/tobeornot8259748/projects/balloon_radar_project/data/raw/detection_dataset/test/Background_IQ/IQ_Data/20260204_100908_beam2_az163.mat,0,0.0520486,79,63,-1,-1,False,0.52403975,0.050478496
20260204_100908_beam2_az172,20260204_100908,2,172.0,,,/home/tobeornot8259748/projects/balloon_radar_project/data/raw/detection_dataset/train/Background_IQ/IQ_Data/20260204_100908_beam2_az172.mat,0,0.053017613,0,0,-1,-1,False,0.34597775,0.0
20260204_100908_beam2_az181,20260204_100908,2,181.0,,,/home/tobeornot8259748/projects/balloon_radar_project/data/raw/detection_dataset/train/Background_IQ/IQ_Data/20260204_100908_beam2_az181.mat,0,0.24228507,80,63,-1,-1,False,0.60713625,0.20784034
20260204_100908_beam2_az190,20260204_100908,2,190.0,,,/home/tobeornot8259748/projects/balloon_radar_project/data/raw/detection_dataset/train/Background_IQ/IQ_Data/20260204_100908_beam2_az190.mat,0,0.04481614,99,127,-1,-1,False,0.083907716,0.0
20260204_100908_beam2_az199,20260204_100908,2,199.0,,,/home/tobeornot8259748/projects/balloon_radar_project/data/raw/detection_dataset/val/Background_IQ/IQ_Data/20260204_100908_beam2_az199.mat,0,0.05303018,0,0,-1,-1,False,0.2990173,0.0
20260204_100908_beam2_az208,20260204_100908,2,208.0,,,/home/tobeornot8259748/projects/balloon_radar_project/data/raw/detection_dataset/train/Background_IQ/IQ_Data/20260204_100908_beam2_az208.mat,0,0.05260706,62,61,-1,-1,False,0.589488,0.12552682
20260204_100908_beam2_az217,20260204_100908,2,217.0,,,/home/tobeornot8259748/projects/balloon_radar_project/data/raw/detection_dataset/train/Background_IQ/IQ_Data/20260204_100908_beam2_az217.mat,0,0.06942139,58,68,-1,-1,False,0.68168306,0.24321103
20260204_100908_beam2_az226,20260204_100908,2,226.0,,,/home/tobeornot8259748/projects/balloon_radar_project/data/raw/detection_dataset/train/Background_IQ/IQ_Data/20260204_100908_beam2_az226.mat,0,0.08953033,74,65,-1,-1,False,0.55915684,0.08981928
20260204_100908_beam2_az235,20260204_100908,2,235.0,,,/home/tobeornot8259748/projects/balloon_radar_project/data/raw/detection_dataset/val/Background_IQ/IQ_Data/20260204_100908_beam2_az235.mat,0,0.04813828,0,0,-1,-1,False,0.29436627,0.0
20260204_100908_beam2_az244,20260204_100908,2,244.0,,,/home/tobeornot8259748/projects/balloon_radar_project/data/raw/detection_dataset/train/Background_IQ/IQ_Data/20260204_100908_beam2_az244.mat,0,0.10221359,28,33,-1,-1,False,0.6931231,0.2049874
20260204_100908_beam2_az253,20260204_100908,2,253.0,,,/home/tobeornot8259748/projects/balloon_radar_project/data/raw/detection_dataset/test/Background_IQ/IQ_Data/20260204_100908_beam2_az253.mat,0,0.063444555,75,59,-1,-1,False,0.6557038,0.15547952
20260204_100908_beam2_az262,20260204_100908,2,262.0,,,/home/tobeornot8259748/projects/balloon_radar_project/data/raw/detection_dataset/train/Background_IQ/IQ_Data/20260204_100908_beam2_az262.mat,0,0.050879266,0,0,-1,-1,False,0.27458924,0.0
20260204_100908_beam3_az001,20260204_100908,3,1.0,,,/home/tobeornot8259748/projects/balloon_radar_project/data/raw/detection_dataset/train/Background_IQ/IQ_Data/20260204_100908_beam3_az001.mat,0,0.07695097,0,0,-1,-1,False,0.3269916,0.0
20260204_100908_beam3_az010,20260204_100908,3,10.0,,,/home/tobeornot8259748/projects/balloon_radar_project/data/raw/detection_dataset/train/Background_IQ/IQ_Data/20260204_100908_beam3_az010.mat,0,0.04902108,93,65,-1,-1,False,0.4435505,0.058282603
20260204_100908_beam3_az019,20260204_100908,3,19.0,,,/home/tobeornot8259748/projects/balloon_radar_project/data/raw/detection_dataset/train/Background_IQ/IQ_Data/20260204_100908_beam3_az019.mat,0,0.063632905,82,64,-1,-1,False,0.5689601,0.11056796
20260204_100908_beam3_az028,20260204_100908,3,28.0,,,/home/tobeornot8259748/projects/balloon_radar_project/data/raw/detection_dataset/train/Background_IQ/IQ_Data/20260204_100908_beam3_az028.mat,0,0.10634985,96,64,-1,-1,False,0.46693552,0.058169555
20260204_100908_beam3_az037,20260204_100908,3,37.0,,,/home/tobeornot8259748/projects/balloon_radar_project/data/raw/detection_dataset/train/Background_IQ/IQ_Data/20260204_100908_beam3_az037.mat,0,0.18642835,96,64,-1,-1,False,0.48693717,0.050971627
20260204_100908_beam3_az046,20260204_100908,3,46.0,,,/home/tobeornot8259748/projects/balloon_radar_project/data/raw/detection_dataset/val/Background_IQ/IQ_Data/20260204_100908_beam3_az046.mat,0,0.07126673,79,70,-1,-1,False,0.7049382,0.21242341
20260204_100908_beam3_az055,20260204_100908,3,55.0,,,/home/tobeornot8259748/projects/balloon_radar_project/data/raw/detection_dataset/train/Background_IQ/IQ_Data/20260204_100908_beam3_az055.mat,0,0.26267308,96,64,-1,-1,False,0.48091176,0.05204196
20260204_100908_beam3_az064,20260204_100908,3,64.0,,,/home/tobeornot8259748/projects/balloon_radar_project/data/raw/detection_dataset/train/Background_IQ/IQ_Data/20260204_100908_beam3_az064.mat,0,0.058170624,66,70,-1,-1,False,0.6924578,0.21535222
20260204_100908_beam3_az073,20260204_100908,3,73.0,,,/home/tobeornot8259748/projects/balloon_radar_project/data/raw/detection_dataset/train/Background_IQ/IQ_Data/20260204_100908_beam3_az073.mat,0,0.11412742,96,64,-1,-1,False,0.45628434,0.04677491
20260204_100908_beam3_az082,20260204_100908,3,82.0,,,/home/tobeornot8259748/projects/balloon_radar_project/data/raw/detection_dataset/train/Background_IQ/IQ_Data/20260204_100908_beam3_az082.mat,0,0.3828068,96,64,-1,-1,False,0.5079426,0.07569463
20260204_100908_beam3_az091,20260204_100908,3,91.0,,,/home/tobeornot8259748/projects/balloon_radar_project/data/raw/detection_dataset/train/Background_IQ/IQ_Data/20260204_100908_beam3_az091.mat,0,0.367262,96,64,-1,-1,False,0.4922372,0.051897727
20260204_100908_beam3_az100,20260204_100908,3,100.0,,,/home/tobeornot8259748/projects/balloon_radar_project/data/raw/detection_dataset/val/Background_IQ/IQ_Data/20260204_100908_beam3_az100.mat,0,0.10498748,96,64,-1,-1,False,0.5065487,0.046781275
20260204_100908_beam3_az109,20260204_100908,3,109.0,,,/home/tobeornot8259748/projects/balloon_radar_project/data/raw/detection_dataset/val/Background_IQ/IQ_Data/20260204_100908_beam3_az109.mat,0,0.4415643,96,64,-1,-1,False,0.49793565,0.05889664
20260204_100908_beam3_az118,20260204_100908,3,118.0,,,/home/tobeornot8259748/projects/balloon_radar_project/data/raw/detection_dataset/train/Background_IQ/IQ_Data/20260204_100908_beam3_az118.mat,0,0.3161772,96,64,-1,-1,False,0.49635756,0.07367395
20260204_100908_beam3_az127,20260204_100908,3,127.0,,,/home/tobeornot8259748/projects/balloon_radar_project/data/raw/detection_dataset/train/Background_IQ/IQ_Data/20260204_100908_beam3_az127.mat,0,0.48396105,96,64,-1,-1,False,0.50275654,0.0647249
20260204_100908_beam3_az136,20260204_100908,3,136.0,,,/home/tobeornot8259748/projects/balloon_radar_project/data/raw/detection_dataset/test/Background_IQ/IQ_Data/20260204_100908_beam3_az136.mat,0,0.11884487,64,68,-1,-1,False,0.66970485,0.13022316
20260204_100908_beam3_az145,20260204_100908,3,145.0,,,/home/tobeornot8259748/projects/balloon_radar_project/data/raw/detection_dataset/val/Background_IQ/IQ_Data/20260204_100908_beam3_az145.mat,0,0.042819355,75,69,-1,-1,False,0.6499933,0.13239512
20260204_100908_beam3_az154,20260204_100908,3,154.0,,,/home/tobeornot8259748/projects/balloon_radar_project/data/raw/detection_dataset/test/Background_IQ/IQ_Data/20260204_100908_beam3_az154.mat,0,0.079568915,75,64,-1,-1,False,0.60323864,0.043068573
20260204_100908_beam3_az163,20260204_100908,3,163.0,,,/home/tobeornot8259748/projects/balloon_radar_project/data/raw/detection_dataset/train/Background_IQ/IQ_Data/20260204_100908_beam3_az163.mat,0,0.08852555,77,63,-1,-1,False,0.6754924,0.08227427
20260204_100908_beam3_az172,20260204_100908,3,172.0,,,/home/tobeornot8259748/projects/balloon_radar_project/data/raw/detection_dataset/train/Background_IQ/IQ_Data/20260204_100908_beam3_az172.mat,0,0.15052904,96,64,-1,-1,False,0.47055876,0.06798615
20260204_100908_beam3_az181,20260204_100908,3,181.0,,,/home/tobeornot8259748/projects/balloon_radar_project/data/raw/detection_dataset/train/Background_IQ/IQ_Data/20260204_100908_beam3_az181.mat,0,0.0550942,0,0,-1,-1,False,0.3622271,0.0
20260204_100908_beam3_az190,20260204_100908,3,190.0,,,/home/tobeornot8259748/projects/balloon_radar_project/data/raw/detection_dataset/val/Background_IQ/IQ_Data/20260204_100908_beam3_az190.mat,0,0.041492444,61,62,-1,-1,False,0.67554915,0.15498154
20260204_100908_beam3_az199,20260204_100908,3,199.0,,,/home/tobeornot8259748/projects/balloon_radar_project/data/raw/detection_dataset/val/Background_IQ/IQ_Data/20260204_100908_beam3_az199.mat,0,0.040438905,0,0,-1,-1,False,0.38669726,0.0
20260204_100908_beam3_az208,20260204_100908,3,208.0,,,/home/tobeornot8259748/projects/balloon_radar_project/data/raw/detection_dataset/train/Background_IQ/IQ_Data/20260204_100908_beam3_az208.mat,0,0.25747228,82,64,-1,-1,False,0.58201265,0.121634275
20260204_100908_beam3_az217,20260204_100908,3,217.0,,,/home/tobeornot8259748/projects/balloon_radar_project/data/raw/detection_dataset/train/Background_IQ/IQ_Data/20260204_100908_beam3_az217.mat,0,0.070387125,65,59,-1,-1,False,0.64275664,0.096934654
20260204_100908_beam3_az226,20260204_100908,3,226.0,,,/home/tobeornot8259748/projects/balloon_radar_project/data/raw/detection_dataset/test/Background_IQ/IQ_Data/20260204_100908_beam3_az226.mat,0,0.19175746,76,67,-1,-1,False,0.6689753,0.10627874
20260204_100908_beam3_az235,20260204_100908,3,235.0,,,/home/tobeornot8259748/projects/balloon_radar_project/data/raw/detection_dataset/train/Background_IQ/IQ_Data/20260204_100908_beam3_az235.mat,0,0.065752365,10,68,-1,-1,False,0.72831494,0.49127206
20260204_100908_beam3_az244,20260204_100908,3,244.0,,,/home/tobeornot8259748/projects/balloon_radar_project/data/raw/detection_dataset/train/Background_IQ/IQ_Data/20260204_100908_beam3_az244.mat,0,0.058388423,83,65,-1,-1,False,0.5409843,0.15787752
20260204_100908_beam3_az253,20260204_100908,3,253.0,,,/home/tobeornot8259748/projects/balloon_radar_project/data/raw/detection_dataset/train/Background_IQ/IQ_Data/20260204_100908_beam3_az253.mat,0,0.10585254,64,64,-1,-1,False,0.6305568,0.1506729
20260204_100908_beam3_az262,20260204_100908,3,262.0,,,/home/tobeornot8259748/projects/balloon_radar_project/data/raw/detection_dataset/test/Background_IQ/IQ_Data/20260204_100908_beam3_az262.mat,0,0.16014826,10,68,-1,-1,False,0.7416138,0.4931512
20260204_100908_beam4_az001,20260204_100908,4,1.0,,,/home/tobeornot8259748/projects/balloon_radar_project/data/raw/detection_dataset/test/Background_IQ/IQ_Data/20260204_100908_beam4_az001.mat,0,0.06475382,0,0,-1,-1,False,0.30975845,0.0
20260204_100908_beam4_az010,20260204_100908,4,10.0,,,/home/tobeornot8259748/projects/balloon_radar_project/data/raw/detection_dataset/test/Background_IQ/IQ_Data/20260204_100908_beam4_az010.mat,0,0.04472341,93,65,-1,-1,False,0.4458276,0.04222569
20260204_100908_beam4_az019,20260204_100908,4,19.0,,,/home/tobeornot8259748/projects/balloon_radar_project/data/raw/detection_dataset/val/Background_IQ/IQ_Data/20260204_100908_beam4_az019.mat,0,0.20634517,26,111,-1,-1,False,0.7316035,0.25263476
20260204_100908_beam4_az028,20260204_100908,4,28.0,,,/home/tobeornot8259748/projects/balloon_radar_project/data/raw/detection_dataset/test/Background_IQ/IQ_Data/20260204_100908_beam4_az028.mat,0,0.053873725,4,63,-1,-1,False,0.7168754,0.50258434
20260204_100908_beam4_az037,20260204_100908,4,37.0,,,/home/tobeornot8259748/projects/balloon_radar_project/data/raw/detection_dataset/train/Background_IQ/IQ_Data/20260204_100908_beam4_az037.mat,0,0.080369644,27,109,-1,-1,False,0.6410255,0.091909245
20260204_100908_beam4_az046,20260204_100908,4,46.0,,,/home/tobeornot8259748/projects/balloon_radar_project/data/raw/detection_dataset/train/Background_IQ/IQ_Data/20260204_100908_beam4_az046.mat,0,0.14833227,82,64,-1,-1,False,0.60590905,0.1898523
20260204_100908_beam4_az055,20260204_100908,4,55.0,,,/home/tobeornot8259748/projects/balloon_radar_project/data/raw/detection_dataset/train/Background_IQ/IQ_Data/20260204_100908_beam4_az055.mat,0,0.075843506,82,66,-1,-1,False,0.5897053,0.16428147
20260204_100908_beam4_az064,20260204_100908,4,64.0,,,/home/tobeornot8259748/projects/balloon_radar_project/data/raw/detection_dataset/train/Background_IQ/IQ_Data/20260204_100908_beam4_az064.mat,0,0.049505964,80,69,-1,-1,False,0.68797505,0.32842034
20260204_100908_beam4_az073,20260204_100908,4,73.0,,,/home/tobeornot8259748/projects/balloon_radar_project/data/raw/detection_dataset/test/Background_IQ/IQ_Data/20260204_100908_beam4_az073.mat,0,0.061613623,42,69,-1,-1,False,0.74279577,0.31249067
20260204_100908_beam4_az082,20260204_100908,4,82.0,,,/home/tobeornot8259748/projects/balloon_radar_project/data/raw/detection_dataset/train/Background_IQ/IQ_Data/20260204_100908_beam4_az082.mat,0,0.10032759,43,70,-1,-1,False,0.69052255,0.1559875
20260204_100908_beam4_az091,20260204_100908,4,91.0,,,/home/tobeornot8259748/projects/balloon_radar_project/data/raw/detection_dataset/val/Background_IQ/IQ_Data/20260204_100908_beam4_az091.mat,0,0.08628655,96,64,-1,-1,False,0.46173495,0.027653664
20260204_100908_beam4_az100,20260204_100908,4,100.0,,,/home/tobeornot8259748/projects/balloon_radar_project/data/raw/detection_dataset/val/Background_IQ/IQ_Data/20260204_100908_beam4_az100.mat,0,0.062354088,4,63,-1,-1,False,0.72272706,0.42776617
20260204_100908_beam4_az109,20260204_100908,4,109.0,,,/home/tobeornot8259748/projects/balloon_radar_project/data/raw/detection_dataset/val/Background_IQ/IQ_Data/20260204_100908_beam4_az109.mat,0,0.14528555,39,66,-1,-1,False,0.72051346,0.21515064
20260204_100908_beam4_az118,20260204_100908,4,118.0,,,/home/tobeornot8259748/projects/balloon_radar_project/data/raw/detection_dataset/train/Background_IQ/IQ_Data/20260204_100908_beam4_az118.mat,0,0.10849423,63,64,-1,-1,False,0.6416879,0.10471881
20260204_100908_beam4_az127,20260204_100908,4,127.0,,,/home/tobeornot8259748/projects/balloon_radar_project/data/raw/detection_dataset/train/Background_IQ/IQ_Data/20260204_100908_beam4_az127.mat,0,0.08755744,96,64,-1,-1,False,0.46792915,0.030281154
20260204_100908_beam4_az136,20260204_100908,4,136.0,,,/home/tobeornot8259748/projects/balloon_radar_project/data/raw/detection_dataset/train/Background_IQ/IQ_Data/20260204_100908_beam4_az136.mat,0,0.05025068,53,59,-1,-1,False,0.6998931,0.19188537
20260204_100908_beam4_az145,20260204_100908,4,145.0,,,/home/tobeornot8259748/projects/balloon_radar_project/data/raw/detection_dataset/test/Background_IQ/IQ_Data/20260204_100908_beam4_az145.mat,0,0.03536793,0,0,-1,-1,False,0.35669982,0.0
20260204_100908_beam4_az154,20260204_100908,4,154.0,,,/home/tobeornot8259748/projects/balloon_radar_project/data/raw/detection_dataset/train/Background_IQ/IQ_Data/20260204_100908_beam4_az154.mat,0,0.06261035,60,69,-1,-1,False,0.7175025,0.20220323
20260204_100908_beam4_az163,20260204_100908,4,163.0,,,/home/tobeornot8259748/projects/balloon_radar_project/data/raw/detection_dataset/val/Background_IQ/IQ_Data/20260204_100908_beam4_az163.mat,0,0.09448719,42,61,-1,-1,False,0.79739356,0.37639284
20260204_100908_beam4_az172,20260204_100908,4,172.0,,,/home/tobeornot8259748/projects/balloon_radar_project/data/raw/detection_dataset/train/Background_IQ/IQ_Data/20260204_100908_beam4_az172.mat,0,0.06930951,79,68,-1,-1,False,0.6980708,0.23270682
20260204_100908_beam4_az181,20260204_100908,4,181.0,,,/home/tobeornot8259748/projects/balloon_radar_project/data/raw/detection_dataset/val/Background_IQ/IQ_Data/20260204_100908_beam4_az181.mat,0,0.056318667,0,0,-1,-1,False,0.3210293,0.0
20260204_100908_beam4_az190,20260204_100908,4,190.0,,,/home/tobeornot8259748/projects/balloon_radar_project/data/raw/detection_dataset/train/Background_IQ/IQ_Data/20260204_100908_beam4_az190.mat,0,0.056696653,77,67,-1,-1,False,0.68196887,0.16669115
20260204_100908_beam4_az199,20260204_100908,4,199.0,,,/home/tobeornot8259748/projects/balloon_radar_project/data/raw/detection_dataset/train/Background_IQ/IQ_Data/20260204_100908_beam4_az199.mat,0,0.043710977,0,0,-1,-1,False,0.36579472,0.0
20260204_100908_beam4_az208,20260204_100908,4,208.0,,,/home/tobeornot8259748/projects/balloon_radar_project/data/raw/detection_dataset/train/Background_IQ/IQ_Data/20260204_100908_beam4_az208.mat,0,0.05726059,4,63,-1,-1,False,0.71755457,0.5046904
20260204_100908_beam4_az217,20260204_100908,4,217.0,,,/home/tobeornot8259748/projects/balloon_radar_project/data/raw/detection_dataset/train/Background_IQ/IQ_Data/20260204_100908_beam4_az217.mat,0,0.079422936,57,63,-1,-1,False,0.73071676,0.2533313
20260204_100908_beam4_az226,20260204_100908,4,226.0,,,/home/tobeornot8259748/projects/balloon_radar_project/data/raw/detection_dataset/train/Background_IQ/IQ_Data/20260204_100908_beam4_az226.mat,0,0.48383102,52,63,-1,-1,False,0.7450138,0.28647
20260204_100908_beam4_az235,20260204_100908,4,235.0,,,/home/tobeornot8259748/projects/balloon_radar_project/data/raw/detection_dataset/train/Background_IQ/IQ_Data/20260204_100908_beam4_az235.mat,0,0.047796816,0,0,-1,-1,False,0.36285242,0.0
20260204_100908_beam4_az244,20260204_100908,4,244.0,,,/home/tobeornot8259748/projects/balloon_radar_project/data/raw/detection_dataset/train/Background_IQ/IQ_Data/20260204_100908_beam4_az244.mat,0,0.0403638,0,0,-1,-1,False,0.3567554,0.0
20260204_100908_beam4_az253,20260204_100908,4,253.0,,,/home/tobeornot8259748/projects/balloon_radar_project/data/raw/detection_dataset/train/Background_IQ/IQ_Data/20260204_100908_beam4_az253.mat,0,0.043318957,63,61,-1,-1,False,0.55998313,0.056672193
20260204_100908_beam4_az262,20260204_100908,4,262.0,,,/home/tobeornot8259748/projects/balloon_radar_project/data/raw/detection_dataset/val/Background_IQ/IQ_Data/20260204_100908_beam4_az262.mat,0,0.047396574,0,0,-1,-1,False,0.33402613,0.0
20260204_100908_beam5_az001,20260204_100908,5,1.0,,,/home/tobeornot8259748/projects/balloon_radar_project/data/raw/detection_dataset/train/Background_IQ/IQ_Data/20260204_100908_beam5_az001.mat,0,0.05509379,0,0,-1,-1,False,0.2769077,0.0
20260204_100908_beam5_az010,20260204_100908,5,10.0,,,/home/tobeornot8259748/projects/balloon_radar_project/data/raw/detection_dataset/test/Background_IQ/IQ_Data/20260204_100908_beam5_az010.mat,0,0.055755608,0,0,-1,-1,False,0.32691416,0.0
20260204_100908_beam5_az019,20260204_100908,5,19.0,,,/home/tobeornot8259748/projects/balloon_radar_project/data/raw/detection_dataset/train/Background_IQ/IQ_Data/20260204_100908_beam5_az019.mat,0,0.22861402,26,110,-1,-1,False,0.69759375,0.26778254
20260204_100908_beam5_az028,20260204_100908,5,28.0,,,/home/tobeornot8259748/projects/balloon_radar_project/data/raw/detection_dataset/val/Background_IQ/IQ_Data/20260204_100908_beam5_az028.mat,0,0.041834142,99,127,-1,-1,False,0.07961501,0.0
20260204_100908_beam5_az037,20260204_100908,5,37.0,,,/home/tobeornot8259748/projects/balloon_radar_project/data/raw/detection_dataset/train/Background_IQ/IQ_Data/20260204_100908_beam5_az037.mat,0,0.064443804,0,0,-1,-1,False,0.3463274,0.0
20260204_100908_beam5_az046,20260204_100908,5,46.0,,,/home/tobeornot8259748/projects/balloon_radar_project/data/raw/detection_dataset/val/Background_IQ/IQ_Data/20260204_100908_beam5_az046.mat,0,0.10035691,80,61,-1,-1,False,0.5816726,0.13120523
20260204_100908_beam5_az055,20260204_100908,5,55.0,,,/home/tobeornot8259748/projects/balloon_radar_project/data/raw/detection_dataset/train/Background_IQ/IQ_Data/20260204_100908_beam5_az055.mat,0,0.05633904,0,0,-1,-1,False,0.36245397,0.0
20260204_100908_beam5_az064,20260204_100908,5,64.0,,,/home/tobeornot8259748/projects/balloon_radar_project/data/raw/detection_dataset/train/Background_IQ/IQ_Data/20260204_100908_beam5_az064.mat,0,0.045301594,0,0,-1,-1,False,0.32019648,0.0
20260204_100908_beam5_az073,20260204_100908,5,73.0,,,/home/tobeornot8259748/projects/balloon_radar_project/data/raw/detection_dataset/val/Background_IQ/IQ_Data/20260204_100908_beam5_az073.mat,0,0.11224253,41,67,-1,-1,False,0.6938378,0.31593958
20260204_100908_beam5_az082,20260204_100908,5,82.0,,,/home/tobeornot8259748/projects/balloon_radar_project/data/raw/detection_dataset/train/Background_IQ/IQ_Data/20260204_100908_beam5_az082.mat,0,0.18785742,39,63,-1,-1,False,0.68149245,0.2841225
20260204_100908_beam5_az091,20260204_100908,5,91.0,,,/home/tobeornot8259748/projects/balloon_radar_project/data/raw/detection_dataset/train/Background_IQ/IQ_Data/20260204_100908_beam5_az091.mat,0,0.058631305,55,64,-1,-1,False,0.55266535,0.065432146
20260204_100908_beam5_az100,20260204_100908,5,100.0,,,/home/tobeornot8259748/projects/balloon_radar_project/data/raw/detection_dataset/test/Background_IQ/IQ_Data/20260204_100908_beam5_az100.mat,0,0.050672207,99,127,-1,-1,False,0.07057665,0.0
20260204_100908_beam5_az109,20260204_100908,5,109.0,,,/home/tobeornot8259748/projects/balloon_radar_project/data/raw/detection_dataset/train/Background_IQ/IQ_Data/20260204_100908_beam5_az109.mat,0,0.04249197,39,64,-1,-1,False,0.63274735,0.16336647
20260204_100908_beam5_az118,20260204_100908,5,118.0,,,/home/tobeornot8259748/projects/balloon_radar_project/data/raw/detection_dataset/test/Background_IQ/IQ_Data/20260204_100908_beam5_az118.mat,0,0.07503379,62,65,-1,-1,False,0.57101256,0.1006258
20260204_100908_beam5_az127,20260204_100908,5,127.0,,,/home/tobeornot8259748/projects/balloon_radar_project/data/raw/detection_dataset/test/Background_IQ/IQ_Data/20260204_100908_beam5_az127.mat,0,0.075592354,47,62,-1,-1,False,0.66083103,0.22254714
20260204_100908_beam5_az136,20260204_100908,5,136.0,,,/home/tobeornot8259748/projects/balloon_radar_project/data/raw/detection_dataset/train/Background_IQ/IQ_Data/20260204_100908_beam5_az136.mat,0,0.059957083,53,59,-1,-1,False,0.6403043,0.19408467
20260204_100908_beam5_az145,20260204_100908,5,145.0,,,/home/tobeornot8259748/projects/balloon_radar_project/data/raw/detection_dataset/test/Background_IQ/IQ_Data/20260204_100908_beam5_az145.mat,0,0.04310951,0,0,-1,-1,False,0.31538072,0.0
20260204_100908_beam5_az154,20260204_100908,5,154.0,,,/home/tobeornot8259748/projects/balloon_radar_project/data/raw/detection_dataset/val/Background_IQ/IQ_Data/20260204_100908_beam5_az154.mat,0,0.089194074,58,69,-1,-1,False,0.7115241,0.2708897
20260204_100908_beam5_az163,20260204_100908,5,163.0,,,/home/tobeornot8259748/projects/balloon_radar_project/data/raw/detection_dataset/train/Background_IQ/IQ_Data/20260204_100908_beam5_az163.mat,0,0.058380663,83,63,-1,-1,False,0.5508559,0.17673033
20260204_100908_beam5_az172,20260204_100908,5,172.0,,,/home/tobeornot8259748/projects/balloon_radar_project/data/raw/detection_dataset/test/Background_IQ/IQ_Data/20260204_100908_beam5_az172.mat,0,0.057144932,79,68,-1,-1,False,0.6500984,0.22805962
20260204_100908_beam5_az181,20260204_100908,5,181.0,,,/home/tobeornot8259748/projects/balloon_radar_project/data/raw/detection_dataset/train/Background_IQ/IQ_Data/20260204_100908_beam5_az181.mat,0,0.054695494,30,72,-1,-1,False,0.65011257,0.25800845
20260204_100908_beam5_az190,20260204_100908,5,190.0,,,/home/tobeornot8259748/projects/balloon_radar_project/data/raw/detection_dataset/train/Background_IQ/IQ_Data/20260204_100908_beam5_az190.mat,0,0.049527504,62,65,-1,-1,False,0.56262064,0.11066464
20260204_100908_beam5_az199,20260204_100908,5,199.0,,,/home/tobeornot8259748/projects/balloon_radar_project/data/raw/detection_dataset/val/Background_IQ/IQ_Data/20260204_100908_beam5_az199.mat,0,0.051165093,76,64,-1,-1,False,0.6008821,0.11697237
20260204_100908_beam5_az208,20260204_100908,5,208.0,,,/home/tobeornot8259748/projects/balloon_radar_project/data/raw/detection_dataset/train/Background_IQ/IQ_Data/20260204_100908_beam5_az208.mat,0,0.059659045,35,62,-1,-1,False,0.72446644,0.33395505
20260204_100908_beam5_az217,20260204_100908,5,217.0,,,/home/tobeornot8259748/projects/balloon_radar_project/data/raw/detection_dataset/train/Background_IQ/IQ_Data/20260204_100908_beam5_az217.mat,0,0.13156301,55,67,-1,-1,False,0.6882019,0.26981568
20260204_100908_beam5_az226,20260204_100908,5,226.0,,,/home/tobeornot8259748/projects/balloon_radar_project/data/raw/detection_dataset/train/Background_IQ/IQ_Data/20260204_100908_beam5_az226.mat,0,0.04330562,99,127,-1,-1,False,0.066618755,0.0
20260204_100908_beam5_az235,20260204_100908,5,235.0,,,/home/tobeornot8259748/projects/balloon_radar_project/data/raw/detection_dataset/train/Background_IQ/IQ_Data/20260204_100908_beam5_az235.mat,0,0.045882232,99,127,-1,-1,False,0.06313365,0.0
20260204_100908_beam5_az244,20260204_100908,5,244.0,,,/home/tobeornot8259748/projects/balloon_radar_project/data/raw/detection_dataset/train/Background_IQ/IQ_Data/20260204_100908_beam5_az244.mat,0,0.041864228,99,127,-1,-1,False,0.06849942,0.0
20260204_100908_beam5_az253,20260204_100908,5,253.0,,,/home/tobeornot8259748/projects/balloon_radar_project/data/raw/detection_dataset/train/Background_IQ/IQ_Data/20260204_100908_beam5_az253.mat,0,0.050103374,80,61,-1,-1,False,0.464267,0.03971854
20260204_100908_beam5_az262,20260204_100908,5,262.0,,,/home/tobeornot8259748/projects/balloon_radar_project/data/raw/detection_dataset/train/Background_IQ/IQ_Data/20260204_100908_beam5_az262.mat,0,0.050919224,0,0,-1,-1,False,0.31308264,0.0
20260204_100932_beam1_az001,20260204_100932,1,1.0,,,/home/tobeornot8259748/projects/balloon_radar_project/data/raw/detection_dataset/train/Background_IQ/IQ_Data/20260204_100932_beam1_az001.mat,0,0.2929403,80,65,-1,-1,False,0.5239091,0.15932599
20260204_100932_beam1_az010,20260204_100932,1,10.0,,,/home/tobeornot8259748/projects/balloon_radar_project/data/raw/detection_dataset/train/Background_IQ/IQ_Data/20260204_100932_beam1_az010.mat,0,0.11780985,55,65,-1,-1,False,0.66356266,0.1527644
20260204_100932_beam1_az019,20260204_100932,1,19.0,,,/home/tobeornot8259748/projects/balloon_radar_project/data/raw/detection_dataset/val/Background_IQ/IQ_Data/20260204_100932_beam1_az019.mat,0,0.24642915,53,57,-1,-1,False,0.65917504,0.19902097
20260204_100932_beam1_az028,20260204_100932,1,28.0,,,/home/tobeornot8259748/projects/balloon_radar_project/data/raw/detection_dataset/test/Background_IQ/IQ_Data/20260204_100932_beam1_az028.mat,0,0.049057133,0,0,-1,-1,False,0.37804475,0.0
20260204_100932_beam1_az037,20260204_100932,1,37.0,,,/home/tobeornot8259748/projects/balloon_radar_project/data/raw/detection_dataset/train/Background_IQ/IQ_Data/20260204_100932_beam1_az037.mat,0,0.102785766,55,68,-1,-1,False,0.7162889,0.33951938
20260204_100932_beam1_az046,20260204_100932,1,46.0,,,/home/tobeornot8259748/projects/balloon_radar_project/data/raw/detection_dataset/val/Background_IQ/IQ_Data/20260204_100932_beam1_az046.mat,0,0.062409457,28,8,-1,-1,False,0.6959889,0.22436543
20260204_100932_beam1_az055,20260204_100932,1,55.0,,,/home/tobeornot8259748/projects/balloon_radar_project/data/raw/detection_dataset/train/Background_IQ/IQ_Data/20260204_100932_beam1_az055.mat,0,0.27591893,79,62,-1,-1,False,0.65242374,0.31162894
20260204_100932_beam1_az064,20260204_100932,1,64.0,,,/home/tobeornot8259748/projects/balloon_radar_project/data/raw/detection_dataset/train/Background_IQ/IQ_Data/20260204_100932_beam1_az064.mat,0,0.05202987,0,0,-1,-1,False,0.3183007,0.0
20260204_100932_beam1_az073,20260204_100932,1,73.0,,,/home/tobeornot8259748/projects/balloon_radar_project/data/raw/detection_dataset/train/Background_IQ/IQ_Data/20260204_100932_beam1_az073.mat,0,0.124446146,53,69,-1,-1,False,0.58607525,0.15995741
20260204_100932_beam1_az082,20260204_100932,1,82.0,,,/home/tobeornot8259748/projects/balloon_radar_project/data/raw/detection_dataset/train/Background_IQ/IQ_Data/20260204_100932_beam1_az082.mat,0,0.057394553,0,0,-1,-1,False,0.37998244,0.0
20260204_100932_beam1_az091,20260204_100932,1,91.0,,,/home/tobeornot8259748/projects/balloon_radar_project/data/raw/detection_dataset/train/Background_IQ/IQ_Data/20260204_100932_beam1_az091.mat,0,0.272125,39,67,-1,-1,False,0.7089489,0.31443724
20260204_100932_beam1_az100,20260204_100932,1,100.0,,,/home/tobeornot8259748/projects/balloon_radar_project/data/raw/detection_dataset/train/Background_IQ/IQ_Data/20260204_100932_beam1_az100.mat,0,0.065024406,43,62,-1,-1,False,0.6914036,0.1703909
20260204_100932_beam1_az109,20260204_100932,1,109.0,,,/home/tobeornot8259748/projects/balloon_radar_project/data/raw/detection_dataset/train/Background_IQ/IQ_Data/20260204_100932_beam1_az109.mat,0,0.19855419,76,68,-1,-1,False,0.7395623,0.31046283
20260204_100932_beam1_az118,20260204_100932,1,118.0,,,/home/tobeornot8259748/projects/balloon_radar_project/data/raw/detection_dataset/train/Background_IQ/IQ_Data/20260204_100932_beam1_az118.mat,0,0.0670507,30,77,-1,-1,False,0.66485965,0.22777918
20260204_100932_beam1_az127,20260204_100932,1,127.0,,,/home/tobeornot8259748/projects/balloon_radar_project/data/raw/detection_dataset/test/Background_IQ/IQ_Data/20260204_100932_beam1_az127.mat,0,0.18715921,80,62,-1,-1,False,0.5850841,0.21854012
20260204_100932_beam1_az136,20260204_100932,1,136.0,,,/home/tobeornot8259748/projects/balloon_radar_project/data/raw/detection_dataset/train/Background_IQ/IQ_Data/20260204_100932_beam1_az136.mat,0,0.109560736,80,64,-1,-1,False,0.5020666,0.1265023
20260204_100932_beam1_az145,20260204_100932,1,145.0,,,/home/tobeornot8259748/projects/balloon_radar_project/data/raw/detection_dataset/train/Background_IQ/IQ_Data/20260204_100932_beam1_az145.mat,0,0.0653549,0,0,-1,-1,False,0.28439343,0.0
20260204_100932_beam1_az154,20260204_100932,1,154.0,,,/home/tobeornot8259748/projects/balloon_radar_project/data/raw/detection_dataset/train/Background_IQ/IQ_Data/20260204_100932_beam1_az154.mat,0,0.05974073,0,0,-1,-1,False,0.30964354,0.0
20260204_100932_beam1_az163,20260204_100932,1,163.0,,,/home/tobeornot8259748/projects/balloon_radar_project/data/raw/detection_dataset/train/Background_IQ/IQ_Data/20260204_100932_beam1_az163.mat,0,0.21336976,52,68,-1,-1,False,0.65905505,0.2649978
20260204_100932_beam1_az172,20260204_100932,1,172.0,,,/home/tobeornot8259748/projects/balloon_radar_project/data/raw/detection_dataset/train/Background_IQ/IQ_Data/20260204_100932_beam1_az172.mat,0,0.054688264,75,63,-1,-1,False,0.6258661,0.035933927
20260204_100932_beam1_az181,20260204_100932,1,181.0,,,/home/tobeornot8259748/projects/balloon_radar_project/data/raw/detection_dataset/test/Background_IQ/IQ_Data/20260204_100932_beam1_az181.mat,0,0.20394047,72,68,-1,-1,False,0.65992975,0.16360481
20260204_100932_beam1_az190,20260204_100932,1,190.0,,,/home/tobeornot8259748/projects/balloon_radar_project/data/raw/detection_dataset/train/Background_IQ/IQ_Data/20260204_100932_beam1_az190.mat,0,0.11992113,35,66,-1,-1,False,0.8117177,0.60749155
20260204_100932_beam1_az199,20260204_100932,1,199.0,,,/home/tobeornot8259748/projects/balloon_radar_project/data/raw/detection_dataset/train/Background_IQ/IQ_Data/20260204_100932_beam1_az199.mat,0,0.056122556,77,64,-1,-1,False,0.6049224,0.0565338
20260204_100932_beam2_az001,20260204_100932,2,1.0,,,/home/tobeornot8259748/projects/balloon_radar_project/data/raw/detection_dataset/test/Background_IQ/IQ_Data/20260204_100932_beam2_az001.mat,0,0.15955979,62,64,-1,-1,False,0.60781205,0.12594369
20260204_100932_beam2_az010,20260204_100932,2,10.0,,,/home/tobeornot8259748/projects/balloon_radar_project/data/raw/detection_dataset/train/Background_IQ/IQ_Data/20260204_100932_beam2_az010.mat,0,0.099014916,55,62,-1,-1,False,0.697028,0.13229002
20260204_100932_beam2_az019,20260204_100932,2,19.0,,,/home/tobeornot8259748/projects/balloon_radar_project/data/raw/detection_dataset/val/Background_IQ/IQ_Data/20260204_100932_beam2_az019.mat,0,0.28933644,52,57,-1,-1,False,0.6722241,0.18875188
20260204_100932_beam2_az028,20260204_100932,2,28.0,,,/home/tobeornot8259748/projects/balloon_radar_project/data/raw/detection_dataset/train/Background_IQ/IQ_Data/20260204_100932_beam2_az028.mat,0,0.06647549,69,64,-1,-1,False,0.6037896,0.035842415
20260204_100932_beam2_az037,20260204_100932,2,37.0,,,/home/tobeornot8259748/projects/balloon_radar_project/data/raw/detection_dataset/val/Background_IQ/IQ_Data/20260204_100932_beam2_az037.mat,0,0.14998202,63,68,-1,-1,False,0.6413144,0.21559249
20260204_100932_beam2_az046,20260204_100932,2,46.0,,,/home/tobeornot8259748/projects/balloon_radar_project/data/raw/detection_dataset/train/Background_IQ/IQ_Data/20260204_100932_beam2_az046.mat,0,0.0609463,0,0,-1,-1,False,0.32684496,0.0
20260204_100932_beam2_az055,20260204_100932,2,55.0,,,/home/tobeornot8259748/projects/balloon_radar_project/data/raw/detection_dataset/train/Background_IQ/IQ_Data/20260204_100932_beam2_az055.mat,0,0.19308387,56,69,-1,-1,False,0.6740686,0.22128512
20260204_100932_beam2_az064,20260204_100932,2,64.0,,,/home/tobeornot8259748/projects/balloon_radar_project/data/raw/detection_dataset/test/Background_IQ/IQ_Data/20260204_100932_beam2_az064.mat,0,0.052086916,0,0,-1,-1,False,0.33082858,0.0
20260204_100932_beam2_az073,20260204_100932,2,73.0,,,/home/tobeornot8259748/projects/balloon_radar_project/data/raw/detection_dataset/test/Background_IQ/IQ_Data/20260204_100932_beam2_az073.mat,0,0.12596029,53,69,-1,-1,False,0.59775424,0.15159132
20260204_100932_beam2_az082,20260204_100932,2,82.0,,,/home/tobeornot8259748/projects/balloon_radar_project/data/raw/detection_dataset/train/Background_IQ/IQ_Data/20260204_100932_beam2_az082.mat,0,0.035165988,0,0,-1,-1,False,0.37732333,0.0
20260204_100932_beam2_az091,20260204_100932,2,91.0,,,/home/tobeornot8259748/projects/balloon_radar_project/data/raw/detection_dataset/train/Background_IQ/IQ_Data/20260204_100932_beam2_az091.mat,0,0.14464013,40,66,-1,-1,False,0.76112056,0.42878222
20260204_100932_beam2_az100,20260204_100932,2,100.0,,,/home/tobeornot8259748/projects/balloon_radar_project/data/raw/detection_dataset/train/Background_IQ/IQ_Data/20260204_100932_beam2_az100.mat,0,0.080484435,48,65,-1,-1,False,0.7110748,0.23691824
20260204_100932_beam2_az109,20260204_100932,2,109.0,,,/home/tobeornot8259748/projects/balloon_radar_project/data/raw/detection_dataset/train/Background_IQ/IQ_Data/20260204_100932_beam2_az109.mat,0,0.23770836,14,68,-1,-1,False,0.7246088,0.29111746
20260204_100932_beam2_az118,20260204_100932,2,118.0,,,/home/tobeornot8259748/projects/balloon_radar_project/data/raw/detection_dataset/train/Background_IQ/IQ_Data/20260204_100932_beam2_az118.mat,0,0.17139994,14,68,-1,-1,False,0.6966019,0.3645881
20260204_100932_beam2_az127,20260204_100932,2,127.0,,,/home/tobeornot8259748/projects/balloon_radar_project/data/raw/detection_dataset/train/Background_IQ/IQ_Data/20260204_100932_beam2_az127.mat,0,0.19444832,80,62,-1,-1,False,0.61353236,0.23383231
20260204_100932_beam2_az136,20260204_100932,2,136.0,,,/home/tobeornot8259748/projects/balloon_radar_project/data/raw/detection_dataset/train/Background_IQ/IQ_Data/20260204_100932_beam2_az136.mat,0,0.11774238,64,64,-1,-1,False,0.6144737,0.19229977
20260204_100932_beam2_az145,20260204_100932,2,145.0,,,/home/tobeornot8259748/projects/balloon_radar_project/data/raw/detection_dataset/train/Background_IQ/IQ_Data/20260204_100932_beam2_az145.mat,0,0.11502488,58,64,-1,-1,False,0.59479994,0.246341
20260204_100932_beam2_az154,20260204_100932,2,154.0,,,/home/tobeornot8259748/projects/balloon_radar_project/data/raw/detection_dataset/val/Background_IQ/IQ_Data/20260204_100932_beam2_az154.mat,0,0.062900685,0,0,-1,-1,False,0.3182897,0.0
20260204_100932_beam2_az163,20260204_100932,2,163.0,,,/home/tobeornot8259748/projects/balloon_radar_project/data/raw/detection_dataset/test/Background_IQ/IQ_Data/20260204_100932_beam2_az163.mat,0,0.15045722,52,69,-1,-1,False,0.6372705,0.17902914
20260204_100932_beam2_az172,20260204_100932,2,172.0,,,/home/tobeornot8259748/projects/balloon_radar_project/data/raw/detection_dataset/val/Background_IQ/IQ_Data/20260204_100932_beam2_az172.mat,0,0.058921013,26,107,-1,-1,False,0.6662125,0.08738153
20260204_100932_beam2_az181,20260204_100932,2,181.0,,,/home/tobeornot8259748/projects/balloon_radar_project/data/raw/detection_dataset/test/Background_IQ/IQ_Data/20260204_100932_beam2_az181.mat,0,0.27789244,72,68,-1,-1,False,0.6973699,0.20631878
20260204_100932_beam2_az190,20260204_100932,2,190.0,,,/home/tobeornot8259748/projects/balloon_radar_project/data/raw/detection_dataset/train/Background_IQ/IQ_Data/20260204_100932_beam2_az190.mat,0,0.07860137,79,64,-1,-1,False,0.6020777,0.051356085
20260204_100932_beam2_az199,20260204_100932,2,199.0,,,/home/tobeornot8259748/projects/balloon_radar_project/data/raw/detection_dataset/train/Background_IQ/IQ_Data/20260204_100932_beam2_az199.mat,0,0.079886764,72,68,-1,-1,False,0.65225166,0.06499945
20260204_100932_beam3_az001,20260204_100932,3,1.0,,,/home/tobeornot8259748/projects/balloon_radar_project/data/raw/detection_dataset/test/Background_IQ/IQ_Data/20260204_100932_beam3_az001.mat,0,0.18666129,13,68,-1,-1,False,0.7326358,0.45403343
20260204_100932_beam3_az010,20260204_100932,3,10.0,,,/home/tobeornot8259748/projects/balloon_radar_project/data/raw/detection_dataset/test/Background_IQ/IQ_Data/20260204_100932_beam3_az010.mat,0,0.09906174,62,62,-1,-1,False,0.6635793,0.08513832
20260204_100932_beam3_az019,20260204_100932,3,19.0,,,/home/tobeornot8259748/projects/balloon_radar_project/data/raw/detection_dataset/train/Background_IQ/IQ_Data/20260204_100932_beam3_az019.mat,0,0.30713823,59,69,-1,-1,False,0.6520456,0.13573605
20260204_100932_beam3_az028,20260204_100932,3,28.0,,,/home/tobeornot8259748/projects/balloon_radar_project/data/raw/detection_dataset/test/Background_IQ/IQ_Data/20260204_100932_beam3_az028.mat,0,0.109000556,70,64,-1,-1,False,0.61073095,0.05445837
20260204_100932_beam3_az037,20260204_100932,3,37.0,,,/home/tobeornot8259748/projects/balloon_radar_project/data/raw/detection_dataset/train/Background_IQ/IQ_Data/20260204_100932_beam3_az037.mat,0,0.3699874,63,68,-1,-1,False,0.6467593,0.18333304
20260204_100932_beam3_az046,20260204_100932,3,46.0,,,/home/tobeornot8259748/projects/balloon_radar_project/data/raw/detection_dataset/train/Background_IQ/IQ_Data/20260204_100932_beam3_az046.mat,0,0.15617271,13,69,-1,-1,False,0.6205123,0.34689054
20260204_100932_beam3_az055,20260204_100932,3,55.0,,,/home/tobeornot8259748/projects/balloon_radar_project/data/raw/detection_dataset/train/Background_IQ/IQ_Data/20260204_100932_beam3_az055.mat,0,0.16588724,56,69,-1,-1,False,0.6623494,0.22202715
20260204_100932_beam3_az064,20260204_100932,3,64.0,,,/home/tobeornot8259748/projects/balloon_radar_project/data/raw/detection_dataset/train/Background_IQ/IQ_Data/20260204_100932_beam3_az064.mat,0,0.18467696,13,69,-1,-1,False,0.6495663,0.37951383
20260204_100932_beam3_az073,20260204_100932,3,73.0,,,/home/tobeornot8259748/projects/balloon_radar_project/data/raw/detection_dataset/train/Background_IQ/IQ_Data/20260204_100932_beam3_az073.mat,0,0.21346149,13,69,-1,-1,False,0.6631662,0.36162767
20260204_100932_beam3_az082,20260204_100932,3,82.0,,,/home/tobeornot8259748/projects/balloon_radar_project/data/raw/detection_dataset/val/Background_IQ/IQ_Data/20260204_100932_beam3_az082.mat,0,0.07098362,11,69,-1,-1,False,0.7221624,0.3830983
20260204_100932_beam3_az091,20260204_100932,3,91.0,,,/home/tobeornot8259748/projects/balloon_radar_project/data/raw/detection_dataset/train/Background_IQ/IQ_Data/20260204_100932_beam3_az091.mat,0,0.2486364,13,69,-1,-1,False,0.660006,0.3543325
20260204_100932_beam3_az100,20260204_100932,3,100.0,,,/home/tobeornot8259748/projects/balloon_radar_project/data/raw/detection_dataset/train/Background_IQ/IQ_Data/20260204_100932_beam3_az100.mat,0,0.18610857,13,69,-1,-1,False,0.66936433,0.37671608
20260204_100932_beam3_az109,20260204_100932,3,109.0,,,/home/tobeornot8259748/projects/balloon_radar_project/data/raw/detection_dataset/train/Background_IQ/IQ_Data/20260204_100932_beam3_az109.mat,0,0.08949079,81,62,-1,-1,False,0.5291925,0.19821246
20260204_100932_beam3_az118,20260204_100932,3,118.0,,,/home/tobeornot8259748/projects/balloon_radar_project/data/raw/detection_dataset/train/Background_IQ/IQ_Data/20260204_100932_beam3_az118.mat,0,0.08857323,16,65,-1,-1,False,0.56959707,0.34872898
20260204_100932_beam3_az127,20260204_100932,3,127.0,,,/home/tobeornot8259748/projects/balloon_radar_project/data/raw/detection_dataset/test/Background_IQ/IQ_Data/20260204_100932_beam3_az127.mat,0,0.17997769,72,69,-1,-1,False,0.67204654,0.19701128
20260204_100932_beam3_az136,20260204_100932,3,136.0,,,/home/tobeornot8259748/projects/balloon_radar_project/data/raw/detection_dataset/train/Background_IQ/IQ_Data/20260204_100932_beam3_az136.mat,0,0.12461966,64,64,-1,-1,False,0.606559,0.18009385
20260204_100932_beam3_az145,20260204_100932,3,145.0,,,/home/tobeornot8259748/projects/balloon_radar_project/data/raw/detection_dataset/train/Background_IQ/IQ_Data/20260204_100932_beam3_az145.mat,0,0.18498804,57,69,-1,-1,False,0.6070635,0.19994518
20260204_100932_beam3_az154,20260204_100932,3,154.0,,,/home/tobeornot8259748/projects/balloon_radar_project/data/raw/detection_dataset/train/Background_IQ/IQ_Data/20260204_100932_beam3_az154.mat,0,0.17114301,13,69,-1,-1,False,0.6473434,0.36415294
20260204_100932_beam3_az163,20260204_100932,3,163.0,,,/home/tobeornot8259748/projects/balloon_radar_project/data/raw/detection_dataset/train/Background_IQ/IQ_Data/20260204_100932_beam3_az163.mat,0,0.27728817,13,69,-1,-1,False,0.6573505,0.35430393
20260204_100932_beam3_az172,20260204_100932,3,172.0,,,/home/tobeornot8259748/projects/balloon_radar_project/data/raw/detection_dataset/train/Background_IQ/IQ_Data/20260204_100932_beam3_az172.mat,0,0.051394768,26,112,-1,-1,False,0.6827764,0.07925288
20260204_100932_beam3_az181,20260204_100932,3,181.0,,,/home/tobeornot8259748/projects/balloon_radar_project/data/raw/detection_dataset/val/Background_IQ/IQ_Data/20260204_100932_beam3_az181.mat,0,0.3491828,72,66,-1,-1,False,0.7294904,0.29133466
20260204_100932_beam3_az190,20260204_100932,3,190.0,,,/home/tobeornot8259748/projects/balloon_radar_project/data/raw/detection_dataset/train/Background_IQ/IQ_Data/20260204_100932_beam3_az190.mat,0,0.1618783,53,68,-1,-1,False,0.7578423,0.06897192
20260204_100932_beam3_az199,20260204_100932,3,199.0,,,/home/tobeornot8259748/projects/balloon_radar_project/data/raw/detection_dataset/train/Background_IQ/IQ_Data/20260204_100932_beam3_az199.mat,0,0.4296342,61,68,-1,-1,False,0.732682,0.10771857
20260204_100932_beam4_az001,20260204_100932,4,1.0,,,/home/tobeornot8259748/projects/balloon_radar_project/data/raw/detection_dataset/train/Background_IQ/IQ_Data/20260204_100932_beam4_az001.mat,0,0.12743,76,69,-1,-1,False,0.60932547,0.06576666
20260204_100932_beam4_az010,20260204_100932,4,10.0,,,/home/tobeornot8259748/projects/balloon_radar_project/data/raw/detection_dataset/train/Background_IQ/IQ_Data/20260204_100932_beam4_az010.mat,0,0.123052716,62,64,-1,-1,False,0.66078997,0.06322913
20260204_100932_beam4_az019,20260204_100932,4,19.0,,,/home/tobeornot8259748/projects/balloon_radar_project/data/raw/detection_dataset/test/Background_IQ/IQ_Data/20260204_100932_beam4_az019.mat,0,0.55718964,60,62,-1,-1,False,0.7324735,0.2671138
20260204_100932_beam4_az028,20260204_100932,4,28.0,,,/home/tobeornot8259748/projects/balloon_radar_project/data/raw/detection_dataset/train/Background_IQ/IQ_Data/20260204_100932_beam4_az028.mat,0,0.113705575,70,64,-1,-1,False,0.6179479,0.03864788
20260204_100932_beam4_az037,20260204_100932,4,37.0,,,/home/tobeornot8259748/projects/balloon_radar_project/data/raw/detection_dataset/train/Background_IQ/IQ_Data/20260204_100932_beam4_az037.mat,0,0.21086407,54,68,-1,-1,False,0.67663836,0.18516548
20260204_100932_beam4_az046,20260204_100932,4,46.0,,,/home/tobeornot8259748/projects/balloon_radar_project/data/raw/detection_dataset/train/Background_IQ/IQ_Data/20260204_100932_beam4_az046.mat,0,0.07866286,14,68,-1,-1,False,0.73818153,0.49159306
20260204_100932_beam4_az055,20260204_100932,4,55.0,,,/home/tobeornot8259748/projects/balloon_radar_project/data/raw/detection_dataset/val/Background_IQ/IQ_Data/20260204_100932_beam4_az055.mat,0,0.14592424,58,69,-1,-1,False,0.61604273,0.15149944
20260204_100932_beam4_az064,20260204_100932,4,64.0,,,/home/tobeornot8259748/projects/balloon_radar_project/data/raw/detection_dataset/test/Background_IQ/IQ_Data/20260204_100932_beam4_az064.mat,0,0.12154844,55,65,-1,-1,False,0.59341794,0.0945621
20260204_100932_beam4_az073,20260204_100932,4,73.0,,,/home/tobeornot8259748/projects/balloon_radar_project/data/raw/detection_dataset/val/Background_IQ/IQ_Data/20260204_100932_beam4_az073.mat,0,0.26409873,39,68,-1,-1,False,0.7055128,0.2244395
20260204_100932_beam4_az082,20260204_100932,4,82.0,,,/home/tobeornot8259748/projects/balloon_radar_project/data/raw/detection_dataset/train/Background_IQ/IQ_Data/20260204_100932_beam4_az082.mat,0,0.05673978,49,67,-1,-1,False,0.71740246,0.16639492
20260204_100932_beam4_az091,20260204_100932,4,91.0,,,/home/tobeornot8259748/projects/balloon_radar_project/data/raw/detection_dataset/test/Background_IQ/IQ_Data/20260204_100932_beam4_az091.mat,0,0.32303455,80,62,-1,-1,False,0.6151844,0.24051955
20260204_100932_beam4_az100,20260204_100932,4,100.0,,,/home/tobeornot8259748/projects/balloon_radar_project/data/raw/detection_dataset/val/Background_IQ/IQ_Data/20260204_100932_beam4_az100.mat,0,0.11402999,48,63,-1,-1,False,0.69059086,0.24755426
20260204_100932_beam4_az109,20260204_100932,4,109.0,,,/home/tobeornot8259748/projects/balloon_radar_project/data/raw/detection_dataset/train/Background_IQ/IQ_Data/20260204_100932_beam4_az109.mat,0,0.28630078,14,68,-1,-1,False,0.6763131,0.34713507
20260204_100932_beam4_az118,20260204_100932,4,118.0,,,/home/tobeornot8259748/projects/balloon_radar_project/data/raw/detection_dataset/val/Background_IQ/IQ_Data/20260204_100932_beam4_az118.mat,0,0.17956461,14,69,-1,-1,False,0.601541,0.2305388
20260204_100932_beam4_az127,20260204_100932,4,127.0,,,/home/tobeornot8259748/projects/balloon_radar_project/data/raw/detection_dataset/val/Background_IQ/IQ_Data/20260204_100932_beam4_az127.mat,0,0.22095776,74,69,-1,-1,False,0.6395077,0.16489428
20260204_100932_beam4_az136,20260204_100932,4,136.0,,,/home/tobeornot8259748/projects/balloon_radar_project/data/raw/detection_dataset/train/Background_IQ/IQ_Data/20260204_100932_beam4_az136.mat,0,0.20843607,14,68,-1,-1,False,0.73003054,0.3415201
20260204_100932_beam4_az145,20260204_100932,4,145.0,,,/home/tobeornot8259748/projects/balloon_radar_project/data/raw/detection_dataset/train/Background_IQ/IQ_Data/20260204_100932_beam4_az145.mat,0,0.19086236,14,68,-1,-1,False,0.6629464,0.30643448
20260204_100932_beam4_az154,20260204_100932,4,154.0,,,/home/tobeornot8259748/projects/balloon_radar_project/data/raw/detection_dataset/train/Background_IQ/IQ_Data/20260204_100932_beam4_az154.mat,0,0.08778498,14,68,-1,-1,False,0.7353353,0.48885742
20260204_100932_beam4_az163,20260204_100932,4,163.0,,,/home/tobeornot8259748/projects/balloon_radar_project/data/raw/detection_dataset/train/Background_IQ/IQ_Data/20260204_100932_beam4_az163.mat,0,0.2453407,80,62,-1,-1,False,0.62651914,0.258679
20260204_100932_beam4_az172,20260204_100932,4,172.0,,,/home/tobeornot8259748/projects/balloon_radar_project/data/raw/detection_dataset/train/Background_IQ/IQ_Data/20260204_100932_beam4_az172.mat,0,0.051739257,77,61,-1,-1,False,0.73769563,0.09246618
20260204_100932_beam4_az181,20260204_100932,4,181.0,,,/home/tobeornot8259748/projects/balloon_radar_project/data/raw/detection_dataset/test/Background_IQ/IQ_Data/20260204_100932_beam4_az181.mat,0,0.51988924,72,68,-1,-1,False,0.6983012,0.17348833
20260204_100932_beam4_az190,20260204_100932,4,190.0,,,/home/tobeornot8259748/projects/balloon_radar_project/data/raw/detection_dataset/train/Background_IQ/IQ_Data/20260204_100932_beam4_az190.mat,0,0.13796239,59,64,-1,-1,False,0.69861454,0.042354338
20260204_100932_beam4_az199,20260204_100932,4,199.0,,,/home/tobeornot8259748/projects/balloon_radar_project/data/raw/detection_dataset/train/Background_IQ/IQ_Data/20260204_100932_beam4_az199.mat,0,0.47748917,61,68,-1,-1,False,0.7108073,0.13513874
20260204_100932_beam5_az001,20260204_100932,5,1.0,,,/home/tobeornot8259748/projects/balloon_radar_project/data/raw/detection_dataset/train/Background_IQ/IQ_Data/20260204_100932_beam5_az001.mat,0,0.4262558,75,67,-1,-1,False,0.700785,0.18942563
20260204_100932_beam5_az010,20260204_100932,5,10.0,,,/home/tobeornot8259748/projects/balloon_radar_project/data/raw/detection_dataset/train/Background_IQ/IQ_Data/20260204_100932_beam5_az010.mat,0,0.04853512,58,64,-1,-1,False,0.6438706,0.050581023
20260204_100932_beam5_az019,20260204_100932,5,19.0,,,/home/tobeornot8259748/projects/balloon_radar_project/data/raw/detection_dataset/val/Background_IQ/IQ_Data/20260204_100932_beam5_az019.mat,0,0.5763016,60,62,-1,-1,False,0.72941005,0.28031406
20260204_100932_beam5_az028,20260204_100932,5,28.0,,,/home/tobeornot8259748/projects/balloon_radar_project/data/raw/detection_dataset/val/Background_IQ/IQ_Data/20260204_100932_beam5_az028.mat,0,0.054015797,69,64,-1,-1,False,0.6010944,0.020301703
20260204_100932_beam5_az037,20260204_100932,5,37.0,,,/home/tobeornot8259748/projects/balloon_radar_project/data/raw/detection_dataset/train/Background_IQ/IQ_Data/20260204_100932_beam5_az037.mat,0,0.20263168,46,61,-1,-1,False,0.76958656,0.30211926
20260204_100932_beam5_az046,20260204_100932,5,46.0,,,/home/tobeornot8259748/projects/balloon_radar_project/data/raw/detection_dataset/train/Background_IQ/IQ_Data/20260204_100932_beam5_az046.mat,0,0.06048889,28,41,-1,-1,False,0.7003203,0.19686723
20260204_100932_beam5_az055,20260204_100932,5,55.0,,,/home/tobeornot8259748/projects/balloon_radar_project/data/raw/detection_dataset/train/Background_IQ/IQ_Data/20260204_100932_beam5_az055.mat,0,0.14098753,60,69,-1,-1,False,0.6164982,0.10546561
20260204_100932_beam5_az064,20260204_100932,5,64.0,,,/home/tobeornot8259748/projects/balloon_radar_project/data/raw/detection_dataset/train/Background_IQ/IQ_Data/20260204_100932_beam5_az064.mat,0,0.21779796,56,64,-1,-1,False,0.6333215,0.14890812
20260204_100932_beam5_az073,20260204_100932,5,73.0,,,/home/tobeornot8259748/projects/balloon_radar_project/data/raw/detection_dataset/train/Background_IQ/IQ_Data/20260204_100932_beam5_az073.mat,0,0.37258905,38,68,-1,-1,False,0.7030048,0.1846284
20260204_100932_beam5_az082,20260204_100932,5,82.0,,,/home/tobeornot8259748/projects/balloon_radar_project/data/raw/detection_dataset/val/Background_IQ/IQ_Data/20260204_100932_beam5_az082.mat,0,0.030559264,99,127,-1,-1,False,0.116809845,0.0
20260204_100932_beam5_az091,20260204_100932,5,91.0,,,/home/tobeornot8259748/projects/balloon_radar_project/data/raw/detection_dataset/test/Background_IQ/IQ_Data/20260204_100932_beam5_az091.mat,0,0.46025592,43,68,-1,-1,False,0.69562477,0.25011998
20260204_100932_beam5_az100,20260204_100932,5,100.0,,,/home/tobeornot8259748/projects/balloon_radar_project/data/raw/detection_dataset/train/Background_IQ/IQ_Data/20260204_100932_beam5_az100.mat,0,0.053574517,48,63,-1,-1,False,0.6682557,0.17282787
20260204_100932_beam5_az109,20260204_100932,5,109.0,,,/home/tobeornot8259748/projects/balloon_radar_project/data/raw/detection_dataset/train/Background_IQ/IQ_Data/20260204_100932_beam5_az109.mat,0,0.19138016,58,69,-1,-1,False,0.6406097,0.26353055
20260204_100932_beam5_az118,20260204_100932,5,118.0,,,/home/tobeornot8259748/projects/balloon_radar_project/data/raw/detection_dataset/train/Background_IQ/IQ_Data/20260204_100932_beam5_az118.mat,0,0.060740042,0,0,-1,-1,False,0.30307925,0.0
20260204_100932_beam5_az127,20260204_100932,5,127.0,,,/home/tobeornot8259748/projects/balloon_radar_project/data/raw/detection_dataset/val/Background_IQ/IQ_Data/20260204_100932_beam5_az127.mat,0,0.12314752,72,69,-1,-1,False,0.59703547,0.1388074
20260204_100932_beam5_az136,20260204_100932,5,136.0,,,/home/tobeornot8259748/projects/balloon_radar_project/data/raw/detection_dataset/test/Background_IQ/IQ_Data/20260204_100932_beam5_az136.mat,0,0.06887968,0,0,-1,-1,False,0.30402592,0.0
20260204_100932_beam5_az145,20260204_100932,5,145.0,,,/home/tobeornot8259748/projects/balloon_radar_project/data/raw/detection_dataset/train/Background_IQ/IQ_Data/20260204_100932_beam5_az145.mat,0,0.10179087,14,68,-1,-1,False,0.703506,0.3757597
20260204_100932_beam5_az154,20260204_100932,5,154.0,,,/home/tobeornot8259748/projects/balloon_radar_project/data/raw/detection_dataset/train/Background_IQ/IQ_Data/20260204_100932_beam5_az154.mat,0,0.09461829,29,54,-1,-1,False,0.7204284,0.40805727
20260204_100932_beam5_az163,20260204_100932,5,163.0,,,/home/tobeornot8259748/projects/balloon_radar_project/data/raw/detection_dataset/train/Background_IQ/IQ_Data/20260204_100932_beam5_az163.mat,0,0.3342708,78,68,-1,-1,False,0.678834,0.20393264
20260204_100932_beam5_az172,20260204_100932,5,172.0,,,/home/tobeornot8259748/projects/balloon_radar_project/data/raw/detection_dataset/train/Background_IQ/IQ_Data/20260204_100932_beam5_az172.mat,0,0.061341226,75,62,-1,-1,False,0.662323,0.04149809
20260204_100932_beam5_az181,20260204_100932,5,181.0,,,/home/tobeornot8259748/projects/balloon_radar_project/data/raw/detection_dataset/train/Background_IQ/IQ_Data/20260204_100932_beam5_az181.mat,0,0.24966203,60,68,-1,-1,False,0.689387,0.1576041
20260204_100932_beam5_az190,20260204_100932,5,190.0,,,/home/tobeornot8259748/projects/balloon_radar_project/data/raw/detection_dataset/train/Background_IQ/IQ_Data/20260204_100932_beam5_az190.mat,0,0.05299254,69,62,-1,-1,False,0.6345218,0.015027965
20260204_100932_beam5_az199,20260204_100932,5,199.0,,,/home/tobeornot8259748/projects/balloon_radar_project/data/raw/detection_dataset/test/Background_IQ/IQ_Data/20260204_100932_beam5_az199.mat,0,0.26214424,26,14,-1,-1,False,0.63093454,0.058117636
20260202_144238_beam1,20260202_144238,1,312.35,2040.0,-2.19,/home/tobeornot8259748/projects/balloon_radar_project/data/raw/detection_dataset/train/UAV_IQ/IQ_Data/20260202_144238_beam1.mat,1,0.9340553,66,76,67,76,True,0.73686403,0.23017122
20260202_144238_beam2,20260202_144238,2,311.35,2040.0,-2.19,/home/tobeornot8259748/projects/balloon_radar_project/data/raw/detection_dataset/train/UAV_IQ/IQ_Data/20260202_144238_beam2.mat,1,0.9313898,66,76,67,76,True,0.71692246,0.34198272
20260202_144238_beam3,20260202_144238,3,312.35,2040.0,-2.19,/home/tobeornot8259748/projects/balloon_radar_project/data/raw/detection_dataset/train/UAV_IQ/IQ_Data/20260202_144238_beam3.mat,1,0.93806094,66,76,67,76,True,0.73067325,0.32238084
20260202_144238_beam4,20260202_144238,4,312.35,2040.0,-2.19,/home/tobeornot8259748/projects/balloon_radar_project/data/raw/detection_dataset/train/UAV_IQ/IQ_Data/20260202_144238_beam4.mat,1,0.9570509,66,76,67,76,True,0.73402244,0.25401706
20260202_144246_beam1,20260202_144246,1,312.22,2040.0,-1.83,/home/tobeornot8259748/projects/balloon_radar_project/data/raw/detection_dataset/test/UAV_IQ/IQ_Data/20260202_144246_beam1.mat,1,0.8991484,65,73,67,74,True,0.729604,0.19032946
20260202_144246_beam2,20260202_144246,2,312.22,2040.0,-1.83,/home/tobeornot8259748/projects/balloon_radar_project/data/raw/detection_dataset/test/UAV_IQ/IQ_Data/20260202_144246_beam2.mat,1,0.93107635,65,74,67,74,True,0.7235128,0.27648482
20260202_144246_beam3,20260202_144246,3,311.23,2010.0,-1.83,/home/tobeornot8259748/projects/balloon_radar_project/data/raw/detection_dataset/test/UAV_IQ/IQ_Data/20260202_144246_beam3.mat,1,0.84717685,64,75,66,74,True,0.7157156,0.29227766
20260202_144246_beam4,20260202_144246,4,311.23,2010.0,-1.83,/home/tobeornot8259748/projects/balloon_radar_project/data/raw/detection_dataset/test/UAV_IQ/IQ_Data/20260202_144246_beam4.mat,1,0.9454472,65,74,66,74,True,0.7276996,0.26281562
20260202_144246_beam5,20260202_144246,5,311.23,2010.0,-1.83,/home/tobeornot8259748/projects/balloon_radar_project/data/raw/detection_dataset/test/UAV_IQ/IQ_Data/20260202_144246_beam5.mat,1,0.9097873,65,73,66,74,True,0.7519112,0.1611013
20260202_144254_beam1,20260202_144254,1,311.76,2010.0,-2.01,/home/tobeornot8259748/projects/balloon_radar_project/data/raw/detection_dataset/test/UAV_IQ/IQ_Data/20260202_144254_beam1.mat,1,0.94048953,68,74,66,75,True,0.7109541,0.19752224
20260202_144254_beam2,20260202_144254,2,311.76,2010.0,-2.01,/home/tobeornot8259748/projects/balloon_radar_project/data/raw/detection_dataset/test/UAV_IQ/IQ_Data/20260202_144254_beam2.mat,1,0.9588214,68,74,66,75,True,0.71814483,0.3522226
20260202_144254_beam3,20260202_144254,3,311.76,2010.0,-2.01,/home/tobeornot8259748/projects/balloon_radar_project/data/raw/detection_dataset/test/UAV_IQ/IQ_Data/20260202_144254_beam3.mat,1,0.9627808,68,74,66,75,True,0.72670746,0.34826937
20260202_144254_beam4,20260202_144254,4,311.76,2010.0,-2.01,/home/tobeornot8259748/projects/balloon_radar_project/data/raw/detection_dataset/test/UAV_IQ/IQ_Data/20260202_144254_beam4.mat,1,0.9685763,68,74,66,75,True,0.7344965,0.26908952
20260202_144302_beam1,20260202_144302,1,312.1,1980.0,-2.19,/home/tobeornot8259748/projects/balloon_radar_project/data/raw/detection_dataset/test/UAV_IQ/IQ_Data/20260202_144302_beam1.mat,1,0.97191733,65,75,65,76,True,0.73663807,0.1771641
20260202_144302_beam2,20260202_144302,2,312.1,1980.0,-2.01,/home/tobeornot8259748/projects/balloon_radar_project/data/raw/detection_dataset/test/UAV_IQ/IQ_Data/20260202_144302_beam2.mat,1,0.97318685,65,75,65,75,True,0.74045485,0.27317205
20260202_144302_beam3,20260202_144302,3,312.1,2010.0,-2.19,/home/tobeornot8259748/projects/balloon_radar_project/data/raw/detection_dataset/test/UAV_IQ/IQ_Data/20260202_144302_beam3.mat,1,0.97198844,65,76,66,76,True,0.7440896,0.28137323
20260202_144302_beam4,20260202_144302,4,312.1,2010.0,-2.19,/home/tobeornot8259748/projects/balloon_radar_project/data/raw/detection_dataset/test/UAV_IQ/IQ_Data/20260202_144302_beam4.mat,1,0.9706562,65,76,66,76,True,0.7364986,0.23698622
20260202_144302_beam5,20260202_144302,5,312.1,2010.0,-2.19,/home/tobeornot8259748/projects/balloon_radar_project/data/raw/detection_dataset/test/UAV_IQ/IQ_Data/20260202_144302_beam5.mat,1,0.9578383,67,75,66,76,True,0.7517184,0.13467956
20260202_144311_beam1,20260202_144311,1,312.15,2010.0,3.47,/home/tobeornot8259748/projects/balloon_radar_project/data/raw/detection_dataset/train/UAV_IQ/IQ_Data/20260202_144311_beam1.mat,1,0.96955115,65,46,66,45,True,0.7450368,0.25563592
20260202_144311_beam2,20260202_144311,2,312.15,2010.0,3.47,/home/tobeornot8259748/projects/balloon_radar_project/data/raw/detection_dataset/train/UAV_IQ/IQ_Data/20260202_144311_beam2.mat,1,0.9595966,65,45,66,45,True,0.7419107,0.40332192
20260202_144311_beam3,20260202_144311,3,312.15,2010.0,3.29,/home/tobeornot8259748/projects/balloon_radar_project/data/raw/detection_dataset/train/UAV_IQ/IQ_Data/20260202_144311_beam3.mat,1,0.94824356,65,45,66,46,True,0.7519413,0.3969899
20260202_144311_beam4,20260202_144311,4,312.15,2010.0,3.47,/home/tobeornot8259748/projects/balloon_radar_project/data/raw/detection_dataset/train/UAV_IQ/IQ_Data/20260202_144311_beam4.mat,1,0.9662426,68,45,66,45,True,0.7223736,0.32068196
20260202_144311_beam5,20260202_144311,5,312.15,2010.0,3.47,/home/tobeornot8259748/projects/balloon_radar_project/data/raw/detection_dataset/train/UAV_IQ/IQ_Data/20260202_144311_beam5.mat,1,0.9737645,67,45,66,45,True,0.7534676,0.21364565
20260202_144319_beam1,20260202_144319,1,311.7,2040.0,2.19,/home/tobeornot8259748/projects/balloon_radar_project/data/raw/detection_dataset/val/UAV_IQ/IQ_Data/20260202_144319_beam1.mat,1,0.97364026,66,52,67,52,True,0.7347133,0.27728805
20260202_144319_beam2,20260202_144319,2,311.7,2040.0,2.19,/home/tobeornot8259748/projects/balloon_radar_project/data/raw/detection_dataset/val/UAV_IQ/IQ_Data/20260202_144319_beam2.mat,1,0.95352215,66,52,67,52,True,0.7495822,0.38413662
20260202_144319_beam3,20260202_144319,3,311.7,2040.0,2.19,/home/tobeornot8259748/projects/balloon_radar_project/data/raw/detection_dataset/val/UAV_IQ/IQ_Data/20260202_144319_beam3.mat,1,0.9493954,66,52,67,52,True,0.74812657,0.37118337
20260202_144319_beam4,20260202_144319,4,311.7,2040.0,2.19,/home/tobeornot8259748/projects/balloon_radar_project/data/raw/detection_dataset/val/UAV_IQ/IQ_Data/20260202_144319_beam4.mat,1,0.96818984,68,52,67,52,True,0.73211634,0.30966136
20260202_144319_beam5,20260202_144319,5,311.7,2040.0,2.19,/home/tobeornot8259748/projects/balloon_radar_project/data/raw/detection_dataset/val/UAV_IQ/IQ_Data/20260202_144319_beam5.mat,1,0.9833603,66,53,67,52,True,0.75371236,0.19097877
20260202_144327_beam1,20260202_144327,1,311.29,2040.0,2.19,/home/tobeornot8259748/projects/balloon_radar_project/data/raw/detection_dataset/train/UAV_IQ/IQ_Data/20260202_144327_beam1.mat,1,0.97403145,66,52,67,52,True,0.7124122,0.24333212
20260202_144327_beam2,20260202_144327,2,311.29,2040.0,2.19,/home/tobeornot8259748/projects/balloon_radar_project/data/raw/detection_dataset/train/UAV_IQ/IQ_Data/20260202_144327_beam2.mat,1,0.9693951,66,52,67,52,True,0.7136774,0.3857235
20260202_144327_beam3,20260202_144327,3,311.29,2040.0,2.19,/home/tobeornot8259748/projects/balloon_radar_project/data/raw/detection_dataset/train/UAV_IQ/IQ_Data/20260202_144327_beam3.mat,1,0.9643498,66,52,67,52,True,0.7177255,0.38941267
20260202_144327_beam4,20260202_144327,4,311.29,2070.0,2.19,/home/tobeornot8259748/projects/balloon_radar_project/data/raw/detection_dataset/train/UAV_IQ/IQ_Data/20260202_144327_beam4.mat,1,0.96923435,66,52,68,52,True,0.7139276,0.29428026
20260202_144327_beam5,20260202_144327,5,311.29,2040.0,2.19,/home/tobeornot8259748/projects/balloon_radar_project/data/raw/detection_dataset/train/UAV_IQ/IQ_Data/20260202_144327_beam5.mat,1,0.9531508,66,53,67,52,True,0.7342736,0.17090626
20260202_144335_beam1,20260202_144335,1,312.67,2070.0,2.19,/home/tobeornot8259748/projects/balloon_radar_project/data/raw/detection_dataset/train/UAV_IQ/IQ_Data/20260202_144335_beam1.mat,1,0.9789513,68,51,68,52,True,0.75046563,0.22004333
20260202_144335_beam2,20260202_144335,2,311.65,2070.0,2.38,/home/tobeornot8259748/projects/balloon_radar_project/data/raw/detection_dataset/train/UAV_IQ/IQ_Data/20260202_144335_beam2.mat,1,0.96021324,69,52,68,51,True,0.7458759,0.3857688
20260202_144335_beam3,20260202_144335,3,311.65,2070.0,2.19,/home/tobeornot8259748/projects/balloon_radar_project/data/raw/detection_dataset/train/UAV_IQ/IQ_Data/20260202_144335_beam3.mat,1,0.9615042,69,52,68,52,True,0.7411286,0.3554538
20260202_144335_beam4,20260202_144335,4,311.65,2070.0,2.19,/home/tobeornot8259748/projects/balloon_radar_project/data/raw/detection_dataset/train/UAV_IQ/IQ_Data/20260202_144335_beam4.mat,1,0.9764955,69,52,68,52,True,0.7414851,0.28187376
20260202_144335_beam5,20260202_144335,5,311.65,2070.0,2.19,/home/tobeornot8259748/projects/balloon_radar_project/data/raw/detection_dataset/train/UAV_IQ/IQ_Data/20260202_144335_beam5.mat,1,0.98806083,69,51,68,52,True,0.7594726,0.16146627
20260202_144344_beam1,20260202_144344,1,311.44,2070.0,2.01,/home/tobeornot8259748/projects/balloon_radar_project/data/raw/detection_dataset/train/UAV_IQ/IQ_Data/20260202_144344_beam1.mat,1,0.9821868,68,52,68,53,True,0.719047,0.14734219
20260202_144344_beam2,20260202_144344,2,311.44,2100.0,2.01,/home/tobeornot8259748/projects/balloon_radar_project/data/raw/detection_dataset/train/UAV_IQ/IQ_Data/20260202_144344_beam2.mat,1,0.9841649,68,52,69,53,True,0.7227549,0.26351473
20260202_144344_beam3,20260202_144344,3,311.44,2100.0,2.19,/home/tobeornot8259748/projects/balloon_radar_project/data/raw/detection_dataset/train/UAV_IQ/IQ_Data/20260202_144344_beam3.mat,1,0.9783391,70,52,69,52,True,0.7332138,0.24644516
20260202_144344_beam4,20260202_144344,4,311.44,2070.0,2.19,/home/tobeornot8259748/projects/balloon_radar_project/data/raw/detection_dataset/train/UAV_IQ/IQ_Data/20260202_144344_beam4.mat,1,0.9841756,70,52,68,52,True,0.7199093,0.1578588
20260202_144344_beam5,20260202_144344,5,312.43,2100.0,2.01,/home/tobeornot8259748/projects/balloon_radar_project/data/raw/detection_dataset/train/UAV_IQ/IQ_Data/20260202_144344_beam5.mat,1,0.97296673,68,52,69,53,True,0.7406643,0.07403742
20260202_144352_beam1,20260202_144352,1,312.52,2100.0,-2.92,/home/tobeornot8259748/projects/balloon_radar_project/data/raw/detection_dataset/train/UAV_IQ/IQ_Data/20260202_144352_beam1.mat,1,0.96812034,70,79,69,80,True,0.72191024,0.105111845
20260202_144352_beam2,20260202_144352,2,312.52,2100.0,-2.74,/home/tobeornot8259748/projects/balloon_radar_project/data/raw/detection_dataset/train/UAV_IQ/IQ_Data/20260202_144352_beam2.mat,1,0.98102474,68,79,69,79,True,0.7267529,0.16214235
20260202_144352_beam3,20260202_144352,3,312.52,2100.0,-2.92,/home/tobeornot8259748/projects/balloon_radar_project/data/raw/detection_dataset/train/UAV_IQ/IQ_Data/20260202_144352_beam3.mat,1,0.9797934,68,79,69,80,True,0.7234055,0.15072645
20260202_144352_beam4,20260202_144352,4,312.52,2070.0,-2.92,/home/tobeornot8259748/projects/balloon_radar_project/data/raw/detection_dataset/train/UAV_IQ/IQ_Data/20260202_144352_beam4.mat,1,0.96193445,70,79,68,80,True,0.7066058,0.09829544
20260202_144352_beam5,20260202_144352,5,312.52,2100.0,-2.92,/home/tobeornot8259748/projects/balloon_radar_project/data/raw/detection_dataset/train/UAV_IQ/IQ_Data/20260202_144352_beam5.mat,1,0.60034317,52,66,69,80,False,0.7446261,0.12093719
20260202_144417_beam1,20260202_144417,1,311.29,2040.0,-3.29,/home/tobeornot8259748/projects/balloon_radar_project/data/raw/detection_dataset/train/UAV_IQ/IQ_Data/20260202_144417_beam1.mat,1,0.9664226,67,82,67,82,True,0.7174331,0.11629118
20260202_144417_beam2,20260202_144417,2,311.29,2010.0,-3.47,/home/tobeornot8259748/projects/balloon_radar_project/data/raw/detection_dataset/train/UAV_IQ/IQ_Data/20260202_144417_beam2.mat,1,0.9820056,66,82,66,83,True,0.75289714,0.24284166
20260202_144417_beam3,20260202_144417,3,311.29,2040.0,-3.47,/home/tobeornot8259748/projects/balloon_radar_project/data/raw/detection_dataset/train/UAV_IQ/IQ_Data/20260202_144417_beam3.mat,1,0.97865295,67,82,67,83,True,0.74165183,0.2624538
20260202_144417_beam4,20260202_144417,4,311.29,2010.0,-3.29,/home/tobeornot8259748/projects/balloon_radar_project/data/raw/detection_dataset/train/UAV_IQ/IQ_Data/20260202_144417_beam4.mat,1,0.96979105,67,82,66,82,True,0.7315059,0.19000895
20260202_144417_beam5,20260202_144417,5,312.29,2010.0,-3.29,/home/tobeornot8259748/projects/balloon_radar_project/data/raw/detection_dataset/train/UAV_IQ/IQ_Data/20260202_144417_beam5.mat,1,0.9191321,65,83,66,82,True,0.7429962,0.086333394
20260202_144841_beam1,20260202_144841,1,311.27,2160.0,5.3,/home/tobeornot8259748/projects/balloon_radar_project/data/raw/detection_dataset/test/UAV_IQ/IQ_Data/20260202_144841_beam1.mat,1,0.9815077,70,35,71,35,True,0.69400436,0.1544845
20260202_144841_beam2,20260202_144841,2,310.26,2160.0,5.12,/home/tobeornot8259748/projects/balloon_radar_project/data/raw/detection_dataset/test/UAV_IQ/IQ_Data/20260202_144841_beam2.mat,1,0.9783343,70,35,71,36,True,0.69268876,0.20904496
20260202_144841_beam3,20260202_144841,3,310.26,2130.0,5.3,/home/tobeornot8259748/projects/balloon_radar_project/data/raw/detection_dataset/test/UAV_IQ/IQ_Data/20260202_144841_beam3.mat,1,0.9815166,70,35,70,35,True,0.69444346,0.19095473
20260202_144841_beam4,20260202_144841,4,310.26,2130.0,5.12,/home/tobeornot8259748/projects/balloon_radar_project/data/raw/detection_dataset/test/UAV_IQ/IQ_Data/20260202_144841_beam4.mat,1,0.96824783,71,35,70,36,True,0.678322,0.0946747
20260202_144849_beam1,20260202_144849,1,310.6,2190.0,5.12,/home/tobeornot8259748/projects/balloon_radar_project/data/raw/detection_dataset/train/UAV_IQ/IQ_Data/20260202_144849_beam1.mat,1,0.7582731,75,37,72,36,False,0.67933285,0.072840996
20260202_144849_beam2,20260202_144849,2,310.6,2190.0,5.12,/home/tobeornot8259748/projects/balloon_radar_project/data/raw/detection_dataset/train/UAV_IQ/IQ_Data/20260202_144849_beam2.mat,1,0.87269,69,36,72,36,False,0.6838608,0.12116929
20260202_144849_beam3,20260202_144849,3,310.6,2190.0,5.12,/home/tobeornot8259748/projects/balloon_radar_project/data/raw/detection_dataset/train/UAV_IQ/IQ_Data/20260202_144849_beam3.mat,1,0.7853834,70,38,72,36,True,0.69640356,0.10877692
20260202_144849_beam4,20260202_144849,4,310.6,2220.0,5.12,/home/tobeornot8259748/projects/balloon_radar_project/data/raw/detection_dataset/train/UAV_IQ/IQ_Data/20260202_144849_beam4.mat,1,0.41020715,42,73,73,36,False,0.6807369,0.058003843
20260202_144857_beam1,20260202_144857,1,310.39,2220.0,-3.11,/home/tobeornot8259748/projects/balloon_radar_project/data/raw/detection_dataset/test/UAV_IQ/IQ_Data/20260202_144857_beam1.mat,1,0.8918476,74,81,73,81,True,0.7025122,0.07510283
20260202_144857_beam2,20260202_144857,2,310.39,2190.0,-3.11,/home/tobeornot8259748/projects/balloon_radar_project/data/raw/detection_dataset/test/UAV_IQ/IQ_Data/20260202_144857_beam2.mat,1,0.91473305,74,81,72,81,True,0.7159271,0.121033005
20260202_144857_beam3,20260202_144857,3,310.39,2220.0,-3.11,/home/tobeornot8259748/projects/balloon_radar_project/data/raw/detection_dataset/test/UAV_IQ/IQ_Data/20260202_144857_beam3.mat,1,0.8777852,74,81,73,81,True,0.7085566,0.102138415
20260202_144857_beam4,20260202_144857,4,310.39,2190.0,-3.11,/home/tobeornot8259748/projects/balloon_radar_project/data/raw/detection_dataset/test/UAV_IQ/IQ_Data/20260202_144857_beam4.mat,1,0.59668285,77,67,72,81,False,0.7065839,0.11458202
20260202_144906_beam1,20260202_144906,1,310.47,2130.0,-5.66,/home/tobeornot8259748/projects/balloon_radar_project/data/raw/detection_dataset/val/UAV_IQ/IQ_Data/20260202_144906_beam1.mat,1,0.93518806,69,93,70,95,True,0.6907996,0.06844206
20260202_144906_beam2,20260202_144906,2,310.47,2130.0,-5.66,/home/tobeornot8259748/projects/balloon_radar_project/data/raw/detection_dataset/val/UAV_IQ/IQ_Data/20260202_144906_beam2.mat,1,0.97466224,71,94,70,95,True,0.72505987,0.13650568
20260202_144906_beam3,20260202_144906,3,310.47,2130.0,-5.66,/home/tobeornot8259748/projects/balloon_radar_project/data/raw/detection_dataset/val/UAV_IQ/IQ_Data/20260202_144906_beam3.mat,1,0.96628386,72,94,70,95,True,0.7081718,0.105900206
20260202_144906_beam4,20260202_144906,4,310.47,2130.0,-5.66,/home/tobeornot8259748/projects/balloon_radar_project/data/raw/detection_dataset/val/UAV_IQ/IQ_Data/20260202_144906_beam4.mat,1,0.63972944,74,95,70,95,False,0.66899425,0.035043616
20260202_144914_beam1,20260202_144914,1,310.21,2130.0,-5.85,/home/tobeornot8259748/projects/balloon_radar_project/data/raw/detection_dataset/train/UAV_IQ/IQ_Data/20260202_144914_beam1.mat,1,0.6422422,41,70,70,96,False,0.73934865,0.32274565
20260202_144914_beam2,20260202_144914,2,310.21,2100.0,-5.85,/home/tobeornot8259748/projects/balloon_radar_project/data/raw/detection_dataset/train/UAV_IQ/IQ_Data/20260202_144914_beam2.mat,1,0.67196256,67,97,69,96,True,0.6421701,0.08083179
20260202_144914_beam3,20260202_144914,3,310.21,2100.0,-5.85,/home/tobeornot8259748/projects/balloon_radar_project/data/raw/detection_dataset/train/UAV_IQ/IQ_Data/20260202_144914_beam3.mat,1,0.70805323,66,95,69,96,False,0.6397988,0.06732527
20260202_144914_beam4,20260202_144914,4,311.19,2130.0,-5.85,/home/tobeornot8259748/projects/balloon_radar_project/data/raw/detection_dataset/train/UAV_IQ/IQ_Data/20260202_144914_beam4.mat,1,0.521773,41,71,70,96,False,0.6935799,0.16629037
20260202_144922_beam1,20260202_144922,1,311.42,2040.0,-4.75,/home/tobeornot8259748/projects/balloon_radar_project/data/raw/detection_dataset/train/UAV_IQ/IQ_Data/20260202_144922_beam1.mat,1,0.976866,67,89,67,90,True,0.72457045,0.13920863
20260202_144922_beam2,20260202_144922,2,310.42,2070.0,-4.57,/home/tobeornot8259748/projects/balloon_radar_project/data/raw/detection_dataset/train/UAV_IQ/IQ_Data/20260202_144922_beam2.mat,1,0.97341883,68,90,68,89,True,0.7431157,0.35654807
20260202_144922_beam3,20260202_144922,3,310.42,2070.0,-4.75,/home/tobeornot8259748/projects/balloon_radar_project/data/raw/detection_dataset/train/UAV_IQ/IQ_Data/20260202_144922_beam3.mat,1,0.9726088,68,90,68,90,True,0.7394945,0.34058693
20260202_144922_beam4,20260202_144922,4,310.42,2070.0,-4.75,/home/tobeornot8259748/projects/balloon_radar_project/data/raw/detection_dataset/train/UAV_IQ/IQ_Data/20260202_144922_beam4.mat,1,0.9835271,68,89,68,90,True,0.73725265,0.23963921
20260202_144922_beam5,20260202_144922,5,310.42,2070.0,-4.57,/home/tobeornot8259748/projects/balloon_radar_project/data/raw/detection_dataset/train/UAV_IQ/IQ_Data/20260202_144922_beam5.mat,1,0.9798029,69,89,68,89,True,0.75655925,0.11789299
20260202_144931_beam1,20260202_144931,1,311.92,2040.0,-4.75,/home/tobeornot8259748/projects/balloon_radar_project/data/raw/detection_dataset/val/UAV_IQ/IQ_Data/20260202_144931_beam1.mat,1,0.6847053,69,90,67,90,True,0.6853186,0.06288243
20260202_144931_beam2,20260202_144931,2,311.92,2040.0,-4.75,/home/tobeornot8259748/projects/balloon_radar_project/data/raw/detection_dataset/val/UAV_IQ/IQ_Data/20260202_144931_beam2.mat,1,0.94880843,68,89,67,90,True,0.7327271,0.16384505
20260202_144931_beam3,20260202_144931,3,310.94,2010.0,-4.75,/home/tobeornot8259748/projects/balloon_radar_project/data/raw/detection_dataset/val/UAV_IQ/IQ_Data/20260202_144931_beam3.mat,1,0.9218059,68,89,66,90,True,0.7136279,0.13701549
20260202_144931_beam4,20260202_144931,4,311.92,2040.0,-4.75,/home/tobeornot8259748/projects/balloon_radar_project/data/raw/detection_dataset/val/UAV_IQ/IQ_Data/20260202_144931_beam4.mat,1,0.95505553,68,89,67,90,True,0.7173751,0.11507199
20260202_144939_beam1,20260202_144939,1,311.75,2010.0,3.11,/home/tobeornot8259748/projects/balloon_radar_project/data/raw/detection_dataset/train/UAV_IQ/IQ_Data/20260202_144939_beam1.mat,1,0.9800593,64,47,66,47,True,0.7275959,0.15605737
20260202_144939_beam2,20260202_144939,2,311.75,2010.0,3.11,/home/tobeornot8259748/projects/balloon_radar_project/data/raw/detection_dataset/train/UAV_IQ/IQ_Data/20260202_144939_beam2.mat,1,0.98037994,64,48,66,47,True,0.72212976,0.2660416
20260202_144939_beam3,20260202_144939,3,311.75,2010.0,3.11,/home/tobeornot8259748/projects/balloon_radar_project/data/raw/detection_dataset/train/UAV_IQ/IQ_Data/20260202_144939_beam3.mat,1,0.97413945,64,47,66,47,True,0.7235846,0.27363002
20260202_144939_beam4,20260202_144939,4,311.75,1980.0,3.11,/home/tobeornot8259748/projects/balloon_radar_project/data/raw/detection_dataset/train/UAV_IQ/IQ_Data/20260202_144939_beam4.mat,1,0.9800827,64,47,65,47,True,0.7232955,0.22718151
20260202_144939_beam5,20260202_144939,5,311.75,1980.0,3.11,/home/tobeornot8259748/projects/balloon_radar_project/data/raw/detection_dataset/train/UAV_IQ/IQ_Data/20260202_144939_beam5.mat,1,0.9824692,64,47,65,47,True,0.74226856,0.13134682
20260202_144947_beam1,20260202_144947,1,311.78,2040.0,5.85,/home/tobeornot8259748/projects/balloon_radar_project/data/raw/detection_dataset/train/UAV_IQ/IQ_Data/20260202_144947_beam1.mat,1,0.97663724,68,32,67,32,True,0.73090965,0.19084446
20260202_144947_beam2,20260202_144947,2,310.77,2010.0,5.85,/home/tobeornot8259748/projects/balloon_radar_project/data/raw/detection_dataset/train/UAV_IQ/IQ_Data/20260202_144947_beam2.mat,1,0.9677908,67,32,66,32,True,0.7354333,0.2616527
20260202_144947_beam3,20260202_144947,3,311.78,2040.0,5.85,/home/tobeornot8259748/projects/balloon_radar_project/data/raw/detection_dataset/train/UAV_IQ/IQ_Data/20260202_144947_beam3.mat,1,0.95072544,65,32,67,32,True,0.7279534,0.33722672
20260202_144947_beam4,20260202_144947,4,311.78,2040.0,5.85,/home/tobeornot8259748/projects/balloon_radar_project/data/raw/detection_dataset/train/UAV_IQ/IQ_Data/20260202_144947_beam4.mat,1,0.96791047,67,32,67,32,True,0.7370748,0.27352467
20260202_144947_beam5,20260202_144947,5,311.78,2010.0,5.85,/home/tobeornot8259748/projects/balloon_radar_project/data/raw/detection_dataset/train/UAV_IQ/IQ_Data/20260202_144947_beam5.mat,1,0.97979546,67,32,66,32,True,0.7567539,0.15604016
20260202_144955_beam1,20260202_144955,1,312.18,2070.0,5.85,/home/tobeornot8259748/projects/balloon_radar_project/data/raw/detection_dataset/train/UAV_IQ/IQ_Data/20260202_144955_beam1.mat,1,0.98131233,68,31,68,32,True,0.721565,0.18051201
20260202_144955_beam2,20260202_144955,2,312.18,2070.0,6.03,/home/tobeornot8259748/projects/balloon_radar_project/data/raw/detection_dataset/train/UAV_IQ/IQ_Data/20260202_144955_beam2.mat,1,0.96588904,67,31,68,31,True,0.71382934,0.25097397
20260202_144955_beam3,20260202_144955,3,311.2,2070.0,5.85,/home/tobeornot8259748/projects/balloon_radar_project/data/raw/detection_dataset/train/UAV_IQ/IQ_Data/20260202_144955_beam3.mat,1,0.9602449,67,32,68,32,True,0.72174764,0.27955204
20260202_144955_beam4,20260202_144955,4,311.2,2070.0,5.85,/home/tobeornot8259748/projects/balloon_radar_project/data/raw/detection_dataset/train/UAV_IQ/IQ_Data/20260202_144955_beam4.mat,1,0.9814672,68,31,68,32,True,0.7266635,0.21223123
20260202_144955_beam5,20260202_144955,5,312.18,2100.0,5.85,/home/tobeornot8259748/projects/balloon_radar_project/data/raw/detection_dataset/train/UAV_IQ/IQ_Data/20260202_144955_beam5.mat,1,0.96829325,70,31,69,32,True,0.7263491,0.08868434
20260202_145004_beam1,20260202_145004,1,312.92,2130.0,5.3,/home/tobeornot8259748/projects/balloon_radar_project/data/raw/detection_dataset/val/UAV_IQ/IQ_Data/20260202_145004_beam1.mat,1,0.9722669,71,35,70,35,True,0.73393166,0.1617796
20260202_145004_beam2,20260202_145004,2,311.9,2130.0,5.3,/home/tobeornot8259748/projects/balloon_radar_project/data/raw/detection_dataset/val/UAV_IQ/IQ_Data/20260202_145004_beam2.mat,1,0.9603239,70,36,70,35,True,0.7612852,0.34607148
20260202_145004_beam3,20260202_145004,3,311.9,2130.0,5.3,/home/tobeornot8259748/projects/balloon_radar_project/data/raw/detection_dataset/val/UAV_IQ/IQ_Data/20260202_145004_beam3.mat,1,0.96224177,70,35,70,35,True,0.75429696,0.30421114
20260202_145004_beam4,20260202_145004,4,312.92,2130.0,5.3,/home/tobeornot8259748/projects/balloon_radar_project/data/raw/detection_dataset/val/UAV_IQ/IQ_Data/20260202_145004_beam4.mat,1,0.9713609,71,35,70,35,True,0.7249533,0.13077284
20260202_145012_beam1,20260202_145012,1,311.05,2190.0,5.12,/home/tobeornot8259748/projects/balloon_radar_project/data/raw/detection_dataset/train/UAV_IQ/IQ_Data/20260202_145012_beam1.mat,1,0.9736381,72,36,72,36,True,0.70602185,0.0927928
20260202_145012_beam2,20260202_145012,2,311.05,2160.0,5.12,/home/tobeornot8259748/projects/balloon_radar_project/data/raw/detection_dataset/train/UAV_IQ/IQ_Data/20260202_145012_beam2.mat,1,0.9857662,72,36,71,36,True,0.7170963,0.14645255
20260202_145012_beam3,20260202_145012,3,311.05,2160.0,5.12,/home/tobeornot8259748/projects/balloon_radar_project/data/raw/detection_dataset/train/UAV_IQ/IQ_Data/20260202_145012_beam3.mat,1,0.9831429,71,36,71,36,True,0.7063645,0.11782009
20260202_145012_beam4,20260202_145012,4,311.05,2160.0,5.12,/home/tobeornot8259748/projects/balloon_radar_project/data/raw/detection_dataset/train/UAV_IQ/IQ_Data/20260202_145012_beam4.mat,1,0.90008426,73,36,71,36,True,0.6845222,0.05141219
20260202_145020_beam1,20260202_145020,1,311.05,2220.0,2.56,/home/tobeornot8259748/projects/balloon_radar_project/data/raw/detection_dataset/train/UAV_IQ/IQ_Data/20260202_145020_beam1.mat,1,0.9635319,73,50,73,50,True,0.7367442,0.18632405
20260202_145020_beam2,20260202_145020,2,311.05,2220.0,2.56,/home/tobeornot8259748/projects/balloon_radar_project/data/raw/detection_dataset/train/UAV_IQ/IQ_Data/20260202_145020_beam2.mat,1,0.9663907,71,50,73,50,True,0.7216526,0.2625997
20260202_145020_beam3,20260202_145020,3,311.05,2220.0,2.56,/home/tobeornot8259748/projects/balloon_radar_project/data/raw/detection_dataset/train/UAV_IQ/IQ_Data/20260202_145020_beam3.mat,1,0.97054803,73,50,73,50,True,0.7290554,0.22442174
20260202_145020_beam4,20260202_145020,4,311.05,2190.0,2.56,/home/tobeornot8259748/projects/balloon_radar_project/data/raw/detection_dataset/train/UAV_IQ/IQ_Data/20260202_145020_beam4.mat,1,0.94130963,73,50,72,50,True,0.70249975,0.11845317
20260202_145028_beam1,20260202_145028,1,309.67,2250.0,2.56,/home/tobeornot8259748/projects/balloon_radar_project/data/raw/detection_dataset/train/UAV_IQ/IQ_Data/20260202_145028_beam1.mat,1,0.7239156,75,50,74,50,True,0.6809942,0.054017484
20260202_145028_beam2,20260202_145028,2,309.67,2220.0,2.56,/home/tobeornot8259748/projects/balloon_radar_project/data/raw/detection_dataset/train/UAV_IQ/IQ_Data/20260202_145028_beam2.mat,1,0.8873307,71,50,73,50,True,0.6962893,0.08899544
20260202_145028_beam3,20260202_145028,3,309.67,2250.0,2.56,/home/tobeornot8259748/projects/balloon_radar_project/data/raw/detection_dataset/train/UAV_IQ/IQ_Data/20260202_145028_beam3.mat,1,0.8190721,75,49,74,50,True,0.69497555,0.067774534
20260202_145037_beam1,20260202_145037,1,311.33,2250.0,2.74,/home/tobeornot8259748/projects/balloon_radar_project/data/raw/detection_dataset/train/UAV_IQ/IQ_Data/20260202_145037_beam1.mat,1,0.8534698,76,48,74,49,True,0.69609165,0.0883654
20260202_145037_beam2,20260202_145037,2,310.34,2220.0,2.74,/home/tobeornot8259748/projects/balloon_radar_project/data/raw/detection_dataset/train/UAV_IQ/IQ_Data/20260202_145037_beam2.mat,1,0.87220705,76,47,73,49,False,0.69037,0.12285976
20260202_145037_beam3,20260202_145037,3,311.33,2220.0,2.74,/home/tobeornot8259748/projects/balloon_radar_project/data/raw/detection_dataset/train/UAV_IQ/IQ_Data/20260202_145037_beam3.mat,1,0.8881584,76,48,73,49,False,0.7030705,0.10059246
20260202_145045_beam1,20260202_145045,1,311.26,2220.0,-3.84,/home/tobeornot8259748/projects/balloon_radar_project/data/raw/detection_dataset/train/UAV_IQ/IQ_Data/20260202_145045_beam1.mat,1,0.8311445,72,85,73,85,True,0.69414514,0.07467641
20260202_145045_beam2,20260202_145045,2,310.24,2250.0,-4.02,/home/tobeornot8259748/projects/balloon_radar_project/data/raw/detection_dataset/train/UAV_IQ/IQ_Data/20260202_145045_beam2.mat,1,0.9747916,74,85,74,86,True,0.7328725,0.16366532
20260202_145045_beam3,20260202_145045,3,311.26,2250.0,-3.84,/home/tobeornot8259748/projects/balloon_radar_project/data/raw/detection_dataset/train/UAV_IQ/IQ_Data/20260202_145045_beam3.mat,1,0.9037229,75,84,74,85,True,0.6979515,0.073439
20260202_145045_beam4,20260202_145045,4,311.26,2250.0,-4.02,/home/tobeornot8259748/projects/balloon_radar_project/data/raw/detection_dataset/train/UAV_IQ/IQ_Data/20260202_145045_beam4.mat,1,0.33990797,79,88,74,86,False,0.60315734,0.010423419
20260202_145053_beam1,20260202_145053,1,310.74,2220.0,-3.65,/home/tobeornot8259748/projects/balloon_radar_project/data/raw/detection_dataset/train/UAV_IQ/IQ_Data/20260202_145053_beam1.mat,1,0.9589187,74,83,73,84,True,0.7005102,0.14944896
20260202_145053_beam2,20260202_145053,2,310.74,2220.0,-3.65,/home/tobeornot8259748/projects/balloon_radar_project/data/raw/detection_dataset/train/UAV_IQ/IQ_Data/20260202_145053_beam2.mat,1,0.96230257,74,83,73,84,True,0.713688,0.21971685
20260202_145053_beam3,20260202_145053,3,310.74,2220.0,-3.47,/home/tobeornot8259748/projects/balloon_radar_project/data/raw/detection_dataset/train/UAV_IQ/IQ_Data/20260202_145053_beam3.mat,1,0.9725303,74,83,73,83,True,0.7272859,0.18191278
20260202_145053_beam4,20260202_145053,4,310.74,2220.0,-3.65,/home/tobeornot8259748/projects/balloon_radar_project/data/raw/detection_dataset/train/UAV_IQ/IQ_Data/20260202_145053_beam4.mat,1,0.8723465,74,83,73,84,True,0.6836062,0.08169256
20260202_145102_beam1,20260202_145102,1,311.84,2160.0,-5.12,/home/tobeornot8259748/projects/balloon_radar_project/data/raw/detection_dataset/train/UAV_IQ/IQ_Data/20260202_145102_beam1.mat,1,0.9842413,71,91,71,92,True,0.74400705,0.19558664
20260202_145102_beam2,20260202_145102,2,311.84,2190.0,-5.12,/home/tobeornot8259748/projects/balloon_radar_project/data/raw/detection_dataset/train/UAV_IQ/IQ_Data/20260202_145102_beam2.mat,1,0.9758691,70,91,72,92,True,0.717085,0.23928486
20260202_145102_beam3,20260202_145102,3,311.84,2190.0,-4.93,/home/tobeornot8259748/projects/balloon_radar_project/data/raw/detection_dataset/train/UAV_IQ/IQ_Data/20260202_145102_beam3.mat,1,0.9807746,70,91,72,91,True,0.7101249,0.19764584
20260202_145102_beam4,20260202_145102,4,311.84,2160.0,-5.12,/home/tobeornot8259748/projects/balloon_radar_project/data/raw/detection_dataset/train/UAV_IQ/IQ_Data/20260202_145102_beam4.mat,1,0.98319674,71,91,71,92,True,0.7136863,0.12689921
20260202_145102_beam5,20260202_145102,5,311.84,2190.0,-4.93,/home/tobeornot8259748/projects/balloon_radar_project/data/raw/detection_dataset/train/UAV_IQ/IQ_Data/20260202_145102_beam5.mat,1,0.76883745,74,90,72,91,True,0.70579165,0.039043996
20260202_145110_beam1,20260202_145110,1,312.15,2130.0,-5.3,/home/tobeornot8259748/projects/balloon_radar_project/data/raw/detection_dataset/train/UAV_IQ/IQ_Data/20260202_145110_beam1.mat,1,0.9536472,68,93,70,93,True,0.69769585,0.12455288
20260202_145110_beam2,20260202_145110,2,311.13,2130.0,-5.3,/home/tobeornot8259748/projects/balloon_radar_project/data/raw/detection_dataset/train/UAV_IQ/IQ_Data/20260202_145110_beam2.mat,1,0.898928,68,93,70,93,True,0.7061296,0.13448712
20260202_145110_beam3,20260202_145110,3,312.15,2130.0,-5.3,/home/tobeornot8259748/projects/balloon_radar_project/data/raw/detection_dataset/train/UAV_IQ/IQ_Data/20260202_145110_beam3.mat,1,0.9474905,72,92,70,93,True,0.704459,0.1741825
20260202_145110_beam4,20260202_145110,4,312.15,2130.0,-5.3,/home/tobeornot8259748/projects/balloon_radar_project/data/raw/detection_dataset/train/UAV_IQ/IQ_Data/20260202_145110_beam4.mat,1,0.9284406,72,92,70,93,True,0.69630045,0.10067805
20260202_145118_beam1,20260202_145118,1,311.7,2070.0,-4.93,/home/tobeornot8259748/projects/balloon_radar_project/data/raw/detection_dataset/train/UAV_IQ/IQ_Data/20260202_145118_beam1.mat,1,0.92956454,67,92,68,91,True,0.7181442,0.1529626
20260202_145118_beam2,20260202_145118,2,311.7,2070.0,-4.93,/home/tobeornot8259748/projects/balloon_radar_project/data/raw/detection_dataset/train/UAV_IQ/IQ_Data/20260202_145118_beam2.mat,1,0.94506836,67,92,68,91,True,0.7205666,0.22544947
20260202_145118_beam3,20260202_145118,3,311.7,2100.0,-4.93,/home/tobeornot8259748/projects/balloon_radar_project/data/raw/detection_dataset/train/UAV_IQ/IQ_Data/20260202_145118_beam3.mat,1,0.9394823,67,92,69,91,True,0.71475375,0.20780128
20260202_145118_beam4,20260202_145118,4,310.71,2100.0,-4.93,/home/tobeornot8259748/projects/balloon_radar_project/data/raw/detection_dataset/train/UAV_IQ/IQ_Data/20260202_145118_beam4.mat,1,0.92891407,67,92,69,91,True,0.71367854,0.12726453
20260202_145126_beam1,20260202_145126,1,311.28,2040.0,-4.75,/home/tobeornot8259748/projects/balloon_radar_project/data/raw/detection_dataset/train/UAV_IQ/IQ_Data/20260202_145126_beam1.mat,1,0.8770834,66,91,67,90,True,0.703777,0.153197
20260202_145126_beam2,20260202_145126,2,311.28,2070.0,-4.75,/home/tobeornot8259748/projects/balloon_radar_project/data/raw/detection_dataset/train/UAV_IQ/IQ_Data/20260202_145126_beam2.mat,1,0.93242735,66,91,68,90,True,0.71486866,0.2825963
20260202_145126_beam3,20260202_145126,3,311.28,2040.0,-4.75,/home/tobeornot8259748/projects/balloon_radar_project/data/raw/detection_dataset/train/UAV_IQ/IQ_Data/20260202_145126_beam3.mat,1,0.94727844,66,91,67,90,True,0.7161534,0.28049314
20260202_145126_beam4,20260202_145126,4,311.28,2070.0,-4.75,/home/tobeornot8259748/projects/balloon_radar_project/data/raw/detection_dataset/train/UAV_IQ/IQ_Data/20260202_145126_beam4.mat,1,0.9355957,66,91,68,90,True,0.7125082,0.196892
20260202_145126_beam5,20260202_145126,5,312.27,2070.0,-4.75,/home/tobeornot8259748/projects/balloon_radar_project/data/raw/detection_dataset/train/UAV_IQ/IQ_Data/20260202_145126_beam5.mat,1,0.91959953,69,89,68,90,True,0.74962336,0.09112582
20260202_145135_beam1,20260202_145135,1,311.56,2070.0,4.57,/home/tobeornot8259748/projects/balloon_radar_project/data/raw/detection_dataset/train/UAV_IQ/IQ_Data/20260202_145135_beam1.mat,1,0.9364709,69,38,68,39,True,0.6922996,0.19274712
20260202_145135_beam2,20260202_145135,2,311.56,2040.0,4.57,/home/tobeornot8259748/projects/balloon_radar_project/data/raw/detection_dataset/train/UAV_IQ/IQ_Data/20260202_145135_beam2.mat,1,0.9423594,69,38,67,39,True,0.70449495,0.2830233
20260202_145135_beam3,20260202_145135,3,311.56,2070.0,4.57,/home/tobeornot8259748/projects/balloon_radar_project/data/raw/detection_dataset/train/UAV_IQ/IQ_Data/20260202_145135_beam3.mat,1,0.9298394,65,39,68,39,False,0.70309895,0.24842152
20260202_145135_beam4,20260202_145135,4,310.57,2070.0,4.39,/home/tobeornot8259748/projects/balloon_radar_project/data/raw/detection_dataset/train/UAV_IQ/IQ_Data/20260202_145135_beam4.mat,1,0.95842826,66,39,68,40,True,0.7176695,0.27805588
20260202_145135_beam5,20260202_145135,5,310.57,2070.0,4.57,/home/tobeornot8259748/projects/balloon_radar_project/data/raw/detection_dataset/train/UAV_IQ/IQ_Data/20260202_145135_beam5.mat,1,0.9651882,66,40,68,39,True,0.74465203,0.15573432
20260202_145143_beam1,20260202_145143,1,312.12,2070.0,5.85,/home/tobeornot8259748/projects/balloon_radar_project/data/raw/detection_dataset/train/UAV_IQ/IQ_Data/20260202_145143_beam1.mat,1,0.9501984,67,32,68,32,True,0.71549565,0.28487304
20260202_145143_beam2,20260202_145143,2,311.13,2070.0,5.85,/home/tobeornot8259748/projects/balloon_radar_project/data/raw/detection_dataset/train/UAV_IQ/IQ_Data/20260202_145143_beam2.mat,1,0.8716607,67,29,68,32,True,0.7136225,0.35641426
20260202_145143_beam3,20260202_145143,3,311.13,2100.0,5.85,/home/tobeornot8259748/projects/balloon_radar_project/data/raw/detection_dataset/train/UAV_IQ/IQ_Data/20260202_145143_beam3.mat,1,0.8751148,67,29,69,32,True,0.7147228,0.34312895
20260202_145143_beam4,20260202_145143,4,312.12,2070.0,5.85,/home/tobeornot8259748/projects/balloon_radar_project/data/raw/detection_dataset/train/UAV_IQ/IQ_Data/20260202_145143_beam4.mat,1,0.9480013,67,32,68,32,True,0.71694034,0.26887462
20260202_145143_beam5,20260202_145143,5,311.13,2100.0,5.85,/home/tobeornot8259748/projects/balloon_radar_project/data/raw/detection_dataset/train/UAV_IQ/IQ_Data/20260202_145143_beam5.mat,1,0.9433236,71,31,69,32,True,0.73378193,0.13439003
20260202_145151_beam1,20260202_145151,1,310.86,2130.0,5.66,/home/tobeornot8259748/projects/balloon_radar_project/data/raw/detection_dataset/train/UAV_IQ/IQ_Data/20260202_145151_beam1.mat,1,0.9578733,69,33,70,33,True,0.7018553,0.25206333
20260202_145151_beam2,20260202_145151,2,310.86,2160.0,5.66,/home/tobeornot8259748/projects/balloon_radar_project/data/raw/detection_dataset/train/UAV_IQ/IQ_Data/20260202_145151_beam2.mat,1,0.9446847,69,33,71,33,True,0.70271987,0.35589433
20260202_145151_beam3,20260202_145151,3,310.86,2130.0,5.66,/home/tobeornot8259748/projects/balloon_radar_project/data/raw/detection_dataset/train/UAV_IQ/IQ_Data/20260202_145151_beam3.mat,1,0.9272995,68,33,70,33,True,0.7026462,0.26743957
20260202_145151_beam4,20260202_145151,4,310.86,2130.0,5.66,/home/tobeornot8259748/projects/balloon_radar_project/data/raw/detection_dataset/train/UAV_IQ/IQ_Data/20260202_145151_beam4.mat,1,0.9631574,69,33,70,33,True,0.7069271,0.19637094
20260202_145151_beam5,20260202_145151,5,310.86,2160.0,5.66,/home/tobeornot8259748/projects/balloon_radar_project/data/raw/detection_dataset/train/UAV_IQ/IQ_Data/20260202_145151_beam5.mat,1,0.9407625,69,33,71,33,True,0.7398947,0.09221324
20260202_145208_beam1,20260202_145208,1,311.45,2160.0,-4.02,/home/tobeornot8259748/projects/balloon_radar_project/data/raw/detection_dataset/val/UAV_IQ/IQ_Data/20260202_145208_beam1.mat,1,0.95871353,70,85,71,86,True,0.7325282,0.16891539
20260202_145208_beam2,20260202_145208,2,311.45,2160.0,-3.84,/home/tobeornot8259748/projects/balloon_radar_project/data/raw/detection_dataset/val/UAV_IQ/IQ_Data/20260202_145208_beam2.mat,1,0.96390015,71,84,71,85,True,0.7380185,0.22874995
20260202_145208_beam3,20260202_145208,3,311.45,2160.0,-3.84,/home/tobeornot8259748/projects/balloon_radar_project/data/raw/detection_dataset/val/UAV_IQ/IQ_Data/20260202_145208_beam3.mat,1,0.9618308,71,84,71,85,True,0.7272817,0.19021113
20260202_145208_beam4,20260202_145208,4,311.45,2160.0,-3.84,/home/tobeornot8259748/projects/balloon_radar_project/data/raw/detection_dataset/val/UAV_IQ/IQ_Data/20260202_145208_beam4.mat,1,0.92261,70,86,71,85,True,0.7096953,0.1086462
20260202_145216_beam1,20260202_145216,1,311.64,2130.0,-2.19,/home/tobeornot8259748/projects/balloon_radar_project/data/raw/detection_dataset/train/UAV_IQ/IQ_Data/20260202_145216_beam1.mat,1,0.9139986,68,76,70,76,True,0.72557193,0.23839495
20260202_145216_beam2,20260202_145216,2,312.66,2130.0,-2.74,/home/tobeornot8259748/projects/balloon_radar_project/data/raw/detection_dataset/train/UAV_IQ/IQ_Data/20260202_145216_beam2.mat,1,0.6823641,67,75,70,79,False,0.7168618,0.23402739
20260202_145216_beam3,20260202_145216,3,311.64,2130.0,-2.38,/home/tobeornot8259748/projects/balloon_radar_project/data/raw/detection_dataset/train/UAV_IQ/IQ_Data/20260202_145216_beam3.mat,1,0.90211016,68,76,70,77,True,0.7483039,0.3044118
20260202_145216_beam4,20260202_145216,4,311.64,2130.0,-2.38,/home/tobeornot8259748/projects/balloon_radar_project/data/raw/detection_dataset/train/UAV_IQ/IQ_Data/20260202_145216_beam4.mat,1,0.92104954,71,77,70,77,True,0.7467028,0.19664055
20260202_145216_beam5,20260202_145216,5,311.64,2100.0,-2.38,/home/tobeornot8259748/projects/balloon_radar_project/data/raw/detection_dataset/train/UAV_IQ/IQ_Data/20260202_145216_beam5.mat,1,0.6112681,73,75,69,77,False,0.6885442,0.058109645
20260202_145713_beam1,20260202_145713,1,311.05,2190.0,-5.85,/home/tobeornot8259748/projects/balloon_radar_project/data/raw/detection_dataset/train/UAV_IQ/IQ_Data/20260202_145713_beam1.mat,1,0.36516783,44,62,72,96,False,0.7432816,0.40045536
20260202_145713_beam2,20260202_145713,2,312.03,2190.0,-5.85,/home/tobeornot8259748/projects/balloon_radar_project/data/raw/detection_dataset/train/UAV_IQ/IQ_Data/20260202_145713_beam2.mat,1,0.8526419,70,97,72,96,True,0.6626728,0.13293445
20260202_145713_beam3,20260202_145713,3,311.05,2190.0,-5.85,/home/tobeornot8259748/projects/balloon_radar_project/data/raw/detection_dataset/train/UAV_IQ/IQ_Data/20260202_145713_beam3.mat,1,0.5796671,69,94,72,96,False,0.64849925,0.057542156
20260202_145713_beam4,20260202_145713,4,312.03,2190.0,-5.85,/home/tobeornot8259748/projects/balloon_radar_project/data/raw/detection_dataset/train/UAV_IQ/IQ_Data/20260202_145713_beam4.mat,1,0.4045937,69,96,72,96,False,0.6676981,0.037994802
20260202_145722_beam1,20260202_145722,1,312.1,2130.0,-5.85,/home/tobeornot8259748/projects/balloon_radar_project/data/raw/detection_dataset/train/UAV_IQ/IQ_Data/20260202_145722_beam1.mat,1,0.8491903,72,95,70,96,True,0.68913186,0.0682036
20260202_145722_beam2,20260202_145722,2,312.1,2130.0,-5.85,/home/tobeornot8259748/projects/balloon_radar_project/data/raw/detection_dataset/train/UAV_IQ/IQ_Data/20260202_145722_beam2.mat,1,0.943256,72,95,70,96,True,0.69830114,0.10686616
20260202_145722_beam3,20260202_145722,3,312.1,2130.0,-5.85,/home/tobeornot8259748/projects/balloon_radar_project/data/raw/detection_dataset/train/UAV_IQ/IQ_Data/20260202_145722_beam3.mat,1,0.92676103,72,95,70,96,True,0.6921334,0.08963666
20260202_145722_beam4,20260202_145722,4,312.1,2160.0,-5.85,/home/tobeornot8259748/projects/balloon_radar_project/data/raw/detection_dataset/train/UAV_IQ/IQ_Data/20260202_145722_beam4.mat,1,0.5173465,68,98,71,96,False,0.67819875,0.04031694
20260202_145730_beam1,20260202_145730,1,311.89,2070.0,-5.85,/home/tobeornot8259748/projects/balloon_radar_project/data/raw/detection_dataset/train/UAV_IQ/IQ_Data/20260202_145730_beam1.mat,1,0.8554011,67,96,68,96,True,0.68040603,0.0697109
20260202_145730_beam2,20260202_145730,2,311.89,2070.0,-5.85,/home/tobeornot8259748/projects/balloon_radar_project/data/raw/detection_dataset/train/UAV_IQ/IQ_Data/20260202_145730_beam2.mat,1,0.9586249,67,96,68,96,True,0.72656757,0.13677362
20260202_145730_beam3,20260202_145730,3,311.89,2070.0,-5.85,/home/tobeornot8259748/projects/balloon_radar_project/data/raw/detection_dataset/train/UAV_IQ/IQ_Data/20260202_145730_beam3.mat,1,0.9576453,67,96,68,96,True,0.72697896,0.12585612
20260202_145730_beam4,20260202_145730,4,311.89,2070.0,-5.85,/home/tobeornot8259748/projects/balloon_radar_project/data/raw/detection_dataset/train/UAV_IQ/IQ_Data/20260202_145730_beam4.mat,1,0.8916349,71,96,68,96,False,0.69480836,0.06446428
20260202_145730_beam5,20260202_145730,5,311.89,2100.0,-5.85,/home/tobeornot8259748/projects/balloon_radar_project/data/raw/detection_dataset/train/UAV_IQ/IQ_Data/20260202_145730_beam5.mat,1,0.825933,27,46,69,96,False,0.73532647,0.049816098
20260202_145738_beam1,20260202_145738,1,311.96,2040.0,-5.85,/home/tobeornot8259748/projects/balloon_radar_project/data/raw/detection_dataset/val/UAV_IQ/IQ_Data/20260202_145738_beam1.mat,1,0.9445165,66,96,67,96,True,0.7077855,0.12993936
20260202_145738_beam2,20260202_145738,2,311.96,2040.0,-5.85,/home/tobeornot8259748/projects/balloon_radar_project/data/raw/detection_dataset/val/UAV_IQ/IQ_Data/20260202_145738_beam2.mat,1,0.95597804,66,95,67,96,True,0.71104187,0.2063725
20260202_145738_beam3,20260202_145738,3,311.96,2040.0,-5.85,/home/tobeornot8259748/projects/balloon_radar_project/data/raw/detection_dataset/val/UAV_IQ/IQ_Data/20260202_145738_beam3.mat,1,0.9652132,66,96,67,96,True,0.7163761,0.19955608
20260202_145738_beam4,20260202_145738,4,311.96,2040.0,-5.85,/home/tobeornot8259748/projects/balloon_radar_project/data/raw/detection_dataset/val/UAV_IQ/IQ_Data/20260202_145738_beam4.mat,1,0.96934235,66,96,67,96,True,0.7299466,0.15549862
20260202_145738_beam5,20260202_145738,5,311.96,2040.0,-5.85,/home/tobeornot8259748/projects/balloon_radar_project/data/raw/detection_dataset/val/UAV_IQ/IQ_Data/20260202_145738_beam5.mat,1,0.9323493,68,96,67,96,True,0.7299704,0.0698417
20260202_145746_beam1,20260202_145746,1,312.01,2010.0,-5.85,/home/tobeornot8259748/projects/balloon_radar_project/data/raw/detection_dataset/train/UAV_IQ/IQ_Data/20260202_145746_beam1.mat,1,0.96302277,65,96,66,96,True,0.71672,0.10613728
20260202_145746_beam2,20260202_145746,2,312.01,2010.0,-6.03,/home/tobeornot8259748/projects/balloon_radar_project/data/raw/detection_dataset/train/UAV_IQ/IQ_Data/20260202_145746_beam2.mat,1,0.98258084,66,96,66,97,True,0.7441104,0.22463168
20260202_145746_beam3,20260202_145746,3,312.01,2010.0,-5.85,/home/tobeornot8259748/projects/balloon_radar_project/data/raw/detection_dataset/train/UAV_IQ/IQ_Data/20260202_145746_beam3.mat,1,0.98233837,64,96,66,96,True,0.7190634,0.23019437
20260202_145746_beam4,20260202_145746,4,312.01,1980.0,-6.03,/home/tobeornot8259748/projects/balloon_radar_project/data/raw/detection_dataset/train/UAV_IQ/IQ_Data/20260202_145746_beam4.mat,1,0.9839941,66,96,65,97,True,0.7392723,0.18713622
20260202_145746_beam5,20260202_145746,5,312.01,1980.0,-5.85,/home/tobeornot8259748/projects/balloon_radar_project/data/raw/detection_dataset/train/UAV_IQ/IQ_Data/20260202_145746_beam5.mat,1,0.96502197,67,95,65,96,True,0.7459051,0.087942846
20260202_145755_beam1,20260202_145755,1,311.93,1950.0,-6.03,/home/tobeornot8259748/projects/balloon_radar_project/data/raw/detection_dataset/train/UAV_IQ/IQ_Data/20260202_145755_beam1.mat,1,0.9480773,65,96,64,97,True,0.66046125,0.090619
20260202_145755_beam2,20260202_145755,2,311.93,1950.0,-6.03,/home/tobeornot8259748/projects/balloon_radar_project/data/raw/detection_dataset/train/UAV_IQ/IQ_Data/20260202_145755_beam2.mat,1,0.9759705,63,96,64,97,True,0.69913316,0.19258411
20260202_145755_beam3,20260202_145755,3,311.93,1950.0,-5.85,/home/tobeornot8259748/projects/balloon_radar_project/data/raw/detection_dataset/train/UAV_IQ/IQ_Data/20260202_145755_beam3.mat,1,0.9746328,65,96,64,96,True,0.72509533,0.21968283
20260202_145755_beam4,20260202_145755,4,311.93,1950.0,-6.03,/home/tobeornot8259748/projects/balloon_radar_project/data/raw/detection_dataset/train/UAV_IQ/IQ_Data/20260202_145755_beam4.mat,1,0.9779785,65,96,64,97,True,0.73291826,0.19977206
20260202_145755_beam5,20260202_145755,5,311.93,1950.0,-6.03,/home/tobeornot8259748/projects/balloon_radar_project/data/raw/detection_dataset/train/UAV_IQ/IQ_Data/20260202_145755_beam5.mat,1,0.9810549,64,96,64,97,True,0.7530637,0.12006513
20260202_145813_beam1,20260202_145813,1,311.82,1950.0,4.57,/home/tobeornot8259748/projects/balloon_radar_project/data/raw/detection_dataset/train/UAV_IQ/IQ_Data/20260202_145813_beam1.mat,1,0.97932947,64,38,64,39,True,0.7317088,0.1961184
20260202_145813_beam2,20260202_145813,2,311.82,1950.0,4.75,/home/tobeornot8259748/projects/balloon_radar_project/data/raw/detection_dataset/train/UAV_IQ/IQ_Data/20260202_145813_beam2.mat,1,0.9454732,62,39,64,38,True,0.71535456,0.31276694
20260202_145813_beam3,20260202_145813,3,312.81,1950.0,4.75,/home/tobeornot8259748/projects/balloon_radar_project/data/raw/detection_dataset/train/UAV_IQ/IQ_Data/20260202_145813_beam3.mat,1,0.9611437,63,39,64,38,True,0.72807056,0.30367106
20260202_145813_beam4,20260202_145813,4,312.81,1950.0,4.75,/home/tobeornot8259748/projects/balloon_radar_project/data/raw/detection_dataset/train/UAV_IQ/IQ_Data/20260202_145813_beam4.mat,1,0.9703611,63,39,64,38,True,0.7254765,0.27473083
20260202_145813_beam5,20260202_145813,5,312.81,1950.0,4.57,/home/tobeornot8259748/projects/balloon_radar_project/data/raw/detection_dataset/train/UAV_IQ/IQ_Data/20260202_145813_beam5.mat,1,0.9795201,63,38,64,39,True,0.74624914,0.1771298
20260202_145819_beam1,20260202_145819,1,311.56,2010.0,6.03,/home/tobeornot8259748/projects/balloon_radar_project/data/raw/detection_dataset/val/UAV_IQ/IQ_Data/20260202_145819_beam1.mat,1,0.98748815,65,31,66,31,True,0.74923766,0.18688773
20260202_145819_beam2,20260202_145819,2,312.55,2010.0,6.03,/home/tobeornot8259748/projects/balloon_radar_project/data/raw/detection_dataset/val/UAV_IQ/IQ_Data/20260202_145819_beam2.mat,1,0.9607347,66,32,66,31,True,0.7363494,0.37436602
20260202_145819_beam3,20260202_145819,3,311.56,1980.0,6.03,/home/tobeornot8259748/projects/balloon_radar_project/data/raw/detection_dataset/val/UAV_IQ/IQ_Data/20260202_145819_beam3.mat,1,0.9664066,65,32,65,31,True,0.7415343,0.37860215
20260202_145819_beam4,20260202_145819,4,312.55,1980.0,6.03,/home/tobeornot8259748/projects/balloon_radar_project/data/raw/detection_dataset/val/UAV_IQ/IQ_Data/20260202_145819_beam4.mat,1,0.97000545,65,32,65,31,True,0.7421433,0.327433
20260202_145819_beam5,20260202_145819,5,312.55,2010.0,6.03,/home/tobeornot8259748/projects/balloon_radar_project/data/raw/detection_dataset/val/UAV_IQ/IQ_Data/20260202_145819_beam5.mat,1,0.98710746,67,31,66,31,True,0.75013685,0.21572207
20260202_145828_beam1,20260202_145828,1,312.4,2070.0,6.03,/home/tobeornot8259748/projects/balloon_radar_project/data/raw/detection_dataset/train/UAV_IQ/IQ_Data/20260202_145828_beam1.mat,1,0.9690633,67,32,68,31,True,0.73434967,0.24715258
20260202_145828_beam2,20260202_145828,2,311.42,2010.0,6.03,/home/tobeornot8259748/projects/balloon_radar_project/data/raw/detection_dataset/train/UAV_IQ/IQ_Data/20260202_145828_beam2.mat,1,0.9607377,68,31,66,31,True,0.740872,0.37396705
20260202_145828_beam3,20260202_145828,3,312.4,2040.0,6.03,/home/tobeornot8259748/projects/balloon_radar_project/data/raw/detection_dataset/train/UAV_IQ/IQ_Data/20260202_145828_beam3.mat,1,0.95621747,68,32,67,31,True,0.7326048,0.32612228
20260202_145828_beam4,20260202_145828,4,312.4,2040.0,6.03,/home/tobeornot8259748/projects/balloon_radar_project/data/raw/detection_dataset/train/UAV_IQ/IQ_Data/20260202_145828_beam4.mat,1,0.96816325,68,32,67,31,True,0.73021007,0.26414567
20260202_145828_beam5,20260202_145828,5,312.4,2040.0,6.03,/home/tobeornot8259748/projects/balloon_radar_project/data/raw/detection_dataset/train/UAV_IQ/IQ_Data/20260202_145828_beam5.mat,1,0.9762625,67,31,67,31,True,0.7512009,0.1589008
20260202_145836_beam1,20260202_145836,1,311.96,2100.0,3.65,/home/tobeornot8259748/projects/balloon_radar_project/data/raw/detection_dataset/val/UAV_IQ/IQ_Data/20260202_145836_beam1.mat,1,0.9500178,68,42,69,44,True,0.75961244,0.25069094
20260202_145836_beam2,20260202_145836,2,311.96,2100.0,3.84,/home/tobeornot8259748/projects/balloon_radar_project/data/raw/detection_dataset/val/UAV_IQ/IQ_Data/20260202_145836_beam2.mat,1,0.9334102,67,43,69,43,True,0.750494,0.37065217
20260202_145836_beam3,20260202_145836,3,311.96,2070.0,3.84,/home/tobeornot8259748/projects/balloon_radar_project/data/raw/detection_dataset/val/UAV_IQ/IQ_Data/20260202_145836_beam3.mat,1,0.9324572,67,43,68,43,True,0.75275296,0.3465033
20260202_145836_beam4,20260202_145836,4,312.95,2070.0,4.2,/home/tobeornot8259748/projects/balloon_radar_project/data/raw/detection_dataset/val/UAV_IQ/IQ_Data/20260202_145836_beam4.mat,1,0.88793766,67,41,68,41,True,0.748106,0.24958974
20260202_145836_beam5,20260202_145836,5,311.96,2100.0,3.84,/home/tobeornot8259748/projects/balloon_radar_project/data/raw/detection_dataset/val/UAV_IQ/IQ_Data/20260202_145836_beam5.mat,1,0.9549459,70,43,69,43,True,0.7807568,0.12174406
