sample_id,source_file,beam_layer,azimuth_deg,distance_m,velocity_mps,mat_path,target_present,raw_score,pred_range_index,pred_velocity_index,true_range_index,true_velocity_index,localization_ok,roi_quality,polarimetric_confidence
20260204_100739_beam1_az001,20260204_100739,1,1.0,,,/home/tobeornot8259748/projects/balloon_radar_project/data/raw/detection_dataset/test/Background_IQ/IQ_Data/20260204_100739_beam1_az001.mat,0,0.42971894,27,66,-1,-1,False,0.81789553,0.22803837
20260204_100739_beam1_az010,20260204_100739,1,10.0,,,/home/tobeornot8259748/projects/balloon_radar_project/data/raw/detection_dataset/train/Background_IQ/IQ_Data/20260204_100739_beam1_az010.mat,0,0.6235038,65,66,-1,-1,False,0.74269104,0.17969288
20260204_100739_beam1_az019,20260204_100739,1,19.0,,,/home/tobeornot8259748/projects/balloon_radar_project/data/raw/detection_dataset/val/Background_IQ/IQ_Data/20260204_100739_beam1_az019.mat,0,0.38892236,58,66,-1,-1,False,0.78403217,0.07602408
20260204_100739_beam1_az028,20260204_100739,1,28.0,,,/home/tobeornot8259748/projects/balloon_radar_project/data/raw/detection_dataset/test/Background_IQ/IQ_Data/20260204_100739_beam1_az028.mat,0,0.73219734,55,63,-1,-1,False,0.76323956,0.19266595
20260204_100739_beam1_az037,20260204_100739,1,37.0,,,/home/tobeornot8259748/projects/balloon_radar_project/data/raw/detection_dataset/train/Background_IQ/IQ_Data/20260204_100739_beam1_az037.mat,0,0.69718,63,65,-1,-1,False,0.6945028,0.23624653
20260204_100739_beam1_az046,20260204_100739,1,46.0,,,/home/tobeornot8259748/projects/balloon_radar_project/data/raw/detection_dataset/train/Background_IQ/IQ_Data/20260204_100739_beam1_az046.mat,0,0.659481,69,61,-1,-1,False,0.77813846,0.089097776
20260204_100739_beam1_az055,20260204_100739,1,55.0,,,/home/tobeornot8259748/projects/balloon_radar_project/data/raw/detection_dataset/train/Background_IQ/IQ_Data/20260204_100739_beam1_az055.mat,0,0.49311998,59,61,-1,-1,False,0.7184714,0.47076654
20260204_100739_beam1_az064,20260204_100739,1,64.0,,,/home/tobeornot8259748/projects/balloon_radar_project/data/raw/detection_dataset/val/Background_IQ/IQ_Data/20260204_100739_beam1_az064.mat,0,0.46686187,38,68,-1,-1,False,0.83944124,0.20803532
20260204_100739_beam1_az073,20260204_100739,1,73.0,,,/home/tobeornot8259748/projects/balloon_radar_project/data/raw/detection_dataset/train/Background_IQ/IQ_Data/20260204_100739_beam1_az073.mat,0,0.7894988,52,66,-1,-1,False,0.7574282,0.23642893
20260204_100739_beam1_az082,20260204_100739,1,82.0,,,/home/tobeornot8259748/projects/balloon_radar_project/data/raw/detection_dataset/train/Background_IQ/IQ_Data/20260204_100739_beam1_az082.mat,0,0.4147278,72,65,-1,-1,False,0.7487491,0.23704931
20260204_100739_beam1_az091,20260204_100739,1,91.0,,,/home/tobeornot8259748/projects/balloon_radar_project/data/raw/detection_dataset/train/Background_IQ/IQ_Data/20260204_100739_beam1_az091.mat,0,0.8942446,45,64,-1,-1,False,0.8289364,0.2353127
20260204_100739_beam1_az100,20260204_100739,1,100.0,,,/home/tobeornot8259748/projects/balloon_radar_project/data/raw/detection_dataset/test/Background_IQ/IQ_Data/20260204_100739_beam1_az100.mat,0,0.3759691,36,70,-1,-1,False,0.66540164,0.26800936
20260204_100739_beam1_az109,20260204_100739,1,109.0,,,/home/tobeornot8259748/projects/balloon_radar_project/data/raw/detection_dataset/train/Background_IQ/IQ_Data/20260204_100739_beam1_az109.mat,0,0.4508201,40,69,-1,-1,False,0.81711817,0.35680005
20260204_100739_beam1_az118,20260204_100739,1,118.0,,,/home/tobeornot8259748/projects/balloon_radar_project/data/raw/detection_dataset/train/Background_IQ/IQ_Data/20260204_100739_beam1_az118.mat,0,0.41600418,48,69,-1,-1,False,0.7636185,0.23404364
20260204_100739_beam1_az127,20260204_100739,1,127.0,,,/home/tobeornot8259748/projects/balloon_radar_project/data/raw/detection_dataset/train/Background_IQ/IQ_Data/20260204_100739_beam1_az127.mat,0,0.57409716,32,68,-1,-1,False,0.7617574,0.1540672
20260204_100739_beam1_az136,20260204_100739,1,136.0,,,/home/tobeornot8259748/projects/balloon_radar_project/data/raw/detection_dataset/val/Background_IQ/IQ_Data/20260204_100739_beam1_az136.mat,0,0.27557564,36,69,-1,-1,False,0.8234175,0.09874835
20260204_100739_beam1_az145,20260204_100739,1,145.0,,,/home/tobeornot8259748/projects/balloon_radar_project/data/raw/detection_dataset/train/Background_IQ/IQ_Data/20260204_100739_beam1_az145.mat,0,0.69198847,52,66,-1,-1,False,0.75060374,0.28916276
20260204_100739_beam1_az154,20260204_100739,1,154.0,,,/home/tobeornot8259748/projects/balloon_radar_project/data/raw/detection_dataset/train/Background_IQ/IQ_Data/20260204_100739_beam1_az154.mat,0,0.8703794,61,65,-1,-1,False,0.7514354,0.25608432
20260204_100739_beam1_az163,20260204_100739,1,163.0,,,/home/tobeornot8259748/projects/balloon_radar_project/data/raw/detection_dataset/train/Background_IQ/IQ_Data/20260204_100739_beam1_az163.mat,0,0.42810205,70,69,-1,-1,False,0.7181237,0.32656702
20260204_100739_beam1_az172,20260204_100739,1,172.0,,,/home/tobeornot8259748/projects/balloon_radar_project/data/raw/detection_dataset/test/Background_IQ/IQ_Data/20260204_100739_beam1_az172.mat,0,0.7339013,42,65,-1,-1,False,0.7784368,0.40411416
20260204_100739_beam1_az181,20260204_100739,1,181.0,,,/home/tobeornot8259748/projects/balloon_radar_project/data/raw/detection_dataset/train/Background_IQ/IQ_Data/20260204_100739_beam1_az181.mat,0,0.5722421,54,67,-1,-1,False,0.732596,0.259588
20260204_100739_beam1_az190,20260204_100739,1,190.0,,,/home/tobeornot8259748/projects/balloon_radar_project/data/raw/detection_dataset/val/Background_IQ/IQ_Data/20260204_100739_beam1_az190.mat,0,0.702918,72,63,-1,-1,False,0.7155118,0.1263784
20260204_100739_beam1_az199,20260204_100739,1,199.0,,,/home/tobeornot8259748/projects/balloon_radar_project/data/raw/detection_dataset/train/Background_IQ/IQ_Data/20260204_100739_beam1_az199.mat,0,0.90984696,67,63,-1,-1,False,0.7642739,0.21066345
20260204_100739_beam1_az208,20260204_100739,1,208.0,,,/home/tobeornot8259748/projects/balloon_radar_project/data/raw/detection_dataset/train/Background_IQ/IQ_Data/20260204_100739_beam1_az208.mat,0,0.6904767,51,66,-1,-1,False,0.6575228,0.31449986
20260204_100739_beam1_az217,20260204_100739,1,217.0,,,/home/tobeornot8259748/projects/balloon_radar_project/data/raw/detection_dataset/train/Background_IQ/IQ_Data/20260204_100739_beam1_az217.mat,0,0.68143636,60,65,-1,-1,False,0.7162852,0.19428669
20260204_100739_beam1_az226,20260204_100739,1,226.0,,,/home/tobeornot8259748/projects/balloon_radar_project/data/raw/detection_dataset/train/Background_IQ/IQ_Data/20260204_100739_beam1_az226.mat,0,0.7328623,57,65,-1,-1,False,0.7293449,0.33241272
20260204_100739_beam1_az235,20260204_100739,1,235.0,,,/home/tobeornot8259748/projects/balloon_radar_project/data/raw/detection_dataset/train/Background_IQ/IQ_Data/20260204_100739_beam1_az235.mat,0,0.481746,59,66,-1,-1,False,0.76331985,0.04997826
20260204_100739_beam1_az244,20260204_100739,1,244.0,,,/home/tobeornot8259748/projects/balloon_radar_project/data/raw/detection_dataset/train/Background_IQ/IQ_Data/20260204_100739_beam1_az244.mat,0,0.9556153,39,44,-1,-1,False,0.7025934,0.2479842
20260204_100739_beam1_az253,20260204_100739,1,253.0,,,/home/tobeornot8259748/projects/balloon_radar_project/data/raw/detection_dataset/train/Background_IQ/IQ_Data/20260204_100739_beam1_az253.mat,0,0.57572436,40,68,-1,-1,False,0.6937348,0.36421883
20260204_100739_beam1_az262,20260204_100739,1,262.0,,,/home/tobeornot8259748/projects/balloon_radar_project/data/raw/detection_dataset/train/Background_IQ/IQ_Data/20260204_100739_beam1_az262.mat,0,0.47680783,59,63,-1,-1,False,0.6647165,0.26311094
20260204_100739_beam2_az001,20260204_100739,2,1.0,,,/home/tobeornot8259748/projects/balloon_radar_project/data/raw/detection_dataset/train/Background_IQ/IQ_Data/20260204_100739_beam2_az001.mat,0,0.54519606,49,66,-1,-1,False,0.793267,0.14297208
20260204_100739_beam2_az010,20260204_100739,2,10.0,,,/home/tobeornot8259748/projects/balloon_radar_project/data/raw/detection_dataset/train/Background_IQ/IQ_Data/20260204_100739_beam2_az010.mat,0,0.51444495,66,66,-1,-1,False,0.70995754,0.23036891
20260204_100739_beam2_az019,20260204_100739,2,19.0,,,/home/tobeornot8259748/projects/balloon_radar_project/data/raw/detection_dataset/test/Background_IQ/IQ_Data/20260204_100739_beam2_az019.mat,0,0.69162,70,66,-1,-1,False,0.8166086,0.10867053
20260204_100739_beam2_az028,20260204_100739,2,28.0,,,/home/tobeornot8259748/projects/balloon_radar_project/data/raw/detection_dataset/train/Background_IQ/IQ_Data/20260204_100739_beam2_az028.mat,0,0.55764,54,63,-1,-1,False,0.738018,0.23419659
20260204_100739_beam2_az037,20260204_100739,2,37.0,,,/home/tobeornot8259748/projects/balloon_radar_project/data/raw/detection_dataset/train/Background_IQ/IQ_Data/20260204_100739_beam2_az037.mat,0,0.544104,63,63,-1,-1,False,0.6864484,0.17810464
20260204_100739_beam2_az046,20260204_100739,2,46.0,,,/home/tobeornot8259748/projects/balloon_radar_project/data/raw/detection_dataset/train/Background_IQ/IQ_Data/20260204_100739_beam2_az046.mat,0,0.23671228,70,62,-1,-1,False,0.76497555,0.09542248
20260204_100739_beam2_az055,20260204_100739,2,55.0,,,/home/tobeornot8259748/projects/balloon_radar_project/data/raw/detection_dataset/train/Background_IQ/IQ_Data/20260204_100739_beam2_az055.mat,0,0.33988997,73,69,-1,-1,False,0.6915507,0.23113881
20260204_100739_beam2_az064,20260204_100739,2,64.0,,,/home/tobeornot8259748/projects/balloon_radar_project/data/raw/detection_dataset/train/Background_IQ/IQ_Data/20260204_100739_beam2_az064.mat,0,0.37564698,75,63,-1,-1,False,0.7889096,0.04666989
20260204_100739_beam2_az073,20260204_100739,2,73.0,,,/home/tobeornot8259748/projects/balloon_radar_project/data/raw/detection_dataset/train/Background_IQ/IQ_Data/20260204_100739_beam2_az073.mat,0,0.7844242,69,63,-1,-1,False,0.7660472,0.14526702
20260204_100739_beam2_az082,20260204_100739,2,82.0,,,/home/tobeornot8259748/projects/balloon_radar_project/data/raw/detection_dataset/train/Background_IQ/IQ_Data/20260204_100739_beam2_az082.mat,0,0.64641494,50,65,-1,-1,False,0.69510335,0.20394686
20260204_100739_beam2_az091,20260204_100739,2,91.0,,,/home/tobeornot8259748/projects/balloon_radar_project/data/raw/detection_dataset/train/Background_IQ/IQ_Data/20260204_100739_beam2_az091.mat,0,0.3294599,31,67,-1,-1,False,0.8276882,0.09184232
20260204_100739_beam2_az100,20260204_100739,2,100.0,,,/home/tobeornot8259748/projects/balloon_radar_project/data/raw/detection_dataset/train/Background_IQ/IQ_Data/20260204_100739_beam2_az100.mat,0,0.5383792,76,65,-1,-1,False,0.6585903,0.3782097
20260204_100739_beam2_az109,20260204_100739,2,109.0,,,/home/tobeornot8259748/projects/balloon_radar_project/data/raw/detection_dataset/train/Background_IQ/IQ_Data/20260204_100739_beam2_az109.mat,0,0.31238517,70,66,-1,-1,False,0.8036721,0.07575987
20260204_100739_beam2_az118,20260204_100739,2,118.0,,,/home/tobeornot8259748/projects/balloon_radar_project/data/raw/detection_dataset/train/Background_IQ/IQ_Data/20260204_100739_beam2_az118.mat,0,0.3546303,45,60,-1,-1,False,0.7403585,0.41517523
20260204_100739_beam2_az127,20260204_100739,2,127.0,,,/home/tobeornot8259748/projects/balloon_radar_project/data/raw/detection_dataset/train/Background_IQ/IQ_Data/20260204_100739_beam2_az127.mat,0,0.36964464,39,70,-1,-1,False,0.74910676,0.21191958
20260204_100739_beam2_az136,20260204_100739,2,136.0,,,/home/tobeornot8259748/projects/balloon_radar_project/data/raw/detection_dataset/train/Background_IQ/IQ_Data/20260204_100739_beam2_az136.mat,0,0.4623265,37,69,-1,-1,False,0.78634876,0.14140794
20260204_100739_beam2_az145,20260204_100739,2,145.0,,,/home/tobeornot8259748/projects/balloon_radar_project/data/raw/detection_dataset/train/Background_IQ/IQ_Data/20260204_100739_beam2_az145.mat,0,0.28867245,76,67,-1,-1,False,0.7724826,0.18822572
20260204_100739_beam2_az154,20260204_100739,2,154.0,,,/home/tobeornot8259748/projects/balloon_radar_project/data/raw/detection_dataset/train/Background_IQ/IQ_Data/20260204_100739_beam2_az154.mat,0,0.94217837,52,65,-1,-1,False,0.73692375,0.3210864
20260204_100739_beam2_az163,20260204_100739,2,163.0,,,/home/tobeornot8259748/projects/balloon_radar_project/data/raw/detection_dataset/test/Background_IQ/IQ_Data/20260204_100739_beam2_az163.mat,0,0.9281751,44,65,-1,-1,False,0.73185515,0.27239275
20260204_100739_beam2_az172,20260204_100739,2,172.0,,,/home/tobeornot8259748/projects/balloon_radar_project/data/raw/detection_dataset/train/Background_IQ/IQ_Data/20260204_100739_beam2_az172.mat,0,0.6615211,61,65,-1,-1,False,0.7260385,0.17704391
20260204_100739_beam2_az181,20260204_100739,2,181.0,,,/home/tobeornot8259748/projects/balloon_radar_project/data/raw/detection_dataset/train/Background_IQ/IQ_Data/20260204_100739_beam2_az181.mat,0,0.5042269,43,69,-1,-1,False,0.707024,0.21283828
20260204_100739_beam2_az190,20260204_100739,2,190.0,,,/home/tobeornot8259748/projects/balloon_radar_project/data/raw/detection_dataset/val/Background_IQ/IQ_Data/20260204_100739_beam2_az190.mat,0,0.7829225,67,66,-1,-1,False,0.7163799,0.2105901
20260204_100739_beam2_az199,20260204_100739,2,199.0,,,/home/tobeornot8259748/projects/balloon_radar_project/data/raw/detection_dataset/train/Background_IQ/IQ_Data/20260204_100739_beam2_az199.mat,0,0.8311751,66,66,-1,-1,False,0.7683393,0.16605115
20260204_100739_beam2_az208,20260204_100739,2,208.0,,,/home/tobeornot8259748/projects/balloon_radar_project/data/raw/detection_dataset/train/Background_IQ/IQ_Data/20260204_100739_beam2_az208.mat,0,0.78378433,48,65,-1,-1,False,0.62636006,0.30950212
20260204_100739_beam2_az217,20260204_100739,2,217.0,,,/home/tobeornot8259748/projects/balloon_radar_project/data/raw/detection_dataset/train/Background_IQ/IQ_Data/20260204_100739_beam2_az217.mat,0,0.439752,65,60,-1,-1,False,0.7457113,0.20125869
20260204_100739_beam2_az226,20260204_100739,2,226.0,,,/home/tobeornot8259748/projects/balloon_radar_project/data/raw/detection_dataset/val/Background_IQ/IQ_Data/20260204_100739_beam2_az226.mat,0,0.8315856,71,65,-1,-1,False,0.6844003,0.26779017
20260204_100739_beam2_az235,20260204_100739,2,235.0,,,/home/tobeornot8259748/projects/balloon_radar_project/data/raw/detection_dataset/train/Background_IQ/IQ_Data/20260204_100739_beam2_az235.mat,0,0.31251037,75,66,-1,-1,False,0.7754898,0.042274676
20260204_100739_beam2_az244,20260204_100739,2,244.0,,,/home/tobeornot8259748/projects/balloon_radar_project/data/raw/detection_dataset/test/Background_IQ/IQ_Data/20260204_100739_beam2_az244.mat,0,0.91975904,39,44,-1,-1,False,0.69888127,0.25935364
20260204_100739_beam2_az253,20260204_100739,2,253.0,,,/home/tobeornot8259748/projects/balloon_radar_project/data/raw/detection_dataset/val/Background_IQ/IQ_Data/20260204_100739_beam2_az253.mat,0,0.91355556,63,65,-1,-1,False,0.69258463,0.3753266
20260204_100739_beam2_az262,20260204_100739,2,262.0,,,/home/tobeornot8259748/projects/balloon_radar_project/data/raw/detection_dataset/test/Background_IQ/IQ_Data/20260204_100739_beam2_az262.mat,0,0.31964085,59,63,-1,-1,False,0.67648184,0.2947729
20260204_100739_beam3_az001,20260204_100739,3,1.0,,,/home/tobeornot8259748/projects/balloon_radar_project/data/raw/detection_dataset/val/Background_IQ/IQ_Data/20260204_100739_beam3_az001.mat,0,0.510924,65,66,-1,-1,False,0.7998923,0.07540978
20260204_100739_beam3_az010,20260204_100739,3,10.0,,,/home/tobeornot8259748/projects/balloon_radar_project/data/raw/detection_dataset/train/Background_IQ/IQ_Data/20260204_100739_beam3_az010.mat,0,0.81185126,50,63,-1,-1,False,0.7154977,0.2508632
20260204_100739_beam3_az019,20260204_100739,3,19.0,,,/home/tobeornot8259748/projects/balloon_radar_project/data/raw/detection_dataset/val/Background_IQ/IQ_Data/20260204_100739_beam3_az019.mat,0,0.5482447,69,66,-1,-1,False,0.82403284,0.100899175
20260204_100739_beam3_az028,20260204_100739,3,28.0,,,/home/tobeornot8259748/projects/balloon_radar_project/data/raw/detection_dataset/train/Background_IQ/IQ_Data/20260204_100739_beam3_az028.mat,0,0.70498174,66,63,-1,-1,False,0.7231661,0.18252598
20260204_100739_beam3_az037,20260204_100739,3,37.0,,,/home/tobeornot8259748/projects/balloon_radar_project/data/raw/detection_dataset/train/Background_IQ/IQ_Data/20260204_100739_beam3_az037.mat,0,0.83938783,69,65,-1,-1,False,0.72006005,0.14485931
20260204_100739_beam3_az046,20260204_100739,3,46.0,,,/home/tobeornot8259748/projects/balloon_radar_project/data/raw/detection_dataset/test/Background_IQ/IQ_Data/20260204_100739_beam3_az046.mat,0,0.6944976,73,63,-1,-1,False,0.7360456,0.14697517
20260204_100739_beam3_az055,20260204_100739,3,55.0,,,/home/tobeornot8259748/projects/balloon_radar_project/data/raw/detection_dataset/train/Background_IQ/IQ_Data/20260204_100739_beam3_az055.mat,0,0.7357528,73,65,-1,-1,False,0.7697182,0.20881806
20260204_100739_beam3_az064,20260204_100739,3,64.0,,,/home/tobeornot8259748/projects/balloon_radar_project/data/raw/detection_dataset/test/Background_IQ/IQ_Data/20260204_100739_beam3_az064.mat,0,0.76764387,65,63,-1,-1,False,0.7723313,0.1274374
20260204_100739_beam3_az073,20260204_100739,3,73.0,,,/home/tobeornot8259748/projects/balloon_radar_project/data/raw/detection_dataset/train/Background_IQ/IQ_Data/20260204_100739_beam3_az073.mat,0,0.5506097,58,63,-1,-1,False,0.775876,0.08726685
20260204_100739_beam3_az082,20260204_100739,3,82.0,,,/home/tobeornot8259748/projects/balloon_radar_project/data/raw/detection_dataset/val/Background_IQ/IQ_Data/20260204_100739_beam3_az082.mat,0,0.4862573,65,66,-1,-1,False,0.69333,0.32149646
20260204_100739_beam3_az091,20260204_100739,3,91.0,,,/home/tobeornot8259748/projects/balloon_radar_project/data/raw/detection_dataset/val/Background_IQ/IQ_Data/20260204_100739_beam3_az091.mat,0,0.557789,73,63,-1,-1,False,0.82358474,0.0811096
20260204_100739_beam3_az100,20260204_100739,3,100.0,,,/home/tobeornot8259748/projects/balloon_radar_project/data/raw/detection_dataset/train/Background_IQ/IQ_Data/20260204_100739_beam3_az100.mat,0,0.5660918,76,65,-1,-1,False,0.64726186,0.39378807
20260204_100739_beam3_az109,20260204_100739,3,109.0,,,/home/tobeornot8259748/projects/balloon_radar_project/data/raw/detection_dataset/val/Background_IQ/IQ_Data/20260204_100739_beam3_az109.mat,0,0.4729884,77,65,-1,-1,False,0.7789135,0.07738372
20260204_100739_beam3_az118,20260204_100739,3,118.0,,,/home/tobeornot8259748/projects/balloon_radar_project/data/raw/detection_dataset/test/Background_IQ/IQ_Data/20260204_100739_beam3_az118.mat,0,0.47133768,76,66,-1,-1,False,0.6774144,0.13898788
20260204_100739_beam3_az127,20260204_100739,3,127.0,,,/home/tobeornot8259748/projects/balloon_radar_project/data/raw/detection_dataset/train/Background_IQ/IQ_Data/20260204_100739_beam3_az127.mat,0,0.3157858,48,69,-1,-1,False,0.79062384,0.24368758
20260204_100739_beam3_az136,20260204_100739,3,136.0,,,/home/tobeornot8259748/projects/balloon_radar_project/data/raw/detection_dataset/train/Background_IQ/IQ_Data/20260204_100739_beam3_az136.mat,0,0.6698764,59,66,-1,-1,False,0.77473235,0.18886101
20260204_100739_beam3_az145,20260204_100739,3,145.0,,,/home/tobeornot8259748/projects/balloon_radar_project/data/raw/detection_dataset/train/Background_IQ/IQ_Data/20260204_100739_beam3_az145.mat,0,0.31656507,76,61,-1,-1,False,0.79585505,0.12832683
20260204_100739_beam3_az154,20260204_100739,3,154.0,,,/home/tobeornot8259748/projects/balloon_radar_project/data/raw/detection_dataset/val/Background_IQ/IQ_Data/20260204_100739_beam3_az154.mat,0,0.7726331,51,65,-1,-1,False,0.7327004,0.4069868
20260204_100739_beam3_az163,20260204_100739,3,163.0,,,/home/tobeornot8259748/projects/balloon_radar_project/data/raw/detection_dataset/train/Background_IQ/IQ_Data/20260204_100739_beam3_az163.mat,0,0.5581533,54,66,-1,-1,False,0.7412378,0.18861829
20260204_100739_beam3_az172,20260204_100739,3,172.0,,,/home/tobeornot8259748/projects/balloon_radar_project/data/raw/detection_dataset/train/Background_IQ/IQ_Data/20260204_100739_beam3_az172.mat,0,0.88928145,60,65,-1,-1,False,0.7252558,0.23722789
20260204_100739_beam3_az181,20260204_100739,3,181.0,,,/home/tobeornot8259748/projects/balloon_radar_project/data/raw/detection_dataset/val/Background_IQ/IQ_Data/20260204_100739_beam3_az181.mat,0,0.37856176,32,63,-1,-1,False,0.7675642,0.28102824
20260204_100739_beam3_az190,20260204_100739,3,190.0,,,/home/tobeornot8259748/projects/balloon_radar_project/data/raw/detection_dataset/train/Background_IQ/IQ_Data/20260204_100739_beam3_az190.mat,0,0.867757,67,66,-1,-1,False,0.7040185,0.27312738
20260204_100739_beam3_az199,20260204_100739,3,199.0,,,/home/tobeornot8259748/projects/balloon_radar_project/data/raw/detection_dataset/train/Background_IQ/IQ_Data/20260204_100739_beam3_az199.mat,0,0.92503166,66,63,-1,-1,False,0.7714578,0.1356979
20260204_100739_beam3_az208,20260204_100739,3,208.0,,,/home/tobeornot8259748/projects/balloon_radar_project/data/raw/detection_dataset/train/Background_IQ/IQ_Data/20260204_100739_beam3_az208.mat,0,0.82638055,48,65,-1,-1,False,0.623594,0.33155257
20260204_100739_beam3_az217,20260204_100739,3,217.0,,,/home/tobeornot8259748/projects/balloon_radar_project/data/raw/detection_dataset/train/Background_IQ/IQ_Data/20260204_100739_beam3_az217.mat,0,0.9488992,69,64,-1,-1,False,0.77962124,0.20247728
20260204_100739_beam3_az226,20260204_100739,3,226.0,,,/home/tobeornot8259748/projects/balloon_radar_project/data/raw/detection_dataset/train/Background_IQ/IQ_Data/20260204_100739_beam3_az226.mat,0,0.75965846,71,65,-1,-1,False,0.6761322,0.27838713
20260204_100739_beam3_az235,20260204_100739,3,235.0,,,/home/tobeornot8259748/projects/balloon_radar_project/data/raw/detection_dataset/train/Background_IQ/IQ_Data/20260204_100739_beam3_az235.mat,0,0.54414976,40,66,-1,-1,False,0.80424607,0.110041
20260204_100739_beam3_az244,20260204_100739,3,244.0,,,/home/tobeornot8259748/projects/balloon_radar_project/data/raw/detection_dataset/val/Background_IQ/IQ_Data/20260204_100739_beam3_az244.mat,0,0.9045949,39,42,-1,-1,False,0.68513143,0.22061059
20260204_100739_beam3_az253,20260204_100739,3,253.0,,,/home/tobeornot8259748/projects/balloon_radar_project/data/raw/detection_dataset/train/Background_IQ/IQ_Data/20260204_100739_beam3_az253.mat,0,0.35134876,63,69,-1,-1,False,0.6573765,0.21088585
20260204_100739_beam3_az262,20260204_100739,3,262.0,,,/home/tobeornot8259748/projects/balloon_radar_project/data/raw/detection_dataset/train/Background_IQ/IQ_Data/20260204_100739_beam3_az262.mat,0,0.23057403,58,65,-1,-1,False,0.6924764,0.32743847
20260204_100739_beam4_az001,20260204_100739,4,1.0,,,/home/tobeornot8259748/projects/balloon_radar_project/data/raw/detection_dataset/train/Background_IQ/IQ_Data/20260204_100739_beam4_az001.mat,0,0.49973664,70,61,-1,-1,False,0.82698953,0.075551026
20260204_100739_beam4_az010,20260204_100739,4,10.0,,,/home/tobeornot8259748/projects/balloon_radar_project/data/raw/detection_dataset/train/Background_IQ/IQ_Data/20260204_100739_beam4_az010.mat,0,0.7733424,51,63,-1,-1,False,0.72394854,0.2550697
20260204_100739_beam4_az019,20260204_100739,4,19.0,,,/home/tobeornot8259748/projects/balloon_radar_project/data/raw/detection_dataset/train/Background_IQ/IQ_Data/20260204_100739_beam4_az019.mat,0,0.41377905,57,66,-1,-1,False,0.842972,0.05139005
20260204_100739_beam4_az028,20260204_100739,4,28.0,,,/home/tobeornot8259748/projects/balloon_radar_project/data/raw/detection_dataset/test/Background_IQ/IQ_Data/20260204_100739_beam4_az028.mat,0,0.38519794,65,66,-1,-1,False,0.73298407,0.23327598
20260204_100739_beam4_az037,20260204_100739,4,37.0,,,/home/tobeornot8259748/projects/balloon_radar_project/data/raw/detection_dataset/train/Background_IQ/IQ_Data/20260204_100739_beam4_az037.mat,0,0.87997293,69,63,-1,-1,False,0.7739127,0.10251145
20260204_100739_beam4_az046,20260204_100739,4,46.0,,,/home/tobeornot8259748/projects/balloon_radar_project/data/raw/detection_dataset/val/Background_IQ/IQ_Data/20260204_100739_beam4_az046.mat,0,0.69214356,62,65,-1,-1,False,0.72499394,0.19613443
20260204_100739_beam4_az055,20260204_100739,4,55.0,,,/home/tobeornot8259748/projects/balloon_radar_project/data/raw/detection_dataset/val/Background_IQ/IQ_Data/20260204_100739_beam4_az055.mat,0,0.5729572,73,63,-1,-1,False,0.82554513,0.13777001
20260204_100739_beam4_az064,20260204_100739,4,64.0,,,/home/tobeornot8259748/projects/balloon_radar_project/data/raw/detection_dataset/train/Background_IQ/IQ_Data/20260204_100739_beam4_az064.mat,0,0.50048083,65,65,-1,-1,False,0.7468957,0.27634493
20260204_100739_beam4_az073,20260204_100739,4,73.0,,,/home/tobeornot8259748/projects/balloon_radar_project/data/raw/detection_dataset/train/Background_IQ/IQ_Data/20260204_100739_beam4_az073.mat,0,0.6447332,56,63,-1,-1,False,0.80841625,0.07799464
20260204_100739_beam4_az082,20260204_100739,4,82.0,,,/home/tobeornot8259748/projects/balloon_radar_project/data/raw/detection_dataset/val/Background_IQ/IQ_Data/20260204_100739_beam4_az082.mat,0,0.57053906,72,68,-1,-1,False,0.68396676,0.25991806
20260204_100739_beam4_az091,20260204_100739,4,91.0,,,/home/tobeornot8259748/projects/balloon_radar_project/data/raw/detection_dataset/val/Background_IQ/IQ_Data/20260204_100739_beam4_az091.mat,0,0.63505614,32,67,-1,-1,False,0.8296501,0.12928337
20260204_100739_beam4_az100,20260204_100739,4,100.0,,,/home/tobeornot8259748/projects/balloon_radar_project/data/raw/detection_dataset/train/Background_IQ/IQ_Data/20260204_100739_beam4_az100.mat,0,0.35323882,76,65,-1,-1,False,0.64033437,0.37378052
20260204_100739_beam4_az109,20260204_100739,4,109.0,,,/home/tobeornot8259748/projects/balloon_radar_project/data/raw/detection_dataset/train/Background_IQ/IQ_Data/20260204_100739_beam4_az109.mat,0,0.6874462,77,63,-1,-1,False,0.8014625,0.067072324
20260204_100739_beam4_az118,20260204_100739,4,118.0,,,/home/tobeornot8259748/projects/balloon_radar_project/data/raw/detection_dataset/train/Background_IQ/IQ_Data/20260204_100739_beam4_az118.mat,0,0.37366667,34,66,-1,-1,False,0.71399456,0.33270252
20260204_100739_beam4_az127,20260204_100739,4,127.0,,,/home/tobeornot8259748/projects/balloon_radar_project/data/raw/detection_dataset/train/Background_IQ/IQ_Data/20260204_100739_beam4_az127.mat,0,0.57656366,31,65,-1,-1,False,0.8319886,0.1155768
20260204_100739_beam4_az136,20260204_100739,4,136.0,,,/home/tobeornot8259748/projects/balloon_radar_project/data/raw/detection_dataset/train/Background_IQ/IQ_Data/20260204_100739_beam4_az136.mat,0,0.44259784,58,65,-1,-1,False,0.7659578,0.2709047
20260204_100739_beam4_az145,20260204_100739,4,145.0,,,/home/tobeornot8259748/projects/balloon_radar_project/data/raw/detection_dataset/train/Background_IQ/IQ_Data/20260204_100739_beam4_az145.mat,0,0.42042002,76,66,-1,-1,False,0.8221061,0.09165856
20260204_100739_beam4_az154,20260204_100739,4,154.0,,,/home/tobeornot8259748/projects/balloon_radar_project/data/raw/detection_dataset/train/Background_IQ/IQ_Data/20260204_100739_beam4_az154.mat,0,0.63099766,39,66,-1,-1,False,0.72034276,0.37636235
20260204_100739_beam4_az163,20260204_100739,4,163.0,,,/home/tobeornot8259748/projects/balloon_radar_project/data/raw/detection_dataset/test/Background_IQ/IQ_Data/20260204_100739_beam4_az163.mat,0,0.7690054,60,66,-1,-1,False,0.745871,0.16310361
20260204_100739_beam4_az172,20260204_100739,4,172.0,,,/home/tobeornot8259748/projects/balloon_radar_project/data/raw/detection_dataset/train/Background_IQ/IQ_Data/20260204_100739_beam4_az172.mat,0,0.71701217,60,65,-1,-1,False,0.732131,0.33132872
20260204_100739_beam4_az181,20260204_100739,4,181.0,,,/home/tobeornot8259748/projects/balloon_radar_project/data/raw/detection_dataset/train/Background_IQ/IQ_Data/20260204_100739_beam4_az181.mat,0,0.6279855,34,63,-1,-1,False,0.7726696,0.23133333
20260204_100739_beam4_az190,20260204_100739,4,190.0,,,/home/tobeornot8259748/projects/balloon_radar_project/data/raw/detection_dataset/val/Background_IQ/IQ_Data/20260204_100739_beam4_az190.mat,0,0.824149,74,66,-1,-1,False,0.7070792,0.35388073
20260204_100739_beam4_az199,20260204_100739,4,199.0,,,/home/tobeornot8259748/projects/balloon_radar_project/data/raw/detection_dataset/test/Background_IQ/IQ_Data/20260204_100739_beam4_az199.mat,0,0.7995213,64,66,-1,-1,False,0.78193974,0.18158862
20260204_100739_beam4_az208,20260204_100739,4,208.0,,,/home/tobeornot8259748/projects/balloon_radar_project/data/raw/detection_dataset/train/Background_IQ/IQ_Data/20260204_100739_beam4_az208.mat,0,0.8124239,48,65,-1,-1,False,0.63167334,0.33462724
20260204_100739_beam4_az217,20260204_100739,4,217.0,,,/home/tobeornot8259748/projects/balloon_radar_project/data/raw/detection_dataset/test/Background_IQ/IQ_Data/20260204_100739_beam4_az217.mat,0,0.9456947,68,63,-1,-1,False,0.78309983,0.19213645
20260204_100739_beam4_az226,20260204_100739,4,226.0,,,/home/tobeornot8259748/projects/balloon_radar_project/data/raw/detection_dataset/train/Background_IQ/IQ_Data/20260204_100739_beam4_az226.mat,0,0.6496079,71,66,-1,-1,False,0.66210616,0.26776844
20260204_100739_beam4_az235,20260204_100739,4,235.0,,,/home/tobeornot8259748/projects/balloon_radar_project/data/raw/detection_dataset/train/Background_IQ/IQ_Data/20260204_100739_beam4_az235.mat,0,0.84303355,43,65,-1,-1,False,0.83427894,0.069259174
20260204_100739_beam4_az244,20260204_100739,4,244.0,,,/home/tobeornot8259748/projects/balloon_radar_project/data/raw/detection_dataset/test/Background_IQ/IQ_Data/20260204_100739_beam4_az244.mat,0,0.8904637,61,63,-1,-1,False,0.6830923,0.28010315
20260204_100739_beam4_az253,20260204_100739,4,253.0,,,/home/tobeornot8259748/projects/balloon_radar_project/data/raw/detection_dataset/train/Background_IQ/IQ_Data/20260204_100739_beam4_az253.mat,0,0.7000471,63,65,-1,-1,False,0.7105539,0.38780499
20260204_100739_beam4_az262,20260204_100739,4,262.0,,,/home/tobeornot8259748/projects/balloon_radar_project/data/raw/detection_dataset/train/Background_IQ/IQ_Data/20260204_100739_beam4_az262.mat,0,0.42241433,60,67,-1,-1,False,0.65723634,0.24113962
20260204_100739_beam5_az001,20260204_100739,5,1.0,,,/home/tobeornot8259748/projects/balloon_radar_project/data/raw/detection_dataset/train/Background_IQ/IQ_Data/20260204_100739_beam5_az001.mat,0,0.3132294,64,61,-1,-1,False,0.86030525,0.035609554
20260204_100739_beam5_az010,20260204_100739,5,10.0,,,/home/tobeornot8259748/projects/balloon_radar_project/data/raw/detection_dataset/train/Background_IQ/IQ_Data/20260204_100739_beam5_az010.mat,0,0.62718666,52,63,-1,-1,False,0.72081697,0.21137291
20260204_100739_beam5_az019,20260204_100739,5,19.0,,,/home/tobeornot8259748/projects/balloon_radar_project/data/raw/detection_dataset/train/Background_IQ/IQ_Data/20260204_100739_beam5_az019.mat,0,0.32294324,85,69,-1,-1,False,0.49216694,0.118243575
20260204_100739_beam5_az028,20260204_100739,5,28.0,,,/home/tobeornot8259748/projects/balloon_radar_project/data/raw/detection_dataset/val/Background_IQ/IQ_Data/20260204_100739_beam5_az028.mat,0,0.49303344,74,66,-1,-1,False,0.71654147,0.20676304
20260204_100739_beam5_az037,20260204_100739,5,37.0,,,/home/tobeornot8259748/projects/balloon_radar_project/data/raw/detection_dataset/train/Background_IQ/IQ_Data/20260204_100739_beam5_az037.mat,0,0.7804079,64,66,-1,-1,False,0.81188256,0.091883756
20260204_100739_beam5_az046,20260204_100739,5,46.0,,,/home/tobeornot8259748/projects/balloon_radar_project/data/raw/detection_dataset/train/Background_IQ/IQ_Data/20260204_100739_beam5_az046.mat,0,0.881545,57,65,-1,-1,False,0.7290469,0.19393742
20260204_100739_beam5_az055,20260204_100739,5,55.0,,,/home/tobeornot8259748/projects/balloon_radar_project/data/raw/detection_dataset/train/Background_IQ/IQ_Data/20260204_100739_beam5_az055.mat,0,0.61991763,72,63,-1,-1,False,0.8435304,0.13066962
20260204_100739_beam5_az064,20260204_100739,5,64.0,,,/home/tobeornot8259748/projects/balloon_radar_project/data/raw/detection_dataset/train/Background_IQ/IQ_Data/20260204_100739_beam5_az064.mat,0,0.5213665,39,68,-1,-1,False,0.7284929,0.4170032
20260204_100739_beam5_az073,20260204_100739,5,73.0,,,/home/tobeornot8259748/projects/balloon_radar_project/data/raw/detection_dataset/val/Background_IQ/IQ_Data/20260204_100739_beam5_az073.mat,0,0.49067757,42,69,-1,-1,False,0.8416065,0.21903543
20260204_100739_beam5_az082,20260204_100739,5,82.0,,,/home/tobeornot8259748/projects/balloon_radar_project/data/raw/detection_dataset/train/Background_IQ/IQ_Data/20260204_100739_beam5_az082.mat,0,0.71536905,69,65,-1,-1,False,0.7105105,0.27216884
20260204_100739_beam5_az091,20260204_100739,5,91.0,,,/home/tobeornot8259748/projects/balloon_radar_project/data/raw/detection_dataset/train/Background_IQ/IQ_Data/20260204_100739_beam5_az091.mat,0,0.5232139,71,62,-1,-1,False,0.84591466,0.08591059
20260204_100739_beam5_az100,20260204_100739,5,100.0,,,/home/tobeornot8259748/projects/balloon_radar_project/data/raw/detection_dataset/val/Background_IQ/IQ_Data/20260204_100739_beam5_az100.mat,0,0.3182144,76,65,-1,-1,False,0.6440418,0.30253798
20260204_100739_beam5_az109,20260204_100739,5,109.0,,,/home/tobeornot8259748/projects/balloon_radar_project/data/raw/detection_dataset/train/Background_IQ/IQ_Data/20260204_100739_beam5_az109.mat,0,0.442319,39,70,-1,-1,False,0.83521503,0.25309595
20260204_100739_beam5_az118,20260204_100739,5,118.0,,,/home/tobeornot8259748/projects/balloon_radar_project/data/raw/detection_dataset/train/Background_IQ/IQ_Data/20260204_100739_beam5_az118.mat,0,0.66788256,40,66,-1,-1,False,0.7522325,0.5789376
20260204_100739_beam5_az127,20260204_100739,5,127.0,,,/home/tobeornot8259748/projects/balloon_radar_project/data/raw/detection_dataset/train/Background_IQ/IQ_Data/20260204_100739_beam5_az127.mat,0,0.5650852,30,65,-1,-1,False,0.8461777,0.13164113
20260204_100739_beam5_az136,20260204_100739,5,136.0,,,/home/tobeornot8259748/projects/balloon_radar_project/data/raw/detection_dataset/val/Background_IQ/IQ_Data/20260204_100739_beam5_az136.mat,0,0.58702916,67,63,-1,-1,False,0.75287294,0.15488228
20260204_100739_beam5_az145,20260204_100739,5,145.0,,,/home/tobeornot8259748/projects/balloon_radar_project/data/raw/detection_dataset/train/Background_IQ/IQ_Data/20260204_100739_beam5_az145.mat,0,0.3408535,85,69,-1,-1,False,0.4646937,0.14433451
20260204_100739_beam5_az154,20260204_100739,5,154.0,,,/home/tobeornot8259748/projects/balloon_radar_project/data/raw/detection_dataset/train/Background_IQ/IQ_Data/20260204_100739_beam5_az154.mat,0,0.6842852,43,66,-1,-1,False,0.7332682,0.32662806
20260204_100739_beam5_az163,20260204_100739,5,163.0,,,/home/tobeornot8259748/projects/balloon_radar_project/data/raw/detection_dataset/train/Background_IQ/IQ_Data/20260204_100739_beam5_az163.mat,0,0.77065575,48,66,-1,-1,False,0.7919077,0.15479572
20260204_100739_beam5_az172,20260204_100739,5,172.0,,,/home/tobeornot8259748/projects/balloon_radar_project/data/raw/detection_dataset/train/Background_IQ/IQ_Data/20260204_100739_beam5_az172.mat,0,0.45418313,60,65,-1,-1,False,0.7217257,0.35532403
20260204_100739_beam5_az181,20260204_100739,5,181.0,,,/home/tobeornot8259748/projects/balloon_radar_project/data/raw/detection_dataset/train/Background_IQ/IQ_Data/20260204_100739_beam5_az181.mat,0,0.62306446,43,65,-1,-1,False,0.7969405,0.35931262
20260204_100739_beam5_az190,20260204_100739,5,190.0,,,/home/tobeornot8259748/projects/balloon_radar_project/data/raw/detection_dataset/test/Background_IQ/IQ_Data/20260204_100739_beam5_az190.mat,0,0.9395116,39,63,-1,-1,False,0.75612676,0.38872084
20260204_100739_beam5_az199,20260204_100739,5,199.0,,,/home/tobeornot8259748/projects/balloon_radar_project/data/raw/detection_dataset/test/Background_IQ/IQ_Data/20260204_100739_beam5_az199.mat,0,0.85613626,62,65,-1,-1,False,0.8101768,0.20902215
20260204_100739_beam5_az208,20260204_100739,5,208.0,,,/home/tobeornot8259748/projects/balloon_radar_project/data/raw/detection_dataset/val/Background_IQ/IQ_Data/20260204_100739_beam5_az208.mat,0,0.6728407,51,63,-1,-1,False,0.6422291,0.32410902
20260204_100739_beam5_az217,20260204_100739,5,217.0,,,/home/tobeornot8259748/projects/balloon_radar_project/data/raw/detection_dataset/train/Background_IQ/IQ_Data/20260204_100739_beam5_az217.mat,0,0.9275755,68,63,-1,-1,False,0.79405904,0.213528
20260204_100739_beam5_az226,20260204_100739,5,226.0,,,/home/tobeornot8259748/projects/balloon_radar_project/data/raw/detection_dataset/train/Background_IQ/IQ_Data/20260204_100739_beam5_az226.mat,0,0.6746946,71,65,-1,-1,False,0.6840373,0.21246858
20260204_100739_beam5_az235,20260204_100739,5,235.0,,,/home/tobeornot8259748/projects/balloon_radar_project/data/raw/detection_dataset/test/Background_IQ/IQ_Data/20260204_100739_beam5_az235.mat,0,0.67133045,61,63,-1,-1,False,0.85917884,0.059215963
20260204_100739_beam5_az244,20260204_100739,5,244.0,,,/home/tobeornot8259748/projects/balloon_radar_project/data/raw/detection_dataset/train/Background_IQ/IQ_Data/20260204_100739_beam5_az244.mat,0,0.8753453,59,63,-1,-1,False,0.6733991,0.2567741
20260204_100739_beam5_az253,20260204_100739,5,253.0,,,/home/tobeornot8259748/projects/balloon_radar_project/data/raw/detection_dataset/train/Background_IQ/IQ_Data/20260204_100739_beam5_az253.mat,0,0.69595,8,66,-1,-1,False,0.6381509,0.5088752
20260204_100739_beam5_az262,20260204_100739,5,262.0,,,/home/tobeornot8259748/projects/balloon_radar_project/data/raw/detection_dataset/train/Background_IQ/IQ_Data/20260204_100739_beam5_az262.mat,0,0.4956201,59,68,-1,-1,False,0.65583485,0.19077404
20260204_100802_beam1_az001,20260204_100802,1,1.0,,,/home/tobeornot8259748/projects/balloon_radar_project/data/raw/detection_dataset/train/Background_IQ/IQ_Data/20260204_100802_beam1_az001.mat,0,0.058047496,0,0,-1,-1,False,0.23615046,0.0
20260204_100802_beam1_az010,20260204_100802,1,10.0,,,/home/tobeornot8259748/projects/balloon_radar_project/data/raw/detection_dataset/train/Background_IQ/IQ_Data/20260204_100802_beam1_az010.mat,0,0.061095916,20,127,-1,-1,False,0.5414813,0.20345345
20260204_100802_beam1_az019,20260204_100802,1,19.0,,,/home/tobeornot8259748/projects/balloon_radar_project/data/raw/detection_dataset/train/Background_IQ/IQ_Data/20260204_100802_beam1_az019.mat,0,0.06566907,0,0,-1,-1,False,0.25539243,0.0
20260204_100802_beam1_az028,20260204_100802,1,28.0,,,/home/tobeornot8259748/projects/balloon_radar_project/data/raw/detection_dataset/train/Background_IQ/IQ_Data/20260204_100802_beam1_az028.mat,0,0.078284025,4,127,-1,-1,False,0.36342472,0.0351461
20260204_100802_beam1_az037,20260204_100802,1,37.0,,,/home/tobeornot8259748/projects/balloon_radar_project/data/raw/detection_dataset/train/Background_IQ/IQ_Data/20260204_100802_beam1_az037.mat,0,0.14049289,50,63,-1,-1,False,0.72792184,0.4136326
20260204_100802_beam1_az046,20260204_100802,1,46.0,,,/home/tobeornot8259748/projects/balloon_radar_project/data/raw/detection_dataset/train/Background_IQ/IQ_Data/20260204_100802_beam1_az046.mat,0,0.09253543,4,127,-1,-1,False,0.4150194,0.085267246
20260204_100802_beam1_az055,20260204_100802,1,55.0,,,/home/tobeornot8259748/projects/balloon_radar_project/data/raw/detection_dataset/test/Background_IQ/IQ_Data/20260204_100802_beam1_az055.mat,0,0.06350859,84,127,-1,-1,False,0.30906904,0.009211339
20260204_100802_beam1_az064,20260204_100802,1,64.0,,,/home/tobeornot8259748/projects/balloon_radar_project/data/raw/detection_dataset/train/Background_IQ/IQ_Data/20260204_100802_beam1_az064.mat,0,0.055656634,84,127,-1,-1,False,0.2959821,0.0011730273
20260204_100802_beam1_az073,20260204_100802,1,73.0,,,/home/tobeornot8259748/projects/balloon_radar_project/data/raw/detection_dataset/val/Background_IQ/IQ_Data/20260204_100802_beam1_az073.mat,0,0.052603606,84,127,-1,-1,False,0.30654868,0.010052679
20260204_100802_beam1_az082,20260204_100802,1,82.0,,,/home/tobeornot8259748/projects/balloon_radar_project/data/raw/detection_dataset/train/Background_IQ/IQ_Data/20260204_100802_beam1_az082.mat,0,0.07926853,4,127,-1,-1,False,0.40087125,0.052605372
20260204_100802_beam1_az091,20260204_100802,1,91.0,,,/home/tobeornot8259748/projects/balloon_radar_project/data/raw/detection_dataset/train/Background_IQ/IQ_Data/20260204_100802_beam1_az091.mat,0,0.08746514,43,63,-1,-1,False,0.7419895,0.4267932
20260204_100802_beam1_az100,20260204_100802,1,100.0,,,/home/tobeornot8259748/projects/balloon_radar_project/data/raw/detection_dataset/test/Background_IQ/IQ_Data/20260204_100802_beam1_az100.mat,0,0.061963465,4,127,-1,-1,False,0.41235027,0.091549344
20260204_100802_beam1_az109,20260204_100802,1,109.0,,,/home/tobeornot8259748/projects/balloon_radar_project/data/raw/detection_dataset/train/Background_IQ/IQ_Data/20260204_100802_beam1_az109.mat,0,0.06883787,4,127,-1,-1,False,0.4145933,0.090668686
20260204_100802_beam1_az118,20260204_100802,1,118.0,,,/home/tobeornot8259748/projects/balloon_radar_project/data/raw/detection_dataset/test/Background_IQ/IQ_Data/20260204_100802_beam1_az118.mat,0,0.045882396,0,127,-1,-1,False,0.32050106,0.0
20260204_100802_beam1_az127,20260204_100802,1,127.0,,,/home/tobeornot8259748/projects/balloon_radar_project/data/raw/detection_dataset/train/Background_IQ/IQ_Data/20260204_100802_beam1_az127.mat,0,0.06230918,84,127,-1,-1,False,0.31564853,0.013170553
20260204_100802_beam1_az136,20260204_100802,1,136.0,,,/home/tobeornot8259748/projects/balloon_radar_project/data/raw/detection_dataset/test/Background_IQ/IQ_Data/20260204_100802_beam1_az136.mat,0,0.09200323,4,127,-1,-1,False,0.4189282,0.09122715
20260204_100802_beam1_az145,20260204_100802,1,145.0,,,/home/tobeornot8259748/projects/balloon_radar_project/data/raw/detection_dataset/test/Background_IQ/IQ_Data/20260204_100802_beam1_az145.mat,0,0.06861484,4,127,-1,-1,False,0.42523554,0.09445245
20260204_100802_beam1_az154,20260204_100802,1,154.0,,,/home/tobeornot8259748/projects/balloon_radar_project/data/raw/detection_dataset/test/Background_IQ/IQ_Data/20260204_100802_beam1_az154.mat,0,0.10912828,40,65,-1,-1,False,0.74987423,0.44301614
20260204_100802_beam1_az163,20260204_100802,1,163.0,,,/home/tobeornot8259748/projects/balloon_radar_project/data/raw/detection_dataset/val/Background_IQ/IQ_Data/20260204_100802_beam1_az163.mat,0,0.046111114,0,127,-1,-1,False,0.30186734,0.0
20260204_100802_beam1_az172,20260204_100802,1,172.0,,,/home/tobeornot8259748/projects/balloon_radar_project/data/raw/detection_dataset/val/Background_IQ/IQ_Data/20260204_100802_beam1_az172.mat,0,0.09490601,20,127,-1,-1,False,0.5522249,0.19663769
20260204_100802_beam1_az181,20260204_100802,1,181.0,,,/home/tobeornot8259748/projects/balloon_radar_project/data/raw/detection_dataset/val/Background_IQ/IQ_Data/20260204_100802_beam1_az181.mat,0,0.077116765,20,127,-1,-1,False,0.52749836,0.1794831
20260204_100802_beam1_az190,20260204_100802,1,190.0,,,/home/tobeornot8259748/projects/balloon_radar_project/data/raw/detection_dataset/train/Background_IQ/IQ_Data/20260204_100802_beam1_az190.mat,0,0.065113455,84,127,-1,-1,False,0.31741014,0.010191924
20260204_100802_beam1_az199,20260204_100802,1,199.0,,,/home/tobeornot8259748/projects/balloon_radar_project/data/raw/detection_dataset/train/Background_IQ/IQ_Data/20260204_100802_beam1_az199.mat,0,0.17229034,81,62,-1,-1,False,0.46885285,0.14502838
20260204_100802_beam1_az208,20260204_100802,1,208.0,,,/home/tobeornot8259748/projects/balloon_radar_project/data/raw/detection_dataset/train/Background_IQ/IQ_Data/20260204_100802_beam1_az208.mat,0,0.057071187,84,127,-1,-1,False,0.2869041,0.0015256059
20260204_100802_beam1_az217,20260204_100802,1,217.0,,,/home/tobeornot8259748/projects/balloon_radar_project/data/raw/detection_dataset/train/Background_IQ/IQ_Data/20260204_100802_beam1_az217.mat,0,0.060481332,20,127,-1,-1,False,0.5105649,0.14746137
20260204_100802_beam1_az226,20260204_100802,1,226.0,,,/home/tobeornot8259748/projects/balloon_radar_project/data/raw/detection_dataset/test/Background_IQ/IQ_Data/20260204_100802_beam1_az226.mat,0,0.044384588,84,127,-1,-1,False,0.29101112,0.0088704275
20260204_100802_beam1_az235,20260204_100802,1,235.0,,,/home/tobeornot8259748/projects/balloon_radar_project/data/raw/detection_dataset/train/Background_IQ/IQ_Data/20260204_100802_beam1_az235.mat,0,0.06748741,4,127,-1,-1,False,0.39709392,0.055087868
20260204_100802_beam1_az244,20260204_100802,1,244.0,,,/home/tobeornot8259748/projects/balloon_radar_project/data/raw/detection_dataset/train/Background_IQ/IQ_Data/20260204_100802_beam1_az244.mat,0,0.066825114,0,0,-1,-1,False,0.30926594,0.0
20260204_100802_beam1_az253,20260204_100802,1,253.0,,,/home/tobeornot8259748/projects/balloon_radar_project/data/raw/detection_dataset/train/Background_IQ/IQ_Data/20260204_100802_beam1_az253.mat,0,0.062854506,0,0,-1,-1,False,0.2945334,0.0
20260204_100802_beam1_az262,20260204_100802,1,262.0,,,/home/tobeornot8259748/projects/balloon_radar_project/data/raw/detection_dataset/train/Background_IQ/IQ_Data/20260204_100802_beam1_az262.mat,0,0.057320893,30,125,-1,-1,False,0.635902,0.0951919
20260204_100802_beam2_az001,20260204_100802,2,1.0,,,/home/tobeornot8259748/projects/balloon_radar_project/data/raw/detection_dataset/train/Background_IQ/IQ_Data/20260204_100802_beam2_az001.mat,0,0.106155284,15,61,-1,-1,False,0.69345057,0.28869915
20260204_100802_beam2_az010,20260204_100802,2,10.0,,,/home/tobeornot8259748/projects/balloon_radar_project/data/raw/detection_dataset/train/Background_IQ/IQ_Data/20260204_100802_beam2_az010.mat,0,0.07321936,0,0,-1,-1,False,0.2343392,0.0
20260204_100802_beam2_az019,20260204_100802,2,19.0,,,/home/tobeornot8259748/projects/balloon_radar_project/data/raw/detection_dataset/test/Background_IQ/IQ_Data/20260204_100802_beam2_az019.mat,0,0.09820458,20,127,-1,-1,False,0.5310326,0.21517667
20260204_100802_beam2_az028,20260204_100802,2,28.0,,,/home/tobeornot8259748/projects/balloon_radar_project/data/raw/detection_dataset/train/Background_IQ/IQ_Data/20260204_100802_beam2_az028.mat,0,0.04222741,0,127,-1,-1,False,0.2824007,0.0
20260204_100802_beam2_az037,20260204_100802,2,37.0,,,/home/tobeornot8259748/projects/balloon_radar_project/data/raw/detection_dataset/train/Background_IQ/IQ_Data/20260204_100802_beam2_az037.mat,0,0.044224188,84,127,-1,-1,False,0.30646095,0.0
20260204_100802_beam2_az046,20260204_100802,2,46.0,,,/home/tobeornot8259748/projects/balloon_radar_project/data/raw/detection_dataset/train/Background_IQ/IQ_Data/20260204_100802_beam2_az046.mat,0,0.07026239,62,61,-1,-1,False,0.6218852,0.16438276
20260204_100802_beam2_az055,20260204_100802,2,55.0,,,/home/tobeornot8259748/projects/balloon_radar_project/data/raw/detection_dataset/train/Background_IQ/IQ_Data/20260204_100802_beam2_az055.mat,0,0.076570675,84,127,-1,-1,False,0.31579292,0.0029827373
20260204_100802_beam2_az064,20260204_100802,2,64.0,,,/home/tobeornot8259748/projects/balloon_radar_project/data/raw/detection_dataset/val/Background_IQ/IQ_Data/20260204_100802_beam2_az064.mat,0,0.059344344,84,127,-1,-1,False,0.3118439,0.0
20260204_100802_beam2_az073,20260204_100802,2,73.0,,,/home/tobeornot8259748/projects/balloon_radar_project/data/raw/detection_dataset/train/Background_IQ/IQ_Data/20260204_100802_beam2_az073.mat,0,0.059944697,84,127,-1,-1,False,0.32399553,0.0030406704
20260204_100802_beam2_az082,20260204_100802,2,82.0,,,/home/tobeornot8259748/projects/balloon_radar_project/data/raw/detection_dataset/train/Background_IQ/IQ_Data/20260204_100802_beam2_az082.mat,0,0.039128147,84,127,-1,-1,False,0.31791332,0.0
20260204_100802_beam2_az091,20260204_100802,2,91.0,,,/home/tobeornot8259748/projects/balloon_radar_project/data/raw/detection_dataset/train/Background_IQ/IQ_Data/20260204_100802_beam2_az091.mat,0,0.09150949,43,63,-1,-1,False,0.7709691,0.4339767
20260204_100802_beam2_az100,20260204_100802,2,100.0,,,/home/tobeornot8259748/projects/balloon_radar_project/data/raw/detection_dataset/train/Background_IQ/IQ_Data/20260204_100802_beam2_az100.mat,0,0.06221834,4,127,-1,-1,False,0.43305358,0.06982742
20260204_100802_beam2_az109,20260204_100802,2,109.0,,,/home/tobeornot8259748/projects/balloon_radar_project/data/raw/detection_dataset/train/Background_IQ/IQ_Data/20260204_100802_beam2_az109.mat,0,0.061255798,50,62,-1,-1,False,0.5557331,0.07994679
20260204_100802_beam2_az118,20260204_100802,2,118.0,,,/home/tobeornot8259748/projects/balloon_radar_project/data/raw/detection_dataset/train/Background_IQ/IQ_Data/20260204_100802_beam2_az118.mat,0,0.044142522,0,127,-1,-1,False,0.34235555,0.0
20260204_100802_beam2_az127,20260204_100802,2,127.0,,,/home/tobeornot8259748/projects/balloon_radar_project/data/raw/detection_dataset/val/Background_IQ/IQ_Data/20260204_100802_beam2_az127.mat,0,0.052448153,84,127,-1,-1,False,0.33149877,0.0046114256
20260204_100802_beam2_az136,20260204_100802,2,136.0,,,/home/tobeornot8259748/projects/balloon_radar_project/data/raw/detection_dataset/train/Background_IQ/IQ_Data/20260204_100802_beam2_az136.mat,0,0.08044579,4,127,-1,-1,False,0.43936202,0.070521444
20260204_100802_beam2_az145,20260204_100802,2,145.0,,,/home/tobeornot8259748/projects/balloon_radar_project/data/raw/detection_dataset/val/Background_IQ/IQ_Data/20260204_100802_beam2_az145.mat,0,0.05101795,84,127,-1,-1,False,0.32907677,0.004296965
20260204_100802_beam2_az154,20260204_100802,2,154.0,,,/home/tobeornot8259748/projects/balloon_radar_project/data/raw/detection_dataset/train/Background_IQ/IQ_Data/20260204_100802_beam2_az154.mat,0,0.051475152,84,127,-1,-1,False,0.3187837,0.0018407933
20260204_100802_beam2_az163,20260204_100802,2,163.0,,,/home/tobeornot8259748/projects/balloon_radar_project/data/raw/detection_dataset/train/Background_IQ/IQ_Data/20260204_100802_beam2_az163.mat,0,0.092765756,61,59,-1,-1,False,0.62309515,0.13769048
20260204_100802_beam2_az172,20260204_100802,2,172.0,,,/home/tobeornot8259748/projects/balloon_radar_project/data/raw/detection_dataset/train/Background_IQ/IQ_Data/20260204_100802_beam2_az172.mat,0,0.1480701,20,127,-1,-1,False,0.5695561,0.20959745
20260204_100802_beam2_az181,20260204_100802,2,181.0,,,/home/tobeornot8259748/projects/balloon_radar_project/data/raw/detection_dataset/train/Background_IQ/IQ_Data/20260204_100802_beam2_az181.mat,0,0.098907776,20,127,-1,-1,False,0.55444133,0.18182811
20260204_100802_beam2_az190,20260204_100802,2,190.0,,,/home/tobeornot8259748/projects/balloon_radar_project/data/raw/detection_dataset/train/Background_IQ/IQ_Data/20260204_100802_beam2_az190.mat,0,0.05849615,84,127,-1,-1,False,0.32696354,0.0034071181
20260204_100802_beam2_az199,20260204_100802,2,199.0,,,/home/tobeornot8259748/projects/balloon_radar_project/data/raw/detection_dataset/train/Background_IQ/IQ_Data/20260204_100802_beam2_az199.mat,0,0.31096643,79,63,-1,-1,False,0.6450267,0.2380025
20260204_100802_beam2_az208,20260204_100802,2,208.0,,,/home/tobeornot8259748/projects/balloon_radar_project/data/raw/detection_dataset/test/Background_IQ/IQ_Data/20260204_100802_beam2_az208.mat,0,0.06473207,84,127,-1,-1,False,0.31918633,0.0
20260204_100802_beam2_az217,20260204_100802,2,217.0,,,/home/tobeornot8259748/projects/balloon_radar_project/data/raw/detection_dataset/train/Background_IQ/IQ_Data/20260204_100802_beam2_az217.mat,0,0.045885663,0,127,-1,-1,False,0.2999277,0.0
20260204_100802_beam2_az226,20260204_100802,2,226.0,,,/home/tobeornot8259748/projects/balloon_radar_project/data/raw/detection_dataset/val/Background_IQ/IQ_Data/20260204_100802_beam2_az226.mat,0,0.03942862,84,127,-1,-1,False,0.31252372,0.002438591
20260204_100802_beam2_az235,20260204_100802,2,235.0,,,/home/tobeornot8259748/projects/balloon_radar_project/data/raw/detection_dataset/train/Background_IQ/IQ_Data/20260204_100802_beam2_az235.mat,0,0.045606703,58,59,-1,-1,False,0.6701366,0.22546826
20260204_100802_beam2_az244,20260204_100802,2,244.0,,,/home/tobeornot8259748/projects/balloon_radar_project/data/raw/detection_dataset/train/Background_IQ/IQ_Data/20260204_100802_beam2_az244.mat,0,0.061863504,84,127,-1,-1,False,0.30605534,1.5434913e-05
20260204_100802_beam2_az253,20260204_100802,2,253.0,,,/home/tobeornot8259748/projects/balloon_radar_project/data/raw/detection_dataset/train/Background_IQ/IQ_Data/20260204_100802_beam2_az253.mat,0,0.06957088,0,0,-1,-1,False,0.29432425,0.0
20260204_100802_beam2_az262,20260204_100802,2,262.0,,,/home/tobeornot8259748/projects/balloon_radar_project/data/raw/detection_dataset/train/Background_IQ/IQ_Data/20260204_100802_beam2_az262.mat,0,0.03805213,0,127,-1,-1,False,0.3059389,0.0
20260204_100802_beam3_az001,20260204_100802,3,1.0,,,/home/tobeornot8259748/projects/balloon_radar_project/data/raw/detection_dataset/train/Background_IQ/IQ_Data/20260204_100802_beam3_az001.mat,0,0.11816167,15,59,-1,-1,False,0.5464975,0.16290143
20260204_100802_beam3_az010,20260204_100802,3,10.0,,,/home/tobeornot8259748/projects/balloon_radar_project/data/raw/detection_dataset/train/Background_IQ/IQ_Data/20260204_100802_beam3_az010.mat,0,0.16593549,13,66,-1,-1,False,0.67574996,0.4406112
20260204_100802_beam3_az019,20260204_100802,3,19.0,,,/home/tobeornot8259748/projects/balloon_radar_project/data/raw/detection_dataset/train/Background_IQ/IQ_Data/20260204_100802_beam3_az019.mat,0,0.10994285,10,59,-1,-1,False,0.6795234,0.387744
20260204_100802_beam3_az028,20260204_100802,3,28.0,,,/home/tobeornot8259748/projects/balloon_radar_project/data/raw/detection_dataset/train/Background_IQ/IQ_Data/20260204_100802_beam3_az028.mat,0,0.053877447,8,124,-1,-1,False,0.46873143,0.0
20260204_100802_beam3_az037,20260204_100802,3,37.0,,,/home/tobeornot8259748/projects/balloon_radar_project/data/raw/detection_dataset/test/Background_IQ/IQ_Data/20260204_100802_beam3_az037.mat,0,0.036407877,75,63,-1,-1,False,0.79775715,0.46008956
20260204_100802_beam3_az046,20260204_100802,3,46.0,,,/home/tobeornot8259748/projects/balloon_radar_project/data/raw/detection_dataset/train/Background_IQ/IQ_Data/20260204_100802_beam3_az046.mat,0,0.46275643,61,63,-1,-1,False,0.7753875,0.2426172
20260204_100802_beam3_az055,20260204_100802,3,55.0,,,/home/tobeornot8259748/projects/balloon_radar_project/data/raw/detection_dataset/test/Background_IQ/IQ_Data/20260204_100802_beam3_az055.mat,0,0.1809847,45,66,-1,-1,False,0.83280045,0.3700789
20260204_100802_beam3_az064,20260204_100802,3,64.0,,,/home/tobeornot8259748/projects/balloon_radar_project/data/raw/detection_dataset/test/Background_IQ/IQ_Data/20260204_100802_beam3_az064.mat,0,0.053264692,9,124,-1,-1,False,0.559959,0.0
20260204_100802_beam3_az073,20260204_100802,3,73.0,,,/home/tobeornot8259748/projects/balloon_radar_project/data/raw/detection_dataset/val/Background_IQ/IQ_Data/20260204_100802_beam3_az073.mat,0,0.15243188,38,66,-1,-1,False,0.8612381,0.38025784
20260204_100802_beam3_az082,20260204_100802,3,82.0,,,/home/tobeornot8259748/projects/balloon_radar_project/data/raw/detection_dataset/val/Background_IQ/IQ_Data/20260204_100802_beam3_az082.mat,0,0.05715977,47,52,-1,-1,False,0.67477715,0.16650377
20260204_100802_beam3_az091,20260204_100802,3,91.0,,,/home/tobeornot8259748/projects/balloon_radar_project/data/raw/detection_dataset/train/Background_IQ/IQ_Data/20260204_100802_beam3_az091.mat,0,0.13057604,41,63,-1,-1,False,0.8583266,0.5437592
20260204_100802_beam3_az100,20260204_100802,3,100.0,,,/home/tobeornot8259748/projects/balloon_radar_project/data/raw/detection_dataset/train/Background_IQ/IQ_Data/20260204_100802_beam3_az100.mat,0,0.09665341,85,127,-1,-1,False,0.40287971,1.3612814e-05
20260204_100802_beam3_az109,20260204_100802,3,109.0,,,/home/tobeornot8259748/projects/balloon_radar_project/data/raw/detection_dataset/val/Background_IQ/IQ_Data/20260204_100802_beam3_az109.mat,0,0.23538849,40,66,-1,-1,False,0.81981236,0.30455804
20260204_100802_beam3_az118,20260204_100802,3,118.0,,,/home/tobeornot8259748/projects/balloon_radar_project/data/raw/detection_dataset/train/Background_IQ/IQ_Data/20260204_100802_beam3_az118.mat,0,0.07850095,55,124,-1,-1,False,0.6210217,0.0009848964
20260204_100802_beam3_az127,20260204_100802,3,127.0,,,/home/tobeornot8259748/projects/balloon_radar_project/data/raw/detection_dataset/test/Background_IQ/IQ_Data/20260204_100802_beam3_az127.mat,0,0.2290516,42,66,-1,-1,False,0.77506995,0.17098548
20260204_100802_beam3_az136,20260204_100802,3,136.0,,,/home/tobeornot8259748/projects/balloon_radar_project/data/raw/detection_dataset/val/Background_IQ/IQ_Data/20260204_100802_beam3_az136.mat,0,0.5496651,36,63,-1,-1,False,0.81566733,0.25452235
20260204_100802_beam3_az145,20260204_100802,3,145.0,,,/home/tobeornot8259748/projects/balloon_radar_project/data/raw/detection_dataset/train/Background_IQ/IQ_Data/20260204_100802_beam3_az145.mat,0,0.08650337,85,127,-1,-1,False,0.39980957,2.5021878e-05
20260204_100802_beam3_az154,20260204_100802,3,154.0,,,/home/tobeornot8259748/projects/balloon_radar_project/data/raw/detection_dataset/train/Background_IQ/IQ_Data/20260204_100802_beam3_az154.mat,0,0.052136425,63,59,-1,-1,False,0.6516134,0.105009824
20260204_100802_beam3_az163,20260204_100802,3,163.0,,,/home/tobeornot8259748/projects/balloon_radar_project/data/raw/detection_dataset/train/Background_IQ/IQ_Data/20260204_100802_beam3_az163.mat,0,0.039896343,0,127,-1,-1,False,0.35607836,0.0
20260204_100802_beam3_az172,20260204_100802,3,172.0,,,/home/tobeornot8259748/projects/balloon_radar_project/data/raw/detection_dataset/train/Background_IQ/IQ_Data/20260204_100802_beam3_az172.mat,0,0.07427088,28,0,-1,-1,False,0.63027376,0.13331486
20260204_100802_beam3_az181,20260204_100802,3,181.0,,,/home/tobeornot8259748/projects/balloon_radar_project/data/raw/detection_dataset/val/Background_IQ/IQ_Data/20260204_100802_beam3_az181.mat,0,0.04805316,28,0,-1,-1,False,0.62774825,0.109293796
20260204_100802_beam3_az190,20260204_100802,3,190.0,,,/home/tobeornot8259748/projects/balloon_radar_project/data/raw/detection_dataset/train/Background_IQ/IQ_Data/20260204_100802_beam3_az190.mat,0,0.085063644,60,65,-1,-1,False,0.7906708,0.25876805
20260204_100802_beam3_az199,20260204_100802,3,199.0,,,/home/tobeornot8259748/projects/balloon_radar_project/data/raw/detection_dataset/train/Background_IQ/IQ_Data/20260204_100802_beam3_az199.mat,0,0.052657258,31,127,-1,-1,False,0.5805155,0.08029483
20260204_100802_beam3_az208,20260204_100802,3,208.0,,,/home/tobeornot8259748/projects/balloon_radar_project/data/raw/detection_dataset/train/Background_IQ/IQ_Data/20260204_100802_beam3_az208.mat,0,0.17277253,41,66,-1,-1,False,0.85634017,0.45947498
20260204_100802_beam3_az217,20260204_100802,3,217.0,,,/home/tobeornot8259748/projects/balloon_radar_project/data/raw/detection_dataset/test/Background_IQ/IQ_Data/20260204_100802_beam3_az217.mat,0,0.047221366,0,127,-1,-1,False,0.37731972,0.0
20260204_100802_beam3_az226,20260204_100802,3,226.0,,,/home/tobeornot8259748/projects/balloon_radar_project/data/raw/detection_dataset/val/Background_IQ/IQ_Data/20260204_100802_beam3_az226.mat,0,0.08810511,82,65,-1,-1,False,0.5751063,0.1190179
20260204_100802_beam3_az235,20260204_100802,3,235.0,,,/home/tobeornot8259748/projects/balloon_radar_project/data/raw/detection_dataset/train/Background_IQ/IQ_Data/20260204_100802_beam3_az235.mat,0,0.05062238,57,66,-1,-1,False,0.77589136,0.29081997
20260204_100802_beam3_az244,20260204_100802,3,244.0,,,/home/tobeornot8259748/projects/balloon_radar_project/data/raw/detection_dataset/train/Background_IQ/IQ_Data/20260204_100802_beam3_az244.mat,0,0.2594217,78,64,-1,-1,False,0.66755676,0.11737261
20260204_100802_beam3_az253,20260204_100802,3,253.0,,,/home/tobeornot8259748/projects/balloon_radar_project/data/raw/detection_dataset/train/Background_IQ/IQ_Data/20260204_100802_beam3_az253.mat,0,0.094955646,10,59,-1,-1,False,0.6851698,0.40881926
20260204_100802_beam3_az262,20260204_100802,3,262.0,,,/home/tobeornot8259748/projects/balloon_radar_project/data/raw/detection_dataset/train/Background_IQ/IQ_Data/20260204_100802_beam3_az262.mat,0,0.03827523,0,127,-1,-1,False,0.38553298,0.0
20260204_100802_beam4_az001,20260204_100802,4,1.0,,,/home/tobeornot8259748/projects/balloon_radar_project/data/raw/detection_dataset/train/Background_IQ/IQ_Data/20260204_100802_beam4_az001.mat,0,0.09027287,10,59,-1,-1,False,0.6510542,0.24228019
20260204_100802_beam4_az010,20260204_100802,4,10.0,,,/home/tobeornot8259748/projects/balloon_radar_project/data/raw/detection_dataset/train/Background_IQ/IQ_Data/20260204_100802_beam4_az010.mat,0,0.077721,0,0,-1,-1,False,0.26019412,0.0
20260204_100802_beam4_az019,20260204_100802,4,19.0,,,/home/tobeornot8259748/projects/balloon_radar_project/data/raw/detection_dataset/val/Background_IQ/IQ_Data/20260204_100802_beam4_az019.mat,0,0.058824584,0,0,-1,-1,False,0.30919984,0.0
20260204_100802_beam4_az028,20260204_100802,4,28.0,,,/home/tobeornot8259748/projects/balloon_radar_project/data/raw/detection_dataset/val/Background_IQ/IQ_Data/20260204_100802_beam4_az028.mat,0,0.044237364,84,127,-1,-1,False,0.3414843,0.0
20260204_100802_beam4_az037,20260204_100802,4,37.0,,,/home/tobeornot8259748/projects/balloon_radar_project/data/raw/detection_dataset/train/Background_IQ/IQ_Data/20260204_100802_beam4_az037.mat,0,0.06918115,65,63,-1,-1,False,0.8967419,0.6762371
20260204_100802_beam4_az046,20260204_100802,4,46.0,,,/home/tobeornot8259748/projects/balloon_radar_project/data/raw/detection_dataset/test/Background_IQ/IQ_Data/20260204_100802_beam4_az046.mat,0,0.056149147,69,60,-1,-1,False,0.65148425,0.09845185
20260204_100802_beam4_az055,20260204_100802,4,55.0,,,/home/tobeornot8259748/projects/balloon_radar_project/data/raw/detection_dataset/test/Background_IQ/IQ_Data/20260204_100802_beam4_az055.mat,0,0.12448438,43,66,-1,-1,False,0.8477349,0.48873624
20260204_100802_beam4_az064,20260204_100802,4,64.0,,,/home/tobeornot8259748/projects/balloon_radar_project/data/raw/detection_dataset/train/Background_IQ/IQ_Data/20260204_100802_beam4_az064.mat,0,0.056109414,85,127,-1,-1,False,0.34966367,0.0
20260204_100802_beam4_az073,20260204_100802,4,73.0,,,/home/tobeornot8259748/projects/balloon_radar_project/data/raw/detection_dataset/val/Background_IQ/IQ_Data/20260204_100802_beam4_az073.mat,0,0.38328677,38,63,-1,-1,False,0.8106849,0.467131
20260204_100802_beam4_az082,20260204_100802,4,82.0,,,/home/tobeornot8259748/projects/balloon_radar_project/data/raw/detection_dataset/train/Background_IQ/IQ_Data/20260204_100802_beam4_az082.mat,0,0.07294866,47,55,-1,-1,False,0.71877444,0.23223172
20260204_100802_beam4_az091,20260204_100802,4,91.0,,,/home/tobeornot8259748/projects/balloon_radar_project/data/raw/detection_dataset/test/Background_IQ/IQ_Data/20260204_100802_beam4_az091.mat,0,0.10823906,40,66,-1,-1,False,0.8262479,0.517044
20260204_100802_beam4_az100,20260204_100802,4,100.0,,,/home/tobeornot8259748/projects/balloon_radar_project/data/raw/detection_dataset/train/Background_IQ/IQ_Data/20260204_100802_beam4_az100.mat,0,0.056161825,84,127,-1,-1,False,0.37847248,0.0
20260204_100802_beam4_az109,20260204_100802,4,109.0,,,/home/tobeornot8259748/projects/balloon_radar_project/data/raw/detection_dataset/test/Background_IQ/IQ_Data/20260204_100802_beam4_az109.mat,0,0.26104152,39,66,-1,-1,False,0.75745517,0.3199223
20260204_100802_beam4_az118,20260204_100802,4,118.0,,,/home/tobeornot8259748/projects/balloon_radar_project/data/raw/detection_dataset/val/Background_IQ/IQ_Data/20260204_100802_beam4_az118.mat,0,0.048500586,84,127,-1,-1,False,0.36763808,0.0
20260204_100802_beam4_az127,20260204_100802,4,127.0,,,/home/tobeornot8259748/projects/balloon_radar_project/data/raw/detection_dataset/val/Background_IQ/IQ_Data/20260204_100802_beam4_az127.mat,0,0.06340716,85,127,-1,-1,False,0.35707295,0.0
20260204_100802_beam4_az136,20260204_100802,4,136.0,,,/home/tobeornot8259748/projects/balloon_radar_project/data/raw/detection_dataset/val/Background_IQ/IQ_Data/20260204_100802_beam4_az136.mat,0,0.38217032,38,63,-1,-1,False,0.73464775,0.25290942
20260204_100802_beam4_az145,20260204_100802,4,145.0,,,/home/tobeornot8259748/projects/balloon_radar_project/data/raw/detection_dataset/train/Background_IQ/IQ_Data/20260204_100802_beam4_az145.mat,0,0.19856748,47,62,-1,-1,False,0.7468818,0.2626341
20260204_100802_beam4_az154,20260204_100802,4,154.0,,,/home/tobeornot8259748/projects/balloon_radar_project/data/raw/detection_dataset/test/Background_IQ/IQ_Data/20260204_100802_beam4_az154.mat,0,0.07534045,85,127,-1,-1,False,0.3343966,0.0
20260204_100802_beam4_az163,20260204_100802,4,163.0,,,/home/tobeornot8259748/projects/balloon_radar_project/data/raw/detection_dataset/train/Background_IQ/IQ_Data/20260204_100802_beam4_az163.mat,0,0.03882315,28,83,-1,-1,False,0.67896163,0.11200922
20260204_100802_beam4_az172,20260204_100802,4,172.0,,,/home/tobeornot8259748/projects/balloon_radar_project/data/raw/detection_dataset/train/Background_IQ/IQ_Data/20260204_100802_beam4_az172.mat,0,0.07088763,28,127,-1,-1,False,0.60836524,0.13164677
20260204_100802_beam4_az181,20260204_100802,4,181.0,,,/home/tobeornot8259748/projects/balloon_radar_project/data/raw/detection_dataset/train/Background_IQ/IQ_Data/20260204_100802_beam4_az181.mat,0,0.05024316,85,127,-1,-1,False,0.33942014,8.617323e-05
20260204_100802_beam4_az190,20260204_100802,4,190.0,,,/home/tobeornot8259748/projects/balloon_radar_project/data/raw/detection_dataset/train/Background_IQ/IQ_Data/20260204_100802_beam4_az190.mat,0,0.06458351,84,127,-1,-1,False,0.3651882,5.9616964e-06
20260204_100802_beam4_az199,20260204_100802,4,199.0,,,/home/tobeornot8259748/projects/balloon_radar_project/data/raw/detection_dataset/train/Background_IQ/IQ_Data/20260204_100802_beam4_az199.mat,0,0.049998403,0,0,-1,-1,False,0.31428906,0.0
20260204_100802_beam4_az208,20260204_100802,4,208.0,,,/home/tobeornot8259748/projects/balloon_radar_project/data/raw/detection_dataset/train/Background_IQ/IQ_Data/20260204_100802_beam4_az208.mat,0,0.046392128,80,59,-1,-1,False,0.56700957,0.10453909
20260204_100802_beam4_az217,20260204_100802,4,217.0,,,/home/tobeornot8259748/projects/balloon_radar_project/data/raw/detection_dataset/train/Background_IQ/IQ_Data/20260204_100802_beam4_az217.mat,0,0.08608318,4,127,-1,-1,False,0.41808116,0.0147583
20260204_100802_beam4_az226,20260204_100802,4,226.0,,,/home/tobeornot8259748/projects/balloon_radar_project/data/raw/detection_dataset/train/Background_IQ/IQ_Data/20260204_100802_beam4_az226.mat,0,0.07982153,84,127,-1,-1,False,0.3568794,0.0
20260204_100802_beam4_az235,20260204_100802,4,235.0,,,/home/tobeornot8259748/projects/balloon_radar_project/data/raw/detection_dataset/train/Background_IQ/IQ_Data/20260204_100802_beam4_az235.mat,0,0.060797643,85,127,-1,-1,False,0.31376058,0.0
20260204_100802_beam4_az244,20260204_100802,4,244.0,,,/home/tobeornot8259748/projects/balloon_radar_project/data/raw/detection_dataset/train/Background_IQ/IQ_Data/20260204_100802_beam4_az244.mat,0,0.06475374,67,58,-1,-1,False,0.6529331,0.11595362
20260204_100802_beam4_az253,20260204_100802,4,253.0,,,/home/tobeornot8259748/projects/balloon_radar_project/data/raw/detection_dataset/train/Background_IQ/IQ_Data/20260204_100802_beam4_az253.mat,0,0.0448824,0,127,-1,-1,False,0.3381182,0.0
20260204_100802_beam4_az262,20260204_100802,4,262.0,,,/home/tobeornot8259748/projects/balloon_radar_project/data/raw/detection_dataset/test/Background_IQ/IQ_Data/20260204_100802_beam4_az262.mat,0,0.03784714,99,0,-1,-1,False,0.08110981,0.0
20260204_100802_beam5_az001,20260204_100802,5,1.0,,,/home/tobeornot8259748/projects/balloon_radar_project/data/raw/detection_dataset/train/Background_IQ/IQ_Data/20260204_100802_beam5_az001.mat,0,0.05319142,0,127,-1,-1,False,0.27645645,0.0
20260204_100802_beam5_az010,20260204_100802,5,10.0,,,/home/tobeornot8259748/projects/balloon_radar_project/data/raw/detection_dataset/test/Background_IQ/IQ_Data/20260204_100802_beam5_az010.mat,0,0.092216775,25,0,-1,-1,False,0.7612035,0.5256234
20260204_100802_beam5_az019,20260204_100802,5,19.0,,,/home/tobeornot8259748/projects/balloon_radar_project/data/raw/detection_dataset/train/Background_IQ/IQ_Data/20260204_100802_beam5_az019.mat,0,0.056029953,0,127,-1,-1,False,0.27918428,0.0
20260204_100802_beam5_az028,20260204_100802,5,28.0,,,/home/tobeornot8259748/projects/balloon_radar_project/data/raw/detection_dataset/test/Background_IQ/IQ_Data/20260204_100802_beam5_az028.mat,0,0.04871155,20,127,-1,-1,False,0.56208736,0.13692945
20260204_100802_beam5_az037,20260204_100802,5,37.0,,,/home/tobeornot8259748/projects/balloon_radar_project/data/raw/detection_dataset/test/Background_IQ/IQ_Data/20260204_100802_beam5_az037.mat,0,0.078096904,84,127,-1,-1,False,0.3194018,0.0
20260204_100802_beam5_az046,20260204_100802,5,46.0,,,/home/tobeornot8259748/projects/balloon_radar_project/data/raw/detection_dataset/train/Background_IQ/IQ_Data/20260204_100802_beam5_az046.mat,0,0.05099515,84,127,-1,-1,False,0.33538774,0.0011913425
20260204_100802_beam5_az055,20260204_100802,5,55.0,,,/home/tobeornot8259748/projects/balloon_radar_project/data/raw/detection_dataset/test/Background_IQ/IQ_Data/20260204_100802_beam5_az055.mat,0,0.06304154,84,127,-1,-1,False,0.32728162,0.002758202
20260204_100802_beam5_az064,20260204_100802,5,64.0,,,/home/tobeornot8259748/projects/balloon_radar_project/data/raw/detection_dataset/train/Background_IQ/IQ_Data/20260204_100802_beam5_az064.mat,0,0.0743265,79,61,-1,-1,False,0.6192639,0.1713001
20260204_100802_beam5_az073,20260204_100802,5,73.0,,,/home/tobeornot8259748/projects/balloon_radar_project/data/raw/detection_dataset/train/Background_IQ/IQ_Data/20260204_100802_beam5_az073.mat,0,0.06685137,31,66,-1,-1,False,0.7502323,0.4353713
20260204_100802_beam5_az082,20260204_100802,5,82.0,,,/home/tobeornot8259748/projects/balloon_radar_project/data/raw/detection_dataset/train/Background_IQ/IQ_Data/20260204_100802_beam5_az082.mat,0,0.10164005,84,127,-1,-1,False,0.33325845,0.0001228452
20260204_100802_beam5_az091,20260204_100802,5,91.0,,,/home/tobeornot8259748/projects/balloon_radar_project/data/raw/detection_dataset/train/Background_IQ/IQ_Data/20260204_100802_beam5_az091.mat,0,0.057410423,84,127,-1,-1,False,0.33959365,0.0024739448
20260204_100802_beam5_az100,20260204_100802,5,100.0,,,/home/tobeornot8259748/projects/balloon_radar_project/data/raw/detection_dataset/train/Background_IQ/IQ_Data/20260204_100802_beam5_az100.mat,0,0.08421313,84,127,-1,-1,False,0.3405365,0.0038795308
20260204_100802_beam5_az109,20260204_100802,5,109.0,,,/home/tobeornot8259748/projects/balloon_radar_project/data/raw/detection_dataset/train/Background_IQ/IQ_Data/20260204_100802_beam5_az109.mat,0,0.09154416,84,127,-1,-1,False,0.3341495,0.00405878
20260204_100802_beam5_az118,20260204_100802,5,118.0,,,/home/tobeornot8259748/projects/balloon_radar_project/data/raw/detection_dataset/train/Background_IQ/IQ_Data/20260204_100802_beam5_az118.mat,0,0.044937402,0,127,-1,-1,False,0.33550295,0.0
20260204_100802_beam5_az127,20260204_100802,5,127.0,,,/home/tobeornot8259748/projects/balloon_radar_project/data/raw/detection_dataset/train/Background_IQ/IQ_Data/20260204_100802_beam5_az127.mat,0,0.06662437,84,127,-1,-1,False,0.332078,0.0027939994
20260204_100802_beam5_az136,20260204_100802,5,136.0,,,/home/tobeornot8259748/projects/balloon_radar_project/data/raw/detection_dataset/val/Background_IQ/IQ_Data/20260204_100802_beam5_az136.mat,0,0.07194419,4,127,-1,-1,False,0.43041453,0.069429435
20260204_100802_beam5_az145,20260204_100802,5,145.0,,,/home/tobeornot8259748/projects/balloon_radar_project/data/raw/detection_dataset/train/Background_IQ/IQ_Data/20260204_100802_beam5_az145.mat,0,0.124886766,47,63,-1,-1,False,0.66963595,0.23780999
20260204_100802_beam5_az154,20260204_100802,5,154.0,,,/home/tobeornot8259748/projects/balloon_radar_project/data/raw/detection_dataset/train/Background_IQ/IQ_Data/20260204_100802_beam5_az154.mat,0,0.055731818,53,59,-1,-1,False,0.634035,0.18829827
20260204_100802_beam5_az163,20260204_100802,5,163.0,,,/home/tobeornot8259748/projects/balloon_radar_project/data/raw/detection_dataset/train/Background_IQ/IQ_Data/20260204_100802_beam5_az163.mat,0,0.046005756,85,127,-1,-1,False,0.29777417,0.0
20260204_100802_beam5_az172,20260204_100802,5,172.0,,,/home/tobeornot8259748/projects/balloon_radar_project/data/raw/detection_dataset/train/Background_IQ/IQ_Data/20260204_100802_beam5_az172.mat,0,0.082213424,84,127,-1,-1,False,0.32402158,0.0022891494
20260204_100802_beam5_az181,20260204_100802,5,181.0,,,/home/tobeornot8259748/projects/balloon_radar_project/data/raw/detection_dataset/train/Background_IQ/IQ_Data/20260204_100802_beam5_az181.mat,0,0.05364029,84,127,-1,-1,False,0.3202991,0.0030340997
20260204_100802_beam5_az190,20260204_100802,5,190.0,,,/home/tobeornot8259748/projects/balloon_radar_project/data/raw/detection_dataset/train/Background_IQ/IQ_Data/20260204_100802_beam5_az190.mat,0,0.08305788,84,127,-1,-1,False,0.33210528,0.0024015652
20260204_100802_beam5_az199,20260204_100802,5,199.0,,,/home/tobeornot8259748/projects/balloon_radar_project/data/raw/detection_dataset/val/Background_IQ/IQ_Data/20260204_100802_beam5_az199.mat,0,0.06601919,0,0,-1,-1,False,0.27849084,0.0
20260204_100802_beam5_az208,20260204_100802,5,208.0,,,/home/tobeornot8259748/projects/balloon_radar_project/data/raw/detection_dataset/train/Background_IQ/IQ_Data/20260204_100802_beam5_az208.mat,0,0.092314005,80,60,-1,-1,False,0.54948777,0.11942116
20260204_100802_beam5_az217,20260204_100802,5,217.0,,,/home/tobeornot8259748/projects/balloon_radar_project/data/raw/detection_dataset/train/Background_IQ/IQ_Data/20260204_100802_beam5_az217.mat,0,0.057977982,4,127,-1,-1,False,0.40606493,0.04566043
20260204_100802_beam5_az226,20260204_100802,5,226.0,,,/home/tobeornot8259748/projects/balloon_radar_project/data/raw/detection_dataset/train/Background_IQ/IQ_Data/20260204_100802_beam5_az226.mat,0,0.06281528,84,127,-1,-1,False,0.3341728,0.0026975868
20260204_100802_beam5_az235,20260204_100802,5,235.0,,,/home/tobeornot8259748/projects/balloon_radar_project/data/raw/detection_dataset/train/Background_IQ/IQ_Data/20260204_100802_beam5_az235.mat,0,0.061663486,84,127,-1,-1,False,0.31377447,0.00038525884
20260204_100802_beam5_az244,20260204_100802,5,244.0,,,/home/tobeornot8259748/projects/balloon_radar_project/data/raw/detection_dataset/train/Background_IQ/IQ_Data/20260204_100802_beam5_az244.mat,0,0.06204467,85,127,-1,-1,False,0.31433615,0.0025437635
20260204_100802_beam5_az253,20260204_100802,5,253.0,,,/home/tobeornot8259748/projects/balloon_radar_project/data/raw/detection_dataset/train/Background_IQ/IQ_Data/20260204_100802_beam5_az253.mat,0,0.0464243,84,127,-1,-1,False,0.2974478,0.0011396597
20260204_100802_beam5_az262,20260204_100802,5,262.0,,,/home/tobeornot8259748/projects/balloon_radar_project/data/raw/detection_dataset/train/Background_IQ/IQ_Data/20260204_100802_beam5_az262.mat,0,0.04833787,28,124,-1,-1,False,0.5416843,0.038758334
20260204_100908_beam1_az001,20260204_100908,1,1.0,,,/home/tobeornot8259748/projects/balloon_radar_project/data/raw/detection_dataset/train/Background_IQ/IQ_Data/20260204_100908_beam1_az001.mat,0,0.07155914,0,0,-1,-1,False,0.27938876,0.0
20260204_100908_beam1_az010,20260204_100908,1,10.0,,,/home/tobeornot8259748/projects/balloon_radar_project/data/raw/detection_dataset/test/Background_IQ/IQ_Data/20260204_100908_beam1_az010.mat,0,0.072712354,4,127,-1,-1,False,0.378913,0.031058025
20260204_100908_beam1_az019,20260204_100908,1,19.0,,,/home/tobeornot8259748/projects/balloon_radar_project/data/raw/detection_dataset/val/Background_IQ/IQ_Data/20260204_100908_beam1_az019.mat,0,0.105593905,51,63,-1,-1,False,0.69306314,0.32475513
20260204_100908_beam1_az028,20260204_100908,1,28.0,,,/home/tobeornot8259748/projects/balloon_radar_project/data/raw/detection_dataset/train/Background_IQ/IQ_Data/20260204_100908_beam1_az028.mat,0,0.048040822,84,127,-1,-1,False,0.3115287,0.009316916
20260204_100908_beam1_az037,20260204_100908,1,37.0,,,/home/tobeornot8259748/projects/balloon_radar_project/data/raw/detection_dataset/val/Background_IQ/IQ_Data/20260204_100908_beam1_az037.mat,0,0.066586345,4,127,-1,-1,False,0.42063826,0.087358
20260204_100908_beam1_az046,20260204_100908,1,46.0,,,/home/tobeornot8259748/projects/balloon_radar_project/data/raw/detection_dataset/test/Background_IQ/IQ_Data/20260204_100908_beam1_az046.mat,0,0.05338422,84,127,-1,-1,False,0.29872727,0.00081704254
20260204_100908_beam1_az055,20260204_100908,1,55.0,,,/home/tobeornot8259748/projects/balloon_radar_project/data/raw/detection_dataset/train/Background_IQ/IQ_Data/20260204_100908_beam1_az055.mat,0,0.05450088,4,127,-1,-1,False,0.4203635,0.08514685
20260204_100908_beam1_az064,20260204_100908,1,64.0,,,/home/tobeornot8259748/projects/balloon_radar_project/data/raw/detection_dataset/train/Background_IQ/IQ_Data/20260204_100908_beam1_az064.mat,0,0.05594215,84,127,-1,-1,False,0.31962246,0.0
20260204_100908_beam1_az073,20260204_100908,1,73.0,,,/home/tobeornot8259748/projects/balloon_radar_project/data/raw/detection_dataset/train/Background_IQ/IQ_Data/20260204_100908_beam1_az073.mat,0,0.09086439,4,127,-1,-1,False,0.41203132,0.09109817
20260204_100908_beam1_az082,20260204_100908,1,82.0,,,/home/tobeornot8259748/projects/balloon_radar_project/data/raw/detection_dataset/test/Background_IQ/IQ_Data/20260204_100908_beam1_az082.mat,0,0.07047396,4,127,-1,-1,False,0.41847336,0.09238221
20260204_100908_beam1_az091,20260204_100908,1,91.0,,,/home/tobeornot8259748/projects/balloon_radar_project/data/raw/detection_dataset/train/Background_IQ/IQ_Data/20260204_100908_beam1_az091.mat,0,0.07410982,4,127,-1,-1,False,0.4272723,0.09220589
20260204_100908_beam1_az100,20260204_100908,1,100.0,,,/home/tobeornot8259748/projects/balloon_radar_project/data/raw/detection_dataset/train/Background_IQ/IQ_Data/20260204_100908_beam1_az100.mat,0,0.054833207,84,127,-1,-1,False,0.2984363,0.009950644
20260204_100908_beam1_az109,20260204_100908,1,109.0,,,/home/tobeornot8259748/projects/balloon_radar_project/data/raw/detection_dataset/train/Background_IQ/IQ_Data/20260204_100908_beam1_az109.mat,0,0.072175115,4,127,-1,-1,False,0.43295428,0.09524941
20260204_100908_beam1_az118,20260204_100908,1,118.0,,,/home/tobeornot8259748/projects/balloon_radar_project/data/raw/detection_dataset/train/Background_IQ/IQ_Data/20260204_100908_beam1_az118.mat,0,0.067719765,4,127,-1,-1,False,0.4195584,0.091232285
20260204_100908_beam1_az127,20260204_100908,1,127.0,,,/home/tobeornot8259748/projects/balloon_radar_project/data/raw/detection_dataset/train/Background_IQ/IQ_Data/20260204_100908_beam1_az127.mat,0,0.09523721,4,127,-1,-1,False,0.4124888,0.09536451
20260204_100908_beam1_az136,20260204_100908,1,136.0,,,/home/tobeornot8259748/projects/balloon_radar_project/data/raw/detection_dataset/test/Background_IQ/IQ_Data/20260204_100908_beam1_az136.mat,0,0.08782664,4,127,-1,-1,False,0.4045475,0.08290591
20260204_100908_beam1_az145,20260204_100908,1,145.0,,,/home/tobeornot8259748/projects/balloon_radar_project/data/raw/detection_dataset/train/Background_IQ/IQ_Data/20260204_100908_beam1_az145.mat,0,0.048944473,84,127,-1,-1,False,0.27381432,0.0
20260204_100908_beam1_az154,20260204_100908,1,154.0,,,/home/tobeornot8259748/projects/balloon_radar_project/data/raw/detection_dataset/train/Background_IQ/IQ_Data/20260204_100908_beam1_az154.mat,0,0.053920228,84,127,-1,-1,False,0.29253164,0.010123688
20260204_100908_beam1_az163,20260204_100908,1,163.0,,,/home/tobeornot8259748/projects/balloon_radar_project/data/raw/detection_dataset/train/Background_IQ/IQ_Data/20260204_100908_beam1_az163.mat,0,0.04438391,0,127,-1,-1,False,0.32783547,0.0
20260204_100908_beam1_az172,20260204_100908,1,172.0,,,/home/tobeornot8259748/projects/balloon_radar_project/data/raw/detection_dataset/val/Background_IQ/IQ_Data/20260204_100908_beam1_az172.mat,0,0.06074476,84,127,-1,-1,False,0.31344265,0.009751706
20260204_100908_beam1_az181,20260204_100908,1,181.0,,,/home/tobeornot8259748/projects/balloon_radar_project/data/raw/detection_dataset/train/Background_IQ/IQ_Data/20260204_100908_beam1_az181.mat,0,0.239754,82,62,-1,-1,False,0.47859794,0.1623317
20260204_100908_beam1_az190,20260204_100908,1,190.0,,,/home/tobeornot8259748/projects/balloon_radar_project/data/raw/detection_dataset/train/Background_IQ/IQ_Data/20260204_100908_beam1_az190.mat,0,0.08339255,20,127,-1,-1,False,0.5401521,0.16401637
20260204_100908_beam1_az199,20260204_100908,1,199.0,,,/home/tobeornot8259748/projects/balloon_radar_project/data/raw/detection_dataset/val/Background_IQ/IQ_Data/20260204_100908_beam1_az199.mat,0,0.04170596,0,127,-1,-1,False,0.28132135,0.0
20260204_100908_beam1_az208,20260204_100908,1,208.0,,,/home/tobeornot8259748/projects/balloon_radar_project/data/raw/detection_dataset/train/Background_IQ/IQ_Data/20260204_100908_beam1_az208.mat,0,0.099756196,4,127,-1,-1,False,0.41989282,0.088247284
20260204_100908_beam1_az217,20260204_100908,1,217.0,,,/home/tobeornot8259748/projects/balloon_radar_project/data/raw/detection_dataset/train/Background_IQ/IQ_Data/20260204_100908_beam1_az217.mat,0,0.075427696,84,127,-1,-1,False,0.28766704,0.00064445584
20260204_100908_beam1_az226,20260204_100908,1,226.0,,,/home/tobeornot8259748/projects/balloon_radar_project/data/raw/detection_dataset/val/Background_IQ/IQ_Data/20260204_100908_beam1_az226.mat,0,0.04957723,0,0,-1,-1,False,0.31255668,0.0
20260204_100908_beam1_az235,20260204_100908,1,235.0,,,/home/tobeornot8259748/projects/balloon_radar_project/data/raw/detection_dataset/train/Background_IQ/IQ_Data/20260204_100908_beam1_az235.mat,0,0.04630009,0,127,-1,-1,False,0.27229232,0.0
20260204_100908_beam1_az244,20260204_100908,1,244.0,,,/home/tobeornot8259748/projects/balloon_radar_project/data/raw/detection_dataset/train/Background_IQ/IQ_Data/20260204_100908_beam1_az244.mat,0,0.1395537,26,32,-1,-1,False,0.6426678,0.15709199
20260204_100908_beam1_az253,20260204_100908,1,253.0,,,/home/tobeornot8259748/projects/balloon_radar_project/data/raw/detection_dataset/train/Background_IQ/IQ_Data/20260204_100908_beam1_az253.mat,0,0.10082034,64,65,-1,-1,False,0.571283,0.113471426
20260204_100908_beam1_az262,20260204_100908,1,262.0,,,/home/tobeornot8259748/projects/balloon_radar_project/data/raw/detection_dataset/train/Background_IQ/IQ_Data/20260204_100908_beam1_az262.mat,0,0.048490807,0,127,-1,-1,False,0.2506242,0.0
20260204_100908_beam2_az001,20260204_100908,2,1.0,,,/home/tobeornot8259748/projects/balloon_radar_project/data/raw/detection_dataset/train/Background_IQ/IQ_Data/20260204_100908_beam2_az001.mat,0,0.06969276,0,0,-1,-1,False,0.2795963,0.0
20260204_100908_beam2_az010,20260204_100908,2,10.0,,,/home/tobeornot8259748/projects/balloon_radar_project/data/raw/detection_dataset/train/Background_IQ/IQ_Data/20260204_100908_beam2_az010.mat,0,0.056708757,0,0,-1,-1,False,0.3159186,0.0
20260204_100908_beam2_az019,20260204_100908,2,19.0,,,/home/tobeornot8259748/projects/balloon_radar_project/data/raw/detection_dataset/test/Background_IQ/IQ_Data/20260204_100908_beam2_az019.mat,0,0.061356947,82,63,-1,-1,False,0.5099333,0.10071344
20260204_100908_beam2_az028,20260204_100908,2,28.0,,,/home/tobeornot8259748/projects/balloon_radar_project/data/raw/detection_dataset/test/Background_IQ/IQ_Data/20260204_100908_beam2_az028.mat,0,0.06481897,84,127,-1,-1,False,0.32390326,0.0025954524
20260204_100908_beam2_az037,20260204_100908,2,37.0,,,/home/tobeornot8259748/projects/balloon_radar_project/data/raw/detection_dataset/train/Background_IQ/IQ_Data/20260204_100908_beam2_az037.mat,0,0.086024255,84,127,-1,-1,False,0.3219227,0.0026094632
20260204_100908_beam2_az046,20260204_100908,2,46.0,,,/home/tobeornot8259748/projects/balloon_radar_project/data/raw/detection_dataset/train/Background_IQ/IQ_Data/20260204_100908_beam2_az046.mat,0,0.048807826,84,127,-1,-1,False,0.31164423,0.0
20260204_100908_beam2_az055,20260204_100908,2,55.0,,,/home/tobeornot8259748/projects/balloon_radar_project/data/raw/detection_dataset/train/Background_IQ/IQ_Data/20260204_100908_beam2_az055.mat,0,0.06750011,84,127,-1,-1,False,0.31821987,0.002788662
20260204_100908_beam2_az064,20260204_100908,2,64.0,,,/home/tobeornot8259748/projects/balloon_radar_project/data/raw/detection_dataset/val/Background_IQ/IQ_Data/20260204_100908_beam2_az064.mat,0,0.042083044,84,127,-1,-1,False,0.3193928,0.0
20260204_100908_beam2_az073,20260204_100908,2,73.0,,,/home/tobeornot8259748/projects/balloon_radar_project/data/raw/detection_dataset/train/Background_IQ/IQ_Data/20260204_100908_beam2_az073.mat,0,0.12816012,43,63,-1,-1,False,0.76852524,0.44823903
20260204_100908_beam2_az082,20260204_100908,2,82.0,,,/home/tobeornot8259748/projects/balloon_radar_project/data/raw/detection_dataset/train/Background_IQ/IQ_Data/20260204_100908_beam2_az082.mat,0,0.060426027,4,127,-1,-1,False,0.43757516,0.07006828
20260204_100908_beam2_az091,20260204_100908,2,91.0,,,/home/tobeornot8259748/projects/balloon_radar_project/data/raw/detection_dataset/train/Background_IQ/IQ_Data/20260204_100908_beam2_az091.mat,0,0.058738843,84,127,-1,-1,False,0.32093465,0.0040274113
20260204_100908_beam2_az100,20260204_100908,2,100.0,,,/home/tobeornot8259748/projects/balloon_radar_project/data/raw/detection_dataset/train/Background_IQ/IQ_Data/20260204_100908_beam2_az100.mat,0,0.06490801,19,127,-1,-1,False,0.57900524,0.18695872
20260204_100908_beam2_az109,20260204_100908,2,109.0,,,/home/tobeornot8259748/projects/balloon_radar_project/data/raw/detection_dataset/train/Background_IQ/IQ_Data/20260204_100908_beam2_az109.mat,0,0.06272439,84,127,-1,-1,False,0.32326502,0.004182149
20260204_100908_beam2_az118,20260204_100908,2,118.0,,,/home/tobeornot8259748/projects/balloon_radar_project/data/raw/detection_dataset/train/Background_IQ/IQ_Data/20260204_100908_beam2_az118.mat,0,0.06480842,57,58,-1,-1,False,0.57668465,0.09997223
20260204_100908_beam2_az127,20260204_100908,2,127.0,,,/home/tobeornot8259748/projects/balloon_radar_project/data/raw/detection_dataset/train/Background_IQ/IQ_Data/20260204_100908_beam2_az127.mat,0,0.09655429,4,127,-1,-1,False,0.43731952,0.07122005
20260204_100908_beam2_az136,20260204_100908,2,136.0,,,/home/tobeornot8259748/projects/balloon_radar_project/data/raw/detection_dataset/test/Background_IQ/IQ_Data/20260204_100908_beam2_az136.mat,0,0.13140123,79,59,-1,-1,False,0.51306003,0.054514255
20260204_100908_beam2_az145,20260204_100908,2,145.0,,,/home/tobeornot8259748/projects/balloon_radar_project/data/raw/detection_dataset/train/Background_IQ/IQ_Data/20260204_100908_beam2_az145.mat,0,0.04660557,62,59,-1,-1,False,0.6518418,0.16573754
20260204_100908_beam2_az154,20260204_100908,2,154.0,,,/home/tobeornot8259748/projects/balloon_radar_project/data/raw/detection_dataset/train/Background_IQ/IQ_Data/20260204_100908_beam2_az154.mat,0,0.07861133,20,127,-1,-1,False,0.5633004,0.17759801
20260204_100908_beam2_az163,20260204_100908,2,163.0,,,/home/tobeornot8259748/projects/balloon_radar_project/data/raw/detection_dataset/test/Background_IQ/IQ_Data/20260204_100908_beam2_az163.mat,0,0.05374691,24,0,-1,-1,False,0.56252885,0.15221769
20260204_100908_beam2_az172,20260204_100908,2,172.0,,,/home/tobeornot8259748/projects/balloon_radar_project/data/raw/detection_dataset/train/Background_IQ/IQ_Data/20260204_100908_beam2_az172.mat,0,0.09096876,84,127,-1,-1,False,0.32862532,0.003846789
20260204_100908_beam2_az181,20260204_100908,2,181.0,,,/home/tobeornot8259748/projects/balloon_radar_project/data/raw/detection_dataset/train/Background_IQ/IQ_Data/20260204_100908_beam2_az181.mat,0,0.2991678,80,62,-1,-1,False,0.60261756,0.2023217
20260204_100908_beam2_az190,20260204_100908,2,190.0,,,/home/tobeornot8259748/projects/balloon_radar_project/data/raw/detection_dataset/train/Background_IQ/IQ_Data/20260204_100908_beam2_az190.mat,0,0.053492803,84,127,-1,-1,False,0.30570754,0.0
20260204_100908_beam2_az199,20260204_100908,2,199.0,,,/home/tobeornot8259748/projects/balloon_radar_project/data/raw/detection_dataset/val/Background_IQ/IQ_Data/20260204_100908_beam2_az199.mat,0,0.04780221,0,0,-1,-1,False,0.2990173,0.0
20260204_100908_beam2_az208,20260204_100908,2,208.0,,,/home/tobeornot8259748/projects/balloon_radar_project/data/raw/detection_dataset/train/Background_IQ/IQ_Data/20260204_100908_beam2_az208.mat,0,0.0686919,62,59,-1,-1,False,0.5635636,0.08657523
20260204_100908_beam2_az217,20260204_100908,2,217.0,,,/home/tobeornot8259748/projects/balloon_radar_project/data/raw/detection_dataset/train/Background_IQ/IQ_Data/20260204_100908_beam2_az217.mat,0,0.075276464,84,127,-1,-1,False,0.30298057,0.0
20260204_100908_beam2_az226,20260204_100908,2,226.0,,,/home/tobeornot8259748/projects/balloon_radar_project/data/raw/detection_dataset/train/Background_IQ/IQ_Data/20260204_100908_beam2_az226.mat,0,0.06804579,84,127,-1,-1,False,0.3005318,0.0
20260204_100908_beam2_az235,20260204_100908,2,235.0,,,/home/tobeornot8259748/projects/balloon_radar_project/data/raw/detection_dataset/val/Background_IQ/IQ_Data/20260204_100908_beam2_az235.mat,0,0.05226685,45,127,-1,-1,False,0.53678024,0.106523365
20260204_100908_beam2_az244,20260204_100908,2,244.0,,,/home/tobeornot8259748/projects/balloon_radar_project/data/raw/detection_dataset/train/Background_IQ/IQ_Data/20260204_100908_beam2_az244.mat,0,0.20312802,28,32,-1,-1,False,0.6974693,0.21779078
20260204_100908_beam2_az253,20260204_100908,2,253.0,,,/home/tobeornot8259748/projects/balloon_radar_project/data/raw/detection_dataset/test/Background_IQ/IQ_Data/20260204_100908_beam2_az253.mat,0,0.14122848,64,64,-1,-1,False,0.57399386,0.12241357
20260204_100908_beam2_az262,20260204_100908,2,262.0,,,/home/tobeornot8259748/projects/balloon_radar_project/data/raw/detection_dataset/train/Background_IQ/IQ_Data/20260204_100908_beam2_az262.mat,0,0.04936098,0,127,-1,-1,False,0.26321483,0.0
20260204_100908_beam3_az001,20260204_100908,3,1.0,,,/home/tobeornot8259748/projects/balloon_radar_project/data/raw/detection_dataset/train/Background_IQ/IQ_Data/20260204_100908_beam3_az001.mat,0,0.100522585,10,59,-1,-1,False,0.6705261,0.38595334
20260204_100908_beam3_az010,20260204_100908,3,10.0,,,/home/tobeornot8259748/projects/balloon_radar_project/data/raw/detection_dataset/train/Background_IQ/IQ_Data/20260204_100908_beam3_az010.mat,0,0.037351783,12,124,-1,-1,False,0.54993457,0.0
20260204_100908_beam3_az019,20260204_100908,3,19.0,,,/home/tobeornot8259748/projects/balloon_radar_project/data/raw/detection_dataset/train/Background_IQ/IQ_Data/20260204_100908_beam3_az019.mat,0,0.073604204,66,66,-1,-1,False,0.90365565,0.71880126
20260204_100908_beam3_az028,20260204_100908,3,28.0,,,/home/tobeornot8259748/projects/balloon_radar_project/data/raw/detection_dataset/train/Background_IQ/IQ_Data/20260204_100908_beam3_az028.mat,0,0.068649784,85,127,-1,-1,False,0.35798517,0.0
20260204_100908_beam3_az037,20260204_100908,3,37.0,,,/home/tobeornot8259748/projects/balloon_radar_project/data/raw/detection_dataset/train/Background_IQ/IQ_Data/20260204_100908_beam3_az037.mat,0,0.16521959,59,61,-1,-1,False,0.7059721,0.116506375
20260204_100908_beam3_az046,20260204_100908,3,46.0,,,/home/tobeornot8259748/projects/balloon_radar_project/data/raw/detection_dataset/val/Background_IQ/IQ_Data/20260204_100908_beam3_az046.mat,0,0.04061518,73,66,-1,-1,False,0.8582429,0.4490685
20260204_100908_beam3_az055,20260204_100908,3,55.0,,,/home/tobeornot8259748/projects/balloon_radar_project/data/raw/detection_dataset/train/Background_IQ/IQ_Data/20260204_100908_beam3_az055.mat,0,0.10276133,85,127,-1,-1,False,0.37531662,0.0
20260204_100908_beam3_az064,20260204_100908,3,64.0,,,/home/tobeornot8259748/projects/balloon_radar_project/data/raw/detection_dataset/train/Background_IQ/IQ_Data/20260204_100908_beam3_az064.mat,0,0.053696495,47,72,-1,-1,False,0.75958866,0.28844413
20260204_100908_beam3_az073,20260204_100908,3,73.0,,,/home/tobeornot8259748/projects/balloon_radar_project/data/raw/detection_dataset/train/Background_IQ/IQ_Data/20260204_100908_beam3_az073.mat,0,0.043970015,39,65,-1,-1,False,0.863389,0.5252881
20260204_100908_beam3_az082,20260204_100908,3,82.0,,,/home/tobeornot8259748/projects/balloon_radar_project/data/raw/detection_dataset/train/Background_IQ/IQ_Data/20260204_100908_beam3_az082.mat,0,0.14144848,30,65,-1,-1,False,0.83681756,0.33078873
20260204_100908_beam3_az091,20260204_100908,3,91.0,,,/home/tobeornot8259748/projects/balloon_radar_project/data/raw/detection_dataset/train/Background_IQ/IQ_Data/20260204_100908_beam3_az091.mat,0,0.08342364,41,65,-1,-1,False,0.81884503,0.24885623
20260204_100908_beam3_az100,20260204_100908,3,100.0,,,/home/tobeornot8259748/projects/balloon_radar_project/data/raw/detection_dataset/val/Background_IQ/IQ_Data/20260204_100908_beam3_az100.mat,0,0.051502462,85,127,-1,-1,False,0.38910276,0.0
20260204_100908_beam3_az109,20260204_100908,3,109.0,,,/home/tobeornot8259748/projects/balloon_radar_project/data/raw/detection_dataset/val/Background_IQ/IQ_Data/20260204_100908_beam3_az109.mat,0,0.07958495,85,127,-1,-1,False,0.40554518,7.733329e-05
20260204_100908_beam3_az118,20260204_100908,3,118.0,,,/home/tobeornot8259748/projects/balloon_radar_project/data/raw/detection_dataset/train/Background_IQ/IQ_Data/20260204_100908_beam3_az118.mat,0,0.14041817,63,64,-1,-1,False,0.72141033,0.1251855
20260204_100908_beam3_az127,20260204_100908,3,127.0,,,/home/tobeornot8259748/projects/balloon_radar_project/data/raw/detection_dataset/train/Background_IQ/IQ_Data/20260204_100908_beam3_az127.mat,0,0.124507524,85,127,-1,-1,False,0.39308798,0.0004006
20260204_100908_beam3_az136,20260204_100908,3,136.0,,,/home/tobeornot8259748/projects/balloon_radar_project/data/raw/detection_dataset/test/Background_IQ/IQ_Data/20260204_100908_beam3_az136.mat,0,0.07262291,64,61,-1,-1,False,0.6771529,0.15633096
20260204_100908_beam3_az145,20260204_100908,3,145.0,,,/home/tobeornot8259748/projects/balloon_radar_project/data/raw/detection_dataset/val/Background_IQ/IQ_Data/20260204_100908_beam3_az145.mat,0,0.040840756,72,66,-1,-1,False,0.7147062,0.25592372
20260204_100908_beam3_az154,20260204_100908,3,154.0,,,/home/tobeornot8259748/projects/balloon_radar_project/data/raw/detection_dataset/test/Background_IQ/IQ_Data/20260204_100908_beam3_az154.mat,0,0.046776466,28,0,-1,-1,False,0.65296483,0.12852763
20260204_100908_beam3_az163,20260204_100908,3,163.0,,,/home/tobeornot8259748/projects/balloon_radar_project/data/raw/detection_dataset/train/Background_IQ/IQ_Data/20260204_100908_beam3_az163.mat,0,0.119692616,39,66,-1,-1,False,0.8677691,0.52294004
20260204_100908_beam3_az172,20260204_100908,3,172.0,,,/home/tobeornot8259748/projects/balloon_radar_project/data/raw/detection_dataset/train/Background_IQ/IQ_Data/20260204_100908_beam3_az172.mat,0,0.05696696,72,69,-1,-1,False,0.673636,0.083046846
20260204_100908_beam3_az181,20260204_100908,3,181.0,,,/home/tobeornot8259748/projects/balloon_radar_project/data/raw/detection_dataset/train/Background_IQ/IQ_Data/20260204_100908_beam3_az181.mat,0,0.045814686,31,127,-1,-1,False,0.583565,0.0882434
20260204_100908_beam3_az190,20260204_100908,3,190.0,,,/home/tobeornot8259748/projects/balloon_radar_project/data/raw/detection_dataset/val/Background_IQ/IQ_Data/20260204_100908_beam3_az190.mat,0,0.033107523,85,127,-1,-1,False,0.33690283,3.1362285e-06
20260204_100908_beam3_az199,20260204_100908,3,199.0,,,/home/tobeornot8259748/projects/balloon_radar_project/data/raw/detection_dataset/val/Background_IQ/IQ_Data/20260204_100908_beam3_az199.mat,0,0.04114938,0,127,-1,-1,False,0.3817543,0.0
20260204_100908_beam3_az208,20260204_100908,3,208.0,,,/home/tobeornot8259748/projects/balloon_radar_project/data/raw/detection_dataset/train/Background_IQ/IQ_Data/20260204_100908_beam3_az208.mat,0,0.08818843,82,64,-1,-1,False,0.58201265,0.121634275
20260204_100908_beam3_az217,20260204_100908,3,217.0,,,/home/tobeornot8259748/projects/balloon_radar_project/data/raw/detection_dataset/train/Background_IQ/IQ_Data/20260204_100908_beam3_az217.mat,0,0.071125366,70,59,-1,-1,False,0.66593957,0.11161402
20260204_100908_beam3_az226,20260204_100908,3,226.0,,,/home/tobeornot8259748/projects/balloon_radar_project/data/raw/detection_dataset/test/Background_IQ/IQ_Data/20260204_100908_beam3_az226.mat,0,0.056660384,75,60,-1,-1,False,0.6463462,0.07169099
20260204_100908_beam3_az235,20260204_100908,3,235.0,,,/home/tobeornot8259748/projects/balloon_radar_project/data/raw/detection_dataset/train/Background_IQ/IQ_Data/20260204_100908_beam3_az235.mat,0,0.06483233,10,59,-1,-1,False,0.68912035,0.41061312
20260204_100908_beam3_az244,20260204_100908,3,244.0,,,/home/tobeornot8259748/projects/balloon_radar_project/data/raw/detection_dataset/train/Background_IQ/IQ_Data/20260204_100908_beam3_az244.mat,0,0.03665037,0,127,-1,-1,False,0.3789882,0.0
20260204_100908_beam3_az253,20260204_100908,3,253.0,,,/home/tobeornot8259748/projects/balloon_radar_project/data/raw/detection_dataset/train/Background_IQ/IQ_Data/20260204_100908_beam3_az253.mat,0,0.086376145,70,66,-1,-1,False,0.7049566,0.23830093
20260204_100908_beam3_az262,20260204_100908,3,262.0,,,/home/tobeornot8259748/projects/balloon_radar_project/data/raw/detection_dataset/test/Background_IQ/IQ_Data/20260204_100908_beam3_az262.mat,0,0.06202927,10,59,-1,-1,False,0.70669156,0.4090285
20260204_100908_beam4_az001,20260204_100908,4,1.0,,,/home/tobeornot8259748/projects/balloon_radar_project/data/raw/detection_dataset/test/Background_IQ/IQ_Data/20260204_100908_beam4_az001.mat,0,0.06949324,0,0,-1,-1,False,0.30975845,0.0
20260204_100908_beam4_az010,20260204_100908,4,10.0,,,/home/tobeornot8259748/projects/balloon_radar_project/data/raw/detection_dataset/test/Background_IQ/IQ_Data/20260204_100908_beam4_az010.mat,0,0.042069066,49,124,-1,-1,False,0.5112731,0.0
20260204_100908_beam4_az019,20260204_100908,4,19.0,,,/home/tobeornot8259748/projects/balloon_radar_project/data/raw/detection_dataset/val/Background_IQ/IQ_Data/20260204_100908_beam4_az019.mat,0,0.112168774,30,107,-1,-1,False,0.68755996,0.15947491
20260204_100908_beam4_az028,20260204_100908,4,28.0,,,/home/tobeornot8259748/projects/balloon_radar_project/data/raw/detection_dataset/test/Background_IQ/IQ_Data/20260204_100908_beam4_az028.mat,0,0.07219214,85,127,-1,-1,False,0.35229832,0.0
20260204_100908_beam4_az037,20260204_100908,4,37.0,,,/home/tobeornot8259748/projects/balloon_radar_project/data/raw/detection_dataset/train/Background_IQ/IQ_Data/20260204_100908_beam4_az037.mat,0,0.14607975,27,109,-1,-1,False,0.6410255,0.091909245
20260204_100908_beam4_az046,20260204_100908,4,46.0,,,/home/tobeornot8259748/projects/balloon_radar_project/data/raw/detection_dataset/train/Background_IQ/IQ_Data/20260204_100908_beam4_az046.mat,0,0.06805259,82,65,-1,-1,False,0.6042381,0.1878253
20260204_100908_beam4_az055,20260204_100908,4,55.0,,,/home/tobeornot8259748/projects/balloon_radar_project/data/raw/detection_dataset/train/Background_IQ/IQ_Data/20260204_100908_beam4_az055.mat,0,0.07816297,38,64,-1,-1,False,0.84952116,0.5241274
20260204_100908_beam4_az064,20260204_100908,4,64.0,,,/home/tobeornot8259748/projects/balloon_radar_project/data/raw/detection_dataset/train/Background_IQ/IQ_Data/20260204_100908_beam4_az064.mat,0,0.09272319,73,66,-1,-1,False,0.8530534,0.56604964
20260204_100908_beam4_az073,20260204_100908,4,73.0,,,/home/tobeornot8259748/projects/balloon_radar_project/data/raw/detection_dataset/test/Background_IQ/IQ_Data/20260204_100908_beam4_az073.mat,0,0.14177074,39,65,-1,-1,False,0.83062166,0.5082447
20260204_100908_beam4_az082,20260204_100908,4,82.0,,,/home/tobeornot8259748/projects/balloon_radar_project/data/raw/detection_dataset/train/Background_IQ/IQ_Data/20260204_100908_beam4_az082.mat,0,0.09240488,30,66,-1,-1,False,0.79265404,0.3413177
20260204_100908_beam4_az091,20260204_100908,4,91.0,,,/home/tobeornot8259748/projects/balloon_radar_project/data/raw/detection_dataset/val/Background_IQ/IQ_Data/20260204_100908_beam4_az091.mat,0,0.092636056,4,127,-1,-1,False,0.457308,0.024778364
20260204_100908_beam4_az100,20260204_100908,4,100.0,,,/home/tobeornot8259748/projects/balloon_radar_project/data/raw/detection_dataset/val/Background_IQ/IQ_Data/20260204_100908_beam4_az100.mat,0,0.042786665,45,58,-1,-1,False,0.6786831,0.1725834
20260204_100908_beam4_az109,20260204_100908,4,109.0,,,/home/tobeornot8259748/projects/balloon_radar_project/data/raw/detection_dataset/val/Background_IQ/IQ_Data/20260204_100908_beam4_az109.mat,0,0.09670193,85,127,-1,-1,False,0.36522108,9.392714e-05
20260204_100908_beam4_az118,20260204_100908,4,118.0,,,/home/tobeornot8259748/projects/balloon_radar_project/data/raw/detection_dataset/train/Background_IQ/IQ_Data/20260204_100908_beam4_az118.mat,0,0.051602267,85,127,-1,-1,False,0.35771602,6.0954346e-05
20260204_100908_beam4_az127,20260204_100908,4,127.0,,,/home/tobeornot8259748/projects/balloon_radar_project/data/raw/detection_dataset/train/Background_IQ/IQ_Data/20260204_100908_beam4_az127.mat,0,0.07498188,47,62,-1,-1,False,0.7434359,0.2406028
20260204_100908_beam4_az136,20260204_100908,4,136.0,,,/home/tobeornot8259748/projects/balloon_radar_project/data/raw/detection_dataset/train/Background_IQ/IQ_Data/20260204_100908_beam4_az136.mat,0,0.048044086,4,127,-1,-1,False,0.43564245,0.017061904
20260204_100908_beam4_az145,20260204_100908,4,145.0,,,/home/tobeornot8259748/projects/balloon_radar_project/data/raw/detection_dataset/test/Background_IQ/IQ_Data/20260204_100908_beam4_az145.mat,0,0.04450354,72,66,-1,-1,False,0.6939809,0.18080144
20260204_100908_beam4_az154,20260204_100908,4,154.0,,,/home/tobeornot8259748/projects/balloon_radar_project/data/raw/detection_dataset/train/Background_IQ/IQ_Data/20260204_100908_beam4_az154.mat,0,0.062764965,28,125,-1,-1,False,0.6170115,0.11826804
20260204_100908_beam4_az163,20260204_100908,4,163.0,,,/home/tobeornot8259748/projects/balloon_radar_project/data/raw/detection_dataset/val/Background_IQ/IQ_Data/20260204_100908_beam4_az163.mat,0,0.11698081,40,66,-1,-1,False,0.8265954,0.4332854
20260204_100908_beam4_az172,20260204_100908,4,172.0,,,/home/tobeornot8259748/projects/balloon_radar_project/data/raw/detection_dataset/train/Background_IQ/IQ_Data/20260204_100908_beam4_az172.mat,0,0.07715998,84,127,-1,-1,False,0.37855282,4.3002936e-05
20260204_100908_beam4_az181,20260204_100908,4,181.0,,,/home/tobeornot8259748/projects/balloon_radar_project/data/raw/detection_dataset/val/Background_IQ/IQ_Data/20260204_100908_beam4_az181.mat,0,0.048347924,0,127,-1,-1,False,0.33922532,0.0
20260204_100908_beam4_az190,20260204_100908,4,190.0,,,/home/tobeornot8259748/projects/balloon_radar_project/data/raw/detection_dataset/train/Background_IQ/IQ_Data/20260204_100908_beam4_az190.mat,0,0.05624265,84,127,-1,-1,False,0.34006527,0.0
20260204_100908_beam4_az199,20260204_100908,4,199.0,,,/home/tobeornot8259748/projects/balloon_radar_project/data/raw/detection_dataset/train/Background_IQ/IQ_Data/20260204_100908_beam4_az199.mat,0,0.06229896,84,127,-1,-1,False,0.3349571,0.0
20260204_100908_beam4_az208,20260204_100908,4,208.0,,,/home/tobeornot8259748/projects/balloon_radar_project/data/raw/detection_dataset/train/Background_IQ/IQ_Data/20260204_100908_beam4_az208.mat,0,0.066877,85,127,-1,-1,False,0.3485668,0.0
20260204_100908_beam4_az217,20260204_100908,4,217.0,,,/home/tobeornot8259748/projects/balloon_radar_project/data/raw/detection_dataset/train/Background_IQ/IQ_Data/20260204_100908_beam4_az217.mat,0,0.09110476,57,63,-1,-1,False,0.73071676,0.2533313
20260204_100908_beam4_az226,20260204_100908,4,226.0,,,/home/tobeornot8259748/projects/balloon_radar_project/data/raw/detection_dataset/train/Background_IQ/IQ_Data/20260204_100908_beam4_az226.mat,0,0.4522857,52,63,-1,-1,False,0.7450138,0.28647
20260204_100908_beam4_az235,20260204_100908,4,235.0,,,/home/tobeornot8259748/projects/balloon_radar_project/data/raw/detection_dataset/train/Background_IQ/IQ_Data/20260204_100908_beam4_az235.mat,0,0.044667643,0,127,-1,-1,False,0.33241144,0.0
20260204_100908_beam4_az244,20260204_100908,4,244.0,,,/home/tobeornot8259748/projects/balloon_radar_project/data/raw/detection_dataset/train/Background_IQ/IQ_Data/20260204_100908_beam4_az244.mat,0,0.036746625,85,127,-1,-1,False,0.30494407,0.0
20260204_100908_beam4_az253,20260204_100908,4,253.0,,,/home/tobeornot8259748/projects/balloon_radar_project/data/raw/detection_dataset/train/Background_IQ/IQ_Data/20260204_100908_beam4_az253.mat,0,0.06663389,82,61,-1,-1,False,0.48268816,0.072148085
20260204_100908_beam4_az262,20260204_100908,4,262.0,,,/home/tobeornot8259748/projects/balloon_radar_project/data/raw/detection_dataset/val/Background_IQ/IQ_Data/20260204_100908_beam4_az262.mat,0,0.053575553,0,0,-1,-1,False,0.33402613,0.0
20260204_100908_beam5_az001,20260204_100908,5,1.0,,,/home/tobeornot8259748/projects/balloon_radar_project/data/raw/detection_dataset/train/Background_IQ/IQ_Data/20260204_100908_beam5_az001.mat,0,0.1000412,20,127,-1,-1,False,0.52567124,0.18584983
20260204_100908_beam5_az010,20260204_100908,5,10.0,,,/home/tobeornot8259748/projects/balloon_radar_project/data/raw/detection_dataset/test/Background_IQ/IQ_Data/20260204_100908_beam5_az010.mat,0,0.04454952,84,127,-1,-1,False,0.29667494,0.0
20260204_100908_beam5_az019,20260204_100908,5,19.0,,,/home/tobeornot8259748/projects/balloon_radar_project/data/raw/detection_dataset/train/Background_IQ/IQ_Data/20260204_100908_beam5_az019.mat,0,0.1436895,30,103,-1,-1,False,0.63965696,0.12515704
20260204_100908_beam5_az028,20260204_100908,5,28.0,,,/home/tobeornot8259748/projects/balloon_radar_project/data/raw/detection_dataset/val/Background_IQ/IQ_Data/20260204_100908_beam5_az028.mat,0,0.06789414,84,127,-1,-1,False,0.3318211,0.0015235752
20260204_100908_beam5_az037,20260204_100908,5,37.0,,,/home/tobeornot8259748/projects/balloon_radar_project/data/raw/detection_dataset/train/Background_IQ/IQ_Data/20260204_100908_beam5_az037.mat,0,0.06117256,39,63,-1,-1,False,0.7714899,0.4609749
20260204_100908_beam5_az046,20260204_100908,5,46.0,,,/home/tobeornot8259748/projects/balloon_radar_project/data/raw/detection_dataset/val/Background_IQ/IQ_Data/20260204_100908_beam5_az046.mat,0,0.089801386,80,61,-1,-1,False,0.5816726,0.13120523
20260204_100908_beam5_az055,20260204_100908,5,55.0,,,/home/tobeornot8259748/projects/balloon_radar_project/data/raw/detection_dataset/train/Background_IQ/IQ_Data/20260204_100908_beam5_az055.mat,0,0.062447965,4,127,-1,-1,False,0.43637586,0.06524329
20260204_100908_beam5_az064,20260204_100908,5,64.0,,,/home/tobeornot8259748/projects/balloon_radar_project/data/raw/detection_dataset/train/Background_IQ/IQ_Data/20260204_100908_beam5_az064.mat,0,0.059116755,84,127,-1,-1,False,0.33583143,7.20532e-05
20260204_100908_beam5_az073,20260204_100908,5,73.0,,,/home/tobeornot8259748/projects/balloon_radar_project/data/raw/detection_dataset/val/Background_IQ/IQ_Data/20260204_100908_beam5_az073.mat,0,0.106277674,39,65,-1,-1,False,0.71975183,0.36041975
20260204_100908_beam5_az082,20260204_100908,5,82.0,,,/home/tobeornot8259748/projects/balloon_radar_project/data/raw/detection_dataset/train/Background_IQ/IQ_Data/20260204_100908_beam5_az082.mat,0,0.0933175,39,64,-1,-1,False,0.6816948,0.28543466
20260204_100908_beam5_az091,20260204_100908,5,91.0,,,/home/tobeornot8259748/projects/balloon_radar_project/data/raw/detection_dataset/train/Background_IQ/IQ_Data/20260204_100908_beam5_az091.mat,0,0.09201749,4,127,-1,-1,False,0.42993352,0.06750649
20260204_100908_beam5_az100,20260204_100908,5,100.0,,,/home/tobeornot8259748/projects/balloon_radar_project/data/raw/detection_dataset/test/Background_IQ/IQ_Data/20260204_100908_beam5_az100.mat,0,0.052660316,84,127,-1,-1,False,0.32376465,0.0029972515
20260204_100908_beam5_az109,20260204_100908,5,109.0,,,/home/tobeornot8259748/projects/balloon_radar_project/data/raw/detection_dataset/train/Background_IQ/IQ_Data/20260204_100908_beam5_az109.mat,0,0.067056276,4,127,-1,-1,False,0.44153255,0.0647176
20260204_100908_beam5_az118,20260204_100908,5,118.0,,,/home/tobeornot8259748/projects/balloon_radar_project/data/raw/detection_dataset/test/Background_IQ/IQ_Data/20260204_100908_beam5_az118.mat,0,0.057428215,85,127,-1,-1,False,0.3300429,0.0041664075
20260204_100908_beam5_az127,20260204_100908,5,127.0,,,/home/tobeornot8259748/projects/balloon_radar_project/data/raw/detection_dataset/test/Background_IQ/IQ_Data/20260204_100908_beam5_az127.mat,0,0.056491993,49,62,-1,-1,False,0.657549,0.21314332
20260204_100908_beam5_az136,20260204_100908,5,136.0,,,/home/tobeornot8259748/projects/balloon_radar_project/data/raw/detection_dataset/train/Background_IQ/IQ_Data/20260204_100908_beam5_az136.mat,0,0.13116853,4,127,-1,-1,False,0.4133592,0.06113833
20260204_100908_beam5_az145,20260204_100908,5,145.0,,,/home/tobeornot8259748/projects/balloon_radar_project/data/raw/detection_dataset/test/Background_IQ/IQ_Data/20260204_100908_beam5_az145.mat,0,0.052899744,85,127,-1,-1,False,0.29960755,0.0
20260204_100908_beam5_az154,20260204_100908,5,154.0,,,/home/tobeornot8259748/projects/balloon_radar_project/data/raw/detection_dataset/val/Background_IQ/IQ_Data/20260204_100908_beam5_az154.mat,0,0.1342801,57,65,-1,-1,False,0.75754654,0.3757465
20260204_100908_beam5_az163,20260204_100908,5,163.0,,,/home/tobeornot8259748/projects/balloon_radar_project/data/raw/detection_dataset/train/Background_IQ/IQ_Data/20260204_100908_beam5_az163.mat,0,0.050353065,84,127,-1,-1,False,0.33144608,0.0029297858
20260204_100908_beam5_az172,20260204_100908,5,172.0,,,/home/tobeornot8259748/projects/balloon_radar_project/data/raw/detection_dataset/test/Background_IQ/IQ_Data/20260204_100908_beam5_az172.mat,0,0.07747675,84,127,-1,-1,False,0.3326511,0.0018760312
20260204_100908_beam5_az181,20260204_100908,5,181.0,,,/home/tobeornot8259748/projects/balloon_radar_project/data/raw/detection_dataset/train/Background_IQ/IQ_Data/20260204_100908_beam5_az181.mat,0,0.04430299,31,127,-1,-1,False,0.542973,0.09526208
20260204_100908_beam5_az190,20260204_100908,5,190.0,,,/home/tobeornot8259748/projects/balloon_radar_project/data/raw/detection_dataset/train/Background_IQ/IQ_Data/20260204_100908_beam5_az190.mat,0,0.10801228,80,60,-1,-1,False,0.5460197,0.13310386
20260204_100908_beam5_az199,20260204_100908,5,199.0,,,/home/tobeornot8259748/projects/balloon_radar_project/data/raw/detection_dataset/val/Background_IQ/IQ_Data/20260204_100908_beam5_az199.mat,0,0.09654771,4,127,-1,-1,False,0.41347867,0.046054456
20260204_100908_beam5_az208,20260204_100908,5,208.0,,,/home/tobeornot8259748/projects/balloon_radar_project/data/raw/detection_dataset/train/Background_IQ/IQ_Data/20260204_100908_beam5_az208.mat,0,0.06279709,84,127,-1,-1,False,0.33730194,0.003027391
20260204_100908_beam5_az217,20260204_100908,5,217.0,,,/home/tobeornot8259748/projects/balloon_radar_project/data/raw/detection_dataset/train/Background_IQ/IQ_Data/20260204_100908_beam5_az217.mat,0,0.077207305,84,127,-1,-1,False,0.31966862,0.0009568162
20260204_100908_beam5_az226,20260204_100908,5,226.0,,,/home/tobeornot8259748/projects/balloon_radar_project/data/raw/detection_dataset/train/Background_IQ/IQ_Data/20260204_100908_beam5_az226.mat,0,0.059010632,84,127,-1,-1,False,0.32711712,0.0025384591
20260204_100908_beam5_az235,20260204_100908,5,235.0,,,/home/tobeornot8259748/projects/balloon_radar_project/data/raw/detection_dataset/train/Background_IQ/IQ_Data/20260204_100908_beam5_az235.mat,0,0.04952552,84,127,-1,-1,False,0.30243507,0.001680713
20260204_100908_beam5_az244,20260204_100908,5,244.0,,,/home/tobeornot8259748/projects/balloon_radar_project/data/raw/detection_dataset/train/Background_IQ/IQ_Data/20260204_100908_beam5_az244.mat,0,0.04727144,28,35,-1,-1,False,0.60529804,0.1167767
20260204_100908_beam5_az253,20260204_100908,5,253.0,,,/home/tobeornot8259748/projects/balloon_radar_project/data/raw/detection_dataset/train/Background_IQ/IQ_Data/20260204_100908_beam5_az253.mat,0,0.06906665,82,61,-1,-1,False,0.44686875,0.06463806
20260204_100908_beam5_az262,20260204_100908,5,262.0,,,/home/tobeornot8259748/projects/balloon_radar_project/data/raw/detection_dataset/train/Background_IQ/IQ_Data/20260204_100908_beam5_az262.mat,0,0.05951992,84,127,-1,-1,False,0.3014281,0.0
20260204_100932_beam1_az001,20260204_100932,1,1.0,,,/home/tobeornot8259748/projects/balloon_radar_project/data/raw/detection_dataset/train/Background_IQ/IQ_Data/20260204_100932_beam1_az001.mat,0,0.16575135,82,60,-1,-1,False,0.47647238,0.11157171
20260204_100932_beam1_az010,20260204_100932,1,10.0,,,/home/tobeornot8259748/projects/balloon_radar_project/data/raw/detection_dataset/train/Background_IQ/IQ_Data/20260204_100932_beam1_az010.mat,0,0.053762358,81,65,-1,-1,False,0.51326954,0.07115463
20260204_100932_beam1_az019,20260204_100932,1,19.0,,,/home/tobeornot8259748/projects/balloon_radar_project/data/raw/detection_dataset/val/Background_IQ/IQ_Data/20260204_100932_beam1_az019.mat,0,0.20276542,53,56,-1,-1,False,0.6470847,0.15155417
20260204_100932_beam1_az028,20260204_100932,1,28.0,,,/home/tobeornot8259748/projects/balloon_radar_project/data/raw/detection_dataset/test/Background_IQ/IQ_Data/20260204_100932_beam1_az028.mat,0,0.03867956,0,127,-1,-1,False,0.38284397,0.0
20260204_100932_beam1_az037,20260204_100932,1,37.0,,,/home/tobeornot8259748/projects/balloon_radar_project/data/raw/detection_dataset/train/Background_IQ/IQ_Data/20260204_100932_beam1_az037.mat,0,0.1334392,58,59,-1,-1,False,0.6385495,0.2268352
20260204_100932_beam1_az046,20260204_100932,1,46.0,,,/home/tobeornot8259748/projects/balloon_radar_project/data/raw/detection_dataset/val/Background_IQ/IQ_Data/20260204_100932_beam1_az046.mat,0,0.07390606,90,60,-1,-1,False,0.4626073,0.14010341
20260204_100932_beam1_az055,20260204_100932,1,55.0,,,/home/tobeornot8259748/projects/balloon_radar_project/data/raw/detection_dataset/train/Background_IQ/IQ_Data/20260204_100932_beam1_az055.mat,0,0.48294878,81,62,-1,-1,False,0.56123835,0.2395702
20260204_100932_beam1_az064,20260204_100932,1,64.0,,,/home/tobeornot8259748/projects/balloon_radar_project/data/raw/detection_dataset/train/Background_IQ/IQ_Data/20260204_100932_beam1_az064.mat,0,0.05114952,78,124,-1,-1,False,0.63905376,0.060896486
20260204_100932_beam1_az073,20260204_100932,1,73.0,,,/home/tobeornot8259748/projects/balloon_radar_project/data/raw/detection_dataset/train/Background_IQ/IQ_Data/20260204_100932_beam1_az073.mat,0,0.09618714,53,59,-1,-1,False,0.58740675,0.16092135
20260204_100932_beam1_az082,20260204_100932,1,82.0,,,/home/tobeornot8259748/projects/balloon_radar_project/data/raw/detection_dataset/train/Background_IQ/IQ_Data/20260204_100932_beam1_az082.mat,0,0.035449374,0,127,-1,-1,False,0.37936914,0.0
20260204_100932_beam1_az091,20260204_100932,1,91.0,,,/home/tobeornot8259748/projects/balloon_radar_project/data/raw/detection_dataset/train/Background_IQ/IQ_Data/20260204_100932_beam1_az091.mat,0,0.2887308,81,60,-1,-1,False,0.5957552,0.27543497
20260204_100932_beam1_az100,20260204_100932,1,100.0,,,/home/tobeornot8259748/projects/balloon_radar_project/data/raw/detection_dataset/train/Background_IQ/IQ_Data/20260204_100932_beam1_az100.mat,0,0.11648481,37,60,-1,-1,False,0.68343854,0.16550058
20260204_100932_beam1_az109,20260204_100932,1,109.0,,,/home/tobeornot8259748/projects/balloon_radar_project/data/raw/detection_dataset/train/Background_IQ/IQ_Data/20260204_100932_beam1_az109.mat,0,0.22651757,81,60,-1,-1,False,0.5264111,0.14056697
20260204_100932_beam1_az118,20260204_100932,1,118.0,,,/home/tobeornot8259748/projects/balloon_radar_project/data/raw/detection_dataset/train/Background_IQ/IQ_Data/20260204_100932_beam1_az118.mat,0,0.07573088,13,66,-1,-1,False,0.77656424,0.5167903
20260204_100932_beam1_az127,20260204_100932,1,127.0,,,/home/tobeornot8259748/projects/balloon_radar_project/data/raw/detection_dataset/test/Background_IQ/IQ_Data/20260204_100932_beam1_az127.mat,0,0.2741131,80,60,-1,-1,False,0.5697299,0.16699277
20260204_100932_beam1_az136,20260204_100932,1,136.0,,,/home/tobeornot8259748/projects/balloon_radar_project/data/raw/detection_dataset/train/Background_IQ/IQ_Data/20260204_100932_beam1_az136.mat,0,0.07845472,58,59,-1,-1,False,0.59873766,0.13487373
20260204_100932_beam1_az145,20260204_100932,1,145.0,,,/home/tobeornot8259748/projects/balloon_radar_project/data/raw/detection_dataset/train/Background_IQ/IQ_Data/20260204_100932_beam1_az145.mat,0,0.06862247,0,0,-1,-1,False,0.28439343,0.0
20260204_100932_beam1_az154,20260204_100932,1,154.0,,,/home/tobeornot8259748/projects/balloon_radar_project/data/raw/detection_dataset/train/Background_IQ/IQ_Data/20260204_100932_beam1_az154.mat,0,0.064628564,0,0,-1,-1,False,0.30964354,0.0
20260204_100932_beam1_az163,20260204_100932,1,163.0,,,/home/tobeornot8259748/projects/balloon_radar_project/data/raw/detection_dataset/train/Background_IQ/IQ_Data/20260204_100932_beam1_az163.mat,0,0.16257167,52,60,-1,-1,False,0.65612286,0.26134422
20260204_100932_beam1_az172,20260204_100932,1,172.0,,,/home/tobeornot8259748/projects/balloon_radar_project/data/raw/detection_dataset/train/Background_IQ/IQ_Data/20260204_100932_beam1_az172.mat,0,0.103674956,66,60,-1,-1,False,0.6460848,0.077715255
20260204_100932_beam1_az181,20260204_100932,1,181.0,,,/home/tobeornot8259748/projects/balloon_radar_project/data/raw/detection_dataset/test/Background_IQ/IQ_Data/20260204_100932_beam1_az181.mat,0,0.13167532,52,59,-1,-1,False,0.6957013,0.22622775
20260204_100932_beam1_az190,20260204_100932,1,190.0,,,/home/tobeornot8259748/projects/balloon_radar_project/data/raw/detection_dataset/train/Background_IQ/IQ_Data/20260204_100932_beam1_az190.mat,0,0.09322794,36,65,-1,-1,False,0.8392205,0.65204734
20260204_100932_beam1_az199,20260204_100932,1,199.0,,,/home/tobeornot8259748/projects/balloon_radar_project/data/raw/detection_dataset/train/Background_IQ/IQ_Data/20260204_100932_beam1_az199.mat,0,0.040398106,84,127,-1,-1,False,0.36726582,5.402549e-06
20260204_100932_beam2_az001,20260204_100932,2,1.0,,,/home/tobeornot8259748/projects/balloon_radar_project/data/raw/detection_dataset/test/Background_IQ/IQ_Data/20260204_100932_beam2_az001.mat,0,0.06989578,69,63,-1,-1,False,0.5700296,0.07553289
20260204_100932_beam2_az010,20260204_100932,2,10.0,,,/home/tobeornot8259748/projects/balloon_radar_project/data/raw/detection_dataset/train/Background_IQ/IQ_Data/20260204_100932_beam2_az010.mat,0,0.057731647,56,61,-1,-1,False,0.682002,0.110286884
20260204_100932_beam2_az019,20260204_100932,2,19.0,,,/home/tobeornot8259748/projects/balloon_radar_project/data/raw/detection_dataset/val/Background_IQ/IQ_Data/20260204_100932_beam2_az019.mat,0,0.2451103,54,93,-1,-1,False,0.5844498,0.047616582
20260204_100932_beam2_az028,20260204_100932,2,28.0,,,/home/tobeornot8259748/projects/balloon_radar_project/data/raw/detection_dataset/train/Background_IQ/IQ_Data/20260204_100932_beam2_az028.mat,0,0.037574872,0,127,-1,-1,False,0.38693562,0.0
20260204_100932_beam2_az037,20260204_100932,2,37.0,,,/home/tobeornot8259748/projects/balloon_radar_project/data/raw/detection_dataset/val/Background_IQ/IQ_Data/20260204_100932_beam2_az037.mat,0,0.110669956,61,59,-1,-1,False,0.63216776,0.19631472
20260204_100932_beam2_az046,20260204_100932,2,46.0,,,/home/tobeornot8259748/projects/balloon_radar_project/data/raw/detection_dataset/train/Background_IQ/IQ_Data/20260204_100932_beam2_az046.mat,0,0.08402292,90,60,-1,-1,False,0.4355779,0.11403709
20260204_100932_beam2_az055,20260204_100932,2,55.0,,,/home/tobeornot8259748/projects/balloon_radar_project/data/raw/detection_dataset/train/Background_IQ/IQ_Data/20260204_100932_beam2_az055.mat,0,0.28217733,80,60,-1,-1,False,0.578117,0.19543004
20260204_100932_beam2_az064,20260204_100932,2,64.0,,,/home/tobeornot8259748/projects/balloon_radar_project/data/raw/detection_dataset/test/Background_IQ/IQ_Data/20260204_100932_beam2_az064.mat,0,0.07483855,90,60,-1,-1,False,0.44128984,0.114444315
20260204_100932_beam2_az073,20260204_100932,2,73.0,,,/home/tobeornot8259748/projects/balloon_radar_project/data/raw/detection_dataset/test/Background_IQ/IQ_Data/20260204_100932_beam2_az073.mat,0,0.100306764,54,69,-1,-1,False,0.6024443,0.15814611
20260204_100932_beam2_az082,20260204_100932,2,82.0,,,/home/tobeornot8259748/projects/balloon_radar_project/data/raw/detection_dataset/train/Background_IQ/IQ_Data/20260204_100932_beam2_az082.mat,0,0.03022168,0,127,-1,-1,False,0.40517965,0.0
20260204_100932_beam2_az091,20260204_100932,2,91.0,,,/home/tobeornot8259748/projects/balloon_radar_project/data/raw/detection_dataset/train/Background_IQ/IQ_Data/20260204_100932_beam2_az091.mat,0,0.13393451,81,60,-1,-1,False,0.60363775,0.26883575
20260204_100932_beam2_az100,20260204_100932,2,100.0,,,/home/tobeornot8259748/projects/balloon_radar_project/data/raw/detection_dataset/train/Background_IQ/IQ_Data/20260204_100932_beam2_az100.mat,0,0.08057515,90,60,-1,-1,False,0.47979984,0.1428534
20260204_100932_beam2_az109,20260204_100932,2,109.0,,,/home/tobeornot8259748/projects/balloon_radar_project/data/raw/detection_dataset/train/Background_IQ/IQ_Data/20260204_100932_beam2_az109.mat,0,0.15480845,13,66,-1,-1,False,0.76517385,0.3912446
20260204_100932_beam2_az118,20260204_100932,2,118.0,,,/home/tobeornot8259748/projects/balloon_radar_project/data/raw/detection_dataset/train/Background_IQ/IQ_Data/20260204_100932_beam2_az118.mat,0,0.14228512,16,62,-1,-1,False,0.64722097,0.37075517
20260204_100932_beam2_az127,20260204_100932,2,127.0,,,/home/tobeornot8259748/projects/balloon_radar_project/data/raw/detection_dataset/train/Background_IQ/IQ_Data/20260204_100932_beam2_az127.mat,0,0.1638517,80,60,-1,-1,False,0.59824604,0.18058176
20260204_100932_beam2_az136,20260204_100932,2,136.0,,,/home/tobeornot8259748/projects/balloon_radar_project/data/raw/detection_dataset/train/Background_IQ/IQ_Data/20260204_100932_beam2_az136.mat,0,0.112050384,56,59,-1,-1,False,0.6464401,0.16276388
20260204_100932_beam2_az145,20260204_100932,2,145.0,,,/home/tobeornot8259748/projects/balloon_radar_project/data/raw/detection_dataset/train/Background_IQ/IQ_Data/20260204_100932_beam2_az145.mat,0,0.09175676,58,59,-1,-1,False,0.5481143,0.15373807
20260204_100932_beam2_az154,20260204_100932,2,154.0,,,/home/tobeornot8259748/projects/balloon_radar_project/data/raw/detection_dataset/val/Background_IQ/IQ_Data/20260204_100932_beam2_az154.mat,0,0.09041606,90,60,-1,-1,False,0.44373962,0.12998503
20260204_100932_beam2_az163,20260204_100932,2,163.0,,,/home/tobeornot8259748/projects/balloon_radar_project/data/raw/detection_dataset/test/Background_IQ/IQ_Data/20260204_100932_beam2_az163.mat,0,0.15849411,64,59,-1,-1,False,0.66410995,0.2291613
20260204_100932_beam2_az172,20260204_100932,2,172.0,,,/home/tobeornot8259748/projects/balloon_radar_project/data/raw/detection_dataset/val/Background_IQ/IQ_Data/20260204_100932_beam2_az172.mat,0,0.062920704,52,124,-1,-1,False,0.64507776,0.012764192
20260204_100932_beam2_az181,20260204_100932,2,181.0,,,/home/tobeornot8259748/projects/balloon_radar_project/data/raw/detection_dataset/test/Background_IQ/IQ_Data/20260204_100932_beam2_az181.mat,0,0.19435047,72,59,-1,-1,False,0.6638809,0.16573766
20260204_100932_beam2_az190,20260204_100932,2,190.0,,,/home/tobeornot8259748/projects/balloon_radar_project/data/raw/detection_dataset/train/Background_IQ/IQ_Data/20260204_100932_beam2_az190.mat,0,0.08224905,85,127,-1,-1,False,0.35579926,0.0
20260204_100932_beam2_az199,20260204_100932,2,199.0,,,/home/tobeornot8259748/projects/balloon_radar_project/data/raw/detection_dataset/train/Background_IQ/IQ_Data/20260204_100932_beam2_az199.mat,0,0.060821217,45,69,-1,-1,False,0.67044955,0.1271566
20260204_100932_beam3_az001,20260204_100932,3,1.0,,,/home/tobeornot8259748/projects/balloon_radar_project/data/raw/detection_dataset/test/Background_IQ/IQ_Data/20260204_100932_beam3_az001.mat,0,0.1601572,11,69,-1,-1,False,0.697851,0.36402035
20260204_100932_beam3_az010,20260204_100932,3,10.0,,,/home/tobeornot8259748/projects/balloon_radar_project/data/raw/detection_dataset/test/Background_IQ/IQ_Data/20260204_100932_beam3_az010.mat,0,0.14325424,62,61,-1,-1,False,0.6669214,0.07954542
20260204_100932_beam3_az019,20260204_100932,3,19.0,,,/home/tobeornot8259748/projects/balloon_radar_project/data/raw/detection_dataset/train/Background_IQ/IQ_Data/20260204_100932_beam3_az019.mat,0,0.21694013,52,58,-1,-1,False,0.6887373,0.16990584
20260204_100932_beam3_az028,20260204_100932,3,28.0,,,/home/tobeornot8259748/projects/balloon_radar_project/data/raw/detection_dataset/test/Background_IQ/IQ_Data/20260204_100932_beam3_az028.mat,0,0.056679096,15,59,-1,-1,False,0.6649899,0.37594023
20260204_100932_beam3_az037,20260204_100932,3,37.0,,,/home/tobeornot8259748/projects/balloon_radar_project/data/raw/detection_dataset/train/Background_IQ/IQ_Data/20260204_100932_beam3_az037.mat,0,0.24013321,15,59,-1,-1,False,0.6234948,0.32711768
20260204_100932_beam3_az046,20260204_100932,3,46.0,,,/home/tobeornot8259748/projects/balloon_radar_project/data/raw/detection_dataset/train/Background_IQ/IQ_Data/20260204_100932_beam3_az046.mat,0,0.16064647,18,60,-1,-1,False,0.5959233,0.31416732
20260204_100932_beam3_az055,20260204_100932,3,55.0,,,/home/tobeornot8259748/projects/balloon_radar_project/data/raw/detection_dataset/train/Background_IQ/IQ_Data/20260204_100932_beam3_az055.mat,0,0.22322543,15,59,-1,-1,False,0.57854587,0.2689472
20260204_100932_beam3_az064,20260204_100932,3,64.0,,,/home/tobeornot8259748/projects/balloon_radar_project/data/raw/detection_dataset/train/Background_IQ/IQ_Data/20260204_100932_beam3_az064.mat,0,0.15676157,15,59,-1,-1,False,0.61001194,0.34301442
20260204_100932_beam3_az073,20260204_100932,3,73.0,,,/home/tobeornot8259748/projects/balloon_radar_project/data/raw/detection_dataset/train/Background_IQ/IQ_Data/20260204_100932_beam3_az073.mat,0,0.16824819,14,69,-1,-1,False,0.6440368,0.34976974
20260204_100932_beam3_az082,20260204_100932,3,82.0,,,/home/tobeornot8259748/projects/balloon_radar_project/data/raw/detection_dataset/val/Background_IQ/IQ_Data/20260204_100932_beam3_az082.mat,0,0.08077941,11,59,-1,-1,False,0.7183862,0.38222557
20260204_100932_beam3_az091,20260204_100932,3,91.0,,,/home/tobeornot8259748/projects/balloon_radar_project/data/raw/detection_dataset/train/Background_IQ/IQ_Data/20260204_100932_beam3_az091.mat,0,0.2450816,15,59,-1,-1,False,0.6135454,0.3182264
20260204_100932_beam3_az100,20260204_100932,3,100.0,,,/home/tobeornot8259748/projects/balloon_radar_project/data/raw/detection_dataset/train/Background_IQ/IQ_Data/20260204_100932_beam3_az100.mat,0,0.15958937,15,59,-1,-1,False,0.62628835,0.34728912
20260204_100932_beam3_az109,20260204_100932,3,109.0,,,/home/tobeornot8259748/projects/balloon_radar_project/data/raw/detection_dataset/train/Background_IQ/IQ_Data/20260204_100932_beam3_az109.mat,0,0.10229584,15,59,-1,-1,False,0.5441845,0.22807136
20260204_100932_beam3_az118,20260204_100932,3,118.0,,,/home/tobeornot8259748/projects/balloon_radar_project/data/raw/detection_dataset/train/Background_IQ/IQ_Data/20260204_100932_beam3_az118.mat,0,0.14247717,18,60,-1,-1,False,0.55499774,0.24374674
20260204_100932_beam3_az127,20260204_100932,3,127.0,,,/home/tobeornot8259748/projects/balloon_radar_project/data/raw/detection_dataset/test/Background_IQ/IQ_Data/20260204_100932_beam3_az127.mat,0,0.15805759,15,59,-1,-1,False,0.5646605,0.19639905
20260204_100932_beam3_az136,20260204_100932,3,136.0,,,/home/tobeornot8259748/projects/balloon_radar_project/data/raw/detection_dataset/train/Background_IQ/IQ_Data/20260204_100932_beam3_az136.mat,0,0.16542591,18,60,-1,-1,False,0.6128558,0.31057438
20260204_100932_beam3_az145,20260204_100932,3,145.0,,,/home/tobeornot8259748/projects/balloon_radar_project/data/raw/detection_dataset/train/Background_IQ/IQ_Data/20260204_100932_beam3_az145.mat,0,0.1966509,15,59,-1,-1,False,0.56707245,0.21880335
20260204_100932_beam3_az154,20260204_100932,3,154.0,,,/home/tobeornot8259748/projects/balloon_radar_project/data/raw/detection_dataset/train/Background_IQ/IQ_Data/20260204_100932_beam3_az154.mat,0,0.2751699,16,60,-1,-1,False,0.6245123,0.37008289
20260204_100932_beam3_az163,20260204_100932,3,163.0,,,/home/tobeornot8259748/projects/balloon_radar_project/data/raw/detection_dataset/train/Background_IQ/IQ_Data/20260204_100932_beam3_az163.mat,0,0.19490197,0,69,-1,-1,False,0.45346752,0.11179522
20260204_100932_beam3_az172,20260204_100932,3,172.0,,,/home/tobeornot8259748/projects/balloon_radar_project/data/raw/detection_dataset/train/Background_IQ/IQ_Data/20260204_100932_beam3_az172.mat,0,0.08865518,52,124,-1,-1,False,0.6730374,0.029043427
20260204_100932_beam3_az181,20260204_100932,3,181.0,,,/home/tobeornot8259748/projects/balloon_radar_project/data/raw/detection_dataset/val/Background_IQ/IQ_Data/20260204_100932_beam3_az181.mat,0,0.37767175,72,66,-1,-1,False,0.7294904,0.29133466
20260204_100932_beam3_az190,20260204_100932,3,190.0,,,/home/tobeornot8259748/projects/balloon_radar_project/data/raw/detection_dataset/train/Background_IQ/IQ_Data/20260204_100932_beam3_az190.mat,0,0.14261308,76,62,-1,-1,False,0.7483887,0.07001572
20260204_100932_beam3_az199,20260204_100932,3,199.0,,,/home/tobeornot8259748/projects/balloon_radar_project/data/raw/detection_dataset/train/Background_IQ/IQ_Data/20260204_100932_beam3_az199.mat,0,0.3026085,47,59,-1,-1,False,0.7295987,0.13270892
20260204_100932_beam4_az001,20260204_100932,4,1.0,,,/home/tobeornot8259748/projects/balloon_radar_project/data/raw/detection_dataset/train/Background_IQ/IQ_Data/20260204_100932_beam4_az001.mat,0,0.09235118,57,59,-1,-1,False,0.6229368,0.08879585
20260204_100932_beam4_az010,20260204_100932,4,10.0,,,/home/tobeornot8259748/projects/balloon_radar_project/data/raw/detection_dataset/train/Background_IQ/IQ_Data/20260204_100932_beam4_az010.mat,0,0.08222201,62,61,-1,-1,False,0.6656113,0.060473103
20260204_100932_beam4_az019,20260204_100932,4,19.0,,,/home/tobeornot8259748/projects/balloon_radar_project/data/raw/detection_dataset/test/Background_IQ/IQ_Data/20260204_100932_beam4_az019.mat,0,0.191109,61,69,-1,-1,False,0.6862408,0.16073136
20260204_100932_beam4_az028,20260204_100932,4,28.0,,,/home/tobeornot8259748/projects/balloon_radar_project/data/raw/detection_dataset/train/Background_IQ/IQ_Data/20260204_100932_beam4_az028.mat,0,0.032800235,38,0,-1,-1,False,0.62048185,0.060456663
20260204_100932_beam4_az037,20260204_100932,4,37.0,,,/home/tobeornot8259748/projects/balloon_radar_project/data/raw/detection_dataset/train/Background_IQ/IQ_Data/20260204_100932_beam4_az037.mat,0,0.14406961,61,59,-1,-1,False,0.607308,0.10026978
20260204_100932_beam4_az046,20260204_100932,4,46.0,,,/home/tobeornot8259748/projects/balloon_radar_project/data/raw/detection_dataset/train/Background_IQ/IQ_Data/20260204_100932_beam4_az046.mat,0,0.111055024,90,60,-1,-1,False,0.4178491,0.114766315
20260204_100932_beam4_az055,20260204_100932,4,55.0,,,/home/tobeornot8259748/projects/balloon_radar_project/data/raw/detection_dataset/val/Background_IQ/IQ_Data/20260204_100932_beam4_az055.mat,0,0.12405258,90,60,-1,-1,False,0.44313118,0.13101287
20260204_100932_beam4_az064,20260204_100932,4,64.0,,,/home/tobeornot8259748/projects/balloon_radar_project/data/raw/detection_dataset/test/Background_IQ/IQ_Data/20260204_100932_beam4_az064.mat,0,0.0911008,90,60,-1,-1,False,0.4687853,0.16133183
20260204_100932_beam4_az073,20260204_100932,4,73.0,,,/home/tobeornot8259748/projects/balloon_radar_project/data/raw/detection_dataset/val/Background_IQ/IQ_Data/20260204_100932_beam4_az073.mat,0,0.10705393,35,69,-1,-1,False,0.7217179,0.24125502
20260204_100932_beam4_az082,20260204_100932,4,82.0,,,/home/tobeornot8259748/projects/balloon_radar_project/data/raw/detection_dataset/train/Background_IQ/IQ_Data/20260204_100932_beam4_az082.mat,0,0.061832875,49,68,-1,-1,False,0.7117454,0.15081361
20260204_100932_beam4_az091,20260204_100932,4,91.0,,,/home/tobeornot8259748/projects/balloon_radar_project/data/raw/detection_dataset/test/Background_IQ/IQ_Data/20260204_100932_beam4_az091.mat,0,0.27662906,79,61,-1,-1,False,0.65007967,0.24473721
20260204_100932_beam4_az100,20260204_100932,4,100.0,,,/home/tobeornot8259748/projects/balloon_radar_project/data/raw/detection_dataset/val/Background_IQ/IQ_Data/20260204_100932_beam4_az100.mat,0,0.13637874,90,60,-1,-1,False,0.45346096,0.14795062
20260204_100932_beam4_az109,20260204_100932,4,109.0,,,/home/tobeornot8259748/projects/balloon_radar_project/data/raw/detection_dataset/train/Background_IQ/IQ_Data/20260204_100932_beam4_az109.mat,0,0.1215552,15,60,-1,-1,False,0.6479953,0.31624588
20260204_100932_beam4_az118,20260204_100932,4,118.0,,,/home/tobeornot8259748/projects/balloon_radar_project/data/raw/detection_dataset/val/Background_IQ/IQ_Data/20260204_100932_beam4_az118.mat,0,0.12681362,14,59,-1,-1,False,0.60121715,0.23122379
20260204_100932_beam4_az127,20260204_100932,4,127.0,,,/home/tobeornot8259748/projects/balloon_radar_project/data/raw/detection_dataset/val/Background_IQ/IQ_Data/20260204_100932_beam4_az127.mat,0,0.12943856,79,69,-1,-1,False,0.57639015,0.14112908
20260204_100932_beam4_az136,20260204_100932,4,136.0,,,/home/tobeornot8259748/projects/balloon_radar_project/data/raw/detection_dataset/train/Background_IQ/IQ_Data/20260204_100932_beam4_az136.mat,0,0.15108885,15,59,-1,-1,False,0.6609582,0.26297513
20260204_100932_beam4_az145,20260204_100932,4,145.0,,,/home/tobeornot8259748/projects/balloon_radar_project/data/raw/detection_dataset/train/Background_IQ/IQ_Data/20260204_100932_beam4_az145.mat,0,0.13633391,10,59,-1,-1,False,0.62722707,0.25468743
20260204_100932_beam4_az154,20260204_100932,4,154.0,,,/home/tobeornot8259748/projects/balloon_radar_project/data/raw/detection_dataset/train/Background_IQ/IQ_Data/20260204_100932_beam4_az154.mat,0,0.11368725,90,60,-1,-1,False,0.41445434,0.118640766
20260204_100932_beam4_az163,20260204_100932,4,163.0,,,/home/tobeornot8259748/projects/balloon_radar_project/data/raw/detection_dataset/train/Background_IQ/IQ_Data/20260204_100932_beam4_az163.mat,0,0.078260206,60,59,-1,-1,False,0.672295,0.20008232
20260204_100932_beam4_az172,20260204_100932,4,172.0,,,/home/tobeornot8259748/projects/balloon_radar_project/data/raw/detection_dataset/train/Background_IQ/IQ_Data/20260204_100932_beam4_az172.mat,0,0.08120518,79,56,-1,-1,False,0.61694115,0.01011651
20260204_100932_beam4_az181,20260204_100932,4,181.0,,,/home/tobeornot8259748/projects/balloon_radar_project/data/raw/detection_dataset/test/Background_IQ/IQ_Data/20260204_100932_beam4_az181.mat,0,0.59198445,73,61,-1,-1,False,0.69508153,0.1924293
20260204_100932_beam4_az190,20260204_100932,4,190.0,,,/home/tobeornot8259748/projects/balloon_radar_project/data/raw/detection_dataset/train/Background_IQ/IQ_Data/20260204_100932_beam4_az190.mat,0,0.06271038,56,124,-1,-1,False,0.66056925,0.0006071058
20260204_100932_beam4_az199,20260204_100932,4,199.0,,,/home/tobeornot8259748/projects/balloon_radar_project/data/raw/detection_dataset/train/Background_IQ/IQ_Data/20260204_100932_beam4_az199.mat,0,0.25595868,61,69,-1,-1,False,0.6862158,0.10581739
20260204_100932_beam5_az001,20260204_100932,5,1.0,,,/home/tobeornot8259748/projects/balloon_radar_project/data/raw/detection_dataset/train/Background_IQ/IQ_Data/20260204_100932_beam5_az001.mat,0,0.25106287,75,65,-1,-1,False,0.70842797,0.21054259
20260204_100932_beam5_az010,20260204_100932,5,10.0,,,/home/tobeornot8259748/projects/balloon_radar_project/data/raw/detection_dataset/train/Background_IQ/IQ_Data/20260204_100932_beam5_az010.mat,0,0.037177283,93,0,-1,-1,False,0.15013851,0.0
20260204_100932_beam5_az019,20260204_100932,5,19.0,,,/home/tobeornot8259748/projects/balloon_radar_project/data/raw/detection_dataset/val/Background_IQ/IQ_Data/20260204_100932_beam5_az019.mat,0,0.26683465,63,69,-1,-1,False,0.67343473,0.16779327
20260204_100932_beam5_az028,20260204_100932,5,28.0,,,/home/tobeornot8259748/projects/balloon_radar_project/data/raw/detection_dataset/val/Background_IQ/IQ_Data/20260204_100932_beam5_az028.mat,0,0.066889025,69,64,-1,-1,False,0.6010944,0.020301703
20260204_100932_beam5_az037,20260204_100932,5,37.0,,,/home/tobeornot8259748/projects/balloon_radar_project/data/raw/detection_dataset/train/Background_IQ/IQ_Data/20260204_100932_beam5_az037.mat,0,0.099847205,45,66,-1,-1,False,0.7913397,0.35051402
20260204_100932_beam5_az046,20260204_100932,5,46.0,,,/home/tobeornot8259748/projects/balloon_radar_project/data/raw/detection_dataset/train/Background_IQ/IQ_Data/20260204_100932_beam5_az046.mat,0,0.04866636,28,103,-1,-1,False,0.6575547,0.12771545
20260204_100932_beam5_az055,20260204_100932,5,55.0,,,/home/tobeornot8259748/projects/balloon_radar_project/data/raw/detection_dataset/train/Background_IQ/IQ_Data/20260204_100932_beam5_az055.mat,0,0.10990569,58,69,-1,-1,False,0.6172994,0.11187382
20260204_100932_beam5_az064,20260204_100932,5,64.0,,,/home/tobeornot8259748/projects/balloon_radar_project/data/raw/detection_dataset/train/Background_IQ/IQ_Data/20260204_100932_beam5_az064.mat,0,0.095502906,40,69,-1,-1,False,0.7754754,0.36732653
20260204_100932_beam5_az073,20260204_100932,5,73.0,,,/home/tobeornot8259748/projects/balloon_radar_project/data/raw/detection_dataset/train/Background_IQ/IQ_Data/20260204_100932_beam5_az073.mat,0,0.33350506,35,65,-1,-1,False,0.7381402,0.29282176
20260204_100932_beam5_az082,20260204_100932,5,82.0,,,/home/tobeornot8259748/projects/balloon_radar_project/data/raw/detection_dataset/val/Background_IQ/IQ_Data/20260204_100932_beam5_az082.mat,0,0.043628324,85,127,-1,-1,False,0.3710867,0.0
20260204_100932_beam5_az091,20260204_100932,5,91.0,,,/home/tobeornot8259748/projects/balloon_radar_project/data/raw/detection_dataset/test/Background_IQ/IQ_Data/20260204_100932_beam5_az091.mat,0,0.2246636,49,65,-1,-1,False,0.6837038,0.28859973
20260204_100932_beam5_az100,20260204_100932,5,100.0,,,/home/tobeornot8259748/projects/balloon_radar_project/data/raw/detection_dataset/train/Background_IQ/IQ_Data/20260204_100932_beam5_az100.mat,0,0.031253938,0,127,-1,-1,False,0.40312797,0.0
20260204_100932_beam5_az109,20260204_100932,5,109.0,,,/home/tobeornot8259748/projects/balloon_radar_project/data/raw/detection_dataset/train/Background_IQ/IQ_Data/20260204_100932_beam5_az109.mat,0,0.125667,54,59,-1,-1,False,0.6428964,0.27927506
20260204_100932_beam5_az118,20260204_100932,5,118.0,,,/home/tobeornot8259748/projects/balloon_radar_project/data/raw/detection_dataset/train/Background_IQ/IQ_Data/20260204_100932_beam5_az118.mat,0,0.063168116,0,0,-1,-1,False,0.30307925,0.0
20260204_100932_beam5_az127,20260204_100932,5,127.0,,,/home/tobeornot8259748/projects/balloon_radar_project/data/raw/detection_dataset/val/Background_IQ/IQ_Data/20260204_100932_beam5_az127.mat,0,0.12580179,79,69,-1,-1,False,0.53459847,0.1138941
20260204_100932_beam5_az136,20260204_100932,5,136.0,,,/home/tobeornot8259748/projects/balloon_radar_project/data/raw/detection_dataset/test/Background_IQ/IQ_Data/20260204_100932_beam5_az136.mat,0,0.05044302,0,127,-1,-1,False,0.30852467,0.0
20260204_100932_beam5_az145,20260204_100932,5,145.0,,,/home/tobeornot8259748/projects/balloon_radar_project/data/raw/detection_dataset/train/Background_IQ/IQ_Data/20260204_100932_beam5_az145.mat,0,0.060229495,57,59,-1,-1,False,0.5617121,0.17974852
20260204_100932_beam5_az154,20260204_100932,5,154.0,,,/home/tobeornot8259748/projects/balloon_radar_project/data/raw/detection_dataset/train/Background_IQ/IQ_Data/20260204_100932_beam5_az154.mat,0,0.08314389,29,127,-1,-1,False,0.5959091,0.17875537
20260204_100932_beam5_az163,20260204_100932,5,163.0,,,/home/tobeornot8259748/projects/balloon_radar_project/data/raw/detection_dataset/train/Background_IQ/IQ_Data/20260204_100932_beam5_az163.mat,0,0.19780482,62,65,-1,-1,False,0.7508364,0.37355945
20260204_100932_beam5_az172,20260204_100932,5,172.0,,,/home/tobeornot8259748/projects/balloon_radar_project/data/raw/detection_dataset/train/Background_IQ/IQ_Data/20260204_100932_beam5_az172.mat,0,0.06432598,85,127,-1,-1,False,0.36777282,0.0
20260204_100932_beam5_az181,20260204_100932,5,181.0,,,/home/tobeornot8259748/projects/balloon_radar_project/data/raw/detection_dataset/train/Background_IQ/IQ_Data/20260204_100932_beam5_az181.mat,0,0.16432485,55,69,-1,-1,False,0.6626745,0.13154148
20260204_100932_beam5_az190,20260204_100932,5,190.0,,,/home/tobeornot8259748/projects/balloon_radar_project/data/raw/detection_dataset/train/Background_IQ/IQ_Data/20260204_100932_beam5_az190.mat,0,0.0416059,84,127,-1,-1,False,0.4004646,0.0
20260204_100932_beam5_az199,20260204_100932,5,199.0,,,/home/tobeornot8259748/projects/balloon_radar_project/data/raw/detection_dataset/test/Background_IQ/IQ_Data/20260204_100932_beam5_az199.mat,0,0.44556573,27,12,-1,-1,False,0.62775344,0.057818633
20260202_144238_beam1,20260202_144238,1,312.35,2040.0,-2.19,/home/tobeornot8259748/projects/balloon_radar_project/data/raw/detection_dataset/train/UAV_IQ/IQ_Data/20260202_144238_beam1.mat,1,0.9204238,69,77,67,76,True,0.73047614,0.22906652
20260202_144238_beam2,20260202_144238,2,311.35,2040.0,-2.19,/home/tobeornot8259748/projects/balloon_radar_project/data/raw/detection_dataset/train/UAV_IQ/IQ_Data/20260202_144238_beam2.mat,1,0.9034124,69,75,67,76,True,0.7205301,0.34389812
20260202_144238_beam3,20260202_144238,3,312.35,2040.0,-2.19,/home/tobeornot8259748/projects/balloon_radar_project/data/raw/detection_dataset/train/UAV_IQ/IQ_Data/20260202_144238_beam3.mat,1,0.93811697,69,75,67,76,True,0.73031014,0.32107174
20260202_144238_beam4,20260202_144238,4,312.35,2040.0,-2.19,/home/tobeornot8259748/projects/balloon_radar_project/data/raw/detection_dataset/train/UAV_IQ/IQ_Data/20260202_144238_beam4.mat,1,0.944618,66,77,67,76,True,0.7384911,0.25415292
20260202_144246_beam1,20260202_144246,1,312.22,2040.0,-1.83,/home/tobeornot8259748/projects/balloon_radar_project/data/raw/detection_dataset/test/UAV_IQ/IQ_Data/20260202_144246_beam1.mat,1,0.9544081,66,75,67,74,True,0.73315066,0.20172466
20260202_144246_beam2,20260202_144246,2,312.22,2040.0,-1.83,/home/tobeornot8259748/projects/balloon_radar_project/data/raw/detection_dataset/test/UAV_IQ/IQ_Data/20260202_144246_beam2.mat,1,0.93639904,65,75,67,74,True,0.72166127,0.27647942
20260202_144246_beam3,20260202_144246,3,311.23,2010.0,-1.83,/home/tobeornot8259748/projects/balloon_radar_project/data/raw/detection_dataset/test/UAV_IQ/IQ_Data/20260202_144246_beam3.mat,1,0.8983149,63,73,66,74,False,0.70483905,0.2557117
20260202_144246_beam4,20260202_144246,4,311.23,2010.0,-1.83,/home/tobeornot8259748/projects/balloon_radar_project/data/raw/detection_dataset/test/UAV_IQ/IQ_Data/20260202_144246_beam4.mat,1,0.956093,65,73,66,74,True,0.7289886,0.2626701
20260202_144246_beam5,20260202_144246,5,311.23,2010.0,-1.83,/home/tobeornot8259748/projects/balloon_radar_project/data/raw/detection_dataset/test/UAV_IQ/IQ_Data/20260202_144246_beam5.mat,1,0.91726714,65,73,66,74,True,0.7519112,0.1611013
20260202_144254_beam1,20260202_144254,1,311.76,2010.0,-2.01,/home/tobeornot8259748/projects/balloon_radar_project/data/raw/detection_dataset/test/UAV_IQ/IQ_Data/20260202_144254_beam1.mat,1,0.9464103,65,76,66,75,True,0.71279454,0.19962569
20260202_144254_beam2,20260202_144254,2,311.76,2010.0,-2.01,/home/tobeornot8259748/projects/balloon_radar_project/data/raw/detection_dataset/test/UAV_IQ/IQ_Data/20260202_144254_beam2.mat,1,0.94799954,68,75,66,75,True,0.7135175,0.35169768
20260202_144254_beam3,20260202_144254,3,311.76,2010.0,-2.01,/home/tobeornot8259748/projects/balloon_radar_project/data/raw/detection_dataset/test/UAV_IQ/IQ_Data/20260202_144254_beam3.mat,1,0.95546377,68,74,66,75,True,0.72670746,0.34826937
20260202_144254_beam4,20260202_144254,4,311.76,2010.0,-2.01,/home/tobeornot8259748/projects/balloon_radar_project/data/raw/detection_dataset/test/UAV_IQ/IQ_Data/20260202_144254_beam4.mat,1,0.9611102,68,74,66,75,True,0.7344965,0.26908952
20260202_144302_beam1,20260202_144302,1,312.1,1980.0,-2.19,/home/tobeornot8259748/projects/balloon_radar_project/data/raw/detection_dataset/test/UAV_IQ/IQ_Data/20260202_144302_beam1.mat,1,0.959359,65,77,65,76,True,0.73680484,0.17731649
20260202_144302_beam2,20260202_144302,2,312.1,1980.0,-2.01,/home/tobeornot8259748/projects/balloon_radar_project/data/raw/detection_dataset/test/UAV_IQ/IQ_Data/20260202_144302_beam2.mat,1,0.9692537,65,77,65,75,True,0.7431196,0.27313542
20260202_144302_beam3,20260202_144302,3,312.1,2010.0,-2.19,/home/tobeornot8259748/projects/balloon_radar_project/data/raw/detection_dataset/test/UAV_IQ/IQ_Data/20260202_144302_beam3.mat,1,0.97182673,65,77,66,76,True,0.74693114,0.28087527
20260202_144302_beam4,20260202_144302,4,312.1,2010.0,-2.19,/home/tobeornot8259748/projects/balloon_radar_project/data/raw/detection_dataset/test/UAV_IQ/IQ_Data/20260202_144302_beam4.mat,1,0.9764598,65,77,66,76,True,0.74033993,0.23695984
20260202_144302_beam5,20260202_144302,5,312.1,2010.0,-2.19,/home/tobeornot8259748/projects/balloon_radar_project/data/raw/detection_dataset/test/UAV_IQ/IQ_Data/20260202_144302_beam5.mat,1,0.96821165,65,77,66,76,True,0.75410795,0.13595842
20260202_144311_beam1,20260202_144311,1,312.15,2010.0,3.47,/home/tobeornot8259748/projects/balloon_radar_project/data/raw/detection_dataset/train/UAV_IQ/IQ_Data/20260202_144311_beam1.mat,1,0.9725399,68,45,66,45,True,0.73649883,0.25185302
20260202_144311_beam2,20260202_144311,2,312.15,2010.0,3.47,/home/tobeornot8259748/projects/balloon_radar_project/data/raw/detection_dataset/train/UAV_IQ/IQ_Data/20260202_144311_beam2.mat,1,0.9691896,68,45,66,45,True,0.7366778,0.3985208
20260202_144311_beam3,20260202_144311,3,312.15,2010.0,3.29,/home/tobeornot8259748/projects/balloon_radar_project/data/raw/detection_dataset/train/UAV_IQ/IQ_Data/20260202_144311_beam3.mat,1,0.9612388,68,45,66,46,True,0.7460425,0.39249143
20260202_144311_beam4,20260202_144311,4,312.15,2010.0,3.47,/home/tobeornot8259748/projects/balloon_radar_project/data/raw/detection_dataset/train/UAV_IQ/IQ_Data/20260202_144311_beam4.mat,1,0.9713849,68,45,66,45,True,0.7223736,0.32068196
20260202_144311_beam5,20260202_144311,5,312.15,2010.0,3.47,/home/tobeornot8259748/projects/balloon_radar_project/data/raw/detection_dataset/train/UAV_IQ/IQ_Data/20260202_144311_beam5.mat,1,0.96727496,66,46,66,45,True,0.7597314,0.21516883
20260202_144319_beam1,20260202_144319,1,311.7,2040.0,2.19,/home/tobeornot8259748/projects/balloon_radar_project/data/raw/detection_dataset/val/UAV_IQ/IQ_Data/20260202_144319_beam1.mat,1,0.9701619,68,53,67,52,True,0.7339998,0.27811962
20260202_144319_beam2,20260202_144319,2,311.7,2040.0,2.19,/home/tobeornot8259748/projects/balloon_radar_project/data/raw/detection_dataset/val/UAV_IQ/IQ_Data/20260202_144319_beam2.mat,1,0.96225476,66,52,67,52,True,0.7495822,0.38413662
20260202_144319_beam3,20260202_144319,3,311.7,2040.0,2.19,/home/tobeornot8259748/projects/balloon_radar_project/data/raw/detection_dataset/val/UAV_IQ/IQ_Data/20260202_144319_beam3.mat,1,0.9562323,66,52,67,52,True,0.74812657,0.37118337
20260202_144319_beam4,20260202_144319,4,311.7,2040.0,2.19,/home/tobeornot8259748/projects/balloon_radar_project/data/raw/detection_dataset/val/UAV_IQ/IQ_Data/20260202_144319_beam4.mat,1,0.97348785,67,53,67,52,True,0.73395205,0.312846
20260202_144319_beam5,20260202_144319,5,311.7,2040.0,2.19,/home/tobeornot8259748/projects/balloon_radar_project/data/raw/detection_dataset/val/UAV_IQ/IQ_Data/20260202_144319_beam5.mat,1,0.9758804,67,53,67,52,True,0.7592518,0.19512315
20260202_144327_beam1,20260202_144327,1,311.29,2040.0,2.19,/home/tobeornot8259748/projects/balloon_radar_project/data/raw/detection_dataset/train/UAV_IQ/IQ_Data/20260202_144327_beam1.mat,1,0.9714935,66,51,67,52,True,0.7100099,0.24319558
20260202_144327_beam2,20260202_144327,2,311.29,2040.0,2.19,/home/tobeornot8259748/projects/balloon_radar_project/data/raw/detection_dataset/train/UAV_IQ/IQ_Data/20260202_144327_beam2.mat,1,0.9578548,66,51,67,52,True,0.71210086,0.3852614
20260202_144327_beam3,20260202_144327,3,311.29,2040.0,2.19,/home/tobeornot8259748/projects/balloon_radar_project/data/raw/detection_dataset/train/UAV_IQ/IQ_Data/20260202_144327_beam3.mat,1,0.94329983,66,51,67,52,True,0.7167027,0.38875896
20260202_144327_beam4,20260202_144327,4,311.29,2070.0,2.19,/home/tobeornot8259748/projects/balloon_radar_project/data/raw/detection_dataset/train/UAV_IQ/IQ_Data/20260202_144327_beam4.mat,1,0.964405,66,51,68,52,True,0.7150773,0.29436195
20260202_144327_beam5,20260202_144327,5,311.29,2040.0,2.19,/home/tobeornot8259748/projects/balloon_radar_project/data/raw/detection_dataset/train/UAV_IQ/IQ_Data/20260202_144327_beam5.mat,1,0.9638697,69,52,67,52,True,0.7422752,0.17532624
20260202_144335_beam1,20260202_144335,1,312.67,2070.0,2.19,/home/tobeornot8259748/projects/balloon_radar_project/data/raw/detection_dataset/train/UAV_IQ/IQ_Data/20260202_144335_beam1.mat,1,0.97278816,69,52,68,52,True,0.74719965,0.21815865
20260202_144335_beam2,20260202_144335,2,311.65,2070.0,2.38,/home/tobeornot8259748/projects/balloon_radar_project/data/raw/detection_dataset/train/UAV_IQ/IQ_Data/20260202_144335_beam2.mat,1,0.9647595,69,51,68,51,True,0.7474802,0.3865659
20260202_144335_beam3,20260202_144335,3,311.65,2070.0,2.19,/home/tobeornot8259748/projects/balloon_radar_project/data/raw/detection_dataset/train/UAV_IQ/IQ_Data/20260202_144335_beam3.mat,1,0.9640875,69,51,68,52,True,0.7417114,0.3560014
20260202_144335_beam4,20260202_144335,4,311.65,2070.0,2.19,/home/tobeornot8259748/projects/balloon_radar_project/data/raw/detection_dataset/train/UAV_IQ/IQ_Data/20260202_144335_beam4.mat,1,0.97690874,67,53,68,52,True,0.72980875,0.27648655
20260202_144335_beam5,20260202_144335,5,311.65,2070.0,2.19,/home/tobeornot8259748/projects/balloon_radar_project/data/raw/detection_dataset/train/UAV_IQ/IQ_Data/20260202_144335_beam5.mat,1,0.9776669,68,53,68,52,True,0.75255895,0.16173692
20260202_144344_beam1,20260202_144344,1,311.44,2070.0,2.01,/home/tobeornot8259748/projects/balloon_radar_project/data/raw/detection_dataset/train/UAV_IQ/IQ_Data/20260202_144344_beam1.mat,1,0.95679015,68,52,68,53,True,0.719047,0.14734219
20260202_144344_beam2,20260202_144344,2,311.44,2100.0,2.01,/home/tobeornot8259748/projects/balloon_radar_project/data/raw/detection_dataset/train/UAV_IQ/IQ_Data/20260202_144344_beam2.mat,1,0.9703128,70,53,69,53,True,0.7270748,0.2613281
20260202_144344_beam3,20260202_144344,3,311.44,2100.0,2.19,/home/tobeornot8259748/projects/balloon_radar_project/data/raw/detection_dataset/train/UAV_IQ/IQ_Data/20260202_144344_beam3.mat,1,0.9616545,67,54,69,52,True,0.72614837,0.23622848
20260202_144344_beam4,20260202_144344,4,311.44,2070.0,2.19,/home/tobeornot8259748/projects/balloon_radar_project/data/raw/detection_dataset/train/UAV_IQ/IQ_Data/20260202_144344_beam4.mat,1,0.96926314,67,54,68,52,True,0.720322,0.15105619
20260202_144344_beam5,20260202_144344,5,312.43,2100.0,2.01,/home/tobeornot8259748/projects/balloon_radar_project/data/raw/detection_dataset/train/UAV_IQ/IQ_Data/20260202_144344_beam5.mat,1,0.96604884,68,54,69,53,True,0.7466673,0.073711276
20260202_144352_beam1,20260202_144352,1,312.52,2100.0,-2.92,/home/tobeornot8259748/projects/balloon_radar_project/data/raw/detection_dataset/train/UAV_IQ/IQ_Data/20260202_144352_beam1.mat,1,0.95571434,67,81,69,80,True,0.7169815,0.095551796
20260202_144352_beam2,20260202_144352,2,312.52,2100.0,-2.74,/home/tobeornot8259748/projects/balloon_radar_project/data/raw/detection_dataset/train/UAV_IQ/IQ_Data/20260202_144352_beam2.mat,1,0.9676356,67,81,69,79,True,0.7181715,0.15115969
20260202_144352_beam3,20260202_144352,3,312.52,2100.0,-2.92,/home/tobeornot8259748/projects/balloon_radar_project/data/raw/detection_dataset/train/UAV_IQ/IQ_Data/20260202_144352_beam3.mat,1,0.97150224,67,81,69,80,True,0.7155549,0.14124803
20260202_144352_beam4,20260202_144352,4,312.52,2070.0,-2.92,/home/tobeornot8259748/projects/balloon_radar_project/data/raw/detection_dataset/train/UAV_IQ/IQ_Data/20260202_144352_beam4.mat,1,0.9538015,67,81,68,80,True,0.7005544,0.09160927
20260202_144352_beam5,20260202_144352,5,312.52,2100.0,-2.92,/home/tobeornot8259748/projects/balloon_radar_project/data/raw/detection_dataset/train/UAV_IQ/IQ_Data/20260202_144352_beam5.mat,1,0.5546073,71,79,69,80,True,0.7001024,0.030807167
20260202_144417_beam1,20260202_144417,1,311.29,2040.0,-3.29,/home/tobeornot8259748/projects/balloon_radar_project/data/raw/detection_dataset/train/UAV_IQ/IQ_Data/20260202_144417_beam1.mat,1,0.9412512,66,83,67,82,True,0.71771157,0.11710339
20260202_144417_beam2,20260202_144417,2,311.29,2010.0,-3.47,/home/tobeornot8259748/projects/balloon_radar_project/data/raw/detection_dataset/train/UAV_IQ/IQ_Data/20260202_144417_beam2.mat,1,0.9774843,66,83,66,83,True,0.7546975,0.24314328
20260202_144417_beam3,20260202_144417,3,311.29,2040.0,-3.47,/home/tobeornot8259748/projects/balloon_radar_project/data/raw/detection_dataset/train/UAV_IQ/IQ_Data/20260202_144417_beam3.mat,1,0.97857374,68,82,67,83,True,0.7257567,0.25255534
20260202_144417_beam4,20260202_144417,4,311.29,2010.0,-3.29,/home/tobeornot8259748/projects/balloon_radar_project/data/raw/detection_dataset/train/UAV_IQ/IQ_Data/20260202_144417_beam4.mat,1,0.9698023,68,82,66,82,True,0.7155261,0.18186647
20260202_144417_beam5,20260202_144417,5,312.29,2010.0,-3.29,/home/tobeornot8259748/projects/balloon_radar_project/data/raw/detection_dataset/train/UAV_IQ/IQ_Data/20260202_144417_beam5.mat,1,0.9128224,65,83,66,82,True,0.7429962,0.086333394
20260202_144425_beam1,20260202_144425,1,311.55,1980.0,-3.47,/home/tobeornot8259748/projects/balloon_radar_project/data/raw/detection_dataset/test/UAV_IQ/IQ_Data/20260202_144425_beam1.mat,1,0.8641673,63,84,65,83,True,0.6991056,0.08774208
20260202_144425_beam2,20260202_144425,2,311.55,1980.0,-3.47,/home/tobeornot8259748/projects/balloon_radar_project/data/raw/detection_dataset/test/UAV_IQ/IQ_Data/20260202_144425_beam2.mat,1,0.9554873,67,83,65,83,True,0.71607345,0.18772846
20260202_144425_beam3,20260202_144425,3,311.55,2010.0,-3.47,/home/tobeornot8259748/projects/balloon_radar_project/data/raw/detection_dataset/test/UAV_IQ/IQ_Data/20260202_144425_beam3.mat,1,0.96385974,67,83,66,83,True,0.7249937,0.20145799
20260202_144425_beam4,20260202_144425,4,311.55,1980.0,-3.47,/home/tobeornot8259748/projects/balloon_radar_project/data/raw/detection_dataset/test/UAV_IQ/IQ_Data/20260202_144425_beam4.mat,1,0.9599787,67,83,65,83,True,0.72665685,0.17024952
20260202_144425_beam5,20260202_144425,5,311.55,2010.0,-3.47,/home/tobeornot8259748/projects/balloon_radar_project/data/raw/detection_dataset/test/UAV_IQ/IQ_Data/20260202_144425_beam5.mat,1,0.8782699,63,82,66,83,False,0.74114734,0.08316291
20260202_144433_beam1,20260202_144433,1,310.71,1950.0,-4.2,/home/tobeornot8259748/projects/balloon_radar_project/data/raw/detection_dataset/val/UAV_IQ/IQ_Data/20260202_144433_beam1.mat,1,0.94886416,63,88,64,87,True,0.7065467,0.11496813
20260202_144433_beam2,20260202_144433,2,310.71,1950.0,-4.2,/home/tobeornot8259748/projects/balloon_radar_project/data/raw/detection_dataset/val/UAV_IQ/IQ_Data/20260202_144433_beam2.mat,1,0.96809155,65,88,64,87,True,0.7174264,0.26058882
20260202_144433_beam3,20260202_144433,3,310.71,1950.0,-4.2,/home/tobeornot8259748/projects/balloon_radar_project/data/raw/detection_dataset/val/UAV_IQ/IQ_Data/20260202_144433_beam3.mat,1,0.96606076,66,87,64,87,True,0.71653485,0.30441424
20260202_144433_beam4,20260202_144433,4,310.71,1950.0,-4.2,/home/tobeornot8259748/projects/balloon_radar_project/data/raw/detection_dataset/val/UAV_IQ/IQ_Data/20260202_144433_beam4.mat,1,0.970746,66,87,64,87,True,0.71058357,0.25688723
20260202_144433_beam5,20260202_144433,5,311.7,1950.0,-4.2,/home/tobeornot8259748/projects/balloon_radar_project/data/raw/detection_dataset/val/UAV_IQ/IQ_Data/20260202_144433_beam5.mat,1,0.96818626,66,87,64,87,True,0.7462655,0.16571356
20260202_144458_beam1,20260202_144458,1,310.01,2010.0,5.66,/home/tobeornot8259748/projects/balloon_radar_project/data/raw/detection_dataset/test/UAV_IQ/IQ_Data/20260202_144458_beam1.mat,1,0.95452356,66,34,66,33,True,0.73403186,0.12916762
20260202_144458_beam2,20260202_144458,2,310.01,2010.0,5.66,/home/tobeornot8259748/projects/balloon_radar_project/data/raw/detection_dataset/test/UAV_IQ/IQ_Data/20260202_144458_beam2.mat,1,0.9702654,67,34,66,33,True,0.7299462,0.26196116
20260202_144458_beam3,20260202_144458,3,310.01,1980.0,5.66,/home/tobeornot8259748/projects/balloon_radar_project/data/raw/detection_dataset/test/UAV_IQ/IQ_Data/20260202_144458_beam3.mat,1,0.9554701,65,34,65,33,True,0.7385174,0.29201004
20260202_144458_beam4,20260202_144458,4,310.01,2010.0,5.66,/home/tobeornot8259748/projects/balloon_radar_project/data/raw/detection_dataset/test/UAV_IQ/IQ_Data/20260202_144458_beam4.mat,1,0.9752178,65,34,66,33,True,0.72389704,0.22458473
20260202_144458_beam5,20260202_144458,5,310.01,1980.0,5.66,/home/tobeornot8259748/projects/balloon_radar_project/data/raw/detection_dataset/test/UAV_IQ/IQ_Data/20260202_144458_beam5.mat,1,0.964929,66,34,65,33,True,0.7366511,0.12230693
20260202_144506_beam1,20260202_144506,1,310.23,2070.0,4.75,/home/tobeornot8259748/projects/balloon_radar_project/data/raw/detection_dataset/test/UAV_IQ/IQ_Data/20260202_144506_beam1.mat,1,0.9450135,66,39,68,38,True,0.6988794,0.10574291
20260202_144506_beam2,20260202_144506,2,310.23,2040.0,4.75,/home/tobeornot8259748/projects/balloon_radar_project/data/raw/detection_dataset/test/UAV_IQ/IQ_Data/20260202_144506_beam2.mat,1,0.94899404,69,37,67,38,True,0.71098745,0.20832655
20260202_144506_beam3,20260202_144506,3,309.24,2070.0,4.75,/home/tobeornot8259748/projects/balloon_radar_project/data/raw/detection_dataset/test/UAV_IQ/IQ_Data/20260202_144506_beam3.mat,1,0.9653995,69,39,68,38,True,0.7299263,0.18965644
20260202_144506_beam4,20260202_144506,4,309.24,2070.0,4.75,/home/tobeornot8259748/projects/balloon_radar_project/data/raw/detection_dataset/test/UAV_IQ/IQ_Data/20260202_144506_beam4.mat,1,0.96803755,66,39,68,38,True,0.72036433,0.12653655
20260202_144506_beam5,20260202_144506,5,310.23,2040.0,4.75,/home/tobeornot8259748/projects/balloon_radar_project/data/raw/detection_dataset/test/UAV_IQ/IQ_Data/20260202_144506_beam5.mat,1,0.8143735,70,36,67,38,False,0.7258734,0.051717754
20260202_144515_beam1,20260202_144515,1,308.62,2070.0,5.3,/home/tobeornot8259748/projects/balloon_radar_project/data/raw/detection_dataset/train/UAV_IQ/IQ_Data/20260202_144515_beam1.mat,1,0.965153,67,36,68,35,True,0.7237059,0.1952014
20260202_144515_beam2,20260202_144515,2,309.61,2070.0,5.3,/home/tobeornot8259748/projects/balloon_radar_project/data/raw/detection_dataset/train/UAV_IQ/IQ_Data/20260202_144515_beam2.mat,1,0.960184,69,35,68,35,True,0.72397685,0.27482823
20260202_144515_beam3,20260202_144515,3,308.62,2100.0,5.3,/home/tobeornot8259748/projects/balloon_radar_project/data/raw/detection_dataset/train/UAV_IQ/IQ_Data/20260202_144515_beam3.mat,1,0.912675,71,34,69,35,True,0.72045237,0.28328633
20260202_144515_beam4,20260202_144515,4,308.62,2100.0,5.3,/home/tobeornot8259748/projects/balloon_radar_project/data/raw/detection_dataset/train/UAV_IQ/IQ_Data/20260202_144515_beam4.mat,1,0.959264,70,34,69,35,True,0.73024845,0.20538752
20260202_144515_beam5,20260202_144515,5,308.62,2070.0,5.3,/home/tobeornot8259748/projects/balloon_radar_project/data/raw/detection_dataset/train/UAV_IQ/IQ_Data/20260202_144515_beam5.mat,1,0.9404599,67,36,68,35,True,0.7336189,0.09261391
20260202_144523_beam1,20260202_144523,1,308.4,2130.0,5.12,/home/tobeornot8259748/projects/balloon_radar_project/data/raw/detection_dataset/train/UAV_IQ/IQ_Data/20260202_144523_beam1.mat,1,0.97883123,70,37,70,36,True,0.73605233,0.25451246
20260202_144523_beam2,20260202_144523,2,308.4,2130.0,5.12,/home/tobeornot8259748/projects/balloon_radar_project/data/raw/detection_dataset/train/UAV_IQ/IQ_Data/20260202_144523_beam2.mat,1,0.93881994,72,37,70,36,True,0.7627951,0.35263023
20260202_144523_beam3,20260202_144523,3,308.4,2100.0,5.12,/home/tobeornot8259748/projects/balloon_radar_project/data/raw/detection_dataset/train/UAV_IQ/IQ_Data/20260202_144523_beam3.mat,1,0.97040987,71,37,69,36,True,0.7553966,0.33638188
20260202_144523_beam4,20260202_144523,4,308.4,2130.0,5.12,/home/tobeornot8259748/projects/balloon_radar_project/data/raw/detection_dataset/train/UAV_IQ/IQ_Data/20260202_144523_beam4.mat,1,0.97792494,70,37,70,36,True,0.73569405,0.2095558
20260202_144523_beam5,20260202_144523,5,308.4,2130.0,5.12,/home/tobeornot8259748/projects/balloon_radar_project/data/raw/detection_dataset/train/UAV_IQ/IQ_Data/20260202_144523_beam5.mat,1,0.91110176,69,37,70,36,True,0.7431361,0.094344705
20260202_144539_beam1,20260202_144539,1,310.79,2190.0,3.29,/home/tobeornot8259748/projects/balloon_radar_project/data/raw/detection_dataset/test/UAV_IQ/IQ_Data/20260202_144539_beam1.mat,1,0.93709236,73,47,72,46,True,0.683001,0.10697341
20260202_144539_beam2,20260202_144539,2,310.79,2190.0,3.11,/home/tobeornot8259748/projects/balloon_radar_project/data/raw/detection_dataset/test/UAV_IQ/IQ_Data/20260202_144539_beam2.mat,1,0.9678526,73,47,72,47,True,0.7008662,0.16164629
20260202_144539_beam3,20260202_144539,3,310.79,2190.0,3.29,/home/tobeornot8259748/projects/balloon_radar_project/data/raw/detection_dataset/test/UAV_IQ/IQ_Data/20260202_144539_beam3.mat,1,0.9689211,71,48,72,46,True,0.6770917,0.12902182
20260202_144539_beam4,20260202_144539,4,310.79,2190.0,3.29,/home/tobeornot8259748/projects/balloon_radar_project/data/raw/detection_dataset/test/UAV_IQ/IQ_Data/20260202_144539_beam4.mat,1,0.73908347,71,47,72,46,True,0.66887933,0.04817576
20260202_144548_beam1,20260202_144548,1,311.9,2220.0,2.38,/home/tobeornot8259748/projects/balloon_radar_project/data/raw/detection_dataset/train/UAV_IQ/IQ_Data/20260202_144548_beam1.mat,1,0.9443736,75,50,73,51,True,0.71591604,0.18941703
20260202_144548_beam2,20260202_144548,2,311.9,2220.0,2.38,/home/tobeornot8259748/projects/balloon_radar_project/data/raw/detection_dataset/train/UAV_IQ/IQ_Data/20260202_144548_beam2.mat,1,0.9491886,75,50,73,51,True,0.71873397,0.2185534
20260202_144548_beam3,20260202_144548,3,311.9,2220.0,2.38,/home/tobeornot8259748/projects/balloon_radar_project/data/raw/detection_dataset/train/UAV_IQ/IQ_Data/20260202_144548_beam3.mat,1,0.958853,75,51,73,51,True,0.71916616,0.16858767
20260202_144548_beam4,20260202_144548,4,311.9,2220.0,2.38,/home/tobeornot8259748/projects/balloon_radar_project/data/raw/detection_dataset/train/UAV_IQ/IQ_Data/20260202_144548_beam4.mat,1,0.90810114,71,52,73,51,True,0.7087294,0.08472645
20260202_144556_beam1,20260202_144556,1,313.17,2250.0,-1.64,/home/tobeornot8259748/projects/balloon_radar_project/data/raw/detection_dataset/train/UAV_IQ/IQ_Data/20260202_144556_beam1.mat,1,0.9642964,75,72,74,73,True,0.72873455,0.16375962
20260202_144556_beam2,20260202_144556,2,312.18,2220.0,-1.64,/home/tobeornot8259748/projects/balloon_radar_project/data/raw/detection_dataset/train/UAV_IQ/IQ_Data/20260202_144556_beam2.mat,1,0.9542898,75,72,73,73,True,0.7252687,0.1575154
20260202_144556_beam3,20260202_144556,3,312.18,2220.0,-1.64,/home/tobeornot8259748/projects/balloon_radar_project/data/raw/detection_dataset/train/UAV_IQ/IQ_Data/20260202_144556_beam3.mat,1,0.95490766,75,72,73,73,True,0.7164844,0.11132772
20260202_144604_beam1,20260202_144604,1,313.35,2190.0,-4.02,/home/tobeornot8259748/projects/balloon_radar_project/data/raw/detection_dataset/train/UAV_IQ/IQ_Data/20260202_144604_beam1.mat,1,0.9636239,72,87,72,86,True,0.72097677,0.14144781
20260202_144604_beam2,20260202_144604,2,314.35,2190.0,-4.2,/home/tobeornot8259748/projects/balloon_radar_project/data/raw/detection_dataset/train/UAV_IQ/IQ_Data/20260202_144604_beam2.mat,1,0.9625782,71,88,72,87,True,0.7058422,0.21597731
20260202_144604_beam3,20260202_144604,3,314.35,2220.0,-4.2,/home/tobeornot8259748/projects/balloon_radar_project/data/raw/detection_dataset/train/UAV_IQ/IQ_Data/20260202_144604_beam3.mat,1,0.9641431,71,88,73,87,True,0.69125706,0.18586664
20260202_144604_beam4,20260202_144604,4,314.35,2190.0,-4.2,/home/tobeornot8259748/projects/balloon_radar_project/data/raw/detection_dataset/train/UAV_IQ/IQ_Data/20260202_144604_beam4.mat,1,0.91976374,71,88,72,87,True,0.66365516,0.093213454
20260202_144613_beam1,20260202_144613,1,314.63,2160.0,-5.66,/home/tobeornot8259748/projects/balloon_radar_project/data/raw/detection_dataset/train/UAV_IQ/IQ_Data/20260202_144613_beam1.mat,1,0.9571679,73,95,71,95,True,0.71529317,0.17598554
20260202_144613_beam2,20260202_144613,2,314.63,2160.0,-5.66,/home/tobeornot8259748/projects/balloon_radar_project/data/raw/detection_dataset/train/UAV_IQ/IQ_Data/20260202_144613_beam2.mat,1,0.9547978,73,94,71,95,True,0.7019448,0.22887659
20260202_144613_beam3,20260202_144613,3,314.63,2160.0,-5.66,/home/tobeornot8259748/projects/balloon_radar_project/data/raw/detection_dataset/train/UAV_IQ/IQ_Data/20260202_144613_beam3.mat,1,0.9450827,73,94,71,95,True,0.6950487,0.19389644
20260202_144613_beam4,20260202_144613,4,314.63,2160.0,-5.66,/home/tobeornot8259748/projects/balloon_radar_project/data/raw/detection_dataset/train/UAV_IQ/IQ_Data/20260202_144613_beam4.mat,1,0.9264726,70,96,71,95,True,0.6858076,0.10170925
20260202_144629_beam1,20260202_144629,1,313.77,2400.0,-6.76,/home/tobeornot8259748/projects/balloon_radar_project/data/raw/detection_dataset/train/UAV_IQ/IQ_Data/20260202_144629_beam1.mat,1,0.858861,79,101,79,101,True,0.60927945,0.09631883
20260202_144629_beam2,20260202_144629,2,313.77,2400.0,-6.76,/home/tobeornot8259748/projects/balloon_radar_project/data/raw/detection_dataset/train/UAV_IQ/IQ_Data/20260202_144629_beam2.mat,1,0.9260963,68,83,79,101,False,0.67627984,0.15080465
20260202_144629_beam3,20260202_144629,3,314.77,2400.0,-6.76,/home/tobeornot8259748/projects/balloon_radar_project/data/raw/detection_dataset/train/UAV_IQ/IQ_Data/20260202_144629_beam3.mat,1,0.95393395,69,83,79,101,False,0.726799,0.19794708
20260202_144629_beam4,20260202_144629,4,313.77,2400.0,-6.76,/home/tobeornot8259748/projects/balloon_radar_project/data/raw/detection_dataset/train/UAV_IQ/IQ_Data/20260202_144629_beam4.mat,1,0.9155947,69,83,79,101,False,0.69731253,0.09096158
20260202_145020_beam1,20260202_145020,1,311.05,2220.0,2.56,/home/tobeornot8259748/projects/balloon_radar_project/data/raw/detection_dataset/train/UAV_IQ/IQ_Data/20260202_145020_beam1.mat,1,0.9674152,72,51,73,50,True,0.74189776,0.18848434
20260202_145020_beam2,20260202_145020,2,311.05,2220.0,2.56,/home/tobeornot8259748/projects/balloon_radar_project/data/raw/detection_dataset/train/UAV_IQ/IQ_Data/20260202_145020_beam2.mat,1,0.97336745,72,51,73,50,True,0.72834796,0.26921052
20260202_145020_beam3,20260202_145020,3,311.05,2220.0,2.56,/home/tobeornot8259748/projects/balloon_radar_project/data/raw/detection_dataset/train/UAV_IQ/IQ_Data/20260202_145020_beam3.mat,1,0.9693591,72,51,73,50,True,0.7290654,0.22585581
20260202_145020_beam4,20260202_145020,4,311.05,2190.0,2.56,/home/tobeornot8259748/projects/balloon_radar_project/data/raw/detection_dataset/train/UAV_IQ/IQ_Data/20260202_145020_beam4.mat,1,0.93698055,71,51,72,50,True,0.6958378,0.11401323
20260202_145028_beam1,20260202_145028,1,309.67,2250.0,2.56,/home/tobeornot8259748/projects/balloon_radar_project/data/raw/detection_dataset/train/UAV_IQ/IQ_Data/20260202_145028_beam1.mat,1,0.74439263,75,49,74,50,True,0.680061,0.05415895
20260202_145028_beam2,20260202_145028,2,309.67,2220.0,2.56,/home/tobeornot8259748/projects/balloon_radar_project/data/raw/detection_dataset/train/UAV_IQ/IQ_Data/20260202_145028_beam2.mat,1,0.91661745,75,50,73,50,True,0.6996927,0.09117976
20260202_145028_beam3,20260202_145028,3,309.67,2250.0,2.56,/home/tobeornot8259748/projects/balloon_radar_project/data/raw/detection_dataset/train/UAV_IQ/IQ_Data/20260202_145028_beam3.mat,1,0.8322628,75,49,74,50,True,0.69497555,0.067774534
20260202_145037_beam1,20260202_145037,1,311.33,2250.0,2.74,/home/tobeornot8259748/projects/balloon_radar_project/data/raw/detection_dataset/train/UAV_IQ/IQ_Data/20260202_145037_beam1.mat,1,0.8799184,72,50,74,49,True,0.6918379,0.09238543
20260202_145037_beam2,20260202_145037,2,310.34,2220.0,2.74,/home/tobeornot8259748/projects/balloon_radar_project/data/raw/detection_dataset/train/UAV_IQ/IQ_Data/20260202_145037_beam2.mat,1,0.9250249,72,48,73,49,True,0.6958974,0.12820005
20260202_145037_beam3,20260202_145037,3,311.33,2220.0,2.74,/home/tobeornot8259748/projects/balloon_radar_project/data/raw/detection_dataset/train/UAV_IQ/IQ_Data/20260202_145037_beam3.mat,1,0.9321316,72,50,73,49,True,0.7019553,0.10143161
20260202_145045_beam1,20260202_145045,1,311.26,2220.0,-3.84,/home/tobeornot8259748/projects/balloon_radar_project/data/raw/detection_dataset/train/UAV_IQ/IQ_Data/20260202_145045_beam1.mat,1,0.89148045,72,86,73,85,True,0.694343,0.07456791
20260202_145045_beam2,20260202_145045,2,310.24,2250.0,-4.02,/home/tobeornot8259748/projects/balloon_radar_project/data/raw/detection_dataset/train/UAV_IQ/IQ_Data/20260202_145045_beam2.mat,1,0.959888,75,86,74,86,True,0.72852606,0.15988089
20260202_145045_beam3,20260202_145045,3,311.26,2250.0,-3.84,/home/tobeornot8259748/projects/balloon_radar_project/data/raw/detection_dataset/train/UAV_IQ/IQ_Data/20260202_145045_beam3.mat,1,0.91406214,72,86,74,85,True,0.69474393,0.07236597
20260202_145045_beam4,20260202_145045,4,311.26,2250.0,-4.02,/home/tobeornot8259748/projects/balloon_radar_project/data/raw/detection_dataset/train/UAV_IQ/IQ_Data/20260202_145045_beam4.mat,1,0.20831366,79,85,74,86,False,0.60823137,0.010334147
20260202_145053_beam1,20260202_145053,1,310.74,2220.0,-3.65,/home/tobeornot8259748/projects/balloon_radar_project/data/raw/detection_dataset/train/UAV_IQ/IQ_Data/20260202_145053_beam1.mat,1,0.95617366,71,85,73,84,True,0.6906106,0.14246334
20260202_145053_beam2,20260202_145053,2,310.74,2220.0,-3.65,/home/tobeornot8259748/projects/balloon_radar_project/data/raw/detection_dataset/train/UAV_IQ/IQ_Data/20260202_145053_beam2.mat,1,0.95730007,74,83,73,84,True,0.713688,0.21971685
20260202_145053_beam3,20260202_145053,3,310.74,2220.0,-3.47,/home/tobeornot8259748/projects/balloon_radar_project/data/raw/detection_dataset/train/UAV_IQ/IQ_Data/20260202_145053_beam3.mat,1,0.958516,71,85,73,83,True,0.7155086,0.1745559
20260202_145053_beam4,20260202_145053,4,310.74,2220.0,-3.65,/home/tobeornot8259748/projects/balloon_radar_project/data/raw/detection_dataset/train/UAV_IQ/IQ_Data/20260202_145053_beam4.mat,1,0.8861607,71,85,73,84,True,0.67481,0.07633447
20260202_145102_beam1,20260202_145102,1,311.84,2160.0,-5.12,/home/tobeornot8259748/projects/balloon_radar_project/data/raw/detection_dataset/train/UAV_IQ/IQ_Data/20260202_145102_beam1.mat,1,0.9785549,70,93,71,92,True,0.7392229,0.18925741
20260202_145102_beam2,20260202_145102,2,311.84,2190.0,-5.12,/home/tobeornot8259748/projects/balloon_radar_project/data/raw/detection_dataset/train/UAV_IQ/IQ_Data/20260202_145102_beam2.mat,1,0.9717713,70,93,72,92,True,0.7203761,0.23932713
20260202_145102_beam3,20260202_145102,3,311.84,2190.0,-4.93,/home/tobeornot8259748/projects/balloon_radar_project/data/raw/detection_dataset/train/UAV_IQ/IQ_Data/20260202_145102_beam3.mat,1,0.9742054,70,93,72,91,True,0.7090127,0.19743471
20260202_145102_beam4,20260202_145102,4,311.84,2160.0,-5.12,/home/tobeornot8259748/projects/balloon_radar_project/data/raw/detection_dataset/train/UAV_IQ/IQ_Data/20260202_145102_beam4.mat,1,0.97376287,70,93,71,92,True,0.6940585,0.120269194
20260202_145102_beam5,20260202_145102,5,311.84,2190.0,-4.93,/home/tobeornot8259748/projects/balloon_radar_project/data/raw/detection_dataset/train/UAV_IQ/IQ_Data/20260202_145102_beam5.mat,1,0.7479558,73,91,72,91,True,0.7091372,0.043590114
20260202_145110_beam1,20260202_145110,1,312.15,2130.0,-5.3,/home/tobeornot8259748/projects/balloon_radar_project/data/raw/detection_dataset/train/UAV_IQ/IQ_Data/20260202_145110_beam1.mat,1,0.9536558,72,93,70,93,True,0.7002904,0.13198768
20260202_145110_beam2,20260202_145110,2,311.13,2130.0,-5.3,/home/tobeornot8259748/projects/balloon_radar_project/data/raw/detection_dataset/train/UAV_IQ/IQ_Data/20260202_145110_beam2.mat,1,0.9351078,69,94,70,93,True,0.71207213,0.14845636
20260202_145110_beam3,20260202_145110,3,312.15,2130.0,-5.3,/home/tobeornot8259748/projects/balloon_radar_project/data/raw/detection_dataset/train/UAV_IQ/IQ_Data/20260202_145110_beam3.mat,1,0.95297456,72,93,70,93,True,0.70748013,0.17432451
20260202_145110_beam4,20260202_145110,4,312.15,2130.0,-5.3,/home/tobeornot8259748/projects/balloon_radar_project/data/raw/detection_dataset/train/UAV_IQ/IQ_Data/20260202_145110_beam4.mat,1,0.9356773,72,92,70,93,True,0.69630045,0.10067805
20260202_145118_beam1,20260202_145118,1,311.7,2070.0,-4.93,/home/tobeornot8259748/projects/balloon_radar_project/data/raw/detection_dataset/train/UAV_IQ/IQ_Data/20260202_145118_beam1.mat,1,0.94927603,67,92,68,91,True,0.7181442,0.1529626
20260202_145118_beam2,20260202_145118,2,311.7,2070.0,-4.93,/home/tobeornot8259748/projects/balloon_radar_project/data/raw/detection_dataset/train/UAV_IQ/IQ_Data/20260202_145118_beam2.mat,1,0.9464428,67,90,68,91,True,0.7239338,0.22594683
20260202_145118_beam3,20260202_145118,3,311.7,2100.0,-4.93,/home/tobeornot8259748/projects/balloon_radar_project/data/raw/detection_dataset/train/UAV_IQ/IQ_Data/20260202_145118_beam3.mat,1,0.94564736,67,90,69,91,True,0.7181638,0.20845176
20260202_145118_beam4,20260202_145118,4,310.71,2100.0,-4.93,/home/tobeornot8259748/projects/balloon_radar_project/data/raw/detection_dataset/train/UAV_IQ/IQ_Data/20260202_145118_beam4.mat,1,0.9528126,67,92,69,91,True,0.71367854,0.12726453
20260202_145126_beam1,20260202_145126,1,311.28,2040.0,-4.75,/home/tobeornot8259748/projects/balloon_radar_project/data/raw/detection_dataset/train/UAV_IQ/IQ_Data/20260202_145126_beam1.mat,1,0.8830854,66,92,67,90,True,0.7048287,0.1532036
20260202_145126_beam2,20260202_145126,2,311.28,2070.0,-4.75,/home/tobeornot8259748/projects/balloon_radar_project/data/raw/detection_dataset/train/UAV_IQ/IQ_Data/20260202_145126_beam2.mat,1,0.9146339,65,90,68,90,False,0.70615834,0.2515662
20260202_145126_beam3,20260202_145126,3,311.28,2040.0,-4.75,/home/tobeornot8259748/projects/balloon_radar_project/data/raw/detection_dataset/train/UAV_IQ/IQ_Data/20260202_145126_beam3.mat,1,0.9446753,69,89,67,90,True,0.7184501,0.28092697
20260202_145126_beam4,20260202_145126,4,311.28,2070.0,-4.75,/home/tobeornot8259748/projects/balloon_radar_project/data/raw/detection_dataset/train/UAV_IQ/IQ_Data/20260202_145126_beam4.mat,1,0.9346238,69,89,68,90,True,0.7046832,0.19728188
20260202_145126_beam5,20260202_145126,5,312.27,2070.0,-4.75,/home/tobeornot8259748/projects/balloon_radar_project/data/raw/detection_dataset/train/UAV_IQ/IQ_Data/20260202_145126_beam5.mat,1,0.91822624,69,91,68,90,True,0.74831367,0.090910316
20260202_145135_beam1,20260202_145135,1,311.56,2070.0,4.57,/home/tobeornot8259748/projects/balloon_radar_project/data/raw/detection_dataset/train/UAV_IQ/IQ_Data/20260202_145135_beam1.mat,1,0.94221574,69,38,68,39,True,0.6922996,0.19274712
20260202_145135_beam2,20260202_145135,2,311.56,2040.0,4.57,/home/tobeornot8259748/projects/balloon_radar_project/data/raw/detection_dataset/train/UAV_IQ/IQ_Data/20260202_145135_beam2.mat,1,0.94205713,69,38,67,39,True,0.70449495,0.2830233
20260202_145135_beam3,20260202_145135,3,311.56,2070.0,4.57,/home/tobeornot8259748/projects/balloon_radar_project/data/raw/detection_dataset/train/UAV_IQ/IQ_Data/20260202_145135_beam3.mat,1,0.91993,65,40,68,39,False,0.69950527,0.24800226
20260202_145135_beam4,20260202_145135,4,310.57,2070.0,4.39,/home/tobeornot8259748/projects/balloon_radar_project/data/raw/detection_dataset/train/UAV_IQ/IQ_Data/20260202_145135_beam4.mat,1,0.96423876,69,39,68,40,True,0.7107211,0.27535933
20260202_145135_beam5,20260202_145135,5,310.57,2070.0,4.57,/home/tobeornot8259748/projects/balloon_radar_project/data/raw/detection_dataset/train/UAV_IQ/IQ_Data/20260202_145135_beam5.mat,1,0.95827705,69,39,68,39,True,0.7516316,0.15515073
20260202_145143_beam1,20260202_145143,1,312.12,2070.0,5.85,/home/tobeornot8259748/projects/balloon_radar_project/data/raw/detection_dataset/train/UAV_IQ/IQ_Data/20260202_145143_beam1.mat,1,0.93478715,67,31,68,32,True,0.71329635,0.28514537
20260202_145143_beam2,20260202_145143,2,311.13,2070.0,5.85,/home/tobeornot8259748/projects/balloon_radar_project/data/raw/detection_dataset/train/UAV_IQ/IQ_Data/20260202_145143_beam2.mat,1,0.8621277,66,31,68,32,True,0.70135254,0.35500333
20260202_145143_beam3,20260202_145143,3,311.13,2100.0,5.85,/home/tobeornot8259748/projects/balloon_radar_project/data/raw/detection_dataset/train/UAV_IQ/IQ_Data/20260202_145143_beam3.mat,1,0.87106836,66,31,69,32,False,0.70003766,0.34158415
20260202_145143_beam4,20260202_145143,4,312.12,2070.0,5.85,/home/tobeornot8259748/projects/balloon_radar_project/data/raw/detection_dataset/train/UAV_IQ/IQ_Data/20260202_145143_beam4.mat,1,0.9397665,71,31,68,32,False,0.71971214,0.26335207
20260202_145143_beam5,20260202_145143,5,311.13,2100.0,5.85,/home/tobeornot8259748/projects/balloon_radar_project/data/raw/detection_dataset/train/UAV_IQ/IQ_Data/20260202_145143_beam5.mat,1,0.92441434,71,33,69,32,True,0.7298086,0.13395412
20260202_145151_beam1,20260202_145151,1,310.86,2130.0,5.66,/home/tobeornot8259748/projects/balloon_radar_project/data/raw/detection_dataset/train/UAV_IQ/IQ_Data/20260202_145151_beam1.mat,1,0.9486227,72,32,70,33,True,0.6959213,0.2515641
20260202_145151_beam2,20260202_145151,2,310.86,2160.0,5.66,/home/tobeornot8259748/projects/balloon_radar_project/data/raw/detection_dataset/train/UAV_IQ/IQ_Data/20260202_145151_beam2.mat,1,0.9473281,73,32,71,33,True,0.6939777,0.31767836
20260202_145151_beam3,20260202_145151,3,310.86,2130.0,5.66,/home/tobeornot8259748/projects/balloon_radar_project/data/raw/detection_dataset/train/UAV_IQ/IQ_Data/20260202_145151_beam3.mat,1,0.9437027,68,32,70,33,True,0.7017995,0.26735538
20260202_145151_beam4,20260202_145151,4,310.86,2130.0,5.66,/home/tobeornot8259748/projects/balloon_radar_project/data/raw/detection_dataset/train/UAV_IQ/IQ_Data/20260202_145151_beam4.mat,1,0.9564314,69,32,70,33,True,0.7066261,0.1962283
20260202_145151_beam5,20260202_145151,5,310.86,2160.0,5.66,/home/tobeornot8259748/projects/balloon_radar_project/data/raw/detection_dataset/train/UAV_IQ/IQ_Data/20260202_145151_beam5.mat,1,0.95396715,69,34,71,33,True,0.7418064,0.09221373
20260202_145208_beam1,20260202_145208,1,311.45,2160.0,-4.02,/home/tobeornot8259748/projects/balloon_radar_project/data/raw/detection_dataset/val/UAV_IQ/IQ_Data/20260202_145208_beam1.mat,1,0.9587332,73,85,71,86,True,0.72573096,0.16016297
20260202_145208_beam2,20260202_145208,2,311.45,2160.0,-3.84,/home/tobeornot8259748/projects/balloon_radar_project/data/raw/detection_dataset/val/UAV_IQ/IQ_Data/20260202_145208_beam2.mat,1,0.96454674,73,85,71,85,True,0.72979885,0.21456707
20260202_145208_beam3,20260202_145208,3,311.45,2160.0,-3.84,/home/tobeornot8259748/projects/balloon_radar_project/data/raw/detection_dataset/val/UAV_IQ/IQ_Data/20260202_145208_beam3.mat,1,0.9598515,71,85,71,85,True,0.72745615,0.19048038
20260202_145208_beam4,20260202_145208,4,311.45,2160.0,-3.84,/home/tobeornot8259748/projects/balloon_radar_project/data/raw/detection_dataset/val/UAV_IQ/IQ_Data/20260202_145208_beam4.mat,1,0.9393479,71,86,71,85,True,0.71445036,0.11132147
20260202_145216_beam1,20260202_145216,1,311.64,2130.0,-2.19,/home/tobeornot8259748/projects/balloon_radar_project/data/raw/detection_dataset/train/UAV_IQ/IQ_Data/20260202_145216_beam1.mat,1,0.9382877,71,76,70,76,True,0.7362747,0.2526604
20260202_145216_beam2,20260202_145216,2,312.66,2130.0,-2.74,/home/tobeornot8259748/projects/balloon_radar_project/data/raw/detection_dataset/train/UAV_IQ/IQ_Data/20260202_145216_beam2.mat,1,0.6567896,66,81,70,79,False,0.72487426,0.2747229
20260202_145216_beam3,20260202_145216,3,311.64,2130.0,-2.38,/home/tobeornot8259748/projects/balloon_radar_project/data/raw/detection_dataset/train/UAV_IQ/IQ_Data/20260202_145216_beam3.mat,1,0.93074405,71,76,70,77,True,0.753478,0.31951994
20260202_145216_beam4,20260202_145216,4,311.64,2130.0,-2.38,/home/tobeornot8259748/projects/balloon_radar_project/data/raw/detection_dataset/train/UAV_IQ/IQ_Data/20260202_145216_beam4.mat,1,0.94918245,71,76,70,77,True,0.7440552,0.19637226
20260202_145216_beam5,20260202_145216,5,311.64,2100.0,-2.38,/home/tobeornot8259748/projects/balloon_radar_project/data/raw/detection_dataset/train/UAV_IQ/IQ_Data/20260202_145216_beam5.mat,1,0.7499213,72,75,69,77,False,0.6978117,0.067419946
20260202_145713_beam1,20260202_145713,1,311.05,2190.0,-5.85,/home/tobeornot8259748/projects/balloon_radar_project/data/raw/detection_dataset/train/UAV_IQ/IQ_Data/20260202_145713_beam1.mat,1,0.45430404,46,62,72,96,False,0.7221091,0.29465565
20260202_145713_beam2,20260202_145713,2,312.03,2190.0,-5.85,/home/tobeornot8259748/projects/balloon_radar_project/data/raw/detection_dataset/train/UAV_IQ/IQ_Data/20260202_145713_beam2.mat,1,0.9221383,70,97,72,96,True,0.6626728,0.13293445
20260202_145713_beam3,20260202_145713,3,311.05,2190.0,-5.85,/home/tobeornot8259748/projects/balloon_radar_project/data/raw/detection_dataset/train/UAV_IQ/IQ_Data/20260202_145713_beam3.mat,1,0.578472,68,96,72,96,False,0.64286417,0.049292333
20260202_145713_beam4,20260202_145713,4,312.03,2190.0,-5.85,/home/tobeornot8259748/projects/balloon_radar_project/data/raw/detection_dataset/train/UAV_IQ/IQ_Data/20260202_145713_beam4.mat,1,0.45424807,68,98,72,96,False,0.6581221,0.03184664
20260202_145722_beam1,20260202_145722,1,312.1,2130.0,-5.85,/home/tobeornot8259748/projects/balloon_radar_project/data/raw/detection_dataset/train/UAV_IQ/IQ_Data/20260202_145722_beam1.mat,1,0.7956823,73,94,70,96,False,0.6868965,0.06094005
20260202_145722_beam2,20260202_145722,2,312.1,2130.0,-5.85,/home/tobeornot8259748/projects/balloon_radar_project/data/raw/detection_dataset/train/UAV_IQ/IQ_Data/20260202_145722_beam2.mat,1,0.9134204,72,95,70,96,True,0.69830114,0.10686616
20260202_145722_beam3,20260202_145722,3,312.1,2130.0,-5.85,/home/tobeornot8259748/projects/balloon_radar_project/data/raw/detection_dataset/train/UAV_IQ/IQ_Data/20260202_145722_beam3.mat,1,0.9111201,68,96,70,96,True,0.68595344,0.08324162
20260202_145722_beam4,20260202_145722,4,312.1,2160.0,-5.85,/home/tobeornot8259748/projects/balloon_radar_project/data/raw/detection_dataset/train/UAV_IQ/IQ_Data/20260202_145722_beam4.mat,1,0.67233455,68,97,71,96,False,0.6782884,0.04077808
20260202_145730_beam1,20260202_145730,1,311.89,2070.0,-5.85,/home/tobeornot8259748/projects/balloon_radar_project/data/raw/detection_dataset/train/UAV_IQ/IQ_Data/20260202_145730_beam1.mat,1,0.90637034,67,97,68,96,True,0.6799005,0.06972274
20260202_145730_beam2,20260202_145730,2,311.89,2070.0,-5.85,/home/tobeornot8259748/projects/balloon_radar_project/data/raw/detection_dataset/train/UAV_IQ/IQ_Data/20260202_145730_beam2.mat,1,0.96596557,67,97,68,96,True,0.72620636,0.13654158
20260202_145730_beam3,20260202_145730,3,311.89,2070.0,-5.85,/home/tobeornot8259748/projects/balloon_radar_project/data/raw/detection_dataset/train/UAV_IQ/IQ_Data/20260202_145730_beam3.mat,1,0.9615063,67,97,68,96,True,0.72652954,0.1254193
20260202_145730_beam4,20260202_145730,4,311.89,2070.0,-5.85,/home/tobeornot8259748/projects/balloon_radar_project/data/raw/detection_dataset/train/UAV_IQ/IQ_Data/20260202_145730_beam4.mat,1,0.8806529,67,97,68,96,True,0.6970463,0.06796508
20260202_145730_beam5,20260202_145730,5,311.89,2100.0,-5.85,/home/tobeornot8259748/projects/balloon_radar_project/data/raw/detection_dataset/train/UAV_IQ/IQ_Data/20260202_145730_beam5.mat,1,0.7036884,27,47,69,96,False,0.73222256,0.050371565
20260202_145738_beam1,20260202_145738,1,311.96,2040.0,-5.85,/home/tobeornot8259748/projects/balloon_radar_project/data/raw/detection_dataset/val/UAV_IQ/IQ_Data/20260202_145738_beam1.mat,1,0.9508121,69,96,67,96,True,0.7086695,0.12227578
20260202_145738_beam2,20260202_145738,2,311.96,2040.0,-5.85,/home/tobeornot8259748/projects/balloon_radar_project/data/raw/detection_dataset/val/UAV_IQ/IQ_Data/20260202_145738_beam2.mat,1,0.9617827,69,96,67,96,True,0.70799565,0.19638406
20260202_145738_beam3,20260202_145738,3,311.96,2040.0,-5.85,/home/tobeornot8259748/projects/balloon_radar_project/data/raw/detection_dataset/val/UAV_IQ/IQ_Data/20260202_145738_beam3.mat,1,0.96429473,68,97,67,96,True,0.72174567,0.2007041
20260202_145738_beam4,20260202_145738,4,311.96,2040.0,-5.85,/home/tobeornot8259748/projects/balloon_radar_project/data/raw/detection_dataset/val/UAV_IQ/IQ_Data/20260202_145738_beam4.mat,1,0.96772254,66,97,67,96,True,0.73011434,0.15565307
20260202_145738_beam5,20260202_145738,5,311.96,2040.0,-5.85,/home/tobeornot8259748/projects/balloon_radar_project/data/raw/detection_dataset/val/UAV_IQ/IQ_Data/20260202_145738_beam5.mat,1,0.9256632,69,96,67,96,True,0.72320867,0.06363284
20260202_145746_beam1,20260202_145746,1,312.01,2010.0,-5.85,/home/tobeornot8259748/projects/balloon_radar_project/data/raw/detection_dataset/train/UAV_IQ/IQ_Data/20260202_145746_beam1.mat,1,0.960264,66,98,66,96,True,0.7093997,0.10520132
20260202_145746_beam2,20260202_145746,2,312.01,2010.0,-6.03,/home/tobeornot8259748/projects/balloon_radar_project/data/raw/detection_dataset/train/UAV_IQ/IQ_Data/20260202_145746_beam2.mat,1,0.9742431,66,97,66,97,True,0.7405229,0.22432996
20260202_145746_beam3,20260202_145746,3,312.01,2010.0,-5.85,/home/tobeornot8259748/projects/balloon_radar_project/data/raw/detection_dataset/train/UAV_IQ/IQ_Data/20260202_145746_beam3.mat,1,0.9743775,65,97,66,96,True,0.73101395,0.23818249
20260202_145746_beam4,20260202_145746,4,312.01,1980.0,-6.03,/home/tobeornot8259748/projects/balloon_radar_project/data/raw/detection_dataset/train/UAV_IQ/IQ_Data/20260202_145746_beam4.mat,1,0.97724354,65,98,65,97,True,0.7440899,0.18710984
20260202_145746_beam5,20260202_145746,5,312.01,1980.0,-5.85,/home/tobeornot8259748/projects/balloon_radar_project/data/raw/detection_dataset/train/UAV_IQ/IQ_Data/20260202_145746_beam5.mat,1,0.9628755,65,98,65,96,True,0.75961334,0.09373271
20260202_145755_beam1,20260202_145755,1,311.93,1950.0,-6.03,/home/tobeornot8259748/projects/balloon_radar_project/data/raw/detection_dataset/train/UAV_IQ/IQ_Data/20260202_145755_beam1.mat,1,0.91698396,63,97,64,97,True,0.6671124,0.09308231
20260202_145755_beam2,20260202_145755,2,311.93,1950.0,-6.03,/home/tobeornot8259748/projects/balloon_radar_project/data/raw/detection_dataset/train/UAV_IQ/IQ_Data/20260202_145755_beam2.mat,1,0.9749854,63,97,64,97,True,0.7013716,0.19245139
20260202_145755_beam3,20260202_145755,3,311.93,1950.0,-5.85,/home/tobeornot8259748/projects/balloon_radar_project/data/raw/detection_dataset/train/UAV_IQ/IQ_Data/20260202_145755_beam3.mat,1,0.976513,64,97,64,96,True,0.72905093,0.22317787
20260202_145755_beam4,20260202_145755,4,311.93,1950.0,-6.03,/home/tobeornot8259748/projects/balloon_radar_project/data/raw/detection_dataset/train/UAV_IQ/IQ_Data/20260202_145755_beam4.mat,1,0.9798493,64,97,64,97,True,0.7356486,0.20342235
20260202_145755_beam5,20260202_145755,5,311.93,1950.0,-6.03,/home/tobeornot8259748/projects/balloon_radar_project/data/raw/detection_dataset/train/UAV_IQ/IQ_Data/20260202_145755_beam5.mat,1,0.97906727,63,98,64,97,True,0.74825263,0.118275814
20260202_145813_beam1,20260202_145813,1,311.82,1950.0,4.57,/home/tobeornot8259748/projects/balloon_radar_project/data/raw/detection_dataset/train/UAV_IQ/IQ_Data/20260202_145813_beam1.mat,1,0.9623063,64,39,64,39,True,0.7279328,0.19599067
20260202_145813_beam2,20260202_145813,2,311.82,1950.0,4.75,/home/tobeornot8259748/projects/balloon_radar_project/data/raw/detection_dataset/train/UAV_IQ/IQ_Data/20260202_145813_beam2.mat,1,0.93356574,66,38,64,38,True,0.7144902,0.3109537
20260202_145813_beam3,20260202_145813,3,312.81,1950.0,4.75,/home/tobeornot8259748/projects/balloon_radar_project/data/raw/detection_dataset/train/UAV_IQ/IQ_Data/20260202_145813_beam3.mat,1,0.97257996,64,39,64,38,True,0.7304111,0.30702147
20260202_145813_beam4,20260202_145813,4,312.81,1950.0,4.75,/home/tobeornot8259748/projects/balloon_radar_project/data/raw/detection_dataset/train/UAV_IQ/IQ_Data/20260202_145813_beam4.mat,1,0.97834516,64,39,64,38,True,0.7300934,0.27820253
20260202_145813_beam5,20260202_145813,5,312.81,1950.0,4.57,/home/tobeornot8259748/projects/balloon_radar_project/data/raw/detection_dataset/train/UAV_IQ/IQ_Data/20260202_145813_beam5.mat,1,0.9853337,63,40,64,39,True,0.7451443,0.17756964
20260202_145819_beam1,20260202_145819,1,311.56,2010.0,6.03,/home/tobeornot8259748/projects/balloon_radar_project/data/raw/detection_dataset/val/UAV_IQ/IQ_Data/20260202_145819_beam1.mat,1,0.98352724,65,32,66,31,True,0.74856824,0.18672273
20260202_145819_beam2,20260202_145819,2,312.55,2010.0,6.03,/home/tobeornot8259748/projects/balloon_radar_project/data/raw/detection_dataset/val/UAV_IQ/IQ_Data/20260202_145819_beam2.mat,1,0.9736225,65,31,66,31,True,0.7357846,0.37471405
20260202_145819_beam3,20260202_145819,3,311.56,1980.0,6.03,/home/tobeornot8259748/projects/balloon_radar_project/data/raw/detection_dataset/val/UAV_IQ/IQ_Data/20260202_145819_beam3.mat,1,0.97348386,67,31,65,31,True,0.72348833,0.36841232
20260202_145819_beam4,20260202_145819,4,312.55,1980.0,6.03,/home/tobeornot8259748/projects/balloon_radar_project/data/raw/detection_dataset/val/UAV_IQ/IQ_Data/20260202_145819_beam4.mat,1,0.9763727,67,31,65,31,True,0.72903794,0.31783044
20260202_145819_beam5,20260202_145819,5,312.55,2010.0,6.03,/home/tobeornot8259748/projects/balloon_radar_project/data/raw/detection_dataset/val/UAV_IQ/IQ_Data/20260202_145819_beam5.mat,1,0.9848518,66,33,66,31,True,0.7609797,0.22423486
20260202_145828_beam1,20260202_145828,1,312.4,2070.0,6.03,/home/tobeornot8259748/projects/balloon_radar_project/data/raw/detection_dataset/train/UAV_IQ/IQ_Data/20260202_145828_beam1.mat,1,0.97347325,68,32,68,31,True,0.7314401,0.24510263
20260202_145828_beam2,20260202_145828,2,311.42,2010.0,6.03,/home/tobeornot8259748/projects/balloon_radar_project/data/raw/detection_dataset/train/UAV_IQ/IQ_Data/20260202_145828_beam2.mat,1,0.9693823,67,31,66,31,True,0.7419699,0.37665284
20260202_145828_beam3,20260202_145828,3,312.4,2040.0,6.03,/home/tobeornot8259748/projects/balloon_radar_project/data/raw/detection_dataset/train/UAV_IQ/IQ_Data/20260202_145828_beam3.mat,1,0.97021335,68,31,67,31,True,0.73142976,0.325924
20260202_145828_beam4,20260202_145828,4,312.4,2040.0,6.03,/home/tobeornot8259748/projects/balloon_radar_project/data/raw/detection_dataset/train/UAV_IQ/IQ_Data/20260202_145828_beam4.mat,1,0.9709018,68,32,67,31,True,0.73021007,0.26414567
20260202_145828_beam5,20260202_145828,5,312.4,2040.0,6.03,/home/tobeornot8259748/projects/balloon_radar_project/data/raw/detection_dataset/train/UAV_IQ/IQ_Data/20260202_145828_beam5.mat,1,0.97065586,68,32,67,31,True,0.7513904,0.15765281
20260202_145836_beam1,20260202_145836,1,311.96,2100.0,3.65,/home/tobeornot8259748/projects/balloon_radar_project/data/raw/detection_dataset/val/UAV_IQ/IQ_Data/20260202_145836_beam1.mat,1,0.96775806,70,43,69,44,True,0.75245947,0.24761209
20260202_145836_beam2,20260202_145836,2,311.96,2100.0,3.84,/home/tobeornot8259748/projects/balloon_radar_project/data/raw/detection_dataset/val/UAV_IQ/IQ_Data/20260202_145836_beam2.mat,1,0.94798976,70,43,69,43,True,0.7575649,0.3797084
20260202_145836_beam3,20260202_145836,3,311.96,2070.0,3.84,/home/tobeornot8259748/projects/balloon_radar_project/data/raw/detection_dataset/val/UAV_IQ/IQ_Data/20260202_145836_beam3.mat,1,0.9226272,70,43,68,43,True,0.7600132,0.35517764
20260202_145836_beam4,20260202_145836,4,312.95,2070.0,4.2,/home/tobeornot8259748/projects/balloon_radar_project/data/raw/detection_dataset/val/UAV_IQ/IQ_Data/20260202_145836_beam4.mat,1,0.9047539,67,42,68,41,True,0.7486717,0.24919413
20260202_145836_beam5,20260202_145836,5,311.96,2100.0,3.84,/home/tobeornot8259748/projects/balloon_radar_project/data/raw/detection_dataset/val/UAV_IQ/IQ_Data/20260202_145836_beam5.mat,1,0.94305485,69,44,69,43,True,0.78783417,0.12622507
