path,status,size,sha256,snapshot_path
features/polarimetric_gated_rd.py,COPIED,4212,fca8e3f0c76848ca87d999a8a73c669780b4ae3a26ecf53b477c91c3a2d99656,snapshot/features/polarimetric_gated_rd.py
datasets/polarimetric_detection_dataset_v2.py,COPIED,9873,ef3bc15a370ae74c0f1e80765136ab338eedd17029f900e4ee709edf8df2ca5d,snapshot/datasets/polarimetric_detection_dataset_v2.py
training/train_polarimetric_representation_fcn_v2.py,COPIED,14892,8fafc9c79af32e126642b1e3410e1fb78e5ecb12651caaf493eac52a984b7ee4,snapshot/training/train_polarimetric_representation_fcn_v2.py
scripts/run_polarimetric_representation_benchmark_v2.py,COPIED,4903,c66b92941432f0288dbddad354d5c86460bfc1de8e44ead4cf57f21fda5380e9,snapshot/scripts/run_polarimetric_representation_benchmark_v2.py
scripts/summarize_polarimetric_representation_benchmark_v2.py,COPIED,5338,a6b6fc495eae0a0a349c750991002681d1b0ee5976825bea64efbad980458f93,snapshot/scripts/summarize_polarimetric_representation_benchmark_v2.py
configs/polarimetric_representation_benchmark_v2.yaml,COPIED,1513,66c04346f6690aaf7deef7950d1b29ea0f69767b89e1373873d3b57540a5aef8,snapshot/configs/polarimetric_representation_benchmark_v2.yaml
docs/polarimetric_stage3/NEXT_STAGE_ROI_POLARIMETRIC_INTERFACE.md,COPIED,1872,1815945f08a2caa7f83921ffc049d27c4d7e61bc58107ba62cdafea8f2a83aa4,snapshot/docs/polarimetric_stage3/NEXT_STAGE_ROI_POLARIMETRIC_INTERFACE.md
results/data_audit/dataset_v4_multifold/fold_01_manifest.csv,COPIED,287084,b22abcfdece83a17ab474e690a280400b97c60623a9780d799fe2e1c19476221,snapshot/results/data_audit/dataset_v4_multifold/fold_01_manifest.csv
results/data_audit/dataset_v4_multifold/fold_04_manifest.csv,COPIED,287071,922f4f50de3ea1317b7741608c54d99ed578577da6dbac82c97936887725b957,snapshot/results/data_audit/dataset_v4_multifold/fold_04_manifest.csv
results/data_audit/polarimetric_channel_audit_v1/channel_audit_sample_detail.csv,COPIED,171474,9929cd5c53c6bc91de57fae3c4357c8a07dd9a508b78c3a9ec69403bcd36ac35,snapshot/results/data_audit/polarimetric_channel_audit_v1/channel_audit_sample_detail.csv
results/data_audit/polarimetric_feature_audit_v1/sample_features.csv,COPIED,78107,f0dd0412a8adaf720117610e04a23f84b36df40e3d32484951d15db2bf24c65b,snapshot/results/data_audit/polarimetric_feature_audit_v1/sample_features.csv
results/data_audit/polarimetric_representation_benchmark_v1/representation_detail_formal.csv,COPIED,2012,02ab5a03b7021c75d1d0b7601b6a344c0805346237fdf98ec489e593ed5948f4,snapshot/results/data_audit/polarimetric_representation_benchmark_v1/representation_detail_formal.csv
results/data_audit/polarimetric_representation_benchmark_v1/representation_detail_smoke.csv,COPIED,1265,351d097b1798254ede2784e186874a76b0e8b3c9ecac849a5dbd4669577ccb6a,snapshot/results/data_audit/polarimetric_representation_benchmark_v1/representation_detail_smoke.csv
results/data_audit/polarimetric_representation_benchmark_v2/representation_detail_formal.csv,COPIED,2102,378e5ae95406d73fed887c622332647030b665241e86b7ac6d7719d721cb5abf,snapshot/results/data_audit/polarimetric_representation_benchmark_v2/representation_detail_formal.csv
results/data_audit/polarimetric_representation_benchmark_v2/representation_detail_smoke.csv,COPIED,1303,e1502ea60ee2e94d09e934ab9b1afc76d91d96b2d09b99b50242c01e709924f3,snapshot/results/data_audit/polarimetric_representation_benchmark_v2/representation_detail_smoke.csv
results/data_audit/polarimetric_twofold_diagnostics_final_analysis_v1/fixed_threshold_detail.csv,COPIED,2084,56b7cc94d56574d82bf8509d02b822d294da8c49b228bacf45d5c5b6287a2a6f,snapshot/results/data_audit/polarimetric_twofold_diagnostics_final_analysis_v1/fixed_threshold_detail.csv
results/data_audit/polarimetric_twofold_diagnostics_final_analysis_v1/low_fpr_detail.csv,COPIED,1644,963956b9e79dfa6636b462ea068cefbbbce5091413d3d0dbb9500a2cbc1b14d5,snapshot/results/data_audit/polarimetric_twofold_diagnostics_final_analysis_v1/low_fpr_detail.csv
results/data_audit/polarimetric_twofold_diagnostics_final_analysis_v1/threshold_transfer_detail.csv,COPIED,2123,da7f9093121c9f66d63d3e46d6897397907f860c5cb65a4ab8d66aafbab8bdfa,snapshot/results/data_audit/polarimetric_twofold_diagnostics_final_analysis_v1/threshold_transfer_detail.csv
results/data_audit/polarimetric_twofold_diagnostics_v1/collected_outputs/polar_repr_v2_polar6_gated_v4_fold01_seed42_formal/tables/test_predictions.csv,COPIED,46968,9e2709409c1443f20cf242bacd9d75d45923951e926365b0c4560d686b79fa22,snapshot/results/data_audit/polarimetric_twofold_diagnostics_v1/collected_outputs/polar_repr_v2_polar6_gated_v4_fold01_seed42_formal/tables/test_predictions.csv
results/data_audit/polarimetric_twofold_diagnostics_v1/collected_outputs/polar_repr_v2_polar6_gated_v4_fold01_seed42_formal/tables/val_predictions.csv,COPIED,47515,0bd9d114ad08a5683505061005e253590b3a5291c015bad2bb119e45b79dacd1,snapshot/results/data_audit/polarimetric_twofold_diagnostics_v1/collected_outputs/polar_repr_v2_polar6_gated_v4_fold01_seed42_formal/tables/val_predictions.csv
results/data_audit/polarimetric_twofold_diagnostics_v1/collected_outputs/polar_repr_v2_polar6_gated_v4_fold04_seed42_formal/tables/test_predictions.csv,COPIED,46751,c78cbe58b193089aad46c5132d1fa4a7162d6234a9eabef3e33da6abdde8ce5a,snapshot/results/data_audit/polarimetric_twofold_diagnostics_v1/collected_outputs/polar_repr_v2_polar6_gated_v4_fold04_seed42_formal/tables/test_predictions.csv
results/data_audit/polarimetric_twofold_diagnostics_v1/collected_outputs/polar_repr_v2_polar6_gated_v4_fold04_seed42_formal/tables/val_predictions.csv,COPIED,48994,362f6e153984c97a52844f3dd5172931602276214b79725ee10358f158eb3bae,snapshot/results/data_audit/polarimetric_twofold_diagnostics_v1/collected_outputs/polar_repr_v2_polar6_gated_v4_fold04_seed42_formal/tables/val_predictions.csv
results/data_audit/polarimetric_twofold_diagnostics_v1/collected_outputs/polar_repr_v2_power2_v4_fold01_seed42_formal/tables/test_predictions.csv,COPIED,46688,8cb6965ef031b735dcb9ac642ef581bd305fbbb7fb9534ea9655c40fa1cfef4e,snapshot/results/data_audit/polarimetric_twofold_diagnostics_v1/collected_outputs/polar_repr_v2_power2_v4_fold01_seed42_formal/tables/test_predictions.csv
results/data_audit/polarimetric_twofold_diagnostics_v1/collected_outputs/polar_repr_v2_power2_v4_fold01_seed42_formal/tables/val_predictions.csv,COPIED,47468,94c9bef0daf3ef7612321eb472325812d33bafe83c1f7453fdf033b76997a4b2,snapshot/results/data_audit/polarimetric_twofold_diagnostics_v1/collected_outputs/polar_repr_v2_power2_v4_fold01_seed42_formal/tables/val_predictions.csv
results/data_audit/polarimetric_twofold_diagnostics_v1/collected_outputs/polar_repr_v2_power2_v4_fold04_seed42_formal/tables/test_predictions.csv,COPIED,46477,b69852fa7fa0adda8a6f21e197e27afc95ec8c82505f4a59cf70207b957f69ef,snapshot/results/data_audit/polarimetric_twofold_diagnostics_v1/collected_outputs/polar_repr_v2_power2_v4_fold04_seed42_formal/tables/test_predictions.csv
results/data_audit/polarimetric_twofold_diagnostics_v1/collected_outputs/polar_repr_v2_power2_v4_fold04_seed42_formal/tables/val_predictions.csv,COPIED,49130,f85e6ec145239f7ce9299c6183cc5226d710394ebcba9087181e4306466e3bfb,snapshot/results/data_audit/polarimetric_twofold_diagnostics_v1/collected_outputs/polar_repr_v2_power2_v4_fold04_seed42_formal/tables/val_predictions.csv
results/data_audit/polarimetric_twofold_diagnostics_v1/collected_outputs/polar_repr_v2_ri4_v4_fold01_seed42_formal/tables/test_predictions.csv,COPIED,47058,fa0f06474238870175ae8507a1cdda3620d8d70d1c0459653d8f71603644726f,snapshot/results/data_audit/polarimetric_twofold_diagnostics_v1/collected_outputs/polar_repr_v2_ri4_v4_fold01_seed42_formal/tables/test_predictions.csv
results/data_audit/polarimetric_twofold_diagnostics_v1/collected_outputs/polar_repr_v2_ri4_v4_fold01_seed42_formal/tables/val_predictions.csv,COPIED,47234,3d6b714474b27a1650bb62592c6c490eb433a78f0aaf8fe4ea120f0fae94d1dd,snapshot/results/data_audit/polarimetric_twofold_diagnostics_v1/collected_outputs/polar_repr_v2_ri4_v4_fold01_seed42_formal/tables/val_predictions.csv
results/data_audit/polarimetric_twofold_diagnostics_v1/collected_outputs/polar_repr_v2_ri4_v4_fold04_seed42_formal/tables/test_predictions.csv,COPIED,46811,83b8d3318cae538974d17ae6372bae04348fe2fd7169659664e661fb85246790,snapshot/results/data_audit/polarimetric_twofold_diagnostics_v1/collected_outputs/polar_repr_v2_ri4_v4_fold04_seed42_formal/tables/test_predictions.csv
results/data_audit/polarimetric_twofold_diagnostics_v1/collected_outputs/polar_repr_v2_ri4_v4_fold04_seed42_formal/tables/val_predictions.csv,COPIED,49034,93a412d2c87d1cafc7f2d372cf56a0b36da2d3250b7f11987f06e0b3748c4f52,snapshot/results/data_audit/polarimetric_twofold_diagnostics_v1/collected_outputs/polar_repr_v2_ri4_v4_fold04_seed42_formal/tables/val_predictions.csv
results/data_audit/polarimetric_twofold_diagnostics_v1/collected_outputs/polar_repr_v2_ri8_gated_v4_fold01_seed42_formal/tables/test_predictions.csv,COPIED,47055,14019c2cf2ad786ff87c239d5de8af4a4224fceebe0ff2176f7b9a79da136fda,snapshot/results/data_audit/polarimetric_twofold_diagnostics_v1/collected_outputs/polar_repr_v2_ri8_gated_v4_fold01_seed42_formal/tables/test_predictions.csv
results/data_audit/polarimetric_twofold_diagnostics_v1/collected_outputs/polar_repr_v2_ri8_gated_v4_fold01_seed42_formal/tables/val_predictions.csv,COPIED,47465,ff95fad0e185006b0be440f28de3ef49b0693a65b672a409790cf5d8ab1607db,snapshot/results/data_audit/polarimetric_twofold_diagnostics_v1/collected_outputs/polar_repr_v2_ri8_gated_v4_fold01_seed42_formal/tables/val_predictions.csv
results/data_audit/polarimetric_twofold_diagnostics_v1/collected_outputs/polar_repr_v2_ri8_gated_v4_fold04_seed42_formal/tables/test_predictions.csv,COPIED,46764,a053ad39a93f094a214bd851468bf76573cc6b126deba544ef614505ee287eff,snapshot/results/data_audit/polarimetric_twofold_diagnostics_v1/collected_outputs/polar_repr_v2_ri8_gated_v4_fold04_seed42_formal/tables/test_predictions.csv
results/data_audit/polarimetric_twofold_diagnostics_v1/collected_outputs/polar_repr_v2_ri8_gated_v4_fold04_seed42_formal/tables/val_predictions.csv,COPIED,49026,07dd437ad117ef11337f6110c506592d943468670db620bf2a588919a185f52f,snapshot/results/data_audit/polarimetric_twofold_diagnostics_v1/collected_outputs/polar_repr_v2_ri8_gated_v4_fold04_seed42_formal/tables/val_predictions.csv
results/data_audit/polarimetric_twofold_diagnostics_v1/prediction_candidate_inventory.csv,COPIED,9243,edea007680dcf82b406dca7d460500e747e8c44431ad57374ad5c84878efda5e,snapshot/results/data_audit/polarimetric_twofold_diagnostics_v1/prediction_candidate_inventory.csv
results/data_audit/polarimetric_twofold_diagnostics_v1/source_context/results/data_audit/polarimetric_representation_benchmark_v2/representation_detail_formal.csv,COPIED,2102,378e5ae95406d73fed887c622332647030b665241e86b7ac6d7719d721cb5abf,snapshot/results/data_audit/polarimetric_twofold_diagnostics_v1/source_context/results/data_audit/polarimetric_representation_benchmark_v2/representation_detail_formal.csv
results/experiments/bc_dpg_fcn_v4_fold01_seed42/tables/fixed_threshold_test_predictions.csv,COPIED,82382,02ac945e8d64f84ba678ca5800cdb0085b83652df2bf81a291a61ad797bfb008,snapshot/results/experiments/bc_dpg_fcn_v4_fold01_seed42/tables/fixed_threshold_test_predictions.csv
results/experiments/bc_dpg_fcn_v4_fold01_seed42/tables/raw_fixed_threshold_test_predictions.csv,COPIED,82301,d9faf18670523b03c0b752fdf539f94897d15f7ba1e3036693f45e689befe014,snapshot/results/experiments/bc_dpg_fcn_v4_fold01_seed42/tables/raw_fixed_threshold_test_predictions.csv
results/experiments/bc_dpg_fcn_v4_fold01_seed42/tables/raw_test_predictions.csv,COPIED,82229,6f81469c584ff8810890745b593818075189d1a5d6a21fecfcb486e7ab525b99,snapshot/results/experiments/bc_dpg_fcn_v4_fold01_seed42/tables/raw_test_predictions.csv
results/experiments/bc_dpg_fcn_v4_fold01_seed42/tables/raw_val_predictions.csv,COPIED,82372,2434629f9613dc5f7a50839a738b068a7ea4b335a9d861bca9f8bf68109369f0,snapshot/results/experiments/bc_dpg_fcn_v4_fold01_seed42/tables/raw_val_predictions.csv
results/experiments/bc_dpg_fcn_v4_fold01_seed42/tables/test_predictions.csv,COPIED,82280,10527fab440c9edbf252ab8ae88553eb94ea5334b046bcf265acbc04ed3f6418,snapshot/results/experiments/bc_dpg_fcn_v4_fold01_seed42/tables/test_predictions.csv
results/experiments/bc_dpg_fcn_v4_fold01_seed42/tables/val_predictions.csv,COPIED,82512,ba2692c7f6cc89b7c0794c8d8a7d4b6982c09a6b6bf72607c5a9ffb6c7247cb7,snapshot/results/experiments/bc_dpg_fcn_v4_fold01_seed42/tables/val_predictions.csv
results/experiments/bc_dpg_fcn_v4_fold01_seed42_smoke/tables/fixed_threshold_test_predictions.csv,COPIED,6423,e1992696aec70b682444f7b451e33147cf0c005686985617cad0a7249f90b990,snapshot/results/experiments/bc_dpg_fcn_v4_fold01_seed42_smoke/tables/fixed_threshold_test_predictions.csv
results/experiments/bc_dpg_fcn_v4_fold01_seed42_smoke/tables/raw_fixed_threshold_test_predictions.csv,COPIED,6329,7a6caf40733658cbd29e93590a647a330ac2d05c8a172ac30d6eca3c711fea27,snapshot/results/experiments/bc_dpg_fcn_v4_fold01_seed42_smoke/tables/raw_fixed_threshold_test_predictions.csv
results/experiments/bc_dpg_fcn_v4_fold01_seed42_smoke/tables/raw_test_predictions.csv,COPIED,6317,81f8bbabff549bfb4afd8fe30555c299af80835c013595e2631c2cccfe876ace,snapshot/results/experiments/bc_dpg_fcn_v4_fold01_seed42_smoke/tables/raw_test_predictions.csv
results/experiments/bc_dpg_fcn_v4_fold01_seed42_smoke/tables/raw_val_predictions.csv,COPIED,6398,470a488cb8a962653061393ef247880d5705e8dc12a54c34befad7a10144eb57,snapshot/results/experiments/bc_dpg_fcn_v4_fold01_seed42_smoke/tables/raw_val_predictions.csv
results/experiments/bc_dpg_fcn_v4_fold01_seed42_smoke/tables/test_predictions.csv,COPIED,6411,53e31ebcd3c208eb0a8ba3b8a2dbca322b4dfb32b3eb9b6b433049dab084b469,snapshot/results/experiments/bc_dpg_fcn_v4_fold01_seed42_smoke/tables/test_predictions.csv
results/experiments/bc_dpg_fcn_v4_fold01_seed42_smoke/tables/val_predictions.csv,COPIED,6480,bfdb7fd530a7bce027f9b7eb9d8f31391a65248728b40581d6c0882490b73394,snapshot/results/experiments/bc_dpg_fcn_v4_fold01_seed42_smoke/tables/val_predictions.csv
results/experiments/bc_dpg_v2_tail_v4_fold01_seed42/tables/base_threshold_test_predictions.csv,COPIED,62691,41a4662c6217c298d257111bda9daa70e3966d7dbd889bb2425687363f6cb25b,snapshot/results/experiments/bc_dpg_v2_tail_v4_fold01_seed42/tables/base_threshold_test_predictions.csv
results/experiments/bc_dpg_v2_tail_v4_fold01_seed42/tables/base_threshold_val_predictions.csv,COPIED,62894,b19d6d2f1a2dea6fcc32297e81b993871d9d5c4dd023d76be34734c2fdf37bcb,snapshot/results/experiments/bc_dpg_v2_tail_v4_fold01_seed42/tables/base_threshold_val_predictions.csv
results/experiments/bc_dpg_v2_tail_v4_fold01_seed42/tables/raw_base_threshold_test_predictions.csv,COPIED,62545,b2f549f477b2b2fbd0e4728ac10f3a5568cda13f68be50061bd7143c27b0c829,snapshot/results/experiments/bc_dpg_v2_tail_v4_fold01_seed42/tables/raw_base_threshold_test_predictions.csv
results/experiments/bc_dpg_v2_tail_v4_fold01_seed42/tables/test_predictions.csv,COPIED,62603,4c7859c1d339faa36fbd6341e7c575ed467294f559e93e2520830ec7e0a050b0,snapshot/results/experiments/bc_dpg_v2_tail_v4_fold01_seed42/tables/test_predictions.csv
results/experiments/bc_dpg_v2_tail_v4_fold01_seed42/tables/val_predictions.csv,COPIED,62890,d6346073970854ec984133c437e5da277aa76f637258a9cd863e7aa2bf540e0e,snapshot/results/experiments/bc_dpg_v2_tail_v4_fold01_seed42/tables/val_predictions.csv
results/experiments/bc_dpg_v2_tail_v4_fold01_seed42_smoke/tables/base_threshold_test_predictions.csv,COPIED,5160,87c0d320751d6ccc727738f2c56bbb102a77a27607f4f4adc5fdb38ac43b627d,snapshot/results/experiments/bc_dpg_v2_tail_v4_fold01_seed42_smoke/tables/base_threshold_test_predictions.csv
results/experiments/bc_dpg_v2_tail_v4_fold01_seed42_smoke/tables/base_threshold_val_predictions.csv,COPIED,5161,0299bac7a95ccead6d14bd5d586c0b266c40ae6a383c699f8a73e020a6a80131,snapshot/results/experiments/bc_dpg_v2_tail_v4_fold01_seed42_smoke/tables/base_threshold_val_predictions.csv
results/experiments/bc_dpg_v2_tail_v4_fold01_seed42_smoke/tables/raw_base_threshold_test_predictions.csv,COPIED,5161,9c63b41420fe9689fcc116fd3f6bd6916224ff14f7d3da69f30c4d6a82b3c349,snapshot/results/experiments/bc_dpg_v2_tail_v4_fold01_seed42_smoke/tables/raw_base_threshold_test_predictions.csv
results/experiments/bc_dpg_v2_tail_v4_fold01_seed42_smoke/tables/test_predictions.csv,COPIED,5152,25323970c0744388a87f5ea62f12b3f8a34da18050339dff44f42070a2babd9c,snapshot/results/experiments/bc_dpg_v2_tail_v4_fold01_seed42_smoke/tables/test_predictions.csv
results/experiments/bc_dpg_v2_tail_v4_fold01_seed42_smoke/tables/val_predictions.csv,COPIED,5157,a5394757b357c075820ca802ff2e93a8597373bd73eb68e219cd5e25086e09e0,snapshot/results/experiments/bc_dpg_v2_tail_v4_fold01_seed42_smoke/tables/val_predictions.csv
results/experiments/bc_dpg_v2_tail_v4_fold04_seed42/tables/base_threshold_test_predictions.csv,COPIED,62483,6ef267f32cd94b0310d8cf64d5245da3d315c98070eb5eff2203e7b21e73d721,snapshot/results/experiments/bc_dpg_v2_tail_v4_fold04_seed42/tables/base_threshold_test_predictions.csv
results/experiments/bc_dpg_v2_tail_v4_fold04_seed42/tables/base_threshold_val_predictions.csv,COPIED,65083,8f4044395d4ff88f529eed75d1a50b19fc607b4fb5fd532a1401aeeeefbc5dde,snapshot/results/experiments/bc_dpg_v2_tail_v4_fold04_seed42/tables/base_threshold_val_predictions.csv
results/experiments/bc_dpg_v2_tail_v4_fold04_seed42/tables/raw_base_threshold_test_predictions.csv,COPIED,62275,f65a34ba0a92972c5e3b9c688081f3015c910296880f9cd58f1f361c5cbc1565,snapshot/results/experiments/bc_dpg_v2_tail_v4_fold04_seed42/tables/raw_base_threshold_test_predictions.csv
results/experiments/bc_dpg_v2_tail_v4_fold04_seed42/tables/test_predictions.csv,COPIED,62381,8e07addff23a981bfa41eb09fe9217f8f2c37feba24dec2f7ce3fab04463e67a,snapshot/results/experiments/bc_dpg_v2_tail_v4_fold04_seed42/tables/test_predictions.csv
results/experiments/bc_dpg_v2_tail_v4_fold04_seed42/tables/val_predictions.csv,COPIED,65079,af91434c51248fc622938c3bcd2848e69b071dbcdc0a5cca5373dcef0b026eb7,snapshot/results/experiments/bc_dpg_v2_tail_v4_fold04_seed42/tables/val_predictions.csv
results/experiments/bc_dpg_v31_shiftreg_0_v4_fold01_seed42/tables/base_threshold_test_predictions.csv,COPIED,82622,e6125e688b3cec386852085854e8d1e6911fce9f83d7d8f6239d5c1e66e177aa,snapshot/results/experiments/bc_dpg_v31_shiftreg_0_v4_fold01_seed42/tables/base_threshold_test_predictions.csv
results/experiments/bc_dpg_v31_shiftreg_0_v4_fold01_seed42/tables/base_threshold_val_predictions.csv,COPIED,82311,7f9613d39eb16c167ad54b8489a8b3cf4f6b39c1f27b435807e11701adb7fba2,snapshot/results/experiments/bc_dpg_v31_shiftreg_0_v4_fold01_seed42/tables/base_threshold_val_predictions.csv
results/experiments/bc_dpg_v31_shiftreg_0_v4_fold01_seed42/tables/raw_base_threshold_test_predictions.csv,COPIED,82382,274d795fe73057bc9c31cfe5935f309d1630464c814434d5f6aa012f8685beb6,snapshot/results/experiments/bc_dpg_v31_shiftreg_0_v4_fold01_seed42/tables/raw_base_threshold_test_predictions.csv
results/experiments/bc_dpg_v31_shiftreg_0_v4_fold01_seed42/tables/test_predictions.csv,COPIED,82488,a51c2101032492a57f9707a791518f1f14229730d883769ddc6e75bc9946e8ff,snapshot/results/experiments/bc_dpg_v31_shiftreg_0_v4_fold01_seed42/tables/test_predictions.csv
results/experiments/bc_dpg_v31_shiftreg_0_v4_fold01_seed42/tables/val_predictions.csv,COPIED,82307,73be7f0611d0ec390e84bffda1b83d2156bc595bdef2551132ac01aa2bd6f946,snapshot/results/experiments/bc_dpg_v31_shiftreg_0_v4_fold01_seed42/tables/val_predictions.csv
results/experiments/bc_dpg_v31_shiftreg_0_v4_fold01_seed42_smoke/tables/base_threshold_test_predictions.csv,COPIED,10026,2989f7dc9fefd73b0dff0a624005369f1f41da7702406ca0409dcfb910aa33c0,snapshot/results/experiments/bc_dpg_v31_shiftreg_0_v4_fold01_seed42_smoke/tables/base_threshold_test_predictions.csv
results/experiments/bc_dpg_v31_shiftreg_0_v4_fold01_seed42_smoke/tables/base_threshold_val_predictions.csv,COPIED,9991,030e33ad10234e243aef1409d6339a364fdec51f06feb018046805884e5339c7,snapshot/results/experiments/bc_dpg_v31_shiftreg_0_v4_fold01_seed42_smoke/tables/base_threshold_val_predictions.csv
results/experiments/bc_dpg_v31_shiftreg_0_v4_fold01_seed42_smoke/tables/raw_base_threshold_test_predictions.csv,COPIED,10024,0520741b30b249d5f677851cbab2fc66c629a3924d44dab76100171083e761b9,snapshot/results/experiments/bc_dpg_v31_shiftreg_0_v4_fold01_seed42_smoke/tables/raw_base_threshold_test_predictions.csv
results/experiments/bc_dpg_v31_shiftreg_0_v4_fold01_seed42_smoke/tables/test_predictions.csv,COPIED,10016,d1e87dfa0c50a6acb479d674a7a0469949e67c98094da212809b0d1153aa2985,snapshot/results/experiments/bc_dpg_v31_shiftreg_0_v4_fold01_seed42_smoke/tables/test_predictions.csv
results/experiments/bc_dpg_v31_shiftreg_0_v4_fold01_seed42_smoke/tables/val_predictions.csv,COPIED,9987,c357129ff3852de0afa29bfd46aa42b9cec2602890e12fc6dcfe86dbb0ed9147,snapshot/results/experiments/bc_dpg_v31_shiftreg_0_v4_fold01_seed42_smoke/tables/val_predictions.csv
results/experiments/bc_dpg_v31_shiftreg_0_v4_fold04_seed42/tables/base_threshold_test_predictions.csv,COPIED,82260,4548c96579e7d44cc24fb795cf88f1b176b83965712633426c65039b20568c2b,snapshot/results/experiments/bc_dpg_v31_shiftreg_0_v4_fold04_seed42/tables/base_threshold_test_predictions.csv
results/experiments/bc_dpg_v31_shiftreg_0_v4_fold04_seed42/tables/base_threshold_val_predictions.csv,COPIED,85136,10e19bc268bfa55820fdfcec5bf05127a672dbf25180e2e3158f3322aaed21d8,snapshot/results/experiments/bc_dpg_v31_shiftreg_0_v4_fold04_seed42/tables/base_threshold_val_predictions.csv
results/experiments/bc_dpg_v31_shiftreg_0_v4_fold04_seed42/tables/raw_base_threshold_test_predictions.csv,COPIED,81976,fc1f7dea742a2e2491b68a0d110e255e53a7f1616038e66fa2a7866b68ed5a2d,snapshot/results/experiments/bc_dpg_v31_shiftreg_0_v4_fold04_seed42/tables/raw_base_threshold_test_predictions.csv
results/experiments/bc_dpg_v31_shiftreg_0_v4_fold04_seed42/tables/test_predictions.csv,COPIED,82088,675098491bd2d1721991dcf9fae470cec838fe03a68880ba182e3decd1e90da8,snapshot/results/experiments/bc_dpg_v31_shiftreg_0_v4_fold04_seed42/tables/test_predictions.csv
results/experiments/bc_dpg_v31_shiftreg_0_v4_fold04_seed42/tables/val_predictions.csv,COPIED,85131,212d4c8eeae31aa1f9dcf3ae1766832940dcaa270c4ef64df57bf170b54b35d1,snapshot/results/experiments/bc_dpg_v31_shiftreg_0_v4_fold04_seed42/tables/val_predictions.csv
results/experiments/bc_dpg_v31_shiftreg_0_v4_fold04_seed42_smoke/tables/base_threshold_test_predictions.csv,COPIED,10029,4a4d1e475d0c3a18d44c8238221adfa230a6109dae20af676738a1a4a48d2889,snapshot/results/experiments/bc_dpg_v31_shiftreg_0_v4_fold04_seed42_smoke/tables/base_threshold_test_predictions.csv
results/experiments/bc_dpg_v31_shiftreg_0_v4_fold04_seed42_smoke/tables/base_threshold_val_predictions.csv,COPIED,9977,ec126b0f2f8e6922d895996d6ad5314a655a9d580c0dfb1818ae2f97482792e4,snapshot/results/experiments/bc_dpg_v31_shiftreg_0_v4_fold04_seed42_smoke/tables/base_threshold_val_predictions.csv
results/experiments/bc_dpg_v31_shiftreg_0_v4_fold04_seed42_smoke/tables/raw_base_threshold_test_predictions.csv,COPIED,10027,3f3425796ce37fc151ee0302c8f3cac3513e96c68ac5f9c217f055cb25c0e76d,snapshot/results/experiments/bc_dpg_v31_shiftreg_0_v4_fold04_seed42_smoke/tables/raw_base_threshold_test_predictions.csv
results/experiments/bc_dpg_v31_shiftreg_0_v4_fold04_seed42_smoke/tables/test_predictions.csv,COPIED,10027,85d57599442c0571e55971390ddc7c6d4eeb9a1fd62899cc613e786f6f3338bf,snapshot/results/experiments/bc_dpg_v31_shiftreg_0_v4_fold04_seed42_smoke/tables/test_predictions.csv
results/experiments/bc_dpg_v31_shiftreg_0_v4_fold04_seed42_smoke/tables/val_predictions.csv,COPIED,9973,2cbf7851c9226a9e0212bdc1d5afc2a4182071918a5ff47f2c8795e99b2c1005,snapshot/results/experiments/bc_dpg_v31_shiftreg_0_v4_fold04_seed42_smoke/tables/val_predictions.csv
results/experiments/bc_dpg_v31_shiftreg_0p001_v4_fold01_seed42/tables/base_threshold_test_predictions.csv,COPIED,82612,3c53a5ea00d125410e9c0ca22d3680d46ced10d00bc6d58979799f947eb8f4d0,snapshot/results/experiments/bc_dpg_v31_shiftreg_0p001_v4_fold01_seed42/tables/base_threshold_test_predictions.csv
results/experiments/bc_dpg_v31_shiftreg_0p001_v4_fold01_seed42/tables/base_threshold_val_predictions.csv,COPIED,82340,76ec33ad72a959c0ee30e512433ce5fd8ceffe6381af9191fc43f9f00fd8ba4d,snapshot/results/experiments/bc_dpg_v31_shiftreg_0p001_v4_fold01_seed42/tables/base_threshold_val_predictions.csv
results/experiments/bc_dpg_v31_shiftreg_0p001_v4_fold01_seed42/tables/raw_base_threshold_test_predictions.csv,COPIED,82382,22aba1f46488cb93f394b16e6eccec0fdebc860fda063729f90c81aa5882e4e7,snapshot/results/experiments/bc_dpg_v31_shiftreg_0p001_v4_fold01_seed42/tables/raw_base_threshold_test_predictions.csv
results/experiments/bc_dpg_v31_shiftreg_0p001_v4_fold01_seed42/tables/test_predictions.csv,COPIED,82474,b1778f708d37f1ecda2fc198e403f0a430fa69324ecd2c25c48f93c422244615,snapshot/results/experiments/bc_dpg_v31_shiftreg_0p001_v4_fold01_seed42/tables/test_predictions.csv
results/experiments/bc_dpg_v31_shiftreg_0p001_v4_fold01_seed42/tables/val_predictions.csv,COPIED,82336,ad52e32958d534dd533b9de833389a8026a55e83c3d57da93f6b149f8e78f088,snapshot/results/experiments/bc_dpg_v31_shiftreg_0p001_v4_fold01_seed42/tables/val_predictions.csv
results/experiments/bc_dpg_v31_shiftreg_0p001_v4_fold01_seed42_smoke/tables/base_threshold_test_predictions.csv,COPIED,10038,5e91353fcf129702fcf2b3f23552998471ad103d1668d5a96de8e97681bf04f5,snapshot/results/experiments/bc_dpg_v31_shiftreg_0p001_v4_fold01_seed42_smoke/tables/base_threshold_test_predictions.csv
results/experiments/bc_dpg_v31_shiftreg_0p001_v4_fold01_seed42_smoke/tables/base_threshold_val_predictions.csv,COPIED,9981,4a3222677afdddaa092842d359cbf9a0c716bb4487e06b1a92708eceed589ea8,snapshot/results/experiments/bc_dpg_v31_shiftreg_0p001_v4_fold01_seed42_smoke/tables/base_threshold_val_predictions.csv
results/experiments/bc_dpg_v31_shiftreg_0p001_v4_fold01_seed42_smoke/tables/raw_base_threshold_test_predictions.csv,COPIED,10034,c691232761497f5660743c9c871101c5b41b0dabd280ffcbdb62097f0d49daa4,snapshot/results/experiments/bc_dpg_v31_shiftreg_0p001_v4_fold01_seed42_smoke/tables/raw_base_threshold_test_predictions.csv
results/experiments/bc_dpg_v31_shiftreg_0p001_v4_fold01_seed42_smoke/tables/test_predictions.csv,COPIED,10028,e1e3570755110918a7c30c360bb76275d0b22879f0997bcee60f4c0f0860f9c7,snapshot/results/experiments/bc_dpg_v31_shiftreg_0p001_v4_fold01_seed42_smoke/tables/test_predictions.csv
results/experiments/bc_dpg_v31_shiftreg_0p001_v4_fold01_seed42_smoke/tables/val_predictions.csv,COPIED,9977,c0f2eacd7b3267b5b89ca8a8768898a8015dae6bc7c59b886fc1010a6acec29e,snapshot/results/experiments/bc_dpg_v31_shiftreg_0p001_v4_fold01_seed42_smoke/tables/val_predictions.csv
results/experiments/bc_dpg_v31_shiftreg_0p001_v4_fold04_seed42/tables/base_threshold_test_predictions.csv,COPIED,82290,4fe53056bed6e8c5c2589b3489ce884a88e832a13550b9787fb464f860d6b915,snapshot/results/experiments/bc_dpg_v31_shiftreg_0p001_v4_fold04_seed42/tables/base_threshold_test_predictions.csv
results/experiments/bc_dpg_v31_shiftreg_0p001_v4_fold04_seed42/tables/base_threshold_val_predictions.csv,COPIED,85128,f8e39cc6febd30b1beb8f6ca1a4c85fbd593063205062c236d836852d35081ad,snapshot/results/experiments/bc_dpg_v31_shiftreg_0p001_v4_fold04_seed42/tables/base_threshold_val_predictions.csv
results/experiments/bc_dpg_v31_shiftreg_0p001_v4_fold04_seed42/tables/raw_base_threshold_test_predictions.csv,COPIED,82007,2337fe7adea87496f0ef709fbf25db461a8dd2e1b2f8c3c1b8ca9076c470e3ce,snapshot/results/experiments/bc_dpg_v31_shiftreg_0p001_v4_fold04_seed42/tables/raw_base_threshold_test_predictions.csv
results/experiments/bc_dpg_v31_shiftreg_0p001_v4_fold04_seed42/tables/test_predictions.csv,COPIED,82114,5ff4f3d22d9866a9441017417cd4067ed02e3c19cd82d1f6cfe1afba4233f09c,snapshot/results/experiments/bc_dpg_v31_shiftreg_0p001_v4_fold04_seed42/tables/test_predictions.csv
results/experiments/bc_dpg_v31_shiftreg_0p001_v4_fold04_seed42/tables/val_predictions.csv,COPIED,85123,b22450b98f2643fe67bfcd7ff17022938809e36c1bf5d40ae57dce32fd4bcf30,snapshot/results/experiments/bc_dpg_v31_shiftreg_0p001_v4_fold04_seed42/tables/val_predictions.csv
results/experiments/bc_dpg_v31_shiftreg_0p001_v4_fold04_seed42_smoke/tables/base_threshold_test_predictions.csv,COPIED,10027,56361ac416093a0ddd6cec0093797f48c69aba891b68b007307ccd5bf2e7b3c6,snapshot/results/experiments/bc_dpg_v31_shiftreg_0p001_v4_fold04_seed42_smoke/tables/base_threshold_test_predictions.csv
results/experiments/bc_dpg_v31_shiftreg_0p001_v4_fold04_seed42_smoke/tables/base_threshold_val_predictions.csv,COPIED,9976,dab3cd0708f13a2087b8883391699826b218cbcb51bfba8129d5a15f9fc04337,snapshot/results/experiments/bc_dpg_v31_shiftreg_0p001_v4_fold04_seed42_smoke/tables/base_threshold_val_predictions.csv
results/experiments/bc_dpg_v31_shiftreg_0p001_v4_fold04_seed42_smoke/tables/raw_base_threshold_test_predictions.csv,COPIED,10025,9abafb83bc56a711c82bd36138e8b117c911edd5ea5566a2c2d361fbda8b6de4,snapshot/results/experiments/bc_dpg_v31_shiftreg_0p001_v4_fold04_seed42_smoke/tables/raw_base_threshold_test_predictions.csv
results/experiments/bc_dpg_v31_shiftreg_0p001_v4_fold04_seed42_smoke/tables/test_predictions.csv,COPIED,10025,2abbc9bb9e30c73aecc961f0e656348f9ca855313563fefb7174e3dfd957002f,snapshot/results/experiments/bc_dpg_v31_shiftreg_0p001_v4_fold04_seed42_smoke/tables/test_predictions.csv
results/experiments/bc_dpg_v31_shiftreg_0p001_v4_fold04_seed42_smoke/tables/val_predictions.csv,COPIED,9972,69a29d20ea3156cfb89ee307c53520b5aa322118b87b793c5c8f2fc53411af69,snapshot/results/experiments/bc_dpg_v31_shiftreg_0p001_v4_fold04_seed42_smoke/tables/val_predictions.csv
results/experiments/bc_dpg_v31_shiftreg_0p0025_v4_fold01_seed42/tables/base_threshold_test_predictions.csv,COPIED,82745,c5e4cbe669cef018cbec6790639030c936bfbe46425a38e0aa1d1e102fb0e425,snapshot/results/experiments/bc_dpg_v31_shiftreg_0p0025_v4_fold01_seed42/tables/base_threshold_test_predictions.csv
results/experiments/bc_dpg_v31_shiftreg_0p0025_v4_fold01_seed42/tables/base_threshold_val_predictions.csv,COPIED,82548,72ab8213bcf9f2ee95da9c19f894c2c2c5b91bf40b7b5e1c3d78ca275a4f7bcc,snapshot/results/experiments/bc_dpg_v31_shiftreg_0p0025_v4_fold01_seed42/tables/base_threshold_val_predictions.csv
results/experiments/bc_dpg_v31_shiftreg_0p0025_v4_fold01_seed42/tables/raw_base_threshold_test_predictions.csv,COPIED,82557,c19674b7a607d7190222d2123e9fe6c9efdf51926b5a0df61a65c65c1bccf9da,snapshot/results/experiments/bc_dpg_v31_shiftreg_0p0025_v4_fold01_seed42/tables/raw_base_threshold_test_predictions.csv
results/experiments/bc_dpg_v31_shiftreg_0p0025_v4_fold01_seed42/tables/test_predictions.csv,COPIED,82503,5598c7b2b4fdc3dd539d30e81038844ea41a725e5c3b039e29de3bcb37d8e56a,snapshot/results/experiments/bc_dpg_v31_shiftreg_0p0025_v4_fold01_seed42/tables/test_predictions.csv
results/experiments/bc_dpg_v31_shiftreg_0p0025_v4_fold01_seed42/tables/val_predictions.csv,COPIED,82544,644be78254ac13551a93a42bf7809c8b0b9a09ec6fdb69fd9c1feeab7dee4af4,snapshot/results/experiments/bc_dpg_v31_shiftreg_0p0025_v4_fold01_seed42/tables/val_predictions.csv
results/experiments/bc_dpg_v31_shiftreg_0p0025_v4_fold01_seed42_smoke/tables/base_threshold_test_predictions.csv,COPIED,10026,fb96cad4d3d43aa6486d71bceb626c2780a3219c34a81cf5a8795e18e7ff15f9,snapshot/results/experiments/bc_dpg_v31_shiftreg_0p0025_v4_fold01_seed42_smoke/tables/base_threshold_test_predictions.csv
results/experiments/bc_dpg_v31_shiftreg_0p0025_v4_fold01_seed42_smoke/tables/base_threshold_val_predictions.csv,COPIED,9985,61e25c0dca15fa238b7fff1f82811cf6a187816406be3320d318404ab0d9083d,snapshot/results/experiments/bc_dpg_v31_shiftreg_0p0025_v4_fold01_seed42_smoke/tables/base_threshold_val_predictions.csv
results/experiments/bc_dpg_v31_shiftreg_0p0025_v4_fold01_seed42_smoke/tables/raw_base_threshold_test_predictions.csv,COPIED,10026,395f43523240781f3297bc25d13d531c6cc3df54cd1755053651c605da593cc3,snapshot/results/experiments/bc_dpg_v31_shiftreg_0p0025_v4_fold01_seed42_smoke/tables/raw_base_threshold_test_predictions.csv
results/experiments/bc_dpg_v31_shiftreg_0p0025_v4_fold01_seed42_smoke/tables/test_predictions.csv,COPIED,10016,7373d56a205615b3324183f18edec8b566e6fe8262575f46793a3e9c1114a7c9,snapshot/results/experiments/bc_dpg_v31_shiftreg_0p0025_v4_fold01_seed42_smoke/tables/test_predictions.csv
results/experiments/bc_dpg_v31_shiftreg_0p0025_v4_fold01_seed42_smoke/tables/val_predictions.csv,COPIED,9981,8d54028ecd2adad218175d604488e1ea2e2034763e77cd036b10bd25bed2b4a0,snapshot/results/experiments/bc_dpg_v31_shiftreg_0p0025_v4_fold01_seed42_smoke/tables/val_predictions.csv
results/experiments/bc_dpg_v31_shiftreg_0p0025_v4_fold04_seed42/tables/base_threshold_test_predictions.csv,COPIED,82333,9ecf47c6ef4a0832d249bd453c08fc1e89fbec0ff362251b7b0eb6e91fbb8e67,snapshot/results/experiments/bc_dpg_v31_shiftreg_0p0025_v4_fold04_seed42/tables/base_threshold_test_predictions.csv
results/experiments/bc_dpg_v31_shiftreg_0p0025_v4_fold04_seed42/tables/base_threshold_val_predictions.csv,COPIED,85298,c7c71a6087418b14e77ed6fac92dbadbfe5b849b83d9c13dccf6115bd21a4fac,snapshot/results/experiments/bc_dpg_v31_shiftreg_0p0025_v4_fold04_seed42/tables/base_threshold_val_predictions.csv
results/experiments/bc_dpg_v31_shiftreg_0p0025_v4_fold04_seed42/tables/raw_base_threshold_test_predictions.csv,COPIED,82105,392e016d5c9d2070cc1fc865d2ec02a28ebc9e6e6cbbaa7abf3641bc9a782de7,snapshot/results/experiments/bc_dpg_v31_shiftreg_0p0025_v4_fold04_seed42/tables/raw_base_threshold_test_predictions.csv
results/experiments/bc_dpg_v31_shiftreg_0p0025_v4_fold04_seed42/tables/test_predictions.csv,COPIED,82079,d6b37d47bb91c7394bb92ebea22e87f9e39033e9426502937955c501bb624534,snapshot/results/experiments/bc_dpg_v31_shiftreg_0p0025_v4_fold04_seed42/tables/test_predictions.csv
results/experiments/bc_dpg_v31_shiftreg_0p0025_v4_fold04_seed42/tables/val_predictions.csv,COPIED,85293,c4ed3e5576e96523c762c99735524330ec4ab756691a121fa6461082013119c7,snapshot/results/experiments/bc_dpg_v31_shiftreg_0p0025_v4_fold04_seed42/tables/val_predictions.csv
results/experiments/bc_dpg_v31_shiftreg_0p0025_v4_fold04_seed42_smoke/tables/base_threshold_test_predictions.csv,COPIED,10029,047c13eca4808fa3764ae0ab7edc33d1357bdf7121551b922bf2053f1001508e,snapshot/results/experiments/bc_dpg_v31_shiftreg_0p0025_v4_fold04_seed42_smoke/tables/base_threshold_test_predictions.csv
results/experiments/bc_dpg_v31_shiftreg_0p0025_v4_fold04_seed42_smoke/tables/base_threshold_val_predictions.csv,COPIED,9975,535affe25df9ef4740edc39b7e6e8f3139e77308f5bb4ac3213daafbb6eeae5a,snapshot/results/experiments/bc_dpg_v31_shiftreg_0p0025_v4_fold04_seed42_smoke/tables/base_threshold_val_predictions.csv
results/experiments/bc_dpg_v31_shiftreg_0p0025_v4_fold04_seed42_smoke/tables/raw_base_threshold_test_predictions.csv,COPIED,10027,b192f1dd4da4729e5bc952bade18e96a2465f485d068e4a23e20961f6e511f26,snapshot/results/experiments/bc_dpg_v31_shiftreg_0p0025_v4_fold04_seed42_smoke/tables/raw_base_threshold_test_predictions.csv
results/experiments/bc_dpg_v31_shiftreg_0p0025_v4_fold04_seed42_smoke/tables/test_predictions.csv,COPIED,10027,112c5b46afccfc5eacf073cb4fda69dbe28ee3e4288616b4d02ba00bf786533f,snapshot/results/experiments/bc_dpg_v31_shiftreg_0p0025_v4_fold04_seed42_smoke/tables/test_predictions.csv
results/experiments/bc_dpg_v31_shiftreg_0p0025_v4_fold04_seed42_smoke/tables/val_predictions.csv,COPIED,9971,ebceae4f49411ffb01049a989947b7f3e5eb1d1fae83ea195e86ad45354b4602,snapshot/results/experiments/bc_dpg_v31_shiftreg_0p0025_v4_fold04_seed42_smoke/tables/val_predictions.csv
results/experiments/bc_dpg_v31_shiftreg_0p005_v4_fold01_seed42/tables/base_threshold_test_predictions.csv,COPIED,82779,b3704ff0425dbef6b01a95fad31ec5704ecd113822819efe3ed0aec5df196825,snapshot/results/experiments/bc_dpg_v31_shiftreg_0p005_v4_fold01_seed42/tables/base_threshold_test_predictions.csv
results/experiments/bc_dpg_v31_shiftreg_0p005_v4_fold01_seed42/tables/base_threshold_val_predictions.csv,COPIED,82611,0a6fee1e1c454f29dece1ad7712aaa581fafc9bda3a9cdd19893a6708f89015c,snapshot/results/experiments/bc_dpg_v31_shiftreg_0p005_v4_fold01_seed42/tables/base_threshold_val_predictions.csv
results/experiments/bc_dpg_v31_shiftreg_0p005_v4_fold01_seed42/tables/raw_base_threshold_test_predictions.csv,COPIED,82608,08b7db571ac83142c37c6030506d08bc56e7be89ddc8a7512e2f737edaf4a56b,snapshot/results/experiments/bc_dpg_v31_shiftreg_0p005_v4_fold01_seed42/tables/raw_base_threshold_test_predictions.csv
results/experiments/bc_dpg_v31_shiftreg_0p005_v4_fold01_seed42/tables/test_predictions.csv,COPIED,82545,535b510f03562f58d8d5a03d9b8dd1b0297690b2fb2c2e752e9452e4849d6fdf,snapshot/results/experiments/bc_dpg_v31_shiftreg_0p005_v4_fold01_seed42/tables/test_predictions.csv
results/experiments/bc_dpg_v31_shiftreg_0p005_v4_fold01_seed42/tables/val_predictions.csv,COPIED,82607,ddbe4b9dc46f30c1efe9ab375ad55c5b1b51a4e80c5e05ac43e7b3ad0fb4eb2a,snapshot/results/experiments/bc_dpg_v31_shiftreg_0p005_v4_fold01_seed42/tables/val_predictions.csv
results/experiments/bc_dpg_v31_shiftreg_0p005_v4_fold01_seed42_smoke/tables/base_threshold_test_predictions.csv,COPIED,10031,25b6247eb9d530cb6f0cc5d1d8987dd94241b58d9bc0d5111e4e7ef8832935f1,snapshot/results/experiments/bc_dpg_v31_shiftreg_0p005_v4_fold01_seed42_smoke/tables/base_threshold_test_predictions.csv
results/experiments/bc_dpg_v31_shiftreg_0p005_v4_fold01_seed42_smoke/tables/base_threshold_val_predictions.csv,COPIED,9983,031153d939b1bc83df6f3849d8b9b87a6fc147f270f36252cff8e3ba4fe46302,snapshot/results/experiments/bc_dpg_v31_shiftreg_0p005_v4_fold01_seed42_smoke/tables/base_threshold_val_predictions.csv
results/experiments/bc_dpg_v31_shiftreg_0p005_v4_fold01_seed42_smoke/tables/raw_base_threshold_test_predictions.csv,COPIED,10033,3cd052243a8e2bb64622435dac6525d68b7588bf62e5ff03c53fe6dc5c84e5e7,snapshot/results/experiments/bc_dpg_v31_shiftreg_0p005_v4_fold01_seed42_smoke/tables/raw_base_threshold_test_predictions.csv
results/experiments/bc_dpg_v31_shiftreg_0p005_v4_fold01_seed42_smoke/tables/test_predictions.csv,COPIED,10021,67db77e95ea0afb3e403c3aa29336b9aa39ded3b93d23c57479f1cf4d625166a,snapshot/results/experiments/bc_dpg_v31_shiftreg_0p005_v4_fold01_seed42_smoke/tables/test_predictions.csv
results/experiments/bc_dpg_v31_shiftreg_0p005_v4_fold01_seed42_smoke/tables/val_predictions.csv,COPIED,9979,1ef0260a150993cf951aab9b623f0234e305fd59e1fc0e33bd89e16dd0586e1f,snapshot/results/experiments/bc_dpg_v31_shiftreg_0p005_v4_fold01_seed42_smoke/tables/val_predictions.csv
results/experiments/bc_dpg_v31_shiftreg_0p005_v4_fold04_seed42/tables/base_threshold_test_predictions.csv,COPIED,82400,d955c7c6a218138ff5a5d338811d3ce7dbff91d5d51713ef492aee9d8e7e5f2a,snapshot/results/experiments/bc_dpg_v31_shiftreg_0p005_v4_fold04_seed42/tables/base_threshold_test_predictions.csv
results/experiments/bc_dpg_v31_shiftreg_0p005_v4_fold04_seed42/tables/base_threshold_val_predictions.csv,COPIED,85369,7c7b3a97f363e9234ede0cfddb9b782c3d7e4ef29fb2b05787861aa29dc74371,snapshot/results/experiments/bc_dpg_v31_shiftreg_0p005_v4_fold04_seed42/tables/base_threshold_val_predictions.csv
results/experiments/bc_dpg_v31_shiftreg_0p005_v4_fold04_seed42/tables/raw_base_threshold_test_predictions.csv,COPIED,82174,4421c1c4d47bb07a3ca9d0c39dbabecf2e59dcb0d2ee99983aebc03f8ab329c2,snapshot/results/experiments/bc_dpg_v31_shiftreg_0p005_v4_fold04_seed42/tables/raw_base_threshold_test_predictions.csv
results/experiments/bc_dpg_v31_shiftreg_0p005_v4_fold04_seed42/tables/test_predictions.csv,COPIED,82164,afa1505688bf0672827604218e0bd7948f9d19a97b89de47fcc5f5afeffa8fd2,snapshot/results/experiments/bc_dpg_v31_shiftreg_0p005_v4_fold04_seed42/tables/test_predictions.csv
results/experiments/bc_dpg_v31_shiftreg_0p005_v4_fold04_seed42/tables/val_predictions.csv,COPIED,85364,89981af257c388803905d88e06069a70d3b2bda824aa1352336a68790a1e3bf1,snapshot/results/experiments/bc_dpg_v31_shiftreg_0p005_v4_fold04_seed42/tables/val_predictions.csv
results/experiments/bc_dpg_v31_shiftreg_0p005_v4_fold04_seed42_smoke/tables/base_threshold_test_predictions.csv,COPIED,10032,21360d8b0276d73b34a93a0d09d486868cd111eece65e27f5172e02725ef05a8,snapshot/results/experiments/bc_dpg_v31_shiftreg_0p005_v4_fold04_seed42_smoke/tables/base_threshold_test_predictions.csv
results/experiments/bc_dpg_v31_shiftreg_0p005_v4_fold04_seed42_smoke/tables/base_threshold_val_predictions.csv,COPIED,9975,75f451e505ebc3cd9a9b10782aa689ffe25040bb8e7dd4505742981f1e8a8771,snapshot/results/experiments/bc_dpg_v31_shiftreg_0p005_v4_fold04_seed42_smoke/tables/base_threshold_val_predictions.csv
results/experiments/bc_dpg_v31_shiftreg_0p005_v4_fold04_seed42_smoke/tables/raw_base_threshold_test_predictions.csv,COPIED,10030,384d18409ffeaca5abf5e97a606b9b803491ad429e38817d03e4e20579b52626,snapshot/results/experiments/bc_dpg_v31_shiftreg_0p005_v4_fold04_seed42_smoke/tables/raw_base_threshold_test_predictions.csv
results/experiments/bc_dpg_v31_shiftreg_0p005_v4_fold04_seed42_smoke/tables/test_predictions.csv,COPIED,10030,0cd8ff35fc4a61ef106c3330f0645373c696604391a0fcba53d08c97ec071fd7,snapshot/results/experiments/bc_dpg_v31_shiftreg_0p005_v4_fold04_seed42_smoke/tables/test_predictions.csv
results/experiments/bc_dpg_v31_shiftreg_0p005_v4_fold04_seed42_smoke/tables/val_predictions.csv,COPIED,9971,1643a89590936576afc9f959a308c7117cd8ef55a22bd2d46ef1c506fd3c5336,snapshot/results/experiments/bc_dpg_v31_shiftreg_0p005_v4_fold04_seed42_smoke/tables/val_predictions.csv
results/experiments/bc_dpg_v3_ablation_full_v4_fold01_seed42/tables/base_threshold_test_predictions.csv,COPIED,82775,239fa467cd40d84a5528af75969da1b981270fd8453f81a3a96afdce38f77b81,snapshot/results/experiments/bc_dpg_v3_ablation_full_v4_fold01_seed42/tables/base_threshold_test_predictions.csv
results/experiments/bc_dpg_v3_ablation_full_v4_fold01_seed42/tables/base_threshold_val_predictions.csv,COPIED,82606,e722831f261108fceb3de41100a457ef03d2965a133acbfc43b8ea8caf644669,snapshot/results/experiments/bc_dpg_v3_ablation_full_v4_fold01_seed42/tables/base_threshold_val_predictions.csv
results/experiments/bc_dpg_v3_ablation_full_v4_fold01_seed42/tables/raw_base_threshold_test_predictions.csv,COPIED,82655,835d91b4ca9f78649c9d900d790224c5fbcdebb13ae1ce3925cdbb514d2d37f5,snapshot/results/experiments/bc_dpg_v3_ablation_full_v4_fold01_seed42/tables/raw_base_threshold_test_predictions.csv
results/experiments/bc_dpg_v3_ablation_full_v4_fold01_seed42/tables/test_predictions.csv,COPIED,82595,500e585758744e3fb9659e3aff57a56076504f79a0c9e9ba963f7c929c1005ad,snapshot/results/experiments/bc_dpg_v3_ablation_full_v4_fold01_seed42/tables/test_predictions.csv
results/experiments/bc_dpg_v3_ablation_full_v4_fold01_seed42/tables/val_predictions.csv,COPIED,82602,eb4273b21871532e4cf9dffaa9b09459ba66c6f9215d6838e9a49269a3754c30,snapshot/results/experiments/bc_dpg_v3_ablation_full_v4_fold01_seed42/tables/val_predictions.csv
results/experiments/bc_dpg_v3_ablation_full_v4_fold01_seed42_smoke/tables/base_threshold_test_predictions.csv,COPIED,10022,8e505c989cd28cfdf899f7618d60639a36a349dfe1172908cf637b7f0a37e098,snapshot/results/experiments/bc_dpg_v3_ablation_full_v4_fold01_seed42_smoke/tables/base_threshold_test_predictions.csv
results/experiments/bc_dpg_v3_ablation_full_v4_fold01_seed42_smoke/tables/base_threshold_val_predictions.csv,COPIED,9983,ecbeff693bdcab0a06e52ce30d86df3027bcf63cbd4ddbc956c6e065cc0c218d,snapshot/results/experiments/bc_dpg_v3_ablation_full_v4_fold01_seed42_smoke/tables/base_threshold_val_predictions.csv
results/experiments/bc_dpg_v3_ablation_full_v4_fold01_seed42_smoke/tables/raw_base_threshold_test_predictions.csv,COPIED,10027,d43d91640ab117eb4f4018d00eba663333fce1894e1f84220c80e70a272115ab,snapshot/results/experiments/bc_dpg_v3_ablation_full_v4_fold01_seed42_smoke/tables/raw_base_threshold_test_predictions.csv
results/experiments/bc_dpg_v3_ablation_full_v4_fold01_seed42_smoke/tables/test_predictions.csv,COPIED,10012,b490c833de9255fb2fda1656cb55ed028dc59009ccdf59c2769f691fb02ac346,snapshot/results/experiments/bc_dpg_v3_ablation_full_v4_fold01_seed42_smoke/tables/test_predictions.csv
results/experiments/bc_dpg_v3_ablation_full_v4_fold01_seed42_smoke/tables/val_predictions.csv,COPIED,9979,6dba168a80f07e3ab0c58588d271ed5698fd6554c216b182659a8838d41101b8,snapshot/results/experiments/bc_dpg_v3_ablation_full_v4_fold01_seed42_smoke/tables/val_predictions.csv
results/experiments/bc_dpg_v3_ablation_full_v4_fold04_seed42/tables/base_threshold_test_predictions.csv,COPIED,82410,ca35d6d5af16bc0e000400bbe6994171e3a88ef3c586ea6d58d7d29b94934bd4,snapshot/results/experiments/bc_dpg_v3_ablation_full_v4_fold04_seed42/tables/base_threshold_test_predictions.csv
results/experiments/bc_dpg_v3_ablation_full_v4_fold04_seed42/tables/base_threshold_val_predictions.csv,COPIED,85370,9039441d2673713e5805da1fd29a9a9f4c8a94eb3b553f9fee1fa718f71f5822,snapshot/results/experiments/bc_dpg_v3_ablation_full_v4_fold04_seed42/tables/base_threshold_val_predictions.csv
results/experiments/bc_dpg_v3_ablation_full_v4_fold04_seed42/tables/raw_base_threshold_test_predictions.csv,COPIED,82198,4dd17ed4c65d6828ef474afd9c75e653792d53e6986c1e9c8f73b74d2f510aa1,snapshot/results/experiments/bc_dpg_v3_ablation_full_v4_fold04_seed42/tables/raw_base_threshold_test_predictions.csv
results/experiments/bc_dpg_v3_ablation_full_v4_fold04_seed42/tables/test_predictions.csv,COPIED,82188,8a5c45b1a9231c8e17171e0592343ce542629d61ce2a9dcb3254f1445bab0ba4,snapshot/results/experiments/bc_dpg_v3_ablation_full_v4_fold04_seed42/tables/test_predictions.csv
results/experiments/bc_dpg_v3_ablation_full_v4_fold04_seed42/tables/val_predictions.csv,COPIED,85365,cab106d84614177cf6edce360872c8f9b82d8f43d9519d5014e45ba0ef78af96,snapshot/results/experiments/bc_dpg_v3_ablation_full_v4_fold04_seed42/tables/val_predictions.csv
results/experiments/bc_dpg_v3_ablation_full_v4_fold04_seed42_smoke/tables/base_threshold_test_predictions.csv,COPIED,10031,0f9c77a5292a0bf76eb5df03185cea550e63087ad95b6d1c9b7eef03c5c6e9b4,snapshot/results/experiments/bc_dpg_v3_ablation_full_v4_fold04_seed42_smoke/tables/base_threshold_test_predictions.csv
results/experiments/bc_dpg_v3_ablation_full_v4_fold04_seed42_smoke/tables/base_threshold_val_predictions.csv,COPIED,9986,f69c661903cd03ff8519954399eeb3499d2e738cf449df92888c228bd2fd8cf1,snapshot/results/experiments/bc_dpg_v3_ablation_full_v4_fold04_seed42_smoke/tables/base_threshold_val_predictions.csv
results/experiments/bc_dpg_v3_ablation_full_v4_fold04_seed42_smoke/tables/raw_base_threshold_test_predictions.csv,COPIED,10029,ffc64f9061b8bf0a972b13e0e44e91a024039e886fad4e34481f11b211f0c50e,snapshot/results/experiments/bc_dpg_v3_ablation_full_v4_fold04_seed42_smoke/tables/raw_base_threshold_test_predictions.csv
results/experiments/bc_dpg_v3_ablation_full_v4_fold04_seed42_smoke/tables/test_predictions.csv,COPIED,10029,8bbf65a0370f32c665a9b477c346b89b72bee7e8b9d2d99f9846faf22f9b72e2,snapshot/results/experiments/bc_dpg_v3_ablation_full_v4_fold04_seed42_smoke/tables/test_predictions.csv
results/experiments/bc_dpg_v3_ablation_full_v4_fold04_seed42_smoke/tables/val_predictions.csv,COPIED,9982,00edf392bba5a0cbaa548ded970c3f43985b20544059c3a7bb0122922d4b14f6,snapshot/results/experiments/bc_dpg_v3_ablation_full_v4_fold04_seed42_smoke/tables/val_predictions.csv
results/experiments/bc_dpg_v3_ablation_no_background_classification_v4_fold01_seed42/tables/base_threshold_test_predictions.csv,COPIED,82674,efcd33ea654c773a5c8ffb5e01959eda4b4614c762ded217572a29211ca7551c,snapshot/results/experiments/bc_dpg_v3_ablation_no_background_classification_v4_fold01_seed42/tables/base_threshold_test_predictions.csv
results/experiments/bc_dpg_v3_ablation_no_background_classification_v4_fold01_seed42/tables/base_threshold_val_predictions.csv,COPIED,82450,4f40a512dc467cf1f51d85d9dd2e1e82030d026bebb64535617ed8f6ac7cb48a,snapshot/results/experiments/bc_dpg_v3_ablation_no_background_classification_v4_fold01_seed42/tables/base_threshold_val_predictions.csv
results/experiments/bc_dpg_v3_ablation_no_background_classification_v4_fold01_seed42/tables/raw_base_threshold_test_predictions.csv,COPIED,82611,687294372d3488fd8bbb5f6dfe28df0359a4adf6ee9bdb3fdf5a6ce06f161e12,snapshot/results/experiments/bc_dpg_v3_ablation_no_background_classification_v4_fold01_seed42/tables/raw_base_threshold_test_predictions.csv
results/experiments/bc_dpg_v3_ablation_no_background_classification_v4_fold01_seed42/tables/test_predictions.csv,COPIED,82636,76a5dabe315f74400ef9f09f51e34ce9204b4f4bb4418eb358e6848062d67a40,snapshot/results/experiments/bc_dpg_v3_ablation_no_background_classification_v4_fold01_seed42/tables/test_predictions.csv
results/experiments/bc_dpg_v3_ablation_no_background_classification_v4_fold01_seed42/tables/val_predictions.csv,COPIED,82446,e4135f9ddf40e6a42b101dbdea1c0ec93d0a9ae6fc8abba43dd5bf33a742527b,snapshot/results/experiments/bc_dpg_v3_ablation_no_background_classification_v4_fold01_seed42/tables/val_predictions.csv
results/experiments/bc_dpg_v3_ablation_no_background_classification_v4_fold01_seed42_smoke/tables/base_threshold_test_predictions.csv,COPIED,10032,748b8b181d17959d264c4afbfbdbc26a42d67797df04d44a4e4bb20a94de9fed,snapshot/results/experiments/bc_dpg_v3_ablation_no_background_classification_v4_fold01_seed42_smoke/tables/base_threshold_test_predictions.csv
results/experiments/bc_dpg_v3_ablation_no_background_classification_v4_fold01_seed42_smoke/tables/base_threshold_val_predictions.csv,COPIED,9980,012a1e1d6aa0a006f2aeab1645932b57bab85ffe1fa8b585ccbd3fafe5c4d306,snapshot/results/experiments/bc_dpg_v3_ablation_no_background_classification_v4_fold01_seed42_smoke/tables/base_threshold_val_predictions.csv
results/experiments/bc_dpg_v3_ablation_no_background_classification_v4_fold01_seed42_smoke/tables/raw_base_threshold_test_predictions.csv,COPIED,10028,3441eac9f95211e0730be894c3e67d5d4bc2c3eacee27eb0456ffde5a74c65ae,snapshot/results/experiments/bc_dpg_v3_ablation_no_background_classification_v4_fold01_seed42_smoke/tables/raw_base_threshold_test_predictions.csv
results/experiments/bc_dpg_v3_ablation_no_background_classification_v4_fold01_seed42_smoke/tables/test_predictions.csv,COPIED,10022,86723654060e4cb450a16e14b6558af43857199b978e80f63380fa0c75eafe72,snapshot/results/experiments/bc_dpg_v3_ablation_no_background_classification_v4_fold01_seed42_smoke/tables/test_predictions.csv
results/experiments/bc_dpg_v3_ablation_no_background_classification_v4_fold01_seed42_smoke/tables/val_predictions.csv,COPIED,9976,e7745f5c8d33adbd95673150a55fd5ad526b6c4212350d1cd3471f3885d6d5d8,snapshot/results/experiments/bc_dpg_v3_ablation_no_background_classification_v4_fold01_seed42_smoke/tables/val_predictions.csv
results/experiments/bc_dpg_v3_ablation_no_background_classification_v4_fold04_seed42/tables/base_threshold_test_predictions.csv,COPIED,82337,287d4ca2a104aa773579a90afcb73e557fe31f0f0496b12ce454a1db3f773d48,snapshot/results/experiments/bc_dpg_v3_ablation_no_background_classification_v4_fold04_seed42/tables/base_threshold_test_predictions.csv
results/experiments/bc_dpg_v3_ablation_no_background_classification_v4_fold04_seed42/tables/base_threshold_val_predictions.csv,COPIED,85297,2a942fa3b037201861c45a3d43435d6c44e781478e46af44dc2afda6c5efe0de,snapshot/results/experiments/bc_dpg_v3_ablation_no_background_classification_v4_fold04_seed42/tables/base_threshold_val_predictions.csv
results/experiments/bc_dpg_v3_ablation_no_background_classification_v4_fold04_seed42/tables/raw_base_threshold_test_predictions.csv,COPIED,82132,5296ddc148c5b37e11d842c496ddc31be143594225db0882a2bfd3704d754f29,snapshot/results/experiments/bc_dpg_v3_ablation_no_background_classification_v4_fold04_seed42/tables/raw_base_threshold_test_predictions.csv
results/experiments/bc_dpg_v3_ablation_no_background_classification_v4_fold04_seed42/tables/test_predictions.csv,COPIED,82121,f31ef76137d82b80c1428294ff86354deb9898f785ef25f8c600b1593f6820ec,snapshot/results/experiments/bc_dpg_v3_ablation_no_background_classification_v4_fold04_seed42/tables/test_predictions.csv
results/experiments/bc_dpg_v3_ablation_no_background_classification_v4_fold04_seed42/tables/val_predictions.csv,COPIED,85292,743ed4e0eb87023acc95031f9e83e6f3c3e36702fa247354d6a1524f581747cb,snapshot/results/experiments/bc_dpg_v3_ablation_no_background_classification_v4_fold04_seed42/tables/val_predictions.csv
results/experiments/bc_dpg_v3_ablation_no_background_classification_v4_fold04_seed42_smoke/tables/base_threshold_test_predictions.csv,COPIED,10030,9b3b70e140a15a7e25c813003231dc7c307a53b3ee9b2577bd5295a82a335421,snapshot/results/experiments/bc_dpg_v3_ablation_no_background_classification_v4_fold04_seed42_smoke/tables/base_threshold_test_predictions.csv
results/experiments/bc_dpg_v3_ablation_no_background_classification_v4_fold04_seed42_smoke/tables/base_threshold_val_predictions.csv,COPIED,9978,e2960725ae78da8e6f66e370d74d566618611ef19930f0f94a2223e01957f9f9,snapshot/results/experiments/bc_dpg_v3_ablation_no_background_classification_v4_fold04_seed42_smoke/tables/base_threshold_val_predictions.csv
results/experiments/bc_dpg_v3_ablation_no_background_classification_v4_fold04_seed42_smoke/tables/raw_base_threshold_test_predictions.csv,COPIED,10029,a7e5e5bbefc498e532214e60af4a742550d63d758a99bd08b22037c15956b02c,snapshot/results/experiments/bc_dpg_v3_ablation_no_background_classification_v4_fold04_seed42_smoke/tables/raw_base_threshold_test_predictions.csv
results/experiments/bc_dpg_v3_ablation_no_background_classification_v4_fold04_seed42_smoke/tables/test_predictions.csv,COPIED,10028,42d7f2f7a11e555d8731ed3a765aebeafdc98276c9263e3454bfa432346fc71b,snapshot/results/experiments/bc_dpg_v3_ablation_no_background_classification_v4_fold04_seed42_smoke/tables/test_predictions.csv
results/experiments/bc_dpg_v3_ablation_no_background_classification_v4_fold04_seed42_smoke/tables/val_predictions.csv,COPIED,9974,2ad6d19109470adaa69eb76ea5625f8916ceda85ccec3a0fc75fb93f548febea,snapshot/results/experiments/bc_dpg_v3_ablation_no_background_classification_v4_fold04_seed42_smoke/tables/val_predictions.csv
results/experiments/bc_dpg_v3_ablation_no_background_tail_v4_fold01_seed42/tables/base_threshold_test_predictions.csv,COPIED,82650,4f15ec5344df2c6ecbbe4bd0327f7c35890a59f9f42b9946e53706721470007f,snapshot/results/experiments/bc_dpg_v3_ablation_no_background_tail_v4_fold01_seed42/tables/base_threshold_test_predictions.csv
results/experiments/bc_dpg_v3_ablation_no_background_tail_v4_fold01_seed42/tables/base_threshold_val_predictions.csv,COPIED,82590,d4766c4aac8df6a8930ee060ad6e332e8f6a595fd42db55627591860c630aa2a,snapshot/results/experiments/bc_dpg_v3_ablation_no_background_tail_v4_fold01_seed42/tables/base_threshold_val_predictions.csv
results/experiments/bc_dpg_v3_ablation_no_background_tail_v4_fold01_seed42/tables/raw_base_threshold_test_predictions.csv,COPIED,82545,8aeeae1b5e363eba5f2b6b57b2d81641d8d73cd0576e7cdbfefcc31c8ade6d53,snapshot/results/experiments/bc_dpg_v3_ablation_no_background_tail_v4_fold01_seed42/tables/raw_base_threshold_test_predictions.csv
results/experiments/bc_dpg_v3_ablation_no_background_tail_v4_fold01_seed42/tables/test_predictions.csv,COPIED,82596,1ca9b001401b2be2da546a88c1c512e954517e174e1440e09806a5c77c325aff,snapshot/results/experiments/bc_dpg_v3_ablation_no_background_tail_v4_fold01_seed42/tables/test_predictions.csv
results/experiments/bc_dpg_v3_ablation_no_background_tail_v4_fold01_seed42/tables/val_predictions.csv,COPIED,82586,27d117dcd5bdb19eaedb0048e3730000b546f1a332e58669cabca82ee3d0b26e,snapshot/results/experiments/bc_dpg_v3_ablation_no_background_tail_v4_fold01_seed42/tables/val_predictions.csv
results/experiments/bc_dpg_v3_ablation_no_background_tail_v4_fold01_seed42_smoke/tables/base_threshold_test_predictions.csv,COPIED,10022,8e505c989cd28cfdf899f7618d60639a36a349dfe1172908cf637b7f0a37e098,snapshot/results/experiments/bc_dpg_v3_ablation_no_background_tail_v4_fold01_seed42_smoke/tables/base_threshold_test_predictions.csv
results/experiments/bc_dpg_v3_ablation_no_background_tail_v4_fold01_seed42_smoke/tables/base_threshold_val_predictions.csv,COPIED,9983,ecbeff693bdcab0a06e52ce30d86df3027bcf63cbd4ddbc956c6e065cc0c218d,snapshot/results/experiments/bc_dpg_v3_ablation_no_background_tail_v4_fold01_seed42_smoke/tables/base_threshold_val_predictions.csv
results/experiments/bc_dpg_v3_ablation_no_background_tail_v4_fold01_seed42_smoke/tables/raw_base_threshold_test_predictions.csv,COPIED,10027,d43d91640ab117eb4f4018d00eba663333fce1894e1f84220c80e70a272115ab,snapshot/results/experiments/bc_dpg_v3_ablation_no_background_tail_v4_fold01_seed42_smoke/tables/raw_base_threshold_test_predictions.csv
results/experiments/bc_dpg_v3_ablation_no_background_tail_v4_fold01_seed42_smoke/tables/test_predictions.csv,COPIED,10012,b490c833de9255fb2fda1656cb55ed028dc59009ccdf59c2769f691fb02ac346,snapshot/results/experiments/bc_dpg_v3_ablation_no_background_tail_v4_fold01_seed42_smoke/tables/test_predictions.csv
results/experiments/bc_dpg_v3_ablation_no_background_tail_v4_fold01_seed42_smoke/tables/val_predictions.csv,COPIED,9979,6dba168a80f07e3ab0c58588d271ed5698fd6554c216b182659a8838d41101b8,snapshot/results/experiments/bc_dpg_v3_ablation_no_background_tail_v4_fold01_seed42_smoke/tables/val_predictions.csv
results/experiments/bc_dpg_v3_ablation_no_background_tail_v4_fold04_seed42/tables/base_threshold_test_predictions.csv,COPIED,82251,b0db59d03ea769b8ebec7c31ee261f815ce99a5b0010750f650789b60b05fc6c,snapshot/results/experiments/bc_dpg_v3_ablation_no_background_tail_v4_fold04_seed42/tables/base_threshold_test_predictions.csv
results/experiments/bc_dpg_v3_ablation_no_background_tail_v4_fold04_seed42/tables/base_threshold_val_predictions.csv,COPIED,85307,10e4c032c645b9ee124b258d3eafada1b2eb17d866e1dd3e4f8529da495a546f,snapshot/results/experiments/bc_dpg_v3_ablation_no_background_tail_v4_fold04_seed42/tables/base_threshold_val_predictions.csv
results/experiments/bc_dpg_v3_ablation_no_background_tail_v4_fold04_seed42/tables/raw_base_threshold_test_predictions.csv,COPIED,82155,2309313791004898597e1f5a31cb94c8a21918fc253e8a0d96167b20e3b6a5c4,snapshot/results/experiments/bc_dpg_v3_ablation_no_background_tail_v4_fold04_seed42/tables/raw_base_threshold_test_predictions.csv
results/experiments/bc_dpg_v3_ablation_no_background_tail_v4_fold04_seed42/tables/test_predictions.csv,COPIED,82195,7833350ccfbd1e3f54c36b3707943677d1cece0ca59236f0f418b123a0ac7493,snapshot/results/experiments/bc_dpg_v3_ablation_no_background_tail_v4_fold04_seed42/tables/test_predictions.csv
results/experiments/bc_dpg_v3_ablation_no_background_tail_v4_fold04_seed42/tables/val_predictions.csv,COPIED,85304,571a4cd5e04301c8c108dbbff37a65e630049bb8b815eb20d7824f6371139068,snapshot/results/experiments/bc_dpg_v3_ablation_no_background_tail_v4_fold04_seed42/tables/val_predictions.csv
results/experiments/bc_dpg_v3_ablation_no_background_tail_v4_fold04_seed42_smoke/tables/base_threshold_test_predictions.csv,COPIED,10022,5c6c5a83010fcd86a9210bcf8cb94a103ff4214a054964ecf65b0eae5ae3de40,snapshot/results/experiments/bc_dpg_v3_ablation_no_background_tail_v4_fold04_seed42_smoke/tables/base_threshold_test_predictions.csv
results/experiments/bc_dpg_v3_ablation_no_background_tail_v4_fold04_seed42_smoke/tables/base_threshold_val_predictions.csv,COPIED,9984,32b6b2ba937e0277434c09a75e4f79754f9ef568fcf4c6fb3fcacc8cff2f0065,snapshot/results/experiments/bc_dpg_v3_ablation_no_background_tail_v4_fold04_seed42_smoke/tables/base_threshold_val_predictions.csv
results/experiments/bc_dpg_v3_ablation_no_background_tail_v4_fold04_seed42_smoke/tables/raw_base_threshold_test_predictions.csv,COPIED,10028,1522f92aa73a656d49eded47a834698c84a0c157df410a0efff38b4e99ef4180,snapshot/results/experiments/bc_dpg_v3_ablation_no_background_tail_v4_fold04_seed42_smoke/tables/raw_base_threshold_test_predictions.csv
results/experiments/bc_dpg_v3_ablation_no_background_tail_v4_fold04_seed42_smoke/tables/test_predictions.csv,COPIED,10020,091ed11597e2dbc4e93788201ab5ae1d2db3601fa3c6788111e87b2ebea23774,snapshot/results/experiments/bc_dpg_v3_ablation_no_background_tail_v4_fold04_seed42_smoke/tables/test_predictions.csv
results/experiments/bc_dpg_v3_ablation_no_background_tail_v4_fold04_seed42_smoke/tables/val_predictions.csv,COPIED,9980,cb1987c239f42a58a2e3b65665bd08f29a9578ab086b63deff0c9624e2fa603e,snapshot/results/experiments/bc_dpg_v3_ablation_no_background_tail_v4_fold04_seed42_smoke/tables/val_predictions.csv
results/experiments/bc_dpg_v3_ablation_no_pairwise_v4_fold01_seed42/tables/base_threshold_test_predictions.csv,COPIED,82776,bf6ff3e2a639e6caa1a67c22d5056b6d5ed354ff95c272f9ee3ac75e72c6961a,snapshot/results/experiments/bc_dpg_v3_ablation_no_pairwise_v4_fold01_seed42/tables/base_threshold_test_predictions.csv
results/experiments/bc_dpg_v3_ablation_no_pairwise_v4_fold01_seed42/tables/base_threshold_val_predictions.csv,COPIED,82630,f2bff3f1af4c223e120d19a0fd68dae27c30da00cca05bac3bef25096bf8fc0a,snapshot/results/experiments/bc_dpg_v3_ablation_no_pairwise_v4_fold01_seed42/tables/base_threshold_val_predictions.csv
results/experiments/bc_dpg_v3_ablation_no_pairwise_v4_fold01_seed42/tables/raw_base_threshold_test_predictions.csv,COPIED,82672,3c7e9a7b49f3d73c70f5f946df82798919c052202a4651ed47b9380bb48331bd,snapshot/results/experiments/bc_dpg_v3_ablation_no_pairwise_v4_fold01_seed42/tables/raw_base_threshold_test_predictions.csv
results/experiments/bc_dpg_v3_ablation_no_pairwise_v4_fold01_seed42/tables/test_predictions.csv,COPIED,82650,8d7e101059da2babb0d50a514b85a904230b9ca68053270de150a964e1ea3dfd,snapshot/results/experiments/bc_dpg_v3_ablation_no_pairwise_v4_fold01_seed42/tables/test_predictions.csv
results/experiments/bc_dpg_v3_ablation_no_pairwise_v4_fold01_seed42/tables/val_predictions.csv,COPIED,82626,e7a913d002073f002b0147b92118173585b2f5b59f7f21638698090ffcefef18,snapshot/results/experiments/bc_dpg_v3_ablation_no_pairwise_v4_fold01_seed42/tables/val_predictions.csv
results/experiments/bc_dpg_v3_ablation_no_pairwise_v4_fold04_seed42/tables/base_threshold_test_predictions.csv,COPIED,82408,2fd32fc4acb2c231e4f0b4c3af0363f9289312d6007c3eb88d65ebb4f1d5996d,snapshot/results/experiments/bc_dpg_v3_ablation_no_pairwise_v4_fold04_seed42/tables/base_threshold_test_predictions.csv
results/experiments/bc_dpg_v3_ablation_no_pairwise_v4_fold04_seed42/tables/base_threshold_val_predictions.csv,COPIED,85397,6c8cd482fb0947a1d9b0ec15a23d6c272c7a5a06c930611c17c3ea25d60625f6,snapshot/results/experiments/bc_dpg_v3_ablation_no_pairwise_v4_fold04_seed42/tables/base_threshold_val_predictions.csv
results/experiments/bc_dpg_v3_ablation_no_pairwise_v4_fold04_seed42/tables/raw_base_threshold_test_predictions.csv,COPIED,82195,594b63034c5f37283ab45445097d5b51f29b324570365c6cf97130bc94bc7329,snapshot/results/experiments/bc_dpg_v3_ablation_no_pairwise_v4_fold04_seed42/tables/raw_base_threshold_test_predictions.csv
results/experiments/bc_dpg_v3_ablation_no_pairwise_v4_fold04_seed42/tables/test_predictions.csv,COPIED,82192,04bb6ce2fe1085937bd05a74fa38982e411f74c8fe04a70aec6de5e7b328522c,snapshot/results/experiments/bc_dpg_v3_ablation_no_pairwise_v4_fold04_seed42/tables/test_predictions.csv
results/experiments/bc_dpg_v3_ablation_no_pairwise_v4_fold04_seed42/tables/val_predictions.csv,COPIED,85392,5e8701a542bb0bb641b0b0173b76f5001734478094c22c50b87f5dd7290e874e,snapshot/results/experiments/bc_dpg_v3_ablation_no_pairwise_v4_fold04_seed42/tables/val_predictions.csv
results/experiments/bc_dpg_v3_ablation_no_scan_context_v4_fold01_seed42/tables/base_threshold_test_predictions.csv,COPIED,82527,b87348dae55e26e7f0f6de25bced0d04f18221fdeab0010da03f651730782dd0,snapshot/results/experiments/bc_dpg_v3_ablation_no_scan_context_v4_fold01_seed42/tables/base_threshold_test_predictions.csv
results/experiments/bc_dpg_v3_ablation_no_scan_context_v4_fold01_seed42/tables/base_threshold_val_predictions.csv,COPIED,82377,469738f1d5e3d99664f45e0a2d653ebf9d0a4d179e63738af58f63efba73633e,snapshot/results/experiments/bc_dpg_v3_ablation_no_scan_context_v4_fold01_seed42/tables/base_threshold_val_predictions.csv
results/experiments/bc_dpg_v3_ablation_no_scan_context_v4_fold01_seed42/tables/raw_base_threshold_test_predictions.csv,COPIED,82439,f67e4d81b82624cb34bed5bfb5de854615e72b19faf4a6ec39ec1e8945a10bfb,snapshot/results/experiments/bc_dpg_v3_ablation_no_scan_context_v4_fold01_seed42/tables/raw_base_threshold_test_predictions.csv
results/experiments/bc_dpg_v3_ablation_no_scan_context_v4_fold01_seed42/tables/test_predictions.csv,COPIED,82463,6b5dffc16a41690c99053288e2563690e3759228684f32d790b222992a855fcd,snapshot/results/experiments/bc_dpg_v3_ablation_no_scan_context_v4_fold01_seed42/tables/test_predictions.csv
results/experiments/bc_dpg_v3_ablation_no_scan_context_v4_fold01_seed42/tables/val_predictions.csv,COPIED,82373,370b8db06834f01ebaca86936faad88d4689024e28bbef067741f5fa49c7ff95,snapshot/results/experiments/bc_dpg_v3_ablation_no_scan_context_v4_fold01_seed42/tables/val_predictions.csv
results/experiments/bc_dpg_v3_ablation_no_scan_context_v4_fold01_seed42_smoke/tables/base_threshold_test_predictions.csv,COPIED,10038,5357c42bb892eff50dcff9891bdbc8ca55602e494ef13684ef0d95a5549910c5,snapshot/results/experiments/bc_dpg_v3_ablation_no_scan_context_v4_fold01_seed42_smoke/tables/base_threshold_test_predictions.csv
results/experiments/bc_dpg_v3_ablation_no_scan_context_v4_fold01_seed42_smoke/tables/base_threshold_val_predictions.csv,COPIED,9989,23734cb4e243444a405a656480023c41e2853904695e0f87da1e28c4830ed24b,snapshot/results/experiments/bc_dpg_v3_ablation_no_scan_context_v4_fold01_seed42_smoke/tables/base_threshold_val_predictions.csv
results/experiments/bc_dpg_v3_ablation_no_scan_context_v4_fold01_seed42_smoke/tables/raw_base_threshold_test_predictions.csv,COPIED,10036,c02bc2dfc4af0c29135872c6a8c7f5884db80eb22e4a5929986472ec974fe1bb,snapshot/results/experiments/bc_dpg_v3_ablation_no_scan_context_v4_fold01_seed42_smoke/tables/raw_base_threshold_test_predictions.csv
results/experiments/bc_dpg_v3_ablation_no_scan_context_v4_fold01_seed42_smoke/tables/test_predictions.csv,COPIED,10028,2249ac65912c5ee4d293119fa11220b95f6d896d5533880592033f82a31d5fa1,snapshot/results/experiments/bc_dpg_v3_ablation_no_scan_context_v4_fold01_seed42_smoke/tables/test_predictions.csv
results/experiments/bc_dpg_v3_ablation_no_scan_context_v4_fold01_seed42_smoke/tables/val_predictions.csv,COPIED,9985,8cdd74c92d73ec302cc37268d5e67786e6353424c20d48fb3cf2c454bade6661,snapshot/results/experiments/bc_dpg_v3_ablation_no_scan_context_v4_fold01_seed42_smoke/tables/val_predictions.csv
results/experiments/bc_dpg_v3_ablation_no_scan_context_v4_fold04_seed42/tables/base_threshold_test_predictions.csv,COPIED,82107,bb30c23ac483db6cb7aa519af2d4a67cb20d50bdf00a00e3aa27657cac1fa18b,snapshot/results/experiments/bc_dpg_v3_ablation_no_scan_context_v4_fold04_seed42/tables/base_threshold_test_predictions.csv
results/experiments/bc_dpg_v3_ablation_no_scan_context_v4_fold04_seed42/tables/base_threshold_val_predictions.csv,COPIED,85199,687a6741b01df52386f438ecaa1ff160cc9acc04bb1211ca8bbfa1bc1e0df2ae,snapshot/results/experiments/bc_dpg_v3_ablation_no_scan_context_v4_fold04_seed42/tables/base_threshold_val_predictions.csv
results/experiments/bc_dpg_v3_ablation_no_scan_context_v4_fold04_seed42/tables/raw_base_threshold_test_predictions.csv,COPIED,82008,1c88349af3a244221a3b0bdc0755c098d73740e890ebd590649188eb4f0340e6,snapshot/results/experiments/bc_dpg_v3_ablation_no_scan_context_v4_fold04_seed42/tables/raw_base_threshold_test_predictions.csv
results/experiments/bc_dpg_v3_ablation_no_scan_context_v4_fold04_seed42/tables/test_predictions.csv,COPIED,82047,1e499f1998790db86561e619ff28fb4cb080b0266cb49c6c308bb1b31e83be54,snapshot/results/experiments/bc_dpg_v3_ablation_no_scan_context_v4_fold04_seed42/tables/test_predictions.csv
results/experiments/bc_dpg_v3_ablation_no_scan_context_v4_fold04_seed42/tables/val_predictions.csv,COPIED,85197,d43cf21c5d7e014c7e18c88892491cf42c631028dd4f1015a876ffaf0d155da2,snapshot/results/experiments/bc_dpg_v3_ablation_no_scan_context_v4_fold04_seed42/tables/val_predictions.csv
results/experiments/bc_dpg_v3_ablation_no_scan_context_v4_fold04_seed42_smoke/tables/base_threshold_test_predictions.csv,COPIED,10031,63e5e7574d9bf83d78dfaa20a65be39164780bb9e2a8cc5b051252ce9a91f336,snapshot/results/experiments/bc_dpg_v3_ablation_no_scan_context_v4_fold04_seed42_smoke/tables/base_threshold_test_predictions.csv
results/experiments/bc_dpg_v3_ablation_no_scan_context_v4_fold04_seed42_smoke/tables/base_threshold_val_predictions.csv,COPIED,9985,835ad893bba8d45f919815950f3a15452e81d09cb14d6361468dfe744b834532,snapshot/results/experiments/bc_dpg_v3_ablation_no_scan_context_v4_fold04_seed42_smoke/tables/base_threshold_val_predictions.csv
results/experiments/bc_dpg_v3_ablation_no_scan_context_v4_fold04_seed42_smoke/tables/raw_base_threshold_test_predictions.csv,COPIED,10032,06f56bb570ea2f00e66fda8d8f4ddbcc4a2b235b1c673b146ecdd35eb29d5307,snapshot/results/experiments/bc_dpg_v3_ablation_no_scan_context_v4_fold04_seed42_smoke/tables/raw_base_threshold_test_predictions.csv
results/experiments/bc_dpg_v3_ablation_no_scan_context_v4_fold04_seed42_smoke/tables/test_predictions.csv,COPIED,10029,95e4960c28630b5c06841956fce31aac231618b70ea71805a9fe5e0842ef79a6,snapshot/results/experiments/bc_dpg_v3_ablation_no_scan_context_v4_fold04_seed42_smoke/tables/test_predictions.csv
results/experiments/bc_dpg_v3_ablation_no_scan_context_v4_fold04_seed42_smoke/tables/val_predictions.csv,COPIED,9981,92affd456bd8c212b087961c9ec6273f6d62bbe98f59800f8e99d7a7f221264c,snapshot/results/experiments/bc_dpg_v3_ablation_no_scan_context_v4_fold04_seed42_smoke/tables/val_predictions.csv
results/experiments/bc_dpg_v3_ablation_no_shift_regularization_v4_fold01_seed42/tables/base_threshold_test_predictions.csv,COPIED,82622,e6125e688b3cec386852085854e8d1e6911fce9f83d7d8f6239d5c1e66e177aa,snapshot/results/experiments/bc_dpg_v3_ablation_no_shift_regularization_v4_fold01_seed42/tables/base_threshold_test_predictions.csv
results/experiments/bc_dpg_v3_ablation_no_shift_regularization_v4_fold01_seed42/tables/base_threshold_val_predictions.csv,COPIED,82311,7f9613d39eb16c167ad54b8489a8b3cf4f6b39c1f27b435807e11701adb7fba2,snapshot/results/experiments/bc_dpg_v3_ablation_no_shift_regularization_v4_fold01_seed42/tables/base_threshold_val_predictions.csv
results/experiments/bc_dpg_v3_ablation_no_shift_regularization_v4_fold01_seed42/tables/raw_base_threshold_test_predictions.csv,COPIED,82382,274d795fe73057bc9c31cfe5935f309d1630464c814434d5f6aa012f8685beb6,snapshot/results/experiments/bc_dpg_v3_ablation_no_shift_regularization_v4_fold01_seed42/tables/raw_base_threshold_test_predictions.csv
results/experiments/bc_dpg_v3_ablation_no_shift_regularization_v4_fold01_seed42/tables/test_predictions.csv,COPIED,82488,a51c2101032492a57f9707a791518f1f14229730d883769ddc6e75bc9946e8ff,snapshot/results/experiments/bc_dpg_v3_ablation_no_shift_regularization_v4_fold01_seed42/tables/test_predictions.csv
results/experiments/bc_dpg_v3_ablation_no_shift_regularization_v4_fold01_seed42/tables/val_predictions.csv,COPIED,82307,73be7f0611d0ec390e84bffda1b83d2156bc595bdef2551132ac01aa2bd6f946,snapshot/results/experiments/bc_dpg_v3_ablation_no_shift_regularization_v4_fold01_seed42/tables/val_predictions.csv
results/experiments/bc_dpg_v3_ablation_no_shift_regularization_v4_fold04_seed42/tables/base_threshold_test_predictions.csv,COPIED,82260,4548c96579e7d44cc24fb795cf88f1b176b83965712633426c65039b20568c2b,snapshot/results/experiments/bc_dpg_v3_ablation_no_shift_regularization_v4_fold04_seed42/tables/base_threshold_test_predictions.csv
results/experiments/bc_dpg_v3_ablation_no_shift_regularization_v4_fold04_seed42/tables/base_threshold_val_predictions.csv,COPIED,85136,10e19bc268bfa55820fdfcec5bf05127a672dbf25180e2e3158f3322aaed21d8,snapshot/results/experiments/bc_dpg_v3_ablation_no_shift_regularization_v4_fold04_seed42/tables/base_threshold_val_predictions.csv
results/experiments/bc_dpg_v3_ablation_no_shift_regularization_v4_fold04_seed42/tables/raw_base_threshold_test_predictions.csv,COPIED,81976,fc1f7dea742a2e2491b68a0d110e255e53a7f1616038e66fa2a7866b68ed5a2d,snapshot/results/experiments/bc_dpg_v3_ablation_no_shift_regularization_v4_fold04_seed42/tables/raw_base_threshold_test_predictions.csv
results/experiments/bc_dpg_v3_ablation_no_shift_regularization_v4_fold04_seed42/tables/test_predictions.csv,COPIED,82088,675098491bd2d1721991dcf9fae470cec838fe03a68880ba182e3decd1e90da8,snapshot/results/experiments/bc_dpg_v3_ablation_no_shift_regularization_v4_fold04_seed42/tables/test_predictions.csv
results/experiments/bc_dpg_v3_ablation_no_shift_regularization_v4_fold04_seed42/tables/val_predictions.csv,COPIED,85131,212d4c8eeae31aa1f9dcf3ae1766832940dcaa270c4ef64df57bf170b54b35d1,snapshot/results/experiments/bc_dpg_v3_ablation_no_shift_regularization_v4_fold04_seed42/tables/val_predictions.csv
results/experiments/bc_dpg_v3_ablation_no_shift_selectivity_v4_fold01_seed42/tables/base_threshold_test_predictions.csv,COPIED,82556,a55b16e712b687c65d4be36b0663d5cd45c02c7d733c2c6a5db067585cb68661,snapshot/results/experiments/bc_dpg_v3_ablation_no_shift_selectivity_v4_fold01_seed42/tables/base_threshold_test_predictions.csv
results/experiments/bc_dpg_v3_ablation_no_shift_selectivity_v4_fold01_seed42/tables/base_threshold_val_predictions.csv,COPIED,82396,62940615743d84e6713d8abeee0c3190e322c250699a3c4301bcb45a0e67767e,snapshot/results/experiments/bc_dpg_v3_ablation_no_shift_selectivity_v4_fold01_seed42/tables/base_threshold_val_predictions.csv
results/experiments/bc_dpg_v3_ablation_no_shift_selectivity_v4_fold01_seed42/tables/raw_base_threshold_test_predictions.csv,COPIED,82392,a9d00202721448335191822c2b0c92570273535bd3f1800be9147d290b7cb934,snapshot/results/experiments/bc_dpg_v3_ablation_no_shift_selectivity_v4_fold01_seed42/tables/raw_base_threshold_test_predictions.csv
results/experiments/bc_dpg_v3_ablation_no_shift_selectivity_v4_fold01_seed42/tables/test_predictions.csv,COPIED,82436,fb57d7318dcc35d9f32fe01974d5259b37ffdc6820e9f00fa15f776a1edf9b56,snapshot/results/experiments/bc_dpg_v3_ablation_no_shift_selectivity_v4_fold01_seed42/tables/test_predictions.csv
results/experiments/bc_dpg_v3_ablation_no_shift_selectivity_v4_fold01_seed42/tables/val_predictions.csv,COPIED,82392,dc482b2fffa80c5556f05d2e8ef0d065e1b19dc4ceaf390f63dd20e295d425b1,snapshot/results/experiments/bc_dpg_v3_ablation_no_shift_selectivity_v4_fold01_seed42/tables/val_predictions.csv
results/experiments/bc_dpg_v3_ablation_no_shift_selectivity_v4_fold04_seed42/tables/base_threshold_test_predictions.csv,COPIED,82193,39aeebd6f70fb7d13654bb5c0a6c11211e7cc92d5eb11283aeb2ed89b9a7ca2e,snapshot/results/experiments/bc_dpg_v3_ablation_no_shift_selectivity_v4_fold04_seed42/tables/base_threshold_test_predictions.csv
results/experiments/bc_dpg_v3_ablation_no_shift_selectivity_v4_fold04_seed42/tables/base_threshold_val_predictions.csv,COPIED,85180,69acf56be50158d60c72ff202179eb2c335493c190e0408e40f531bd219ce3b7,snapshot/results/experiments/bc_dpg_v3_ablation_no_shift_selectivity_v4_fold04_seed42/tables/base_threshold_val_predictions.csv
results/experiments/bc_dpg_v3_ablation_no_shift_selectivity_v4_fold04_seed42/tables/raw_base_threshold_test_predictions.csv,COPIED,81978,1b24f2687b0fce0173758d35fadd744d348d4c7878606ff25ee0c71e62da08cd,snapshot/results/experiments/bc_dpg_v3_ablation_no_shift_selectivity_v4_fold04_seed42/tables/raw_base_threshold_test_predictions.csv
results/experiments/bc_dpg_v3_ablation_no_shift_selectivity_v4_fold04_seed42/tables/test_predictions.csv,COPIED,82033,109ca24a51b6bbfcb97caedd0a83c385fdb3d435a22e1f6e0d72227adba35df8,snapshot/results/experiments/bc_dpg_v3_ablation_no_shift_selectivity_v4_fold04_seed42/tables/test_predictions.csv
results/experiments/bc_dpg_v3_ablation_no_shift_selectivity_v4_fold04_seed42/tables/val_predictions.csv,COPIED,85176,d7893aaa4f31373471467e39649aeb53405d62553610fc088640d833cb776de5,snapshot/results/experiments/bc_dpg_v3_ablation_no_shift_selectivity_v4_fold04_seed42/tables/val_predictions.csv
results/experiments/bc_dpg_v3_ablation_no_target_keep_v4_fold01_seed42/tables/base_threshold_test_predictions.csv,COPIED,82708,13061d6dc27453cf60388e6d3598d72e4239fe1bf2d85cba39467e1d238374c1,snapshot/results/experiments/bc_dpg_v3_ablation_no_target_keep_v4_fold01_seed42/tables/base_threshold_test_predictions.csv
results/experiments/bc_dpg_v3_ablation_no_target_keep_v4_fold01_seed42/tables/base_threshold_val_predictions.csv,COPIED,82580,e4dc85819558e7476e1046e601b1e47fdc927549ef5a926d384fa84ecd8e26fe,snapshot/results/experiments/bc_dpg_v3_ablation_no_target_keep_v4_fold01_seed42/tables/base_threshold_val_predictions.csv
results/experiments/bc_dpg_v3_ablation_no_target_keep_v4_fold01_seed42/tables/raw_base_threshold_test_predictions.csv,COPIED,82550,09fe29f60fb7c6712e8cbb1440915e3aa50d9ba36b0bdec5918151874259620c,snapshot/results/experiments/bc_dpg_v3_ablation_no_target_keep_v4_fold01_seed42/tables/raw_base_threshold_test_predictions.csv
results/experiments/bc_dpg_v3_ablation_no_target_keep_v4_fold01_seed42/tables/test_predictions.csv,COPIED,82544,7bb17163d630acc4effc62bdbd0f048fed7c7e31158137e3b42c1b88ee58ad73,snapshot/results/experiments/bc_dpg_v3_ablation_no_target_keep_v4_fold01_seed42/tables/test_predictions.csv
results/experiments/bc_dpg_v3_ablation_no_target_keep_v4_fold01_seed42/tables/val_predictions.csv,COPIED,82576,c60d97785de7068619acad4f28bf7728629340828d3c48ec330e5e4cc173ae97,snapshot/results/experiments/bc_dpg_v3_ablation_no_target_keep_v4_fold01_seed42/tables/val_predictions.csv
results/experiments/bc_dpg_v3_ablation_no_target_keep_v4_fold04_seed42/tables/base_threshold_test_predictions.csv,COPIED,82113,3544b0f3615ac38ef861d0f792f14a0ce9f73a5f6736a713b0717f1f04ab9736,snapshot/results/experiments/bc_dpg_v3_ablation_no_target_keep_v4_fold04_seed42/tables/base_threshold_test_predictions.csv
results/experiments/bc_dpg_v3_ablation_no_target_keep_v4_fold04_seed42/tables/base_threshold_val_predictions.csv,COPIED,85059,f3d725e83e2d7bd8c06f70f06ef4ef9e2cefe40ed518ceaf115960f850e8d4c0,snapshot/results/experiments/bc_dpg_v3_ablation_no_target_keep_v4_fold04_seed42/tables/base_threshold_val_predictions.csv
results/experiments/bc_dpg_v3_ablation_no_target_keep_v4_fold04_seed42/tables/raw_base_threshold_test_predictions.csv,COPIED,81912,710fcca5eed03eb06ad2c3e3a195a89eedf257e6ec6a015d79cdd666dbc0b3c6,snapshot/results/experiments/bc_dpg_v3_ablation_no_target_keep_v4_fold04_seed42/tables/raw_base_threshold_test_predictions.csv
results/experiments/bc_dpg_v3_ablation_no_target_keep_v4_fold04_seed42/tables/test_predictions.csv,COPIED,81991,82b59300833f4f1a9f737100e0e56dc7a401ed7cc2178c3fd3c46d0c1dbf78de,snapshot/results/experiments/bc_dpg_v3_ablation_no_target_keep_v4_fold04_seed42/tables/test_predictions.csv
results/experiments/bc_dpg_v3_ablation_no_target_keep_v4_fold04_seed42/tables/val_predictions.csv,COPIED,85054,ac5c1a30c9af5a04af0e14c7a4434b4c7b64c72482ddce8926e56f8f86971e6a,snapshot/results/experiments/bc_dpg_v3_ablation_no_target_keep_v4_fold04_seed42/tables/val_predictions.csv
results/experiments/bc_dpg_v3_ablation_no_target_protection_v4_fold01_seed42/tables/base_threshold_test_predictions.csv,COPIED,82596,a294e9dede725385aec985ab1abc22ca3af8da404bdf4dc6b1571946830ac1d8,snapshot/results/experiments/bc_dpg_v3_ablation_no_target_protection_v4_fold01_seed42/tables/base_threshold_test_predictions.csv
results/experiments/bc_dpg_v3_ablation_no_target_protection_v4_fold01_seed42/tables/base_threshold_val_predictions.csv,COPIED,82591,4085655e99e5a360ee2334f1841b0540e3942f6e2e77d66246ec2c215be9a7fe,snapshot/results/experiments/bc_dpg_v3_ablation_no_target_protection_v4_fold01_seed42/tables/base_threshold_val_predictions.csv
results/experiments/bc_dpg_v3_ablation_no_target_protection_v4_fold01_seed42/tables/raw_base_threshold_test_predictions.csv,COPIED,82469,8fafc03a4d54a1e96c5d7bc33953f052846e94d25ad1dd0247aeebff78cc7076,snapshot/results/experiments/bc_dpg_v3_ablation_no_target_protection_v4_fold01_seed42/tables/raw_base_threshold_test_predictions.csv
results/experiments/bc_dpg_v3_ablation_no_target_protection_v4_fold01_seed42/tables/test_predictions.csv,COPIED,82532,ce8e64f0f4b1e723baf217ed956f02533bc7eb533c449c568e4d3949749b0f0f,snapshot/results/experiments/bc_dpg_v3_ablation_no_target_protection_v4_fold01_seed42/tables/test_predictions.csv
results/experiments/bc_dpg_v3_ablation_no_target_protection_v4_fold01_seed42/tables/val_predictions.csv,COPIED,82587,84e0230a7809fc3d5e1f87e6bc5db8d46e332c440386097f8d43e045c5639c74,snapshot/results/experiments/bc_dpg_v3_ablation_no_target_protection_v4_fold01_seed42/tables/val_predictions.csv
results/experiments/bc_dpg_v3_ablation_no_target_protection_v4_fold01_seed42_smoke/tables/base_threshold_test_predictions.csv,COPIED,10029,bf36eb54bdbfa832d340cd7c9ad0e859b06aee6e11626af4e8e6e308d55d4cce,snapshot/results/experiments/bc_dpg_v3_ablation_no_target_protection_v4_fold01_seed42_smoke/tables/base_threshold_test_predictions.csv
results/experiments/bc_dpg_v3_ablation_no_target_protection_v4_fold01_seed42_smoke/tables/base_threshold_val_predictions.csv,COPIED,9985,bd49ece8898b22f3dbb05d8a52b85b3b2c816601f4e6b6f9ce2e9ee333c24c05,snapshot/results/experiments/bc_dpg_v3_ablation_no_target_protection_v4_fold01_seed42_smoke/tables/base_threshold_val_predictions.csv
results/experiments/bc_dpg_v3_ablation_no_target_protection_v4_fold01_seed42_smoke/tables/raw_base_threshold_test_predictions.csv,COPIED,10025,2365cf0e75fd693b6992957ff91d27d0cbf1803a3630e5be41c0289e892d4151,snapshot/results/experiments/bc_dpg_v3_ablation_no_target_protection_v4_fold01_seed42_smoke/tables/raw_base_threshold_test_predictions.csv
results/experiments/bc_dpg_v3_ablation_no_target_protection_v4_fold01_seed42_smoke/tables/test_predictions.csv,COPIED,10019,30199855e49e6fae3cdd35797f3671ae153ed90b9a9163ae7342c5a89e00fca9,snapshot/results/experiments/bc_dpg_v3_ablation_no_target_protection_v4_fold01_seed42_smoke/tables/test_predictions.csv
results/experiments/bc_dpg_v3_ablation_no_target_protection_v4_fold01_seed42_smoke/tables/val_predictions.csv,COPIED,9981,30523bbf352e5781a89027e8867f96b6eabf39fb5faeb3cbb51343b06851d47b,snapshot/results/experiments/bc_dpg_v3_ablation_no_target_protection_v4_fold01_seed42_smoke/tables/val_predictions.csv
results/experiments/bc_dpg_v3_ablation_no_target_protection_v4_fold04_seed42/tables/base_threshold_test_predictions.csv,COPIED,82190,a194275930859f02101713aa161e5482bd91e9ec40adec9a69628c2531f70670,snapshot/results/experiments/bc_dpg_v3_ablation_no_target_protection_v4_fold04_seed42/tables/base_threshold_test_predictions.csv
results/experiments/bc_dpg_v3_ablation_no_target_protection_v4_fold04_seed42/tables/base_threshold_val_predictions.csv,COPIED,85295,52551780be3ebc32832364b1e66d5bbb834fc32e1ebc9b4da2f7b82bac7cf282,snapshot/results/experiments/bc_dpg_v3_ablation_no_target_protection_v4_fold04_seed42/tables/base_threshold_val_predictions.csv
results/experiments/bc_dpg_v3_ablation_no_target_protection_v4_fold04_seed42/tables/raw_base_threshold_test_predictions.csv,COPIED,81964,b40d79e73cce37afb7f8ab87bd4c05a7741f4988702c0486dcc15cb815770454,snapshot/results/experiments/bc_dpg_v3_ablation_no_target_protection_v4_fold04_seed42/tables/raw_base_threshold_test_predictions.csv
results/experiments/bc_dpg_v3_ablation_no_target_protection_v4_fold04_seed42/tables/test_predictions.csv,COPIED,81986,b318db4e0c36eef7704035c6e78d08291861fbc8f092801de706201f709767cc,snapshot/results/experiments/bc_dpg_v3_ablation_no_target_protection_v4_fold04_seed42/tables/test_predictions.csv
results/experiments/bc_dpg_v3_ablation_no_target_protection_v4_fold04_seed42/tables/val_predictions.csv,COPIED,85290,7146c4a7202b8d96132fcfb0515821d76e52a825a3ce74a4d5121391b3de9e70,snapshot/results/experiments/bc_dpg_v3_ablation_no_target_protection_v4_fold04_seed42/tables/val_predictions.csv
results/experiments/bc_dpg_v3_ablation_no_target_protection_v4_fold04_seed42_smoke/tables/base_threshold_test_predictions.csv,COPIED,10026,caadbbe3e053a67cf6e4937ca5bca9c2b91cd3c24e7638ccd3b7cfb4965fa47c,snapshot/results/experiments/bc_dpg_v3_ablation_no_target_protection_v4_fold04_seed42_smoke/tables/base_threshold_test_predictions.csv
results/experiments/bc_dpg_v3_ablation_no_target_protection_v4_fold04_seed42_smoke/tables/base_threshold_val_predictions.csv,COPIED,9994,a4c1c494c4f7d95a359f8167121426ce8b88c58caa0544c1504171f9d80d28f7,snapshot/results/experiments/bc_dpg_v3_ablation_no_target_protection_v4_fold04_seed42_smoke/tables/base_threshold_val_predictions.csv
results/experiments/bc_dpg_v3_ablation_no_target_protection_v4_fold04_seed42_smoke/tables/raw_base_threshold_test_predictions.csv,COPIED,10029,d12871266a70a1ad06fa6d3bbea65cd6f255d95b2a433bac1fc9f4dad83eaca5,snapshot/results/experiments/bc_dpg_v3_ablation_no_target_protection_v4_fold04_seed42_smoke/tables/raw_base_threshold_test_predictions.csv
results/experiments/bc_dpg_v3_ablation_no_target_protection_v4_fold04_seed42_smoke/tables/test_predictions.csv,COPIED,10024,24a7aa0ac4aa1d85961256cdacf093cd3fb06dc076869feb609819bc4917b772,snapshot/results/experiments/bc_dpg_v3_ablation_no_target_protection_v4_fold04_seed42_smoke/tables/test_predictions.csv
results/experiments/bc_dpg_v3_ablation_no_target_protection_v4_fold04_seed42_smoke/tables/val_predictions.csv,COPIED,9990,63b9de19aa3d09186d8c826e7fe70ea663d8d596808603474f440313fc643209,snapshot/results/experiments/bc_dpg_v3_ablation_no_target_protection_v4_fold04_seed42_smoke/tables/val_predictions.csv
results/experiments/bc_dpg_v3_scan_target_v4_fold01_seed42/tables/base_threshold_test_predictions.csv,COPIED,82775,239fa467cd40d84a5528af75969da1b981270fd8453f81a3a96afdce38f77b81,snapshot/results/experiments/bc_dpg_v3_scan_target_v4_fold01_seed42/tables/base_threshold_test_predictions.csv
results/experiments/bc_dpg_v3_scan_target_v4_fold01_seed42/tables/base_threshold_val_predictions.csv,COPIED,82606,e722831f261108fceb3de41100a457ef03d2965a133acbfc43b8ea8caf644669,snapshot/results/experiments/bc_dpg_v3_scan_target_v4_fold01_seed42/tables/base_threshold_val_predictions.csv
results/experiments/bc_dpg_v3_scan_target_v4_fold01_seed42/tables/raw_base_threshold_test_predictions.csv,COPIED,82655,835d91b4ca9f78649c9d900d790224c5fbcdebb13ae1ce3925cdbb514d2d37f5,snapshot/results/experiments/bc_dpg_v3_scan_target_v4_fold01_seed42/tables/raw_base_threshold_test_predictions.csv
results/experiments/bc_dpg_v3_scan_target_v4_fold01_seed42/tables/test_predictions.csv,COPIED,82595,500e585758744e3fb9659e3aff57a56076504f79a0c9e9ba963f7c929c1005ad,snapshot/results/experiments/bc_dpg_v3_scan_target_v4_fold01_seed42/tables/test_predictions.csv
results/experiments/bc_dpg_v3_scan_target_v4_fold01_seed42/tables/val_predictions.csv,COPIED,82602,eb4273b21871532e4cf9dffaa9b09459ba66c6f9215d6838e9a49269a3754c30,snapshot/results/experiments/bc_dpg_v3_scan_target_v4_fold01_seed42/tables/val_predictions.csv
results/experiments/bc_dpg_v3_scan_target_v4_fold04_seed42/tables/base_threshold_test_predictions.csv,COPIED,82410,ca35d6d5af16bc0e000400bbe6994171e3a88ef3c586ea6d58d7d29b94934bd4,snapshot/results/experiments/bc_dpg_v3_scan_target_v4_fold04_seed42/tables/base_threshold_test_predictions.csv
results/experiments/bc_dpg_v3_scan_target_v4_fold04_seed42/tables/base_threshold_val_predictions.csv,COPIED,85370,9039441d2673713e5805da1fd29a9a9f4c8a94eb3b553f9fee1fa718f71f5822,snapshot/results/experiments/bc_dpg_v3_scan_target_v4_fold04_seed42/tables/base_threshold_val_predictions.csv
results/experiments/bc_dpg_v3_scan_target_v4_fold04_seed42/tables/raw_base_threshold_test_predictions.csv,COPIED,82198,4dd17ed4c65d6828ef474afd9c75e653792d53e6986c1e9c8f73b74d2f510aa1,snapshot/results/experiments/bc_dpg_v3_scan_target_v4_fold04_seed42/tables/raw_base_threshold_test_predictions.csv
results/experiments/bc_dpg_v3_scan_target_v4_fold04_seed42/tables/test_predictions.csv,COPIED,82188,8a5c45b1a9231c8e17171e0592343ce542629d61ce2a9dcb3254f1445bab0ba4,snapshot/results/experiments/bc_dpg_v3_scan_target_v4_fold04_seed42/tables/test_predictions.csv
results/experiments/bc_dpg_v3_scan_target_v4_fold04_seed42/tables/val_predictions.csv,COPIED,85365,cab106d84614177cf6edce360872c8f9b82d8f43d9519d5014e45ba0ef78af96,snapshot/results/experiments/bc_dpg_v3_scan_target_v4_fold04_seed42/tables/val_predictions.csv
results/experiments/detection_h_v4_fold01_seed42/tables/test_predictions.csv,COPIED,46967,0e8e71c555145eec451698c7bbec586c54eac19882b7a237565ac2a91a66796b,snapshot/results/experiments/detection_h_v4_fold01_seed42/tables/test_predictions.csv
results/experiments/detection_h_v4_fold01_seed42/tables/val_predictions.csv,COPIED,47204,191d000ca973ac8361d85fadf34f49ab70e2f1891459543f58d951cf04c8edf7,snapshot/results/experiments/detection_h_v4_fold01_seed42/tables/val_predictions.csv
results/experiments/detection_h_v4_fold04_seed42/tables/test_predictions.csv,COPIED,46656,5aaecb2bd519b13a2b9719a9b049e4042655c4fbe7da54a34c8519cdc73302df,snapshot/results/experiments/detection_h_v4_fold04_seed42/tables/test_predictions.csv
results/experiments/detection_h_v4_fold04_seed42/tables/val_predictions.csv,COPIED,48987,65c862f98a7602dfb2dac0a3383f1eedecc74139a279908863c1d89d37c2025e,snapshot/results/experiments/detection_h_v4_fold04_seed42/tables/val_predictions.csv
results/experiments/detection_hv_v4_fold01_seed42/tables/test_predictions.csv,COPIED,46670,0c5b23bf833bc9761b9c6145ef09804de2ef0b1a8bfb018708eb871c9dc7d1c5,snapshot/results/experiments/detection_hv_v4_fold01_seed42/tables/test_predictions.csv
results/experiments/detection_hv_v4_fold01_seed42/tables/val_predictions.csv,COPIED,47369,e80e379bf35d4f40fb317cf9dd4a22f01ac31dc8bcdaea757de087c12b5cc061,snapshot/results/experiments/detection_hv_v4_fold01_seed42/tables/val_predictions.csv
results/experiments/detection_hv_v4_fold04_seed42/tables/test_predictions.csv,COPIED,46504,1b4fd2c6836470c1104bdf795e6e766ad96dbd1521157e99c1201dd3ed916ee5,snapshot/results/experiments/detection_hv_v4_fold04_seed42/tables/test_predictions.csv
results/experiments/detection_hv_v4_fold04_seed42/tables/val_predictions.csv,COPIED,49039,1cbcc9ea2af60fb89c6e75d8571e67a80100962418d90fc05c4b4ef789e06843,snapshot/results/experiments/detection_hv_v4_fold04_seed42/tables/val_predictions.csv
results/experiments/detection_v_v4_fold01_seed42/tables/test_predictions.csv,COPIED,46761,96ceea306e6d928b4590ee2f5b6ed2b51c740eb776e61191b9f8816126562842,snapshot/results/experiments/detection_v_v4_fold01_seed42/tables/test_predictions.csv
results/experiments/detection_v_v4_fold01_seed42/tables/val_predictions.csv,COPIED,47438,9de9212eeb28d1a9e6a861e067dc259911ffbe2c49b55c8a17931d5a6b341146,snapshot/results/experiments/detection_v_v4_fold01_seed42/tables/val_predictions.csv
results/experiments/detection_v_v4_fold04_seed42/tables/test_predictions.csv,COPIED,46592,5da7564cdc6fe056d76d9197ffc79cf2534386430b54938930e920747dd142ed,snapshot/results/experiments/detection_v_v4_fold04_seed42/tables/test_predictions.csv
results/experiments/detection_v_v4_fold04_seed42/tables/val_predictions.csv,COPIED,48990,35bd1d6f24a3527953c631de0c87c2522066669006e3e7407cf7da89a2db61ca,snapshot/results/experiments/detection_v_v4_fold04_seed42/tables/val_predictions.csv
results/experiments/dpg_fcn_v4_fold01_seed42/tables/test_failure_samples.csv,COPIED,405,92960c23f1b19e69993b0bfb7a58a030cab5d1fb01331fe104a90a2d52b085da,snapshot/results/experiments/dpg_fcn_v4_fold01_seed42/tables/test_failure_samples.csv
results/experiments/dpg_fcn_v4_fold01_seed42/tables/test_false_alarm_samples.csv,COPIED,28589,5bb8cd80acf48a1e626a02202df4786bb6ee299c358f59e17ac4d395952fab5a,snapshot/results/experiments/dpg_fcn_v4_fold01_seed42/tables/test_false_alarm_samples.csv
results/experiments/dpg_fcn_v4_fold01_seed42/tables/test_predictions.csv,COPIED,67046,4826205b89b079be6207884fc80067fa5ea82b5cdc0c917a5bed6e82413b2ecf,snapshot/results/experiments/dpg_fcn_v4_fold01_seed42/tables/test_predictions.csv
results/experiments/dpg_fcn_v4_fold01_seed42/tables/val_predictions.csv,COPIED,68128,5c7534232374de2547102a6c4bb08d199730894dc037da8d6c7a246a07a7e9da,snapshot/results/experiments/dpg_fcn_v4_fold01_seed42/tables/val_predictions.csv
results/experiments/dpg_fcn_v4_fold04_seed42/tables/test_failure_samples.csv,COPIED,2062,f99c36cd04cc07b19a28f5add17cadd7eb0fb93a92218e88e0fb96b13122393e,snapshot/results/experiments/dpg_fcn_v4_fold04_seed42/tables/test_failure_samples.csv
results/experiments/dpg_fcn_v4_fold04_seed42/tables/test_false_alarm_samples.csv,COPIED,33251,ed990f52e6a261c19908ec87eec752a62b368a0454a281a71e0ac514c0729ea1,snapshot/results/experiments/dpg_fcn_v4_fold04_seed42/tables/test_false_alarm_samples.csv
results/experiments/dpg_fcn_v4_fold04_seed42/tables/test_predictions.csv,COPIED,66770,5f75376d999a9480001a8b1683adb9efe6cfed577e395b8a337571109199034c,snapshot/results/experiments/dpg_fcn_v4_fold04_seed42/tables/test_predictions.csv
results/experiments/dpg_fcn_v4_fold04_seed42/tables/val_predictions.csv,COPIED,70613,c9c591b880af25180ddd96a2f98331765ad7a126e06796215b280f5e0a38e4bc,snapshot/results/experiments/dpg_fcn_v4_fold04_seed42/tables/val_predictions.csv
results/experiments/polar_repr_v1_polar6_v4_fold01_seed42_formal/tables/test_predictions.csv,COPIED,46796,8a815ee79759ab98f8244e1cd100f0bee6e3efc0d0d84bf2ca4bf8f99c13cf07,snapshot/results/experiments/polar_repr_v1_polar6_v4_fold01_seed42_formal/tables/test_predictions.csv
results/experiments/polar_repr_v1_polar6_v4_fold01_seed42_formal/tables/val_predictions.csv,COPIED,47660,49c4812a0bdee8656ef47152dca6b938a8c8a0c9c88299490201edb78b04c29d,snapshot/results/experiments/polar_repr_v1_polar6_v4_fold01_seed42_formal/tables/val_predictions.csv
results/experiments/polar_repr_v1_polar6_v4_fold01_seed42_smoke/tables/test_predictions.csv,COPIED,3937,acb4f29f0fd81803aa89a73bf18ce6ce018904f8e3680d82187ea77b58283c8e,snapshot/results/experiments/polar_repr_v1_polar6_v4_fold01_seed42_smoke/tables/test_predictions.csv
results/experiments/polar_repr_v1_polar6_v4_fold01_seed42_smoke/tables/val_predictions.csv,COPIED,3942,a31c3ba1d0e0b124d8c2ad571d62dcd6e78118d93c6d637c0c8302296d453a8d,snapshot/results/experiments/polar_repr_v1_polar6_v4_fold01_seed42_smoke/tables/val_predictions.csv
results/experiments/polar_repr_v1_polar6_v4_fold04_seed42_formal/tables/test_predictions.csv,COPIED,46554,e1af6b0f6ec61943fae2adbcf1cfc40fa6ae5ca025652de43131378e1405424d,snapshot/results/experiments/polar_repr_v1_polar6_v4_fold04_seed42_formal/tables/test_predictions.csv
results/experiments/polar_repr_v1_polar6_v4_fold04_seed42_formal/tables/val_predictions.csv,COPIED,49323,1d890e986b40d1a8668dc04e927e781665576e941ea684902ccb0a46af92a52d,snapshot/results/experiments/polar_repr_v1_polar6_v4_fold04_seed42_formal/tables/val_predictions.csv
results/experiments/polar_repr_v1_polar6_v4_fold04_seed42_smoke/tables/test_predictions.csv,COPIED,3935,b0c8eebdec966f8f292b7c21e7319f72030ad9f4d11fa41fb24347771906f3b3,snapshot/results/experiments/polar_repr_v1_polar6_v4_fold04_seed42_smoke/tables/test_predictions.csv
results/experiments/polar_repr_v1_polar6_v4_fold04_seed42_smoke/tables/val_predictions.csv,COPIED,3944,101ecdb58b40670ba24b855d7b8a923f9eae22150d04211c32d17c35f15fd618,snapshot/results/experiments/polar_repr_v1_polar6_v4_fold04_seed42_smoke/tables/val_predictions.csv
results/experiments/polar_repr_v1_power2_v4_fold01_seed42_formal/tables/test_predictions.csv,COPIED,46688,8cb6965ef031b735dcb9ac642ef581bd305fbbb7fb9534ea9655c40fa1cfef4e,snapshot/results/experiments/polar_repr_v1_power2_v4_fold01_seed42_formal/tables/test_predictions.csv
results/experiments/polar_repr_v1_power2_v4_fold01_seed42_formal/tables/val_predictions.csv,COPIED,47468,94c9bef0daf3ef7612321eb472325812d33bafe83c1f7453fdf033b76997a4b2,snapshot/results/experiments/polar_repr_v1_power2_v4_fold01_seed42_formal/tables/val_predictions.csv
results/experiments/polar_repr_v1_power2_v4_fold01_seed42_smoke/tables/test_predictions.csv,COPIED,3943,d5f55a79d291413c1a65908f7aa69c24669ff255eb091ca0d968c03dc600ff40,snapshot/results/experiments/polar_repr_v1_power2_v4_fold01_seed42_smoke/tables/test_predictions.csv
results/experiments/polar_repr_v1_power2_v4_fold01_seed42_smoke/tables/val_predictions.csv,COPIED,3930,e62b03c6346fad466bae8c2bc063c3f3d0241711aa5bab639eb8ec5979aa6a8b,snapshot/results/experiments/polar_repr_v1_power2_v4_fold01_seed42_smoke/tables/val_predictions.csv
results/experiments/polar_repr_v1_power2_v4_fold04_seed42_formal/tables/test_predictions.csv,COPIED,46477,b69852fa7fa0adda8a6f21e197e27afc95ec8c82505f4a59cf70207b957f69ef,snapshot/results/experiments/polar_repr_v1_power2_v4_fold04_seed42_formal/tables/test_predictions.csv
results/experiments/polar_repr_v1_power2_v4_fold04_seed42_formal/tables/val_predictions.csv,COPIED,49130,f85e6ec145239f7ce9299c6183cc5226d710394ebcba9087181e4306466e3bfb,snapshot/results/experiments/polar_repr_v1_power2_v4_fold04_seed42_formal/tables/val_predictions.csv
results/experiments/polar_repr_v1_power2_v4_fold04_seed42_smoke/tables/test_predictions.csv,COPIED,3918,4d6338c71585943d62758aafce6aa22dbccd1c7b1bf6cdbce9bf71fe0d62b4c7,snapshot/results/experiments/polar_repr_v1_power2_v4_fold04_seed42_smoke/tables/test_predictions.csv
results/experiments/polar_repr_v1_power2_v4_fold04_seed42_smoke/tables/val_predictions.csv,COPIED,3941,07aff4b29c9396596db94c07a2905fdbe518f69ccb876843b8f65a8e3ed22b40,snapshot/results/experiments/polar_repr_v1_power2_v4_fold04_seed42_smoke/tables/val_predictions.csv
results/experiments/polar_repr_v1_ri4_v4_fold01_seed42_formal/tables/test_predictions.csv,COPIED,47058,fa0f06474238870175ae8507a1cdda3620d8d70d1c0459653d8f71603644726f,snapshot/results/experiments/polar_repr_v1_ri4_v4_fold01_seed42_formal/tables/test_predictions.csv
results/experiments/polar_repr_v1_ri4_v4_fold01_seed42_formal/tables/val_predictions.csv,COPIED,47234,3d6b714474b27a1650bb62592c6c490eb433a78f0aaf8fe4ea120f0fae94d1dd,snapshot/results/experiments/polar_repr_v1_ri4_v4_fold01_seed42_formal/tables/val_predictions.csv
results/experiments/polar_repr_v1_ri4_v4_fold01_seed42_smoke/tables/test_predictions.csv,COPIED,3931,5e8f7b9edc08bb0bca676bbc349ff481e00facd735810b08b7bd13c074a3a373,snapshot/results/experiments/polar_repr_v1_ri4_v4_fold01_seed42_smoke/tables/test_predictions.csv
results/experiments/polar_repr_v1_ri4_v4_fold01_seed42_smoke/tables/val_predictions.csv,COPIED,3942,c5f9194f497b1ae4591ef2693791e50356baf0425849e57994459f22f42b5a21,snapshot/results/experiments/polar_repr_v1_ri4_v4_fold01_seed42_smoke/tables/val_predictions.csv
results/experiments/polar_repr_v1_ri4_v4_fold04_seed42_formal/tables/test_predictions.csv,COPIED,46811,83b8d3318cae538974d17ae6372bae04348fe2fd7169659664e661fb85246790,snapshot/results/experiments/polar_repr_v1_ri4_v4_fold04_seed42_formal/tables/test_predictions.csv
results/experiments/polar_repr_v1_ri4_v4_fold04_seed42_formal/tables/val_predictions.csv,COPIED,49034,93a412d2c87d1cafc7f2d372cf56a0b36da2d3250b7f11987f06e0b3748c4f52,snapshot/results/experiments/polar_repr_v1_ri4_v4_fold04_seed42_formal/tables/val_predictions.csv
results/experiments/polar_repr_v1_ri4_v4_fold04_seed42_smoke/tables/test_predictions.csv,COPIED,3929,632287008fd4f15dc6cd3643ec03c8503836b23b5d208956523730bbc00eb8d5,snapshot/results/experiments/polar_repr_v1_ri4_v4_fold04_seed42_smoke/tables/test_predictions.csv
results/experiments/polar_repr_v1_ri4_v4_fold04_seed42_smoke/tables/val_predictions.csv,COPIED,3939,0bd6be16b47d1b8980b7529ac889208a070b67eb90593c4dad032c94c910c2cb,snapshot/results/experiments/polar_repr_v1_ri4_v4_fold04_seed42_smoke/tables/val_predictions.csv
results/experiments/polar_repr_v1_ri8_v4_fold01_seed42_formal/tables/test_predictions.csv,COPIED,46763,e5bb0a4ae58d13bc78b26d484c42ba39c9c8fb952d4b7ec45ae6c8784b48e394,snapshot/results/experiments/polar_repr_v1_ri8_v4_fold01_seed42_formal/tables/test_predictions.csv
results/experiments/polar_repr_v1_ri8_v4_fold01_seed42_formal/tables/val_predictions.csv,COPIED,47421,6b5c47e4d2e6a4b062056f994d0921b24674e782721c172ef8d0701ca06220bc,snapshot/results/experiments/polar_repr_v1_ri8_v4_fold01_seed42_formal/tables/val_predictions.csv
results/experiments/polar_repr_v1_ri8_v4_fold01_seed42_smoke/tables/test_predictions.csv,COPIED,3935,2ea020ce22c63a4d8f15aee915e5c1699cd89868af946d6c897b75e2a3434708,snapshot/results/experiments/polar_repr_v1_ri8_v4_fold01_seed42_smoke/tables/test_predictions.csv
results/experiments/polar_repr_v1_ri8_v4_fold01_seed42_smoke/tables/val_predictions.csv,COPIED,3935,cbdd58d59c3889635e108c1d05f1eeb19b1ed95a36a522f67a101dfc6834e481,snapshot/results/experiments/polar_repr_v1_ri8_v4_fold01_seed42_smoke/tables/val_predictions.csv
results/experiments/polar_repr_v1_ri8_v4_fold04_seed42_formal/tables/test_predictions.csv,COPIED,46479,ff1b63ad865487331add4cdd9cabd9255a8d09c5a74925a73aabeb90be4eb5a3,snapshot/results/experiments/polar_repr_v1_ri8_v4_fold04_seed42_formal/tables/test_predictions.csv
results/experiments/polar_repr_v1_ri8_v4_fold04_seed42_formal/tables/val_predictions.csv,COPIED,48851,0c2a7bc0a737607971c4b7a8b51ee2bbf087e96e498817ca2655ae22c87af5bf,snapshot/results/experiments/polar_repr_v1_ri8_v4_fold04_seed42_formal/tables/val_predictions.csv
results/experiments/polar_repr_v1_ri8_v4_fold04_seed42_smoke/tables/test_predictions.csv,COPIED,3919,82e56aaf11ff84169a98e066aede1034dc5e629ca57eb8ea2598c7eb44b83c9b,snapshot/results/experiments/polar_repr_v1_ri8_v4_fold04_seed42_smoke/tables/test_predictions.csv
results/experiments/polar_repr_v1_ri8_v4_fold04_seed42_smoke/tables/val_predictions.csv,COPIED,3938,c31c66f0edec5e83a6856ebbdc45f11db05cbd11e0578d1053d562e55d67b180,snapshot/results/experiments/polar_repr_v1_ri8_v4_fold04_seed42_smoke/tables/val_predictions.csv
results/experiments/polar_repr_v2_polar6_gated_v4_fold01_seed42_formal/tables/test_predictions.csv,COPIED,46968,9e2709409c1443f20cf242bacd9d75d45923951e926365b0c4560d686b79fa22,snapshot/results/experiments/polar_repr_v2_polar6_gated_v4_fold01_seed42_formal/tables/test_predictions.csv
results/experiments/polar_repr_v2_polar6_gated_v4_fold01_seed42_formal/tables/val_predictions.csv,COPIED,47515,0bd9d114ad08a5683505061005e253590b3a5291c015bad2bb119e45b79dacd1,snapshot/results/experiments/polar_repr_v2_polar6_gated_v4_fold01_seed42_formal/tables/val_predictions.csv
results/experiments/polar_repr_v2_polar6_gated_v4_fold01_seed42_smoke/tables/test_predictions.csv,COPIED,3938,970071dc6180ea89d9b77f5dc5bfc80f32de1eb7c1606f20f6ee64c5a364b0da,snapshot/results/experiments/polar_repr_v2_polar6_gated_v4_fold01_seed42_smoke/tables/test_predictions.csv
results/experiments/polar_repr_v2_polar6_gated_v4_fold01_seed42_smoke/tables/val_predictions.csv,COPIED,3924,a4ffc162a30c73ca15c21a6b4529d32ed55db33d93cddc87c2944931d5d9dbf7,snapshot/results/experiments/polar_repr_v2_polar6_gated_v4_fold01_seed42_smoke/tables/val_predictions.csv
results/experiments/polar_repr_v2_polar6_gated_v4_fold04_seed42_formal/tables/test_predictions.csv,COPIED,46751,c78cbe58b193089aad46c5132d1fa4a7162d6234a9eabef3e33da6abdde8ce5a,snapshot/results/experiments/polar_repr_v2_polar6_gated_v4_fold04_seed42_formal/tables/test_predictions.csv
results/experiments/polar_repr_v2_polar6_gated_v4_fold04_seed42_formal/tables/val_predictions.csv,COPIED,48994,362f6e153984c97a52844f3dd5172931602276214b79725ee10358f158eb3bae,snapshot/results/experiments/polar_repr_v2_polar6_gated_v4_fold04_seed42_formal/tables/val_predictions.csv
results/experiments/polar_repr_v2_polar6_gated_v4_fold04_seed42_smoke/tables/test_predictions.csv,COPIED,3936,4c9713f1625cfc0c01060635739c005cf110794e98384dec07ec215f5df0d5e2,snapshot/results/experiments/polar_repr_v2_polar6_gated_v4_fold04_seed42_smoke/tables/test_predictions.csv
results/experiments/polar_repr_v2_polar6_gated_v4_fold04_seed42_smoke/tables/val_predictions.csv,COPIED,3939,a39689305d6d5ef2cd8d507962c5118a01670db59fa74ab5f57ddf8d7e21e509,snapshot/results/experiments/polar_repr_v2_polar6_gated_v4_fold04_seed42_smoke/tables/val_predictions.csv
results/experiments/polar_repr_v2_power2_v4_fold01_seed42_formal/tables/test_predictions.csv,COPIED,46688,8cb6965ef031b735dcb9ac642ef581bd305fbbb7fb9534ea9655c40fa1cfef4e,snapshot/results/experiments/polar_repr_v2_power2_v4_fold01_seed42_formal/tables/test_predictions.csv
results/experiments/polar_repr_v2_power2_v4_fold01_seed42_formal/tables/val_predictions.csv,COPIED,47468,94c9bef0daf3ef7612321eb472325812d33bafe83c1f7453fdf033b76997a4b2,snapshot/results/experiments/polar_repr_v2_power2_v4_fold01_seed42_formal/tables/val_predictions.csv
results/experiments/polar_repr_v2_power2_v4_fold01_seed42_smoke/tables/test_predictions.csv,COPIED,3943,d5f55a79d291413c1a65908f7aa69c24669ff255eb091ca0d968c03dc600ff40,snapshot/results/experiments/polar_repr_v2_power2_v4_fold01_seed42_smoke/tables/test_predictions.csv
results/experiments/polar_repr_v2_power2_v4_fold01_seed42_smoke/tables/val_predictions.csv,COPIED,3930,e62b03c6346fad466bae8c2bc063c3f3d0241711aa5bab639eb8ec5979aa6a8b,snapshot/results/experiments/polar_repr_v2_power2_v4_fold01_seed42_smoke/tables/val_predictions.csv
results/experiments/polar_repr_v2_power2_v4_fold04_seed42_formal/tables/test_predictions.csv,COPIED,46477,b69852fa7fa0adda8a6f21e197e27afc95ec8c82505f4a59cf70207b957f69ef,snapshot/results/experiments/polar_repr_v2_power2_v4_fold04_seed42_formal/tables/test_predictions.csv
results/experiments/polar_repr_v2_power2_v4_fold04_seed42_formal/tables/val_predictions.csv,COPIED,49130,f85e6ec145239f7ce9299c6183cc5226d710394ebcba9087181e4306466e3bfb,snapshot/results/experiments/polar_repr_v2_power2_v4_fold04_seed42_formal/tables/val_predictions.csv
results/experiments/polar_repr_v2_power2_v4_fold04_seed42_smoke/tables/test_predictions.csv,COPIED,3918,4d6338c71585943d62758aafce6aa22dbccd1c7b1bf6cdbce9bf71fe0d62b4c7,snapshot/results/experiments/polar_repr_v2_power2_v4_fold04_seed42_smoke/tables/test_predictions.csv
results/experiments/polar_repr_v2_power2_v4_fold04_seed42_smoke/tables/val_predictions.csv,COPIED,3941,07aff4b29c9396596db94c07a2905fdbe518f69ccb876843b8f65a8e3ed22b40,snapshot/results/experiments/polar_repr_v2_power2_v4_fold04_seed42_smoke/tables/val_predictions.csv
results/experiments/polar_repr_v2_ri4_v4_fold01_seed42_formal/tables/test_predictions.csv,COPIED,47058,fa0f06474238870175ae8507a1cdda3620d8d70d1c0459653d8f71603644726f,snapshot/results/experiments/polar_repr_v2_ri4_v4_fold01_seed42_formal/tables/test_predictions.csv
results/experiments/polar_repr_v2_ri4_v4_fold01_seed42_formal/tables/val_predictions.csv,COPIED,47234,3d6b714474b27a1650bb62592c6c490eb433a78f0aaf8fe4ea120f0fae94d1dd,snapshot/results/experiments/polar_repr_v2_ri4_v4_fold01_seed42_formal/tables/val_predictions.csv
results/experiments/polar_repr_v2_ri4_v4_fold01_seed42_smoke/tables/test_predictions.csv,COPIED,3931,5e8f7b9edc08bb0bca676bbc349ff481e00facd735810b08b7bd13c074a3a373,snapshot/results/experiments/polar_repr_v2_ri4_v4_fold01_seed42_smoke/tables/test_predictions.csv
results/experiments/polar_repr_v2_ri4_v4_fold01_seed42_smoke/tables/val_predictions.csv,COPIED,3942,c5f9194f497b1ae4591ef2693791e50356baf0425849e57994459f22f42b5a21,snapshot/results/experiments/polar_repr_v2_ri4_v4_fold01_seed42_smoke/tables/val_predictions.csv
results/experiments/polar_repr_v2_ri4_v4_fold04_seed42_formal/tables/test_predictions.csv,COPIED,46811,83b8d3318cae538974d17ae6372bae04348fe2fd7169659664e661fb85246790,snapshot/results/experiments/polar_repr_v2_ri4_v4_fold04_seed42_formal/tables/test_predictions.csv
results/experiments/polar_repr_v2_ri4_v4_fold04_seed42_formal/tables/val_predictions.csv,COPIED,49034,93a412d2c87d1cafc7f2d372cf56a0b36da2d3250b7f11987f06e0b3748c4f52,snapshot/results/experiments/polar_repr_v2_ri4_v4_fold04_seed42_formal/tables/val_predictions.csv
results/experiments/polar_repr_v2_ri4_v4_fold04_seed42_smoke/tables/test_predictions.csv,COPIED,3929,632287008fd4f15dc6cd3643ec03c8503836b23b5d208956523730bbc00eb8d5,snapshot/results/experiments/polar_repr_v2_ri4_v4_fold04_seed42_smoke/tables/test_predictions.csv
results/experiments/polar_repr_v2_ri4_v4_fold04_seed42_smoke/tables/val_predictions.csv,COPIED,3939,0bd6be16b47d1b8980b7529ac889208a070b67eb90593c4dad032c94c910c2cb,snapshot/results/experiments/polar_repr_v2_ri4_v4_fold04_seed42_smoke/tables/val_predictions.csv
results/experiments/polar_repr_v2_ri8_gated_v4_fold01_seed42_formal/tables/test_predictions.csv,COPIED,47055,14019c2cf2ad786ff87c239d5de8af4a4224fceebe0ff2176f7b9a79da136fda,snapshot/results/experiments/polar_repr_v2_ri8_gated_v4_fold01_seed42_formal/tables/test_predictions.csv
results/experiments/polar_repr_v2_ri8_gated_v4_fold01_seed42_formal/tables/val_predictions.csv,COPIED,47465,ff95fad0e185006b0be440f28de3ef49b0693a65b672a409790cf5d8ab1607db,snapshot/results/experiments/polar_repr_v2_ri8_gated_v4_fold01_seed42_formal/tables/val_predictions.csv
results/experiments/polar_repr_v2_ri8_gated_v4_fold01_seed42_smoke/tables/test_predictions.csv,COPIED,3928,d7a15e9b7ecc5411abb70a557c2f87e2bc7ef6f57180ff481de71e5fc196a870,snapshot/results/experiments/polar_repr_v2_ri8_gated_v4_fold01_seed42_smoke/tables/test_predictions.csv
results/experiments/polar_repr_v2_ri8_gated_v4_fold01_seed42_smoke/tables/val_predictions.csv,COPIED,3939,098993ebbb9b3be6b1d90b4bf5be0ee2a16fc278ce86e44e70527f4d9cb7617c,snapshot/results/experiments/polar_repr_v2_ri8_gated_v4_fold01_seed42_smoke/tables/val_predictions.csv
results/experiments/polar_repr_v2_ri8_gated_v4_fold04_seed42_formal/tables/test_predictions.csv,COPIED,46764,a053ad39a93f094a214bd851468bf76573cc6b126deba544ef614505ee287eff,snapshot/results/experiments/polar_repr_v2_ri8_gated_v4_fold04_seed42_formal/tables/test_predictions.csv
results/experiments/polar_repr_v2_ri8_gated_v4_fold04_seed42_formal/tables/val_predictions.csv,COPIED,49026,07dd437ad117ef11337f6110c506592d943468670db620bf2a588919a185f52f,snapshot/results/experiments/polar_repr_v2_ri8_gated_v4_fold04_seed42_formal/tables/val_predictions.csv
results/experiments/polar_repr_v2_ri8_gated_v4_fold04_seed42_smoke/tables/test_predictions.csv,COPIED,3924,19d08e10cf44cb8aeeec61146b02f68f02c2c0f4674979ddfbf8b716f105c343,snapshot/results/experiments/polar_repr_v2_ri8_gated_v4_fold04_seed42_smoke/tables/test_predictions.csv
results/experiments/polar_repr_v2_ri8_gated_v4_fold04_seed42_smoke/tables/val_predictions.csv,COPIED,3943,fc524ef674659dd271e3c97e6d8566f8bf4c7faabe6178e528628913e03902b9,snapshot/results/experiments/polar_repr_v2_ri8_gated_v4_fold04_seed42_smoke/tables/val_predictions.csv
results/data_audit/polarimetric_channel_audit_v1/channel_audit_aggregate.csv,COPIED,11496,100c6024ac8927849090bd5f469815f5fa4aa3bacef7a13bbd19a13fa3c9003e,snapshot/results/data_audit/polarimetric_channel_audit_v1/channel_audit_aggregate.csv
results/data_audit/polarimetric_representation_benchmark_v1/representation_aggregate_formal.csv,COPIED,834,6c5c918b5343dd1fa2fdc40af0cca0e939a000634b108618e1c19f7e4f5fde8f,snapshot/results/data_audit/polarimetric_representation_benchmark_v1/representation_aggregate_formal.csv
results/data_audit/polarimetric_representation_benchmark_v1/representation_aggregate_smoke.csv,COPIED,500,3e2dae2da121e63a703691a77c2a0c22453664325653a36978ece1d75fb479c8,snapshot/results/data_audit/polarimetric_representation_benchmark_v1/representation_aggregate_smoke.csv
results/data_audit/polarimetric_representation_benchmark_v2/representation_aggregate_formal.csv,COPIED,850,7e61c28dbc77823ceba5cbcb1cd2037a53a502d41d48c822c65e14284a5d4768,snapshot/results/data_audit/polarimetric_representation_benchmark_v2/representation_aggregate_formal.csv
results/data_audit/polarimetric_representation_benchmark_v2/representation_aggregate_smoke.csv,COPIED,509,49b26a3861b3a45ff7a6c68ecd9976da2412f310b8a928a6a5a013ab86f81e27,snapshot/results/data_audit/polarimetric_representation_benchmark_v2/representation_aggregate_smoke.csv
results/data_audit/polarimetric_score_shift_audit_v1/score_shift_aggregate.csv,COPIED,585,fb1d4cb150a703ae02e4f5e86c6ac5d4116d3c75eae7f06793407a903f067eeb,snapshot/results/data_audit/polarimetric_score_shift_audit_v1/score_shift_aggregate.csv
results/data_audit/polarimetric_score_shift_audit_v1/threshold_transfer_and_low_fpr_metrics.csv,COPIED,2488,208f337ce9c2d118e663a875d31396ad481893507eaf99b57953e2428b103b3f,snapshot/results/data_audit/polarimetric_score_shift_audit_v1/threshold_transfer_and_low_fpr_metrics.csv
results/data_audit/polarimetric_twofold_diagnostics_final_analysis_v1/fixed_threshold_detail.csv,COPIED,2084,56b7cc94d56574d82bf8509d02b822d294da8c49b228bacf45d5c5b6287a2a6f,snapshot/results/data_audit/polarimetric_twofold_diagnostics_final_analysis_v1/fixed_threshold_detail.csv
results/data_audit/polarimetric_twofold_diagnostics_final_analysis_v1/fixed_threshold_macro.csv,COPIED,568,0a3a2ee783d31320d188ee98de452773184731f06c1eaacd299246f30d1baff7,snapshot/results/data_audit/polarimetric_twofold_diagnostics_final_analysis_v1/fixed_threshold_macro.csv
results/data_audit/polarimetric_twofold_diagnostics_final_analysis_v1/target_scan_group_metrics.csv,COPIED,5593,5986052bb556e1ea1e232c87d28f398e54ddd2391d127d86039c3ab2196a3cb1,snapshot/results/data_audit/polarimetric_twofold_diagnostics_final_analysis_v1/target_scan_group_metrics.csv
results/data_audit/polarimetric_twofold_diagnostics_final_analysis_v1/threshold_transfer_detail.csv,COPIED,2123,da7f9093121c9f66d63d3e46d6897397907f860c5cb65a4ab8d66aafbab8bdfa,snapshot/results/data_audit/polarimetric_twofold_diagnostics_final_analysis_v1/threshold_transfer_detail.csv
results/data_audit/polarimetric_twofold_diagnostics_final_analysis_v1/threshold_transfer_macro.csv,COPIED,409,ce9c902d3c90cd1bc270548b8f4c3b4c78308cabcd2ced5a927d2a169f9aa134,snapshot/results/data_audit/polarimetric_twofold_diagnostics_final_analysis_v1/threshold_transfer_macro.csv
results/data_audit/polarimetric_twofold_diagnostics_v1/collected_outputs/polar_repr_v2_polar6_gated_v4_fold01_seed42_formal/tables/training_history.csv,COPIED,11182,834c5b763c3082bfd746e5b142351efa5c7bbf0881170838dd7fb1c44920918b,snapshot/results/data_audit/polarimetric_twofold_diagnostics_v1/collected_outputs/polar_repr_v2_polar6_gated_v4_fold01_seed42_formal/tables/training_history.csv
results/data_audit/polarimetric_twofold_diagnostics_v1/collected_outputs/polar_repr_v2_polar6_gated_v4_fold01_seed42_formal/tables/val_threshold_curve.csv,COPIED,8153,68362e25f691252c087b884b550ac8f0b8a26a136ae46a7f8c7f985e705b2684,snapshot/results/data_audit/polarimetric_twofold_diagnostics_v1/collected_outputs/polar_repr_v2_polar6_gated_v4_fold01_seed42_formal/tables/val_threshold_curve.csv
results/data_audit/polarimetric_twofold_diagnostics_v1/collected_outputs/polar_repr_v2_polar6_gated_v4_fold04_seed42_formal/tables/training_history.csv,COPIED,7898,9c7b568f16b3dc49eac2164b41374d02f33c2c8ca8ec49d05884bd7f5637a33f,snapshot/results/data_audit/polarimetric_twofold_diagnostics_v1/collected_outputs/polar_repr_v2_polar6_gated_v4_fold04_seed42_formal/tables/training_history.csv
results/data_audit/polarimetric_twofold_diagnostics_v1/collected_outputs/polar_repr_v2_polar6_gated_v4_fold04_seed42_formal/tables/val_threshold_curve.csv,COPIED,8186,0a0c124f7178514fbbdc3cd17ee52ea690578e31e95bdd04e15b52a9ecb4f5fd,snapshot/results/data_audit/polarimetric_twofold_diagnostics_v1/collected_outputs/polar_repr_v2_polar6_gated_v4_fold04_seed42_formal/tables/val_threshold_curve.csv
results/data_audit/polarimetric_twofold_diagnostics_v1/collected_outputs/polar_repr_v2_power2_v4_fold01_seed42_formal/tables/training_history.csv,COPIED,9564,b9f494d9a645bcd358ba2a26416cdbc70de333854715e89befb1175111724db7,snapshot/results/data_audit/polarimetric_twofold_diagnostics_v1/collected_outputs/polar_repr_v2_power2_v4_fold01_seed42_formal/tables/training_history.csv
results/data_audit/polarimetric_twofold_diagnostics_v1/collected_outputs/polar_repr_v2_power2_v4_fold01_seed42_formal/tables/val_threshold_curve.csv,COPIED,7661,e0bb6338e4319e8a5cfbe414fa4950aff0290a661dfbe5294b9007aebaf3882d,snapshot/results/data_audit/polarimetric_twofold_diagnostics_v1/collected_outputs/polar_repr_v2_power2_v4_fold01_seed42_formal/tables/val_threshold_curve.csv
results/data_audit/polarimetric_twofold_diagnostics_v1/collected_outputs/polar_repr_v2_power2_v4_fold04_seed42_formal/tables/training_history.csv,COPIED,9709,dea92f906544e0af5ad84520f7dba6b24df6ec3a7d5d7f765fca5c642ff26f37,snapshot/results/data_audit/polarimetric_twofold_diagnostics_v1/collected_outputs/polar_repr_v2_power2_v4_fold04_seed42_formal/tables/training_history.csv
results/data_audit/polarimetric_twofold_diagnostics_v1/collected_outputs/polar_repr_v2_power2_v4_fold04_seed42_formal/tables/val_threshold_curve.csv,COPIED,7709,801af48fc9d95855658e9e74ea3e1a0312a3f5bb472710739c7db033a04d7908,snapshot/results/data_audit/polarimetric_twofold_diagnostics_v1/collected_outputs/polar_repr_v2_power2_v4_fold04_seed42_formal/tables/val_threshold_curve.csv
results/data_audit/polarimetric_twofold_diagnostics_v1/collected_outputs/polar_repr_v2_ri4_v4_fold01_seed42_formal/tables/training_history.csv,COPIED,10320,424ed6a2501127a3accb8feb29dd4b4e97cd975cf0820cd5f27878b0e444633a,snapshot/results/data_audit/polarimetric_twofold_diagnostics_v1/collected_outputs/polar_repr_v2_ri4_v4_fold01_seed42_formal/tables/training_history.csv
results/data_audit/polarimetric_twofold_diagnostics_v1/collected_outputs/polar_repr_v2_ri4_v4_fold01_seed42_formal/tables/val_threshold_curve.csv,COPIED,8607,25486e924c29685d3dd5ccaca70ed661a0f1c39cf614aaabd14657ea2cd792e3,snapshot/results/data_audit/polarimetric_twofold_diagnostics_v1/collected_outputs/polar_repr_v2_ri4_v4_fold01_seed42_formal/tables/val_threshold_curve.csv
results/data_audit/polarimetric_twofold_diagnostics_v1/collected_outputs/polar_repr_v2_ri4_v4_fold04_seed42_formal/tables/training_history.csv,COPIED,9147,337680d2cf0fe8d97c2877f5ac3b5444fcdc5f0b82aee7dba51e18a45a3adf80,snapshot/results/data_audit/polarimetric_twofold_diagnostics_v1/collected_outputs/polar_repr_v2_ri4_v4_fold04_seed42_formal/tables/training_history.csv
results/data_audit/polarimetric_twofold_diagnostics_v1/collected_outputs/polar_repr_v2_ri4_v4_fold04_seed42_formal/tables/val_threshold_curve.csv,COPIED,8406,a3adb7725d5fa700d4b71ae56a8fb70814b33300fd1ac4fb38c43a06ac01591d,snapshot/results/data_audit/polarimetric_twofold_diagnostics_v1/collected_outputs/polar_repr_v2_ri4_v4_fold04_seed42_formal/tables/val_threshold_curve.csv
results/data_audit/polarimetric_twofold_diagnostics_v1/collected_outputs/polar_repr_v2_ri8_gated_v4_fold01_seed42_formal/tables/training_history.csv,COPIED,6520,f0beabda56d25d11636bf43a014d38279558f737f94d41b62de2ba7b0969d982,snapshot/results/data_audit/polarimetric_twofold_diagnostics_v1/collected_outputs/polar_repr_v2_ri8_gated_v4_fold01_seed42_formal/tables/training_history.csv
results/data_audit/polarimetric_twofold_diagnostics_v1/collected_outputs/polar_repr_v2_ri8_gated_v4_fold01_seed42_formal/tables/val_threshold_curve.csv,COPIED,8310,ca806f5a386e91d4264ac6b33edeac5d4802b28b2085a8892144ccdddb7a70f5,snapshot/results/data_audit/polarimetric_twofold_diagnostics_v1/collected_outputs/polar_repr_v2_ri8_gated_v4_fold01_seed42_formal/tables/val_threshold_curve.csv
results/data_audit/polarimetric_twofold_diagnostics_v1/collected_outputs/polar_repr_v2_ri8_gated_v4_fold04_seed42_formal/tables/training_history.csv,COPIED,6323,face278367c053e353e80c7c3cf906de9a8baba976b24fc3a606fec20d3c5b44,snapshot/results/data_audit/polarimetric_twofold_diagnostics_v1/collected_outputs/polar_repr_v2_ri8_gated_v4_fold04_seed42_formal/tables/training_history.csv
results/data_audit/polarimetric_twofold_diagnostics_v1/collected_outputs/polar_repr_v2_ri8_gated_v4_fold04_seed42_formal/tables/val_threshold_curve.csv,COPIED,6141,ee5a13880c3622cd0cfd854340ac7ba69eb00b20337259061c4f6fe253c78b5e,snapshot/results/data_audit/polarimetric_twofold_diagnostics_v1/collected_outputs/polar_repr_v2_ri8_gated_v4_fold04_seed42_formal/tables/val_threshold_curve.csv
results/data_audit/polarimetric_twofold_diagnostics_v1/low_fpr_metrics.csv,COPIED,1654,37ddfc809809682cfcccfddbce2228a15cecd9fd509b7dd8b7217c2274370300,snapshot/results/data_audit/polarimetric_twofold_diagnostics_v1/low_fpr_metrics.csv
results/data_audit/polarimetric_twofold_diagnostics_v1/source_context/results/data_audit/polarimetric_representation_benchmark_v2/representation_aggregate_formal.csv,COPIED,850,7e61c28dbc77823ceba5cbcb1cd2037a53a502d41d48c822c65e14284a5d4768,snapshot/results/data_audit/polarimetric_twofold_diagnostics_v1/source_context/results/data_audit/polarimetric_representation_benchmark_v2/representation_aggregate_formal.csv
results/data_audit/polarimetric_twofold_diagnostics_v1/threshold_transfer_metrics.csv,COPIED,2167,2d04735be890628a7a25e0be06832c2dc68349a86a2f77caf566adc26daf4516,snapshot/results/data_audit/polarimetric_twofold_diagnostics_v1/threshold_transfer_metrics.csv
results/experiments/bc_dpg_fcn_v4_fold01_seed42/tables/fixed_threshold_test_predictions.csv,COPIED,82382,02ac945e8d64f84ba678ca5800cdb0085b83652df2bf81a291a61ad797bfb008,snapshot/results/experiments/bc_dpg_fcn_v4_fold01_seed42/tables/fixed_threshold_test_predictions.csv
results/experiments/bc_dpg_fcn_v4_fold01_seed42/tables/raw_fixed_threshold_test_predictions.csv,COPIED,82301,d9faf18670523b03c0b752fdf539f94897d15f7ba1e3036693f45e689befe014,snapshot/results/experiments/bc_dpg_fcn_v4_fold01_seed42/tables/raw_fixed_threshold_test_predictions.csv
results/experiments/bc_dpg_fcn_v4_fold01_seed42/tables/raw_val_threshold_curve.csv,COPIED,6763,45dcab486b1877f8ea39f087126eabc472eb5fb92b502c41e85a6ecd03825f6c,snapshot/results/experiments/bc_dpg_fcn_v4_fold01_seed42/tables/raw_val_threshold_curve.csv
results/experiments/bc_dpg_fcn_v4_fold01_seed42/tables/training_history.csv,COPIED,2128,fd89b4eab653e37dcdd314de7bfe99b8ccbbb70b9af3d1391a7eb4720ae1b7c5,snapshot/results/experiments/bc_dpg_fcn_v4_fold01_seed42/tables/training_history.csv
results/experiments/bc_dpg_fcn_v4_fold01_seed42/tables/val_threshold_curve.csv,COPIED,9337,1a593eee4b223c851c33de0b947a89f398d0537d48ff2e3985383d048aca360c,snapshot/results/experiments/bc_dpg_fcn_v4_fold01_seed42/tables/val_threshold_curve.csv
results/experiments/bc_dpg_fcn_v4_fold01_seed42_smoke/tables/fixed_threshold_test_predictions.csv,COPIED,6423,e1992696aec70b682444f7b451e33147cf0c005686985617cad0a7249f90b990,snapshot/results/experiments/bc_dpg_fcn_v4_fold01_seed42_smoke/tables/fixed_threshold_test_predictions.csv
results/experiments/bc_dpg_fcn_v4_fold01_seed42_smoke/tables/raw_fixed_threshold_test_predictions.csv,COPIED,6329,7a6caf40733658cbd29e93590a647a330ac2d05c8a172ac30d6eca3c711fea27,snapshot/results/experiments/bc_dpg_fcn_v4_fold01_seed42_smoke/tables/raw_fixed_threshold_test_predictions.csv
results/experiments/bc_dpg_fcn_v4_fold01_seed42_smoke/tables/raw_val_threshold_curve.csv,COPIED,340,aeb19c6a540ea4fe80becce840dfa2075d73d36b2e88432c6d24090594757a2c,snapshot/results/experiments/bc_dpg_fcn_v4_fold01_seed42_smoke/tables/raw_val_threshold_curve.csv
results/experiments/bc_dpg_fcn_v4_fold01_seed42_smoke/tables/training_history.csv,COPIED,1012,14a93b37b913b7a2b129fd3830ad7ad46a266f7161cc5ffa94ac1f095ede5d77,snapshot/results/experiments/bc_dpg_fcn_v4_fold01_seed42_smoke/tables/training_history.csv
results/experiments/bc_dpg_fcn_v4_fold01_seed42_smoke/tables/val_threshold_curve.csv,COPIED,373,904c4afb02b21525e6e74c3220b845addd7838fea72a11f3ca2dc385cbe72d92,snapshot/results/experiments/bc_dpg_fcn_v4_fold01_seed42_smoke/tables/val_threshold_curve.csv
results/experiments/bc_dpg_v2_tail_v4_fold01_seed42/tables/base_threshold_test_predictions.csv,COPIED,62691,41a4662c6217c298d257111bda9daa70e3966d7dbd889bb2425687363f6cb25b,snapshot/results/experiments/bc_dpg_v2_tail_v4_fold01_seed42/tables/base_threshold_test_predictions.csv
results/experiments/bc_dpg_v2_tail_v4_fold01_seed42/tables/base_threshold_val_predictions.csv,COPIED,62894,b19d6d2f1a2dea6fcc32297e81b993871d9d5c4dd023d76be34734c2fdf37bcb,snapshot/results/experiments/bc_dpg_v2_tail_v4_fold01_seed42/tables/base_threshold_val_predictions.csv
results/experiments/bc_dpg_v2_tail_v4_fold01_seed42/tables/raw_base_threshold_test_predictions.csv,COPIED,62545,b2f549f477b2b2fbd0e4728ac10f3a5568cda13f68be50061bd7143c27b0c829,snapshot/results/experiments/bc_dpg_v2_tail_v4_fold01_seed42/tables/raw_base_threshold_test_predictions.csv
results/experiments/bc_dpg_v2_tail_v4_fold01_seed42/tables/raw_val_threshold_curve.csv,COPIED,6763,45dcab486b1877f8ea39f087126eabc472eb5fb92b502c41e85a6ecd03825f6c,snapshot/results/experiments/bc_dpg_v2_tail_v4_fold01_seed42/tables/raw_val_threshold_curve.csv
results/experiments/bc_dpg_v2_tail_v4_fold01_seed42/tables/training_history.csv,COPIED,4582,815f1f7c0c5ac779341d6c63571ddf5fe6ac63d93d2668a606899344a0368451,snapshot/results/experiments/bc_dpg_v2_tail_v4_fold01_seed42/tables/training_history.csv
results/experiments/bc_dpg_v2_tail_v4_fold01_seed42/tables/val_threshold_curve.csv,COPIED,9257,1057f0ff92f0f9ae27563c1b9ed98d8559230ff2badd04339b34fbd5ceab44de,snapshot/results/experiments/bc_dpg_v2_tail_v4_fold01_seed42/tables/val_threshold_curve.csv
results/experiments/bc_dpg_v2_tail_v4_fold01_seed42_smoke/tables/base_threshold_test_predictions.csv,COPIED,5160,87c0d320751d6ccc727738f2c56bbb102a77a27607f4f4adc5fdb38ac43b627d,snapshot/results/experiments/bc_dpg_v2_tail_v4_fold01_seed42_smoke/tables/base_threshold_test_predictions.csv
results/experiments/bc_dpg_v2_tail_v4_fold01_seed42_smoke/tables/base_threshold_val_predictions.csv,COPIED,5161,0299bac7a95ccead6d14bd5d586c0b266c40ae6a383c699f8a73e020a6a80131,snapshot/results/experiments/bc_dpg_v2_tail_v4_fold01_seed42_smoke/tables/base_threshold_val_predictions.csv
results/experiments/bc_dpg_v2_tail_v4_fold01_seed42_smoke/tables/raw_base_threshold_test_predictions.csv,COPIED,5161,9c63b41420fe9689fcc116fd3f6bd6916224ff14f7d3da69f30c4d6a82b3c349,snapshot/results/experiments/bc_dpg_v2_tail_v4_fold01_seed42_smoke/tables/raw_base_threshold_test_predictions.csv
results/experiments/bc_dpg_v2_tail_v4_fold01_seed42_smoke/tables/raw_val_threshold_curve.csv,COPIED,372,5e08f2a73dbc65362934855bbb5972fef545c18948873bee4d3a772038016ce1,snapshot/results/experiments/bc_dpg_v2_tail_v4_fold01_seed42_smoke/tables/raw_val_threshold_curve.csv
results/experiments/bc_dpg_v2_tail_v4_fold01_seed42_smoke/tables/training_history.csv,COPIED,1094,bdfe4c2b8963733ca0d0e87a4256b8fac5a71543604d1a03c28c5a831bd80991,snapshot/results/experiments/bc_dpg_v2_tail_v4_fold01_seed42_smoke/tables/training_history.csv
results/experiments/bc_dpg_v2_tail_v4_fold01_seed42_smoke/tables/val_threshold_curve.csv,COPIED,373,0b2670a418c35cf55d2af020e72bcf51b87b8456b15bb25a094863c33bfde04c,snapshot/results/experiments/bc_dpg_v2_tail_v4_fold01_seed42_smoke/tables/val_threshold_curve.csv
results/experiments/bc_dpg_v2_tail_v4_fold04_seed42/tables/base_threshold_test_predictions.csv,COPIED,62483,6ef267f32cd94b0310d8cf64d5245da3d315c98070eb5eff2203e7b21e73d721,snapshot/results/experiments/bc_dpg_v2_tail_v4_fold04_seed42/tables/base_threshold_test_predictions.csv
results/experiments/bc_dpg_v2_tail_v4_fold04_seed42/tables/base_threshold_val_predictions.csv,COPIED,65083,8f4044395d4ff88f529eed75d1a50b19fc607b4fb5fd532a1401aeeeefbc5dde,snapshot/results/experiments/bc_dpg_v2_tail_v4_fold04_seed42/tables/base_threshold_val_predictions.csv
results/experiments/bc_dpg_v2_tail_v4_fold04_seed42/tables/raw_base_threshold_test_predictions.csv,COPIED,62275,f65a34ba0a92972c5e3b9c688081f3015c910296880f9cd58f1f361c5cbc1565,snapshot/results/experiments/bc_dpg_v2_tail_v4_fold04_seed42/tables/raw_base_threshold_test_predictions.csv
results/experiments/bc_dpg_v2_tail_v4_fold04_seed42/tables/raw_val_threshold_curve.csv,COPIED,7466,fb7ae6621a996a1b97c1b13d57c6eefc90fa4040d951b02b511d2cf6479a90b5,snapshot/results/experiments/bc_dpg_v2_tail_v4_fold04_seed42/tables/raw_val_threshold_curve.csv
results/experiments/bc_dpg_v2_tail_v4_fold04_seed42/tables/training_history.csv,COPIED,7841,a4e6cfc68c0adc20cde90b52e43a3e738c835fc6365a620e0cfc98ab253447a8,snapshot/results/experiments/bc_dpg_v2_tail_v4_fold04_seed42/tables/training_history.csv
results/experiments/bc_dpg_v2_tail_v4_fold04_seed42/tables/val_threshold_curve.csv,COPIED,9321,2c0525f71a90e2095ea72afa8dd947f8eb5afebc0f1a6abcce3ff0178890bc3d,snapshot/results/experiments/bc_dpg_v2_tail_v4_fold04_seed42/tables/val_threshold_curve.csv
results/experiments/bc_dpg_v31_shiftreg_0_v4_fold01_seed42/tables/base_threshold_test_predictions.csv,COPIED,82622,e6125e688b3cec386852085854e8d1e6911fce9f83d7d8f6239d5c1e66e177aa,snapshot/results/experiments/bc_dpg_v31_shiftreg_0_v4_fold01_seed42/tables/base_threshold_test_predictions.csv
results/experiments/bc_dpg_v31_shiftreg_0_v4_fold01_seed42/tables/base_threshold_val_predictions.csv,COPIED,82311,7f9613d39eb16c167ad54b8489a8b3cf4f6b39c1f27b435807e11701adb7fba2,snapshot/results/experiments/bc_dpg_v31_shiftreg_0_v4_fold01_seed42/tables/base_threshold_val_predictions.csv
results/experiments/bc_dpg_v31_shiftreg_0_v4_fold01_seed42/tables/raw_base_threshold_test_predictions.csv,COPIED,82382,274d795fe73057bc9c31cfe5935f309d1630464c814434d5f6aa012f8685beb6,snapshot/results/experiments/bc_dpg_v31_shiftreg_0_v4_fold01_seed42/tables/raw_base_threshold_test_predictions.csv
results/experiments/bc_dpg_v31_shiftreg_0_v4_fold01_seed42/tables/raw_val_threshold_curve.csv,COPIED,6763,45dcab486b1877f8ea39f087126eabc472eb5fb92b502c41e85a6ecd03825f6c,snapshot/results/experiments/bc_dpg_v31_shiftreg_0_v4_fold01_seed42/tables/raw_val_threshold_curve.csv
results/experiments/bc_dpg_v31_shiftreg_0_v4_fold01_seed42/tables/training_history.csv,COPIED,16231,fba9b7fe6ca5b45df6c74f388713848c6e0f9fd4f8c29b50ad3a81af87be1b8e,snapshot/results/experiments/bc_dpg_v31_shiftreg_0_v4_fold01_seed42/tables/training_history.csv
results/experiments/bc_dpg_v31_shiftreg_0_v4_fold01_seed42/tables/val_threshold_curve.csv,COPIED,9345,b19e705d8e387b14504419b3ef3c94cdf79be14c81db3e990b1ac8646b8c8762,snapshot/results/experiments/bc_dpg_v31_shiftreg_0_v4_fold01_seed42/tables/val_threshold_curve.csv
results/experiments/bc_dpg_v31_shiftreg_0_v4_fold01_seed42_smoke/tables/base_threshold_test_predictions.csv,COPIED,10026,2989f7dc9fefd73b0dff0a624005369f1f41da7702406ca0409dcfb910aa33c0,snapshot/results/experiments/bc_dpg_v31_shiftreg_0_v4_fold01_seed42_smoke/tables/base_threshold_test_predictions.csv
results/experiments/bc_dpg_v31_shiftreg_0_v4_fold01_seed42_smoke/tables/base_threshold_val_predictions.csv,COPIED,9991,030e33ad10234e243aef1409d6339a364fdec51f06feb018046805884e5339c7,snapshot/results/experiments/bc_dpg_v31_shiftreg_0_v4_fold01_seed42_smoke/tables/base_threshold_val_predictions.csv
results/experiments/bc_dpg_v31_shiftreg_0_v4_fold01_seed42_smoke/tables/raw_base_threshold_test_predictions.csv,COPIED,10024,0520741b30b249d5f677851cbab2fc66c629a3924d44dab76100171083e761b9,snapshot/results/experiments/bc_dpg_v31_shiftreg_0_v4_fold01_seed42_smoke/tables/raw_base_threshold_test_predictions.csv
results/experiments/bc_dpg_v31_shiftreg_0_v4_fold01_seed42_smoke/tables/raw_val_threshold_curve.csv,COPIED,623,ec6bc54bc94a3304c726a2f1996067677df34a54659c5a130eeab4f88e616fcf,snapshot/results/experiments/bc_dpg_v31_shiftreg_0_v4_fold01_seed42_smoke/tables/raw_val_threshold_curve.csv
results/experiments/bc_dpg_v31_shiftreg_0_v4_fold01_seed42_smoke/tables/training_history.csv,COPIED,2498,b3f09519b94f28ed33da88a359a3cce37fab1dbff3ceb4b6909af35b704a8a34,snapshot/results/experiments/bc_dpg_v31_shiftreg_0_v4_fold01_seed42_smoke/tables/training_history.csv
results/experiments/bc_dpg_v31_shiftreg_0_v4_fold01_seed42_smoke/tables/val_threshold_curve.csv,COPIED,625,eca8d90e298176a93802a3c37620e2170cbf8e22e64fcf4132793dd5917bb39a,snapshot/results/experiments/bc_dpg_v31_shiftreg_0_v4_fold01_seed42_smoke/tables/val_threshold_curve.csv
results/experiments/bc_dpg_v31_shiftreg_0_v4_fold04_seed42/tables/base_threshold_test_predictions.csv,COPIED,82260,4548c96579e7d44cc24fb795cf88f1b176b83965712633426c65039b20568c2b,snapshot/results/experiments/bc_dpg_v31_shiftreg_0_v4_fold04_seed42/tables/base_threshold_test_predictions.csv
results/experiments/bc_dpg_v31_shiftreg_0_v4_fold04_seed42/tables/base_threshold_val_predictions.csv,COPIED,85136,10e19bc268bfa55820fdfcec5bf05127a672dbf25180e2e3158f3322aaed21d8,snapshot/results/experiments/bc_dpg_v31_shiftreg_0_v4_fold04_seed42/tables/base_threshold_val_predictions.csv
results/experiments/bc_dpg_v31_shiftreg_0_v4_fold04_seed42/tables/raw_base_threshold_test_predictions.csv,COPIED,81976,fc1f7dea742a2e2491b68a0d110e255e53a7f1616038e66fa2a7866b68ed5a2d,snapshot/results/experiments/bc_dpg_v31_shiftreg_0_v4_fold04_seed42/tables/raw_base_threshold_test_predictions.csv
results/experiments/bc_dpg_v31_shiftreg_0_v4_fold04_seed42/tables/raw_val_threshold_curve.csv,COPIED,7466,fb7ae6621a996a1b97c1b13d57c6eefc90fa4040d951b02b511d2cf6479a90b5,snapshot/results/experiments/bc_dpg_v31_shiftreg_0_v4_fold04_seed42/tables/raw_val_threshold_curve.csv
results/experiments/bc_dpg_v31_shiftreg_0_v4_fold04_seed42/tables/training_history.csv,COPIED,16835,76c3a374f3b7b0d219942142cdf6acca68a50fdeaf7d21aba393bd421da914fd,snapshot/results/experiments/bc_dpg_v31_shiftreg_0_v4_fold04_seed42/tables/training_history.csv
results/experiments/bc_dpg_v31_shiftreg_0_v4_fold04_seed42/tables/val_threshold_curve.csv,COPIED,9361,9479166f6b6d2c48b8c2135f3f4491c4d8ed486d2bc662a2c5b72130cb386f47,snapshot/results/experiments/bc_dpg_v31_shiftreg_0_v4_fold04_seed42/tables/val_threshold_curve.csv
results/experiments/bc_dpg_v31_shiftreg_0_v4_fold04_seed42_smoke/tables/base_threshold_test_predictions.csv,COPIED,10029,4a4d1e475d0c3a18d44c8238221adfa230a6109dae20af676738a1a4a48d2889,snapshot/results/experiments/bc_dpg_v31_shiftreg_0_v4_fold04_seed42_smoke/tables/base_threshold_test_predictions.csv
results/experiments/bc_dpg_v31_shiftreg_0_v4_fold04_seed42_smoke/tables/base_threshold_val_predictions.csv,COPIED,9977,ec126b0f2f8e6922d895996d6ad5314a655a9d580c0dfb1818ae2f97482792e4,snapshot/results/experiments/bc_dpg_v31_shiftreg_0_v4_fold04_seed42_smoke/tables/base_threshold_val_predictions.csv
results/experiments/bc_dpg_v31_shiftreg_0_v4_fold04_seed42_smoke/tables/raw_base_threshold_test_predictions.csv,COPIED,10027,3f3425796ce37fc151ee0302c8f3cac3513e96c68ac5f9c217f055cb25c0e76d,snapshot/results/experiments/bc_dpg_v31_shiftreg_0_v4_fold04_seed42_smoke/tables/raw_base_threshold_test_predictions.csv
results/experiments/bc_dpg_v31_shiftreg_0_v4_fold04_seed42_smoke/tables/raw_val_threshold_curve.csv,COPIED,817,fc8397ebd9bb18bbc6cf9f8ae88a5c3a41d820cc441dc52c48098b809d7e6e29,snapshot/results/experiments/bc_dpg_v31_shiftreg_0_v4_fold04_seed42_smoke/tables/raw_val_threshold_curve.csv
results/experiments/bc_dpg_v31_shiftreg_0_v4_fold04_seed42_smoke/tables/training_history.csv,COPIED,2732,8191bbc6701bac566356c31aa6f94277109c416d5a0453d0ae5a7fd3c1ec9a5a,snapshot/results/experiments/bc_dpg_v31_shiftreg_0_v4_fold04_seed42_smoke/tables/training_history.csv
results/experiments/bc_dpg_v31_shiftreg_0_v4_fold04_seed42_smoke/tables/val_threshold_curve.csv,COPIED,817,68721135339258535be8c385554c81302bca0061948a5603d68582899a1b35b0,snapshot/results/experiments/bc_dpg_v31_shiftreg_0_v4_fold04_seed42_smoke/tables/val_threshold_curve.csv
results/experiments/bc_dpg_v31_shiftreg_0p001_v4_fold01_seed42/tables/base_threshold_test_predictions.csv,COPIED,82612,3c53a5ea00d125410e9c0ca22d3680d46ced10d00bc6d58979799f947eb8f4d0,snapshot/results/experiments/bc_dpg_v31_shiftreg_0p001_v4_fold01_seed42/tables/base_threshold_test_predictions.csv
results/experiments/bc_dpg_v31_shiftreg_0p001_v4_fold01_seed42/tables/base_threshold_val_predictions.csv,COPIED,82340,76ec33ad72a959c0ee30e512433ce5fd8ceffe6381af9191fc43f9f00fd8ba4d,snapshot/results/experiments/bc_dpg_v31_shiftreg_0p001_v4_fold01_seed42/tables/base_threshold_val_predictions.csv
results/experiments/bc_dpg_v31_shiftreg_0p001_v4_fold01_seed42/tables/raw_base_threshold_test_predictions.csv,COPIED,82382,22aba1f46488cb93f394b16e6eccec0fdebc860fda063729f90c81aa5882e4e7,snapshot/results/experiments/bc_dpg_v31_shiftreg_0p001_v4_fold01_seed42/tables/raw_base_threshold_test_predictions.csv
results/experiments/bc_dpg_v31_shiftreg_0p001_v4_fold01_seed42/tables/raw_val_threshold_curve.csv,COPIED,6763,45dcab486b1877f8ea39f087126eabc472eb5fb92b502c41e85a6ecd03825f6c,snapshot/results/experiments/bc_dpg_v31_shiftreg_0p001_v4_fold01_seed42/tables/raw_val_threshold_curve.csv
results/experiments/bc_dpg_v31_shiftreg_0p001_v4_fold01_seed42/tables/training_history.csv,COPIED,16200,2d11c0259aa8fd569a5125b91d612a2825e395944e90ff132981edff1602466d,snapshot/results/experiments/bc_dpg_v31_shiftreg_0p001_v4_fold01_seed42/tables/training_history.csv
results/experiments/bc_dpg_v31_shiftreg_0p001_v4_fold01_seed42/tables/val_threshold_curve.csv,COPIED,9339,1602631f31e1e6d8f42cd2479f7768aa8d70180065f7916a98bd448f91e2a522,snapshot/results/experiments/bc_dpg_v31_shiftreg_0p001_v4_fold01_seed42/tables/val_threshold_curve.csv
results/experiments/bc_dpg_v31_shiftreg_0p001_v4_fold01_seed42_smoke/tables/base_threshold_test_predictions.csv,COPIED,10038,5e91353fcf129702fcf2b3f23552998471ad103d1668d5a96de8e97681bf04f5,snapshot/results/experiments/bc_dpg_v31_shiftreg_0p001_v4_fold01_seed42_smoke/tables/base_threshold_test_predictions.csv
results/experiments/bc_dpg_v31_shiftreg_0p001_v4_fold01_seed42_smoke/tables/base_threshold_val_predictions.csv,COPIED,9981,4a3222677afdddaa092842d359cbf9a0c716bb4487e06b1a92708eceed589ea8,snapshot/results/experiments/bc_dpg_v31_shiftreg_0p001_v4_fold01_seed42_smoke/tables/base_threshold_val_predictions.csv
results/experiments/bc_dpg_v31_shiftreg_0p001_v4_fold01_seed42_smoke/tables/raw_base_threshold_test_predictions.csv,COPIED,10034,c691232761497f5660743c9c871101c5b41b0dabd280ffcbdb62097f0d49daa4,snapshot/results/experiments/bc_dpg_v31_shiftreg_0p001_v4_fold01_seed42_smoke/tables/raw_base_threshold_test_predictions.csv
results/experiments/bc_dpg_v31_shiftreg_0p001_v4_fold01_seed42_smoke/tables/raw_val_threshold_curve.csv,COPIED,623,ec6bc54bc94a3304c726a2f1996067677df34a54659c5a130eeab4f88e616fcf,snapshot/results/experiments/bc_dpg_v31_shiftreg_0p001_v4_fold01_seed42_smoke/tables/raw_val_threshold_curve.csv
results/experiments/bc_dpg_v31_shiftreg_0p001_v4_fold01_seed42_smoke/tables/training_history.csv,COPIED,2489,9e9cf0b5a6705356fd3eb48e98183f2e1224cf596a1b5ec6c1d7604dde36b4b9,snapshot/results/experiments/bc_dpg_v31_shiftreg_0p001_v4_fold01_seed42_smoke/tables/training_history.csv
results/experiments/bc_dpg_v31_shiftreg_0p001_v4_fold01_seed42_smoke/tables/val_threshold_curve.csv,COPIED,623,cd9799c54eeb9e51990ae809d458f1db0cf98b408cf970fd5d8d3b0c2c060a20,snapshot/results/experiments/bc_dpg_v31_shiftreg_0p001_v4_fold01_seed42_smoke/tables/val_threshold_curve.csv
results/experiments/bc_dpg_v31_shiftreg_0p001_v4_fold04_seed42/tables/base_threshold_test_predictions.csv,COPIED,82290,4fe53056bed6e8c5c2589b3489ce884a88e832a13550b9787fb464f860d6b915,snapshot/results/experiments/bc_dpg_v31_shiftreg_0p001_v4_fold04_seed42/tables/base_threshold_test_predictions.csv
results/experiments/bc_dpg_v31_shiftreg_0p001_v4_fold04_seed42/tables/base_threshold_val_predictions.csv,COPIED,85128,f8e39cc6febd30b1beb8f6ca1a4c85fbd593063205062c236d836852d35081ad,snapshot/results/experiments/bc_dpg_v31_shiftreg_0p001_v4_fold04_seed42/tables/base_threshold_val_predictions.csv
results/experiments/bc_dpg_v31_shiftreg_0p001_v4_fold04_seed42/tables/raw_base_threshold_test_predictions.csv,COPIED,82007,2337fe7adea87496f0ef709fbf25db461a8dd2e1b2f8c3c1b8ca9076c470e3ce,snapshot/results/experiments/bc_dpg_v31_shiftreg_0p001_v4_fold04_seed42/tables/raw_base_threshold_test_predictions.csv
results/experiments/bc_dpg_v31_shiftreg_0p001_v4_fold04_seed42/tables/raw_val_threshold_curve.csv,COPIED,7466,fb7ae6621a996a1b97c1b13d57c6eefc90fa4040d951b02b511d2cf6479a90b5,snapshot/results/experiments/bc_dpg_v31_shiftreg_0p001_v4_fold04_seed42/tables/raw_val_threshold_curve.csv
results/experiments/bc_dpg_v31_shiftreg_0p001_v4_fold04_seed42/tables/training_history.csv,COPIED,16809,62eabab2040f62384930d7c2a1d9f93aff778f0af356c49235e3f44bb8c8d67c,snapshot/results/experiments/bc_dpg_v31_shiftreg_0p001_v4_fold04_seed42/tables/training_history.csv
results/experiments/bc_dpg_v31_shiftreg_0p001_v4_fold04_seed42/tables/val_threshold_curve.csv,COPIED,9343,6bcf4cd99c67f50aea33ae62b7a75f8db4c65c47e1232666807cb7b8c3d5480a,snapshot/results/experiments/bc_dpg_v31_shiftreg_0p001_v4_fold04_seed42/tables/val_threshold_curve.csv
results/experiments/bc_dpg_v31_shiftreg_0p001_v4_fold04_seed42_smoke/tables/base_threshold_test_predictions.csv,COPIED,10027,56361ac416093a0ddd6cec0093797f48c69aba891b68b007307ccd5bf2e7b3c6,snapshot/results/experiments/bc_dpg_v31_shiftreg_0p001_v4_fold04_seed42_smoke/tables/base_threshold_test_predictions.csv
results/experiments/bc_dpg_v31_shiftreg_0p001_v4_fold04_seed42_smoke/tables/base_threshold_val_predictions.csv,COPIED,9976,dab3cd0708f13a2087b8883391699826b218cbcb51bfba8129d5a15f9fc04337,snapshot/results/experiments/bc_dpg_v31_shiftreg_0p001_v4_fold04_seed42_smoke/tables/base_threshold_val_predictions.csv
results/experiments/bc_dpg_v31_shiftreg_0p001_v4_fold04_seed42_smoke/tables/raw_base_threshold_test_predictions.csv,COPIED,10025,9abafb83bc56a711c82bd36138e8b117c911edd5ea5566a2c2d361fbda8b6de4,snapshot/results/experiments/bc_dpg_v31_shiftreg_0p001_v4_fold04_seed42_smoke/tables/raw_base_threshold_test_predictions.csv
results/experiments/bc_dpg_v31_shiftreg_0p001_v4_fold04_seed42_smoke/tables/raw_val_threshold_curve.csv,COPIED,817,fc8397ebd9bb18bbc6cf9f8ae88a5c3a41d820cc441dc52c48098b809d7e6e29,snapshot/results/experiments/bc_dpg_v31_shiftreg_0p001_v4_fold04_seed42_smoke/tables/raw_val_threshold_curve.csv
results/experiments/bc_dpg_v31_shiftreg_0p001_v4_fold04_seed42_smoke/tables/training_history.csv,COPIED,2729,7d7824054762394c2d1fecef24c3cc248f5d37cabb58d36f51ea51508d4c40bc,snapshot/results/experiments/bc_dpg_v31_shiftreg_0p001_v4_fold04_seed42_smoke/tables/training_history.csv
results/experiments/bc_dpg_v31_shiftreg_0p001_v4_fold04_seed42_smoke/tables/val_threshold_curve.csv,COPIED,817,68721135339258535be8c385554c81302bca0061948a5603d68582899a1b35b0,snapshot/results/experiments/bc_dpg_v31_shiftreg_0p001_v4_fold04_seed42_smoke/tables/val_threshold_curve.csv
results/experiments/bc_dpg_v31_shiftreg_0p0025_v4_fold01_seed42/tables/base_threshold_test_predictions.csv,COPIED,82745,c5e4cbe669cef018cbec6790639030c936bfbe46425a38e0aa1d1e102fb0e425,snapshot/results/experiments/bc_dpg_v31_shiftreg_0p0025_v4_fold01_seed42/tables/base_threshold_test_predictions.csv
results/experiments/bc_dpg_v31_shiftreg_0p0025_v4_fold01_seed42/tables/base_threshold_val_predictions.csv,COPIED,82548,72ab8213bcf9f2ee95da9c19f894c2c2c5b91bf40b7b5e1c3d78ca275a4f7bcc,snapshot/results/experiments/bc_dpg_v31_shiftreg_0p0025_v4_fold01_seed42/tables/base_threshold_val_predictions.csv
results/experiments/bc_dpg_v31_shiftreg_0p0025_v4_fold01_seed42/tables/raw_base_threshold_test_predictions.csv,COPIED,82557,c19674b7a607d7190222d2123e9fe6c9efdf51926b5a0df61a65c65c1bccf9da,snapshot/results/experiments/bc_dpg_v31_shiftreg_0p0025_v4_fold01_seed42/tables/raw_base_threshold_test_predictions.csv
results/experiments/bc_dpg_v31_shiftreg_0p0025_v4_fold01_seed42/tables/raw_val_threshold_curve.csv,COPIED,6763,45dcab486b1877f8ea39f087126eabc472eb5fb92b502c41e85a6ecd03825f6c,snapshot/results/experiments/bc_dpg_v31_shiftreg_0p0025_v4_fold01_seed42/tables/raw_val_threshold_curve.csv
results/experiments/bc_dpg_v31_shiftreg_0p0025_v4_fold01_seed42/tables/training_history.csv,COPIED,16218,d2dbd11fdb760158242c3586d00e228545762253aec03b7b9ae7a67875025767,snapshot/results/experiments/bc_dpg_v31_shiftreg_0p0025_v4_fold01_seed42/tables/training_history.csv
results/experiments/bc_dpg_v31_shiftreg_0p0025_v4_fold01_seed42/tables/val_threshold_curve.csv,COPIED,9246,4c5ab90fa4d12630b3094358284615d5d9a8a922dbf8590f39924eb459aa6002,snapshot/results/experiments/bc_dpg_v31_shiftreg_0p0025_v4_fold01_seed42/tables/val_threshold_curve.csv
results/experiments/bc_dpg_v31_shiftreg_0p0025_v4_fold01_seed42_smoke/tables/base_threshold_test_predictions.csv,COPIED,10026,fb96cad4d3d43aa6486d71bceb626c2780a3219c34a81cf5a8795e18e7ff15f9,snapshot/results/experiments/bc_dpg_v31_shiftreg_0p0025_v4_fold01_seed42_smoke/tables/base_threshold_test_predictions.csv
results/experiments/bc_dpg_v31_shiftreg_0p0025_v4_fold01_seed42_smoke/tables/base_threshold_val_predictions.csv,COPIED,9985,61e25c0dca15fa238b7fff1f82811cf6a187816406be3320d318404ab0d9083d,snapshot/results/experiments/bc_dpg_v31_shiftreg_0p0025_v4_fold01_seed42_smoke/tables/base_threshold_val_predictions.csv
results/experiments/bc_dpg_v31_shiftreg_0p0025_v4_fold01_seed42_smoke/tables/raw_base_threshold_test_predictions.csv,COPIED,10026,395f43523240781f3297bc25d13d531c6cc3df54cd1755053651c605da593cc3,snapshot/results/experiments/bc_dpg_v31_shiftreg_0p0025_v4_fold01_seed42_smoke/tables/raw_base_threshold_test_predictions.csv
results/experiments/bc_dpg_v31_shiftreg_0p0025_v4_fold01_seed42_smoke/tables/raw_val_threshold_curve.csv,COPIED,623,ec6bc54bc94a3304c726a2f1996067677df34a54659c5a130eeab4f88e616fcf,snapshot/results/experiments/bc_dpg_v31_shiftreg_0p0025_v4_fold01_seed42_smoke/tables/raw_val_threshold_curve.csv
results/experiments/bc_dpg_v31_shiftreg_0p0025_v4_fold01_seed42_smoke/tables/training_history.csv,COPIED,2497,4c9dec9a3c64725a8950865d0d8224b0ee60b5360f1f489aa954e07610b4e6db,snapshot/results/experiments/bc_dpg_v31_shiftreg_0p0025_v4_fold01_seed42_smoke/tables/training_history.csv
results/experiments/bc_dpg_v31_shiftreg_0p0025_v4_fold01_seed42_smoke/tables/val_threshold_curve.csv,COPIED,621,59bb6c03d48192f2ad55205c8a4bad15c9ab7a2b1203eec8db89c87b8fdd3cc1,snapshot/results/experiments/bc_dpg_v31_shiftreg_0p0025_v4_fold01_seed42_smoke/tables/val_threshold_curve.csv
results/experiments/bc_dpg_v31_shiftreg_0p0025_v4_fold04_seed42/tables/base_threshold_test_predictions.csv,COPIED,82333,9ecf47c6ef4a0832d249bd453c08fc1e89fbec0ff362251b7b0eb6e91fbb8e67,snapshot/results/experiments/bc_dpg_v31_shiftreg_0p0025_v4_fold04_seed42/tables/base_threshold_test_predictions.csv
results/experiments/bc_dpg_v31_shiftreg_0p0025_v4_fold04_seed42/tables/base_threshold_val_predictions.csv,COPIED,85298,c7c71a6087418b14e77ed6fac92dbadbfe5b849b83d9c13dccf6115bd21a4fac,snapshot/results/experiments/bc_dpg_v31_shiftreg_0p0025_v4_fold04_seed42/tables/base_threshold_val_predictions.csv
results/experiments/bc_dpg_v31_shiftreg_0p0025_v4_fold04_seed42/tables/raw_base_threshold_test_predictions.csv,COPIED,82105,392e016d5c9d2070cc1fc865d2ec02a28ebc9e6e6cbbaa7abf3641bc9a782de7,snapshot/results/experiments/bc_dpg_v31_shiftreg_0p0025_v4_fold04_seed42/tables/raw_base_threshold_test_predictions.csv
results/experiments/bc_dpg_v31_shiftreg_0p0025_v4_fold04_seed42/tables/raw_val_threshold_curve.csv,COPIED,7466,fb7ae6621a996a1b97c1b13d57c6eefc90fa4040d951b02b511d2cf6479a90b5,snapshot/results/experiments/bc_dpg_v31_shiftreg_0p0025_v4_fold04_seed42/tables/raw_val_threshold_curve.csv
results/experiments/bc_dpg_v31_shiftreg_0p0025_v4_fold04_seed42/tables/training_history.csv,COPIED,16832,b8871ec6a0fc96beb5d60f5956ea5e891ab5db64314ef99bdbcf7a77ed8fecdf,snapshot/results/experiments/bc_dpg_v31_shiftreg_0p0025_v4_fold04_seed42/tables/training_history.csv
results/experiments/bc_dpg_v31_shiftreg_0p0025_v4_fold04_seed42/tables/val_threshold_curve.csv,COPIED,9254,49b08aaead6d833294deb605f74189de6cfd68e799a77bb2f59f1b2ec50c9174,snapshot/results/experiments/bc_dpg_v31_shiftreg_0p0025_v4_fold04_seed42/tables/val_threshold_curve.csv
results/experiments/bc_dpg_v31_shiftreg_0p0025_v4_fold04_seed42_smoke/tables/base_threshold_test_predictions.csv,COPIED,10029,047c13eca4808fa3764ae0ab7edc33d1357bdf7121551b922bf2053f1001508e,snapshot/results/experiments/bc_dpg_v31_shiftreg_0p0025_v4_fold04_seed42_smoke/tables/base_threshold_test_predictions.csv
results/experiments/bc_dpg_v31_shiftreg_0p0025_v4_fold04_seed42_smoke/tables/base_threshold_val_predictions.csv,COPIED,9975,535affe25df9ef4740edc39b7e6e8f3139e77308f5bb4ac3213daafbb6eeae5a,snapshot/results/experiments/bc_dpg_v31_shiftreg_0p0025_v4_fold04_seed42_smoke/tables/base_threshold_val_predictions.csv
results/experiments/bc_dpg_v31_shiftreg_0p0025_v4_fold04_seed42_smoke/tables/raw_base_threshold_test_predictions.csv,COPIED,10027,b192f1dd4da4729e5bc952bade18e96a2465f485d068e4a23e20961f6e511f26,snapshot/results/experiments/bc_dpg_v31_shiftreg_0p0025_v4_fold04_seed42_smoke/tables/raw_base_threshold_test_predictions.csv
results/experiments/bc_dpg_v31_shiftreg_0p0025_v4_fold04_seed42_smoke/tables/raw_val_threshold_curve.csv,COPIED,817,fc8397ebd9bb18bbc6cf9f8ae88a5c3a41d820cc441dc52c48098b809d7e6e29,snapshot/results/experiments/bc_dpg_v31_shiftreg_0p0025_v4_fold04_seed42_smoke/tables/raw_val_threshold_curve.csv
results/experiments/bc_dpg_v31_shiftreg_0p0025_v4_fold04_seed42_smoke/tables/training_history.csv,COPIED,2731,d9ece67bceba998be85b11fecddcfcfea7e4e47875d57258b62ad1a80b16d2e7,snapshot/results/experiments/bc_dpg_v31_shiftreg_0p0025_v4_fold04_seed42_smoke/tables/training_history.csv
results/experiments/bc_dpg_v31_shiftreg_0p0025_v4_fold04_seed42_smoke/tables/val_threshold_curve.csv,COPIED,817,68721135339258535be8c385554c81302bca0061948a5603d68582899a1b35b0,snapshot/results/experiments/bc_dpg_v31_shiftreg_0p0025_v4_fold04_seed42_smoke/tables/val_threshold_curve.csv
results/experiments/bc_dpg_v31_shiftreg_0p005_v4_fold01_seed42/tables/base_threshold_test_predictions.csv,COPIED,82779,b3704ff0425dbef6b01a95fad31ec5704ecd113822819efe3ed0aec5df196825,snapshot/results/experiments/bc_dpg_v31_shiftreg_0p005_v4_fold01_seed42/tables/base_threshold_test_predictions.csv
results/experiments/bc_dpg_v31_shiftreg_0p005_v4_fold01_seed42/tables/base_threshold_val_predictions.csv,COPIED,82611,0a6fee1e1c454f29dece1ad7712aaa581fafc9bda3a9cdd19893a6708f89015c,snapshot/results/experiments/bc_dpg_v31_shiftreg_0p005_v4_fold01_seed42/tables/base_threshold_val_predictions.csv
results/experiments/bc_dpg_v31_shiftreg_0p005_v4_fold01_seed42/tables/raw_base_threshold_test_predictions.csv,COPIED,82608,08b7db571ac83142c37c6030506d08bc56e7be89ddc8a7512e2f737edaf4a56b,snapshot/results/experiments/bc_dpg_v31_shiftreg_0p005_v4_fold01_seed42/tables/raw_base_threshold_test_predictions.csv
results/experiments/bc_dpg_v31_shiftreg_0p005_v4_fold01_seed42/tables/raw_val_threshold_curve.csv,COPIED,6763,45dcab486b1877f8ea39f087126eabc472eb5fb92b502c41e85a6ecd03825f6c,snapshot/results/experiments/bc_dpg_v31_shiftreg_0p005_v4_fold01_seed42/tables/raw_val_threshold_curve.csv
results/experiments/bc_dpg_v31_shiftreg_0p005_v4_fold01_seed42/tables/training_history.csv,COPIED,16294,dda9c553787dfebcd058b457ada0a727b75c4964c785796eeefc40e1fcbee3b6,snapshot/results/experiments/bc_dpg_v31_shiftreg_0p005_v4_fold01_seed42/tables/training_history.csv
results/experiments/bc_dpg_v31_shiftreg_0p005_v4_fold01_seed42/tables/val_threshold_curve.csv,COPIED,9221,21d47887adecacac8af7f5d6b4a4a116e76a018bb270e46ad1af1b574c4ccab8,snapshot/results/experiments/bc_dpg_v31_shiftreg_0p005_v4_fold01_seed42/tables/val_threshold_curve.csv
results/experiments/bc_dpg_v31_shiftreg_0p005_v4_fold01_seed42_smoke/tables/base_threshold_test_predictions.csv,COPIED,10031,25b6247eb9d530cb6f0cc5d1d8987dd94241b58d9bc0d5111e4e7ef8832935f1,snapshot/results/experiments/bc_dpg_v31_shiftreg_0p005_v4_fold01_seed42_smoke/tables/base_threshold_test_predictions.csv
results/experiments/bc_dpg_v31_shiftreg_0p005_v4_fold01_seed42_smoke/tables/base_threshold_val_predictions.csv,COPIED,9983,031153d939b1bc83df6f3849d8b9b87a6fc147f270f36252cff8e3ba4fe46302,snapshot/results/experiments/bc_dpg_v31_shiftreg_0p005_v4_fold01_seed42_smoke/tables/base_threshold_val_predictions.csv
results/experiments/bc_dpg_v31_shiftreg_0p005_v4_fold01_seed42_smoke/tables/raw_base_threshold_test_predictions.csv,COPIED,10033,3cd052243a8e2bb64622435dac6525d68b7588bf62e5ff03c53fe6dc5c84e5e7,snapshot/results/experiments/bc_dpg_v31_shiftreg_0p005_v4_fold01_seed42_smoke/tables/raw_base_threshold_test_predictions.csv
results/experiments/bc_dpg_v31_shiftreg_0p005_v4_fold01_seed42_smoke/tables/raw_val_threshold_curve.csv,COPIED,623,ec6bc54bc94a3304c726a2f1996067677df34a54659c5a130eeab4f88e616fcf,snapshot/results/experiments/bc_dpg_v31_shiftreg_0p005_v4_fold01_seed42_smoke/tables/raw_val_threshold_curve.csv
results/experiments/bc_dpg_v31_shiftreg_0p005_v4_fold01_seed42_smoke/tables/training_history.csv,COPIED,2491,540cdcfc09d5eaf1bf51497dc27b7bc9b6ffe339962927fba13f1837700c8136,snapshot/results/experiments/bc_dpg_v31_shiftreg_0p005_v4_fold01_seed42_smoke/tables/training_history.csv
results/experiments/bc_dpg_v31_shiftreg_0p005_v4_fold01_seed42_smoke/tables/val_threshold_curve.csv,COPIED,622,9015e6db90f1c5b0e3e119885bfcd8aa161d20aedf6327bb3e67a62c58831b68,snapshot/results/experiments/bc_dpg_v31_shiftreg_0p005_v4_fold01_seed42_smoke/tables/val_threshold_curve.csv
results/experiments/bc_dpg_v31_shiftreg_0p005_v4_fold04_seed42/tables/base_threshold_test_predictions.csv,COPIED,82400,d955c7c6a218138ff5a5d338811d3ce7dbff91d5d51713ef492aee9d8e7e5f2a,snapshot/results/experiments/bc_dpg_v31_shiftreg_0p005_v4_fold04_seed42/tables/base_threshold_test_predictions.csv
results/experiments/bc_dpg_v31_shiftreg_0p005_v4_fold04_seed42/tables/base_threshold_val_predictions.csv,COPIED,85369,7c7b3a97f363e9234ede0cfddb9b782c3d7e4ef29fb2b05787861aa29dc74371,snapshot/results/experiments/bc_dpg_v31_shiftreg_0p005_v4_fold04_seed42/tables/base_threshold_val_predictions.csv
results/experiments/bc_dpg_v31_shiftreg_0p005_v4_fold04_seed42/tables/raw_base_threshold_test_predictions.csv,COPIED,82174,4421c1c4d47bb07a3ca9d0c39dbabecf2e59dcb0d2ee99983aebc03f8ab329c2,snapshot/results/experiments/bc_dpg_v31_shiftreg_0p005_v4_fold04_seed42/tables/raw_base_threshold_test_predictions.csv
results/experiments/bc_dpg_v31_shiftreg_0p005_v4_fold04_seed42/tables/raw_val_threshold_curve.csv,COPIED,7466,fb7ae6621a996a1b97c1b13d57c6eefc90fa4040d951b02b511d2cf6479a90b5,snapshot/results/experiments/bc_dpg_v31_shiftreg_0p005_v4_fold04_seed42/tables/raw_val_threshold_curve.csv
results/experiments/bc_dpg_v31_shiftreg_0p005_v4_fold04_seed42/tables/training_history.csv,COPIED,16934,47fecc4508715ca896efff6c736a2861ef9f6b08c88b7e7ca6b0deb546dbba8a,snapshot/results/experiments/bc_dpg_v31_shiftreg_0p005_v4_fold04_seed42/tables/training_history.csv
results/experiments/bc_dpg_v31_shiftreg_0p005_v4_fold04_seed42/tables/val_threshold_curve.csv,COPIED,9240,4cb308863172b93d871af2b9d72fd927adfb6428a4001e766580bd9f3e1d203e,snapshot/results/experiments/bc_dpg_v31_shiftreg_0p005_v4_fold04_seed42/tables/val_threshold_curve.csv
results/experiments/bc_dpg_v31_shiftreg_0p005_v4_fold04_seed42_smoke/tables/base_threshold_test_predictions.csv,COPIED,10032,21360d8b0276d73b34a93a0d09d486868cd111eece65e27f5172e02725ef05a8,snapshot/results/experiments/bc_dpg_v31_shiftreg_0p005_v4_fold04_seed42_smoke/tables/base_threshold_test_predictions.csv
results/experiments/bc_dpg_v31_shiftreg_0p005_v4_fold04_seed42_smoke/tables/base_threshold_val_predictions.csv,COPIED,9975,75f451e505ebc3cd9a9b10782aa689ffe25040bb8e7dd4505742981f1e8a8771,snapshot/results/experiments/bc_dpg_v31_shiftreg_0p005_v4_fold04_seed42_smoke/tables/base_threshold_val_predictions.csv
results/experiments/bc_dpg_v31_shiftreg_0p005_v4_fold04_seed42_smoke/tables/raw_base_threshold_test_predictions.csv,COPIED,10030,384d18409ffeaca5abf5e97a606b9b803491ad429e38817d03e4e20579b52626,snapshot/results/experiments/bc_dpg_v31_shiftreg_0p005_v4_fold04_seed42_smoke/tables/raw_base_threshold_test_predictions.csv
results/experiments/bc_dpg_v31_shiftreg_0p005_v4_fold04_seed42_smoke/tables/raw_val_threshold_curve.csv,COPIED,817,fc8397ebd9bb18bbc6cf9f8ae88a5c3a41d820cc441dc52c48098b809d7e6e29,snapshot/results/experiments/bc_dpg_v31_shiftreg_0p005_v4_fold04_seed42_smoke/tables/raw_val_threshold_curve.csv
results/experiments/bc_dpg_v31_shiftreg_0p005_v4_fold04_seed42_smoke/tables/training_history.csv,COPIED,2724,d4481c658e4981c2bd10ce024f1cce4a519cbdb83b36e34893dbd4095a65b35f,snapshot/results/experiments/bc_dpg_v31_shiftreg_0p005_v4_fold04_seed42_smoke/tables/training_history.csv
results/experiments/bc_dpg_v31_shiftreg_0p005_v4_fold04_seed42_smoke/tables/val_threshold_curve.csv,COPIED,817,68721135339258535be8c385554c81302bca0061948a5603d68582899a1b35b0,snapshot/results/experiments/bc_dpg_v31_shiftreg_0p005_v4_fold04_seed42_smoke/tables/val_threshold_curve.csv
results/experiments/bc_dpg_v3_ablation_full_v4_fold01_seed42/tables/base_threshold_test_predictions.csv,COPIED,82775,239fa467cd40d84a5528af75969da1b981270fd8453f81a3a96afdce38f77b81,snapshot/results/experiments/bc_dpg_v3_ablation_full_v4_fold01_seed42/tables/base_threshold_test_predictions.csv
results/experiments/bc_dpg_v3_ablation_full_v4_fold01_seed42/tables/base_threshold_val_predictions.csv,COPIED,82606,e722831f261108fceb3de41100a457ef03d2965a133acbfc43b8ea8caf644669,snapshot/results/experiments/bc_dpg_v3_ablation_full_v4_fold01_seed42/tables/base_threshold_val_predictions.csv
results/experiments/bc_dpg_v3_ablation_full_v4_fold01_seed42/tables/raw_base_threshold_test_predictions.csv,COPIED,82655,835d91b4ca9f78649c9d900d790224c5fbcdebb13ae1ce3925cdbb514d2d37f5,snapshot/results/experiments/bc_dpg_v3_ablation_full_v4_fold01_seed42/tables/raw_base_threshold_test_predictions.csv
results/experiments/bc_dpg_v3_ablation_full_v4_fold01_seed42/tables/raw_val_threshold_curve.csv,COPIED,6763,45dcab486b1877f8ea39f087126eabc472eb5fb92b502c41e85a6ecd03825f6c,snapshot/results/experiments/bc_dpg_v3_ablation_full_v4_fold01_seed42/tables/raw_val_threshold_curve.csv
results/experiments/bc_dpg_v3_ablation_full_v4_fold01_seed42/tables/training_history.csv,COPIED,16464,6e32965fba96978800a052531d20ca0155453114c20e3353b7938c48f4d562d6,snapshot/results/experiments/bc_dpg_v3_ablation_full_v4_fold01_seed42/tables/training_history.csv
results/experiments/bc_dpg_v3_ablation_full_v4_fold01_seed42/tables/val_threshold_curve.csv,COPIED,9223,6d46ae32e4af9e634d6a3f07205bc352c1c50cfb2b41dbed1241d79ab3eaccda,snapshot/results/experiments/bc_dpg_v3_ablation_full_v4_fold01_seed42/tables/val_threshold_curve.csv
results/experiments/bc_dpg_v3_ablation_full_v4_fold01_seed42_smoke/tables/base_threshold_test_predictions.csv,COPIED,10022,8e505c989cd28cfdf899f7618d60639a36a349dfe1172908cf637b7f0a37e098,snapshot/results/experiments/bc_dpg_v3_ablation_full_v4_fold01_seed42_smoke/tables/base_threshold_test_predictions.csv
results/experiments/bc_dpg_v3_ablation_full_v4_fold01_seed42_smoke/tables/base_threshold_val_predictions.csv,COPIED,9983,ecbeff693bdcab0a06e52ce30d86df3027bcf63cbd4ddbc956c6e065cc0c218d,snapshot/results/experiments/bc_dpg_v3_ablation_full_v4_fold01_seed42_smoke/tables/base_threshold_val_predictions.csv
results/experiments/bc_dpg_v3_ablation_full_v4_fold01_seed42_smoke/tables/raw_base_threshold_test_predictions.csv,COPIED,10027,d43d91640ab117eb4f4018d00eba663333fce1894e1f84220c80e70a272115ab,snapshot/results/experiments/bc_dpg_v3_ablation_full_v4_fold01_seed42_smoke/tables/raw_base_threshold_test_predictions.csv
results/experiments/bc_dpg_v3_ablation_full_v4_fold01_seed42_smoke/tables/raw_val_threshold_curve.csv,COPIED,623,ec6bc54bc94a3304c726a2f1996067677df34a54659c5a130eeab4f88e616fcf,snapshot/results/experiments/bc_dpg_v3_ablation_full_v4_fold01_seed42_smoke/tables/raw_val_threshold_curve.csv
results/experiments/bc_dpg_v3_ablation_full_v4_fold01_seed42_smoke/tables/training_history.csv,COPIED,2494,ebbbbf881b937967744f76ca4f88f1ad1af36a21bbdfac36cef4299dc682d078,snapshot/results/experiments/bc_dpg_v3_ablation_full_v4_fold01_seed42_smoke/tables/training_history.csv
results/experiments/bc_dpg_v3_ablation_full_v4_fold01_seed42_smoke/tables/val_threshold_curve.csv,COPIED,620,ba1508462dd82474a61111556519a870d2440dce2fd4fcbabdb4704442bf98c3,snapshot/results/experiments/bc_dpg_v3_ablation_full_v4_fold01_seed42_smoke/tables/val_threshold_curve.csv
results/experiments/bc_dpg_v3_ablation_full_v4_fold04_seed42/tables/base_threshold_test_predictions.csv,COPIED,82410,ca35d6d5af16bc0e000400bbe6994171e3a88ef3c586ea6d58d7d29b94934bd4,snapshot/results/experiments/bc_dpg_v3_ablation_full_v4_fold04_seed42/tables/base_threshold_test_predictions.csv
results/experiments/bc_dpg_v3_ablation_full_v4_fold04_seed42/tables/base_threshold_val_predictions.csv,COPIED,85370,9039441d2673713e5805da1fd29a9a9f4c8a94eb3b553f9fee1fa718f71f5822,snapshot/results/experiments/bc_dpg_v3_ablation_full_v4_fold04_seed42/tables/base_threshold_val_predictions.csv
results/experiments/bc_dpg_v3_ablation_full_v4_fold04_seed42/tables/raw_base_threshold_test_predictions.csv,COPIED,82198,4dd17ed4c65d6828ef474afd9c75e653792d53e6986c1e9c8f73b74d2f510aa1,snapshot/results/experiments/bc_dpg_v3_ablation_full_v4_fold04_seed42/tables/raw_base_threshold_test_predictions.csv
results/experiments/bc_dpg_v3_ablation_full_v4_fold04_seed42/tables/raw_val_threshold_curve.csv,COPIED,7466,fb7ae6621a996a1b97c1b13d57c6eefc90fa4040d951b02b511d2cf6479a90b5,snapshot/results/experiments/bc_dpg_v3_ablation_full_v4_fold04_seed42/tables/raw_val_threshold_curve.csv
results/experiments/bc_dpg_v3_ablation_full_v4_fold04_seed42/tables/training_history.csv,COPIED,17077,26574a29ea27d1e3f897e33abe74a792ac6e618117ce87bf7a97a003fadd5ead,snapshot/results/experiments/bc_dpg_v3_ablation_full_v4_fold04_seed42/tables/training_history.csv
results/experiments/bc_dpg_v3_ablation_full_v4_fold04_seed42/tables/val_threshold_curve.csv,COPIED,9231,9832364950246823ac5eff0391546484ccc90843933f870db6d16ac9c6b8956f,snapshot/results/experiments/bc_dpg_v3_ablation_full_v4_fold04_seed42/tables/val_threshold_curve.csv
results/experiments/bc_dpg_v3_ablation_full_v4_fold04_seed42_smoke/tables/base_threshold_test_predictions.csv,COPIED,10031,0f9c77a5292a0bf76eb5df03185cea550e63087ad95b6d1c9b7eef03c5c6e9b4,snapshot/results/experiments/bc_dpg_v3_ablation_full_v4_fold04_seed42_smoke/tables/base_threshold_test_predictions.csv
results/experiments/bc_dpg_v3_ablation_full_v4_fold04_seed42_smoke/tables/base_threshold_val_predictions.csv,COPIED,9986,f69c661903cd03ff8519954399eeb3499d2e738cf449df92888c228bd2fd8cf1,snapshot/results/experiments/bc_dpg_v3_ablation_full_v4_fold04_seed42_smoke/tables/base_threshold_val_predictions.csv
results/experiments/bc_dpg_v3_ablation_full_v4_fold04_seed42_smoke/tables/raw_base_threshold_test_predictions.csv,COPIED,10029,ffc64f9061b8bf0a972b13e0e44e91a024039e886fad4e34481f11b211f0c50e,snapshot/results/experiments/bc_dpg_v3_ablation_full_v4_fold04_seed42_smoke/tables/raw_base_threshold_test_predictions.csv
results/experiments/bc_dpg_v3_ablation_full_v4_fold04_seed42_smoke/tables/raw_val_threshold_curve.csv,COPIED,817,fc8397ebd9bb18bbc6cf9f8ae88a5c3a41d820cc441dc52c48098b809d7e6e29,snapshot/results/experiments/bc_dpg_v3_ablation_full_v4_fold04_seed42_smoke/tables/raw_val_threshold_curve.csv
results/experiments/bc_dpg_v3_ablation_full_v4_fold04_seed42_smoke/tables/training_history.csv,COPIED,2729,10ee3d62bbc5d39e3382669c216e82500a24acb09233d27dea73faa33f5b21d5,snapshot/results/experiments/bc_dpg_v3_ablation_full_v4_fold04_seed42_smoke/tables/training_history.csv
results/experiments/bc_dpg_v3_ablation_full_v4_fold04_seed42_smoke/tables/val_threshold_curve.csv,COPIED,818,bb35331b70555922dbc340e706c0ba4e3825e06b0fd5fa152df548e63519a042,snapshot/results/experiments/bc_dpg_v3_ablation_full_v4_fold04_seed42_smoke/tables/val_threshold_curve.csv
results/experiments/bc_dpg_v3_ablation_no_background_classification_v4_fold01_seed42/tables/base_threshold_test_predictions.csv,COPIED,82674,efcd33ea654c773a5c8ffb5e01959eda4b4614c762ded217572a29211ca7551c,snapshot/results/experiments/bc_dpg_v3_ablation_no_background_classification_v4_fold01_seed42/tables/base_threshold_test_predictions.csv
results/experiments/bc_dpg_v3_ablation_no_background_classification_v4_fold01_seed42/tables/base_threshold_val_predictions.csv,COPIED,82450,4f40a512dc467cf1f51d85d9dd2e1e82030d026bebb64535617ed8f6ac7cb48a,snapshot/results/experiments/bc_dpg_v3_ablation_no_background_classification_v4_fold01_seed42/tables/base_threshold_val_predictions.csv
results/experiments/bc_dpg_v3_ablation_no_background_classification_v4_fold01_seed42/tables/raw_base_threshold_test_predictions.csv,COPIED,82611,687294372d3488fd8bbb5f6dfe28df0359a4adf6ee9bdb3fdf5a6ce06f161e12,snapshot/results/experiments/bc_dpg_v3_ablation_no_background_classification_v4_fold01_seed42/tables/raw_base_threshold_test_predictions.csv
results/experiments/bc_dpg_v3_ablation_no_background_classification_v4_fold01_seed42/tables/raw_val_threshold_curve.csv,COPIED,6763,45dcab486b1877f8ea39f087126eabc472eb5fb92b502c41e85a6ecd03825f6c,snapshot/results/experiments/bc_dpg_v3_ablation_no_background_classification_v4_fold01_seed42/tables/raw_val_threshold_curve.csv
results/experiments/bc_dpg_v3_ablation_no_background_classification_v4_fold01_seed42/tables/training_history.csv,COPIED,11826,81dcda621bb18bb1272f9255dfc43c1bf982a2a8b1c867f51095bbb2321a7454,snapshot/results/experiments/bc_dpg_v3_ablation_no_background_classification_v4_fold01_seed42/tables/training_history.csv
results/experiments/bc_dpg_v3_ablation_no_background_classification_v4_fold01_seed42/tables/val_threshold_curve.csv,COPIED,9243,76a94aa8a6b0fbf1d23aee107baf9a5fbe1f25a3ddb6ed144ac7d558e76f4105,snapshot/results/experiments/bc_dpg_v3_ablation_no_background_classification_v4_fold01_seed42/tables/val_threshold_curve.csv
results/experiments/bc_dpg_v3_ablation_no_background_classification_v4_fold01_seed42_smoke/tables/base_threshold_test_predictions.csv,COPIED,10032,748b8b181d17959d264c4afbfbdbc26a42d67797df04d44a4e4bb20a94de9fed,snapshot/results/experiments/bc_dpg_v3_ablation_no_background_classification_v4_fold01_seed42_smoke/tables/base_threshold_test_predictions.csv
results/experiments/bc_dpg_v3_ablation_no_background_classification_v4_fold01_seed42_smoke/tables/base_threshold_val_predictions.csv,COPIED,9980,012a1e1d6aa0a006f2aeab1645932b57bab85ffe1fa8b585ccbd3fafe5c4d306,snapshot/results/experiments/bc_dpg_v3_ablation_no_background_classification_v4_fold01_seed42_smoke/tables/base_threshold_val_predictions.csv
results/experiments/bc_dpg_v3_ablation_no_background_classification_v4_fold01_seed42_smoke/tables/raw_base_threshold_test_predictions.csv,COPIED,10028,3441eac9f95211e0730be894c3e67d5d4bc2c3eacee27eb0456ffde5a74c65ae,snapshot/results/experiments/bc_dpg_v3_ablation_no_background_classification_v4_fold01_seed42_smoke/tables/raw_base_threshold_test_predictions.csv
results/experiments/bc_dpg_v3_ablation_no_background_classification_v4_fold01_seed42_smoke/tables/raw_val_threshold_curve.csv,COPIED,623,ec6bc54bc94a3304c726a2f1996067677df34a54659c5a130eeab4f88e616fcf,snapshot/results/experiments/bc_dpg_v3_ablation_no_background_classification_v4_fold01_seed42_smoke/tables/raw_val_threshold_curve.csv
results/experiments/bc_dpg_v3_ablation_no_background_classification_v4_fold01_seed42_smoke/tables/training_history.csv,COPIED,2509,5a5ea8fb13a73074fe7016242f2d70be6eb254780a2bc30fdfb999cefdbc4b3c,snapshot/results/experiments/bc_dpg_v3_ablation_no_background_classification_v4_fold01_seed42_smoke/tables/training_history.csv
results/experiments/bc_dpg_v3_ablation_no_background_classification_v4_fold01_seed42_smoke/tables/val_threshold_curve.csv,COPIED,623,1f4e1db0107643638eae54b2c29c8afd96a7dbb66b9e146e084337d1ce16d8d9,snapshot/results/experiments/bc_dpg_v3_ablation_no_background_classification_v4_fold01_seed42_smoke/tables/val_threshold_curve.csv
results/experiments/bc_dpg_v3_ablation_no_background_classification_v4_fold04_seed42/tables/base_threshold_test_predictions.csv,COPIED,82337,287d4ca2a104aa773579a90afcb73e557fe31f0f0496b12ce454a1db3f773d48,snapshot/results/experiments/bc_dpg_v3_ablation_no_background_classification_v4_fold04_seed42/tables/base_threshold_test_predictions.csv
results/experiments/bc_dpg_v3_ablation_no_background_classification_v4_fold04_seed42/tables/base_threshold_val_predictions.csv,COPIED,85297,2a942fa3b037201861c45a3d43435d6c44e781478e46af44dc2afda6c5efe0de,snapshot/results/experiments/bc_dpg_v3_ablation_no_background_classification_v4_fold04_seed42/tables/base_threshold_val_predictions.csv
results/experiments/bc_dpg_v3_ablation_no_background_classification_v4_fold04_seed42/tables/raw_base_threshold_test_predictions.csv,COPIED,82132,5296ddc148c5b37e11d842c496ddc31be143594225db0882a2bfd3704d754f29,snapshot/results/experiments/bc_dpg_v3_ablation_no_background_classification_v4_fold04_seed42/tables/raw_base_threshold_test_predictions.csv
results/experiments/bc_dpg_v3_ablation_no_background_classification_v4_fold04_seed42/tables/raw_val_threshold_curve.csv,COPIED,7466,fb7ae6621a996a1b97c1b13d57c6eefc90fa4040d951b02b511d2cf6479a90b5,snapshot/results/experiments/bc_dpg_v3_ablation_no_background_classification_v4_fold04_seed42/tables/raw_val_threshold_curve.csv
results/experiments/bc_dpg_v3_ablation_no_background_classification_v4_fold04_seed42/tables/training_history.csv,COPIED,16855,d8d98bf540a3970154c4c85dfd6dc30b74f2afb13a91dcc760bb0be8b454e717,snapshot/results/experiments/bc_dpg_v3_ablation_no_background_classification_v4_fold04_seed42/tables/training_history.csv
results/experiments/bc_dpg_v3_ablation_no_background_classification_v4_fold04_seed42/tables/val_threshold_curve.csv,COPIED,9230,c4459bcc9ab58e3906f418abf10194a612ae6708a8f43c0846971ac4237c917f,snapshot/results/experiments/bc_dpg_v3_ablation_no_background_classification_v4_fold04_seed42/tables/val_threshold_curve.csv
results/experiments/bc_dpg_v3_ablation_no_background_classification_v4_fold04_seed42_smoke/tables/base_threshold_test_predictions.csv,COPIED,10030,9b3b70e140a15a7e25c813003231dc7c307a53b3ee9b2577bd5295a82a335421,snapshot/results/experiments/bc_dpg_v3_ablation_no_background_classification_v4_fold04_seed42_smoke/tables/base_threshold_test_predictions.csv
results/experiments/bc_dpg_v3_ablation_no_background_classification_v4_fold04_seed42_smoke/tables/base_threshold_val_predictions.csv,COPIED,9978,e2960725ae78da8e6f66e370d74d566618611ef19930f0f94a2223e01957f9f9,snapshot/results/experiments/bc_dpg_v3_ablation_no_background_classification_v4_fold04_seed42_smoke/tables/base_threshold_val_predictions.csv
results/experiments/bc_dpg_v3_ablation_no_background_classification_v4_fold04_seed42_smoke/tables/raw_base_threshold_test_predictions.csv,COPIED,10029,a7e5e5bbefc498e532214e60af4a742550d63d758a99bd08b22037c15956b02c,snapshot/results/experiments/bc_dpg_v3_ablation_no_background_classification_v4_fold04_seed42_smoke/tables/raw_base_threshold_test_predictions.csv
results/experiments/bc_dpg_v3_ablation_no_background_classification_v4_fold04_seed42_smoke/tables/raw_val_threshold_curve.csv,COPIED,817,fc8397ebd9bb18bbc6cf9f8ae88a5c3a41d820cc441dc52c48098b809d7e6e29,snapshot/results/experiments/bc_dpg_v3_ablation_no_background_classification_v4_fold04_seed42_smoke/tables/raw_val_threshold_curve.csv
results/experiments/bc_dpg_v3_ablation_no_background_classification_v4_fold04_seed42_smoke/tables/training_history.csv,COPIED,2747,a8770ad4b79a0007495cbbc94472102732efc904246cd7273fae0e5844d2ad1c,snapshot/results/experiments/bc_dpg_v3_ablation_no_background_classification_v4_fold04_seed42_smoke/tables/training_history.csv
results/experiments/bc_dpg_v3_ablation_no_background_classification_v4_fold04_seed42_smoke/tables/val_threshold_curve.csv,COPIED,818,0eccbe42bffe69c1e08261a433ed25017ab5f06a06d593cdaa4e6e04718a5dde,snapshot/results/experiments/bc_dpg_v3_ablation_no_background_classification_v4_fold04_seed42_smoke/tables/val_threshold_curve.csv
results/experiments/bc_dpg_v3_ablation_no_background_tail_v4_fold01_seed42/tables/base_threshold_test_predictions.csv,COPIED,82650,4f15ec5344df2c6ecbbe4bd0327f7c35890a59f9f42b9946e53706721470007f,snapshot/results/experiments/bc_dpg_v3_ablation_no_background_tail_v4_fold01_seed42/tables/base_threshold_test_predictions.csv
results/experiments/bc_dpg_v3_ablation_no_background_tail_v4_fold01_seed42/tables/base_threshold_val_predictions.csv,COPIED,82590,d4766c4aac8df6a8930ee060ad6e332e8f6a595fd42db55627591860c630aa2a,snapshot/results/experiments/bc_dpg_v3_ablation_no_background_tail_v4_fold01_seed42/tables/base_threshold_val_predictions.csv
results/experiments/bc_dpg_v3_ablation_no_background_tail_v4_fold01_seed42/tables/raw_base_threshold_test_predictions.csv,COPIED,82545,8aeeae1b5e363eba5f2b6b57b2d81641d8d73cd0576e7cdbfefcc31c8ade6d53,snapshot/results/experiments/bc_dpg_v3_ablation_no_background_tail_v4_fold01_seed42/tables/raw_base_threshold_test_predictions.csv
results/experiments/bc_dpg_v3_ablation_no_background_tail_v4_fold01_seed42/tables/raw_val_threshold_curve.csv,COPIED,6763,45dcab486b1877f8ea39f087126eabc472eb5fb92b502c41e85a6ecd03825f6c,snapshot/results/experiments/bc_dpg_v3_ablation_no_background_tail_v4_fold01_seed42/tables/raw_val_threshold_curve.csv
results/experiments/bc_dpg_v3_ablation_no_background_tail_v4_fold01_seed42/tables/training_history.csv,COPIED,16731,af4c2ef10e0f0b000f84a61e528160e5158a400fd32747532bc6f7fc68ddc98a,snapshot/results/experiments/bc_dpg_v3_ablation_no_background_tail_v4_fold01_seed42/tables/training_history.csv
results/experiments/bc_dpg_v3_ablation_no_background_tail_v4_fold01_seed42/tables/val_threshold_curve.csv,COPIED,9213,bd95eb1c4c69fef032f2c4f86dea2af33ade1dd86d0f313a91308ca05ac64dd6,snapshot/results/experiments/bc_dpg_v3_ablation_no_background_tail_v4_fold01_seed42/tables/val_threshold_curve.csv
results/experiments/bc_dpg_v3_ablation_no_background_tail_v4_fold01_seed42_smoke/tables/base_threshold_test_predictions.csv,COPIED,10022,8e505c989cd28cfdf899f7618d60639a36a349dfe1172908cf637b7f0a37e098,snapshot/results/experiments/bc_dpg_v3_ablation_no_background_tail_v4_fold01_seed42_smoke/tables/base_threshold_test_predictions.csv
results/experiments/bc_dpg_v3_ablation_no_background_tail_v4_fold01_seed42_smoke/tables/base_threshold_val_predictions.csv,COPIED,9983,ecbeff693bdcab0a06e52ce30d86df3027bcf63cbd4ddbc956c6e065cc0c218d,snapshot/results/experiments/bc_dpg_v3_ablation_no_background_tail_v4_fold01_seed42_smoke/tables/base_threshold_val_predictions.csv
results/experiments/bc_dpg_v3_ablation_no_background_tail_v4_fold01_seed42_smoke/tables/raw_base_threshold_test_predictions.csv,COPIED,10027,d43d91640ab117eb4f4018d00eba663333fce1894e1f84220c80e70a272115ab,snapshot/results/experiments/bc_dpg_v3_ablation_no_background_tail_v4_fold01_seed42_smoke/tables/raw_base_threshold_test_predictions.csv
results/experiments/bc_dpg_v3_ablation_no_background_tail_v4_fold01_seed42_smoke/tables/raw_val_threshold_curve.csv,COPIED,623,ec6bc54bc94a3304c726a2f1996067677df34a54659c5a130eeab4f88e616fcf,snapshot/results/experiments/bc_dpg_v3_ablation_no_background_tail_v4_fold01_seed42_smoke/tables/raw_val_threshold_curve.csv
results/experiments/bc_dpg_v3_ablation_no_background_tail_v4_fold01_seed42_smoke/tables/training_history.csv,COPIED,2494,ebbbbf881b937967744f76ca4f88f1ad1af36a21bbdfac36cef4299dc682d078,snapshot/results/experiments/bc_dpg_v3_ablation_no_background_tail_v4_fold01_seed42_smoke/tables/training_history.csv
results/experiments/bc_dpg_v3_ablation_no_background_tail_v4_fold01_seed42_smoke/tables/val_threshold_curve.csv,COPIED,620,ba1508462dd82474a61111556519a870d2440dce2fd4fcbabdb4704442bf98c3,snapshot/results/experiments/bc_dpg_v3_ablation_no_background_tail_v4_fold01_seed42_smoke/tables/val_threshold_curve.csv
results/experiments/bc_dpg_v3_ablation_no_background_tail_v4_fold04_seed42/tables/base_threshold_test_predictions.csv,COPIED,82251,b0db59d03ea769b8ebec7c31ee261f815ce99a5b0010750f650789b60b05fc6c,snapshot/results/experiments/bc_dpg_v3_ablation_no_background_tail_v4_fold04_seed42/tables/base_threshold_test_predictions.csv
results/experiments/bc_dpg_v3_ablation_no_background_tail_v4_fold04_seed42/tables/base_threshold_val_predictions.csv,COPIED,85307,10e4c032c645b9ee124b258d3eafada1b2eb17d866e1dd3e4f8529da495a546f,snapshot/results/experiments/bc_dpg_v3_ablation_no_background_tail_v4_fold04_seed42/tables/base_threshold_val_predictions.csv
results/experiments/bc_dpg_v3_ablation_no_background_tail_v4_fold04_seed42/tables/raw_base_threshold_test_predictions.csv,COPIED,82155,2309313791004898597e1f5a31cb94c8a21918fc253e8a0d96167b20e3b6a5c4,snapshot/results/experiments/bc_dpg_v3_ablation_no_background_tail_v4_fold04_seed42/tables/raw_base_threshold_test_predictions.csv
results/experiments/bc_dpg_v3_ablation_no_background_tail_v4_fold04_seed42/tables/raw_val_threshold_curve.csv,COPIED,7466,fb7ae6621a996a1b97c1b13d57c6eefc90fa4040d951b02b511d2cf6479a90b5,snapshot/results/experiments/bc_dpg_v3_ablation_no_background_tail_v4_fold04_seed42/tables/raw_val_threshold_curve.csv
results/experiments/bc_dpg_v3_ablation_no_background_tail_v4_fold04_seed42/tables/training_history.csv,COPIED,17578,754436ec277f17250308fe4b2543b02d77325fef16a97a9e5324a3ee75393eb8,snapshot/results/experiments/bc_dpg_v3_ablation_no_background_tail_v4_fold04_seed42/tables/training_history.csv
results/experiments/bc_dpg_v3_ablation_no_background_tail_v4_fold04_seed42/tables/val_threshold_curve.csv,COPIED,9303,6165333119e1a60a915120a9c22e5c488b824a4c279434f19841e046c0f1caf8,snapshot/results/experiments/bc_dpg_v3_ablation_no_background_tail_v4_fold04_seed42/tables/val_threshold_curve.csv
results/experiments/bc_dpg_v3_ablation_no_background_tail_v4_fold04_seed42_smoke/tables/base_threshold_test_predictions.csv,COPIED,10022,5c6c5a83010fcd86a9210bcf8cb94a103ff4214a054964ecf65b0eae5ae3de40,snapshot/results/experiments/bc_dpg_v3_ablation_no_background_tail_v4_fold04_seed42_smoke/tables/base_threshold_test_predictions.csv
results/experiments/bc_dpg_v3_ablation_no_background_tail_v4_fold04_seed42_smoke/tables/base_threshold_val_predictions.csv,COPIED,9984,32b6b2ba937e0277434c09a75e4f79754f9ef568fcf4c6fb3fcacc8cff2f0065,snapshot/results/experiments/bc_dpg_v3_ablation_no_background_tail_v4_fold04_seed42_smoke/tables/base_threshold_val_predictions.csv
results/experiments/bc_dpg_v3_ablation_no_background_tail_v4_fold04_seed42_smoke/tables/raw_base_threshold_test_predictions.csv,COPIED,10028,1522f92aa73a656d49eded47a834698c84a0c157df410a0efff38b4e99ef4180,snapshot/results/experiments/bc_dpg_v3_ablation_no_background_tail_v4_fold04_seed42_smoke/tables/raw_base_threshold_test_predictions.csv
results/experiments/bc_dpg_v3_ablation_no_background_tail_v4_fold04_seed42_smoke/tables/raw_val_threshold_curve.csv,COPIED,817,fc8397ebd9bb18bbc6cf9f8ae88a5c3a41d820cc441dc52c48098b809d7e6e29,snapshot/results/experiments/bc_dpg_v3_ablation_no_background_tail_v4_fold04_seed42_smoke/tables/raw_val_threshold_curve.csv
results/experiments/bc_dpg_v3_ablation_no_background_tail_v4_fold04_seed42_smoke/tables/training_history.csv,COPIED,2735,d3a692eaa79868ef091b11a8eff7cea71a17c287c7c07705880966327f582941,snapshot/results/experiments/bc_dpg_v3_ablation_no_background_tail_v4_fold04_seed42_smoke/tables/training_history.csv
results/experiments/bc_dpg_v3_ablation_no_background_tail_v4_fold04_seed42_smoke/tables/val_threshold_curve.csv,COPIED,818,ff129621bd54179738ff080a0bfd66f3016f8c5d882ced5a9b8c968ea04036ce,snapshot/results/experiments/bc_dpg_v3_ablation_no_background_tail_v4_fold04_seed42_smoke/tables/val_threshold_curve.csv
results/experiments/bc_dpg_v3_ablation_no_pairwise_v4_fold01_seed42/tables/base_threshold_test_predictions.csv,COPIED,82776,bf6ff3e2a639e6caa1a67c22d5056b6d5ed354ff95c272f9ee3ac75e72c6961a,snapshot/results/experiments/bc_dpg_v3_ablation_no_pairwise_v4_fold01_seed42/tables/base_threshold_test_predictions.csv
results/experiments/bc_dpg_v3_ablation_no_pairwise_v4_fold01_seed42/tables/base_threshold_val_predictions.csv,COPIED,82630,f2bff3f1af4c223e120d19a0fd68dae27c30da00cca05bac3bef25096bf8fc0a,snapshot/results/experiments/bc_dpg_v3_ablation_no_pairwise_v4_fold01_seed42/tables/base_threshold_val_predictions.csv
results/experiments/bc_dpg_v3_ablation_no_pairwise_v4_fold01_seed42/tables/raw_base_threshold_test_predictions.csv,COPIED,82672,3c7e9a7b49f3d73c70f5f946df82798919c052202a4651ed47b9380bb48331bd,snapshot/results/experiments/bc_dpg_v3_ablation_no_pairwise_v4_fold01_seed42/tables/raw_base_threshold_test_predictions.csv
results/experiments/bc_dpg_v3_ablation_no_pairwise_v4_fold01_seed42/tables/raw_val_threshold_curve.csv,COPIED,6763,45dcab486b1877f8ea39f087126eabc472eb5fb92b502c41e85a6ecd03825f6c,snapshot/results/experiments/bc_dpg_v3_ablation_no_pairwise_v4_fold01_seed42/tables/raw_val_threshold_curve.csv
results/experiments/bc_dpg_v3_ablation_no_pairwise_v4_fold01_seed42/tables/training_history.csv,COPIED,16553,a1b39965703804576b308d0de9c9182d2189801197dc35336157989325af2eb7,snapshot/results/experiments/bc_dpg_v3_ablation_no_pairwise_v4_fold01_seed42/tables/training_history.csv
results/experiments/bc_dpg_v3_ablation_no_pairwise_v4_fold01_seed42/tables/val_threshold_curve.csv,COPIED,9224,e1c26901d9fed89523e78b355f1a31063bcf373120a41bee75e7199b6b604f8a,snapshot/results/experiments/bc_dpg_v3_ablation_no_pairwise_v4_fold01_seed42/tables/val_threshold_curve.csv
results/experiments/bc_dpg_v3_ablation_no_pairwise_v4_fold04_seed42/tables/base_threshold_test_predictions.csv,COPIED,82408,2fd32fc4acb2c231e4f0b4c3af0363f9289312d6007c3eb88d65ebb4f1d5996d,snapshot/results/experiments/bc_dpg_v3_ablation_no_pairwise_v4_fold04_seed42/tables/base_threshold_test_predictions.csv
results/experiments/bc_dpg_v3_ablation_no_pairwise_v4_fold04_seed42/tables/base_threshold_val_predictions.csv,COPIED,85397,6c8cd482fb0947a1d9b0ec15a23d6c272c7a5a06c930611c17c3ea25d60625f6,snapshot/results/experiments/bc_dpg_v3_ablation_no_pairwise_v4_fold04_seed42/tables/base_threshold_val_predictions.csv
results/experiments/bc_dpg_v3_ablation_no_pairwise_v4_fold04_seed42/tables/raw_base_threshold_test_predictions.csv,COPIED,82195,594b63034c5f37283ab45445097d5b51f29b324570365c6cf97130bc94bc7329,snapshot/results/experiments/bc_dpg_v3_ablation_no_pairwise_v4_fold04_seed42/tables/raw_base_threshold_test_predictions.csv
results/experiments/bc_dpg_v3_ablation_no_pairwise_v4_fold04_seed42/tables/raw_val_threshold_curve.csv,COPIED,7466,fb7ae6621a996a1b97c1b13d57c6eefc90fa4040d951b02b511d2cf6479a90b5,snapshot/results/experiments/bc_dpg_v3_ablation_no_pairwise_v4_fold04_seed42/tables/raw_val_threshold_curve.csv
results/experiments/bc_dpg_v3_ablation_no_pairwise_v4_fold04_seed42/tables/training_history.csv,COPIED,17133,8f15f8d064e3ed7a3be9cc5d8ca1d93a9c5c331ae3a0e651de517c804a812e41,snapshot/results/experiments/bc_dpg_v3_ablation_no_pairwise_v4_fold04_seed42/tables/training_history.csv
results/experiments/bc_dpg_v3_ablation_no_pairwise_v4_fold04_seed42/tables/val_threshold_curve.csv,COPIED,9227,ad368a7e4ec5d93801e06f03f92435e0c8e2ba7827b0223cbf10e689de4b86c1,snapshot/results/experiments/bc_dpg_v3_ablation_no_pairwise_v4_fold04_seed42/tables/val_threshold_curve.csv
results/experiments/bc_dpg_v3_ablation_no_scan_context_v4_fold01_seed42/tables/base_threshold_test_predictions.csv,COPIED,82527,b87348dae55e26e7f0f6de25bced0d04f18221fdeab0010da03f651730782dd0,snapshot/results/experiments/bc_dpg_v3_ablation_no_scan_context_v4_fold01_seed42/tables/base_threshold_test_predictions.csv
results/experiments/bc_dpg_v3_ablation_no_scan_context_v4_fold01_seed42/tables/base_threshold_val_predictions.csv,COPIED,82377,469738f1d5e3d99664f45e0a2d653ebf9d0a4d179e63738af58f63efba73633e,snapshot/results/experiments/bc_dpg_v3_ablation_no_scan_context_v4_fold01_seed42/tables/base_threshold_val_predictions.csv
results/experiments/bc_dpg_v3_ablation_no_scan_context_v4_fold01_seed42/tables/raw_base_threshold_test_predictions.csv,COPIED,82439,f67e4d81b82624cb34bed5bfb5de854615e72b19faf4a6ec39ec1e8945a10bfb,snapshot/results/experiments/bc_dpg_v3_ablation_no_scan_context_v4_fold01_seed42/tables/raw_base_threshold_test_predictions.csv
results/experiments/bc_dpg_v3_ablation_no_scan_context_v4_fold01_seed42/tables/raw_val_threshold_curve.csv,COPIED,6763,45dcab486b1877f8ea39f087126eabc472eb5fb92b502c41e85a6ecd03825f6c,snapshot/results/experiments/bc_dpg_v3_ablation_no_scan_context_v4_fold01_seed42/tables/raw_val_threshold_curve.csv
results/experiments/bc_dpg_v3_ablation_no_scan_context_v4_fold01_seed42/tables/training_history.csv,COPIED,16702,9cfa8ecedbd7bce2ce28059d0a718307266a79f58a1aff24a8f0a7ebcdd674a3,snapshot/results/experiments/bc_dpg_v3_ablation_no_scan_context_v4_fold01_seed42/tables/training_history.csv
results/experiments/bc_dpg_v3_ablation_no_scan_context_v4_fold01_seed42/tables/val_threshold_curve.csv,COPIED,9245,009cfc5ed8229b9f86dab27620ff325ba9a26e8c5acd789799d4c790c717aa85,snapshot/results/experiments/bc_dpg_v3_ablation_no_scan_context_v4_fold01_seed42/tables/val_threshold_curve.csv
results/experiments/bc_dpg_v3_ablation_no_scan_context_v4_fold01_seed42_smoke/tables/base_threshold_test_predictions.csv,COPIED,10038,5357c42bb892eff50dcff9891bdbc8ca55602e494ef13684ef0d95a5549910c5,snapshot/results/experiments/bc_dpg_v3_ablation_no_scan_context_v4_fold01_seed42_smoke/tables/base_threshold_test_predictions.csv
results/experiments/bc_dpg_v3_ablation_no_scan_context_v4_fold01_seed42_smoke/tables/base_threshold_val_predictions.csv,COPIED,9989,23734cb4e243444a405a656480023c41e2853904695e0f87da1e28c4830ed24b,snapshot/results/experiments/bc_dpg_v3_ablation_no_scan_context_v4_fold01_seed42_smoke/tables/base_threshold_val_predictions.csv
results/experiments/bc_dpg_v3_ablation_no_scan_context_v4_fold01_seed42_smoke/tables/raw_base_threshold_test_predictions.csv,COPIED,10036,c02bc2dfc4af0c29135872c6a8c7f5884db80eb22e4a5929986472ec974fe1bb,snapshot/results/experiments/bc_dpg_v3_ablation_no_scan_context_v4_fold01_seed42_smoke/tables/raw_base_threshold_test_predictions.csv
results/experiments/bc_dpg_v3_ablation_no_scan_context_v4_fold01_seed42_smoke/tables/raw_val_threshold_curve.csv,COPIED,623,ec6bc54bc94a3304c726a2f1996067677df34a54659c5a130eeab4f88e616fcf,snapshot/results/experiments/bc_dpg_v3_ablation_no_scan_context_v4_fold01_seed42_smoke/tables/raw_val_threshold_curve.csv
results/experiments/bc_dpg_v3_ablation_no_scan_context_v4_fold01_seed42_smoke/tables/training_history.csv,COPIED,2495,3c583c0f8e975687dcba1cbef60dad799a7d900fbbfe1747a8ef15901d40e46b,snapshot/results/experiments/bc_dpg_v3_ablation_no_scan_context_v4_fold01_seed42_smoke/tables/training_history.csv
results/experiments/bc_dpg_v3_ablation_no_scan_context_v4_fold01_seed42_smoke/tables/val_threshold_curve.csv,COPIED,622,1a9b9f5f4fbfec04c42c531c838a60c8f5394c09118df287abb67672287905e2,snapshot/results/experiments/bc_dpg_v3_ablation_no_scan_context_v4_fold01_seed42_smoke/tables/val_threshold_curve.csv
results/experiments/bc_dpg_v3_ablation_no_scan_context_v4_fold04_seed42/tables/base_threshold_test_predictions.csv,COPIED,82107,bb30c23ac483db6cb7aa519af2d4a67cb20d50bdf00a00e3aa27657cac1fa18b,snapshot/results/experiments/bc_dpg_v3_ablation_no_scan_context_v4_fold04_seed42/tables/base_threshold_test_predictions.csv
results/experiments/bc_dpg_v3_ablation_no_scan_context_v4_fold04_seed42/tables/base_threshold_val_predictions.csv,COPIED,85199,687a6741b01df52386f438ecaa1ff160cc9acc04bb1211ca8bbfa1bc1e0df2ae,snapshot/results/experiments/bc_dpg_v3_ablation_no_scan_context_v4_fold04_seed42/tables/base_threshold_val_predictions.csv
results/experiments/bc_dpg_v3_ablation_no_scan_context_v4_fold04_seed42/tables/raw_base_threshold_test_predictions.csv,COPIED,82008,1c88349af3a244221a3b0bdc0755c098d73740e890ebd590649188eb4f0340e6,snapshot/results/experiments/bc_dpg_v3_ablation_no_scan_context_v4_fold04_seed42/tables/raw_base_threshold_test_predictions.csv
results/experiments/bc_dpg_v3_ablation_no_scan_context_v4_fold04_seed42/tables/raw_val_threshold_curve.csv,COPIED,7466,fb7ae6621a996a1b97c1b13d57c6eefc90fa4040d951b02b511d2cf6479a90b5,snapshot/results/experiments/bc_dpg_v3_ablation_no_scan_context_v4_fold04_seed42/tables/raw_val_threshold_curve.csv
results/experiments/bc_dpg_v3_ablation_no_scan_context_v4_fold04_seed42/tables/training_history.csv,COPIED,17779,c3971407efd1bbe65014958b5d87271d2fa68e2813eeed54f7ff641df88b59f0,snapshot/results/experiments/bc_dpg_v3_ablation_no_scan_context_v4_fold04_seed42/tables/training_history.csv
results/experiments/bc_dpg_v3_ablation_no_scan_context_v4_fold04_seed42/tables/val_threshold_curve.csv,COPIED,9298,c3e3996e7ea3c1b7a6088f1fcbe9133cb95c87d84be9fd0928c617a1d55df1a1,snapshot/results/experiments/bc_dpg_v3_ablation_no_scan_context_v4_fold04_seed42/tables/val_threshold_curve.csv
results/experiments/bc_dpg_v3_ablation_no_scan_context_v4_fold04_seed42_smoke/tables/base_threshold_test_predictions.csv,COPIED,10031,63e5e7574d9bf83d78dfaa20a65be39164780bb9e2a8cc5b051252ce9a91f336,snapshot/results/experiments/bc_dpg_v3_ablation_no_scan_context_v4_fold04_seed42_smoke/tables/base_threshold_test_predictions.csv
results/experiments/bc_dpg_v3_ablation_no_scan_context_v4_fold04_seed42_smoke/tables/base_threshold_val_predictions.csv,COPIED,9985,835ad893bba8d45f919815950f3a15452e81d09cb14d6361468dfe744b834532,snapshot/results/experiments/bc_dpg_v3_ablation_no_scan_context_v4_fold04_seed42_smoke/tables/base_threshold_val_predictions.csv
results/experiments/bc_dpg_v3_ablation_no_scan_context_v4_fold04_seed42_smoke/tables/raw_base_threshold_test_predictions.csv,COPIED,10032,06f56bb570ea2f00e66fda8d8f4ddbcc4a2b235b1c673b146ecdd35eb29d5307,snapshot/results/experiments/bc_dpg_v3_ablation_no_scan_context_v4_fold04_seed42_smoke/tables/raw_base_threshold_test_predictions.csv
results/experiments/bc_dpg_v3_ablation_no_scan_context_v4_fold04_seed42_smoke/tables/raw_val_threshold_curve.csv,COPIED,817,fc8397ebd9bb18bbc6cf9f8ae88a5c3a41d820cc441dc52c48098b809d7e6e29,snapshot/results/experiments/bc_dpg_v3_ablation_no_scan_context_v4_fold04_seed42_smoke/tables/raw_val_threshold_curve.csv
results/experiments/bc_dpg_v3_ablation_no_scan_context_v4_fold04_seed42_smoke/tables/training_history.csv,COPIED,2742,dc0ec1d78f330d5e0ef64155a4179ef43465b16e617e05151c8252308d73719b,snapshot/results/experiments/bc_dpg_v3_ablation_no_scan_context_v4_fold04_seed42_smoke/tables/training_history.csv
results/experiments/bc_dpg_v3_ablation_no_scan_context_v4_fold04_seed42_smoke/tables/val_threshold_curve.csv,COPIED,818,c93d76c9903906342b160421f57a5015f8eac419ffc96d192fd954990b248c6a,snapshot/results/experiments/bc_dpg_v3_ablation_no_scan_context_v4_fold04_seed42_smoke/tables/val_threshold_curve.csv
results/experiments/bc_dpg_v3_ablation_no_shift_regularization_v4_fold01_seed42/tables/base_threshold_test_predictions.csv,COPIED,82622,e6125e688b3cec386852085854e8d1e6911fce9f83d7d8f6239d5c1e66e177aa,snapshot/results/experiments/bc_dpg_v3_ablation_no_shift_regularization_v4_fold01_seed42/tables/base_threshold_test_predictions.csv
results/experiments/bc_dpg_v3_ablation_no_shift_regularization_v4_fold01_seed42/tables/base_threshold_val_predictions.csv,COPIED,82311,7f9613d39eb16c167ad54b8489a8b3cf4f6b39c1f27b435807e11701adb7fba2,snapshot/results/experiments/bc_dpg_v3_ablation_no_shift_regularization_v4_fold01_seed42/tables/base_threshold_val_predictions.csv
results/experiments/bc_dpg_v3_ablation_no_shift_regularization_v4_fold01_seed42/tables/raw_base_threshold_test_predictions.csv,COPIED,82382,274d795fe73057bc9c31cfe5935f309d1630464c814434d5f6aa012f8685beb6,snapshot/results/experiments/bc_dpg_v3_ablation_no_shift_regularization_v4_fold01_seed42/tables/raw_base_threshold_test_predictions.csv
results/experiments/bc_dpg_v3_ablation_no_shift_regularization_v4_fold01_seed42/tables/raw_val_threshold_curve.csv,COPIED,6763,45dcab486b1877f8ea39f087126eabc472eb5fb92b502c41e85a6ecd03825f6c,snapshot/results/experiments/bc_dpg_v3_ablation_no_shift_regularization_v4_fold01_seed42/tables/raw_val_threshold_curve.csv
results/experiments/bc_dpg_v3_ablation_no_shift_regularization_v4_fold01_seed42/tables/training_history.csv,COPIED,16231,fba9b7fe6ca5b45df6c74f388713848c6e0f9fd4f8c29b50ad3a81af87be1b8e,snapshot/results/experiments/bc_dpg_v3_ablation_no_shift_regularization_v4_fold01_seed42/tables/training_history.csv
results/experiments/bc_dpg_v3_ablation_no_shift_regularization_v4_fold01_seed42/tables/val_threshold_curve.csv,COPIED,9345,b19e705d8e387b14504419b3ef3c94cdf79be14c81db3e990b1ac8646b8c8762,snapshot/results/experiments/bc_dpg_v3_ablation_no_shift_regularization_v4_fold01_seed42/tables/val_threshold_curve.csv
results/experiments/bc_dpg_v3_ablation_no_shift_regularization_v4_fold04_seed42/tables/base_threshold_test_predictions.csv,COPIED,82260,4548c96579e7d44cc24fb795cf88f1b176b83965712633426c65039b20568c2b,snapshot/results/experiments/bc_dpg_v3_ablation_no_shift_regularization_v4_fold04_seed42/tables/base_threshold_test_predictions.csv
results/experiments/bc_dpg_v3_ablation_no_shift_regularization_v4_fold04_seed42/tables/base_threshold_val_predictions.csv,COPIED,85136,10e19bc268bfa55820fdfcec5bf05127a672dbf25180e2e3158f3322aaed21d8,snapshot/results/experiments/bc_dpg_v3_ablation_no_shift_regularization_v4_fold04_seed42/tables/base_threshold_val_predictions.csv
results/experiments/bc_dpg_v3_ablation_no_shift_regularization_v4_fold04_seed42/tables/raw_base_threshold_test_predictions.csv,COPIED,81976,fc1f7dea742a2e2491b68a0d110e255e53a7f1616038e66fa2a7866b68ed5a2d,snapshot/results/experiments/bc_dpg_v3_ablation_no_shift_regularization_v4_fold04_seed42/tables/raw_base_threshold_test_predictions.csv
results/experiments/bc_dpg_v3_ablation_no_shift_regularization_v4_fold04_seed42/tables/raw_val_threshold_curve.csv,COPIED,7466,fb7ae6621a996a1b97c1b13d57c6eefc90fa4040d951b02b511d2cf6479a90b5,snapshot/results/experiments/bc_dpg_v3_ablation_no_shift_regularization_v4_fold04_seed42/tables/raw_val_threshold_curve.csv
results/experiments/bc_dpg_v3_ablation_no_shift_regularization_v4_fold04_seed42/tables/training_history.csv,COPIED,16835,76c3a374f3b7b0d219942142cdf6acca68a50fdeaf7d21aba393bd421da914fd,snapshot/results/experiments/bc_dpg_v3_ablation_no_shift_regularization_v4_fold04_seed42/tables/training_history.csv
results/experiments/bc_dpg_v3_ablation_no_shift_regularization_v4_fold04_seed42/tables/val_threshold_curve.csv,COPIED,9361,9479166f6b6d2c48b8c2135f3f4491c4d8ed486d2bc662a2c5b72130cb386f47,snapshot/results/experiments/bc_dpg_v3_ablation_no_shift_regularization_v4_fold04_seed42/tables/val_threshold_curve.csv
results/experiments/bc_dpg_v3_ablation_no_shift_selectivity_v4_fold01_seed42/tables/base_threshold_test_predictions.csv,COPIED,82556,a55b16e712b687c65d4be36b0663d5cd45c02c7d733c2c6a5db067585cb68661,snapshot/results/experiments/bc_dpg_v3_ablation_no_shift_selectivity_v4_fold01_seed42/tables/base_threshold_test_predictions.csv
results/experiments/bc_dpg_v3_ablation_no_shift_selectivity_v4_fold01_seed42/tables/base_threshold_val_predictions.csv,COPIED,82396,62940615743d84e6713d8abeee0c3190e322c250699a3c4301bcb45a0e67767e,snapshot/results/experiments/bc_dpg_v3_ablation_no_shift_selectivity_v4_fold01_seed42/tables/base_threshold_val_predictions.csv
results/experiments/bc_dpg_v3_ablation_no_shift_selectivity_v4_fold01_seed42/tables/raw_base_threshold_test_predictions.csv,COPIED,82392,a9d00202721448335191822c2b0c92570273535bd3f1800be9147d290b7cb934,snapshot/results/experiments/bc_dpg_v3_ablation_no_shift_selectivity_v4_fold01_seed42/tables/raw_base_threshold_test_predictions.csv
results/experiments/bc_dpg_v3_ablation_no_shift_selectivity_v4_fold01_seed42/tables/raw_val_threshold_curve.csv,COPIED,6763,45dcab486b1877f8ea39f087126eabc472eb5fb92b502c41e85a6ecd03825f6c,snapshot/results/experiments/bc_dpg_v3_ablation_no_shift_selectivity_v4_fold01_seed42/tables/raw_val_threshold_curve.csv
results/experiments/bc_dpg_v3_ablation_no_shift_selectivity_v4_fold01_seed42/tables/training_history.csv,COPIED,16839,3890d1635b86e1580570caf4843f3f4e4b8474376fdc53854ea26e20fb74e626,snapshot/results/experiments/bc_dpg_v3_ablation_no_shift_selectivity_v4_fold01_seed42/tables/training_history.csv
results/experiments/bc_dpg_v3_ablation_no_shift_selectivity_v4_fold01_seed42/tables/val_threshold_curve.csv,COPIED,9221,8bf3faf5095c5787022876f053fc47f59ae658d9c5b57ee2a15a85138ab3bb3f,snapshot/results/experiments/bc_dpg_v3_ablation_no_shift_selectivity_v4_fold01_seed42/tables/val_threshold_curve.csv
results/experiments/bc_dpg_v3_ablation_no_shift_selectivity_v4_fold04_seed42/tables/base_threshold_test_predictions.csv,COPIED,82193,39aeebd6f70fb7d13654bb5c0a6c11211e7cc92d5eb11283aeb2ed89b9a7ca2e,snapshot/results/experiments/bc_dpg_v3_ablation_no_shift_selectivity_v4_fold04_seed42/tables/base_threshold_test_predictions.csv
results/experiments/bc_dpg_v3_ablation_no_shift_selectivity_v4_fold04_seed42/tables/base_threshold_val_predictions.csv,COPIED,85180,69acf56be50158d60c72ff202179eb2c335493c190e0408e40f531bd219ce3b7,snapshot/results/experiments/bc_dpg_v3_ablation_no_shift_selectivity_v4_fold04_seed42/tables/base_threshold_val_predictions.csv
results/experiments/bc_dpg_v3_ablation_no_shift_selectivity_v4_fold04_seed42/tables/raw_base_threshold_test_predictions.csv,COPIED,81978,1b24f2687b0fce0173758d35fadd744d348d4c7878606ff25ee0c71e62da08cd,snapshot/results/experiments/bc_dpg_v3_ablation_no_shift_selectivity_v4_fold04_seed42/tables/raw_base_threshold_test_predictions.csv
results/experiments/bc_dpg_v3_ablation_no_shift_selectivity_v4_fold04_seed42/tables/raw_val_threshold_curve.csv,COPIED,7466,fb7ae6621a996a1b97c1b13d57c6eefc90fa4040d951b02b511d2cf6479a90b5,snapshot/results/experiments/bc_dpg_v3_ablation_no_shift_selectivity_v4_fold04_seed42/tables/raw_val_threshold_curve.csv
results/experiments/bc_dpg_v3_ablation_no_shift_selectivity_v4_fold04_seed42/tables/training_history.csv,COPIED,17445,5580a59614498f938c644016b0a2127c1a5ff9182d519be671d646a24fdf2b74,snapshot/results/experiments/bc_dpg_v3_ablation_no_shift_selectivity_v4_fold04_seed42/tables/training_history.csv
results/experiments/bc_dpg_v3_ablation_no_shift_selectivity_v4_fold04_seed42/tables/val_threshold_curve.csv,COPIED,9295,8ee2f7ad37226287731a45a152a0f2b3b7660a830f66b1bc6347cc598819e305,snapshot/results/experiments/bc_dpg_v3_ablation_no_shift_selectivity_v4_fold04_seed42/tables/val_threshold_curve.csv
results/experiments/bc_dpg_v3_ablation_no_target_keep_v4_fold01_seed42/tables/base_threshold_test_predictions.csv,COPIED,82708,13061d6dc27453cf60388e6d3598d72e4239fe1bf2d85cba39467e1d238374c1,snapshot/results/experiments/bc_dpg_v3_ablation_no_target_keep_v4_fold01_seed42/tables/base_threshold_test_predictions.csv
results/experiments/bc_dpg_v3_ablation_no_target_keep_v4_fold01_seed42/tables/base_threshold_val_predictions.csv,COPIED,82580,e4dc85819558e7476e1046e601b1e47fdc927549ef5a926d384fa84ecd8e26fe,snapshot/results/experiments/bc_dpg_v3_ablation_no_target_keep_v4_fold01_seed42/tables/base_threshold_val_predictions.csv
results/experiments/bc_dpg_v3_ablation_no_target_keep_v4_fold01_seed42/tables/raw_base_threshold_test_predictions.csv,COPIED,82550,09fe29f60fb7c6712e8cbb1440915e3aa50d9ba36b0bdec5918151874259620c,snapshot/results/experiments/bc_dpg_v3_ablation_no_target_keep_v4_fold01_seed42/tables/raw_base_threshold_test_predictions.csv
results/experiments/bc_dpg_v3_ablation_no_target_keep_v4_fold01_seed42/tables/raw_val_threshold_curve.csv,COPIED,6763,45dcab486b1877f8ea39f087126eabc472eb5fb92b502c41e85a6ecd03825f6c,snapshot/results/experiments/bc_dpg_v3_ablation_no_target_keep_v4_fold01_seed42/tables/raw_val_threshold_curve.csv
results/experiments/bc_dpg_v3_ablation_no_target_keep_v4_fold01_seed42/tables/training_history.csv,COPIED,16712,7772a8951c3548d363dee54ed461fde0c5a7ec9661063619b878f966471387e0,snapshot/results/experiments/bc_dpg_v3_ablation_no_target_keep_v4_fold01_seed42/tables/training_history.csv
results/experiments/bc_dpg_v3_ablation_no_target_keep_v4_fold01_seed42/tables/val_threshold_curve.csv,COPIED,9222,c2b5437e9b0fa54dba6bb3238722a2e4bc6de02f66a2c23e1a59338794d05a83,snapshot/results/experiments/bc_dpg_v3_ablation_no_target_keep_v4_fold01_seed42/tables/val_threshold_curve.csv
results/experiments/bc_dpg_v3_ablation_no_target_keep_v4_fold04_seed42/tables/base_threshold_test_predictions.csv,COPIED,82113,3544b0f3615ac38ef861d0f792f14a0ce9f73a5f6736a713b0717f1f04ab9736,snapshot/results/experiments/bc_dpg_v3_ablation_no_target_keep_v4_fold04_seed42/tables/base_threshold_test_predictions.csv
results/experiments/bc_dpg_v3_ablation_no_target_keep_v4_fold04_seed42/tables/base_threshold_val_predictions.csv,COPIED,85059,f3d725e83e2d7bd8c06f70f06ef4ef9e2cefe40ed518ceaf115960f850e8d4c0,snapshot/results/experiments/bc_dpg_v3_ablation_no_target_keep_v4_fold04_seed42/tables/base_threshold_val_predictions.csv
results/experiments/bc_dpg_v3_ablation_no_target_keep_v4_fold04_seed42/tables/raw_base_threshold_test_predictions.csv,COPIED,81912,710fcca5eed03eb06ad2c3e3a195a89eedf257e6ec6a015d79cdd666dbc0b3c6,snapshot/results/experiments/bc_dpg_v3_ablation_no_target_keep_v4_fold04_seed42/tables/raw_base_threshold_test_predictions.csv
results/experiments/bc_dpg_v3_ablation_no_target_keep_v4_fold04_seed42/tables/raw_val_threshold_curve.csv,COPIED,7466,fb7ae6621a996a1b97c1b13d57c6eefc90fa4040d951b02b511d2cf6479a90b5,snapshot/results/experiments/bc_dpg_v3_ablation_no_target_keep_v4_fold04_seed42/tables/raw_val_threshold_curve.csv
results/experiments/bc_dpg_v3_ablation_no_target_keep_v4_fold04_seed42/tables/training_history.csv,COPIED,17423,3783d076e676afa167372b499ad7ba4d232aa47c758ed255dc8b4ad2d42e2591,snapshot/results/experiments/bc_dpg_v3_ablation_no_target_keep_v4_fold04_seed42/tables/training_history.csv
results/experiments/bc_dpg_v3_ablation_no_target_keep_v4_fold04_seed42/tables/val_threshold_curve.csv,COPIED,9311,bc2b697da2a3eff13ad7e5de4cb1da447a36c3d7ec13618d968cfa763732576f,snapshot/results/experiments/bc_dpg_v3_ablation_no_target_keep_v4_fold04_seed42/tables/val_threshold_curve.csv
results/experiments/bc_dpg_v3_ablation_no_target_protection_v4_fold01_seed42/tables/base_threshold_test_predictions.csv,COPIED,82596,a294e9dede725385aec985ab1abc22ca3af8da404bdf4dc6b1571946830ac1d8,snapshot/results/experiments/bc_dpg_v3_ablation_no_target_protection_v4_fold01_seed42/tables/base_threshold_test_predictions.csv
results/experiments/bc_dpg_v3_ablation_no_target_protection_v4_fold01_seed42/tables/base_threshold_val_predictions.csv,COPIED,82591,4085655e99e5a360ee2334f1841b0540e3942f6e2e77d66246ec2c215be9a7fe,snapshot/results/experiments/bc_dpg_v3_ablation_no_target_protection_v4_fold01_seed42/tables/base_threshold_val_predictions.csv
results/experiments/bc_dpg_v3_ablation_no_target_protection_v4_fold01_seed42/tables/raw_base_threshold_test_predictions.csv,COPIED,82469,8fafc03a4d54a1e96c5d7bc33953f052846e94d25ad1dd0247aeebff78cc7076,snapshot/results/experiments/bc_dpg_v3_ablation_no_target_protection_v4_fold01_seed42/tables/raw_base_threshold_test_predictions.csv
results/experiments/bc_dpg_v3_ablation_no_target_protection_v4_fold01_seed42/tables/raw_val_threshold_curve.csv,COPIED,6763,45dcab486b1877f8ea39f087126eabc472eb5fb92b502c41e85a6ecd03825f6c,snapshot/results/experiments/bc_dpg_v3_ablation_no_target_protection_v4_fold01_seed42/tables/raw_val_threshold_curve.csv
results/experiments/bc_dpg_v3_ablation_no_target_protection_v4_fold01_seed42/tables/training_history.csv,COPIED,17203,1dc90e4e3b0722ba778f4cdebc9d8cbb7046e0ffeaf1300e726e87b3d99ebfaf,snapshot/results/experiments/bc_dpg_v3_ablation_no_target_protection_v4_fold01_seed42/tables/training_history.csv
results/experiments/bc_dpg_v3_ablation_no_target_protection_v4_fold01_seed42/tables/val_threshold_curve.csv,COPIED,9210,d4bb2d03a9f59e9b1f28fce9bc2768c42d320ea5e39fedfaa1323d5b845539fe,snapshot/results/experiments/bc_dpg_v3_ablation_no_target_protection_v4_fold01_seed42/tables/val_threshold_curve.csv
results/experiments/bc_dpg_v3_ablation_no_target_protection_v4_fold01_seed42_smoke/tables/base_threshold_test_predictions.csv,COPIED,10029,bf36eb54bdbfa832d340cd7c9ad0e859b06aee6e11626af4e8e6e308d55d4cce,snapshot/results/experiments/bc_dpg_v3_ablation_no_target_protection_v4_fold01_seed42_smoke/tables/base_threshold_test_predictions.csv
results/experiments/bc_dpg_v3_ablation_no_target_protection_v4_fold01_seed42_smoke/tables/base_threshold_val_predictions.csv,COPIED,9985,bd49ece8898b22f3dbb05d8a52b85b3b2c816601f4e6b6f9ce2e9ee333c24c05,snapshot/results/experiments/bc_dpg_v3_ablation_no_target_protection_v4_fold01_seed42_smoke/tables/base_threshold_val_predictions.csv
results/experiments/bc_dpg_v3_ablation_no_target_protection_v4_fold01_seed42_smoke/tables/raw_base_threshold_test_predictions.csv,COPIED,10025,2365cf0e75fd693b6992957ff91d27d0cbf1803a3630e5be41c0289e892d4151,snapshot/results/experiments/bc_dpg_v3_ablation_no_target_protection_v4_fold01_seed42_smoke/tables/raw_base_threshold_test_predictions.csv
results/experiments/bc_dpg_v3_ablation_no_target_protection_v4_fold01_seed42_smoke/tables/raw_val_threshold_curve.csv,COPIED,623,ec6bc54bc94a3304c726a2f1996067677df34a54659c5a130eeab4f88e616fcf,snapshot/results/experiments/bc_dpg_v3_ablation_no_target_protection_v4_fold01_seed42_smoke/tables/raw_val_threshold_curve.csv
results/experiments/bc_dpg_v3_ablation_no_target_protection_v4_fold01_seed42_smoke/tables/training_history.csv,COPIED,2502,83c2f3cfc5584b39f84caabda73f77557835ce3c98ee2caabe2d7af60ab8aaaf,snapshot/results/experiments/bc_dpg_v3_ablation_no_target_protection_v4_fold01_seed42_smoke/tables/training_history.csv
results/experiments/bc_dpg_v3_ablation_no_target_protection_v4_fold01_seed42_smoke/tables/val_threshold_curve.csv,COPIED,622,c450bc4e51c0160292c756206c385364598bd8384020656fcc7a79f088d28f20,snapshot/results/experiments/bc_dpg_v3_ablation_no_target_protection_v4_fold01_seed42_smoke/tables/val_threshold_curve.csv
results/experiments/bc_dpg_v3_ablation_no_target_protection_v4_fold04_seed42/tables/base_threshold_test_predictions.csv,COPIED,82190,a194275930859f02101713aa161e5482bd91e9ec40adec9a69628c2531f70670,snapshot/results/experiments/bc_dpg_v3_ablation_no_target_protection_v4_fold04_seed42/tables/base_threshold_test_predictions.csv
results/experiments/bc_dpg_v3_ablation_no_target_protection_v4_fold04_seed42/tables/base_threshold_val_predictions.csv,COPIED,85295,52551780be3ebc32832364b1e66d5bbb834fc32e1ebc9b4da2f7b82bac7cf282,snapshot/results/experiments/bc_dpg_v3_ablation_no_target_protection_v4_fold04_seed42/tables/base_threshold_val_predictions.csv
results/experiments/bc_dpg_v3_ablation_no_target_protection_v4_fold04_seed42/tables/raw_base_threshold_test_predictions.csv,COPIED,81964,b40d79e73cce37afb7f8ab87bd4c05a7741f4988702c0486dcc15cb815770454,snapshot/results/experiments/bc_dpg_v3_ablation_no_target_protection_v4_fold04_seed42/tables/raw_base_threshold_test_predictions.csv
results/experiments/bc_dpg_v3_ablation_no_target_protection_v4_fold04_seed42/tables/raw_val_threshold_curve.csv,COPIED,7466,fb7ae6621a996a1b97c1b13d57c6eefc90fa4040d951b02b511d2cf6479a90b5,snapshot/results/experiments/bc_dpg_v3_ablation_no_target_protection_v4_fold04_seed42/tables/raw_val_threshold_curve.csv
results/experiments/bc_dpg_v3_ablation_no_target_protection_v4_fold04_seed42/tables/training_history.csv,COPIED,18066,254804270e2e2ba857c8d324af7abaf28037eb5db8b0125b896d927268ef1d80,snapshot/results/experiments/bc_dpg_v3_ablation_no_target_protection_v4_fold04_seed42/tables/training_history.csv
results/experiments/bc_dpg_v3_ablation_no_target_protection_v4_fold04_seed42/tables/val_threshold_curve.csv,COPIED,9275,89c17e879811eee055c86bea427536786fb4d7a71296ee658a639f2448ae6359,snapshot/results/experiments/bc_dpg_v3_ablation_no_target_protection_v4_fold04_seed42/tables/val_threshold_curve.csv
results/experiments/bc_dpg_v3_ablation_no_target_protection_v4_fold04_seed42_smoke/tables/base_threshold_test_predictions.csv,COPIED,10026,caadbbe3e053a67cf6e4937ca5bca9c2b91cd3c24e7638ccd3b7cfb4965fa47c,snapshot/results/experiments/bc_dpg_v3_ablation_no_target_protection_v4_fold04_seed42_smoke/tables/base_threshold_test_predictions.csv
results/experiments/bc_dpg_v3_ablation_no_target_protection_v4_fold04_seed42_smoke/tables/base_threshold_val_predictions.csv,COPIED,9994,a4c1c494c4f7d95a359f8167121426ce8b88c58caa0544c1504171f9d80d28f7,snapshot/results/experiments/bc_dpg_v3_ablation_no_target_protection_v4_fold04_seed42_smoke/tables/base_threshold_val_predictions.csv
results/experiments/bc_dpg_v3_ablation_no_target_protection_v4_fold04_seed42_smoke/tables/raw_base_threshold_test_predictions.csv,COPIED,10029,d12871266a70a1ad06fa6d3bbea65cd6f255d95b2a433bac1fc9f4dad83eaca5,snapshot/results/experiments/bc_dpg_v3_ablation_no_target_protection_v4_fold04_seed42_smoke/tables/raw_base_threshold_test_predictions.csv
results/experiments/bc_dpg_v3_ablation_no_target_protection_v4_fold04_seed42_smoke/tables/raw_val_threshold_curve.csv,COPIED,817,fc8397ebd9bb18bbc6cf9f8ae88a5c3a41d820cc441dc52c48098b809d7e6e29,snapshot/results/experiments/bc_dpg_v3_ablation_no_target_protection_v4_fold04_seed42_smoke/tables/raw_val_threshold_curve.csv
results/experiments/bc_dpg_v3_ablation_no_target_protection_v4_fold04_seed42_smoke/tables/training_history.csv,COPIED,2730,3d348426131d87f61493f4b5522b8dd30c3e903118f4a3ea2026a45aae5f62fa,snapshot/results/experiments/bc_dpg_v3_ablation_no_target_protection_v4_fold04_seed42_smoke/tables/training_history.csv
results/experiments/bc_dpg_v3_ablation_no_target_protection_v4_fold04_seed42_smoke/tables/val_threshold_curve.csv,COPIED,818,cc50917dec773e5068fab0d443fb6ac47cb4d93913f25114a069f91e6811c575,snapshot/results/experiments/bc_dpg_v3_ablation_no_target_protection_v4_fold04_seed42_smoke/tables/val_threshold_curve.csv
results/experiments/bc_dpg_v3_scan_target_v4_fold01_seed42/tables/base_threshold_test_predictions.csv,COPIED,82775,239fa467cd40d84a5528af75969da1b981270fd8453f81a3a96afdce38f77b81,snapshot/results/experiments/bc_dpg_v3_scan_target_v4_fold01_seed42/tables/base_threshold_test_predictions.csv
results/experiments/bc_dpg_v3_scan_target_v4_fold01_seed42/tables/base_threshold_val_predictions.csv,COPIED,82606,e722831f261108fceb3de41100a457ef03d2965a133acbfc43b8ea8caf644669,snapshot/results/experiments/bc_dpg_v3_scan_target_v4_fold01_seed42/tables/base_threshold_val_predictions.csv
results/experiments/bc_dpg_v3_scan_target_v4_fold01_seed42/tables/raw_base_threshold_test_predictions.csv,COPIED,82655,835d91b4ca9f78649c9d900d790224c5fbcdebb13ae1ce3925cdbb514d2d37f5,snapshot/results/experiments/bc_dpg_v3_scan_target_v4_fold01_seed42/tables/raw_base_threshold_test_predictions.csv
results/experiments/bc_dpg_v3_scan_target_v4_fold01_seed42/tables/raw_val_threshold_curve.csv,COPIED,6763,45dcab486b1877f8ea39f087126eabc472eb5fb92b502c41e85a6ecd03825f6c,snapshot/results/experiments/bc_dpg_v3_scan_target_v4_fold01_seed42/tables/raw_val_threshold_curve.csv
results/experiments/bc_dpg_v3_scan_target_v4_fold01_seed42/tables/training_history.csv,COPIED,16464,6e32965fba96978800a052531d20ca0155453114c20e3353b7938c48f4d562d6,snapshot/results/experiments/bc_dpg_v3_scan_target_v4_fold01_seed42/tables/training_history.csv
results/experiments/bc_dpg_v3_scan_target_v4_fold01_seed42/tables/val_threshold_curve.csv,COPIED,9223,6d46ae32e4af9e634d6a3f07205bc352c1c50cfb2b41dbed1241d79ab3eaccda,snapshot/results/experiments/bc_dpg_v3_scan_target_v4_fold01_seed42/tables/val_threshold_curve.csv
results/experiments/bc_dpg_v3_scan_target_v4_fold04_seed42/tables/base_threshold_test_predictions.csv,COPIED,82410,ca35d6d5af16bc0e000400bbe6994171e3a88ef3c586ea6d58d7d29b94934bd4,snapshot/results/experiments/bc_dpg_v3_scan_target_v4_fold04_seed42/tables/base_threshold_test_predictions.csv
results/experiments/bc_dpg_v3_scan_target_v4_fold04_seed42/tables/base_threshold_val_predictions.csv,COPIED,85370,9039441d2673713e5805da1fd29a9a9f4c8a94eb3b553f9fee1fa718f71f5822,snapshot/results/experiments/bc_dpg_v3_scan_target_v4_fold04_seed42/tables/base_threshold_val_predictions.csv
results/experiments/bc_dpg_v3_scan_target_v4_fold04_seed42/tables/raw_base_threshold_test_predictions.csv,COPIED,82198,4dd17ed4c65d6828ef474afd9c75e653792d53e6986c1e9c8f73b74d2f510aa1,snapshot/results/experiments/bc_dpg_v3_scan_target_v4_fold04_seed42/tables/raw_base_threshold_test_predictions.csv
results/experiments/bc_dpg_v3_scan_target_v4_fold04_seed42/tables/raw_val_threshold_curve.csv,COPIED,7466,fb7ae6621a996a1b97c1b13d57c6eefc90fa4040d951b02b511d2cf6479a90b5,snapshot/results/experiments/bc_dpg_v3_scan_target_v4_fold04_seed42/tables/raw_val_threshold_curve.csv
results/experiments/bc_dpg_v3_scan_target_v4_fold04_seed42/tables/training_history.csv,COPIED,17077,26574a29ea27d1e3f897e33abe74a792ac6e618117ce87bf7a97a003fadd5ead,snapshot/results/experiments/bc_dpg_v3_scan_target_v4_fold04_seed42/tables/training_history.csv
results/experiments/bc_dpg_v3_scan_target_v4_fold04_seed42/tables/val_threshold_curve.csv,COPIED,9231,9832364950246823ac5eff0391546484ccc90843933f870db6d16ac9c6b8956f,snapshot/results/experiments/bc_dpg_v3_scan_target_v4_fold04_seed42/tables/val_threshold_curve.csv
results/experiments/detection_h_v4_fold01_seed42/tables/training_history.csv,COPIED,17373,9fb1716a288d87c716fb0ca9a44e2e018f058f75eb09f64fd013ed35b2253123,snapshot/results/experiments/detection_h_v4_fold01_seed42/tables/training_history.csv
results/experiments/detection_h_v4_fold01_seed42/tables/val_threshold_curve.csv,COPIED,8199,bc102cb2983e8e2d2d8231425f63e39bf8e9b890700a62ddb0c200db45eef4dc,snapshot/results/experiments/detection_h_v4_fold01_seed42/tables/val_threshold_curve.csv
results/experiments/detection_h_v4_fold04_seed42/tables/training_history.csv,COPIED,16018,7717465b2011fdc6170dcd008ec931456e94637aadb49ac5eb69ef996003e130,snapshot/results/experiments/detection_h_v4_fold04_seed42/tables/training_history.csv
results/experiments/detection_h_v4_fold04_seed42/tables/val_threshold_curve.csv,COPIED,8328,edcef99c3ab17eb2687a92a8894114009d0f8c2af9998f73dfa9f6644ff8bd94,snapshot/results/experiments/detection_h_v4_fold04_seed42/tables/val_threshold_curve.csv
results/experiments/detection_hv_v4_fold01_seed42/tables/training_history.csv,COPIED,15396,efba031eb73a731b58a76c749157a0d2e6e4ac117564c3f92abb9b040697bb76,snapshot/results/experiments/detection_hv_v4_fold01_seed42/tables/training_history.csv
results/experiments/detection_hv_v4_fold01_seed42/tables/val_threshold_curve.csv,COPIED,7709,98b22d50e5ac32378e2f9a3c43c208ccb2c89a39290a6531aabcb894b461d3f3,snapshot/results/experiments/detection_hv_v4_fold01_seed42/tables/val_threshold_curve.csv
results/experiments/detection_hv_v4_fold04_seed42/tables/training_history.csv,COPIED,15216,1dbedd5bb1a231cec12bca8b41c4d967af3a7b06a2e7fbd89f92deec081d9b5b,snapshot/results/experiments/detection_hv_v4_fold04_seed42/tables/training_history.csv
results/experiments/detection_hv_v4_fold04_seed42/tables/val_threshold_curve.csv,COPIED,6014,5342fd5ca19188e27a7b6909c6fa189013c7f143cc963c3e5af07eec742d7966,snapshot/results/experiments/detection_hv_v4_fold04_seed42/tables/val_threshold_curve.csv
results/experiments/detection_v_v4_fold01_seed42/tables/training_history.csv,COPIED,16408,a7e72a30b0fa8ae68dc092bce5154b322f06340b0498c226308d22570c8182f3,snapshot/results/experiments/detection_v_v4_fold01_seed42/tables/training_history.csv
results/experiments/detection_v_v4_fold01_seed42/tables/val_threshold_curve.csv,COPIED,8158,837fc17c25b46387bfa6a9c41a2022aa033f0e7c204d67a4e9a9e6ddadc016a5,snapshot/results/experiments/detection_v_v4_fold01_seed42/tables/val_threshold_curve.csv
results/experiments/detection_v_v4_fold04_seed42/tables/training_history.csv,COPIED,16333,ac07b4f326f2b75555f0ab672a04ccf70757fb48fcec8f87e476260243978606,snapshot/results/experiments/detection_v_v4_fold04_seed42/tables/training_history.csv
results/experiments/detection_v_v4_fold04_seed42/tables/val_threshold_curve.csv,COPIED,8411,f7b91abc845dca9696c8d36c086f86978f1e792b3179c3178331be65dd4411c6,snapshot/results/experiments/detection_v_v4_fold04_seed42/tables/val_threshold_curve.csv
results/experiments/dpg_fcn_v4_fold01_seed42/tables/training_history.csv,COPIED,19308,e9e199ae9838c9a73095635de583dc415919e03652f69d045b1306e9ccba2187,snapshot/results/experiments/dpg_fcn_v4_fold01_seed42/tables/training_history.csv
results/experiments/dpg_fcn_v4_fold01_seed42/tables/val_threshold_curve.csv,COPIED,6355,f5e1254f13a8b45fc067ae285f4c9321341d276e5b7a4c0b958be492132ba514,snapshot/results/experiments/dpg_fcn_v4_fold01_seed42/tables/val_threshold_curve.csv
results/experiments/dpg_fcn_v4_fold04_seed42/tables/training_history.csv,COPIED,23086,5e8149d08e3d31e14de6523d7bcc9ea43e410a0ee4b34a93390c0ccb91973ef3,snapshot/results/experiments/dpg_fcn_v4_fold04_seed42/tables/training_history.csv
results/experiments/dpg_fcn_v4_fold04_seed42/tables/val_threshold_curve.csv,COPIED,7145,6281cad85c00c93c0c1d3216b0f98e1c93f2b02219eb17a7a0853f5e6bbf0bab,snapshot/results/experiments/dpg_fcn_v4_fold04_seed42/tables/val_threshold_curve.csv
results/experiments/polar_repr_v1_polar6_v4_fold01_seed42_formal/tables/training_history.csv,COPIED,8696,0d4fc3f70b6e8126e48edc54bd60aba59c0159a6ba6a2d2c0153344114001a53,snapshot/results/experiments/polar_repr_v1_polar6_v4_fold01_seed42_formal/tables/training_history.csv
results/experiments/polar_repr_v1_polar6_v4_fold01_seed42_formal/tables/val_threshold_curve.csv,COPIED,7706,a0c5b7cb7a32effae17ade4da5387dc9c18f521d051de47adc650db5de8faf3b,snapshot/results/experiments/polar_repr_v1_polar6_v4_fold01_seed42_formal/tables/val_threshold_curve.csv
results/experiments/polar_repr_v1_polar6_v4_fold01_seed42_smoke/tables/training_history.csv,COPIED,303,f08ddf1ef7a650696a7e78fa72702e96bc54d764be784bcdc3a034155534516f,snapshot/results/experiments/polar_repr_v1_polar6_v4_fold01_seed42_smoke/tables/training_history.csv
results/experiments/polar_repr_v1_polar6_v4_fold01_seed42_smoke/tables/val_threshold_curve.csv,COPIED,331,77a87ba1e0c60c64eb2e729eede54de18b35352b74f59c67feb9917cce150570,snapshot/results/experiments/polar_repr_v1_polar6_v4_fold01_seed42_smoke/tables/val_threshold_curve.csv
results/experiments/polar_repr_v1_polar6_v4_fold04_seed42_formal/tables/training_history.csv,COPIED,8476,d230725cd2f86d83909818a01a8d1690adbad16f4567e37e51f3c9f6d896a970,snapshot/results/experiments/polar_repr_v1_polar6_v4_fold04_seed42_formal/tables/training_history.csv
results/experiments/polar_repr_v1_polar6_v4_fold04_seed42_formal/tables/val_threshold_curve.csv,COPIED,7642,9dd1a9e7dc524ff1813a62d36eb9f5e5fa575e8e01dc27354156f0d2cff2c775,snapshot/results/experiments/polar_repr_v1_polar6_v4_fold04_seed42_formal/tables/val_threshold_curve.csv
results/experiments/polar_repr_v1_polar6_v4_fold04_seed42_smoke/tables/training_history.csv,COPIED,318,1631fa25a0ec5cf74f25e31fe7b79fa87c9c393419e439248b3733bc07617e9a,snapshot/results/experiments/polar_repr_v1_polar6_v4_fold04_seed42_smoke/tables/training_history.csv
results/experiments/polar_repr_v1_polar6_v4_fold04_seed42_smoke/tables/val_threshold_curve.csv,COPIED,265,08883343362d5bdc192d3f2da67c75df9a44ed1c67b32bd86400067c86ff1cc7,snapshot/results/experiments/polar_repr_v1_polar6_v4_fold04_seed42_smoke/tables/val_threshold_curve.csv
results/experiments/polar_repr_v1_power2_v4_fold01_seed42_formal/tables/training_history.csv,COPIED,9564,b9f494d9a645bcd358ba2a26416cdbc70de333854715e89befb1175111724db7,snapshot/results/experiments/polar_repr_v1_power2_v4_fold01_seed42_formal/tables/training_history.csv
results/experiments/polar_repr_v1_power2_v4_fold01_seed42_formal/tables/val_threshold_curve.csv,COPIED,7661,e0bb6338e4319e8a5cfbe414fa4950aff0290a661dfbe5294b9007aebaf3882d,snapshot/results/experiments/polar_repr_v1_power2_v4_fold01_seed42_formal/tables/val_threshold_curve.csv
results/experiments/polar_repr_v1_power2_v4_fold01_seed42_smoke/tables/training_history.csv,COPIED,312,c5f5dbde3e651693abe9b360b66825f651c41e2ed8b323fbf6a0f5ab38bf2ed6,snapshot/results/experiments/polar_repr_v1_power2_v4_fold01_seed42_smoke/tables/training_history.csv
results/experiments/polar_repr_v1_power2_v4_fold01_seed42_smoke/tables/val_threshold_curve.csv,COPIED,214,9dd632d5ee3dec5b08165c663988567215d015684189347e8fcfe8e4e85d3a0d,snapshot/results/experiments/polar_repr_v1_power2_v4_fold01_seed42_smoke/tables/val_threshold_curve.csv
results/experiments/polar_repr_v1_power2_v4_fold04_seed42_formal/tables/training_history.csv,COPIED,9709,dea92f906544e0af5ad84520f7dba6b24df6ec3a7d5d7f765fca5c642ff26f37,snapshot/results/experiments/polar_repr_v1_power2_v4_fold04_seed42_formal/tables/training_history.csv
results/experiments/polar_repr_v1_power2_v4_fold04_seed42_formal/tables/val_threshold_curve.csv,COPIED,7709,801af48fc9d95855658e9e74ea3e1a0312a3f5bb472710739c7db033a04d7908,snapshot/results/experiments/polar_repr_v1_power2_v4_fold04_seed42_formal/tables/val_threshold_curve.csv
results/experiments/polar_repr_v1_power2_v4_fold04_seed42_smoke/tables/training_history.csv,COPIED,313,e90cc000f5f1c3de7790c8604f3fb71a59d2901cdb3b88894f330dd7b2627cc1,snapshot/results/experiments/polar_repr_v1_power2_v4_fold04_seed42_smoke/tables/training_history.csv
results/experiments/polar_repr_v1_power2_v4_fold04_seed42_smoke/tables/val_threshold_curve.csv,COPIED,201,11036aa4b154b70145cb891fc3fd10d374abaf2f0e3e599b1eb2828838926390,snapshot/results/experiments/polar_repr_v1_power2_v4_fold04_seed42_smoke/tables/val_threshold_curve.csv
results/experiments/polar_repr_v1_ri4_v4_fold01_seed42_formal/tables/training_history.csv,COPIED,10320,424ed6a2501127a3accb8feb29dd4b4e97cd975cf0820cd5f27878b0e444633a,snapshot/results/experiments/polar_repr_v1_ri4_v4_fold01_seed42_formal/tables/training_history.csv
results/experiments/polar_repr_v1_ri4_v4_fold01_seed42_formal/tables/val_threshold_curve.csv,COPIED,8607,25486e924c29685d3dd5ccaca70ed661a0f1c39cf614aaabd14657ea2cd792e3,snapshot/results/experiments/polar_repr_v1_ri4_v4_fold01_seed42_formal/tables/val_threshold_curve.csv
results/experiments/polar_repr_v1_ri4_v4_fold01_seed42_smoke/tables/training_history.csv,COPIED,313,1a303085c7f9f8acf054c7a1bd2f90b8d597d075d34e5a7b8f411d8b2c242fea,snapshot/results/experiments/polar_repr_v1_ri4_v4_fold01_seed42_smoke/tables/training_history.csv
results/experiments/polar_repr_v1_ri4_v4_fold01_seed42_smoke/tables/val_threshold_curve.csv,COPIED,320,5511ea8505d8aa0b168c3ff72e25ed6cb0a25608d2bc7f5069665dcdf2a64523,snapshot/results/experiments/polar_repr_v1_ri4_v4_fold01_seed42_smoke/tables/val_threshold_curve.csv
results/experiments/polar_repr_v1_ri4_v4_fold04_seed42_formal/tables/training_history.csv,COPIED,9147,337680d2cf0fe8d97c2877f5ac3b5444fcdc5f0b82aee7dba51e18a45a3adf80,snapshot/results/experiments/polar_repr_v1_ri4_v4_fold04_seed42_formal/tables/training_history.csv
results/experiments/polar_repr_v1_ri4_v4_fold04_seed42_formal/tables/val_threshold_curve.csv,COPIED,8406,a3adb7725d5fa700d4b71ae56a8fb70814b33300fd1ac4fb38c43a06ac01591d,snapshot/results/experiments/polar_repr_v1_ri4_v4_fold04_seed42_formal/tables/val_threshold_curve.csv
results/experiments/polar_repr_v1_ri4_v4_fold04_seed42_smoke/tables/training_history.csv,COPIED,314,f03dc5ba6aa0ff120f0cbe59c278a816a46efb9b99aaa2e7314972ee615a360f,snapshot/results/experiments/polar_repr_v1_ri4_v4_fold04_seed42_smoke/tables/training_history.csv
results/experiments/polar_repr_v1_ri4_v4_fold04_seed42_smoke/tables/val_threshold_curve.csv,COPIED,270,9b088815cb8da41b8e34d6b0c72d91102c5d599f975171246d9602d8b7e0f4f7,snapshot/results/experiments/polar_repr_v1_ri4_v4_fold04_seed42_smoke/tables/val_threshold_curve.csv
results/experiments/polar_repr_v1_ri8_v4_fold01_seed42_formal/tables/training_history.csv,COPIED,8070,5d7687fa7b5b2c716e3a175cbad7d5b70070684209667cffd9c76178bd748b3b,snapshot/results/experiments/polar_repr_v1_ri8_v4_fold01_seed42_formal/tables/training_history.csv
results/experiments/polar_repr_v1_ri8_v4_fold01_seed42_formal/tables/val_threshold_curve.csv,COPIED,8124,41afee5cfba69c1af94603c58c9e03a69c1808854d2eac927531de5c856fc334,snapshot/results/experiments/polar_repr_v1_ri8_v4_fold01_seed42_formal/tables/val_threshold_curve.csv
results/experiments/polar_repr_v1_ri8_v4_fold01_seed42_smoke/tables/training_history.csv,COPIED,308,f3bf483b1934611d1896fc76db6194b7ceae220efa3851c5f72938f77ec04db6,snapshot/results/experiments/polar_repr_v1_ri8_v4_fold01_seed42_smoke/tables/training_history.csv
results/experiments/polar_repr_v1_ri8_v4_fold01_seed42_smoke/tables/val_threshold_curve.csv,COPIED,285,b768f140f318f92fb1df8f4a9c95359d7fbf5d44062f6a2c3db0de862083ff94,snapshot/results/experiments/polar_repr_v1_ri8_v4_fold01_seed42_smoke/tables/val_threshold_curve.csv
results/experiments/polar_repr_v1_ri8_v4_fold04_seed42_formal/tables/training_history.csv,COPIED,7286,efeb773b936eb48a7aae1dcaae4401d27ee7766cdfc9d19a451bf73f4761a8f3,snapshot/results/experiments/polar_repr_v1_ri8_v4_fold04_seed42_formal/tables/training_history.csv
results/experiments/polar_repr_v1_ri8_v4_fold04_seed42_formal/tables/val_threshold_curve.csv,COPIED,6048,bfe37fd48bbaaa4e71fd5e238510ea095af3f6ecdd5677dfa5212b60a8e8d175,snapshot/results/experiments/polar_repr_v1_ri8_v4_fold04_seed42_formal/tables/val_threshold_curve.csv
results/experiments/polar_repr_v1_ri8_v4_fold04_seed42_smoke/tables/training_history.csv,COPIED,311,269a7e87f71095e6b0858657cba9b378e595c0ebf5fce949a2bdccc5fa3eafc6,snapshot/results/experiments/polar_repr_v1_ri8_v4_fold04_seed42_smoke/tables/training_history.csv
results/experiments/polar_repr_v1_ri8_v4_fold04_seed42_smoke/tables/val_threshold_curve.csv,COPIED,293,63ff228ab609c6840d8ac11cfa6e54f77d189a6df8086c9c72d1a9e6b374a376,snapshot/results/experiments/polar_repr_v1_ri8_v4_fold04_seed42_smoke/tables/val_threshold_curve.csv
results/experiments/polar_repr_v2_polar6_gated_v4_fold01_seed42_formal/tables/training_history.csv,COPIED,11182,834c5b763c3082bfd746e5b142351efa5c7bbf0881170838dd7fb1c44920918b,snapshot/results/experiments/polar_repr_v2_polar6_gated_v4_fold01_seed42_formal/tables/training_history.csv
results/experiments/polar_repr_v2_polar6_gated_v4_fold01_seed42_formal/tables/val_threshold_curve.csv,COPIED,8153,68362e25f691252c087b884b550ac8f0b8a26a136ae46a7f8c7f985e705b2684,snapshot/results/experiments/polar_repr_v2_polar6_gated_v4_fold01_seed42_formal/tables/val_threshold_curve.csv
results/experiments/polar_repr_v2_polar6_gated_v4_fold01_seed42_smoke/tables/training_history.csv,COPIED,302,a5d678c7e5d2bf562fc54055e39f6b176276c5810a71438632911d145187b042,snapshot/results/experiments/polar_repr_v2_polar6_gated_v4_fold01_seed42_smoke/tables/training_history.csv
results/experiments/polar_repr_v2_polar6_gated_v4_fold01_seed42_smoke/tables/val_threshold_curve.csv,COPIED,200,483a441916b62c3589c4a539df9574b368979a3bb5a38dd2ae473fc166e9cc3a,snapshot/results/experiments/polar_repr_v2_polar6_gated_v4_fold01_seed42_smoke/tables/val_threshold_curve.csv
results/experiments/polar_repr_v2_polar6_gated_v4_fold04_seed42_formal/tables/training_history.csv,COPIED,7898,9c7b568f16b3dc49eac2164b41374d02f33c2c8ca8ec49d05884bd7f5637a33f,snapshot/results/experiments/polar_repr_v2_polar6_gated_v4_fold04_seed42_formal/tables/training_history.csv
results/experiments/polar_repr_v2_polar6_gated_v4_fold04_seed42_formal/tables/val_threshold_curve.csv,COPIED,8186,0a0c124f7178514fbbdc3cd17ee52ea690578e31e95bdd04e15b52a9ecb4f5fd,snapshot/results/experiments/polar_repr_v2_polar6_gated_v4_fold04_seed42_formal/tables/val_threshold_curve.csv
results/experiments/polar_repr_v2_polar6_gated_v4_fold04_seed42_smoke/tables/training_history.csv,COPIED,309,55b2745563a6131558d9a9ef7b5c2674dc6f502f395f19a37c7a66edce3846f9,snapshot/results/experiments/polar_repr_v2_polar6_gated_v4_fold04_seed42_smoke/tables/training_history.csv
results/experiments/polar_repr_v2_polar6_gated_v4_fold04_seed42_smoke/tables/val_threshold_curve.csv,COPIED,263,eac78f3b37b2ac152e0beeb16e98eff85692993946455fbdd9795141adaf40db,snapshot/results/experiments/polar_repr_v2_polar6_gated_v4_fold04_seed42_smoke/tables/val_threshold_curve.csv
results/experiments/polar_repr_v2_power2_v4_fold01_seed42_formal/tables/training_history.csv,COPIED,9564,b9f494d9a645bcd358ba2a26416cdbc70de333854715e89befb1175111724db7,snapshot/results/experiments/polar_repr_v2_power2_v4_fold01_seed42_formal/tables/training_history.csv
results/experiments/polar_repr_v2_power2_v4_fold01_seed42_formal/tables/val_threshold_curve.csv,COPIED,7661,e0bb6338e4319e8a5cfbe414fa4950aff0290a661dfbe5294b9007aebaf3882d,snapshot/results/experiments/polar_repr_v2_power2_v4_fold01_seed42_formal/tables/val_threshold_curve.csv
results/experiments/polar_repr_v2_power2_v4_fold01_seed42_smoke/tables/training_history.csv,COPIED,312,c5f5dbde3e651693abe9b360b66825f651c41e2ed8b323fbf6a0f5ab38bf2ed6,snapshot/results/experiments/polar_repr_v2_power2_v4_fold01_seed42_smoke/tables/training_history.csv
results/experiments/polar_repr_v2_power2_v4_fold01_seed42_smoke/tables/val_threshold_curve.csv,COPIED,214,9dd632d5ee3dec5b08165c663988567215d015684189347e8fcfe8e4e85d3a0d,snapshot/results/experiments/polar_repr_v2_power2_v4_fold01_seed42_smoke/tables/val_threshold_curve.csv
results/experiments/polar_repr_v2_power2_v4_fold04_seed42_formal/tables/training_history.csv,COPIED,9709,dea92f906544e0af5ad84520f7dba6b24df6ec3a7d5d7f765fca5c642ff26f37,snapshot/results/experiments/polar_repr_v2_power2_v4_fold04_seed42_formal/tables/training_history.csv
results/experiments/polar_repr_v2_power2_v4_fold04_seed42_formal/tables/val_threshold_curve.csv,COPIED,7709,801af48fc9d95855658e9e74ea3e1a0312a3f5bb472710739c7db033a04d7908,snapshot/results/experiments/polar_repr_v2_power2_v4_fold04_seed42_formal/tables/val_threshold_curve.csv
results/experiments/polar_repr_v2_power2_v4_fold04_seed42_smoke/tables/training_history.csv,COPIED,313,e90cc000f5f1c3de7790c8604f3fb71a59d2901cdb3b88894f330dd7b2627cc1,snapshot/results/experiments/polar_repr_v2_power2_v4_fold04_seed42_smoke/tables/training_history.csv
results/experiments/polar_repr_v2_power2_v4_fold04_seed42_smoke/tables/val_threshold_curve.csv,COPIED,201,11036aa4b154b70145cb891fc3fd10d374abaf2f0e3e599b1eb2828838926390,snapshot/results/experiments/polar_repr_v2_power2_v4_fold04_seed42_smoke/tables/val_threshold_curve.csv
results/experiments/polar_repr_v2_ri4_v4_fold01_seed42_formal/tables/training_history.csv,COPIED,10320,424ed6a2501127a3accb8feb29dd4b4e97cd975cf0820cd5f27878b0e444633a,snapshot/results/experiments/polar_repr_v2_ri4_v4_fold01_seed42_formal/tables/training_history.csv
results/experiments/polar_repr_v2_ri4_v4_fold01_seed42_formal/tables/val_threshold_curve.csv,COPIED,8607,25486e924c29685d3dd5ccaca70ed661a0f1c39cf614aaabd14657ea2cd792e3,snapshot/results/experiments/polar_repr_v2_ri4_v4_fold01_seed42_formal/tables/val_threshold_curve.csv
results/experiments/polar_repr_v2_ri4_v4_fold01_seed42_smoke/tables/training_history.csv,COPIED,313,1a303085c7f9f8acf054c7a1bd2f90b8d597d075d34e5a7b8f411d8b2c242fea,snapshot/results/experiments/polar_repr_v2_ri4_v4_fold01_seed42_smoke/tables/training_history.csv
results/experiments/polar_repr_v2_ri4_v4_fold01_seed42_smoke/tables/val_threshold_curve.csv,COPIED,320,5511ea8505d8aa0b168c3ff72e25ed6cb0a25608d2bc7f5069665dcdf2a64523,snapshot/results/experiments/polar_repr_v2_ri4_v4_fold01_seed42_smoke/tables/val_threshold_curve.csv
results/experiments/polar_repr_v2_ri4_v4_fold04_seed42_formal/tables/training_history.csv,COPIED,9147,337680d2cf0fe8d97c2877f5ac3b5444fcdc5f0b82aee7dba51e18a45a3adf80,snapshot/results/experiments/polar_repr_v2_ri4_v4_fold04_seed42_formal/tables/training_history.csv
results/experiments/polar_repr_v2_ri4_v4_fold04_seed42_formal/tables/val_threshold_curve.csv,COPIED,8406,a3adb7725d5fa700d4b71ae56a8fb70814b33300fd1ac4fb38c43a06ac01591d,snapshot/results/experiments/polar_repr_v2_ri4_v4_fold04_seed42_formal/tables/val_threshold_curve.csv
results/experiments/polar_repr_v2_ri4_v4_fold04_seed42_smoke/tables/training_history.csv,COPIED,314,f03dc5ba6aa0ff120f0cbe59c278a816a46efb9b99aaa2e7314972ee615a360f,snapshot/results/experiments/polar_repr_v2_ri4_v4_fold04_seed42_smoke/tables/training_history.csv
results/experiments/polar_repr_v2_ri4_v4_fold04_seed42_smoke/tables/val_threshold_curve.csv,COPIED,270,9b088815cb8da41b8e34d6b0c72d91102c5d599f975171246d9602d8b7e0f4f7,snapshot/results/experiments/polar_repr_v2_ri4_v4_fold04_seed42_smoke/tables/val_threshold_curve.csv
results/experiments/polar_repr_v2_ri8_gated_v4_fold01_seed42_formal/tables/training_history.csv,COPIED,6520,f0beabda56d25d11636bf43a014d38279558f737f94d41b62de2ba7b0969d982,snapshot/results/experiments/polar_repr_v2_ri8_gated_v4_fold01_seed42_formal/tables/training_history.csv
results/experiments/polar_repr_v2_ri8_gated_v4_fold01_seed42_formal/tables/val_threshold_curve.csv,COPIED,8310,ca806f5a386e91d4264ac6b33edeac5d4802b28b2085a8892144ccdddb7a70f5,snapshot/results/experiments/polar_repr_v2_ri8_gated_v4_fold01_seed42_formal/tables/val_threshold_curve.csv
results/experiments/polar_repr_v2_ri8_gated_v4_fold01_seed42_smoke/tables/training_history.csv,COPIED,315,4b1a9e8db669d3a5c90d0ab0344896bc5b3ebd5d2cb8978129c94a9dd8f635c1,snapshot/results/experiments/polar_repr_v2_ri8_gated_v4_fold01_seed42_smoke/tables/training_history.csv
results/experiments/polar_repr_v2_ri8_gated_v4_fold01_seed42_smoke/tables/val_threshold_curve.csv,COPIED,316,3e8ad9d6a325cf7a873adf37b2501fd7c0b1d78b99b9864a6100e38bddd116d3,snapshot/results/experiments/polar_repr_v2_ri8_gated_v4_fold01_seed42_smoke/tables/val_threshold_curve.csv
results/experiments/polar_repr_v2_ri8_gated_v4_fold04_seed42_formal/tables/training_history.csv,COPIED,6323,face278367c053e353e80c7c3cf906de9a8baba976b24fc3a606fec20d3c5b44,snapshot/results/experiments/polar_repr_v2_ri8_gated_v4_fold04_seed42_formal/tables/training_history.csv
results/experiments/polar_repr_v2_ri8_gated_v4_fold04_seed42_formal/tables/val_threshold_curve.csv,COPIED,6141,ee5a13880c3622cd0cfd854340ac7ba69eb00b20337259061c4f6fe253c78b5e,snapshot/results/experiments/polar_repr_v2_ri8_gated_v4_fold04_seed42_formal/tables/val_threshold_curve.csv
results/experiments/polar_repr_v2_ri8_gated_v4_fold04_seed42_smoke/tables/training_history.csv,COPIED,315,ca8eb462b19ca4de378ff81ffe5cd6dce2ac0b9ed60c05e56808bf9c41af508e,snapshot/results/experiments/polar_repr_v2_ri8_gated_v4_fold04_seed42_smoke/tables/training_history.csv
results/experiments/polar_repr_v2_ri8_gated_v4_fold04_seed42_smoke/tables/val_threshold_curve.csv,COPIED,318,f325c6ca1825f3301908294a9000af3c29d07c11f5c944e94884816b4b47620b,snapshot/results/experiments/polar_repr_v2_ri8_gated_v4_fold04_seed42_smoke/tables/val_threshold_curve.csv
results/data_audit/bc_dpg_preflight/fold01_compat.json,COPIED,13013,a7a6127c353ce71e5663691bcefe9c77c2099b6bbd7ad4c3d23e75dbb9f23348,snapshot/results/data_audit/bc_dpg_preflight/fold01_compat.json
results/data_audit/bc_dpg_preflight/fold04_compat.json,COPIED,13004,3021a6c09730ad48cb61cf561f0489a11fedf2ab3cb72d304da29f5ae38a4036,snapshot/results/data_audit/bc_dpg_preflight/fold04_compat.json
results/data_audit/polarimetric_channel_audit_v1/latest_status.json,COPIED,339,60b94515f84bb7a171cfbc7e0563fa2acb4441b716832f1744337484ab1d643c,snapshot/results/data_audit/polarimetric_channel_audit_v1/latest_status.json
results/data_audit/polarimetric_feature_audit_v1/summary.json,COPIED,847,509cdac0a8ebbda5fbd002cdcf407780116add7abddefedcf75cea5c70eab2b9,snapshot/results/data_audit/polarimetric_feature_audit_v1/summary.json
results/data_audit/polarimetric_gated_pipeline_v2/pipeline_test.json,COPIED,1680,84f8b83c058fd5804931be7ed01d356680a5c96d54afe515714d7b67898204dc,snapshot/results/data_audit/polarimetric_gated_pipeline_v2/pipeline_test.json
results/data_audit/polarimetric_representation_benchmark_v1/install_record.json,COPIED,1967,4937a90604310a92bfce9524a313d611e8352b20c45eca8b0a6ca1b227f6eba8,snapshot/results/data_audit/polarimetric_representation_benchmark_v1/install_record.json
results/data_audit/polarimetric_representation_benchmark_v1/latest_run_plan.json,COPIED,294,48958705211d5fc158dec467766697615623dad9b0617a06353baadb19021af3,snapshot/results/data_audit/polarimetric_representation_benchmark_v1/latest_run_plan.json
results/data_audit/polarimetric_representation_benchmark_v1/latest_run_status.json,COPIED,199,592d4a5a10df34d5150e73f25f7aa3d8a4bce9d6417d98a745973b135deb07c9,snapshot/results/data_audit/polarimetric_representation_benchmark_v1/latest_run_status.json
results/data_audit/polarimetric_representation_benchmark_v2/install_record.json,COPIED,1867,fa88dcff02ae61b6b641af1d74f01296776dd234e24ef702d03f1706d8e6e5cd,snapshot/results/data_audit/polarimetric_representation_benchmark_v2/install_record.json
results/data_audit/polarimetric_representation_benchmark_v2/latest_run_plan.json,COPIED,453,56a6ae61c3b8ac28c898e3e5e41d9f34c03e993b2e6ffc78b1b362510bdeaada,snapshot/results/data_audit/polarimetric_representation_benchmark_v2/latest_run_plan.json
results/data_audit/polarimetric_representation_benchmark_v2/latest_run_status.json,COPIED,199,592d4a5a10df34d5150e73f25f7aa3d8a4bce9d6417d98a745973b135deb07c9,snapshot/results/data_audit/polarimetric_representation_benchmark_v2/latest_run_status.json
results/data_audit/polarimetric_representation_pipeline_v1/pipeline_test.json,COPIED,1567,33cf57132bdd7259a8a416e2205829fe529a0219f463ac842e67b5bc07c740d7,snapshot/results/data_audit/polarimetric_representation_pipeline_v1/pipeline_test.json
results/data_audit/polarimetric_score_shift_audit_v1/latest_status.json,COPIED,193,156c44e6311226888508c7ea9214a5c13705051b9691c1f969fb07ee0ec19885,snapshot/results/data_audit/polarimetric_score_shift_audit_v1/latest_status.json
results/data_audit/polarimetric_twofold_diagnostics_final_analysis_v1/USAGE_MANIFEST.json,COPIED,502,0452e8ac6a7d6bae7820a775bda14d9f61b820954f6719a56ddb9fe15e61d86f,snapshot/results/data_audit/polarimetric_twofold_diagnostics_final_analysis_v1/USAGE_MANIFEST.json
results/data_audit/polarimetric_twofold_diagnostics_final_analysis_v1/USAGE_VERIFICATION.json,COPIED,1451,d24c296620129e50c350c4dea8ce5e39a4a0c6412403749a9908fb25fd92ab36,snapshot/results/data_audit/polarimetric_twofold_diagnostics_final_analysis_v1/USAGE_VERIFICATION.json
results/data_audit/polarimetric_twofold_diagnostics_v1/collected_outputs/polar_repr_v2_polar6_gated_v4_fold01_seed42_formal/tables/summary.json,COPIED,4412,fc06d4f63de987e8b73864f06b2345f31c854ff8d2d7f642b9b1dc4bd3280d28,snapshot/results/data_audit/polarimetric_twofold_diagnostics_v1/collected_outputs/polar_repr_v2_polar6_gated_v4_fold01_seed42_formal/tables/summary.json
results/data_audit/polarimetric_twofold_diagnostics_v1/collected_outputs/polar_repr_v2_polar6_gated_v4_fold04_seed42_formal/tables/summary.json,COPIED,4447,006c4edbc875ca0f535e66d98bfdfabd588991473b12cfb660450e9fe0d3a5ad,snapshot/results/data_audit/polarimetric_twofold_diagnostics_v1/collected_outputs/polar_repr_v2_polar6_gated_v4_fold04_seed42_formal/tables/summary.json
results/data_audit/polarimetric_twofold_diagnostics_v1/collected_outputs/polar_repr_v2_power2_v4_fold01_seed42_formal/tables/summary.json,COPIED,4281,87b0d99457dd41cc0109d497a83caa4d868256704dff27a58bb5e40f95085c29,snapshot/results/data_audit/polarimetric_twofold_diagnostics_v1/collected_outputs/polar_repr_v2_power2_v4_fold01_seed42_formal/tables/summary.json
results/data_audit/polarimetric_twofold_diagnostics_v1/collected_outputs/polar_repr_v2_power2_v4_fold04_seed42_formal/tables/summary.json,COPIED,4258,4cea12ede92420a892f623bfd432e706205942145908337bc5bdaecb02517e89,snapshot/results/data_audit/polarimetric_twofold_diagnostics_v1/collected_outputs/polar_repr_v2_power2_v4_fold04_seed42_formal/tables/summary.json
results/data_audit/polarimetric_twofold_diagnostics_v1/collected_outputs/polar_repr_v2_ri4_v4_fold01_seed42_formal/tables/summary.json,COPIED,4359,31954f941e0080093426af31ad63de870f42da3a017d775c2e9a7b090a8d7a95,snapshot/results/data_audit/polarimetric_twofold_diagnostics_v1/collected_outputs/polar_repr_v2_ri4_v4_fold01_seed42_formal/tables/summary.json
results/data_audit/polarimetric_twofold_diagnostics_v1/collected_outputs/polar_repr_v2_ri4_v4_fold04_seed42_formal/tables/summary.json,COPIED,4278,364d1d6a472b27e6b04c6472f88ccdfddaa96a011f9f03ec2b8938f58e2eee6e,snapshot/results/data_audit/polarimetric_twofold_diagnostics_v1/collected_outputs/polar_repr_v2_ri4_v4_fold04_seed42_formal/tables/summary.json
results/data_audit/polarimetric_twofold_diagnostics_v1/collected_outputs/polar_repr_v2_ri8_gated_v4_fold01_seed42_formal/tables/summary.json,COPIED,4466,19c1f2e82d20516a29f491b1cd84a259a3e44796a9ca69c4a04695b56544836f,snapshot/results/data_audit/polarimetric_twofold_diagnostics_v1/collected_outputs/polar_repr_v2_ri8_gated_v4_fold01_seed42_formal/tables/summary.json
results/data_audit/polarimetric_twofold_diagnostics_v1/collected_outputs/polar_repr_v2_ri8_gated_v4_fold04_seed42_formal/tables/summary.json,COPIED,4452,da44ed5fbe39fb55af3d57db9e0f41ffee945251f0f9e30d26a1ff1e156d9554,snapshot/results/data_audit/polarimetric_twofold_diagnostics_v1/collected_outputs/polar_repr_v2_ri8_gated_v4_fold04_seed42_formal/tables/summary.json
results/data_audit/polarimetric_twofold_diagnostics_v1/collection_status.json,COPIED,545,a093708e21c4be7f07f0afde8e170811fadef8b6e9083110a2d024bf8599a9d9,snapshot/results/data_audit/polarimetric_twofold_diagnostics_v1/collection_status.json
results/data_audit/polarimetric_twofold_diagnostics_v1/source_context/results/data_audit/polarimetric_representation_benchmark_v2/latest_run_plan.json,COPIED,453,56a6ae61c3b8ac28c898e3e5e41d9f34c03e993b2e6ffc78b1b362510bdeaada,snapshot/results/data_audit/polarimetric_twofold_diagnostics_v1/source_context/results/data_audit/polarimetric_representation_benchmark_v2/latest_run_plan.json
results/data_audit/polarimetric_twofold_diagnostics_v1/source_context/results/data_audit/polarimetric_representation_benchmark_v2/latest_run_status.json,COPIED,199,592d4a5a10df34d5150e73f25f7aa3d8a4bce9d6417d98a745973b135deb07c9,snapshot/results/data_audit/polarimetric_twofold_diagnostics_v1/source_context/results/data_audit/polarimetric_representation_benchmark_v2/latest_run_status.json
results/experiments/bc_dpg_fcn_v4_fold01_seed42/tables/summary.json,COPIED,13013,02771acee9e54419f447c2561d718eecec11e3bd54500654f46ab3c8d3344c5a,snapshot/results/experiments/bc_dpg_fcn_v4_fold01_seed42/tables/summary.json
results/experiments/bc_dpg_fcn_v4_fold01_seed42_smoke/tables/summary.json,COPIED,11841,663a3bcfeeb8439aa6193935ad559a3412aa66febb5a8b209199d681875767f2,snapshot/results/experiments/bc_dpg_fcn_v4_fold01_seed42_smoke/tables/summary.json
results/experiments/bc_dpg_v2_tail_v4_fold01_seed42/tables/summary.json,COPIED,10628,b38d3dfbacbca00d6d49685e16fd732778761f566dd63423418758e48548ae43,snapshot/results/experiments/bc_dpg_v2_tail_v4_fold01_seed42/tables/summary.json
results/experiments/bc_dpg_v2_tail_v4_fold01_seed42_smoke/tables/summary.json,COPIED,9535,0004ba962fa666e3ba7198426708d0f93d147339becfb76fa11f35a006013c79,snapshot/results/experiments/bc_dpg_v2_tail_v4_fold01_seed42_smoke/tables/summary.json
results/experiments/bc_dpg_v2_tail_v4_fold04_seed42/tables/summary.json,COPIED,10953,f79c16922eef6be47246ba72776e16074e78f26b74de90acaa8ab15f306af147,snapshot/results/experiments/bc_dpg_v2_tail_v4_fold04_seed42/tables/summary.json
results/experiments/bc_dpg_v31_shiftreg_0_v4_fold01_seed42/tables/summary.json,COPIED,10431,16a309ff55d75c4e69e7149027695dff75619a22200312677902a79daeb28610,snapshot/results/experiments/bc_dpg_v31_shiftreg_0_v4_fold01_seed42/tables/summary.json
results/experiments/bc_dpg_v31_shiftreg_0_v4_fold01_seed42_smoke/tables/summary.json,COPIED,10077,321018142a74fd0c0fa355ff55dc712e6f7663c780cb945e2104476089b065af,snapshot/results/experiments/bc_dpg_v31_shiftreg_0_v4_fold01_seed42_smoke/tables/summary.json
results/experiments/bc_dpg_v31_shiftreg_0_v4_fold04_seed42/tables/summary.json,COPIED,10697,53e3bc25973655a9dea792a7f7ef41d2b31ea72dbe5c464c2cb81004908d0006,snapshot/results/experiments/bc_dpg_v31_shiftreg_0_v4_fold04_seed42/tables/summary.json
results/experiments/bc_dpg_v31_shiftreg_0_v4_fold04_seed42_smoke/tables/summary.json,COPIED,10067,50aea46725b5e0b5eeff42df30e7607c7d040f4ec6381df2eaa1692b8dee5486,snapshot/results/experiments/bc_dpg_v31_shiftreg_0_v4_fold04_seed42_smoke/tables/summary.json
results/experiments/bc_dpg_v31_shiftreg_0p001_v4_fold01_seed42/tables/summary.json,COPIED,10430,d1359820c1255fe18c479b97becaff011fb094d839b00a1ab3c5b560368c7f6f,snapshot/results/experiments/bc_dpg_v31_shiftreg_0p001_v4_fold01_seed42/tables/summary.json
results/experiments/bc_dpg_v31_shiftreg_0p001_v4_fold01_seed42_smoke/tables/summary.json,COPIED,10086,5bbeb884c62de4cd60af1395eac1c9eb15f85bff1e3ec41428810a8f552217eb,snapshot/results/experiments/bc_dpg_v31_shiftreg_0p001_v4_fold01_seed42_smoke/tables/summary.json
results/experiments/bc_dpg_v31_shiftreg_0p001_v4_fold04_seed42/tables/summary.json,COPIED,10694,a45197570817677a51f3a2305b3e5b770b1fdbf94b48727e59807788232895a3,snapshot/results/experiments/bc_dpg_v31_shiftreg_0p001_v4_fold04_seed42/tables/summary.json
results/experiments/bc_dpg_v31_shiftreg_0p001_v4_fold04_seed42_smoke/tables/summary.json,COPIED,10078,1254ef002b3e65befe150ceabf38eeba62f9cc89e34273c29c26c6bfa23124c1,snapshot/results/experiments/bc_dpg_v31_shiftreg_0p001_v4_fold04_seed42_smoke/tables/summary.json
results/experiments/bc_dpg_v31_shiftreg_0p0025_v4_fold01_seed42/tables/summary.json,COPIED,10455,d73b9fcb91f20042a10528266b98724728e6092d278fe529de5cda273f10c115,snapshot/results/experiments/bc_dpg_v31_shiftreg_0p0025_v4_fold01_seed42/tables/summary.json
results/experiments/bc_dpg_v31_shiftreg_0p0025_v4_fold01_seed42_smoke/tables/summary.json,COPIED,10086,1b101054468fbe7f3490200d9c082790e9af33e7197c0e2da378a3ff39325a54,snapshot/results/experiments/bc_dpg_v31_shiftreg_0p0025_v4_fold01_seed42_smoke/tables/summary.json
results/experiments/bc_dpg_v31_shiftreg_0p0025_v4_fold04_seed42/tables/summary.json,COPIED,10696,e48531b1620c8c19da95169aad7989847d0ba8a78a400d1e7399045233108b83,snapshot/results/experiments/bc_dpg_v31_shiftreg_0p0025_v4_fold04_seed42/tables/summary.json
results/experiments/bc_dpg_v31_shiftreg_0p0025_v4_fold04_seed42_smoke/tables/summary.json,COPIED,10082,e8b98b84c7da00aa3b54da3d15383e994c034681a709f2bb8a168d662f9f6530,snapshot/results/experiments/bc_dpg_v31_shiftreg_0p0025_v4_fold04_seed42_smoke/tables/summary.json
results/experiments/bc_dpg_v31_shiftreg_0p005_v4_fold01_seed42/tables/summary.json,COPIED,10457,1ad5f60b5e2ecc132410e505a4fa91bd7ad834f21db1be1d5011f6a6f26082e7,snapshot/results/experiments/bc_dpg_v31_shiftreg_0p005_v4_fold01_seed42/tables/summary.json
results/experiments/bc_dpg_v31_shiftreg_0p005_v4_fold01_seed42_smoke/tables/summary.json,COPIED,10083,82827aba954f67ab1f5723bbc17519378e4e5d500e8257b729327e1b577a888e,snapshot/results/experiments/bc_dpg_v31_shiftreg_0p005_v4_fold01_seed42_smoke/tables/summary.json
results/experiments/bc_dpg_v31_shiftreg_0p005_v4_fold04_seed42/tables/summary.json,COPIED,10693,cf5beb584a68b6055b7c2eb3166a39932f199138cb898d583138bee385ccf1ec,snapshot/results/experiments/bc_dpg_v31_shiftreg_0p005_v4_fold04_seed42/tables/summary.json
results/experiments/bc_dpg_v31_shiftreg_0p005_v4_fold04_seed42_smoke/tables/summary.json,COPIED,10077,d1247bdef8aff98811a9f8e1afcac3cf668d61d7e179d52461f37af0ecf831fa,snapshot/results/experiments/bc_dpg_v31_shiftreg_0p005_v4_fold04_seed42_smoke/tables/summary.json
results/experiments/bc_dpg_v3_ablation_full_v4_fold01_seed42/tables/summary.json,COPIED,10433,02759309eb13b74fa215b16372e09b094c7502a035c82d0495c0b216cd6c0240,snapshot/results/experiments/bc_dpg_v3_ablation_full_v4_fold01_seed42/tables/summary.json
results/experiments/bc_dpg_v3_ablation_full_v4_fold01_seed42_smoke/tables/summary.json,COPIED,10076,bcb577db8188c5f30d9fd12625b3988b6f062a3dde39b9d759abca2b032db03f,snapshot/results/experiments/bc_dpg_v3_ablation_full_v4_fold01_seed42_smoke/tables/summary.json
results/experiments/bc_dpg_v3_ablation_full_v4_fold04_seed42/tables/summary.json,COPIED,10703,019854f4c65f60a169e6f97376fe1f6985ff6acf6d3f68477647de2c8a365129,snapshot/results/experiments/bc_dpg_v3_ablation_full_v4_fold04_seed42/tables/summary.json
results/experiments/bc_dpg_v3_ablation_full_v4_fold04_seed42_smoke/tables/summary.json,COPIED,10074,3cf0661ba061126e8b4e285d6abf1b9e5853d048ee3dcb2d4a97ec5e32acee05,snapshot/results/experiments/bc_dpg_v3_ablation_full_v4_fold04_seed42_smoke/tables/summary.json
results/experiments/bc_dpg_v3_ablation_no_background_classification_v4_fold01_seed42/tables/summary.json,COPIED,10506,a7d07dbbae46df5434f80983b434931b3cbd16ccd70138dabaa0c1cb82a552dc,snapshot/results/experiments/bc_dpg_v3_ablation_no_background_classification_v4_fold01_seed42/tables/summary.json
results/experiments/bc_dpg_v3_ablation_no_background_classification_v4_fold01_seed42_smoke/tables/summary.json,COPIED,10154,6634b2d45f3245dc3ff768878bc3c699eb49c2dd5ed32c38b30dab6a1a8d4203,snapshot/results/experiments/bc_dpg_v3_ablation_no_background_classification_v4_fold01_seed42_smoke/tables/summary.json
results/experiments/bc_dpg_v3_ablation_no_background_classification_v4_fold04_seed42/tables/summary.json,COPIED,10744,c3da1d23ad1cc61f486a876734ff0eb7464cf1ddb6394afb14a164c7f07bd786,snapshot/results/experiments/bc_dpg_v3_ablation_no_background_classification_v4_fold04_seed42/tables/summary.json
results/experiments/bc_dpg_v3_ablation_no_background_classification_v4_fold04_seed42_smoke/tables/summary.json,COPIED,10143,af3e8a5258a53e3479ebcc1c8d0e701fee352c32bf73d139c80eaec3b761fd19,snapshot/results/experiments/bc_dpg_v3_ablation_no_background_classification_v4_fold04_seed42_smoke/tables/summary.json
results/experiments/bc_dpg_v3_ablation_no_background_tail_v4_fold01_seed42/tables/summary.json,COPIED,10496,2d1b222da0b9860955c682339592c41e8e4bb85765da9716632176b9aaf796d9,snapshot/results/experiments/bc_dpg_v3_ablation_no_background_tail_v4_fold01_seed42/tables/summary.json
results/experiments/bc_dpg_v3_ablation_no_background_tail_v4_fold01_seed42_smoke/tables/summary.json,COPIED,10118,81b3f2167edc0575e3636c79f71dd176868002e563ecb6278b8111afe8b2d5f7,snapshot/results/experiments/bc_dpg_v3_ablation_no_background_tail_v4_fold01_seed42_smoke/tables/summary.json
results/experiments/bc_dpg_v3_ablation_no_background_tail_v4_fold04_seed42/tables/summary.json,COPIED,10805,4eb596fe86f89c0d1bd8bdbb2a5ce8765e15a11b053ec601f9729353b2118e60,snapshot/results/experiments/bc_dpg_v3_ablation_no_background_tail_v4_fold04_seed42/tables/summary.json
results/experiments/bc_dpg_v3_ablation_no_background_tail_v4_fold04_seed42_smoke/tables/summary.json,COPIED,10113,fdddd3cddb273d205cb27a466fe8976a68e2155fb215c7e462d472805fecf5f7,snapshot/results/experiments/bc_dpg_v3_ablation_no_background_tail_v4_fold04_seed42_smoke/tables/summary.json
results/experiments/bc_dpg_v3_ablation_no_pairwise_v4_fold01_seed42/tables/summary.json,COPIED,10439,bdef2499b70895ef2ae0f58ad6394a2c384b2a417f81807fc0492334ad1d6daf,snapshot/results/experiments/bc_dpg_v3_ablation_no_pairwise_v4_fold01_seed42/tables/summary.json
results/experiments/bc_dpg_v3_ablation_no_pairwise_v4_fold04_seed42/tables/summary.json,COPIED,10720,31a2bde1476c339f57e0e15bc3525abadee40599f971dd5763bd8c6d1a827e16,snapshot/results/experiments/bc_dpg_v3_ablation_no_pairwise_v4_fold04_seed42/tables/summary.json
results/experiments/bc_dpg_v3_ablation_no_scan_context_v4_fold01_seed42/tables/summary.json,COPIED,10455,1cbc6f6e085772d8aada89e3fccd16d6757f2576951d2e47e569a0a1a3315941,snapshot/results/experiments/bc_dpg_v3_ablation_no_scan_context_v4_fold01_seed42/tables/summary.json
results/experiments/bc_dpg_v3_ablation_no_scan_context_v4_fold01_seed42_smoke/tables/summary.json,COPIED,10110,ffa21d41b8d618c84d2bf8558b464bbc4f4771da0f546b2c216df6ad75db9f0b,snapshot/results/experiments/bc_dpg_v3_ablation_no_scan_context_v4_fold01_seed42_smoke/tables/summary.json
results/experiments/bc_dpg_v3_ablation_no_scan_context_v4_fold04_seed42/tables/summary.json,COPIED,10832,99578a7850127a511b043ddcfc2428a9d6ad931199479959775b0fe99992074b,snapshot/results/experiments/bc_dpg_v3_ablation_no_scan_context_v4_fold04_seed42/tables/summary.json
results/experiments/bc_dpg_v3_ablation_no_scan_context_v4_fold04_seed42_smoke/tables/summary.json,COPIED,10107,76774076e4527b186ca12b80dd8691775de846dbd04a9d375009c7d5f7bdaed2,snapshot/results/experiments/bc_dpg_v3_ablation_no_scan_context_v4_fold04_seed42_smoke/tables/summary.json
results/experiments/bc_dpg_v3_ablation_no_shift_regularization_v4_fold01_seed42/tables/summary.json,COPIED,10492,305c876d89d00126dc906cebc25e721e4e6ae217e19f4a03f70e31fcbe99a458,snapshot/results/experiments/bc_dpg_v3_ablation_no_shift_regularization_v4_fold01_seed42/tables/summary.json
results/experiments/bc_dpg_v3_ablation_no_shift_regularization_v4_fold04_seed42/tables/summary.json,COPIED,10757,d8abf78b7d155ddc20c72fc95b813ea7b02378acece9013f53dd55e96f66bb72,snapshot/results/experiments/bc_dpg_v3_ablation_no_shift_regularization_v4_fold04_seed42/tables/summary.json
results/experiments/bc_dpg_v3_ablation_no_shift_selectivity_v4_fold01_seed42/tables/summary.json,COPIED,10466,9f3b772a679f5fba76cc114f955d6d95603b0c54a66e8bbb5093e31654c260f2,snapshot/results/experiments/bc_dpg_v3_ablation_no_shift_selectivity_v4_fold01_seed42/tables/summary.json
results/experiments/bc_dpg_v3_ablation_no_shift_selectivity_v4_fold04_seed42/tables/summary.json,COPIED,10820,8bb6a2f12ee8fa364b8a4f56d90077dbed200c9746f292c0523a5b2a27a26577,snapshot/results/experiments/bc_dpg_v3_ablation_no_shift_selectivity_v4_fold04_seed42/tables/summary.json
results/experiments/bc_dpg_v3_ablation_no_target_keep_v4_fold01_seed42/tables/summary.json,COPIED,10479,225a23a16b39dceaef0b35312fd38d8b91d2ca38ac5540a726104a47564173cd,snapshot/results/experiments/bc_dpg_v3_ablation_no_target_keep_v4_fold01_seed42/tables/summary.json
results/experiments/bc_dpg_v3_ablation_no_target_keep_v4_fold04_seed42/tables/summary.json,COPIED,10756,4b3a923c30202cd9a798ec24847fe4787f3d4b2629c0161696aaabca149750ca,snapshot/results/experiments/bc_dpg_v3_ablation_no_target_keep_v4_fold04_seed42/tables/summary.json
results/experiments/bc_dpg_v3_ablation_no_target_protection_v4_fold01_seed42/tables/summary.json,COPIED,10489,17bbad52e642f9789e9d60cb0e8bf6d4b4c3446bfd0e6ac3e7eadd2874f107a8,snapshot/results/experiments/bc_dpg_v3_ablation_no_target_protection_v4_fold01_seed42/tables/summary.json
results/experiments/bc_dpg_v3_ablation_no_target_protection_v4_fold01_seed42_smoke/tables/summary.json,COPIED,10127,5274dba521fac49910a8286c31a60107716422e399c29c914cf36f3567726b8f,snapshot/results/experiments/bc_dpg_v3_ablation_no_target_protection_v4_fold01_seed42_smoke/tables/summary.json
results/experiments/bc_dpg_v3_ablation_no_target_protection_v4_fold04_seed42/tables/summary.json,COPIED,10776,4e6be9de8760660d4122259451172735202df28d5e182fac742b8e1e6c6d5ea6,snapshot/results/experiments/bc_dpg_v3_ablation_no_target_protection_v4_fold04_seed42/tables/summary.json
results/experiments/bc_dpg_v3_ablation_no_target_protection_v4_fold04_seed42_smoke/tables/summary.json,COPIED,10122,e49fe71a39a3ed0ae5cb8f2c6d8a019b85613e1b775770054ac6a6970e761d8c,snapshot/results/experiments/bc_dpg_v3_ablation_no_target_protection_v4_fold04_seed42_smoke/tables/summary.json
results/experiments/bc_dpg_v3_scan_target_v4_fold01_seed42/tables/summary.json,COPIED,10364,56e83447ffcb7c48c29db88bd67e04e349956459693427191e3f80b4b5d5c6e0,snapshot/results/experiments/bc_dpg_v3_scan_target_v4_fold01_seed42/tables/summary.json
results/experiments/bc_dpg_v3_scan_target_v4_fold04_seed42/tables/summary.json,COPIED,10634,f4bce8abcb74c5e0ff8f9cd5879b5530d44ccbb11700531e5fbdd20053456d00,snapshot/results/experiments/bc_dpg_v3_scan_target_v4_fold04_seed42/tables/summary.json
results/experiments/detection_h_v4_fold01_seed42/tables/summary.json,COPIED,3953,094a81af909de30a3aefb20cfaeda7564a11e2119b8175ad9b4a53fe352fe4a7,snapshot/results/experiments/detection_h_v4_fold01_seed42/tables/summary.json
results/experiments/detection_h_v4_fold04_seed42/tables/summary.json,COPIED,3921,4b521d3220e0a28112b282bd066c9805cb33581b0776f1d85d324eca46d6b6eb,snapshot/results/experiments/detection_h_v4_fold04_seed42/tables/summary.json
results/experiments/detection_hv_v4_fold01_seed42/tables/summary.json,COPIED,3876,148fd13a824612c2903142fdfe58ec75842ae1b7ec6de0afb486b57bdaeebfb8,snapshot/results/experiments/detection_hv_v4_fold01_seed42/tables/summary.json
results/experiments/detection_hv_v4_fold04_seed42/tables/summary.json,COPIED,3899,a6064b536e5188db1990f68994bde68966050a780fe67cd2ee188f35a0ec5d85,snapshot/results/experiments/detection_hv_v4_fold04_seed42/tables/summary.json
results/experiments/detection_v_v4_fold01_seed42/tables/summary.json,COPIED,3897,c9b9b60a2e9d84eab55210536b07dbcdc59d79d337c77406d60ca1e79af2bb53,snapshot/results/experiments/detection_v_v4_fold01_seed42/tables/summary.json
results/experiments/detection_v_v4_fold04_seed42/tables/summary.json,COPIED,3924,3cdd11555af9f4531bcbf0fcee3614b40f55929b7bcee9849a7256d73c78f79a,snapshot/results/experiments/detection_v_v4_fold04_seed42/tables/summary.json
results/experiments/dpg_fcn_v4_fold01_seed42/tables/summary.json,COPIED,6806,fc60a8541aaa32d40b97afbca206755484561b3d87a029e1c6e292a457dc55d6,snapshot/results/experiments/dpg_fcn_v4_fold01_seed42/tables/summary.json
results/experiments/dpg_fcn_v4_fold04_seed42/tables/summary.json,COPIED,6873,cd8e42985d8fb68003a77e21715b58dabf95df436c852f261e1995c6b6cfac9c,snapshot/results/experiments/dpg_fcn_v4_fold04_seed42/tables/summary.json
results/experiments/polar_repr_v1_polar6_v4_fold01_seed42_formal/tables/summary.json,COPIED,4161,5cb83e4f57626ef26cda31bd43b0b70735eae49a92ab3b1c67bb4044b297651e,snapshot/results/experiments/polar_repr_v1_polar6_v4_fold01_seed42_formal/tables/summary.json
results/experiments/polar_repr_v1_polar6_v4_fold01_seed42_smoke/tables/summary.json,COPIED,3923,79a15fe632a6b66ebff3b5f8999aa76f5776d1b5209cd3c99fb4fc222d341d6e,snapshot/results/experiments/polar_repr_v1_polar6_v4_fold01_seed42_smoke/tables/summary.json
results/experiments/polar_repr_v1_polar6_v4_fold04_seed42_formal/tables/summary.json,COPIED,4167,fc18d73b00f49dcb948b8e3880154ce8f861fdb5f8598637b821e7e9e1516702,snapshot/results/experiments/polar_repr_v1_polar6_v4_fold04_seed42_formal/tables/summary.json
results/experiments/polar_repr_v1_polar6_v4_fold04_seed42_smoke/tables/summary.json,COPIED,3888,93dd88eee3e6cb01ddaafe9ebb34a5478548137cc16cf14a735ef44ce0530b9c,snapshot/results/experiments/polar_repr_v1_polar6_v4_fold04_seed42_smoke/tables/summary.json
results/experiments/polar_repr_v1_power2_v4_fold01_seed42_formal/tables/summary.json,COPIED,4087,af7f81b5d05eeea6761a8804f18972a3dae0b6723308465fcb54461f676ab694,snapshot/results/experiments/polar_repr_v1_power2_v4_fold01_seed42_formal/tables/summary.json
results/experiments/polar_repr_v1_power2_v4_fold01_seed42_smoke/tables/summary.json,COPIED,3775,50af8e52b94f9262bbd0ee2fda16167c4b3de7208a50a82b38969c4d77582b25,snapshot/results/experiments/polar_repr_v1_power2_v4_fold01_seed42_smoke/tables/summary.json
results/experiments/polar_repr_v1_power2_v4_fold04_seed42_formal/tables/summary.json,COPIED,4064,c1bed6cc39cf9278a911e7ff16f881cac9f2159760548619751d967ba12ff223,snapshot/results/experiments/polar_repr_v1_power2_v4_fold04_seed42_formal/tables/summary.json
results/experiments/polar_repr_v1_power2_v4_fold04_seed42_smoke/tables/summary.json,COPIED,3768,8acdd51a33c51f72cd5638c766c359121c8679b809290f2faee59a39757b12d3,snapshot/results/experiments/polar_repr_v1_power2_v4_fold04_seed42_smoke/tables/summary.json
results/experiments/polar_repr_v1_ri4_v4_fold01_seed42_formal/tables/summary.json,COPIED,4165,1328df33bbdc30f540e69eb27bf95007654cfb9e58818c321c0b96a364e57791,snapshot/results/experiments/polar_repr_v1_ri4_v4_fold01_seed42_formal/tables/summary.json
results/experiments/polar_repr_v1_ri4_v4_fold01_seed42_smoke/tables/summary.json,COPIED,3825,df90a15a282065c848fba4b2c26c44e846c495f5912b55d81aa9d9c094851f22,snapshot/results/experiments/polar_repr_v1_ri4_v4_fold01_seed42_smoke/tables/summary.json
results/experiments/polar_repr_v1_ri4_v4_fold04_seed42_formal/tables/summary.json,COPIED,4082,46c056478dc7453cdc9573a6685c721e1b64daddc0d886bf19910ed324c9bb53,snapshot/results/experiments/polar_repr_v1_ri4_v4_fold04_seed42_formal/tables/summary.json
results/experiments/polar_repr_v1_ri4_v4_fold04_seed42_smoke/tables/summary.json,COPIED,3811,f00376ebd33f174ced6c35e0395116b69e9364979e8355993eeca388614501ea,snapshot/results/experiments/polar_repr_v1_ri4_v4_fold04_seed42_smoke/tables/summary.json
results/experiments/polar_repr_v1_ri8_v4_fold01_seed42_formal/tables/summary.json,COPIED,4195,a275872ddfae59bae1e040b5eacba8693e17c20890e9feedbd27136c9f50b3ec,snapshot/results/experiments/polar_repr_v1_ri8_v4_fold01_seed42_formal/tables/summary.json
results/experiments/polar_repr_v1_ri8_v4_fold01_seed42_smoke/tables/summary.json,COPIED,3918,34aeb807dc2059116c41cedea1832e2b8abf75b276ecba0df537eb358c21e482,snapshot/results/experiments/polar_repr_v1_ri8_v4_fold01_seed42_smoke/tables/summary.json
results/experiments/polar_repr_v1_ri8_v4_fold04_seed42_formal/tables/summary.json,COPIED,4189,5093414a5e0ebe2a2dea8ef35d83994eb5559acf0ba6e861d7ce6d16a9cef7ff,snapshot/results/experiments/polar_repr_v1_ri8_v4_fold04_seed42_formal/tables/summary.json
results/experiments/polar_repr_v1_ri8_v4_fold04_seed42_smoke/tables/summary.json,COPIED,3934,dc61631b62149846c8e506dfd6d021e95e55c44ae971f8e51f7c383bb464eb91,snapshot/results/experiments/polar_repr_v1_ri8_v4_fold04_seed42_smoke/tables/summary.json
results/experiments/polar_repr_v2_polar6_gated_v4_fold01_seed42_formal/tables/summary.json,COPIED,4412,fc06d4f63de987e8b73864f06b2345f31c854ff8d2d7f642b9b1dc4bd3280d28,snapshot/results/experiments/polar_repr_v2_polar6_gated_v4_fold01_seed42_formal/tables/summary.json
results/experiments/polar_repr_v2_polar6_gated_v4_fold01_seed42_smoke/tables/summary.json,COPIED,4076,a9d359dcb07498c157a3b5e45d15842698a8ec0aa19e5906d9e55a970df9cf21,snapshot/results/experiments/polar_repr_v2_polar6_gated_v4_fold01_seed42_smoke/tables/summary.json
results/experiments/polar_repr_v2_polar6_gated_v4_fold04_seed42_formal/tables/summary.json,COPIED,4447,006c4edbc875ca0f535e66d98bfdfabd588991473b12cfb660450e9fe0d3a5ad,snapshot/results/experiments/polar_repr_v2_polar6_gated_v4_fold04_seed42_formal/tables/summary.json
results/experiments/polar_repr_v2_polar6_gated_v4_fold04_seed42_smoke/tables/summary.json,COPIED,4096,e87b1f854ca5b2cc77670ae1aed8057f40b1de769efd2ccddd37f6d6ccfdd59e,snapshot/results/experiments/polar_repr_v2_polar6_gated_v4_fold04_seed42_smoke/tables/summary.json
results/experiments/polar_repr_v2_power2_v4_fold01_seed42_formal/tables/summary.json,COPIED,4281,87b0d99457dd41cc0109d497a83caa4d868256704dff27a58bb5e40f95085c29,snapshot/results/experiments/polar_repr_v2_power2_v4_fold01_seed42_formal/tables/summary.json
results/experiments/polar_repr_v2_power2_v4_fold01_seed42_smoke/tables/summary.json,COPIED,3969,44c755bbc34f4cd1c5923b4216ab38a177d746903ac51e3c971a34ccc4e244ab,snapshot/results/experiments/polar_repr_v2_power2_v4_fold01_seed42_smoke/tables/summary.json
results/experiments/polar_repr_v2_power2_v4_fold04_seed42_formal/tables/summary.json,COPIED,4258,4cea12ede92420a892f623bfd432e706205942145908337bc5bdaecb02517e89,snapshot/results/experiments/polar_repr_v2_power2_v4_fold04_seed42_formal/tables/summary.json
results/experiments/polar_repr_v2_power2_v4_fold04_seed42_smoke/tables/summary.json,COPIED,3962,6ff6d28a797a03553579eb75bfdf4c934fd07db6254a0ccfca4e58cb9d9d3ed3,snapshot/results/experiments/polar_repr_v2_power2_v4_fold04_seed42_smoke/tables/summary.json
results/experiments/polar_repr_v2_ri4_v4_fold01_seed42_formal/tables/summary.json,COPIED,4359,31954f941e0080093426af31ad63de870f42da3a017d775c2e9a7b090a8d7a95,snapshot/results/experiments/polar_repr_v2_ri4_v4_fold01_seed42_formal/tables/summary.json
results/experiments/polar_repr_v2_ri4_v4_fold01_seed42_smoke/tables/summary.json,COPIED,4019,dfb480d221f71053462b9b6f5a7ac14a5574d268f284177c49c10c899b042f2c,snapshot/results/experiments/polar_repr_v2_ri4_v4_fold01_seed42_smoke/tables/summary.json
results/experiments/polar_repr_v2_ri4_v4_fold04_seed42_formal/tables/summary.json,COPIED,4278,364d1d6a472b27e6b04c6472f88ccdfddaa96a011f9f03ec2b8938f58e2eee6e,snapshot/results/experiments/polar_repr_v2_ri4_v4_fold04_seed42_formal/tables/summary.json
results/experiments/polar_repr_v2_ri4_v4_fold04_seed42_smoke/tables/summary.json,COPIED,4008,594cb6a31bf5d8d6b515ae755ffd6456df4bc411750e7f4f4e58cc74e7c5ca40,snapshot/results/experiments/polar_repr_v2_ri4_v4_fold04_seed42_smoke/tables/summary.json
results/experiments/polar_repr_v2_ri8_gated_v4_fold01_seed42_formal/tables/summary.json,COPIED,4466,19c1f2e82d20516a29f491b1cd84a259a3e44796a9ca69c4a04695b56544836f,snapshot/results/experiments/polar_repr_v2_ri8_gated_v4_fold01_seed42_formal/tables/summary.json
results/experiments/polar_repr_v2_ri8_gated_v4_fold01_seed42_smoke/tables/summary.json,COPIED,4134,c8bc2325983ea05ceeec422cdfb2625bb5f59768ef122c658de07ee7bc0ffb6f,snapshot/results/experiments/polar_repr_v2_ri8_gated_v4_fold01_seed42_smoke/tables/summary.json
results/experiments/polar_repr_v2_ri8_gated_v4_fold04_seed42_formal/tables/summary.json,COPIED,4452,da44ed5fbe39fb55af3d57db9e0f41ffee945251f0f9e30d26a1ff1e156d9554,snapshot/results/experiments/polar_repr_v2_ri8_gated_v4_fold04_seed42_formal/tables/summary.json
results/experiments/polar_repr_v2_ri8_gated_v4_fold04_seed42_smoke/tables/summary.json,COPIED,4130,e275e269a252fd48690ff2eed36fc3653ce7c2823f7ce6a66886a5b6254a661f,snapshot/results/experiments/polar_repr_v2_ri8_gated_v4_fold04_seed42_smoke/tables/summary.json
datasets/detection_dataset_v2.py,COPIED,10148,680d710f357fc691d433cf146e75191684815238f86f9c7c9cfc210bff4eb018,snapshot/datasets/detection_dataset_v2.py
datasets/detection_dataset_v3.py,COPIED,9543,1386c4c9da1e55e311057776af85f123d64eaebce40c713af95e12d8d02df315,snapshot/datasets/detection_dataset_v3.py
datasets/polarimetric_detection_dataset_v1.py,COPIED,9186,e2f90a185ac6cbae62dc5e944f0c94357a528ac71ed38aae7da6f022dbc2d1e6,snapshot/datasets/polarimetric_detection_dataset_v1.py
datasets/polarimetric_detection_dataset_v2.py,COPIED,9873,ef3bc15a370ae74c0f1e80765136ab338eedd17029f900e4ee709edf8df2ca5d,snapshot/datasets/polarimetric_detection_dataset_v2.py
evaluation/analyze_fold_stability.py,COPIED,1429,35132708ede5e05bbce28ecba602b0e9e66997bca6ed94f1261e6bfcc0e3873c,snapshot/evaluation/analyze_fold_stability.py
evaluation/analyze_hv_ablation.py,COPIED,2848,bd383893ede2b860f8e0a241896228687d041c70983f6269c47ceac54d60373c,snapshot/evaluation/analyze_hv_ablation.py
evaluation/analyze_refiner_gain.py,COPIED,2483,877b45766f93b46abd1a220e572cf2f013f164917311c0d5f9e497797f142396,snapshot/evaluation/analyze_refiner_gain.py
evaluation/build_final_metrics.py,COPIED,3920,d97c42a338850e025bd4a6556bbf08e2f332bfe1d2cee0d20687700a0417b91f,snapshot/evaluation/build_final_metrics.py
evaluation/evaluate_cfar.py,COPIED,20535,ce8f640c731aa6f7dd2f0801aa086adb85031569be6489e7358f04ff4a1da00e,snapshot/evaluation/evaluate_cfar.py
evaluation/final_report.py,COPIED,6685,b5d365fe5475e3eb878dbc0fbbef93a6f8c33f9950f45a4f412b8000cb4d327a,snapshot/evaluation/final_report.py
evaluation/plot_rd_with_label.py,COPIED,8589,95038c0529af778451601c43501cd1d25d0442a3533da8adf537735950c7a418,snapshot/evaluation/plot_rd_with_label.py
evaluation/visualize_cfar.py,COPIED,26316,a8c2d85a21f0d617754f939a09c3c1f123dcfd39f7f1790a5ce828c7a5f3f7fc,snapshot/evaluation/visualize_cfar.py
features/polarimetric_gated_rd.py,COPIED,4212,fca8e3f0c76848ca87d999a8a73c669780b4ae3a26ecf53b477c91c3a2d99656,snapshot/features/polarimetric_gated_rd.py
features/polarimetric_rd.py,COPIED,8990,2b1dbc92aa10882295df9186d92309d50ce7971d424c9f2d9732b73702b3f416,snapshot/features/polarimetric_rd.py
models/background_calibrated_dpg_fcn.py,COPIED,12552,cb3e566f63f12c67d094e5ceb272d652491d741f1f6873be3a27f913ac03fb4f,snapshot/models/background_calibrated_dpg_fcn.py
models/background_tail_calibrated_dpg_fcn.py,COPIED,13249,541b4db52a26d4a2f4338e6350a35ef3def2c1d7efbb302cc116f12400811a83,snapshot/models/background_tail_calibrated_dpg_fcn.py
models/dual_branch_gated_fcn.py,COPIED,8460,8f796e435a6a7dd4360d714509a57604f3f1f402fb72eaf2d4d4f75529b241c2,snapshot/models/dual_branch_gated_fcn.py
models/polarimetric_representation_fcn.py,COPIED,1193,4149d44a1196fe6e58b2de31329fd1aa712076ec8b34b082d662f17f969eca4b,snapshot/models/polarimetric_representation_fcn.py
models/simple_fcn.py,COPIED,2838,01323c0e97e296fd8129a27dcd6245e924ddf0b5887d506f96eae7220aa53409,snapshot/models/simple_fcn.py
training/train_polarimetric_representation_fcn.py,COPIED,14115,2df72f17d6079635c794d826fe60d1aaf7d575c8051ee05aa9d590bf1743589c,snapshot/training/train_polarimetric_representation_fcn.py
training/train_polarimetric_representation_fcn_v2.py,COPIED,14892,8fafc9c79af32e126642b1e3410e1fb78e5ecb12651caaf493eac52a984b7ee4,snapshot/training/train_polarimetric_representation_fcn_v2.py
