task_id,model_id,heldout_fold,batch_code,category_code,category,record_count,accuracy,evaluation_unit
hrrp_x_category,dummy_prior,1,6,all,all,536,0.0,batch
hrrp_x_category,dummy_prior,1,73,all,all,80,1.0,batch
hrrp_x_category,dummy_prior,1,145,all,all,147,1.0,batch
hrrp_x_category,dummy_prior,1,279,all,all,7,0.0,batch
hrrp_x_category,dummy_prior,1,361,all,all,15,0.0,batch
hrrp_x_category,dummy_prior,1,469,all,all,4,0.0,batch
hrrp_x_category,dummy_prior,1,840,all,all,6,0.0,batch
hrrp_x_category,dummy_prior,2,7,all,all,26,1.0,batch
hrrp_x_category,dummy_prior,2,123,all,all,14,0.9285714285714286,batch
hrrp_x_category,dummy_prior,2,192,all,all,28,0.9642857142857143,batch
hrrp_x_category,dummy_prior,2,206,all,all,38,0.0,batch
hrrp_x_category,dummy_prior,2,502,all,all,31,0.0,batch
hrrp_x_category,dummy_prior,2,534,all,all,59,0.9491525423728814,batch
hrrp_x_category,dummy_prior,2,594,all,all,315,0.0,batch
hrrp_x_category,dummy_prior,2,641,all,all,211,0.0,batch
hrrp_x_category,dummy_prior,3,18,all,all,22,0.0,batch
hrrp_x_category,dummy_prior,3,148,all,all,2,1.0,batch
hrrp_x_category,dummy_prior,3,159,all,all,83,0.0,batch
hrrp_x_category,dummy_prior,3,189,all,all,96,0.0,batch
hrrp_x_category,dummy_prior,3,379,all,all,25,0.16,batch
hrrp_x_category,dummy_prior,3,420,all,all,378,1.0,batch
hrrp_x_category,dummy_prior,3,731,all,all,24,0.08333333333333333,batch
hrrp_x_category,dummy_prior,3,815,all,all,86,0.0,batch
hrrp_x_category,dummy_prior,4,50,all,all,11,0.7272727272727273,batch
hrrp_x_category,dummy_prior,4,428,all,all,49,0.0,batch
hrrp_x_category,dummy_prior,4,432,all,all,67,0.0,batch
hrrp_x_category,dummy_prior,4,524,all,all,91,0.0,batch
hrrp_x_category,dummy_prior,4,667,all,all,64,0.0,batch
hrrp_x_category,dummy_prior,4,844,all,all,309,1.0,batch
hrrp_x_category,dummy_prior,4,853,all,all,42,0.0,batch
hrrp_x_category,dummy_prior,4,976,all,all,54,0.0,batch
hrrp_x_category,dummy_prior,5,83,all,all,32,0.0625,batch
hrrp_x_category,dummy_prior,5,247,all,all,19,0.0,batch
hrrp_x_category,dummy_prior,5,337,all,all,295,0.0,batch
hrrp_x_category,dummy_prior,5,587,all,all,35,0.0,batch
hrrp_x_category,dummy_prior,5,909,all,all,27,0.0,batch
hrrp_x_category,dummy_prior,5,948,all,all,220,0.8772727272727273,batch
hrrp_x_category,dummy_prior,5,994,all,all,100,0.25,batch
hrrp_x_category,logistic_batch_balanced,1,6,all,all,536,0.013059701492537313,batch
hrrp_x_category,logistic_batch_balanced,1,73,all,all,80,0.75,batch
hrrp_x_category,logistic_batch_balanced,1,145,all,all,147,0.5578231292517006,batch
hrrp_x_category,logistic_batch_balanced,1,279,all,all,7,0.7142857142857143,batch
hrrp_x_category,logistic_batch_balanced,1,361,all,all,15,0.8,batch
hrrp_x_category,logistic_batch_balanced,1,469,all,all,4,1.0,batch
hrrp_x_category,logistic_batch_balanced,1,840,all,all,6,0.6666666666666666,batch
hrrp_x_category,logistic_batch_balanced,2,7,all,all,26,0.6153846153846154,batch
hrrp_x_category,logistic_batch_balanced,2,123,all,all,14,0.35714285714285715,batch
hrrp_x_category,logistic_batch_balanced,2,192,all,all,28,0.17857142857142858,batch
hrrp_x_category,logistic_batch_balanced,2,206,all,all,38,0.868421052631579,batch
hrrp_x_category,logistic_batch_balanced,2,502,all,all,31,1.0,batch
hrrp_x_category,logistic_batch_balanced,2,534,all,all,59,0.5254237288135594,batch
hrrp_x_category,logistic_batch_balanced,2,594,all,all,315,0.06349206349206349,batch
hrrp_x_category,logistic_batch_balanced,2,641,all,all,211,0.976303317535545,batch
hrrp_x_category,logistic_batch_balanced,3,18,all,all,22,1.0,batch
hrrp_x_category,logistic_batch_balanced,3,148,all,all,2,1.0,batch
hrrp_x_category,logistic_batch_balanced,3,159,all,all,83,0.8313253012048193,batch
hrrp_x_category,logistic_batch_balanced,3,189,all,all,96,0.8333333333333334,batch
hrrp_x_category,logistic_batch_balanced,3,379,all,all,25,0.72,batch
hrrp_x_category,logistic_batch_balanced,3,420,all,all,378,0.25132275132275134,batch
hrrp_x_category,logistic_batch_balanced,3,731,all,all,24,1.0,batch
hrrp_x_category,logistic_batch_balanced,3,815,all,all,86,0.9186046511627907,batch
hrrp_x_category,logistic_batch_balanced,4,50,all,all,11,0.45454545454545453,batch
hrrp_x_category,logistic_batch_balanced,4,428,all,all,49,0.5714285714285714,batch
hrrp_x_category,logistic_batch_balanced,4,432,all,all,67,0.746268656716418,batch
hrrp_x_category,logistic_batch_balanced,4,524,all,all,91,0.5054945054945055,batch
hrrp_x_category,logistic_batch_balanced,4,667,all,all,64,0.171875,batch
hrrp_x_category,logistic_batch_balanced,4,844,all,all,309,0.8770226537216829,batch
hrrp_x_category,logistic_batch_balanced,4,853,all,all,42,0.9285714285714286,batch
hrrp_x_category,logistic_batch_balanced,4,976,all,all,54,0.3888888888888889,batch
hrrp_x_category,logistic_batch_balanced,5,83,all,all,32,0.875,batch
hrrp_x_category,logistic_batch_balanced,5,247,all,all,19,0.8421052631578947,batch
hrrp_x_category,logistic_batch_balanced,5,337,all,all,295,0.6440677966101694,batch
hrrp_x_category,logistic_batch_balanced,5,587,all,all,35,0.6857142857142857,batch
hrrp_x_category,logistic_batch_balanced,5,909,all,all,27,0.8148148148148148,batch
hrrp_x_category,logistic_batch_balanced,5,948,all,all,220,0.7227272727272728,batch
hrrp_x_category,logistic_batch_balanced,5,994,all,all,100,0.65,batch
hrrp_x_category,random_forest_batch_balanced,1,6,all,all,536,0.17723880597014927,batch
hrrp_x_category,random_forest_batch_balanced,1,73,all,all,80,0.8,batch
hrrp_x_category,random_forest_batch_balanced,1,145,all,all,147,0.46258503401360546,batch
hrrp_x_category,random_forest_batch_balanced,1,279,all,all,7,0.42857142857142855,batch
hrrp_x_category,random_forest_batch_balanced,1,361,all,all,15,0.8,batch
hrrp_x_category,random_forest_batch_balanced,1,469,all,all,4,0.5,batch
hrrp_x_category,random_forest_batch_balanced,1,840,all,all,6,0.5,batch
hrrp_x_category,random_forest_batch_balanced,2,7,all,all,26,0.9230769230769231,batch
hrrp_x_category,random_forest_batch_balanced,2,123,all,all,14,0.7857142857142857,batch
hrrp_x_category,random_forest_batch_balanced,2,192,all,all,28,0.21428571428571427,batch
hrrp_x_category,random_forest_batch_balanced,2,206,all,all,38,0.8421052631578947,batch
hrrp_x_category,random_forest_batch_balanced,2,502,all,all,31,1.0,batch
hrrp_x_category,random_forest_batch_balanced,2,534,all,all,59,0.6440677966101694,batch
hrrp_x_category,random_forest_batch_balanced,2,594,all,all,315,0.09523809523809523,batch
hrrp_x_category,random_forest_batch_balanced,2,641,all,all,211,0.976303317535545,batch
hrrp_x_category,random_forest_batch_balanced,3,18,all,all,22,1.0,batch
hrrp_x_category,random_forest_batch_balanced,3,148,all,all,2,1.0,batch
hrrp_x_category,random_forest_batch_balanced,3,159,all,all,83,0.7469879518072289,batch
hrrp_x_category,random_forest_batch_balanced,3,189,all,all,96,0.8229166666666666,batch
hrrp_x_category,random_forest_batch_balanced,3,379,all,all,25,0.36,batch
hrrp_x_category,random_forest_batch_balanced,3,420,all,all,378,0.25132275132275134,batch
hrrp_x_category,random_forest_batch_balanced,3,731,all,all,24,1.0,batch
hrrp_x_category,random_forest_batch_balanced,3,815,all,all,86,1.0,batch
hrrp_x_category,random_forest_batch_balanced,4,50,all,all,11,0.6363636363636364,batch
hrrp_x_category,random_forest_batch_balanced,4,428,all,all,49,0.5918367346938775,batch
hrrp_x_category,random_forest_batch_balanced,4,432,all,all,67,0.8059701492537313,batch
hrrp_x_category,random_forest_batch_balanced,4,524,all,all,91,0.37362637362637363,batch
hrrp_x_category,random_forest_batch_balanced,4,667,all,all,64,0.1875,batch
hrrp_x_category,random_forest_batch_balanced,4,844,all,all,309,0.941747572815534,batch
hrrp_x_category,random_forest_batch_balanced,4,853,all,all,42,0.7142857142857143,batch
hrrp_x_category,random_forest_batch_balanced,4,976,all,all,54,0.5,batch
hrrp_x_category,random_forest_batch_balanced,5,83,all,all,32,0.875,batch
hrrp_x_category,random_forest_batch_balanced,5,247,all,all,19,0.8947368421052632,batch
hrrp_x_category,random_forest_batch_balanced,5,337,all,all,295,0.9322033898305084,batch
hrrp_x_category,random_forest_batch_balanced,5,587,all,all,35,0.6285714285714286,batch
hrrp_x_category,random_forest_batch_balanced,5,909,all,all,27,0.8148148148148148,batch
hrrp_x_category,random_forest_batch_balanced,5,948,all,all,220,0.8045454545454546,batch
hrrp_x_category,random_forest_batch_balanced,5,994,all,all,100,0.57,batch
narrow_x_category,dummy_prior,1,1,all,all,8,1.0,batch
narrow_x_category,dummy_prior,1,2,all,all,8,1.0,batch
narrow_x_category,dummy_prior,1,4,all,all,42,0.35714285714285715,batch
narrow_x_category,dummy_prior,1,9,all,all,31,1.0,batch
narrow_x_category,dummy_prior,1,18,all,all,47,0.5531914893617021,batch
narrow_x_category,dummy_prior,1,20,all,all,34,1.0,batch
narrow_x_category,dummy_prior,1,25,all,all,15,1.0,batch
narrow_x_category,dummy_prior,1,26,all,all,15,1.0,batch
narrow_x_category,dummy_prior,1,27,all,all,18,1.0,batch
narrow_x_category,dummy_prior,1,31,all,all,25,1.0,batch
narrow_x_category,dummy_prior,1,34,all,all,26,1.0,batch
narrow_x_category,dummy_prior,1,35,all,all,22,1.0,batch
narrow_x_category,dummy_prior,1,41,all,all,20,1.0,batch
narrow_x_category,dummy_prior,1,47,all,all,25,1.0,batch
narrow_x_category,dummy_prior,1,49,all,all,18,1.0,batch
narrow_x_category,dummy_prior,1,50,all,all,20,1.0,batch
narrow_x_category,dummy_prior,1,52,all,all,24,1.0,batch
narrow_x_category,dummy_prior,1,62,all,all,20,1.0,batch
narrow_x_category,dummy_prior,1,67,all,all,20,1.0,batch
narrow_x_category,dummy_prior,1,68,all,all,19,1.0,batch
narrow_x_category,dummy_prior,1,70,all,all,18,1.0,batch
narrow_x_category,dummy_prior,1,80,all,all,19,1.0,batch
narrow_x_category,dummy_prior,1,83,all,all,20,1.0,batch
narrow_x_category,dummy_prior,1,93,all,all,18,1.0,batch
narrow_x_category,dummy_prior,1,105,all,all,13,1.0,batch
narrow_x_category,dummy_prior,1,108,all,all,24,1.0,batch
narrow_x_category,dummy_prior,1,123,all,all,20,1.0,batch
narrow_x_category,dummy_prior,1,124,all,all,14,1.0,batch
narrow_x_category,dummy_prior,1,125,all,all,20,1.0,batch
narrow_x_category,dummy_prior,1,129,all,all,20,1.0,batch
narrow_x_category,dummy_prior,1,130,all,all,20,1.0,batch
narrow_x_category,dummy_prior,1,131,all,all,20,1.0,batch
narrow_x_category,dummy_prior,1,135,all,all,23,1.0,batch
narrow_x_category,dummy_prior,1,138,all,all,20,1.0,batch
narrow_x_category,dummy_prior,1,139,all,all,20,1.0,batch
narrow_x_category,dummy_prior,1,140,all,all,24,1.0,batch
narrow_x_category,dummy_prior,1,158,all,all,22,1.0,batch
narrow_x_category,dummy_prior,1,162,all,all,13,1.0,batch
narrow_x_category,dummy_prior,1,166,all,all,20,1.0,batch
narrow_x_category,dummy_prior,1,168,all,all,23,1.0,batch
narrow_x_category,dummy_prior,1,171,all,all,19,1.0,batch
narrow_x_category,dummy_prior,1,179,all,all,30,1.0,batch
narrow_x_category,dummy_prior,1,184,all,all,18,1.0,batch
narrow_x_category,dummy_prior,1,205,all,all,17,1.0,batch
narrow_x_category,dummy_prior,1,211,all,all,28,1.0,batch
narrow_x_category,dummy_prior,1,221,all,all,17,1.0,batch
narrow_x_category,dummy_prior,1,223,all,all,20,1.0,batch
narrow_x_category,dummy_prior,1,236,all,all,8,1.0,batch
narrow_x_category,dummy_prior,1,240,all,all,20,1.0,batch
narrow_x_category,dummy_prior,1,241,all,all,20,1.0,batch
narrow_x_category,dummy_prior,1,262,all,all,7,1.0,batch
narrow_x_category,dummy_prior,1,265,all,all,8,1.0,batch
narrow_x_category,dummy_prior,1,268,all,all,7,1.0,batch
narrow_x_category,dummy_prior,1,270,all,all,11,0.7272727272727273,batch
narrow_x_category,dummy_prior,1,277,all,all,8,1.0,batch
narrow_x_category,dummy_prior,1,279,all,all,67,0.05970149253731343,batch
narrow_x_category,dummy_prior,1,280,all,all,8,1.0,batch
narrow_x_category,dummy_prior,1,283,all,all,8,1.0,batch
narrow_x_category,dummy_prior,1,284,all,all,8,1.0,batch
narrow_x_category,dummy_prior,1,303,all,all,109,0.07339449541284404,batch
narrow_x_category,dummy_prior,1,304,all,all,4,1.0,batch
narrow_x_category,dummy_prior,1,314,all,all,4,1.0,batch
narrow_x_category,dummy_prior,1,322,all,all,8,1.0,batch
narrow_x_category,dummy_prior,1,323,all,all,4,1.0,batch
narrow_x_category,dummy_prior,1,325,all,all,4,1.0,batch
narrow_x_category,dummy_prior,1,336,all,all,4,1.0,batch
narrow_x_category,dummy_prior,1,337,all,all,4,1.0,batch
narrow_x_category,dummy_prior,1,341,all,all,4,1.0,batch
narrow_x_category,dummy_prior,1,345,all,all,4,1.0,batch
narrow_x_category,dummy_prior,1,368,all,all,2,1.0,batch
narrow_x_category,dummy_prior,1,387,all,all,4,1.0,batch
narrow_x_category,dummy_prior,1,428,all,all,112,0.0,batch
narrow_x_category,dummy_prior,1,704,all,all,271,0.0,batch
narrow_x_category,dummy_prior,2,3,all,all,9,0.0,batch
narrow_x_category,dummy_prior,2,12,all,all,16,0.0,batch
narrow_x_category,dummy_prior,2,13,all,all,16,0.0,batch
narrow_x_category,dummy_prior,2,19,all,all,16,0.0,batch
narrow_x_category,dummy_prior,2,21,all,all,156,0.9166666666666666,batch
narrow_x_category,dummy_prior,2,24,all,all,134,0.6791044776119403,batch
narrow_x_category,dummy_prior,2,33,all,all,208,0.9230769230769231,batch
narrow_x_category,dummy_prior,2,37,all,all,16,0.0,batch
narrow_x_category,dummy_prior,2,40,all,all,24,0.0,batch
narrow_x_category,dummy_prior,2,46,all,all,34,0.0,batch
narrow_x_category,dummy_prior,2,54,all,all,16,0.0,batch
narrow_x_category,dummy_prior,2,56,all,all,31,0.0,batch
narrow_x_category,dummy_prior,2,60,all,all,16,0.25,batch
narrow_x_category,dummy_prior,2,64,all,all,28,0.0,batch
narrow_x_category,dummy_prior,2,66,all,all,16,0.0,batch
narrow_x_category,dummy_prior,2,77,all,all,24,0.0,batch
narrow_x_category,dummy_prior,2,78,all,all,24,0.0,batch
narrow_x_category,dummy_prior,2,81,all,all,15,0.0,batch
narrow_x_category,dummy_prior,2,84,all,all,16,0.0,batch
narrow_x_category,dummy_prior,2,85,all,all,16,0.0,batch
narrow_x_category,dummy_prior,2,95,all,all,16,0.0,batch
narrow_x_category,dummy_prior,2,98,all,all,24,0.0,batch
narrow_x_category,dummy_prior,2,103,all,all,16,0.0,batch
narrow_x_category,dummy_prior,2,109,all,all,24,0.0,batch
narrow_x_category,dummy_prior,2,114,all,all,16,0.0,batch
narrow_x_category,dummy_prior,2,118,all,all,16,0.0,batch
narrow_x_category,dummy_prior,2,119,all,all,16,0.0,batch
narrow_x_category,dummy_prior,2,122,all,all,24,0.0,batch
narrow_x_category,dummy_prior,2,128,all,all,11,0.0,batch
narrow_x_category,dummy_prior,2,136,all,all,32,0.0,batch
narrow_x_category,dummy_prior,2,141,all,all,16,0.0,batch
narrow_x_category,dummy_prior,2,143,all,all,16,0.0,batch
narrow_x_category,dummy_prior,2,144,all,all,16,0.0,batch
narrow_x_category,dummy_prior,2,146,all,all,38,0.0,batch
narrow_x_category,dummy_prior,2,151,all,all,30,0.0,batch
narrow_x_category,dummy_prior,2,160,all,all,16,0.0,batch
narrow_x_category,dummy_prior,2,161,all,all,16,0.0,batch
narrow_x_category,dummy_prior,2,163,all,all,24,0.0,batch
narrow_x_category,dummy_prior,2,169,all,all,27,0.0,batch
narrow_x_category,dummy_prior,2,172,all,all,16,0.0,batch
narrow_x_category,dummy_prior,2,175,all,all,20,0.0,batch
narrow_x_category,dummy_prior,2,177,all,all,16,0.0,batch
narrow_x_category,dummy_prior,2,186,all,all,16,0.0,batch
narrow_x_category,dummy_prior,2,195,all,all,16,0.0,batch
narrow_x_category,dummy_prior,2,204,all,all,17,0.0,batch
narrow_x_category,dummy_prior,2,206,all,all,16,0.0,batch
narrow_x_category,dummy_prior,2,208,all,all,18,0.0,batch
narrow_x_category,dummy_prior,2,210,all,all,11,0.0,batch
narrow_x_category,dummy_prior,2,238,all,all,20,0.0,batch
narrow_x_category,dummy_prior,2,242,all,all,4,0.0,batch
narrow_x_category,dummy_prior,2,244,all,all,20,0.0,batch
narrow_x_category,dummy_prior,2,246,all,all,34,0.0,batch
narrow_x_category,dummy_prior,2,249,all,all,18,0.2222222222222222,batch
narrow_x_category,dummy_prior,2,250,all,all,24,0.0,batch
narrow_x_category,dummy_prior,2,266,all,all,4,0.0,batch
narrow_x_category,dummy_prior,2,269,all,all,4,0.0,batch
narrow_x_category,dummy_prior,2,275,all,all,4,0.0,batch
narrow_x_category,dummy_prior,2,308,all,all,4,0.0,batch
narrow_x_category,dummy_prior,2,310,all,all,6,0.0,batch
narrow_x_category,dummy_prior,2,311,all,all,4,0.0,batch
narrow_x_category,dummy_prior,2,317,all,all,8,0.0,batch
narrow_x_category,dummy_prior,2,321,all,all,4,0.0,batch
narrow_x_category,dummy_prior,2,330,all,all,4,0.0,batch
narrow_x_category,dummy_prior,2,332,all,all,4,0.0,batch
narrow_x_category,dummy_prior,2,335,all,all,4,0.0,batch
narrow_x_category,dummy_prior,2,340,all,all,4,0.0,batch
narrow_x_category,dummy_prior,2,343,all,all,8,0.0,batch
narrow_x_category,dummy_prior,2,344,all,all,8,0.0,batch
narrow_x_category,dummy_prior,2,388,all,all,2,0.0,batch
narrow_x_category,dummy_prior,2,393,all,all,2,0.0,batch
narrow_x_category,dummy_prior,2,399,all,all,1,0.0,batch
narrow_x_category,dummy_prior,2,400,all,all,3,0.0,batch
narrow_x_category,dummy_prior,2,432,all,all,153,0.0,batch
narrow_x_category,dummy_prior,3,5,all,all,91,0.0,batch
narrow_x_category,dummy_prior,3,10,all,all,26,0.0,batch
narrow_x_category,dummy_prior,3,17,all,all,216,0.0,batch
narrow_x_category,dummy_prior,3,22,all,all,12,0.0,batch
narrow_x_category,dummy_prior,3,23,all,all,21,0.0,batch
narrow_x_category,dummy_prior,3,28,all,all,46,0.0,batch
narrow_x_category,dummy_prior,3,39,all,all,24,0.0,batch
narrow_x_category,dummy_prior,3,44,all,all,94,0.0,batch
narrow_x_category,dummy_prior,3,57,all,all,32,0.0,batch
narrow_x_category,dummy_prior,3,59,all,all,31,0.0,batch
narrow_x_category,dummy_prior,3,69,all,all,28,0.0,batch
narrow_x_category,dummy_prior,3,88,all,all,26,0.0,batch
narrow_x_category,dummy_prior,3,90,all,all,12,0.0,batch
narrow_x_category,dummy_prior,3,91,all,all,28,0.0,batch
narrow_x_category,dummy_prior,3,92,all,all,28,0.0,batch
narrow_x_category,dummy_prior,3,94,all,all,12,0.0,batch
narrow_x_category,dummy_prior,3,96,all,all,12,0.0,batch
narrow_x_category,dummy_prior,3,104,all,all,26,0.0,batch
narrow_x_category,dummy_prior,3,111,all,all,12,0.0,batch
narrow_x_category,dummy_prior,3,115,all,all,22,0.0,batch
narrow_x_category,dummy_prior,3,121,all,all,41,0.5121951219512195,batch
narrow_x_category,dummy_prior,3,127,all,all,12,0.0,batch
narrow_x_category,dummy_prior,3,142,all,all,15,0.0,batch
narrow_x_category,dummy_prior,3,152,all,all,15,0.0,batch
narrow_x_category,dummy_prior,3,159,all,all,26,0.0,batch
narrow_x_category,dummy_prior,3,164,all,all,12,0.0,batch
narrow_x_category,dummy_prior,3,167,all,all,12,0.0,batch
narrow_x_category,dummy_prior,3,170,all,all,12,0.0,batch
narrow_x_category,dummy_prior,3,176,all,all,28,0.0,batch
narrow_x_category,dummy_prior,3,178,all,all,12,0.0,batch
narrow_x_category,dummy_prior,3,181,all,all,12,0.0,batch
narrow_x_category,dummy_prior,3,187,all,all,12,0.0,batch
narrow_x_category,dummy_prior,3,188,all,all,24,0.0,batch
narrow_x_category,dummy_prior,3,189,all,all,20,0.0,batch
narrow_x_category,dummy_prior,3,191,all,all,28,0.0,batch
narrow_x_category,dummy_prior,3,198,all,all,24,0.0,batch
narrow_x_category,dummy_prior,3,199,all,all,24,0.0,batch
narrow_x_category,dummy_prior,3,200,all,all,24,0.0,batch
narrow_x_category,dummy_prior,3,212,all,all,20,0.0,batch
narrow_x_category,dummy_prior,3,217,all,all,12,0.0,batch
narrow_x_category,dummy_prior,3,218,all,all,12,0.0,batch
narrow_x_category,dummy_prior,3,219,all,all,20,0.0,batch
narrow_x_category,dummy_prior,3,220,all,all,20,0.0,batch
narrow_x_category,dummy_prior,3,224,all,all,12,0.0,batch
narrow_x_category,dummy_prior,3,232,all,all,24,0.0,batch
narrow_x_category,dummy_prior,3,234,all,all,14,0.0,batch
narrow_x_category,dummy_prior,3,237,all,all,8,0.0,batch
narrow_x_category,dummy_prior,3,243,all,all,12,0.0,batch
narrow_x_category,dummy_prior,3,245,all,all,12,0.0,batch
narrow_x_category,dummy_prior,3,257,all,all,8,0.0,batch
narrow_x_category,dummy_prior,3,263,all,all,6,0.0,batch
narrow_x_category,dummy_prior,3,264,all,all,3,0.0,batch
narrow_x_category,dummy_prior,3,267,all,all,12,0.0,batch
narrow_x_category,dummy_prior,3,271,all,all,12,0.0,batch
narrow_x_category,dummy_prior,3,274,all,all,12,0.0,batch
narrow_x_category,dummy_prior,3,278,all,all,12,0.0,batch
narrow_x_category,dummy_prior,3,281,all,all,4,0.0,batch
narrow_x_category,dummy_prior,3,282,all,all,12,0.0,batch
narrow_x_category,dummy_prior,3,286,all,all,7,0.0,batch
narrow_x_category,dummy_prior,3,299,all,all,12,0.0,batch
narrow_x_category,dummy_prior,3,301,all,all,7,0.0,batch
narrow_x_category,dummy_prior,3,305,all,all,7,0.0,batch
narrow_x_category,dummy_prior,3,316,all,all,12,0.0,batch
narrow_x_category,dummy_prior,3,324,all,all,12,0.0,batch
narrow_x_category,dummy_prior,3,379,all,all,2,0.0,batch
narrow_x_category,dummy_prior,3,380,all,all,3,0.0,batch
narrow_x_category,dummy_prior,3,384,all,all,2,0.0,batch
narrow_x_category,dummy_prior,3,385,all,all,2,0.0,batch
narrow_x_category,dummy_prior,3,386,all,all,4,0.0,batch
narrow_x_category,dummy_prior,3,396,all,all,1,0.0,batch
narrow_x_category,dummy_prior,3,398,all,all,2,0.0,batch
narrow_x_category,dummy_prior,3,411,all,all,100,0.0,batch
narrow_x_category,dummy_prior,3,867,all,all,111,1.0,batch
narrow_x_category,dummy_prior,4,6,all,all,10,0.0,batch
narrow_x_category,dummy_prior,4,8,all,all,8,0.0,batch
narrow_x_category,dummy_prior,4,11,all,all,30,0.0,batch
narrow_x_category,dummy_prior,4,15,all,all,27,0.0,batch
narrow_x_category,dummy_prior,4,16,all,all,256,0.9375,batch
narrow_x_category,dummy_prior,4,29,all,all,8,0.0,batch
narrow_x_category,dummy_prior,4,32,all,all,176,0.8409090909090909,batch
narrow_x_category,dummy_prior,4,36,all,all,37,0.4594594594594595,batch
narrow_x_category,dummy_prior,4,42,all,all,40,0.15,batch
narrow_x_category,dummy_prior,4,48,all,all,33,0.0,batch
narrow_x_category,dummy_prior,4,51,all,all,32,0.0,batch
narrow_x_category,dummy_prior,4,53,all,all,15,0.0,batch
narrow_x_category,dummy_prior,4,58,all,all,15,0.0,batch
narrow_x_category,dummy_prior,4,61,all,all,23,0.0,batch
narrow_x_category,dummy_prior,4,71,all,all,23,0.0,batch
narrow_x_category,dummy_prior,4,72,all,all,27,0.0,batch
narrow_x_category,dummy_prior,4,73,all,all,29,0.0,batch
narrow_x_category,dummy_prior,4,75,all,all,19,0.0,batch
narrow_x_category,dummy_prior,4,76,all,all,15,0.0,batch
narrow_x_category,dummy_prior,4,79,all,all,27,0.0,batch
narrow_x_category,dummy_prior,4,82,all,all,27,0.0,batch
narrow_x_category,dummy_prior,4,87,all,all,23,0.0,batch
narrow_x_category,dummy_prior,4,89,all,all,15,0.0,batch
narrow_x_category,dummy_prior,4,97,all,all,8,0.0,batch
narrow_x_category,dummy_prior,4,101,all,all,15,0.0,batch
narrow_x_category,dummy_prior,4,102,all,all,11,0.0,batch
narrow_x_category,dummy_prior,4,110,all,all,14,0.0,batch
narrow_x_category,dummy_prior,4,120,all,all,23,0.0,batch
narrow_x_category,dummy_prior,4,126,all,all,19,0.0,batch
narrow_x_category,dummy_prior,4,132,all,all,23,0.0,batch
narrow_x_category,dummy_prior,4,133,all,all,27,0.0,batch
narrow_x_category,dummy_prior,4,137,all,all,31,0.0,batch
narrow_x_category,dummy_prior,4,145,all,all,15,0.0,batch
narrow_x_category,dummy_prior,4,147,all,all,15,0.0,batch
narrow_x_category,dummy_prior,4,148,all,all,267,0.0,batch
narrow_x_category,dummy_prior,4,149,all,all,33,0.0,batch
narrow_x_category,dummy_prior,4,153,all,all,8,0.0,batch
narrow_x_category,dummy_prior,4,157,all,all,19,0.0,batch
narrow_x_category,dummy_prior,4,165,all,all,8,0.0,batch
narrow_x_category,dummy_prior,4,182,all,all,23,0.0,batch
narrow_x_category,dummy_prior,4,183,all,all,14,0.0,batch
narrow_x_category,dummy_prior,4,185,all,all,25,0.0,batch
narrow_x_category,dummy_prior,4,194,all,all,8,0.0,batch
narrow_x_category,dummy_prior,4,207,all,all,8,0.0,batch
narrow_x_category,dummy_prior,4,213,all,all,28,0.0,batch
narrow_x_category,dummy_prior,4,225,all,all,23,0.0,batch
narrow_x_category,dummy_prior,4,227,all,all,19,0.0,batch
narrow_x_category,dummy_prior,4,228,all,all,28,0.0,batch
narrow_x_category,dummy_prior,4,233,all,all,8,0.0,batch
narrow_x_category,dummy_prior,4,235,all,all,8,0.0,batch
narrow_x_category,dummy_prior,4,239,all,all,8,0.0,batch
narrow_x_category,dummy_prior,4,248,all,all,4,0.0,batch
narrow_x_category,dummy_prior,4,252,all,all,8,0.0,batch
narrow_x_category,dummy_prior,4,255,all,all,8,0.0,batch
narrow_x_category,dummy_prior,4,258,all,all,15,0.0,batch
narrow_x_category,dummy_prior,4,260,all,all,11,0.0,batch
narrow_x_category,dummy_prior,4,287,all,all,8,0.0,batch
narrow_x_category,dummy_prior,4,288,all,all,8,0.0,batch
narrow_x_category,dummy_prior,4,291,all,all,8,0.0,batch
narrow_x_category,dummy_prior,4,292,all,all,26,0.8461538461538461,batch
narrow_x_category,dummy_prior,4,293,all,all,8,0.0,batch
narrow_x_category,dummy_prior,4,294,all,all,8,0.0,batch
narrow_x_category,dummy_prior,4,297,all,all,8,0.0,batch
narrow_x_category,dummy_prior,4,300,all,all,4,0.0,batch
narrow_x_category,dummy_prior,4,309,all,all,8,0.0,batch
narrow_x_category,dummy_prior,4,319,all,all,4,0.0,batch
narrow_x_category,dummy_prior,4,326,all,all,1,0.0,batch
narrow_x_category,dummy_prior,4,378,all,all,1,0.0,batch
narrow_x_category,dummy_prior,4,381,all,all,2,0.0,batch
narrow_x_category,dummy_prior,4,394,all,all,4,0.0,batch
narrow_x_category,dummy_prior,4,401,all,all,1,0.0,batch
narrow_x_category,dummy_prior,4,410,all,all,1,0.0,batch
narrow_x_category,dummy_prior,5,7,all,all,14,1.0,batch
narrow_x_category,dummy_prior,5,14,all,all,53,0.32075471698113206,batch
narrow_x_category,dummy_prior,5,30,all,all,19,1.0,batch
narrow_x_category,dummy_prior,5,38,all,all,20,1.0,batch
narrow_x_category,dummy_prior,5,43,all,all,18,1.0,batch
narrow_x_category,dummy_prior,5,45,all,all,42,1.0,batch
narrow_x_category,dummy_prior,5,55,all,all,37,1.0,batch
narrow_x_category,dummy_prior,5,63,all,all,43,1.0,batch
narrow_x_category,dummy_prior,5,65,all,all,38,1.0,batch
narrow_x_category,dummy_prior,5,74,all,all,28,1.0,batch
narrow_x_category,dummy_prior,5,86,all,all,20,1.0,batch
narrow_x_category,dummy_prior,5,99,all,all,20,1.0,batch
narrow_x_category,dummy_prior,5,100,all,all,7,1.0,batch
narrow_x_category,dummy_prior,5,106,all,all,101,0.19801980198019803,batch
narrow_x_category,dummy_prior,5,107,all,all,18,1.0,batch
narrow_x_category,dummy_prior,5,112,all,all,20,1.0,batch
narrow_x_category,dummy_prior,5,113,all,all,20,1.0,batch
narrow_x_category,dummy_prior,5,116,all,all,20,1.0,batch
narrow_x_category,dummy_prior,5,117,all,all,20,1.0,batch
narrow_x_category,dummy_prior,5,134,all,all,298,0.050335570469798654,batch
narrow_x_category,dummy_prior,5,150,all,all,26,1.0,batch
narrow_x_category,dummy_prior,5,154,all,all,7,1.0,batch
narrow_x_category,dummy_prior,5,155,all,all,10,1.0,batch
narrow_x_category,dummy_prior,5,156,all,all,15,1.0,batch
narrow_x_category,dummy_prior,5,173,all,all,15,1.0,batch
narrow_x_category,dummy_prior,5,174,all,all,23,1.0,batch
narrow_x_category,dummy_prior,5,180,all,all,20,1.0,batch
narrow_x_category,dummy_prior,5,190,all,all,20,1.0,batch
narrow_x_category,dummy_prior,5,192,all,all,10,1.0,batch
narrow_x_category,dummy_prior,5,193,all,all,6,1.0,batch
narrow_x_category,dummy_prior,5,196,all,all,15,1.0,batch
narrow_x_category,dummy_prior,5,197,all,all,19,1.0,batch
narrow_x_category,dummy_prior,5,201,all,all,20,1.0,batch
narrow_x_category,dummy_prior,5,202,all,all,32,0.625,batch
narrow_x_category,dummy_prior,5,203,all,all,20,1.0,batch
narrow_x_category,dummy_prior,5,209,all,all,16,1.0,batch
narrow_x_category,dummy_prior,5,214,all,all,16,1.0,batch
narrow_x_category,dummy_prior,5,215,all,all,16,1.0,batch
narrow_x_category,dummy_prior,5,216,all,all,20,1.0,batch
narrow_x_category,dummy_prior,5,222,all,all,20,1.0,batch
narrow_x_category,dummy_prior,5,226,all,all,15,1.0,batch
narrow_x_category,dummy_prior,5,229,all,all,16,1.0,batch
narrow_x_category,dummy_prior,5,230,all,all,16,1.0,batch
narrow_x_category,dummy_prior,5,231,all,all,15,1.0,batch
narrow_x_category,dummy_prior,5,247,all,all,240,0.03333333333333333,batch
narrow_x_category,dummy_prior,5,251,all,all,16,1.0,batch
narrow_x_category,dummy_prior,5,253,all,all,16,1.0,batch
narrow_x_category,dummy_prior,5,254,all,all,16,1.0,batch
narrow_x_category,dummy_prior,5,256,all,all,20,1.0,batch
narrow_x_category,dummy_prior,5,259,all,all,11,1.0,batch
narrow_x_category,dummy_prior,5,261,all,all,16,1.0,batch
narrow_x_category,dummy_prior,5,272,all,all,20,1.0,batch
narrow_x_category,dummy_prior,5,273,all,all,16,1.0,batch
narrow_x_category,dummy_prior,5,276,all,all,4,1.0,batch
narrow_x_category,dummy_prior,5,285,all,all,4,1.0,batch
narrow_x_category,dummy_prior,5,289,all,all,16,1.0,batch
narrow_x_category,dummy_prior,5,290,all,all,16,1.0,batch
narrow_x_category,dummy_prior,5,295,all,all,4,1.0,batch
narrow_x_category,dummy_prior,5,296,all,all,4,1.0,batch
narrow_x_category,dummy_prior,5,302,all,all,8,1.0,batch
narrow_x_category,dummy_prior,5,306,all,all,16,1.0,batch
narrow_x_category,dummy_prior,5,307,all,all,8,1.0,batch
narrow_x_category,dummy_prior,5,312,all,all,8,1.0,batch
narrow_x_category,dummy_prior,5,313,all,all,8,1.0,batch
narrow_x_category,dummy_prior,5,315,all,all,7,1.0,batch
narrow_x_category,dummy_prior,5,329,all,all,4,1.0,batch
narrow_x_category,dummy_prior,5,331,all,all,4,1.0,batch
narrow_x_category,dummy_prior,5,333,all,all,4,1.0,batch
narrow_x_category,dummy_prior,5,338,all,all,4,1.0,batch
narrow_x_category,dummy_prior,5,346,all,all,4,1.0,batch
narrow_x_category,dummy_prior,5,377,all,all,2,1.0,batch
narrow_x_category,dummy_prior,5,441,all,all,22,0.0,batch
narrow_x_category,dummy_prior,5,469,all,all,16,0.0,batch
narrow_x_category,logistic_batch_balanced,1,1,all,all,8,1.0,batch
narrow_x_category,logistic_batch_balanced,1,2,all,all,8,0.875,batch
narrow_x_category,logistic_batch_balanced,1,4,all,all,42,0.9285714285714286,batch
narrow_x_category,logistic_batch_balanced,1,9,all,all,31,0.9032258064516129,batch
narrow_x_category,logistic_batch_balanced,1,18,all,all,47,0.723404255319149,batch
narrow_x_category,logistic_batch_balanced,1,20,all,all,34,0.7058823529411765,batch
narrow_x_category,logistic_batch_balanced,1,25,all,all,15,0.7333333333333333,batch
narrow_x_category,logistic_batch_balanced,1,26,all,all,15,0.9333333333333333,batch
narrow_x_category,logistic_batch_balanced,1,27,all,all,18,0.7777777777777778,batch
narrow_x_category,logistic_batch_balanced,1,31,all,all,25,0.88,batch
narrow_x_category,logistic_batch_balanced,1,34,all,all,26,0.8461538461538461,batch
narrow_x_category,logistic_batch_balanced,1,35,all,all,22,0.9090909090909091,batch
narrow_x_category,logistic_batch_balanced,1,41,all,all,20,0.95,batch
narrow_x_category,logistic_batch_balanced,1,47,all,all,25,0.8,batch
narrow_x_category,logistic_batch_balanced,1,49,all,all,18,0.9444444444444444,batch
narrow_x_category,logistic_batch_balanced,1,50,all,all,20,0.7,batch
narrow_x_category,logistic_batch_balanced,1,52,all,all,24,0.9166666666666666,batch
narrow_x_category,logistic_batch_balanced,1,62,all,all,20,0.85,batch
narrow_x_category,logistic_batch_balanced,1,67,all,all,20,0.75,batch
narrow_x_category,logistic_batch_balanced,1,68,all,all,19,0.631578947368421,batch
narrow_x_category,logistic_batch_balanced,1,70,all,all,18,1.0,batch
narrow_x_category,logistic_batch_balanced,1,80,all,all,19,0.8421052631578947,batch
narrow_x_category,logistic_batch_balanced,1,83,all,all,20,0.9,batch
narrow_x_category,logistic_batch_balanced,1,93,all,all,18,1.0,batch
narrow_x_category,logistic_batch_balanced,1,105,all,all,13,0.8461538461538461,batch
narrow_x_category,logistic_batch_balanced,1,108,all,all,24,0.6666666666666666,batch
narrow_x_category,logistic_batch_balanced,1,123,all,all,20,0.95,batch
narrow_x_category,logistic_batch_balanced,1,124,all,all,14,0.8571428571428571,batch
narrow_x_category,logistic_batch_balanced,1,125,all,all,20,0.8,batch
narrow_x_category,logistic_batch_balanced,1,129,all,all,20,0.9,batch
narrow_x_category,logistic_batch_balanced,1,130,all,all,20,0.75,batch
narrow_x_category,logistic_batch_balanced,1,131,all,all,20,0.8,batch
narrow_x_category,logistic_batch_balanced,1,135,all,all,23,0.9130434782608695,batch
narrow_x_category,logistic_batch_balanced,1,138,all,all,20,0.65,batch
narrow_x_category,logistic_batch_balanced,1,139,all,all,20,0.95,batch
narrow_x_category,logistic_batch_balanced,1,140,all,all,24,0.8333333333333334,batch
narrow_x_category,logistic_batch_balanced,1,158,all,all,22,0.6363636363636364,batch
narrow_x_category,logistic_batch_balanced,1,162,all,all,13,0.9230769230769231,batch
narrow_x_category,logistic_batch_balanced,1,166,all,all,20,0.95,batch
narrow_x_category,logistic_batch_balanced,1,168,all,all,23,0.8695652173913043,batch
narrow_x_category,logistic_batch_balanced,1,171,all,all,19,0.7368421052631579,batch
narrow_x_category,logistic_batch_balanced,1,179,all,all,30,0.8333333333333334,batch
narrow_x_category,logistic_batch_balanced,1,184,all,all,18,0.5,batch
narrow_x_category,logistic_batch_balanced,1,205,all,all,17,0.7647058823529411,batch
narrow_x_category,logistic_batch_balanced,1,211,all,all,28,0.8928571428571429,batch
narrow_x_category,logistic_batch_balanced,1,221,all,all,17,0.8823529411764706,batch
narrow_x_category,logistic_batch_balanced,1,223,all,all,20,0.7,batch
narrow_x_category,logistic_batch_balanced,1,236,all,all,8,0.75,batch
narrow_x_category,logistic_batch_balanced,1,240,all,all,20,0.85,batch
narrow_x_category,logistic_batch_balanced,1,241,all,all,20,0.55,batch
narrow_x_category,logistic_batch_balanced,1,262,all,all,7,1.0,batch
narrow_x_category,logistic_batch_balanced,1,265,all,all,8,0.625,batch
narrow_x_category,logistic_batch_balanced,1,268,all,all,7,1.0,batch
narrow_x_category,logistic_batch_balanced,1,270,all,all,11,0.9090909090909091,batch
narrow_x_category,logistic_batch_balanced,1,277,all,all,8,0.75,batch
narrow_x_category,logistic_batch_balanced,1,279,all,all,67,0.6268656716417911,batch
narrow_x_category,logistic_batch_balanced,1,280,all,all,8,0.5,batch
narrow_x_category,logistic_batch_balanced,1,283,all,all,8,0.875,batch
narrow_x_category,logistic_batch_balanced,1,284,all,all,8,0.875,batch
narrow_x_category,logistic_batch_balanced,1,303,all,all,109,0.7431192660550459,batch
narrow_x_category,logistic_batch_balanced,1,304,all,all,4,1.0,batch
narrow_x_category,logistic_batch_balanced,1,314,all,all,4,1.0,batch
narrow_x_category,logistic_batch_balanced,1,322,all,all,8,0.875,batch
narrow_x_category,logistic_batch_balanced,1,323,all,all,4,0.75,batch
narrow_x_category,logistic_batch_balanced,1,325,all,all,4,0.5,batch
narrow_x_category,logistic_batch_balanced,1,336,all,all,4,0.75,batch
narrow_x_category,logistic_batch_balanced,1,337,all,all,4,1.0,batch
narrow_x_category,logistic_batch_balanced,1,341,all,all,4,1.0,batch
narrow_x_category,logistic_batch_balanced,1,345,all,all,4,1.0,batch
narrow_x_category,logistic_batch_balanced,1,368,all,all,2,1.0,batch
narrow_x_category,logistic_batch_balanced,1,387,all,all,4,1.0,batch
narrow_x_category,logistic_batch_balanced,1,428,all,all,112,0.9375,batch
narrow_x_category,logistic_batch_balanced,1,704,all,all,271,0.974169741697417,batch
narrow_x_category,logistic_batch_balanced,2,3,all,all,9,0.4444444444444444,batch
narrow_x_category,logistic_batch_balanced,2,12,all,all,16,0.8125,batch
narrow_x_category,logistic_batch_balanced,2,13,all,all,16,0.9375,batch
narrow_x_category,logistic_batch_balanced,2,19,all,all,16,0.75,batch
narrow_x_category,logistic_batch_balanced,2,21,all,all,156,0.9230769230769231,batch
narrow_x_category,logistic_batch_balanced,2,24,all,all,134,0.917910447761194,batch
narrow_x_category,logistic_batch_balanced,2,33,all,all,208,0.7884615384615384,batch
narrow_x_category,logistic_batch_balanced,2,37,all,all,16,0.875,batch
narrow_x_category,logistic_batch_balanced,2,40,all,all,24,0.5,batch
narrow_x_category,logistic_batch_balanced,2,46,all,all,34,0.7941176470588235,batch
narrow_x_category,logistic_batch_balanced,2,54,all,all,16,0.9375,batch
narrow_x_category,logistic_batch_balanced,2,56,all,all,31,0.8387096774193549,batch
narrow_x_category,logistic_batch_balanced,2,60,all,all,16,1.0,batch
narrow_x_category,logistic_batch_balanced,2,64,all,all,28,0.8214285714285714,batch
narrow_x_category,logistic_batch_balanced,2,66,all,all,16,0.8125,batch
narrow_x_category,logistic_batch_balanced,2,77,all,all,24,0.7916666666666666,batch
narrow_x_category,logistic_batch_balanced,2,78,all,all,24,0.7916666666666666,batch
narrow_x_category,logistic_batch_balanced,2,81,all,all,15,0.6,batch
narrow_x_category,logistic_batch_balanced,2,84,all,all,16,0.875,batch
narrow_x_category,logistic_batch_balanced,2,85,all,all,16,1.0,batch
narrow_x_category,logistic_batch_balanced,2,95,all,all,16,0.5625,batch
narrow_x_category,logistic_batch_balanced,2,98,all,all,24,0.875,batch
narrow_x_category,logistic_batch_balanced,2,103,all,all,16,0.75,batch
narrow_x_category,logistic_batch_balanced,2,109,all,all,24,0.8333333333333334,batch
narrow_x_category,logistic_batch_balanced,2,114,all,all,16,1.0,batch
narrow_x_category,logistic_batch_balanced,2,118,all,all,16,0.625,batch
narrow_x_category,logistic_batch_balanced,2,119,all,all,16,0.8125,batch
narrow_x_category,logistic_batch_balanced,2,122,all,all,24,0.9583333333333334,batch
narrow_x_category,logistic_batch_balanced,2,128,all,all,11,0.9090909090909091,batch
narrow_x_category,logistic_batch_balanced,2,136,all,all,32,0.90625,batch
narrow_x_category,logistic_batch_balanced,2,141,all,all,16,0.8125,batch
narrow_x_category,logistic_batch_balanced,2,143,all,all,16,0.75,batch
narrow_x_category,logistic_batch_balanced,2,144,all,all,16,0.5625,batch
narrow_x_category,logistic_batch_balanced,2,146,all,all,38,0.6052631578947368,batch
narrow_x_category,logistic_batch_balanced,2,151,all,all,30,0.7333333333333333,batch
narrow_x_category,logistic_batch_balanced,2,160,all,all,16,0.6875,batch
narrow_x_category,logistic_batch_balanced,2,161,all,all,16,0.625,batch
narrow_x_category,logistic_batch_balanced,2,163,all,all,24,0.8333333333333334,batch
narrow_x_category,logistic_batch_balanced,2,169,all,all,27,0.6666666666666666,batch
narrow_x_category,logistic_batch_balanced,2,172,all,all,16,0.8125,batch
narrow_x_category,logistic_batch_balanced,2,175,all,all,20,0.65,batch
narrow_x_category,logistic_batch_balanced,2,177,all,all,16,0.75,batch
narrow_x_category,logistic_batch_balanced,2,186,all,all,16,0.75,batch
narrow_x_category,logistic_batch_balanced,2,195,all,all,16,0.625,batch
narrow_x_category,logistic_batch_balanced,2,204,all,all,17,0.8823529411764706,batch
narrow_x_category,logistic_batch_balanced,2,206,all,all,16,1.0,batch
narrow_x_category,logistic_batch_balanced,2,208,all,all,18,0.6111111111111112,batch
narrow_x_category,logistic_batch_balanced,2,210,all,all,11,1.0,batch
narrow_x_category,logistic_batch_balanced,2,238,all,all,20,0.75,batch
narrow_x_category,logistic_batch_balanced,2,242,all,all,4,1.0,batch
narrow_x_category,logistic_batch_balanced,2,244,all,all,20,0.75,batch
narrow_x_category,logistic_batch_balanced,2,246,all,all,34,0.7352941176470589,batch
narrow_x_category,logistic_batch_balanced,2,249,all,all,18,0.8888888888888888,batch
narrow_x_category,logistic_batch_balanced,2,250,all,all,24,0.7916666666666666,batch
narrow_x_category,logistic_batch_balanced,2,266,all,all,4,1.0,batch
narrow_x_category,logistic_batch_balanced,2,269,all,all,4,1.0,batch
narrow_x_category,logistic_batch_balanced,2,275,all,all,4,1.0,batch
narrow_x_category,logistic_batch_balanced,2,308,all,all,4,1.0,batch
narrow_x_category,logistic_batch_balanced,2,310,all,all,6,1.0,batch
narrow_x_category,logistic_batch_balanced,2,311,all,all,4,0.25,batch
narrow_x_category,logistic_batch_balanced,2,317,all,all,8,1.0,batch
narrow_x_category,logistic_batch_balanced,2,321,all,all,4,1.0,batch
narrow_x_category,logistic_batch_balanced,2,330,all,all,4,0.5,batch
narrow_x_category,logistic_batch_balanced,2,332,all,all,4,0.75,batch
narrow_x_category,logistic_batch_balanced,2,335,all,all,4,1.0,batch
narrow_x_category,logistic_batch_balanced,2,340,all,all,4,1.0,batch
narrow_x_category,logistic_batch_balanced,2,343,all,all,8,0.625,batch
narrow_x_category,logistic_batch_balanced,2,344,all,all,8,0.75,batch
narrow_x_category,logistic_batch_balanced,2,388,all,all,2,1.0,batch
narrow_x_category,logistic_batch_balanced,2,393,all,all,2,1.0,batch
narrow_x_category,logistic_batch_balanced,2,399,all,all,1,0.0,batch
narrow_x_category,logistic_batch_balanced,2,400,all,all,3,1.0,batch
narrow_x_category,logistic_batch_balanced,2,432,all,all,153,0.7124183006535948,batch
narrow_x_category,logistic_batch_balanced,3,5,all,all,91,0.8791208791208791,batch
narrow_x_category,logistic_batch_balanced,3,10,all,all,26,0.8461538461538461,batch
narrow_x_category,logistic_batch_balanced,3,17,all,all,216,0.9074074074074074,batch
narrow_x_category,logistic_batch_balanced,3,22,all,all,12,1.0,batch
narrow_x_category,logistic_batch_balanced,3,23,all,all,21,0.9047619047619048,batch
narrow_x_category,logistic_batch_balanced,3,28,all,all,46,0.717391304347826,batch
narrow_x_category,logistic_batch_balanced,3,39,all,all,24,0.875,batch
narrow_x_category,logistic_batch_balanced,3,44,all,all,94,0.9468085106382979,batch
narrow_x_category,logistic_batch_balanced,3,57,all,all,32,0.90625,batch
narrow_x_category,logistic_batch_balanced,3,59,all,all,31,0.7741935483870968,batch
narrow_x_category,logistic_batch_balanced,3,69,all,all,28,0.8928571428571429,batch
narrow_x_category,logistic_batch_balanced,3,88,all,all,26,0.8846153846153846,batch
narrow_x_category,logistic_batch_balanced,3,90,all,all,12,0.75,batch
narrow_x_category,logistic_batch_balanced,3,91,all,all,28,0.8571428571428571,batch
narrow_x_category,logistic_batch_balanced,3,92,all,all,28,0.8928571428571429,batch
narrow_x_category,logistic_batch_balanced,3,94,all,all,12,0.9166666666666666,batch
narrow_x_category,logistic_batch_balanced,3,96,all,all,12,1.0,batch
narrow_x_category,logistic_batch_balanced,3,104,all,all,26,0.9615384615384616,batch
narrow_x_category,logistic_batch_balanced,3,111,all,all,12,1.0,batch
narrow_x_category,logistic_batch_balanced,3,115,all,all,22,0.5454545454545454,batch
narrow_x_category,logistic_batch_balanced,3,121,all,all,41,0.6341463414634146,batch
narrow_x_category,logistic_batch_balanced,3,127,all,all,12,0.9166666666666666,batch
narrow_x_category,logistic_batch_balanced,3,142,all,all,15,1.0,batch
narrow_x_category,logistic_batch_balanced,3,152,all,all,15,0.8,batch
narrow_x_category,logistic_batch_balanced,3,159,all,all,26,0.8461538461538461,batch
narrow_x_category,logistic_batch_balanced,3,164,all,all,12,1.0,batch
narrow_x_category,logistic_batch_balanced,3,167,all,all,12,0.9166666666666666,batch
narrow_x_category,logistic_batch_balanced,3,170,all,all,12,0.8333333333333334,batch
narrow_x_category,logistic_batch_balanced,3,176,all,all,28,0.8928571428571429,batch
narrow_x_category,logistic_batch_balanced,3,178,all,all,12,1.0,batch
narrow_x_category,logistic_batch_balanced,3,181,all,all,12,0.9166666666666666,batch
narrow_x_category,logistic_batch_balanced,3,187,all,all,12,1.0,batch
narrow_x_category,logistic_batch_balanced,3,188,all,all,24,0.7916666666666666,batch
narrow_x_category,logistic_batch_balanced,3,189,all,all,20,0.85,batch
narrow_x_category,logistic_batch_balanced,3,191,all,all,28,0.7857142857142857,batch
narrow_x_category,logistic_batch_balanced,3,198,all,all,24,0.9166666666666666,batch
narrow_x_category,logistic_batch_balanced,3,199,all,all,24,0.7083333333333334,batch
narrow_x_category,logistic_batch_balanced,3,200,all,all,24,0.9166666666666666,batch
narrow_x_category,logistic_batch_balanced,3,212,all,all,20,1.0,batch
narrow_x_category,logistic_batch_balanced,3,217,all,all,12,0.8333333333333334,batch
narrow_x_category,logistic_batch_balanced,3,218,all,all,12,0.8333333333333334,batch
narrow_x_category,logistic_batch_balanced,3,219,all,all,20,0.95,batch
narrow_x_category,logistic_batch_balanced,3,220,all,all,20,0.85,batch
narrow_x_category,logistic_batch_balanced,3,224,all,all,12,0.8333333333333334,batch
narrow_x_category,logistic_batch_balanced,3,232,all,all,24,0.5833333333333334,batch
narrow_x_category,logistic_batch_balanced,3,234,all,all,14,0.7857142857142857,batch
narrow_x_category,logistic_batch_balanced,3,237,all,all,8,1.0,batch
narrow_x_category,logistic_batch_balanced,3,243,all,all,12,0.8333333333333334,batch
narrow_x_category,logistic_batch_balanced,3,245,all,all,12,1.0,batch
narrow_x_category,logistic_batch_balanced,3,257,all,all,8,1.0,batch
narrow_x_category,logistic_batch_balanced,3,263,all,all,6,0.8333333333333334,batch
narrow_x_category,logistic_batch_balanced,3,264,all,all,3,0.3333333333333333,batch
narrow_x_category,logistic_batch_balanced,3,267,all,all,12,0.8333333333333334,batch
narrow_x_category,logistic_batch_balanced,3,271,all,all,12,0.9166666666666666,batch
narrow_x_category,logistic_batch_balanced,3,274,all,all,12,0.8333333333333334,batch
narrow_x_category,logistic_batch_balanced,3,278,all,all,12,0.8333333333333334,batch
narrow_x_category,logistic_batch_balanced,3,281,all,all,4,1.0,batch
narrow_x_category,logistic_batch_balanced,3,282,all,all,12,1.0,batch
narrow_x_category,logistic_batch_balanced,3,286,all,all,7,0.5714285714285714,batch
narrow_x_category,logistic_batch_balanced,3,299,all,all,12,0.8333333333333334,batch
narrow_x_category,logistic_batch_balanced,3,301,all,all,7,1.0,batch
narrow_x_category,logistic_batch_balanced,3,305,all,all,7,0.8571428571428571,batch
narrow_x_category,logistic_batch_balanced,3,316,all,all,12,0.75,batch
narrow_x_category,logistic_batch_balanced,3,324,all,all,12,0.8333333333333334,batch
narrow_x_category,logistic_batch_balanced,3,379,all,all,2,1.0,batch
narrow_x_category,logistic_batch_balanced,3,380,all,all,3,1.0,batch
narrow_x_category,logistic_batch_balanced,3,384,all,all,2,1.0,batch
narrow_x_category,logistic_batch_balanced,3,385,all,all,2,0.5,batch
narrow_x_category,logistic_batch_balanced,3,386,all,all,4,1.0,batch
narrow_x_category,logistic_batch_balanced,3,396,all,all,1,1.0,batch
narrow_x_category,logistic_batch_balanced,3,398,all,all,2,1.0,batch
narrow_x_category,logistic_batch_balanced,3,411,all,all,100,0.9,batch
narrow_x_category,logistic_batch_balanced,3,867,all,all,111,0.7297297297297297,batch
narrow_x_category,logistic_batch_balanced,4,6,all,all,10,1.0,batch
narrow_x_category,logistic_batch_balanced,4,8,all,all,8,0.75,batch
narrow_x_category,logistic_batch_balanced,4,11,all,all,30,0.9,batch
narrow_x_category,logistic_batch_balanced,4,15,all,all,27,0.7037037037037037,batch
narrow_x_category,logistic_batch_balanced,4,16,all,all,256,0.87109375,batch
narrow_x_category,logistic_batch_balanced,4,29,all,all,8,1.0,batch
narrow_x_category,logistic_batch_balanced,4,32,all,all,176,0.9488636363636364,batch
narrow_x_category,logistic_batch_balanced,4,36,all,all,37,1.0,batch
narrow_x_category,logistic_batch_balanced,4,42,all,all,40,0.85,batch
narrow_x_category,logistic_batch_balanced,4,48,all,all,33,1.0,batch
narrow_x_category,logistic_batch_balanced,4,51,all,all,32,0.8125,batch
narrow_x_category,logistic_batch_balanced,4,53,all,all,15,0.9333333333333333,batch
narrow_x_category,logistic_batch_balanced,4,58,all,all,15,0.8666666666666667,batch
narrow_x_category,logistic_batch_balanced,4,61,all,all,23,0.8695652173913043,batch
narrow_x_category,logistic_batch_balanced,4,71,all,all,23,0.5652173913043478,batch
narrow_x_category,logistic_batch_balanced,4,72,all,all,27,0.8148148148148148,batch
narrow_x_category,logistic_batch_balanced,4,73,all,all,29,0.7931034482758621,batch
narrow_x_category,logistic_batch_balanced,4,75,all,all,19,0.8947368421052632,batch
narrow_x_category,logistic_batch_balanced,4,76,all,all,15,0.9333333333333333,batch
narrow_x_category,logistic_batch_balanced,4,79,all,all,27,0.8888888888888888,batch
narrow_x_category,logistic_batch_balanced,4,82,all,all,27,0.9259259259259259,batch
narrow_x_category,logistic_batch_balanced,4,87,all,all,23,0.8260869565217391,batch
narrow_x_category,logistic_batch_balanced,4,89,all,all,15,0.9333333333333333,batch
narrow_x_category,logistic_batch_balanced,4,97,all,all,8,0.5,batch
narrow_x_category,logistic_batch_balanced,4,101,all,all,15,0.7333333333333333,batch
narrow_x_category,logistic_batch_balanced,4,102,all,all,11,0.9090909090909091,batch
narrow_x_category,logistic_batch_balanced,4,110,all,all,14,0.8571428571428571,batch
narrow_x_category,logistic_batch_balanced,4,120,all,all,23,1.0,batch
narrow_x_category,logistic_batch_balanced,4,126,all,all,19,0.9473684210526315,batch
narrow_x_category,logistic_batch_balanced,4,132,all,all,23,0.9565217391304348,batch
narrow_x_category,logistic_batch_balanced,4,133,all,all,27,0.8148148148148148,batch
narrow_x_category,logistic_batch_balanced,4,137,all,all,31,0.7741935483870968,batch
narrow_x_category,logistic_batch_balanced,4,145,all,all,15,1.0,batch
narrow_x_category,logistic_batch_balanced,4,147,all,all,15,0.8,batch
narrow_x_category,logistic_batch_balanced,4,148,all,all,267,0.43820224719101125,batch
narrow_x_category,logistic_batch_balanced,4,149,all,all,33,0.48484848484848486,batch
narrow_x_category,logistic_batch_balanced,4,153,all,all,8,0.75,batch
narrow_x_category,logistic_batch_balanced,4,157,all,all,19,0.8947368421052632,batch
narrow_x_category,logistic_batch_balanced,4,165,all,all,8,0.25,batch
narrow_x_category,logistic_batch_balanced,4,182,all,all,23,0.6521739130434783,batch
narrow_x_category,logistic_batch_balanced,4,183,all,all,14,0.8571428571428571,batch
narrow_x_category,logistic_batch_balanced,4,185,all,all,25,0.88,batch
narrow_x_category,logistic_batch_balanced,4,194,all,all,8,0.625,batch
narrow_x_category,logistic_batch_balanced,4,207,all,all,8,0.875,batch
narrow_x_category,logistic_batch_balanced,4,213,all,all,28,0.7857142857142857,batch
narrow_x_category,logistic_batch_balanced,4,225,all,all,23,0.8695652173913043,batch
narrow_x_category,logistic_batch_balanced,4,227,all,all,19,0.9473684210526315,batch
narrow_x_category,logistic_batch_balanced,4,228,all,all,28,0.9642857142857143,batch
narrow_x_category,logistic_batch_balanced,4,233,all,all,8,0.875,batch
narrow_x_category,logistic_batch_balanced,4,235,all,all,8,0.875,batch
narrow_x_category,logistic_batch_balanced,4,239,all,all,8,0.75,batch
narrow_x_category,logistic_batch_balanced,4,248,all,all,4,0.75,batch
narrow_x_category,logistic_batch_balanced,4,252,all,all,8,1.0,batch
narrow_x_category,logistic_batch_balanced,4,255,all,all,8,0.875,batch
narrow_x_category,logistic_batch_balanced,4,258,all,all,15,0.8666666666666667,batch
narrow_x_category,logistic_batch_balanced,4,260,all,all,11,0.7272727272727273,batch
narrow_x_category,logistic_batch_balanced,4,287,all,all,8,1.0,batch
narrow_x_category,logistic_batch_balanced,4,288,all,all,8,0.875,batch
narrow_x_category,logistic_batch_balanced,4,291,all,all,8,1.0,batch
narrow_x_category,logistic_batch_balanced,4,292,all,all,26,0.9615384615384616,batch
narrow_x_category,logistic_batch_balanced,4,293,all,all,8,0.75,batch
narrow_x_category,logistic_batch_balanced,4,294,all,all,8,0.75,batch
narrow_x_category,logistic_batch_balanced,4,297,all,all,8,1.0,batch
narrow_x_category,logistic_batch_balanced,4,300,all,all,4,0.25,batch
narrow_x_category,logistic_batch_balanced,4,309,all,all,8,0.875,batch
narrow_x_category,logistic_batch_balanced,4,319,all,all,4,1.0,batch
narrow_x_category,logistic_batch_balanced,4,326,all,all,1,1.0,batch
narrow_x_category,logistic_batch_balanced,4,378,all,all,1,1.0,batch
narrow_x_category,logistic_batch_balanced,4,381,all,all,2,0.5,batch
narrow_x_category,logistic_batch_balanced,4,394,all,all,4,1.0,batch
narrow_x_category,logistic_batch_balanced,4,401,all,all,1,1.0,batch
narrow_x_category,logistic_batch_balanced,4,410,all,all,1,0.0,batch
narrow_x_category,logistic_batch_balanced,5,7,all,all,14,1.0,batch
narrow_x_category,logistic_batch_balanced,5,14,all,all,53,0.9245283018867925,batch
narrow_x_category,logistic_batch_balanced,5,30,all,all,19,0.7368421052631579,batch
narrow_x_category,logistic_batch_balanced,5,38,all,all,20,0.9,batch
narrow_x_category,logistic_batch_balanced,5,43,all,all,18,0.8888888888888888,batch
narrow_x_category,logistic_batch_balanced,5,45,all,all,42,0.8571428571428571,batch
narrow_x_category,logistic_batch_balanced,5,55,all,all,37,0.918918918918919,batch
narrow_x_category,logistic_batch_balanced,5,63,all,all,43,0.8372093023255814,batch
narrow_x_category,logistic_batch_balanced,5,65,all,all,38,0.7631578947368421,batch
narrow_x_category,logistic_batch_balanced,5,74,all,all,28,0.75,batch
narrow_x_category,logistic_batch_balanced,5,86,all,all,20,0.7,batch
narrow_x_category,logistic_batch_balanced,5,99,all,all,20,0.95,batch
narrow_x_category,logistic_batch_balanced,5,100,all,all,7,0.8571428571428571,batch
narrow_x_category,logistic_batch_balanced,5,106,all,all,101,0.9504950495049505,batch
narrow_x_category,logistic_batch_balanced,5,107,all,all,18,0.7777777777777778,batch
narrow_x_category,logistic_batch_balanced,5,112,all,all,20,0.85,batch
narrow_x_category,logistic_batch_balanced,5,113,all,all,20,0.7,batch
narrow_x_category,logistic_batch_balanced,5,116,all,all,20,0.8,batch
narrow_x_category,logistic_batch_balanced,5,117,all,all,20,0.7,batch
narrow_x_category,logistic_batch_balanced,5,134,all,all,298,0.6241610738255033,batch
narrow_x_category,logistic_batch_balanced,5,150,all,all,26,0.9615384615384616,batch
narrow_x_category,logistic_batch_balanced,5,154,all,all,7,1.0,batch
narrow_x_category,logistic_batch_balanced,5,155,all,all,10,0.7,batch
narrow_x_category,logistic_batch_balanced,5,156,all,all,15,0.6,batch
narrow_x_category,logistic_batch_balanced,5,173,all,all,15,0.5333333333333333,batch
narrow_x_category,logistic_batch_balanced,5,174,all,all,23,0.8260869565217391,batch
narrow_x_category,logistic_batch_balanced,5,180,all,all,20,0.9,batch
narrow_x_category,logistic_batch_balanced,5,190,all,all,20,0.6,batch
narrow_x_category,logistic_batch_balanced,5,192,all,all,10,0.7,batch
narrow_x_category,logistic_batch_balanced,5,193,all,all,6,1.0,batch
narrow_x_category,logistic_batch_balanced,5,196,all,all,15,0.8,batch
narrow_x_category,logistic_batch_balanced,5,197,all,all,19,0.9473684210526315,batch
narrow_x_category,logistic_batch_balanced,5,201,all,all,20,0.8,batch
narrow_x_category,logistic_batch_balanced,5,202,all,all,32,0.59375,batch
narrow_x_category,logistic_batch_balanced,5,203,all,all,20,1.0,batch
narrow_x_category,logistic_batch_balanced,5,209,all,all,16,0.9375,batch
narrow_x_category,logistic_batch_balanced,5,214,all,all,16,0.625,batch
narrow_x_category,logistic_batch_balanced,5,215,all,all,16,1.0,batch
narrow_x_category,logistic_batch_balanced,5,216,all,all,20,0.85,batch
narrow_x_category,logistic_batch_balanced,5,222,all,all,20,0.9,batch
narrow_x_category,logistic_batch_balanced,5,226,all,all,15,0.6666666666666666,batch
narrow_x_category,logistic_batch_balanced,5,229,all,all,16,0.8125,batch
narrow_x_category,logistic_batch_balanced,5,230,all,all,16,0.75,batch
narrow_x_category,logistic_batch_balanced,5,231,all,all,15,1.0,batch
narrow_x_category,logistic_batch_balanced,5,247,all,all,240,0.7791666666666667,batch
narrow_x_category,logistic_batch_balanced,5,251,all,all,16,0.6875,batch
narrow_x_category,logistic_batch_balanced,5,253,all,all,16,0.875,batch
narrow_x_category,logistic_batch_balanced,5,254,all,all,16,0.75,batch
narrow_x_category,logistic_batch_balanced,5,256,all,all,20,0.6,batch
narrow_x_category,logistic_batch_balanced,5,259,all,all,11,0.9090909090909091,batch
narrow_x_category,logistic_batch_balanced,5,261,all,all,16,0.75,batch
narrow_x_category,logistic_batch_balanced,5,272,all,all,20,1.0,batch
narrow_x_category,logistic_batch_balanced,5,273,all,all,16,0.4375,batch
narrow_x_category,logistic_batch_balanced,5,276,all,all,4,0.25,batch
narrow_x_category,logistic_batch_balanced,5,285,all,all,4,1.0,batch
narrow_x_category,logistic_batch_balanced,5,289,all,all,16,0.6875,batch
narrow_x_category,logistic_batch_balanced,5,290,all,all,16,0.8125,batch
narrow_x_category,logistic_batch_balanced,5,295,all,all,4,1.0,batch
narrow_x_category,logistic_batch_balanced,5,296,all,all,4,0.5,batch
narrow_x_category,logistic_batch_balanced,5,302,all,all,8,0.625,batch
narrow_x_category,logistic_batch_balanced,5,306,all,all,16,0.8125,batch
narrow_x_category,logistic_batch_balanced,5,307,all,all,8,0.75,batch
narrow_x_category,logistic_batch_balanced,5,312,all,all,8,0.75,batch
narrow_x_category,logistic_batch_balanced,5,313,all,all,8,1.0,batch
narrow_x_category,logistic_batch_balanced,5,315,all,all,7,0.7142857142857143,batch
narrow_x_category,logistic_batch_balanced,5,329,all,all,4,0.5,batch
narrow_x_category,logistic_batch_balanced,5,331,all,all,4,0.25,batch
narrow_x_category,logistic_batch_balanced,5,333,all,all,4,0.75,batch
narrow_x_category,logistic_batch_balanced,5,338,all,all,4,0.75,batch
narrow_x_category,logistic_batch_balanced,5,346,all,all,4,0.75,batch
narrow_x_category,logistic_batch_balanced,5,377,all,all,2,1.0,batch
narrow_x_category,logistic_batch_balanced,5,441,all,all,22,0.7727272727272727,batch
narrow_x_category,logistic_batch_balanced,5,469,all,all,16,0.8125,batch
narrow_x_category,random_forest_batch_balanced,1,1,all,all,8,1.0,batch
narrow_x_category,random_forest_batch_balanced,1,2,all,all,8,0.5,batch
narrow_x_category,random_forest_batch_balanced,1,4,all,all,42,0.9285714285714286,batch
narrow_x_category,random_forest_batch_balanced,1,9,all,all,31,0.8387096774193549,batch
narrow_x_category,random_forest_batch_balanced,1,18,all,all,47,0.8085106382978723,batch
narrow_x_category,random_forest_batch_balanced,1,20,all,all,34,0.7058823529411765,batch
narrow_x_category,random_forest_batch_balanced,1,25,all,all,15,0.9333333333333333,batch
narrow_x_category,random_forest_batch_balanced,1,26,all,all,15,0.9333333333333333,batch
narrow_x_category,random_forest_batch_balanced,1,27,all,all,18,1.0,batch
narrow_x_category,random_forest_batch_balanced,1,31,all,all,25,0.96,batch
narrow_x_category,random_forest_batch_balanced,1,34,all,all,26,0.8846153846153846,batch
narrow_x_category,random_forest_batch_balanced,1,35,all,all,22,0.8181818181818182,batch
narrow_x_category,random_forest_batch_balanced,1,41,all,all,20,0.85,batch
narrow_x_category,random_forest_batch_balanced,1,47,all,all,25,0.92,batch
narrow_x_category,random_forest_batch_balanced,1,49,all,all,18,0.9444444444444444,batch
narrow_x_category,random_forest_batch_balanced,1,50,all,all,20,0.7,batch
narrow_x_category,random_forest_batch_balanced,1,52,all,all,24,0.9166666666666666,batch
narrow_x_category,random_forest_batch_balanced,1,62,all,all,20,1.0,batch
narrow_x_category,random_forest_batch_balanced,1,67,all,all,20,0.8,batch
narrow_x_category,random_forest_batch_balanced,1,68,all,all,19,0.7894736842105263,batch
narrow_x_category,random_forest_batch_balanced,1,70,all,all,18,0.8333333333333334,batch
narrow_x_category,random_forest_batch_balanced,1,80,all,all,19,0.8421052631578947,batch
narrow_x_category,random_forest_batch_balanced,1,83,all,all,20,0.9,batch
narrow_x_category,random_forest_batch_balanced,1,93,all,all,18,0.9444444444444444,batch
narrow_x_category,random_forest_batch_balanced,1,105,all,all,13,0.7692307692307693,batch
narrow_x_category,random_forest_batch_balanced,1,108,all,all,24,0.875,batch
narrow_x_category,random_forest_batch_balanced,1,123,all,all,20,0.85,batch
narrow_x_category,random_forest_batch_balanced,1,124,all,all,14,0.9285714285714286,batch
narrow_x_category,random_forest_batch_balanced,1,125,all,all,20,0.65,batch
narrow_x_category,random_forest_batch_balanced,1,129,all,all,20,0.7,batch
narrow_x_category,random_forest_batch_balanced,1,130,all,all,20,0.85,batch
narrow_x_category,random_forest_batch_balanced,1,131,all,all,20,0.75,batch
narrow_x_category,random_forest_batch_balanced,1,135,all,all,23,0.8695652173913043,batch
narrow_x_category,random_forest_batch_balanced,1,138,all,all,20,0.65,batch
narrow_x_category,random_forest_batch_balanced,1,139,all,all,20,0.85,batch
narrow_x_category,random_forest_batch_balanced,1,140,all,all,24,0.875,batch
narrow_x_category,random_forest_batch_balanced,1,158,all,all,22,0.6363636363636364,batch
narrow_x_category,random_forest_batch_balanced,1,162,all,all,13,0.8461538461538461,batch
narrow_x_category,random_forest_batch_balanced,1,166,all,all,20,0.85,batch
narrow_x_category,random_forest_batch_balanced,1,168,all,all,23,0.8695652173913043,batch
narrow_x_category,random_forest_batch_balanced,1,171,all,all,19,0.8947368421052632,batch
narrow_x_category,random_forest_batch_balanced,1,179,all,all,30,0.9666666666666667,batch
narrow_x_category,random_forest_batch_balanced,1,184,all,all,18,0.6666666666666666,batch
narrow_x_category,random_forest_batch_balanced,1,205,all,all,17,0.8235294117647058,batch
narrow_x_category,random_forest_batch_balanced,1,211,all,all,28,0.8214285714285714,batch
narrow_x_category,random_forest_batch_balanced,1,221,all,all,17,0.9411764705882353,batch
narrow_x_category,random_forest_batch_balanced,1,223,all,all,20,0.55,batch
narrow_x_category,random_forest_batch_balanced,1,236,all,all,8,1.0,batch
narrow_x_category,random_forest_batch_balanced,1,240,all,all,20,0.65,batch
narrow_x_category,random_forest_batch_balanced,1,241,all,all,20,0.9,batch
narrow_x_category,random_forest_batch_balanced,1,262,all,all,7,1.0,batch
narrow_x_category,random_forest_batch_balanced,1,265,all,all,8,0.625,batch
narrow_x_category,random_forest_batch_balanced,1,268,all,all,7,1.0,batch
narrow_x_category,random_forest_batch_balanced,1,270,all,all,11,0.9090909090909091,batch
narrow_x_category,random_forest_batch_balanced,1,277,all,all,8,1.0,batch
narrow_x_category,random_forest_batch_balanced,1,279,all,all,67,0.7313432835820896,batch
narrow_x_category,random_forest_batch_balanced,1,280,all,all,8,1.0,batch
narrow_x_category,random_forest_batch_balanced,1,283,all,all,8,1.0,batch
narrow_x_category,random_forest_batch_balanced,1,284,all,all,8,0.875,batch
narrow_x_category,random_forest_batch_balanced,1,303,all,all,109,0.7431192660550459,batch
narrow_x_category,random_forest_batch_balanced,1,304,all,all,4,1.0,batch
narrow_x_category,random_forest_batch_balanced,1,314,all,all,4,0.75,batch
narrow_x_category,random_forest_batch_balanced,1,322,all,all,8,1.0,batch
narrow_x_category,random_forest_batch_balanced,1,323,all,all,4,0.75,batch
narrow_x_category,random_forest_batch_balanced,1,325,all,all,4,0.5,batch
narrow_x_category,random_forest_batch_balanced,1,336,all,all,4,1.0,batch
narrow_x_category,random_forest_batch_balanced,1,337,all,all,4,1.0,batch
narrow_x_category,random_forest_batch_balanced,1,341,all,all,4,1.0,batch
narrow_x_category,random_forest_batch_balanced,1,345,all,all,4,1.0,batch
narrow_x_category,random_forest_batch_balanced,1,368,all,all,2,0.5,batch
narrow_x_category,random_forest_batch_balanced,1,387,all,all,4,1.0,batch
narrow_x_category,random_forest_batch_balanced,1,428,all,all,112,0.9375,batch
narrow_x_category,random_forest_batch_balanced,1,704,all,all,271,0.974169741697417,batch
narrow_x_category,random_forest_batch_balanced,2,3,all,all,9,0.3333333333333333,batch
narrow_x_category,random_forest_batch_balanced,2,12,all,all,16,0.9375,batch
narrow_x_category,random_forest_batch_balanced,2,13,all,all,16,1.0,batch
narrow_x_category,random_forest_batch_balanced,2,19,all,all,16,0.9375,batch
narrow_x_category,random_forest_batch_balanced,2,21,all,all,156,0.3333333333333333,batch
narrow_x_category,random_forest_batch_balanced,2,24,all,all,134,0.8582089552238806,batch
narrow_x_category,random_forest_batch_balanced,2,33,all,all,208,0.7211538461538461,batch
narrow_x_category,random_forest_batch_balanced,2,37,all,all,16,0.875,batch
narrow_x_category,random_forest_batch_balanced,2,40,all,all,24,0.8333333333333334,batch
narrow_x_category,random_forest_batch_balanced,2,46,all,all,34,0.8235294117647058,batch
narrow_x_category,random_forest_batch_balanced,2,54,all,all,16,1.0,batch
narrow_x_category,random_forest_batch_balanced,2,56,all,all,31,0.8387096774193549,batch
narrow_x_category,random_forest_batch_balanced,2,60,all,all,16,1.0,batch
narrow_x_category,random_forest_batch_balanced,2,64,all,all,28,0.9285714285714286,batch
narrow_x_category,random_forest_batch_balanced,2,66,all,all,16,1.0,batch
narrow_x_category,random_forest_batch_balanced,2,77,all,all,24,0.9166666666666666,batch
narrow_x_category,random_forest_batch_balanced,2,78,all,all,24,0.875,batch
narrow_x_category,random_forest_batch_balanced,2,81,all,all,15,0.6666666666666666,batch
narrow_x_category,random_forest_batch_balanced,2,84,all,all,16,0.9375,batch
narrow_x_category,random_forest_batch_balanced,2,85,all,all,16,1.0,batch
narrow_x_category,random_forest_batch_balanced,2,95,all,all,16,0.625,batch
narrow_x_category,random_forest_batch_balanced,2,98,all,all,24,0.9583333333333334,batch
narrow_x_category,random_forest_batch_balanced,2,103,all,all,16,0.9375,batch
narrow_x_category,random_forest_batch_balanced,2,109,all,all,24,0.9166666666666666,batch
narrow_x_category,random_forest_batch_balanced,2,114,all,all,16,1.0,batch
narrow_x_category,random_forest_batch_balanced,2,118,all,all,16,0.875,batch
narrow_x_category,random_forest_batch_balanced,2,119,all,all,16,0.8125,batch
narrow_x_category,random_forest_batch_balanced,2,122,all,all,24,0.875,batch
narrow_x_category,random_forest_batch_balanced,2,128,all,all,11,0.9090909090909091,batch
narrow_x_category,random_forest_batch_balanced,2,136,all,all,32,0.9375,batch
narrow_x_category,random_forest_batch_balanced,2,141,all,all,16,0.9375,batch
narrow_x_category,random_forest_batch_balanced,2,143,all,all,16,0.4375,batch
narrow_x_category,random_forest_batch_balanced,2,144,all,all,16,0.625,batch
narrow_x_category,random_forest_batch_balanced,2,146,all,all,38,0.8421052631578947,batch
narrow_x_category,random_forest_batch_balanced,2,151,all,all,30,0.7666666666666667,batch
narrow_x_category,random_forest_batch_balanced,2,160,all,all,16,0.8125,batch
narrow_x_category,random_forest_batch_balanced,2,161,all,all,16,0.75,batch
narrow_x_category,random_forest_batch_balanced,2,163,all,all,24,0.8333333333333334,batch
narrow_x_category,random_forest_batch_balanced,2,169,all,all,27,0.8148148148148148,batch
narrow_x_category,random_forest_batch_balanced,2,172,all,all,16,1.0,batch
narrow_x_category,random_forest_batch_balanced,2,175,all,all,20,0.85,batch
narrow_x_category,random_forest_batch_balanced,2,177,all,all,16,0.5,batch
narrow_x_category,random_forest_batch_balanced,2,186,all,all,16,0.5625,batch
narrow_x_category,random_forest_batch_balanced,2,195,all,all,16,0.75,batch
narrow_x_category,random_forest_batch_balanced,2,204,all,all,17,0.9411764705882353,batch
narrow_x_category,random_forest_batch_balanced,2,206,all,all,16,1.0,batch
narrow_x_category,random_forest_batch_balanced,2,208,all,all,18,0.9444444444444444,batch
narrow_x_category,random_forest_batch_balanced,2,210,all,all,11,0.9090909090909091,batch
narrow_x_category,random_forest_batch_balanced,2,238,all,all,20,0.8,batch
narrow_x_category,random_forest_batch_balanced,2,242,all,all,4,1.0,batch
narrow_x_category,random_forest_batch_balanced,2,244,all,all,20,0.95,batch
narrow_x_category,random_forest_batch_balanced,2,246,all,all,34,0.7941176470588235,batch
narrow_x_category,random_forest_batch_balanced,2,249,all,all,18,0.8888888888888888,batch
narrow_x_category,random_forest_batch_balanced,2,250,all,all,24,0.9583333333333334,batch
narrow_x_category,random_forest_batch_balanced,2,266,all,all,4,1.0,batch
narrow_x_category,random_forest_batch_balanced,2,269,all,all,4,1.0,batch
narrow_x_category,random_forest_batch_balanced,2,275,all,all,4,1.0,batch
narrow_x_category,random_forest_batch_balanced,2,308,all,all,4,1.0,batch
narrow_x_category,random_forest_batch_balanced,2,310,all,all,6,0.8333333333333334,batch
narrow_x_category,random_forest_batch_balanced,2,311,all,all,4,0.5,batch
narrow_x_category,random_forest_batch_balanced,2,317,all,all,8,0.875,batch
narrow_x_category,random_forest_batch_balanced,2,321,all,all,4,1.0,batch
narrow_x_category,random_forest_batch_balanced,2,330,all,all,4,0.5,batch
narrow_x_category,random_forest_batch_balanced,2,332,all,all,4,1.0,batch
narrow_x_category,random_forest_batch_balanced,2,335,all,all,4,1.0,batch
narrow_x_category,random_forest_batch_balanced,2,340,all,all,4,1.0,batch
narrow_x_category,random_forest_batch_balanced,2,343,all,all,8,0.875,batch
narrow_x_category,random_forest_batch_balanced,2,344,all,all,8,0.875,batch
narrow_x_category,random_forest_batch_balanced,2,388,all,all,2,1.0,batch
narrow_x_category,random_forest_batch_balanced,2,393,all,all,2,1.0,batch
narrow_x_category,random_forest_batch_balanced,2,399,all,all,1,1.0,batch
narrow_x_category,random_forest_batch_balanced,2,400,all,all,3,1.0,batch
narrow_x_category,random_forest_batch_balanced,2,432,all,all,153,0.8431372549019608,batch
narrow_x_category,random_forest_batch_balanced,3,5,all,all,91,0.8901098901098901,batch
narrow_x_category,random_forest_batch_balanced,3,10,all,all,26,0.6923076923076923,batch
narrow_x_category,random_forest_batch_balanced,3,17,all,all,216,0.4305555555555556,batch
narrow_x_category,random_forest_batch_balanced,3,22,all,all,12,0.75,batch
narrow_x_category,random_forest_batch_balanced,3,23,all,all,21,0.9047619047619048,batch
narrow_x_category,random_forest_batch_balanced,3,28,all,all,46,0.8260869565217391,batch
narrow_x_category,random_forest_batch_balanced,3,39,all,all,24,0.8333333333333334,batch
narrow_x_category,random_forest_batch_balanced,3,44,all,all,94,0.9893617021276596,batch
narrow_x_category,random_forest_batch_balanced,3,57,all,all,32,0.90625,batch
narrow_x_category,random_forest_batch_balanced,3,59,all,all,31,0.8709677419354839,batch
narrow_x_category,random_forest_batch_balanced,3,69,all,all,28,0.8214285714285714,batch
narrow_x_category,random_forest_batch_balanced,3,88,all,all,26,0.8846153846153846,batch
narrow_x_category,random_forest_batch_balanced,3,90,all,all,12,0.8333333333333334,batch
narrow_x_category,random_forest_batch_balanced,3,91,all,all,28,0.8214285714285714,batch
narrow_x_category,random_forest_batch_balanced,3,92,all,all,28,0.8928571428571429,batch
narrow_x_category,random_forest_batch_balanced,3,94,all,all,12,0.8333333333333334,batch
narrow_x_category,random_forest_batch_balanced,3,96,all,all,12,0.9166666666666666,batch
narrow_x_category,random_forest_batch_balanced,3,104,all,all,26,1.0,batch
narrow_x_category,random_forest_batch_balanced,3,111,all,all,12,1.0,batch
narrow_x_category,random_forest_batch_balanced,3,115,all,all,22,0.6363636363636364,batch
narrow_x_category,random_forest_batch_balanced,3,121,all,all,41,0.6341463414634146,batch
narrow_x_category,random_forest_batch_balanced,3,127,all,all,12,0.8333333333333334,batch
narrow_x_category,random_forest_batch_balanced,3,142,all,all,15,1.0,batch
narrow_x_category,random_forest_batch_balanced,3,152,all,all,15,0.9333333333333333,batch
narrow_x_category,random_forest_batch_balanced,3,159,all,all,26,0.8846153846153846,batch
narrow_x_category,random_forest_batch_balanced,3,164,all,all,12,1.0,batch
narrow_x_category,random_forest_batch_balanced,3,167,all,all,12,0.75,batch
narrow_x_category,random_forest_batch_balanced,3,170,all,all,12,0.9166666666666666,batch
narrow_x_category,random_forest_batch_balanced,3,176,all,all,28,0.8928571428571429,batch
narrow_x_category,random_forest_batch_balanced,3,178,all,all,12,1.0,batch
narrow_x_category,random_forest_batch_balanced,3,181,all,all,12,1.0,batch
narrow_x_category,random_forest_batch_balanced,3,187,all,all,12,1.0,batch
narrow_x_category,random_forest_batch_balanced,3,188,all,all,24,0.8333333333333334,batch
narrow_x_category,random_forest_batch_balanced,3,189,all,all,20,0.95,batch
narrow_x_category,random_forest_batch_balanced,3,191,all,all,28,0.6785714285714286,batch
narrow_x_category,random_forest_batch_balanced,3,198,all,all,24,0.8333333333333334,batch
narrow_x_category,random_forest_batch_balanced,3,199,all,all,24,0.8333333333333334,batch
narrow_x_category,random_forest_batch_balanced,3,200,all,all,24,0.9166666666666666,batch
narrow_x_category,random_forest_batch_balanced,3,212,all,all,20,1.0,batch
narrow_x_category,random_forest_batch_balanced,3,217,all,all,12,1.0,batch
narrow_x_category,random_forest_batch_balanced,3,218,all,all,12,0.75,batch
narrow_x_category,random_forest_batch_balanced,3,219,all,all,20,0.95,batch
narrow_x_category,random_forest_batch_balanced,3,220,all,all,20,1.0,batch
narrow_x_category,random_forest_batch_balanced,3,224,all,all,12,1.0,batch
narrow_x_category,random_forest_batch_balanced,3,232,all,all,24,0.625,batch
narrow_x_category,random_forest_batch_balanced,3,234,all,all,14,0.5714285714285714,batch
narrow_x_category,random_forest_batch_balanced,3,237,all,all,8,1.0,batch
narrow_x_category,random_forest_batch_balanced,3,243,all,all,12,0.9166666666666666,batch
narrow_x_category,random_forest_batch_balanced,3,245,all,all,12,1.0,batch
narrow_x_category,random_forest_batch_balanced,3,257,all,all,8,1.0,batch
narrow_x_category,random_forest_batch_balanced,3,263,all,all,6,1.0,batch
narrow_x_category,random_forest_batch_balanced,3,264,all,all,3,1.0,batch
narrow_x_category,random_forest_batch_balanced,3,267,all,all,12,0.8333333333333334,batch
narrow_x_category,random_forest_batch_balanced,3,271,all,all,12,1.0,batch
narrow_x_category,random_forest_batch_balanced,3,274,all,all,12,1.0,batch
narrow_x_category,random_forest_batch_balanced,3,278,all,all,12,0.75,batch
narrow_x_category,random_forest_batch_balanced,3,281,all,all,4,1.0,batch
narrow_x_category,random_forest_batch_balanced,3,282,all,all,12,1.0,batch
narrow_x_category,random_forest_batch_balanced,3,286,all,all,7,0.8571428571428571,batch
narrow_x_category,random_forest_batch_balanced,3,299,all,all,12,1.0,batch
narrow_x_category,random_forest_batch_balanced,3,301,all,all,7,1.0,batch
narrow_x_category,random_forest_batch_balanced,3,305,all,all,7,0.8571428571428571,batch
narrow_x_category,random_forest_batch_balanced,3,316,all,all,12,1.0,batch
narrow_x_category,random_forest_batch_balanced,3,324,all,all,12,1.0,batch
narrow_x_category,random_forest_batch_balanced,3,379,all,all,2,1.0,batch
narrow_x_category,random_forest_batch_balanced,3,380,all,all,3,1.0,batch
narrow_x_category,random_forest_batch_balanced,3,384,all,all,2,1.0,batch
narrow_x_category,random_forest_batch_balanced,3,385,all,all,2,0.5,batch
narrow_x_category,random_forest_batch_balanced,3,386,all,all,4,1.0,batch
narrow_x_category,random_forest_batch_balanced,3,396,all,all,1,1.0,batch
narrow_x_category,random_forest_batch_balanced,3,398,all,all,2,1.0,batch
narrow_x_category,random_forest_batch_balanced,3,411,all,all,100,0.79,batch
narrow_x_category,random_forest_batch_balanced,3,867,all,all,111,0.5585585585585585,batch
narrow_x_category,random_forest_batch_balanced,4,6,all,all,10,1.0,batch
narrow_x_category,random_forest_batch_balanced,4,8,all,all,8,1.0,batch
narrow_x_category,random_forest_batch_balanced,4,11,all,all,30,0.9333333333333333,batch
narrow_x_category,random_forest_batch_balanced,4,15,all,all,27,0.7037037037037037,batch
narrow_x_category,random_forest_batch_balanced,4,16,all,all,256,0.890625,batch
narrow_x_category,random_forest_batch_balanced,4,29,all,all,8,1.0,batch
narrow_x_category,random_forest_batch_balanced,4,32,all,all,176,0.8522727272727273,batch
narrow_x_category,random_forest_batch_balanced,4,36,all,all,37,0.8918918918918919,batch
narrow_x_category,random_forest_batch_balanced,4,42,all,all,40,1.0,batch
narrow_x_category,random_forest_batch_balanced,4,48,all,all,33,0.9696969696969697,batch
narrow_x_category,random_forest_batch_balanced,4,51,all,all,32,0.8125,batch
narrow_x_category,random_forest_batch_balanced,4,53,all,all,15,0.9333333333333333,batch
narrow_x_category,random_forest_batch_balanced,4,58,all,all,15,1.0,batch
narrow_x_category,random_forest_batch_balanced,4,61,all,all,23,0.9130434782608695,batch
narrow_x_category,random_forest_batch_balanced,4,71,all,all,23,0.7391304347826086,batch
narrow_x_category,random_forest_batch_balanced,4,72,all,all,27,0.9259259259259259,batch
narrow_x_category,random_forest_batch_balanced,4,73,all,all,29,0.8620689655172413,batch
narrow_x_category,random_forest_batch_balanced,4,75,all,all,19,0.8947368421052632,batch
narrow_x_category,random_forest_batch_balanced,4,76,all,all,15,0.9333333333333333,batch
narrow_x_category,random_forest_batch_balanced,4,79,all,all,27,0.8518518518518519,batch
narrow_x_category,random_forest_batch_balanced,4,82,all,all,27,0.9629629629629629,batch
narrow_x_category,random_forest_batch_balanced,4,87,all,all,23,0.8260869565217391,batch
narrow_x_category,random_forest_batch_balanced,4,89,all,all,15,1.0,batch
narrow_x_category,random_forest_batch_balanced,4,97,all,all,8,0.625,batch
narrow_x_category,random_forest_batch_balanced,4,101,all,all,15,0.8,batch
narrow_x_category,random_forest_batch_balanced,4,102,all,all,11,0.9090909090909091,batch
narrow_x_category,random_forest_batch_balanced,4,110,all,all,14,1.0,batch
narrow_x_category,random_forest_batch_balanced,4,120,all,all,23,1.0,batch
narrow_x_category,random_forest_batch_balanced,4,126,all,all,19,1.0,batch
narrow_x_category,random_forest_batch_balanced,4,132,all,all,23,0.9565217391304348,batch
narrow_x_category,random_forest_batch_balanced,4,133,all,all,27,0.7777777777777778,batch
narrow_x_category,random_forest_batch_balanced,4,137,all,all,31,0.8387096774193549,batch
narrow_x_category,random_forest_batch_balanced,4,145,all,all,15,1.0,batch
narrow_x_category,random_forest_batch_balanced,4,147,all,all,15,0.8,batch
narrow_x_category,random_forest_batch_balanced,4,148,all,all,267,0.35580524344569286,batch
narrow_x_category,random_forest_batch_balanced,4,149,all,all,33,0.7878787878787878,batch
narrow_x_category,random_forest_batch_balanced,4,153,all,all,8,0.875,batch
narrow_x_category,random_forest_batch_balanced,4,157,all,all,19,0.9473684210526315,batch
narrow_x_category,random_forest_batch_balanced,4,165,all,all,8,0.375,batch
narrow_x_category,random_forest_batch_balanced,4,182,all,all,23,0.8260869565217391,batch
narrow_x_category,random_forest_batch_balanced,4,183,all,all,14,0.9285714285714286,batch
narrow_x_category,random_forest_batch_balanced,4,185,all,all,25,0.96,batch
narrow_x_category,random_forest_batch_balanced,4,194,all,all,8,0.875,batch
narrow_x_category,random_forest_batch_balanced,4,207,all,all,8,0.375,batch
narrow_x_category,random_forest_batch_balanced,4,213,all,all,28,0.8928571428571429,batch
narrow_x_category,random_forest_batch_balanced,4,225,all,all,23,0.9130434782608695,batch
narrow_x_category,random_forest_batch_balanced,4,227,all,all,19,1.0,batch
narrow_x_category,random_forest_batch_balanced,4,228,all,all,28,0.9642857142857143,batch
narrow_x_category,random_forest_batch_balanced,4,233,all,all,8,0.875,batch
narrow_x_category,random_forest_batch_balanced,4,235,all,all,8,1.0,batch
narrow_x_category,random_forest_batch_balanced,4,239,all,all,8,1.0,batch
narrow_x_category,random_forest_batch_balanced,4,248,all,all,4,1.0,batch
narrow_x_category,random_forest_batch_balanced,4,252,all,all,8,1.0,batch
narrow_x_category,random_forest_batch_balanced,4,255,all,all,8,1.0,batch
narrow_x_category,random_forest_batch_balanced,4,258,all,all,15,0.9333333333333333,batch
narrow_x_category,random_forest_batch_balanced,4,260,all,all,11,0.9090909090909091,batch
narrow_x_category,random_forest_batch_balanced,4,287,all,all,8,1.0,batch
narrow_x_category,random_forest_batch_balanced,4,288,all,all,8,0.875,batch
narrow_x_category,random_forest_batch_balanced,4,291,all,all,8,0.875,batch
narrow_x_category,random_forest_batch_balanced,4,292,all,all,26,0.9615384615384616,batch
narrow_x_category,random_forest_batch_balanced,4,293,all,all,8,1.0,batch
narrow_x_category,random_forest_batch_balanced,4,294,all,all,8,1.0,batch
narrow_x_category,random_forest_batch_balanced,4,297,all,all,8,1.0,batch
narrow_x_category,random_forest_batch_balanced,4,300,all,all,4,0.5,batch
narrow_x_category,random_forest_batch_balanced,4,309,all,all,8,0.875,batch
narrow_x_category,random_forest_batch_balanced,4,319,all,all,4,1.0,batch
narrow_x_category,random_forest_batch_balanced,4,326,all,all,1,0.0,batch
narrow_x_category,random_forest_batch_balanced,4,378,all,all,1,1.0,batch
narrow_x_category,random_forest_batch_balanced,4,381,all,all,2,1.0,batch
narrow_x_category,random_forest_batch_balanced,4,394,all,all,4,1.0,batch
narrow_x_category,random_forest_batch_balanced,4,401,all,all,1,0.0,batch
narrow_x_category,random_forest_batch_balanced,4,410,all,all,1,1.0,batch
narrow_x_category,random_forest_batch_balanced,5,7,all,all,14,1.0,batch
narrow_x_category,random_forest_batch_balanced,5,14,all,all,53,1.0,batch
narrow_x_category,random_forest_batch_balanced,5,30,all,all,19,0.9473684210526315,batch
narrow_x_category,random_forest_batch_balanced,5,38,all,all,20,0.95,batch
narrow_x_category,random_forest_batch_balanced,5,43,all,all,18,0.8888888888888888,batch
narrow_x_category,random_forest_batch_balanced,5,45,all,all,42,0.8571428571428571,batch
narrow_x_category,random_forest_batch_balanced,5,55,all,all,37,0.972972972972973,batch
narrow_x_category,random_forest_batch_balanced,5,63,all,all,43,0.813953488372093,batch
narrow_x_category,random_forest_batch_balanced,5,65,all,all,38,0.7631578947368421,batch
narrow_x_category,random_forest_batch_balanced,5,74,all,all,28,0.9285714285714286,batch
narrow_x_category,random_forest_batch_balanced,5,86,all,all,20,0.85,batch
narrow_x_category,random_forest_batch_balanced,5,99,all,all,20,0.85,batch
narrow_x_category,random_forest_batch_balanced,5,100,all,all,7,1.0,batch
narrow_x_category,random_forest_batch_balanced,5,106,all,all,101,0.9504950495049505,batch
narrow_x_category,random_forest_batch_balanced,5,107,all,all,18,0.9444444444444444,batch
narrow_x_category,random_forest_batch_balanced,5,112,all,all,20,0.9,batch
narrow_x_category,random_forest_batch_balanced,5,113,all,all,20,0.45,batch
narrow_x_category,random_forest_batch_balanced,5,116,all,all,20,0.75,batch
narrow_x_category,random_forest_batch_balanced,5,117,all,all,20,0.75,batch
narrow_x_category,random_forest_batch_balanced,5,134,all,all,298,0.5838926174496645,batch
narrow_x_category,random_forest_batch_balanced,5,150,all,all,26,0.9615384615384616,batch
narrow_x_category,random_forest_batch_balanced,5,154,all,all,7,1.0,batch
narrow_x_category,random_forest_batch_balanced,5,155,all,all,10,0.7,batch
narrow_x_category,random_forest_batch_balanced,5,156,all,all,15,0.7333333333333333,batch
narrow_x_category,random_forest_batch_balanced,5,173,all,all,15,0.8,batch
narrow_x_category,random_forest_batch_balanced,5,174,all,all,23,0.9565217391304348,batch
narrow_x_category,random_forest_batch_balanced,5,180,all,all,20,0.8,batch
narrow_x_category,random_forest_batch_balanced,5,190,all,all,20,0.95,batch
narrow_x_category,random_forest_batch_balanced,5,192,all,all,10,0.6,batch
narrow_x_category,random_forest_batch_balanced,5,193,all,all,6,1.0,batch
narrow_x_category,random_forest_batch_balanced,5,196,all,all,15,0.7333333333333333,batch
narrow_x_category,random_forest_batch_balanced,5,197,all,all,19,1.0,batch
narrow_x_category,random_forest_batch_balanced,5,201,all,all,20,0.95,batch
narrow_x_category,random_forest_batch_balanced,5,202,all,all,32,0.65625,batch
narrow_x_category,random_forest_batch_balanced,5,203,all,all,20,0.95,batch
narrow_x_category,random_forest_batch_balanced,5,209,all,all,16,1.0,batch
narrow_x_category,random_forest_batch_balanced,5,214,all,all,16,0.5625,batch
narrow_x_category,random_forest_batch_balanced,5,215,all,all,16,0.75,batch
narrow_x_category,random_forest_batch_balanced,5,216,all,all,20,0.95,batch
narrow_x_category,random_forest_batch_balanced,5,222,all,all,20,0.95,batch
narrow_x_category,random_forest_batch_balanced,5,226,all,all,15,0.5333333333333333,batch
narrow_x_category,random_forest_batch_balanced,5,229,all,all,16,0.8125,batch
narrow_x_category,random_forest_batch_balanced,5,230,all,all,16,0.75,batch
narrow_x_category,random_forest_batch_balanced,5,231,all,all,15,1.0,batch
narrow_x_category,random_forest_batch_balanced,5,247,all,all,240,0.7291666666666666,batch
narrow_x_category,random_forest_batch_balanced,5,251,all,all,16,0.9375,batch
narrow_x_category,random_forest_batch_balanced,5,253,all,all,16,0.9375,batch
narrow_x_category,random_forest_batch_balanced,5,254,all,all,16,0.875,batch
narrow_x_category,random_forest_batch_balanced,5,256,all,all,20,0.75,batch
narrow_x_category,random_forest_batch_balanced,5,259,all,all,11,1.0,batch
narrow_x_category,random_forest_batch_balanced,5,261,all,all,16,1.0,batch
narrow_x_category,random_forest_batch_balanced,5,272,all,all,20,1.0,batch
narrow_x_category,random_forest_batch_balanced,5,273,all,all,16,0.8125,batch
narrow_x_category,random_forest_batch_balanced,5,276,all,all,4,0.5,batch
narrow_x_category,random_forest_batch_balanced,5,285,all,all,4,1.0,batch
narrow_x_category,random_forest_batch_balanced,5,289,all,all,16,0.875,batch
narrow_x_category,random_forest_batch_balanced,5,290,all,all,16,0.8125,batch
narrow_x_category,random_forest_batch_balanced,5,295,all,all,4,1.0,batch
narrow_x_category,random_forest_batch_balanced,5,296,all,all,4,0.75,batch
narrow_x_category,random_forest_batch_balanced,5,302,all,all,8,0.875,batch
narrow_x_category,random_forest_batch_balanced,5,306,all,all,16,0.875,batch
narrow_x_category,random_forest_batch_balanced,5,307,all,all,8,1.0,batch
narrow_x_category,random_forest_batch_balanced,5,312,all,all,8,0.75,batch
narrow_x_category,random_forest_batch_balanced,5,313,all,all,8,1.0,batch
narrow_x_category,random_forest_batch_balanced,5,315,all,all,7,1.0,batch
narrow_x_category,random_forest_batch_balanced,5,329,all,all,4,0.5,batch
narrow_x_category,random_forest_batch_balanced,5,331,all,all,4,1.0,batch
narrow_x_category,random_forest_batch_balanced,5,333,all,all,4,1.0,batch
narrow_x_category,random_forest_batch_balanced,5,338,all,all,4,1.0,batch
narrow_x_category,random_forest_batch_balanced,5,346,all,all,4,0.5,batch
narrow_x_category,random_forest_batch_balanced,5,377,all,all,2,1.0,batch
narrow_x_category,random_forest_batch_balanced,5,441,all,all,22,1.0,batch
narrow_x_category,random_forest_batch_balanced,5,469,all,all,16,0.8125,batch
hrrp_x_category,dummy_prior,1,6,2,bird,536,0.0,batch_class_cell
hrrp_x_category,dummy_prior,1,73,1,UAV,80,1.0,batch_class_cell
hrrp_x_category,dummy_prior,1,145,1,UAV,147,1.0,batch_class_cell
hrrp_x_category,dummy_prior,1,279,2,bird,3,0.0,batch_class_cell
hrrp_x_category,dummy_prior,1,279,3,weather,4,0.0,batch_class_cell
hrrp_x_category,dummy_prior,1,361,3,weather,15,0.0,batch_class_cell
hrrp_x_category,dummy_prior,1,469,3,weather,4,0.0,batch_class_cell
hrrp_x_category,dummy_prior,1,840,2,bird,4,0.0,batch_class_cell
hrrp_x_category,dummy_prior,1,840,3,weather,2,0.0,batch_class_cell
hrrp_x_category,dummy_prior,2,7,2,bird,26,1.0,batch_class_cell
hrrp_x_category,dummy_prior,2,123,2,bird,13,1.0,batch_class_cell
hrrp_x_category,dummy_prior,2,123,3,weather,1,0.0,batch_class_cell
hrrp_x_category,dummy_prior,2,192,2,bird,27,1.0,batch_class_cell
hrrp_x_category,dummy_prior,2,192,3,weather,1,0.0,batch_class_cell
hrrp_x_category,dummy_prior,2,206,1,UAV,38,0.0,batch_class_cell
hrrp_x_category,dummy_prior,2,502,1,UAV,31,0.0,batch_class_cell
hrrp_x_category,dummy_prior,2,534,2,bird,56,1.0,batch_class_cell
hrrp_x_category,dummy_prior,2,534,3,weather,3,0.0,batch_class_cell
hrrp_x_category,dummy_prior,2,594,3,weather,315,0.0,batch_class_cell
hrrp_x_category,dummy_prior,2,641,1,UAV,211,0.0,batch_class_cell
hrrp_x_category,dummy_prior,3,18,2,bird,22,0.0,batch_class_cell
hrrp_x_category,dummy_prior,3,148,3,weather,2,1.0,batch_class_cell
hrrp_x_category,dummy_prior,3,159,1,UAV,83,0.0,batch_class_cell
hrrp_x_category,dummy_prior,3,189,1,UAV,96,0.0,batch_class_cell
hrrp_x_category,dummy_prior,3,379,2,bird,21,0.0,batch_class_cell
hrrp_x_category,dummy_prior,3,379,3,weather,4,1.0,batch_class_cell
hrrp_x_category,dummy_prior,3,420,3,weather,378,1.0,batch_class_cell
hrrp_x_category,dummy_prior,3,731,2,bird,22,0.0,batch_class_cell
hrrp_x_category,dummy_prior,3,731,3,weather,2,1.0,batch_class_cell
hrrp_x_category,dummy_prior,3,815,1,UAV,86,0.0,batch_class_cell
hrrp_x_category,dummy_prior,4,50,1,UAV,8,1.0,batch_class_cell
hrrp_x_category,dummy_prior,4,50,3,weather,3,0.0,batch_class_cell
hrrp_x_category,dummy_prior,4,428,3,weather,49,0.0,batch_class_cell
hrrp_x_category,dummy_prior,4,432,3,weather,67,0.0,batch_class_cell
hrrp_x_category,dummy_prior,4,524,2,bird,91,0.0,batch_class_cell
hrrp_x_category,dummy_prior,4,667,2,bird,57,0.0,batch_class_cell
hrrp_x_category,dummy_prior,4,667,3,weather,7,0.0,batch_class_cell
hrrp_x_category,dummy_prior,4,844,1,UAV,309,1.0,batch_class_cell
hrrp_x_category,dummy_prior,4,853,3,weather,42,0.0,batch_class_cell
hrrp_x_category,dummy_prior,4,976,2,bird,54,0.0,batch_class_cell
hrrp_x_category,dummy_prior,5,83,2,bird,2,1.0,batch_class_cell
hrrp_x_category,dummy_prior,5,83,3,weather,30,0.0,batch_class_cell
hrrp_x_category,dummy_prior,5,247,3,weather,19,0.0,batch_class_cell
hrrp_x_category,dummy_prior,5,337,1,UAV,295,0.0,batch_class_cell
hrrp_x_category,dummy_prior,5,587,3,weather,35,0.0,batch_class_cell
hrrp_x_category,dummy_prior,5,909,1,UAV,27,0.0,batch_class_cell
hrrp_x_category,dummy_prior,5,948,2,bird,193,1.0,batch_class_cell
hrrp_x_category,dummy_prior,5,948,3,weather,27,0.0,batch_class_cell
hrrp_x_category,dummy_prior,5,994,2,bird,25,1.0,batch_class_cell
hrrp_x_category,dummy_prior,5,994,3,weather,75,0.0,batch_class_cell
hrrp_x_category,logistic_batch_balanced,1,6,2,bird,536,0.013059701492537313,batch_class_cell
hrrp_x_category,logistic_batch_balanced,1,73,1,UAV,80,0.75,batch_class_cell
hrrp_x_category,logistic_batch_balanced,1,145,1,UAV,147,0.5578231292517006,batch_class_cell
hrrp_x_category,logistic_batch_balanced,1,279,2,bird,3,0.6666666666666666,batch_class_cell
hrrp_x_category,logistic_batch_balanced,1,279,3,weather,4,0.75,batch_class_cell
hrrp_x_category,logistic_batch_balanced,1,361,3,weather,15,0.8,batch_class_cell
hrrp_x_category,logistic_batch_balanced,1,469,3,weather,4,1.0,batch_class_cell
hrrp_x_category,logistic_batch_balanced,1,840,2,bird,4,0.5,batch_class_cell
hrrp_x_category,logistic_batch_balanced,1,840,3,weather,2,1.0,batch_class_cell
hrrp_x_category,logistic_batch_balanced,2,7,2,bird,26,0.6153846153846154,batch_class_cell
hrrp_x_category,logistic_batch_balanced,2,123,2,bird,13,0.38461538461538464,batch_class_cell
hrrp_x_category,logistic_batch_balanced,2,123,3,weather,1,0.0,batch_class_cell
hrrp_x_category,logistic_batch_balanced,2,192,2,bird,27,0.14814814814814814,batch_class_cell
hrrp_x_category,logistic_batch_balanced,2,192,3,weather,1,1.0,batch_class_cell
hrrp_x_category,logistic_batch_balanced,2,206,1,UAV,38,0.868421052631579,batch_class_cell
hrrp_x_category,logistic_batch_balanced,2,502,1,UAV,31,1.0,batch_class_cell
hrrp_x_category,logistic_batch_balanced,2,534,2,bird,56,0.5357142857142857,batch_class_cell
hrrp_x_category,logistic_batch_balanced,2,534,3,weather,3,0.3333333333333333,batch_class_cell
hrrp_x_category,logistic_batch_balanced,2,594,3,weather,315,0.06349206349206349,batch_class_cell
hrrp_x_category,logistic_batch_balanced,2,641,1,UAV,211,0.976303317535545,batch_class_cell
hrrp_x_category,logistic_batch_balanced,3,18,2,bird,22,1.0,batch_class_cell
hrrp_x_category,logistic_batch_balanced,3,148,3,weather,2,1.0,batch_class_cell
hrrp_x_category,logistic_batch_balanced,3,159,1,UAV,83,0.8313253012048193,batch_class_cell
hrrp_x_category,logistic_batch_balanced,3,189,1,UAV,96,0.8333333333333334,batch_class_cell
hrrp_x_category,logistic_batch_balanced,3,379,2,bird,21,0.6666666666666666,batch_class_cell
hrrp_x_category,logistic_batch_balanced,3,379,3,weather,4,1.0,batch_class_cell
hrrp_x_category,logistic_batch_balanced,3,420,3,weather,378,0.25132275132275134,batch_class_cell
hrrp_x_category,logistic_batch_balanced,3,731,2,bird,22,1.0,batch_class_cell
hrrp_x_category,logistic_batch_balanced,3,731,3,weather,2,1.0,batch_class_cell
hrrp_x_category,logistic_batch_balanced,3,815,1,UAV,86,0.9186046511627907,batch_class_cell
hrrp_x_category,logistic_batch_balanced,4,50,1,UAV,8,0.625,batch_class_cell
hrrp_x_category,logistic_batch_balanced,4,50,3,weather,3,0.0,batch_class_cell
hrrp_x_category,logistic_batch_balanced,4,428,3,weather,49,0.5714285714285714,batch_class_cell
hrrp_x_category,logistic_batch_balanced,4,432,3,weather,67,0.746268656716418,batch_class_cell
hrrp_x_category,logistic_batch_balanced,4,524,2,bird,91,0.5054945054945055,batch_class_cell
hrrp_x_category,logistic_batch_balanced,4,667,2,bird,57,0.07017543859649122,batch_class_cell
hrrp_x_category,logistic_batch_balanced,4,667,3,weather,7,1.0,batch_class_cell
hrrp_x_category,logistic_batch_balanced,4,844,1,UAV,309,0.8770226537216829,batch_class_cell
hrrp_x_category,logistic_batch_balanced,4,853,3,weather,42,0.9285714285714286,batch_class_cell
hrrp_x_category,logistic_batch_balanced,4,976,2,bird,54,0.3888888888888889,batch_class_cell
hrrp_x_category,logistic_batch_balanced,5,83,2,bird,2,0.0,batch_class_cell
hrrp_x_category,logistic_batch_balanced,5,83,3,weather,30,0.9333333333333333,batch_class_cell
hrrp_x_category,logistic_batch_balanced,5,247,3,weather,19,0.8421052631578947,batch_class_cell
hrrp_x_category,logistic_batch_balanced,5,337,1,UAV,295,0.6440677966101694,batch_class_cell
hrrp_x_category,logistic_batch_balanced,5,587,3,weather,35,0.6857142857142857,batch_class_cell
hrrp_x_category,logistic_batch_balanced,5,909,1,UAV,27,0.8148148148148148,batch_class_cell
hrrp_x_category,logistic_batch_balanced,5,948,2,bird,193,0.6839378238341969,batch_class_cell
hrrp_x_category,logistic_batch_balanced,5,948,3,weather,27,1.0,batch_class_cell
hrrp_x_category,logistic_batch_balanced,5,994,2,bird,25,0.24,batch_class_cell
hrrp_x_category,logistic_batch_balanced,5,994,3,weather,75,0.7866666666666666,batch_class_cell
hrrp_x_category,random_forest_batch_balanced,1,6,2,bird,536,0.17723880597014927,batch_class_cell
hrrp_x_category,random_forest_batch_balanced,1,73,1,UAV,80,0.8,batch_class_cell
hrrp_x_category,random_forest_batch_balanced,1,145,1,UAV,147,0.46258503401360546,batch_class_cell
hrrp_x_category,random_forest_batch_balanced,1,279,2,bird,3,0.3333333333333333,batch_class_cell
hrrp_x_category,random_forest_batch_balanced,1,279,3,weather,4,0.5,batch_class_cell
hrrp_x_category,random_forest_batch_balanced,1,361,3,weather,15,0.8,batch_class_cell
hrrp_x_category,random_forest_batch_balanced,1,469,3,weather,4,0.5,batch_class_cell
hrrp_x_category,random_forest_batch_balanced,1,840,2,bird,4,0.25,batch_class_cell
hrrp_x_category,random_forest_batch_balanced,1,840,3,weather,2,1.0,batch_class_cell
hrrp_x_category,random_forest_batch_balanced,2,7,2,bird,26,0.9230769230769231,batch_class_cell
hrrp_x_category,random_forest_batch_balanced,2,123,2,bird,13,0.8461538461538461,batch_class_cell
hrrp_x_category,random_forest_batch_balanced,2,123,3,weather,1,0.0,batch_class_cell
hrrp_x_category,random_forest_batch_balanced,2,192,2,bird,27,0.2222222222222222,batch_class_cell
hrrp_x_category,random_forest_batch_balanced,2,192,3,weather,1,0.0,batch_class_cell
hrrp_x_category,random_forest_batch_balanced,2,206,1,UAV,38,0.8421052631578947,batch_class_cell
hrrp_x_category,random_forest_batch_balanced,2,502,1,UAV,31,1.0,batch_class_cell
hrrp_x_category,random_forest_batch_balanced,2,534,2,bird,56,0.6428571428571429,batch_class_cell
hrrp_x_category,random_forest_batch_balanced,2,534,3,weather,3,0.6666666666666666,batch_class_cell
hrrp_x_category,random_forest_batch_balanced,2,594,3,weather,315,0.09523809523809523,batch_class_cell
hrrp_x_category,random_forest_batch_balanced,2,641,1,UAV,211,0.976303317535545,batch_class_cell
hrrp_x_category,random_forest_batch_balanced,3,18,2,bird,22,1.0,batch_class_cell
hrrp_x_category,random_forest_batch_balanced,3,148,3,weather,2,1.0,batch_class_cell
hrrp_x_category,random_forest_batch_balanced,3,159,1,UAV,83,0.7469879518072289,batch_class_cell
hrrp_x_category,random_forest_batch_balanced,3,189,1,UAV,96,0.8229166666666666,batch_class_cell
hrrp_x_category,random_forest_batch_balanced,3,379,2,bird,21,0.38095238095238093,batch_class_cell
hrrp_x_category,random_forest_batch_balanced,3,379,3,weather,4,0.25,batch_class_cell
hrrp_x_category,random_forest_batch_balanced,3,420,3,weather,378,0.25132275132275134,batch_class_cell
hrrp_x_category,random_forest_batch_balanced,3,731,2,bird,22,1.0,batch_class_cell
hrrp_x_category,random_forest_batch_balanced,3,731,3,weather,2,1.0,batch_class_cell
hrrp_x_category,random_forest_batch_balanced,3,815,1,UAV,86,1.0,batch_class_cell
hrrp_x_category,random_forest_batch_balanced,4,50,1,UAV,8,0.875,batch_class_cell
hrrp_x_category,random_forest_batch_balanced,4,50,3,weather,3,0.0,batch_class_cell
hrrp_x_category,random_forest_batch_balanced,4,428,3,weather,49,0.5918367346938775,batch_class_cell
hrrp_x_category,random_forest_batch_balanced,4,432,3,weather,67,0.8059701492537313,batch_class_cell
hrrp_x_category,random_forest_batch_balanced,4,524,2,bird,91,0.37362637362637363,batch_class_cell
hrrp_x_category,random_forest_batch_balanced,4,667,2,bird,57,0.08771929824561403,batch_class_cell
hrrp_x_category,random_forest_batch_balanced,4,667,3,weather,7,1.0,batch_class_cell
hrrp_x_category,random_forest_batch_balanced,4,844,1,UAV,309,0.941747572815534,batch_class_cell
hrrp_x_category,random_forest_batch_balanced,4,853,3,weather,42,0.7142857142857143,batch_class_cell
hrrp_x_category,random_forest_batch_balanced,4,976,2,bird,54,0.5,batch_class_cell
hrrp_x_category,random_forest_batch_balanced,5,83,2,bird,2,0.0,batch_class_cell
hrrp_x_category,random_forest_batch_balanced,5,83,3,weather,30,0.9333333333333333,batch_class_cell
hrrp_x_category,random_forest_batch_balanced,5,247,3,weather,19,0.8947368421052632,batch_class_cell
hrrp_x_category,random_forest_batch_balanced,5,337,1,UAV,295,0.9322033898305084,batch_class_cell
hrrp_x_category,random_forest_batch_balanced,5,587,3,weather,35,0.6285714285714286,batch_class_cell
hrrp_x_category,random_forest_batch_balanced,5,909,1,UAV,27,0.8148148148148148,batch_class_cell
hrrp_x_category,random_forest_batch_balanced,5,948,2,bird,193,0.8082901554404145,batch_class_cell
hrrp_x_category,random_forest_batch_balanced,5,948,3,weather,27,0.7777777777777778,batch_class_cell
hrrp_x_category,random_forest_batch_balanced,5,994,2,bird,25,0.48,batch_class_cell
hrrp_x_category,random_forest_batch_balanced,5,994,3,weather,75,0.6,batch_class_cell
narrow_x_category,dummy_prior,1,1,3,weather,8,1.0,batch_class_cell
narrow_x_category,dummy_prior,1,2,3,weather,8,1.0,batch_class_cell
narrow_x_category,dummy_prior,1,4,1,UAV,27,0.0,batch_class_cell
narrow_x_category,dummy_prior,1,4,3,weather,15,1.0,batch_class_cell
narrow_x_category,dummy_prior,1,9,3,weather,31,1.0,batch_class_cell
narrow_x_category,dummy_prior,1,18,1,UAV,21,0.0,batch_class_cell
narrow_x_category,dummy_prior,1,18,3,weather,26,1.0,batch_class_cell
narrow_x_category,dummy_prior,1,20,3,weather,34,1.0,batch_class_cell
narrow_x_category,dummy_prior,1,25,3,weather,15,1.0,batch_class_cell
narrow_x_category,dummy_prior,1,26,3,weather,15,1.0,batch_class_cell
narrow_x_category,dummy_prior,1,27,3,weather,18,1.0,batch_class_cell
narrow_x_category,dummy_prior,1,31,3,weather,25,1.0,batch_class_cell
narrow_x_category,dummy_prior,1,34,3,weather,26,1.0,batch_class_cell
narrow_x_category,dummy_prior,1,35,3,weather,22,1.0,batch_class_cell
narrow_x_category,dummy_prior,1,41,3,weather,20,1.0,batch_class_cell
narrow_x_category,dummy_prior,1,47,3,weather,25,1.0,batch_class_cell
narrow_x_category,dummy_prior,1,49,3,weather,18,1.0,batch_class_cell
narrow_x_category,dummy_prior,1,50,3,weather,20,1.0,batch_class_cell
narrow_x_category,dummy_prior,1,52,3,weather,24,1.0,batch_class_cell
narrow_x_category,dummy_prior,1,62,3,weather,20,1.0,batch_class_cell
narrow_x_category,dummy_prior,1,67,3,weather,20,1.0,batch_class_cell
narrow_x_category,dummy_prior,1,68,3,weather,19,1.0,batch_class_cell
narrow_x_category,dummy_prior,1,70,3,weather,18,1.0,batch_class_cell
narrow_x_category,dummy_prior,1,80,3,weather,19,1.0,batch_class_cell
narrow_x_category,dummy_prior,1,83,3,weather,20,1.0,batch_class_cell
narrow_x_category,dummy_prior,1,93,3,weather,18,1.0,batch_class_cell
narrow_x_category,dummy_prior,1,105,3,weather,13,1.0,batch_class_cell
narrow_x_category,dummy_prior,1,108,3,weather,24,1.0,batch_class_cell
narrow_x_category,dummy_prior,1,123,3,weather,20,1.0,batch_class_cell
narrow_x_category,dummy_prior,1,124,3,weather,14,1.0,batch_class_cell
narrow_x_category,dummy_prior,1,125,3,weather,20,1.0,batch_class_cell
narrow_x_category,dummy_prior,1,129,3,weather,20,1.0,batch_class_cell
narrow_x_category,dummy_prior,1,130,3,weather,20,1.0,batch_class_cell
narrow_x_category,dummy_prior,1,131,3,weather,20,1.0,batch_class_cell
narrow_x_category,dummy_prior,1,135,3,weather,23,1.0,batch_class_cell
narrow_x_category,dummy_prior,1,138,3,weather,20,1.0,batch_class_cell
narrow_x_category,dummy_prior,1,139,3,weather,20,1.0,batch_class_cell
narrow_x_category,dummy_prior,1,140,3,weather,24,1.0,batch_class_cell
narrow_x_category,dummy_prior,1,158,3,weather,22,1.0,batch_class_cell
narrow_x_category,dummy_prior,1,162,3,weather,13,1.0,batch_class_cell
narrow_x_category,dummy_prior,1,166,3,weather,20,1.0,batch_class_cell
narrow_x_category,dummy_prior,1,168,3,weather,23,1.0,batch_class_cell
narrow_x_category,dummy_prior,1,171,3,weather,19,1.0,batch_class_cell
narrow_x_category,dummy_prior,1,179,3,weather,30,1.0,batch_class_cell
narrow_x_category,dummy_prior,1,184,3,weather,18,1.0,batch_class_cell
narrow_x_category,dummy_prior,1,205,3,weather,17,1.0,batch_class_cell
narrow_x_category,dummy_prior,1,211,3,weather,28,1.0,batch_class_cell
narrow_x_category,dummy_prior,1,221,3,weather,17,1.0,batch_class_cell
narrow_x_category,dummy_prior,1,223,3,weather,20,1.0,batch_class_cell
narrow_x_category,dummy_prior,1,236,3,weather,8,1.0,batch_class_cell
narrow_x_category,dummy_prior,1,240,3,weather,20,1.0,batch_class_cell
narrow_x_category,dummy_prior,1,241,3,weather,20,1.0,batch_class_cell
narrow_x_category,dummy_prior,1,262,3,weather,7,1.0,batch_class_cell
narrow_x_category,dummy_prior,1,265,3,weather,8,1.0,batch_class_cell
narrow_x_category,dummy_prior,1,268,3,weather,7,1.0,batch_class_cell
narrow_x_category,dummy_prior,1,270,1,UAV,3,0.0,batch_class_cell
narrow_x_category,dummy_prior,1,270,3,weather,8,1.0,batch_class_cell
narrow_x_category,dummy_prior,1,277,3,weather,8,1.0,batch_class_cell
narrow_x_category,dummy_prior,1,279,2,bird,63,0.0,batch_class_cell
narrow_x_category,dummy_prior,1,279,3,weather,4,1.0,batch_class_cell
narrow_x_category,dummy_prior,1,280,3,weather,8,1.0,batch_class_cell
narrow_x_category,dummy_prior,1,283,3,weather,8,1.0,batch_class_cell
narrow_x_category,dummy_prior,1,284,3,weather,8,1.0,batch_class_cell
narrow_x_category,dummy_prior,1,303,2,bird,101,0.0,batch_class_cell
narrow_x_category,dummy_prior,1,303,3,weather,8,1.0,batch_class_cell
narrow_x_category,dummy_prior,1,304,3,weather,4,1.0,batch_class_cell
narrow_x_category,dummy_prior,1,314,3,weather,4,1.0,batch_class_cell
narrow_x_category,dummy_prior,1,322,3,weather,8,1.0,batch_class_cell
narrow_x_category,dummy_prior,1,323,3,weather,4,1.0,batch_class_cell
narrow_x_category,dummy_prior,1,325,3,weather,4,1.0,batch_class_cell
narrow_x_category,dummy_prior,1,336,3,weather,4,1.0,batch_class_cell
narrow_x_category,dummy_prior,1,337,3,weather,4,1.0,batch_class_cell
narrow_x_category,dummy_prior,1,341,3,weather,4,1.0,batch_class_cell
narrow_x_category,dummy_prior,1,345,3,weather,4,1.0,batch_class_cell
narrow_x_category,dummy_prior,1,368,3,weather,2,1.0,batch_class_cell
narrow_x_category,dummy_prior,1,387,3,weather,4,1.0,batch_class_cell
narrow_x_category,dummy_prior,1,428,1,UAV,112,0.0,batch_class_cell
narrow_x_category,dummy_prior,1,704,1,UAV,271,0.0,batch_class_cell
narrow_x_category,dummy_prior,2,3,3,weather,9,0.0,batch_class_cell
narrow_x_category,dummy_prior,2,12,3,weather,16,0.0,batch_class_cell
narrow_x_category,dummy_prior,2,13,3,weather,16,0.0,batch_class_cell
narrow_x_category,dummy_prior,2,19,3,weather,16,0.0,batch_class_cell
narrow_x_category,dummy_prior,2,21,1,UAV,143,1.0,batch_class_cell
narrow_x_category,dummy_prior,2,21,3,weather,13,0.0,batch_class_cell
narrow_x_category,dummy_prior,2,24,1,UAV,91,1.0,batch_class_cell
narrow_x_category,dummy_prior,2,24,3,weather,43,0.0,batch_class_cell
narrow_x_category,dummy_prior,2,33,1,UAV,192,1.0,batch_class_cell
narrow_x_category,dummy_prior,2,33,3,weather,16,0.0,batch_class_cell
narrow_x_category,dummy_prior,2,37,3,weather,16,0.0,batch_class_cell
narrow_x_category,dummy_prior,2,40,3,weather,24,0.0,batch_class_cell
narrow_x_category,dummy_prior,2,46,3,weather,34,0.0,batch_class_cell
narrow_x_category,dummy_prior,2,54,3,weather,16,0.0,batch_class_cell
narrow_x_category,dummy_prior,2,56,3,weather,31,0.0,batch_class_cell
narrow_x_category,dummy_prior,2,60,1,UAV,4,1.0,batch_class_cell
narrow_x_category,dummy_prior,2,60,3,weather,12,0.0,batch_class_cell
narrow_x_category,dummy_prior,2,64,3,weather,28,0.0,batch_class_cell
narrow_x_category,dummy_prior,2,66,3,weather,16,0.0,batch_class_cell
narrow_x_category,dummy_prior,2,77,3,weather,24,0.0,batch_class_cell
narrow_x_category,dummy_prior,2,78,3,weather,24,0.0,batch_class_cell
narrow_x_category,dummy_prior,2,81,3,weather,15,0.0,batch_class_cell
narrow_x_category,dummy_prior,2,84,3,weather,16,0.0,batch_class_cell
narrow_x_category,dummy_prior,2,85,3,weather,16,0.0,batch_class_cell
narrow_x_category,dummy_prior,2,95,3,weather,16,0.0,batch_class_cell
narrow_x_category,dummy_prior,2,98,3,weather,24,0.0,batch_class_cell
narrow_x_category,dummy_prior,2,103,3,weather,16,0.0,batch_class_cell
narrow_x_category,dummy_prior,2,109,3,weather,24,0.0,batch_class_cell
narrow_x_category,dummy_prior,2,114,3,weather,16,0.0,batch_class_cell
narrow_x_category,dummy_prior,2,118,3,weather,16,0.0,batch_class_cell
narrow_x_category,dummy_prior,2,119,3,weather,16,0.0,batch_class_cell
narrow_x_category,dummy_prior,2,122,3,weather,24,0.0,batch_class_cell
narrow_x_category,dummy_prior,2,128,3,weather,11,0.0,batch_class_cell
narrow_x_category,dummy_prior,2,136,3,weather,32,0.0,batch_class_cell
narrow_x_category,dummy_prior,2,141,3,weather,16,0.0,batch_class_cell
narrow_x_category,dummy_prior,2,143,3,weather,16,0.0,batch_class_cell
narrow_x_category,dummy_prior,2,144,3,weather,16,0.0,batch_class_cell
narrow_x_category,dummy_prior,2,146,3,weather,38,0.0,batch_class_cell
narrow_x_category,dummy_prior,2,151,3,weather,30,0.0,batch_class_cell
narrow_x_category,dummy_prior,2,160,3,weather,16,0.0,batch_class_cell
narrow_x_category,dummy_prior,2,161,3,weather,16,0.0,batch_class_cell
narrow_x_category,dummy_prior,2,163,3,weather,24,0.0,batch_class_cell
narrow_x_category,dummy_prior,2,169,3,weather,27,0.0,batch_class_cell
narrow_x_category,dummy_prior,2,172,3,weather,16,0.0,batch_class_cell
narrow_x_category,dummy_prior,2,175,3,weather,20,0.0,batch_class_cell
narrow_x_category,dummy_prior,2,177,3,weather,16,0.0,batch_class_cell
narrow_x_category,dummy_prior,2,186,3,weather,16,0.0,batch_class_cell
narrow_x_category,dummy_prior,2,195,3,weather,16,0.0,batch_class_cell
narrow_x_category,dummy_prior,2,204,3,weather,17,0.0,batch_class_cell
narrow_x_category,dummy_prior,2,206,3,weather,16,0.0,batch_class_cell
narrow_x_category,dummy_prior,2,208,3,weather,18,0.0,batch_class_cell
narrow_x_category,dummy_prior,2,210,3,weather,11,0.0,batch_class_cell
narrow_x_category,dummy_prior,2,238,3,weather,20,0.0,batch_class_cell
narrow_x_category,dummy_prior,2,242,3,weather,4,0.0,batch_class_cell
narrow_x_category,dummy_prior,2,244,3,weather,20,0.0,batch_class_cell
narrow_x_category,dummy_prior,2,246,2,bird,18,0.0,batch_class_cell
narrow_x_category,dummy_prior,2,246,3,weather,16,0.0,batch_class_cell
narrow_x_category,dummy_prior,2,249,1,UAV,4,1.0,batch_class_cell
narrow_x_category,dummy_prior,2,249,3,weather,14,0.0,batch_class_cell
narrow_x_category,dummy_prior,2,250,3,weather,24,0.0,batch_class_cell
narrow_x_category,dummy_prior,2,266,3,weather,4,0.0,batch_class_cell
narrow_x_category,dummy_prior,2,269,3,weather,4,0.0,batch_class_cell
narrow_x_category,dummy_prior,2,275,3,weather,4,0.0,batch_class_cell
narrow_x_category,dummy_prior,2,308,3,weather,4,0.0,batch_class_cell
narrow_x_category,dummy_prior,2,310,3,weather,6,0.0,batch_class_cell
narrow_x_category,dummy_prior,2,311,3,weather,4,0.0,batch_class_cell
narrow_x_category,dummy_prior,2,317,3,weather,8,0.0,batch_class_cell
narrow_x_category,dummy_prior,2,321,3,weather,4,0.0,batch_class_cell
narrow_x_category,dummy_prior,2,330,3,weather,4,0.0,batch_class_cell
narrow_x_category,dummy_prior,2,332,3,weather,4,0.0,batch_class_cell
narrow_x_category,dummy_prior,2,335,3,weather,4,0.0,batch_class_cell
narrow_x_category,dummy_prior,2,340,3,weather,4,0.0,batch_class_cell
narrow_x_category,dummy_prior,2,343,3,weather,8,0.0,batch_class_cell
narrow_x_category,dummy_prior,2,344,3,weather,8,0.0,batch_class_cell
narrow_x_category,dummy_prior,2,388,3,weather,2,0.0,batch_class_cell
narrow_x_category,dummy_prior,2,393,3,weather,2,0.0,batch_class_cell
narrow_x_category,dummy_prior,2,399,3,weather,1,0.0,batch_class_cell
narrow_x_category,dummy_prior,2,400,3,weather,3,0.0,batch_class_cell
narrow_x_category,dummy_prior,2,432,2,bird,153,0.0,batch_class_cell
narrow_x_category,dummy_prior,3,5,1,UAV,70,0.0,batch_class_cell
narrow_x_category,dummy_prior,3,5,3,weather,21,0.0,batch_class_cell
narrow_x_category,dummy_prior,3,10,3,weather,26,0.0,batch_class_cell
narrow_x_category,dummy_prior,3,17,1,UAV,202,0.0,batch_class_cell
narrow_x_category,dummy_prior,3,17,3,weather,14,0.0,batch_class_cell
narrow_x_category,dummy_prior,3,22,3,weather,12,0.0,batch_class_cell
narrow_x_category,dummy_prior,3,23,3,weather,21,0.0,batch_class_cell
narrow_x_category,dummy_prior,3,28,3,weather,46,0.0,batch_class_cell
narrow_x_category,dummy_prior,3,39,3,weather,24,0.0,batch_class_cell
narrow_x_category,dummy_prior,3,44,1,UAV,60,0.0,batch_class_cell
narrow_x_category,dummy_prior,3,44,3,weather,34,0.0,batch_class_cell
narrow_x_category,dummy_prior,3,57,3,weather,32,0.0,batch_class_cell
narrow_x_category,dummy_prior,3,59,3,weather,31,0.0,batch_class_cell
narrow_x_category,dummy_prior,3,69,3,weather,28,0.0,batch_class_cell
narrow_x_category,dummy_prior,3,88,3,weather,26,0.0,batch_class_cell
narrow_x_category,dummy_prior,3,90,3,weather,12,0.0,batch_class_cell
narrow_x_category,dummy_prior,3,91,3,weather,28,0.0,batch_class_cell
narrow_x_category,dummy_prior,3,92,3,weather,28,0.0,batch_class_cell
narrow_x_category,dummy_prior,3,94,3,weather,12,0.0,batch_class_cell
narrow_x_category,dummy_prior,3,96,3,weather,12,0.0,batch_class_cell
narrow_x_category,dummy_prior,3,104,3,weather,26,0.0,batch_class_cell
narrow_x_category,dummy_prior,3,111,3,weather,12,0.0,batch_class_cell
narrow_x_category,dummy_prior,3,115,3,weather,22,0.0,batch_class_cell
narrow_x_category,dummy_prior,3,121,2,bird,21,1.0,batch_class_cell
narrow_x_category,dummy_prior,3,121,3,weather,20,0.0,batch_class_cell
narrow_x_category,dummy_prior,3,127,3,weather,12,0.0,batch_class_cell
narrow_x_category,dummy_prior,3,142,3,weather,15,0.0,batch_class_cell
narrow_x_category,dummy_prior,3,152,3,weather,15,0.0,batch_class_cell
narrow_x_category,dummy_prior,3,159,3,weather,26,0.0,batch_class_cell
narrow_x_category,dummy_prior,3,164,3,weather,12,0.0,batch_class_cell
narrow_x_category,dummy_prior,3,167,3,weather,12,0.0,batch_class_cell
narrow_x_category,dummy_prior,3,170,3,weather,12,0.0,batch_class_cell
narrow_x_category,dummy_prior,3,176,3,weather,28,0.0,batch_class_cell
narrow_x_category,dummy_prior,3,178,3,weather,12,0.0,batch_class_cell
narrow_x_category,dummy_prior,3,181,3,weather,12,0.0,batch_class_cell
narrow_x_category,dummy_prior,3,187,3,weather,12,0.0,batch_class_cell
narrow_x_category,dummy_prior,3,188,3,weather,24,0.0,batch_class_cell
narrow_x_category,dummy_prior,3,189,3,weather,20,0.0,batch_class_cell
narrow_x_category,dummy_prior,3,191,3,weather,28,0.0,batch_class_cell
narrow_x_category,dummy_prior,3,198,3,weather,24,0.0,batch_class_cell
narrow_x_category,dummy_prior,3,199,3,weather,24,0.0,batch_class_cell
narrow_x_category,dummy_prior,3,200,3,weather,24,0.0,batch_class_cell
narrow_x_category,dummy_prior,3,212,3,weather,20,0.0,batch_class_cell
narrow_x_category,dummy_prior,3,217,3,weather,12,0.0,batch_class_cell
narrow_x_category,dummy_prior,3,218,3,weather,12,0.0,batch_class_cell
narrow_x_category,dummy_prior,3,219,3,weather,20,0.0,batch_class_cell
narrow_x_category,dummy_prior,3,220,3,weather,20,0.0,batch_class_cell
narrow_x_category,dummy_prior,3,224,3,weather,12,0.0,batch_class_cell
narrow_x_category,dummy_prior,3,232,3,weather,24,0.0,batch_class_cell
narrow_x_category,dummy_prior,3,234,1,UAV,2,0.0,batch_class_cell
narrow_x_category,dummy_prior,3,234,3,weather,12,0.0,batch_class_cell
narrow_x_category,dummy_prior,3,237,3,weather,8,0.0,batch_class_cell
narrow_x_category,dummy_prior,3,243,3,weather,12,0.0,batch_class_cell
narrow_x_category,dummy_prior,3,245,3,weather,12,0.0,batch_class_cell
narrow_x_category,dummy_prior,3,257,3,weather,8,0.0,batch_class_cell
narrow_x_category,dummy_prior,3,263,3,weather,6,0.0,batch_class_cell
narrow_x_category,dummy_prior,3,264,3,weather,3,0.0,batch_class_cell
narrow_x_category,dummy_prior,3,267,3,weather,12,0.0,batch_class_cell
narrow_x_category,dummy_prior,3,271,3,weather,12,0.0,batch_class_cell
narrow_x_category,dummy_prior,3,274,3,weather,12,0.0,batch_class_cell
narrow_x_category,dummy_prior,3,278,3,weather,12,0.0,batch_class_cell
narrow_x_category,dummy_prior,3,281,3,weather,4,0.0,batch_class_cell
narrow_x_category,dummy_prior,3,282,3,weather,12,0.0,batch_class_cell
narrow_x_category,dummy_prior,3,286,3,weather,7,0.0,batch_class_cell
narrow_x_category,dummy_prior,3,299,3,weather,12,0.0,batch_class_cell
narrow_x_category,dummy_prior,3,301,3,weather,7,0.0,batch_class_cell
narrow_x_category,dummy_prior,3,305,3,weather,7,0.0,batch_class_cell
narrow_x_category,dummy_prior,3,316,3,weather,12,0.0,batch_class_cell
narrow_x_category,dummy_prior,3,324,3,weather,12,0.0,batch_class_cell
narrow_x_category,dummy_prior,3,379,3,weather,2,0.0,batch_class_cell
narrow_x_category,dummy_prior,3,380,3,weather,3,0.0,batch_class_cell
narrow_x_category,dummy_prior,3,384,3,weather,2,0.0,batch_class_cell
narrow_x_category,dummy_prior,3,385,3,weather,2,0.0,batch_class_cell
narrow_x_category,dummy_prior,3,386,3,weather,4,0.0,batch_class_cell
narrow_x_category,dummy_prior,3,396,3,weather,1,0.0,batch_class_cell
narrow_x_category,dummy_prior,3,398,3,weather,2,0.0,batch_class_cell
narrow_x_category,dummy_prior,3,411,1,UAV,100,0.0,batch_class_cell
narrow_x_category,dummy_prior,3,867,2,bird,111,1.0,batch_class_cell
narrow_x_category,dummy_prior,4,6,3,weather,10,0.0,batch_class_cell
narrow_x_category,dummy_prior,4,8,3,weather,8,0.0,batch_class_cell
narrow_x_category,dummy_prior,4,11,3,weather,30,0.0,batch_class_cell
narrow_x_category,dummy_prior,4,15,3,weather,27,0.0,batch_class_cell
narrow_x_category,dummy_prior,4,16,1,UAV,240,1.0,batch_class_cell
narrow_x_category,dummy_prior,4,16,3,weather,16,0.0,batch_class_cell
narrow_x_category,dummy_prior,4,29,3,weather,8,0.0,batch_class_cell
narrow_x_category,dummy_prior,4,32,1,UAV,148,1.0,batch_class_cell
narrow_x_category,dummy_prior,4,32,3,weather,28,0.0,batch_class_cell
narrow_x_category,dummy_prior,4,36,1,UAV,17,1.0,batch_class_cell
narrow_x_category,dummy_prior,4,36,3,weather,20,0.0,batch_class_cell
narrow_x_category,dummy_prior,4,42,1,UAV,6,1.0,batch_class_cell
narrow_x_category,dummy_prior,4,42,3,weather,34,0.0,batch_class_cell
narrow_x_category,dummy_prior,4,48,3,weather,33,0.0,batch_class_cell
narrow_x_category,dummy_prior,4,51,3,weather,32,0.0,batch_class_cell
narrow_x_category,dummy_prior,4,53,3,weather,15,0.0,batch_class_cell
narrow_x_category,dummy_prior,4,58,3,weather,15,0.0,batch_class_cell
narrow_x_category,dummy_prior,4,61,3,weather,23,0.0,batch_class_cell
narrow_x_category,dummy_prior,4,71,3,weather,23,0.0,batch_class_cell
narrow_x_category,dummy_prior,4,72,3,weather,27,0.0,batch_class_cell
narrow_x_category,dummy_prior,4,73,3,weather,29,0.0,batch_class_cell
narrow_x_category,dummy_prior,4,75,3,weather,19,0.0,batch_class_cell
narrow_x_category,dummy_prior,4,76,3,weather,15,0.0,batch_class_cell
narrow_x_category,dummy_prior,4,79,3,weather,27,0.0,batch_class_cell
narrow_x_category,dummy_prior,4,82,3,weather,27,0.0,batch_class_cell
narrow_x_category,dummy_prior,4,87,3,weather,23,0.0,batch_class_cell
narrow_x_category,dummy_prior,4,89,3,weather,15,0.0,batch_class_cell
narrow_x_category,dummy_prior,4,97,3,weather,8,0.0,batch_class_cell
narrow_x_category,dummy_prior,4,101,3,weather,15,0.0,batch_class_cell
narrow_x_category,dummy_prior,4,102,3,weather,11,0.0,batch_class_cell
narrow_x_category,dummy_prior,4,110,3,weather,14,0.0,batch_class_cell
narrow_x_category,dummy_prior,4,120,3,weather,23,0.0,batch_class_cell
narrow_x_category,dummy_prior,4,126,3,weather,19,0.0,batch_class_cell
narrow_x_category,dummy_prior,4,132,3,weather,23,0.0,batch_class_cell
narrow_x_category,dummy_prior,4,133,3,weather,27,0.0,batch_class_cell
narrow_x_category,dummy_prior,4,137,3,weather,31,0.0,batch_class_cell
narrow_x_category,dummy_prior,4,145,3,weather,15,0.0,batch_class_cell
narrow_x_category,dummy_prior,4,147,3,weather,15,0.0,batch_class_cell
narrow_x_category,dummy_prior,4,148,2,bird,248,0.0,batch_class_cell
narrow_x_category,dummy_prior,4,148,3,weather,19,0.0,batch_class_cell
narrow_x_category,dummy_prior,4,149,3,weather,33,0.0,batch_class_cell
narrow_x_category,dummy_prior,4,153,3,weather,8,0.0,batch_class_cell
narrow_x_category,dummy_prior,4,157,3,weather,19,0.0,batch_class_cell
narrow_x_category,dummy_prior,4,165,3,weather,8,0.0,batch_class_cell
narrow_x_category,dummy_prior,4,182,3,weather,23,0.0,batch_class_cell
narrow_x_category,dummy_prior,4,183,3,weather,14,0.0,batch_class_cell
narrow_x_category,dummy_prior,4,185,3,weather,25,0.0,batch_class_cell
narrow_x_category,dummy_prior,4,194,3,weather,8,0.0,batch_class_cell
narrow_x_category,dummy_prior,4,207,3,weather,8,0.0,batch_class_cell
narrow_x_category,dummy_prior,4,213,3,weather,28,0.0,batch_class_cell
narrow_x_category,dummy_prior,4,225,3,weather,23,0.0,batch_class_cell
narrow_x_category,dummy_prior,4,227,3,weather,19,0.0,batch_class_cell
narrow_x_category,dummy_prior,4,228,3,weather,28,0.0,batch_class_cell
narrow_x_category,dummy_prior,4,233,3,weather,8,0.0,batch_class_cell
narrow_x_category,dummy_prior,4,235,3,weather,8,0.0,batch_class_cell
narrow_x_category,dummy_prior,4,239,3,weather,8,0.0,batch_class_cell
narrow_x_category,dummy_prior,4,248,3,weather,4,0.0,batch_class_cell
narrow_x_category,dummy_prior,4,252,3,weather,8,0.0,batch_class_cell
narrow_x_category,dummy_prior,4,255,3,weather,8,0.0,batch_class_cell
narrow_x_category,dummy_prior,4,258,3,weather,15,0.0,batch_class_cell
narrow_x_category,dummy_prior,4,260,3,weather,11,0.0,batch_class_cell
narrow_x_category,dummy_prior,4,287,3,weather,8,0.0,batch_class_cell
narrow_x_category,dummy_prior,4,288,3,weather,8,0.0,batch_class_cell
narrow_x_category,dummy_prior,4,291,3,weather,8,0.0,batch_class_cell
narrow_x_category,dummy_prior,4,292,1,UAV,22,1.0,batch_class_cell
narrow_x_category,dummy_prior,4,292,3,weather,4,0.0,batch_class_cell
narrow_x_category,dummy_prior,4,293,3,weather,8,0.0,batch_class_cell
narrow_x_category,dummy_prior,4,294,3,weather,8,0.0,batch_class_cell
narrow_x_category,dummy_prior,4,297,3,weather,8,0.0,batch_class_cell
narrow_x_category,dummy_prior,4,300,3,weather,4,0.0,batch_class_cell
narrow_x_category,dummy_prior,4,309,3,weather,8,0.0,batch_class_cell
narrow_x_category,dummy_prior,4,319,3,weather,4,0.0,batch_class_cell
narrow_x_category,dummy_prior,4,326,3,weather,1,0.0,batch_class_cell
narrow_x_category,dummy_prior,4,378,3,weather,1,0.0,batch_class_cell
narrow_x_category,dummy_prior,4,381,3,weather,2,0.0,batch_class_cell
narrow_x_category,dummy_prior,4,394,3,weather,4,0.0,batch_class_cell
narrow_x_category,dummy_prior,4,401,3,weather,1,0.0,batch_class_cell
narrow_x_category,dummy_prior,4,410,3,weather,1,0.0,batch_class_cell
narrow_x_category,dummy_prior,5,7,3,weather,14,1.0,batch_class_cell
narrow_x_category,dummy_prior,5,14,1,UAV,36,0.0,batch_class_cell
narrow_x_category,dummy_prior,5,14,3,weather,17,1.0,batch_class_cell
narrow_x_category,dummy_prior,5,30,3,weather,19,1.0,batch_class_cell
narrow_x_category,dummy_prior,5,38,3,weather,20,1.0,batch_class_cell
narrow_x_category,dummy_prior,5,43,3,weather,18,1.0,batch_class_cell
narrow_x_category,dummy_prior,5,45,3,weather,42,1.0,batch_class_cell
narrow_x_category,dummy_prior,5,55,3,weather,37,1.0,batch_class_cell
narrow_x_category,dummy_prior,5,63,3,weather,43,1.0,batch_class_cell
narrow_x_category,dummy_prior,5,65,3,weather,38,1.0,batch_class_cell
narrow_x_category,dummy_prior,5,74,3,weather,28,1.0,batch_class_cell
narrow_x_category,dummy_prior,5,86,3,weather,20,1.0,batch_class_cell
narrow_x_category,dummy_prior,5,99,3,weather,20,1.0,batch_class_cell
narrow_x_category,dummy_prior,5,100,3,weather,7,1.0,batch_class_cell
narrow_x_category,dummy_prior,5,106,1,UAV,81,0.0,batch_class_cell
narrow_x_category,dummy_prior,5,106,3,weather,20,1.0,batch_class_cell
narrow_x_category,dummy_prior,5,107,3,weather,18,1.0,batch_class_cell
narrow_x_category,dummy_prior,5,112,3,weather,20,1.0,batch_class_cell
narrow_x_category,dummy_prior,5,113,3,weather,20,1.0,batch_class_cell
narrow_x_category,dummy_prior,5,116,3,weather,20,1.0,batch_class_cell
narrow_x_category,dummy_prior,5,117,3,weather,20,1.0,batch_class_cell
narrow_x_category,dummy_prior,5,134,1,UAV,283,0.0,batch_class_cell
narrow_x_category,dummy_prior,5,134,3,weather,15,1.0,batch_class_cell
narrow_x_category,dummy_prior,5,150,3,weather,26,1.0,batch_class_cell
narrow_x_category,dummy_prior,5,154,3,weather,7,1.0,batch_class_cell
narrow_x_category,dummy_prior,5,155,3,weather,10,1.0,batch_class_cell
narrow_x_category,dummy_prior,5,156,3,weather,15,1.0,batch_class_cell
narrow_x_category,dummy_prior,5,173,3,weather,15,1.0,batch_class_cell
narrow_x_category,dummy_prior,5,174,3,weather,23,1.0,batch_class_cell
narrow_x_category,dummy_prior,5,180,3,weather,20,1.0,batch_class_cell
narrow_x_category,dummy_prior,5,190,3,weather,20,1.0,batch_class_cell
narrow_x_category,dummy_prior,5,192,3,weather,10,1.0,batch_class_cell
narrow_x_category,dummy_prior,5,193,3,weather,6,1.0,batch_class_cell
narrow_x_category,dummy_prior,5,196,3,weather,15,1.0,batch_class_cell
narrow_x_category,dummy_prior,5,197,3,weather,19,1.0,batch_class_cell
narrow_x_category,dummy_prior,5,201,3,weather,20,1.0,batch_class_cell
narrow_x_category,dummy_prior,5,202,1,UAV,12,0.0,batch_class_cell
narrow_x_category,dummy_prior,5,202,3,weather,20,1.0,batch_class_cell
narrow_x_category,dummy_prior,5,203,3,weather,20,1.0,batch_class_cell
narrow_x_category,dummy_prior,5,209,3,weather,16,1.0,batch_class_cell
narrow_x_category,dummy_prior,5,214,3,weather,16,1.0,batch_class_cell
narrow_x_category,dummy_prior,5,215,3,weather,16,1.0,batch_class_cell
narrow_x_category,dummy_prior,5,216,3,weather,20,1.0,batch_class_cell
narrow_x_category,dummy_prior,5,222,3,weather,20,1.0,batch_class_cell
narrow_x_category,dummy_prior,5,226,3,weather,15,1.0,batch_class_cell
narrow_x_category,dummy_prior,5,229,3,weather,16,1.0,batch_class_cell
narrow_x_category,dummy_prior,5,230,3,weather,16,1.0,batch_class_cell
narrow_x_category,dummy_prior,5,231,3,weather,15,1.0,batch_class_cell
narrow_x_category,dummy_prior,5,247,2,bird,232,0.0,batch_class_cell
narrow_x_category,dummy_prior,5,247,3,weather,8,1.0,batch_class_cell
narrow_x_category,dummy_prior,5,251,3,weather,16,1.0,batch_class_cell
narrow_x_category,dummy_prior,5,253,3,weather,16,1.0,batch_class_cell
narrow_x_category,dummy_prior,5,254,3,weather,16,1.0,batch_class_cell
narrow_x_category,dummy_prior,5,256,3,weather,20,1.0,batch_class_cell
narrow_x_category,dummy_prior,5,259,3,weather,11,1.0,batch_class_cell
narrow_x_category,dummy_prior,5,261,3,weather,16,1.0,batch_class_cell
narrow_x_category,dummy_prior,5,272,3,weather,20,1.0,batch_class_cell
narrow_x_category,dummy_prior,5,273,3,weather,16,1.0,batch_class_cell
narrow_x_category,dummy_prior,5,276,3,weather,4,1.0,batch_class_cell
narrow_x_category,dummy_prior,5,285,3,weather,4,1.0,batch_class_cell
narrow_x_category,dummy_prior,5,289,3,weather,16,1.0,batch_class_cell
narrow_x_category,dummy_prior,5,290,3,weather,16,1.0,batch_class_cell
narrow_x_category,dummy_prior,5,295,3,weather,4,1.0,batch_class_cell
narrow_x_category,dummy_prior,5,296,3,weather,4,1.0,batch_class_cell
narrow_x_category,dummy_prior,5,302,3,weather,8,1.0,batch_class_cell
narrow_x_category,dummy_prior,5,306,3,weather,16,1.0,batch_class_cell
narrow_x_category,dummy_prior,5,307,3,weather,8,1.0,batch_class_cell
narrow_x_category,dummy_prior,5,312,3,weather,8,1.0,batch_class_cell
narrow_x_category,dummy_prior,5,313,3,weather,8,1.0,batch_class_cell
narrow_x_category,dummy_prior,5,315,3,weather,7,1.0,batch_class_cell
narrow_x_category,dummy_prior,5,329,3,weather,4,1.0,batch_class_cell
narrow_x_category,dummy_prior,5,331,3,weather,4,1.0,batch_class_cell
narrow_x_category,dummy_prior,5,333,3,weather,4,1.0,batch_class_cell
narrow_x_category,dummy_prior,5,338,3,weather,4,1.0,batch_class_cell
narrow_x_category,dummy_prior,5,346,3,weather,4,1.0,batch_class_cell
narrow_x_category,dummy_prior,5,377,3,weather,2,1.0,batch_class_cell
narrow_x_category,dummy_prior,5,441,1,UAV,22,0.0,batch_class_cell
narrow_x_category,dummy_prior,5,469,2,bird,16,0.0,batch_class_cell
narrow_x_category,logistic_batch_balanced,1,1,3,weather,8,1.0,batch_class_cell
narrow_x_category,logistic_batch_balanced,1,2,3,weather,8,0.875,batch_class_cell
narrow_x_category,logistic_batch_balanced,1,4,1,UAV,27,1.0,batch_class_cell
narrow_x_category,logistic_batch_balanced,1,4,3,weather,15,0.8,batch_class_cell
narrow_x_category,logistic_batch_balanced,1,9,3,weather,31,0.9032258064516129,batch_class_cell
narrow_x_category,logistic_batch_balanced,1,18,1,UAV,21,0.9523809523809523,batch_class_cell
narrow_x_category,logistic_batch_balanced,1,18,3,weather,26,0.5384615384615384,batch_class_cell
narrow_x_category,logistic_batch_balanced,1,20,3,weather,34,0.7058823529411765,batch_class_cell
narrow_x_category,logistic_batch_balanced,1,25,3,weather,15,0.7333333333333333,batch_class_cell
narrow_x_category,logistic_batch_balanced,1,26,3,weather,15,0.9333333333333333,batch_class_cell
narrow_x_category,logistic_batch_balanced,1,27,3,weather,18,0.7777777777777778,batch_class_cell
narrow_x_category,logistic_batch_balanced,1,31,3,weather,25,0.88,batch_class_cell
narrow_x_category,logistic_batch_balanced,1,34,3,weather,26,0.8461538461538461,batch_class_cell
narrow_x_category,logistic_batch_balanced,1,35,3,weather,22,0.9090909090909091,batch_class_cell
narrow_x_category,logistic_batch_balanced,1,41,3,weather,20,0.95,batch_class_cell
narrow_x_category,logistic_batch_balanced,1,47,3,weather,25,0.8,batch_class_cell
narrow_x_category,logistic_batch_balanced,1,49,3,weather,18,0.9444444444444444,batch_class_cell
narrow_x_category,logistic_batch_balanced,1,50,3,weather,20,0.7,batch_class_cell
narrow_x_category,logistic_batch_balanced,1,52,3,weather,24,0.9166666666666666,batch_class_cell
narrow_x_category,logistic_batch_balanced,1,62,3,weather,20,0.85,batch_class_cell
narrow_x_category,logistic_batch_balanced,1,67,3,weather,20,0.75,batch_class_cell
narrow_x_category,logistic_batch_balanced,1,68,3,weather,19,0.631578947368421,batch_class_cell
narrow_x_category,logistic_batch_balanced,1,70,3,weather,18,1.0,batch_class_cell
narrow_x_category,logistic_batch_balanced,1,80,3,weather,19,0.8421052631578947,batch_class_cell
narrow_x_category,logistic_batch_balanced,1,83,3,weather,20,0.9,batch_class_cell
narrow_x_category,logistic_batch_balanced,1,93,3,weather,18,1.0,batch_class_cell
narrow_x_category,logistic_batch_balanced,1,105,3,weather,13,0.8461538461538461,batch_class_cell
narrow_x_category,logistic_batch_balanced,1,108,3,weather,24,0.6666666666666666,batch_class_cell
narrow_x_category,logistic_batch_balanced,1,123,3,weather,20,0.95,batch_class_cell
narrow_x_category,logistic_batch_balanced,1,124,3,weather,14,0.8571428571428571,batch_class_cell
narrow_x_category,logistic_batch_balanced,1,125,3,weather,20,0.8,batch_class_cell
narrow_x_category,logistic_batch_balanced,1,129,3,weather,20,0.9,batch_class_cell
narrow_x_category,logistic_batch_balanced,1,130,3,weather,20,0.75,batch_class_cell
narrow_x_category,logistic_batch_balanced,1,131,3,weather,20,0.8,batch_class_cell
narrow_x_category,logistic_batch_balanced,1,135,3,weather,23,0.9130434782608695,batch_class_cell
narrow_x_category,logistic_batch_balanced,1,138,3,weather,20,0.65,batch_class_cell
narrow_x_category,logistic_batch_balanced,1,139,3,weather,20,0.95,batch_class_cell
narrow_x_category,logistic_batch_balanced,1,140,3,weather,24,0.8333333333333334,batch_class_cell
narrow_x_category,logistic_batch_balanced,1,158,3,weather,22,0.6363636363636364,batch_class_cell
narrow_x_category,logistic_batch_balanced,1,162,3,weather,13,0.9230769230769231,batch_class_cell
narrow_x_category,logistic_batch_balanced,1,166,3,weather,20,0.95,batch_class_cell
narrow_x_category,logistic_batch_balanced,1,168,3,weather,23,0.8695652173913043,batch_class_cell
narrow_x_category,logistic_batch_balanced,1,171,3,weather,19,0.7368421052631579,batch_class_cell
narrow_x_category,logistic_batch_balanced,1,179,3,weather,30,0.8333333333333334,batch_class_cell
narrow_x_category,logistic_batch_balanced,1,184,3,weather,18,0.5,batch_class_cell
narrow_x_category,logistic_batch_balanced,1,205,3,weather,17,0.7647058823529411,batch_class_cell
narrow_x_category,logistic_batch_balanced,1,211,3,weather,28,0.8928571428571429,batch_class_cell
narrow_x_category,logistic_batch_balanced,1,221,3,weather,17,0.8823529411764706,batch_class_cell
narrow_x_category,logistic_batch_balanced,1,223,3,weather,20,0.7,batch_class_cell
narrow_x_category,logistic_batch_balanced,1,236,3,weather,8,0.75,batch_class_cell
narrow_x_category,logistic_batch_balanced,1,240,3,weather,20,0.85,batch_class_cell
narrow_x_category,logistic_batch_balanced,1,241,3,weather,20,0.55,batch_class_cell
narrow_x_category,logistic_batch_balanced,1,262,3,weather,7,1.0,batch_class_cell
narrow_x_category,logistic_batch_balanced,1,265,3,weather,8,0.625,batch_class_cell
narrow_x_category,logistic_batch_balanced,1,268,3,weather,7,1.0,batch_class_cell
narrow_x_category,logistic_batch_balanced,1,270,1,UAV,3,1.0,batch_class_cell
narrow_x_category,logistic_batch_balanced,1,270,3,weather,8,0.875,batch_class_cell
narrow_x_category,logistic_batch_balanced,1,277,3,weather,8,0.75,batch_class_cell
narrow_x_category,logistic_batch_balanced,1,279,2,bird,63,0.6031746031746031,batch_class_cell
narrow_x_category,logistic_batch_balanced,1,279,3,weather,4,1.0,batch_class_cell
narrow_x_category,logistic_batch_balanced,1,280,3,weather,8,0.5,batch_class_cell
narrow_x_category,logistic_batch_balanced,1,283,3,weather,8,0.875,batch_class_cell
narrow_x_category,logistic_batch_balanced,1,284,3,weather,8,0.875,batch_class_cell
narrow_x_category,logistic_batch_balanced,1,303,2,bird,101,0.7227722772277227,batch_class_cell
narrow_x_category,logistic_batch_balanced,1,303,3,weather,8,1.0,batch_class_cell
narrow_x_category,logistic_batch_balanced,1,304,3,weather,4,1.0,batch_class_cell
narrow_x_category,logistic_batch_balanced,1,314,3,weather,4,1.0,batch_class_cell
narrow_x_category,logistic_batch_balanced,1,322,3,weather,8,0.875,batch_class_cell
narrow_x_category,logistic_batch_balanced,1,323,3,weather,4,0.75,batch_class_cell
narrow_x_category,logistic_batch_balanced,1,325,3,weather,4,0.5,batch_class_cell
narrow_x_category,logistic_batch_balanced,1,336,3,weather,4,0.75,batch_class_cell
narrow_x_category,logistic_batch_balanced,1,337,3,weather,4,1.0,batch_class_cell
narrow_x_category,logistic_batch_balanced,1,341,3,weather,4,1.0,batch_class_cell
narrow_x_category,logistic_batch_balanced,1,345,3,weather,4,1.0,batch_class_cell
narrow_x_category,logistic_batch_balanced,1,368,3,weather,2,1.0,batch_class_cell
narrow_x_category,logistic_batch_balanced,1,387,3,weather,4,1.0,batch_class_cell
narrow_x_category,logistic_batch_balanced,1,428,1,UAV,112,0.9375,batch_class_cell
narrow_x_category,logistic_batch_balanced,1,704,1,UAV,271,0.974169741697417,batch_class_cell
narrow_x_category,logistic_batch_balanced,2,3,3,weather,9,0.4444444444444444,batch_class_cell
narrow_x_category,logistic_batch_balanced,2,12,3,weather,16,0.8125,batch_class_cell
narrow_x_category,logistic_batch_balanced,2,13,3,weather,16,0.9375,batch_class_cell
narrow_x_category,logistic_batch_balanced,2,19,3,weather,16,0.75,batch_class_cell
narrow_x_category,logistic_batch_balanced,2,21,1,UAV,143,0.9300699300699301,batch_class_cell
narrow_x_category,logistic_batch_balanced,2,21,3,weather,13,0.8461538461538461,batch_class_cell
narrow_x_category,logistic_batch_balanced,2,24,1,UAV,91,0.989010989010989,batch_class_cell
narrow_x_category,logistic_batch_balanced,2,24,3,weather,43,0.7674418604651163,batch_class_cell
narrow_x_category,logistic_batch_balanced,2,33,1,UAV,192,0.7864583333333334,batch_class_cell
narrow_x_category,logistic_batch_balanced,2,33,3,weather,16,0.8125,batch_class_cell
narrow_x_category,logistic_batch_balanced,2,37,3,weather,16,0.875,batch_class_cell
narrow_x_category,logistic_batch_balanced,2,40,3,weather,24,0.5,batch_class_cell
narrow_x_category,logistic_batch_balanced,2,46,3,weather,34,0.7941176470588235,batch_class_cell
narrow_x_category,logistic_batch_balanced,2,54,3,weather,16,0.9375,batch_class_cell
narrow_x_category,logistic_batch_balanced,2,56,3,weather,31,0.8387096774193549,batch_class_cell
narrow_x_category,logistic_batch_balanced,2,60,1,UAV,4,1.0,batch_class_cell
narrow_x_category,logistic_batch_balanced,2,60,3,weather,12,1.0,batch_class_cell
narrow_x_category,logistic_batch_balanced,2,64,3,weather,28,0.8214285714285714,batch_class_cell
narrow_x_category,logistic_batch_balanced,2,66,3,weather,16,0.8125,batch_class_cell
narrow_x_category,logistic_batch_balanced,2,77,3,weather,24,0.7916666666666666,batch_class_cell
narrow_x_category,logistic_batch_balanced,2,78,3,weather,24,0.7916666666666666,batch_class_cell
narrow_x_category,logistic_batch_balanced,2,81,3,weather,15,0.6,batch_class_cell
narrow_x_category,logistic_batch_balanced,2,84,3,weather,16,0.875,batch_class_cell
narrow_x_category,logistic_batch_balanced,2,85,3,weather,16,1.0,batch_class_cell
narrow_x_category,logistic_batch_balanced,2,95,3,weather,16,0.5625,batch_class_cell
narrow_x_category,logistic_batch_balanced,2,98,3,weather,24,0.875,batch_class_cell
narrow_x_category,logistic_batch_balanced,2,103,3,weather,16,0.75,batch_class_cell
narrow_x_category,logistic_batch_balanced,2,109,3,weather,24,0.8333333333333334,batch_class_cell
narrow_x_category,logistic_batch_balanced,2,114,3,weather,16,1.0,batch_class_cell
narrow_x_category,logistic_batch_balanced,2,118,3,weather,16,0.625,batch_class_cell
narrow_x_category,logistic_batch_balanced,2,119,3,weather,16,0.8125,batch_class_cell
narrow_x_category,logistic_batch_balanced,2,122,3,weather,24,0.9583333333333334,batch_class_cell
narrow_x_category,logistic_batch_balanced,2,128,3,weather,11,0.9090909090909091,batch_class_cell
narrow_x_category,logistic_batch_balanced,2,136,3,weather,32,0.90625,batch_class_cell
narrow_x_category,logistic_batch_balanced,2,141,3,weather,16,0.8125,batch_class_cell
narrow_x_category,logistic_batch_balanced,2,143,3,weather,16,0.75,batch_class_cell
narrow_x_category,logistic_batch_balanced,2,144,3,weather,16,0.5625,batch_class_cell
narrow_x_category,logistic_batch_balanced,2,146,3,weather,38,0.6052631578947368,batch_class_cell
narrow_x_category,logistic_batch_balanced,2,151,3,weather,30,0.7333333333333333,batch_class_cell
narrow_x_category,logistic_batch_balanced,2,160,3,weather,16,0.6875,batch_class_cell
narrow_x_category,logistic_batch_balanced,2,161,3,weather,16,0.625,batch_class_cell
narrow_x_category,logistic_batch_balanced,2,163,3,weather,24,0.8333333333333334,batch_class_cell
narrow_x_category,logistic_batch_balanced,2,169,3,weather,27,0.6666666666666666,batch_class_cell
narrow_x_category,logistic_batch_balanced,2,172,3,weather,16,0.8125,batch_class_cell
narrow_x_category,logistic_batch_balanced,2,175,3,weather,20,0.65,batch_class_cell
narrow_x_category,logistic_batch_balanced,2,177,3,weather,16,0.75,batch_class_cell
narrow_x_category,logistic_batch_balanced,2,186,3,weather,16,0.75,batch_class_cell
narrow_x_category,logistic_batch_balanced,2,195,3,weather,16,0.625,batch_class_cell
narrow_x_category,logistic_batch_balanced,2,204,3,weather,17,0.8823529411764706,batch_class_cell
narrow_x_category,logistic_batch_balanced,2,206,3,weather,16,1.0,batch_class_cell
narrow_x_category,logistic_batch_balanced,2,208,3,weather,18,0.6111111111111112,batch_class_cell
narrow_x_category,logistic_batch_balanced,2,210,3,weather,11,1.0,batch_class_cell
narrow_x_category,logistic_batch_balanced,2,238,3,weather,20,0.75,batch_class_cell
narrow_x_category,logistic_batch_balanced,2,242,3,weather,4,1.0,batch_class_cell
narrow_x_category,logistic_batch_balanced,2,244,3,weather,20,0.75,batch_class_cell
narrow_x_category,logistic_batch_balanced,2,246,2,bird,18,0.5555555555555556,batch_class_cell
narrow_x_category,logistic_batch_balanced,2,246,3,weather,16,0.9375,batch_class_cell
narrow_x_category,logistic_batch_balanced,2,249,1,UAV,4,1.0,batch_class_cell
narrow_x_category,logistic_batch_balanced,2,249,3,weather,14,0.8571428571428571,batch_class_cell
narrow_x_category,logistic_batch_balanced,2,250,3,weather,24,0.7916666666666666,batch_class_cell
narrow_x_category,logistic_batch_balanced,2,266,3,weather,4,1.0,batch_class_cell
narrow_x_category,logistic_batch_balanced,2,269,3,weather,4,1.0,batch_class_cell
narrow_x_category,logistic_batch_balanced,2,275,3,weather,4,1.0,batch_class_cell
narrow_x_category,logistic_batch_balanced,2,308,3,weather,4,1.0,batch_class_cell
narrow_x_category,logistic_batch_balanced,2,310,3,weather,6,1.0,batch_class_cell
narrow_x_category,logistic_batch_balanced,2,311,3,weather,4,0.25,batch_class_cell
narrow_x_category,logistic_batch_balanced,2,317,3,weather,8,1.0,batch_class_cell
narrow_x_category,logistic_batch_balanced,2,321,3,weather,4,1.0,batch_class_cell
narrow_x_category,logistic_batch_balanced,2,330,3,weather,4,0.5,batch_class_cell
narrow_x_category,logistic_batch_balanced,2,332,3,weather,4,0.75,batch_class_cell
narrow_x_category,logistic_batch_balanced,2,335,3,weather,4,1.0,batch_class_cell
narrow_x_category,logistic_batch_balanced,2,340,3,weather,4,1.0,batch_class_cell
narrow_x_category,logistic_batch_balanced,2,343,3,weather,8,0.625,batch_class_cell
narrow_x_category,logistic_batch_balanced,2,344,3,weather,8,0.75,batch_class_cell
narrow_x_category,logistic_batch_balanced,2,388,3,weather,2,1.0,batch_class_cell
narrow_x_category,logistic_batch_balanced,2,393,3,weather,2,1.0,batch_class_cell
narrow_x_category,logistic_batch_balanced,2,399,3,weather,1,0.0,batch_class_cell
narrow_x_category,logistic_batch_balanced,2,400,3,weather,3,1.0,batch_class_cell
narrow_x_category,logistic_batch_balanced,2,432,2,bird,153,0.7124183006535948,batch_class_cell
narrow_x_category,logistic_batch_balanced,3,5,1,UAV,70,0.9285714285714286,batch_class_cell
narrow_x_category,logistic_batch_balanced,3,5,3,weather,21,0.7142857142857143,batch_class_cell
narrow_x_category,logistic_batch_balanced,3,10,3,weather,26,0.8461538461538461,batch_class_cell
narrow_x_category,logistic_batch_balanced,3,17,1,UAV,202,0.9108910891089109,batch_class_cell
narrow_x_category,logistic_batch_balanced,3,17,3,weather,14,0.8571428571428571,batch_class_cell
narrow_x_category,logistic_batch_balanced,3,22,3,weather,12,1.0,batch_class_cell
narrow_x_category,logistic_batch_balanced,3,23,3,weather,21,0.9047619047619048,batch_class_cell
narrow_x_category,logistic_batch_balanced,3,28,3,weather,46,0.717391304347826,batch_class_cell
narrow_x_category,logistic_batch_balanced,3,39,3,weather,24,0.875,batch_class_cell
narrow_x_category,logistic_batch_balanced,3,44,1,UAV,60,1.0,batch_class_cell
narrow_x_category,logistic_batch_balanced,3,44,3,weather,34,0.8529411764705882,batch_class_cell
narrow_x_category,logistic_batch_balanced,3,57,3,weather,32,0.90625,batch_class_cell
narrow_x_category,logistic_batch_balanced,3,59,3,weather,31,0.7741935483870968,batch_class_cell
narrow_x_category,logistic_batch_balanced,3,69,3,weather,28,0.8928571428571429,batch_class_cell
narrow_x_category,logistic_batch_balanced,3,88,3,weather,26,0.8846153846153846,batch_class_cell
narrow_x_category,logistic_batch_balanced,3,90,3,weather,12,0.75,batch_class_cell
narrow_x_category,logistic_batch_balanced,3,91,3,weather,28,0.8571428571428571,batch_class_cell
narrow_x_category,logistic_batch_balanced,3,92,3,weather,28,0.8928571428571429,batch_class_cell
narrow_x_category,logistic_batch_balanced,3,94,3,weather,12,0.9166666666666666,batch_class_cell
narrow_x_category,logistic_batch_balanced,3,96,3,weather,12,1.0,batch_class_cell
narrow_x_category,logistic_batch_balanced,3,104,3,weather,26,0.9615384615384616,batch_class_cell
narrow_x_category,logistic_batch_balanced,3,111,3,weather,12,1.0,batch_class_cell
narrow_x_category,logistic_batch_balanced,3,115,3,weather,22,0.5454545454545454,batch_class_cell
narrow_x_category,logistic_batch_balanced,3,121,2,bird,21,0.6666666666666666,batch_class_cell
narrow_x_category,logistic_batch_balanced,3,121,3,weather,20,0.6,batch_class_cell
narrow_x_category,logistic_batch_balanced,3,127,3,weather,12,0.9166666666666666,batch_class_cell
narrow_x_category,logistic_batch_balanced,3,142,3,weather,15,1.0,batch_class_cell
narrow_x_category,logistic_batch_balanced,3,152,3,weather,15,0.8,batch_class_cell
narrow_x_category,logistic_batch_balanced,3,159,3,weather,26,0.8461538461538461,batch_class_cell
narrow_x_category,logistic_batch_balanced,3,164,3,weather,12,1.0,batch_class_cell
narrow_x_category,logistic_batch_balanced,3,167,3,weather,12,0.9166666666666666,batch_class_cell
narrow_x_category,logistic_batch_balanced,3,170,3,weather,12,0.8333333333333334,batch_class_cell
narrow_x_category,logistic_batch_balanced,3,176,3,weather,28,0.8928571428571429,batch_class_cell
narrow_x_category,logistic_batch_balanced,3,178,3,weather,12,1.0,batch_class_cell
narrow_x_category,logistic_batch_balanced,3,181,3,weather,12,0.9166666666666666,batch_class_cell
narrow_x_category,logistic_batch_balanced,3,187,3,weather,12,1.0,batch_class_cell
narrow_x_category,logistic_batch_balanced,3,188,3,weather,24,0.7916666666666666,batch_class_cell
narrow_x_category,logistic_batch_balanced,3,189,3,weather,20,0.85,batch_class_cell
narrow_x_category,logistic_batch_balanced,3,191,3,weather,28,0.7857142857142857,batch_class_cell
narrow_x_category,logistic_batch_balanced,3,198,3,weather,24,0.9166666666666666,batch_class_cell
narrow_x_category,logistic_batch_balanced,3,199,3,weather,24,0.7083333333333334,batch_class_cell
narrow_x_category,logistic_batch_balanced,3,200,3,weather,24,0.9166666666666666,batch_class_cell
narrow_x_category,logistic_batch_balanced,3,212,3,weather,20,1.0,batch_class_cell
narrow_x_category,logistic_batch_balanced,3,217,3,weather,12,0.8333333333333334,batch_class_cell
narrow_x_category,logistic_batch_balanced,3,218,3,weather,12,0.8333333333333334,batch_class_cell
narrow_x_category,logistic_batch_balanced,3,219,3,weather,20,0.95,batch_class_cell
narrow_x_category,logistic_batch_balanced,3,220,3,weather,20,0.85,batch_class_cell
narrow_x_category,logistic_batch_balanced,3,224,3,weather,12,0.8333333333333334,batch_class_cell
narrow_x_category,logistic_batch_balanced,3,232,3,weather,24,0.5833333333333334,batch_class_cell
narrow_x_category,logistic_batch_balanced,3,234,1,UAV,2,0.5,batch_class_cell
narrow_x_category,logistic_batch_balanced,3,234,3,weather,12,0.8333333333333334,batch_class_cell
narrow_x_category,logistic_batch_balanced,3,237,3,weather,8,1.0,batch_class_cell
narrow_x_category,logistic_batch_balanced,3,243,3,weather,12,0.8333333333333334,batch_class_cell
narrow_x_category,logistic_batch_balanced,3,245,3,weather,12,1.0,batch_class_cell
narrow_x_category,logistic_batch_balanced,3,257,3,weather,8,1.0,batch_class_cell
narrow_x_category,logistic_batch_balanced,3,263,3,weather,6,0.8333333333333334,batch_class_cell
narrow_x_category,logistic_batch_balanced,3,264,3,weather,3,0.3333333333333333,batch_class_cell
narrow_x_category,logistic_batch_balanced,3,267,3,weather,12,0.8333333333333334,batch_class_cell
narrow_x_category,logistic_batch_balanced,3,271,3,weather,12,0.9166666666666666,batch_class_cell
narrow_x_category,logistic_batch_balanced,3,274,3,weather,12,0.8333333333333334,batch_class_cell
narrow_x_category,logistic_batch_balanced,3,278,3,weather,12,0.8333333333333334,batch_class_cell
narrow_x_category,logistic_batch_balanced,3,281,3,weather,4,1.0,batch_class_cell
narrow_x_category,logistic_batch_balanced,3,282,3,weather,12,1.0,batch_class_cell
narrow_x_category,logistic_batch_balanced,3,286,3,weather,7,0.5714285714285714,batch_class_cell
narrow_x_category,logistic_batch_balanced,3,299,3,weather,12,0.8333333333333334,batch_class_cell
narrow_x_category,logistic_batch_balanced,3,301,3,weather,7,1.0,batch_class_cell
narrow_x_category,logistic_batch_balanced,3,305,3,weather,7,0.8571428571428571,batch_class_cell
narrow_x_category,logistic_batch_balanced,3,316,3,weather,12,0.75,batch_class_cell
narrow_x_category,logistic_batch_balanced,3,324,3,weather,12,0.8333333333333334,batch_class_cell
narrow_x_category,logistic_batch_balanced,3,379,3,weather,2,1.0,batch_class_cell
narrow_x_category,logistic_batch_balanced,3,380,3,weather,3,1.0,batch_class_cell
narrow_x_category,logistic_batch_balanced,3,384,3,weather,2,1.0,batch_class_cell
narrow_x_category,logistic_batch_balanced,3,385,3,weather,2,0.5,batch_class_cell
narrow_x_category,logistic_batch_balanced,3,386,3,weather,4,1.0,batch_class_cell
narrow_x_category,logistic_batch_balanced,3,396,3,weather,1,1.0,batch_class_cell
narrow_x_category,logistic_batch_balanced,3,398,3,weather,2,1.0,batch_class_cell
narrow_x_category,logistic_batch_balanced,3,411,1,UAV,100,0.9,batch_class_cell
narrow_x_category,logistic_batch_balanced,3,867,2,bird,111,0.7297297297297297,batch_class_cell
narrow_x_category,logistic_batch_balanced,4,6,3,weather,10,1.0,batch_class_cell
narrow_x_category,logistic_batch_balanced,4,8,3,weather,8,0.75,batch_class_cell
narrow_x_category,logistic_batch_balanced,4,11,3,weather,30,0.9,batch_class_cell
narrow_x_category,logistic_batch_balanced,4,15,3,weather,27,0.7037037037037037,batch_class_cell
narrow_x_category,logistic_batch_balanced,4,16,1,UAV,240,0.8708333333333333,batch_class_cell
narrow_x_category,logistic_batch_balanced,4,16,3,weather,16,0.875,batch_class_cell
narrow_x_category,logistic_batch_balanced,4,29,3,weather,8,1.0,batch_class_cell
narrow_x_category,logistic_batch_balanced,4,32,1,UAV,148,0.9797297297297297,batch_class_cell
narrow_x_category,logistic_batch_balanced,4,32,3,weather,28,0.7857142857142857,batch_class_cell
narrow_x_category,logistic_batch_balanced,4,36,1,UAV,17,1.0,batch_class_cell
narrow_x_category,logistic_batch_balanced,4,36,3,weather,20,1.0,batch_class_cell
narrow_x_category,logistic_batch_balanced,4,42,1,UAV,6,1.0,batch_class_cell
narrow_x_category,logistic_batch_balanced,4,42,3,weather,34,0.8235294117647058,batch_class_cell
narrow_x_category,logistic_batch_balanced,4,48,3,weather,33,1.0,batch_class_cell
narrow_x_category,logistic_batch_balanced,4,51,3,weather,32,0.8125,batch_class_cell
narrow_x_category,logistic_batch_balanced,4,53,3,weather,15,0.9333333333333333,batch_class_cell
narrow_x_category,logistic_batch_balanced,4,58,3,weather,15,0.8666666666666667,batch_class_cell
narrow_x_category,logistic_batch_balanced,4,61,3,weather,23,0.8695652173913043,batch_class_cell
narrow_x_category,logistic_batch_balanced,4,71,3,weather,23,0.5652173913043478,batch_class_cell
narrow_x_category,logistic_batch_balanced,4,72,3,weather,27,0.8148148148148148,batch_class_cell
narrow_x_category,logistic_batch_balanced,4,73,3,weather,29,0.7931034482758621,batch_class_cell
narrow_x_category,logistic_batch_balanced,4,75,3,weather,19,0.8947368421052632,batch_class_cell
narrow_x_category,logistic_batch_balanced,4,76,3,weather,15,0.9333333333333333,batch_class_cell
narrow_x_category,logistic_batch_balanced,4,79,3,weather,27,0.8888888888888888,batch_class_cell
narrow_x_category,logistic_batch_balanced,4,82,3,weather,27,0.9259259259259259,batch_class_cell
narrow_x_category,logistic_batch_balanced,4,87,3,weather,23,0.8260869565217391,batch_class_cell
narrow_x_category,logistic_batch_balanced,4,89,3,weather,15,0.9333333333333333,batch_class_cell
narrow_x_category,logistic_batch_balanced,4,97,3,weather,8,0.5,batch_class_cell
narrow_x_category,logistic_batch_balanced,4,101,3,weather,15,0.7333333333333333,batch_class_cell
narrow_x_category,logistic_batch_balanced,4,102,3,weather,11,0.9090909090909091,batch_class_cell
narrow_x_category,logistic_batch_balanced,4,110,3,weather,14,0.8571428571428571,batch_class_cell
narrow_x_category,logistic_batch_balanced,4,120,3,weather,23,1.0,batch_class_cell
narrow_x_category,logistic_batch_balanced,4,126,3,weather,19,0.9473684210526315,batch_class_cell
narrow_x_category,logistic_batch_balanced,4,132,3,weather,23,0.9565217391304348,batch_class_cell
narrow_x_category,logistic_batch_balanced,4,133,3,weather,27,0.8148148148148148,batch_class_cell
narrow_x_category,logistic_batch_balanced,4,137,3,weather,31,0.7741935483870968,batch_class_cell
narrow_x_category,logistic_batch_balanced,4,145,3,weather,15,1.0,batch_class_cell
narrow_x_category,logistic_batch_balanced,4,147,3,weather,15,0.8,batch_class_cell
narrow_x_category,logistic_batch_balanced,4,148,2,bird,248,0.4032258064516129,batch_class_cell
narrow_x_category,logistic_batch_balanced,4,148,3,weather,19,0.8947368421052632,batch_class_cell
narrow_x_category,logistic_batch_balanced,4,149,3,weather,33,0.48484848484848486,batch_class_cell
narrow_x_category,logistic_batch_balanced,4,153,3,weather,8,0.75,batch_class_cell
narrow_x_category,logistic_batch_balanced,4,157,3,weather,19,0.8947368421052632,batch_class_cell
narrow_x_category,logistic_batch_balanced,4,165,3,weather,8,0.25,batch_class_cell
narrow_x_category,logistic_batch_balanced,4,182,3,weather,23,0.6521739130434783,batch_class_cell
narrow_x_category,logistic_batch_balanced,4,183,3,weather,14,0.8571428571428571,batch_class_cell
narrow_x_category,logistic_batch_balanced,4,185,3,weather,25,0.88,batch_class_cell
narrow_x_category,logistic_batch_balanced,4,194,3,weather,8,0.625,batch_class_cell
narrow_x_category,logistic_batch_balanced,4,207,3,weather,8,0.875,batch_class_cell
narrow_x_category,logistic_batch_balanced,4,213,3,weather,28,0.7857142857142857,batch_class_cell
narrow_x_category,logistic_batch_balanced,4,225,3,weather,23,0.8695652173913043,batch_class_cell
narrow_x_category,logistic_batch_balanced,4,227,3,weather,19,0.9473684210526315,batch_class_cell
narrow_x_category,logistic_batch_balanced,4,228,3,weather,28,0.9642857142857143,batch_class_cell
narrow_x_category,logistic_batch_balanced,4,233,3,weather,8,0.875,batch_class_cell
narrow_x_category,logistic_batch_balanced,4,235,3,weather,8,0.875,batch_class_cell
narrow_x_category,logistic_batch_balanced,4,239,3,weather,8,0.75,batch_class_cell
narrow_x_category,logistic_batch_balanced,4,248,3,weather,4,0.75,batch_class_cell
narrow_x_category,logistic_batch_balanced,4,252,3,weather,8,1.0,batch_class_cell
narrow_x_category,logistic_batch_balanced,4,255,3,weather,8,0.875,batch_class_cell
narrow_x_category,logistic_batch_balanced,4,258,3,weather,15,0.8666666666666667,batch_class_cell
narrow_x_category,logistic_batch_balanced,4,260,3,weather,11,0.7272727272727273,batch_class_cell
narrow_x_category,logistic_batch_balanced,4,287,3,weather,8,1.0,batch_class_cell
narrow_x_category,logistic_batch_balanced,4,288,3,weather,8,0.875,batch_class_cell
narrow_x_category,logistic_batch_balanced,4,291,3,weather,8,1.0,batch_class_cell
narrow_x_category,logistic_batch_balanced,4,292,1,UAV,22,0.9545454545454546,batch_class_cell
narrow_x_category,logistic_batch_balanced,4,292,3,weather,4,1.0,batch_class_cell
narrow_x_category,logistic_batch_balanced,4,293,3,weather,8,0.75,batch_class_cell
narrow_x_category,logistic_batch_balanced,4,294,3,weather,8,0.75,batch_class_cell
narrow_x_category,logistic_batch_balanced,4,297,3,weather,8,1.0,batch_class_cell
narrow_x_category,logistic_batch_balanced,4,300,3,weather,4,0.25,batch_class_cell
narrow_x_category,logistic_batch_balanced,4,309,3,weather,8,0.875,batch_class_cell
narrow_x_category,logistic_batch_balanced,4,319,3,weather,4,1.0,batch_class_cell
narrow_x_category,logistic_batch_balanced,4,326,3,weather,1,1.0,batch_class_cell
narrow_x_category,logistic_batch_balanced,4,378,3,weather,1,1.0,batch_class_cell
narrow_x_category,logistic_batch_balanced,4,381,3,weather,2,0.5,batch_class_cell
narrow_x_category,logistic_batch_balanced,4,394,3,weather,4,1.0,batch_class_cell
narrow_x_category,logistic_batch_balanced,4,401,3,weather,1,1.0,batch_class_cell
narrow_x_category,logistic_batch_balanced,4,410,3,weather,1,0.0,batch_class_cell
narrow_x_category,logistic_batch_balanced,5,7,3,weather,14,1.0,batch_class_cell
narrow_x_category,logistic_batch_balanced,5,14,1,UAV,36,0.9166666666666666,batch_class_cell
narrow_x_category,logistic_batch_balanced,5,14,3,weather,17,0.9411764705882353,batch_class_cell
narrow_x_category,logistic_batch_balanced,5,30,3,weather,19,0.7368421052631579,batch_class_cell
narrow_x_category,logistic_batch_balanced,5,38,3,weather,20,0.9,batch_class_cell
narrow_x_category,logistic_batch_balanced,5,43,3,weather,18,0.8888888888888888,batch_class_cell
narrow_x_category,logistic_batch_balanced,5,45,3,weather,42,0.8571428571428571,batch_class_cell
narrow_x_category,logistic_batch_balanced,5,55,3,weather,37,0.918918918918919,batch_class_cell
narrow_x_category,logistic_batch_balanced,5,63,3,weather,43,0.8372093023255814,batch_class_cell
narrow_x_category,logistic_batch_balanced,5,65,3,weather,38,0.7631578947368421,batch_class_cell
narrow_x_category,logistic_batch_balanced,5,74,3,weather,28,0.75,batch_class_cell
narrow_x_category,logistic_batch_balanced,5,86,3,weather,20,0.7,batch_class_cell
narrow_x_category,logistic_batch_balanced,5,99,3,weather,20,0.95,batch_class_cell
narrow_x_category,logistic_batch_balanced,5,100,3,weather,7,0.8571428571428571,batch_class_cell
narrow_x_category,logistic_batch_balanced,5,106,1,UAV,81,1.0,batch_class_cell
narrow_x_category,logistic_batch_balanced,5,106,3,weather,20,0.75,batch_class_cell
narrow_x_category,logistic_batch_balanced,5,107,3,weather,18,0.7777777777777778,batch_class_cell
narrow_x_category,logistic_batch_balanced,5,112,3,weather,20,0.85,batch_class_cell
narrow_x_category,logistic_batch_balanced,5,113,3,weather,20,0.7,batch_class_cell
narrow_x_category,logistic_batch_balanced,5,116,3,weather,20,0.8,batch_class_cell
narrow_x_category,logistic_batch_balanced,5,117,3,weather,20,0.7,batch_class_cell
narrow_x_category,logistic_batch_balanced,5,134,1,UAV,283,0.6113074204946997,batch_class_cell
narrow_x_category,logistic_batch_balanced,5,134,3,weather,15,0.8666666666666667,batch_class_cell
narrow_x_category,logistic_batch_balanced,5,150,3,weather,26,0.9615384615384616,batch_class_cell
narrow_x_category,logistic_batch_balanced,5,154,3,weather,7,1.0,batch_class_cell
narrow_x_category,logistic_batch_balanced,5,155,3,weather,10,0.7,batch_class_cell
narrow_x_category,logistic_batch_balanced,5,156,3,weather,15,0.6,batch_class_cell
narrow_x_category,logistic_batch_balanced,5,173,3,weather,15,0.5333333333333333,batch_class_cell
narrow_x_category,logistic_batch_balanced,5,174,3,weather,23,0.8260869565217391,batch_class_cell
narrow_x_category,logistic_batch_balanced,5,180,3,weather,20,0.9,batch_class_cell
narrow_x_category,logistic_batch_balanced,5,190,3,weather,20,0.6,batch_class_cell
narrow_x_category,logistic_batch_balanced,5,192,3,weather,10,0.7,batch_class_cell
narrow_x_category,logistic_batch_balanced,5,193,3,weather,6,1.0,batch_class_cell
narrow_x_category,logistic_batch_balanced,5,196,3,weather,15,0.8,batch_class_cell
narrow_x_category,logistic_batch_balanced,5,197,3,weather,19,0.9473684210526315,batch_class_cell
narrow_x_category,logistic_batch_balanced,5,201,3,weather,20,0.8,batch_class_cell
narrow_x_category,logistic_batch_balanced,5,202,1,UAV,12,0.9166666666666666,batch_class_cell
narrow_x_category,logistic_batch_balanced,5,202,3,weather,20,0.4,batch_class_cell
narrow_x_category,logistic_batch_balanced,5,203,3,weather,20,1.0,batch_class_cell
narrow_x_category,logistic_batch_balanced,5,209,3,weather,16,0.9375,batch_class_cell
narrow_x_category,logistic_batch_balanced,5,214,3,weather,16,0.625,batch_class_cell
narrow_x_category,logistic_batch_balanced,5,215,3,weather,16,1.0,batch_class_cell
narrow_x_category,logistic_batch_balanced,5,216,3,weather,20,0.85,batch_class_cell
narrow_x_category,logistic_batch_balanced,5,222,3,weather,20,0.9,batch_class_cell
narrow_x_category,logistic_batch_balanced,5,226,3,weather,15,0.6666666666666666,batch_class_cell
narrow_x_category,logistic_batch_balanced,5,229,3,weather,16,0.8125,batch_class_cell
narrow_x_category,logistic_batch_balanced,5,230,3,weather,16,0.75,batch_class_cell
narrow_x_category,logistic_batch_balanced,5,231,3,weather,15,1.0,batch_class_cell
narrow_x_category,logistic_batch_balanced,5,247,2,bird,232,0.771551724137931,batch_class_cell
narrow_x_category,logistic_batch_balanced,5,247,3,weather,8,1.0,batch_class_cell
narrow_x_category,logistic_batch_balanced,5,251,3,weather,16,0.6875,batch_class_cell
narrow_x_category,logistic_batch_balanced,5,253,3,weather,16,0.875,batch_class_cell
narrow_x_category,logistic_batch_balanced,5,254,3,weather,16,0.75,batch_class_cell
narrow_x_category,logistic_batch_balanced,5,256,3,weather,20,0.6,batch_class_cell
narrow_x_category,logistic_batch_balanced,5,259,3,weather,11,0.9090909090909091,batch_class_cell
narrow_x_category,logistic_batch_balanced,5,261,3,weather,16,0.75,batch_class_cell
narrow_x_category,logistic_batch_balanced,5,272,3,weather,20,1.0,batch_class_cell
narrow_x_category,logistic_batch_balanced,5,273,3,weather,16,0.4375,batch_class_cell
narrow_x_category,logistic_batch_balanced,5,276,3,weather,4,0.25,batch_class_cell
narrow_x_category,logistic_batch_balanced,5,285,3,weather,4,1.0,batch_class_cell
narrow_x_category,logistic_batch_balanced,5,289,3,weather,16,0.6875,batch_class_cell
narrow_x_category,logistic_batch_balanced,5,290,3,weather,16,0.8125,batch_class_cell
narrow_x_category,logistic_batch_balanced,5,295,3,weather,4,1.0,batch_class_cell
narrow_x_category,logistic_batch_balanced,5,296,3,weather,4,0.5,batch_class_cell
narrow_x_category,logistic_batch_balanced,5,302,3,weather,8,0.625,batch_class_cell
narrow_x_category,logistic_batch_balanced,5,306,3,weather,16,0.8125,batch_class_cell
narrow_x_category,logistic_batch_balanced,5,307,3,weather,8,0.75,batch_class_cell
narrow_x_category,logistic_batch_balanced,5,312,3,weather,8,0.75,batch_class_cell
narrow_x_category,logistic_batch_balanced,5,313,3,weather,8,1.0,batch_class_cell
narrow_x_category,logistic_batch_balanced,5,315,3,weather,7,0.7142857142857143,batch_class_cell
narrow_x_category,logistic_batch_balanced,5,329,3,weather,4,0.5,batch_class_cell
narrow_x_category,logistic_batch_balanced,5,331,3,weather,4,0.25,batch_class_cell
narrow_x_category,logistic_batch_balanced,5,333,3,weather,4,0.75,batch_class_cell
narrow_x_category,logistic_batch_balanced,5,338,3,weather,4,0.75,batch_class_cell
narrow_x_category,logistic_batch_balanced,5,346,3,weather,4,0.75,batch_class_cell
narrow_x_category,logistic_batch_balanced,5,377,3,weather,2,1.0,batch_class_cell
narrow_x_category,logistic_batch_balanced,5,441,1,UAV,22,0.7727272727272727,batch_class_cell
narrow_x_category,logistic_batch_balanced,5,469,2,bird,16,0.8125,batch_class_cell
narrow_x_category,random_forest_batch_balanced,1,1,3,weather,8,1.0,batch_class_cell
narrow_x_category,random_forest_batch_balanced,1,2,3,weather,8,0.5,batch_class_cell
narrow_x_category,random_forest_batch_balanced,1,4,1,UAV,27,1.0,batch_class_cell
narrow_x_category,random_forest_batch_balanced,1,4,3,weather,15,0.8,batch_class_cell
narrow_x_category,random_forest_batch_balanced,1,9,3,weather,31,0.8387096774193549,batch_class_cell
narrow_x_category,random_forest_batch_balanced,1,18,1,UAV,21,1.0,batch_class_cell
narrow_x_category,random_forest_batch_balanced,1,18,3,weather,26,0.6538461538461539,batch_class_cell
narrow_x_category,random_forest_batch_balanced,1,20,3,weather,34,0.7058823529411765,batch_class_cell
narrow_x_category,random_forest_batch_balanced,1,25,3,weather,15,0.9333333333333333,batch_class_cell
narrow_x_category,random_forest_batch_balanced,1,26,3,weather,15,0.9333333333333333,batch_class_cell
narrow_x_category,random_forest_batch_balanced,1,27,3,weather,18,1.0,batch_class_cell
narrow_x_category,random_forest_batch_balanced,1,31,3,weather,25,0.96,batch_class_cell
narrow_x_category,random_forest_batch_balanced,1,34,3,weather,26,0.8846153846153846,batch_class_cell
narrow_x_category,random_forest_batch_balanced,1,35,3,weather,22,0.8181818181818182,batch_class_cell
narrow_x_category,random_forest_batch_balanced,1,41,3,weather,20,0.85,batch_class_cell
narrow_x_category,random_forest_batch_balanced,1,47,3,weather,25,0.92,batch_class_cell
narrow_x_category,random_forest_batch_balanced,1,49,3,weather,18,0.9444444444444444,batch_class_cell
narrow_x_category,random_forest_batch_balanced,1,50,3,weather,20,0.7,batch_class_cell
narrow_x_category,random_forest_batch_balanced,1,52,3,weather,24,0.9166666666666666,batch_class_cell
narrow_x_category,random_forest_batch_balanced,1,62,3,weather,20,1.0,batch_class_cell
narrow_x_category,random_forest_batch_balanced,1,67,3,weather,20,0.8,batch_class_cell
narrow_x_category,random_forest_batch_balanced,1,68,3,weather,19,0.7894736842105263,batch_class_cell
narrow_x_category,random_forest_batch_balanced,1,70,3,weather,18,0.8333333333333334,batch_class_cell
narrow_x_category,random_forest_batch_balanced,1,80,3,weather,19,0.8421052631578947,batch_class_cell
narrow_x_category,random_forest_batch_balanced,1,83,3,weather,20,0.9,batch_class_cell
narrow_x_category,random_forest_batch_balanced,1,93,3,weather,18,0.9444444444444444,batch_class_cell
narrow_x_category,random_forest_batch_balanced,1,105,3,weather,13,0.7692307692307693,batch_class_cell
narrow_x_category,random_forest_batch_balanced,1,108,3,weather,24,0.875,batch_class_cell
narrow_x_category,random_forest_batch_balanced,1,123,3,weather,20,0.85,batch_class_cell
narrow_x_category,random_forest_batch_balanced,1,124,3,weather,14,0.9285714285714286,batch_class_cell
narrow_x_category,random_forest_batch_balanced,1,125,3,weather,20,0.65,batch_class_cell
narrow_x_category,random_forest_batch_balanced,1,129,3,weather,20,0.7,batch_class_cell
narrow_x_category,random_forest_batch_balanced,1,130,3,weather,20,0.85,batch_class_cell
narrow_x_category,random_forest_batch_balanced,1,131,3,weather,20,0.75,batch_class_cell
narrow_x_category,random_forest_batch_balanced,1,135,3,weather,23,0.8695652173913043,batch_class_cell
narrow_x_category,random_forest_batch_balanced,1,138,3,weather,20,0.65,batch_class_cell
narrow_x_category,random_forest_batch_balanced,1,139,3,weather,20,0.85,batch_class_cell
narrow_x_category,random_forest_batch_balanced,1,140,3,weather,24,0.875,batch_class_cell
narrow_x_category,random_forest_batch_balanced,1,158,3,weather,22,0.6363636363636364,batch_class_cell
narrow_x_category,random_forest_batch_balanced,1,162,3,weather,13,0.8461538461538461,batch_class_cell
narrow_x_category,random_forest_batch_balanced,1,166,3,weather,20,0.85,batch_class_cell
narrow_x_category,random_forest_batch_balanced,1,168,3,weather,23,0.8695652173913043,batch_class_cell
narrow_x_category,random_forest_batch_balanced,1,171,3,weather,19,0.8947368421052632,batch_class_cell
narrow_x_category,random_forest_batch_balanced,1,179,3,weather,30,0.9666666666666667,batch_class_cell
narrow_x_category,random_forest_batch_balanced,1,184,3,weather,18,0.6666666666666666,batch_class_cell
narrow_x_category,random_forest_batch_balanced,1,205,3,weather,17,0.8235294117647058,batch_class_cell
narrow_x_category,random_forest_batch_balanced,1,211,3,weather,28,0.8214285714285714,batch_class_cell
narrow_x_category,random_forest_batch_balanced,1,221,3,weather,17,0.9411764705882353,batch_class_cell
narrow_x_category,random_forest_batch_balanced,1,223,3,weather,20,0.55,batch_class_cell
narrow_x_category,random_forest_batch_balanced,1,236,3,weather,8,1.0,batch_class_cell
narrow_x_category,random_forest_batch_balanced,1,240,3,weather,20,0.65,batch_class_cell
narrow_x_category,random_forest_batch_balanced,1,241,3,weather,20,0.9,batch_class_cell
narrow_x_category,random_forest_batch_balanced,1,262,3,weather,7,1.0,batch_class_cell
narrow_x_category,random_forest_batch_balanced,1,265,3,weather,8,0.625,batch_class_cell
narrow_x_category,random_forest_batch_balanced,1,268,3,weather,7,1.0,batch_class_cell
narrow_x_category,random_forest_batch_balanced,1,270,1,UAV,3,1.0,batch_class_cell
narrow_x_category,random_forest_batch_balanced,1,270,3,weather,8,0.875,batch_class_cell
narrow_x_category,random_forest_batch_balanced,1,277,3,weather,8,1.0,batch_class_cell
narrow_x_category,random_forest_batch_balanced,1,279,2,bird,63,0.7142857142857143,batch_class_cell
narrow_x_category,random_forest_batch_balanced,1,279,3,weather,4,1.0,batch_class_cell
narrow_x_category,random_forest_batch_balanced,1,280,3,weather,8,1.0,batch_class_cell
narrow_x_category,random_forest_batch_balanced,1,283,3,weather,8,1.0,batch_class_cell
narrow_x_category,random_forest_batch_balanced,1,284,3,weather,8,0.875,batch_class_cell
narrow_x_category,random_forest_batch_balanced,1,303,2,bird,101,0.7227722772277227,batch_class_cell
narrow_x_category,random_forest_batch_balanced,1,303,3,weather,8,1.0,batch_class_cell
narrow_x_category,random_forest_batch_balanced,1,304,3,weather,4,1.0,batch_class_cell
narrow_x_category,random_forest_batch_balanced,1,314,3,weather,4,0.75,batch_class_cell
narrow_x_category,random_forest_batch_balanced,1,322,3,weather,8,1.0,batch_class_cell
narrow_x_category,random_forest_batch_balanced,1,323,3,weather,4,0.75,batch_class_cell
narrow_x_category,random_forest_batch_balanced,1,325,3,weather,4,0.5,batch_class_cell
narrow_x_category,random_forest_batch_balanced,1,336,3,weather,4,1.0,batch_class_cell
narrow_x_category,random_forest_batch_balanced,1,337,3,weather,4,1.0,batch_class_cell
narrow_x_category,random_forest_batch_balanced,1,341,3,weather,4,1.0,batch_class_cell
narrow_x_category,random_forest_batch_balanced,1,345,3,weather,4,1.0,batch_class_cell
narrow_x_category,random_forest_batch_balanced,1,368,3,weather,2,0.5,batch_class_cell
narrow_x_category,random_forest_batch_balanced,1,387,3,weather,4,1.0,batch_class_cell
narrow_x_category,random_forest_batch_balanced,1,428,1,UAV,112,0.9375,batch_class_cell
narrow_x_category,random_forest_batch_balanced,1,704,1,UAV,271,0.974169741697417,batch_class_cell
narrow_x_category,random_forest_batch_balanced,2,3,3,weather,9,0.3333333333333333,batch_class_cell
narrow_x_category,random_forest_batch_balanced,2,12,3,weather,16,0.9375,batch_class_cell
narrow_x_category,random_forest_batch_balanced,2,13,3,weather,16,1.0,batch_class_cell
narrow_x_category,random_forest_batch_balanced,2,19,3,weather,16,0.9375,batch_class_cell
narrow_x_category,random_forest_batch_balanced,2,21,1,UAV,143,0.27972027972027974,batch_class_cell
narrow_x_category,random_forest_batch_balanced,2,21,3,weather,13,0.9230769230769231,batch_class_cell
narrow_x_category,random_forest_batch_balanced,2,24,1,UAV,91,0.9120879120879121,batch_class_cell
narrow_x_category,random_forest_batch_balanced,2,24,3,weather,43,0.7441860465116279,batch_class_cell
narrow_x_category,random_forest_batch_balanced,2,33,1,UAV,192,0.7135416666666666,batch_class_cell
narrow_x_category,random_forest_batch_balanced,2,33,3,weather,16,0.8125,batch_class_cell
narrow_x_category,random_forest_batch_balanced,2,37,3,weather,16,0.875,batch_class_cell
narrow_x_category,random_forest_batch_balanced,2,40,3,weather,24,0.8333333333333334,batch_class_cell
narrow_x_category,random_forest_batch_balanced,2,46,3,weather,34,0.8235294117647058,batch_class_cell
narrow_x_category,random_forest_batch_balanced,2,54,3,weather,16,1.0,batch_class_cell
narrow_x_category,random_forest_batch_balanced,2,56,3,weather,31,0.8387096774193549,batch_class_cell
narrow_x_category,random_forest_batch_balanced,2,60,1,UAV,4,1.0,batch_class_cell
narrow_x_category,random_forest_batch_balanced,2,60,3,weather,12,1.0,batch_class_cell
narrow_x_category,random_forest_batch_balanced,2,64,3,weather,28,0.9285714285714286,batch_class_cell
narrow_x_category,random_forest_batch_balanced,2,66,3,weather,16,1.0,batch_class_cell
narrow_x_category,random_forest_batch_balanced,2,77,3,weather,24,0.9166666666666666,batch_class_cell
narrow_x_category,random_forest_batch_balanced,2,78,3,weather,24,0.875,batch_class_cell
narrow_x_category,random_forest_batch_balanced,2,81,3,weather,15,0.6666666666666666,batch_class_cell
narrow_x_category,random_forest_batch_balanced,2,84,3,weather,16,0.9375,batch_class_cell
narrow_x_category,random_forest_batch_balanced,2,85,3,weather,16,1.0,batch_class_cell
narrow_x_category,random_forest_batch_balanced,2,95,3,weather,16,0.625,batch_class_cell
narrow_x_category,random_forest_batch_balanced,2,98,3,weather,24,0.9583333333333334,batch_class_cell
narrow_x_category,random_forest_batch_balanced,2,103,3,weather,16,0.9375,batch_class_cell
narrow_x_category,random_forest_batch_balanced,2,109,3,weather,24,0.9166666666666666,batch_class_cell
narrow_x_category,random_forest_batch_balanced,2,114,3,weather,16,1.0,batch_class_cell
narrow_x_category,random_forest_batch_balanced,2,118,3,weather,16,0.875,batch_class_cell
narrow_x_category,random_forest_batch_balanced,2,119,3,weather,16,0.8125,batch_class_cell
narrow_x_category,random_forest_batch_balanced,2,122,3,weather,24,0.875,batch_class_cell
narrow_x_category,random_forest_batch_balanced,2,128,3,weather,11,0.9090909090909091,batch_class_cell
narrow_x_category,random_forest_batch_balanced,2,136,3,weather,32,0.9375,batch_class_cell
narrow_x_category,random_forest_batch_balanced,2,141,3,weather,16,0.9375,batch_class_cell
narrow_x_category,random_forest_batch_balanced,2,143,3,weather,16,0.4375,batch_class_cell
narrow_x_category,random_forest_batch_balanced,2,144,3,weather,16,0.625,batch_class_cell
narrow_x_category,random_forest_batch_balanced,2,146,3,weather,38,0.8421052631578947,batch_class_cell
narrow_x_category,random_forest_batch_balanced,2,151,3,weather,30,0.7666666666666667,batch_class_cell
narrow_x_category,random_forest_batch_balanced,2,160,3,weather,16,0.8125,batch_class_cell
narrow_x_category,random_forest_batch_balanced,2,161,3,weather,16,0.75,batch_class_cell
narrow_x_category,random_forest_batch_balanced,2,163,3,weather,24,0.8333333333333334,batch_class_cell
narrow_x_category,random_forest_batch_balanced,2,169,3,weather,27,0.8148148148148148,batch_class_cell
narrow_x_category,random_forest_batch_balanced,2,172,3,weather,16,1.0,batch_class_cell
narrow_x_category,random_forest_batch_balanced,2,175,3,weather,20,0.85,batch_class_cell
narrow_x_category,random_forest_batch_balanced,2,177,3,weather,16,0.5,batch_class_cell
narrow_x_category,random_forest_batch_balanced,2,186,3,weather,16,0.5625,batch_class_cell
narrow_x_category,random_forest_batch_balanced,2,195,3,weather,16,0.75,batch_class_cell
narrow_x_category,random_forest_batch_balanced,2,204,3,weather,17,0.9411764705882353,batch_class_cell
narrow_x_category,random_forest_batch_balanced,2,206,3,weather,16,1.0,batch_class_cell
narrow_x_category,random_forest_batch_balanced,2,208,3,weather,18,0.9444444444444444,batch_class_cell
narrow_x_category,random_forest_batch_balanced,2,210,3,weather,11,0.9090909090909091,batch_class_cell
narrow_x_category,random_forest_batch_balanced,2,238,3,weather,20,0.8,batch_class_cell
narrow_x_category,random_forest_batch_balanced,2,242,3,weather,4,1.0,batch_class_cell
narrow_x_category,random_forest_batch_balanced,2,244,3,weather,20,0.95,batch_class_cell
narrow_x_category,random_forest_batch_balanced,2,246,2,bird,18,0.7222222222222222,batch_class_cell
narrow_x_category,random_forest_batch_balanced,2,246,3,weather,16,0.875,batch_class_cell
narrow_x_category,random_forest_batch_balanced,2,249,1,UAV,4,0.5,batch_class_cell
narrow_x_category,random_forest_batch_balanced,2,249,3,weather,14,1.0,batch_class_cell
narrow_x_category,random_forest_batch_balanced,2,250,3,weather,24,0.9583333333333334,batch_class_cell
narrow_x_category,random_forest_batch_balanced,2,266,3,weather,4,1.0,batch_class_cell
narrow_x_category,random_forest_batch_balanced,2,269,3,weather,4,1.0,batch_class_cell
narrow_x_category,random_forest_batch_balanced,2,275,3,weather,4,1.0,batch_class_cell
narrow_x_category,random_forest_batch_balanced,2,308,3,weather,4,1.0,batch_class_cell
narrow_x_category,random_forest_batch_balanced,2,310,3,weather,6,0.8333333333333334,batch_class_cell
narrow_x_category,random_forest_batch_balanced,2,311,3,weather,4,0.5,batch_class_cell
narrow_x_category,random_forest_batch_balanced,2,317,3,weather,8,0.875,batch_class_cell
narrow_x_category,random_forest_batch_balanced,2,321,3,weather,4,1.0,batch_class_cell
narrow_x_category,random_forest_batch_balanced,2,330,3,weather,4,0.5,batch_class_cell
narrow_x_category,random_forest_batch_balanced,2,332,3,weather,4,1.0,batch_class_cell
narrow_x_category,random_forest_batch_balanced,2,335,3,weather,4,1.0,batch_class_cell
narrow_x_category,random_forest_batch_balanced,2,340,3,weather,4,1.0,batch_class_cell
narrow_x_category,random_forest_batch_balanced,2,343,3,weather,8,0.875,batch_class_cell
narrow_x_category,random_forest_batch_balanced,2,344,3,weather,8,0.875,batch_class_cell
narrow_x_category,random_forest_batch_balanced,2,388,3,weather,2,1.0,batch_class_cell
narrow_x_category,random_forest_batch_balanced,2,393,3,weather,2,1.0,batch_class_cell
narrow_x_category,random_forest_batch_balanced,2,399,3,weather,1,1.0,batch_class_cell
narrow_x_category,random_forest_batch_balanced,2,400,3,weather,3,1.0,batch_class_cell
narrow_x_category,random_forest_batch_balanced,2,432,2,bird,153,0.8431372549019608,batch_class_cell
narrow_x_category,random_forest_batch_balanced,3,5,1,UAV,70,0.9428571428571428,batch_class_cell
narrow_x_category,random_forest_batch_balanced,3,5,3,weather,21,0.7142857142857143,batch_class_cell
narrow_x_category,random_forest_batch_balanced,3,10,3,weather,26,0.6923076923076923,batch_class_cell
narrow_x_category,random_forest_batch_balanced,3,17,1,UAV,202,0.39603960396039606,batch_class_cell
narrow_x_category,random_forest_batch_balanced,3,17,3,weather,14,0.9285714285714286,batch_class_cell
narrow_x_category,random_forest_batch_balanced,3,22,3,weather,12,0.75,batch_class_cell
narrow_x_category,random_forest_batch_balanced,3,23,3,weather,21,0.9047619047619048,batch_class_cell
narrow_x_category,random_forest_batch_balanced,3,28,3,weather,46,0.8260869565217391,batch_class_cell
narrow_x_category,random_forest_batch_balanced,3,39,3,weather,24,0.8333333333333334,batch_class_cell
narrow_x_category,random_forest_batch_balanced,3,44,1,UAV,60,1.0,batch_class_cell
narrow_x_category,random_forest_batch_balanced,3,44,3,weather,34,0.9705882352941176,batch_class_cell
narrow_x_category,random_forest_batch_balanced,3,57,3,weather,32,0.90625,batch_class_cell
narrow_x_category,random_forest_batch_balanced,3,59,3,weather,31,0.8709677419354839,batch_class_cell
narrow_x_category,random_forest_batch_balanced,3,69,3,weather,28,0.8214285714285714,batch_class_cell
narrow_x_category,random_forest_batch_balanced,3,88,3,weather,26,0.8846153846153846,batch_class_cell
narrow_x_category,random_forest_batch_balanced,3,90,3,weather,12,0.8333333333333334,batch_class_cell
narrow_x_category,random_forest_batch_balanced,3,91,3,weather,28,0.8214285714285714,batch_class_cell
narrow_x_category,random_forest_batch_balanced,3,92,3,weather,28,0.8928571428571429,batch_class_cell
narrow_x_category,random_forest_batch_balanced,3,94,3,weather,12,0.8333333333333334,batch_class_cell
narrow_x_category,random_forest_batch_balanced,3,96,3,weather,12,0.9166666666666666,batch_class_cell
narrow_x_category,random_forest_batch_balanced,3,104,3,weather,26,1.0,batch_class_cell
narrow_x_category,random_forest_batch_balanced,3,111,3,weather,12,1.0,batch_class_cell
narrow_x_category,random_forest_batch_balanced,3,115,3,weather,22,0.6363636363636364,batch_class_cell
narrow_x_category,random_forest_batch_balanced,3,121,2,bird,21,0.6190476190476191,batch_class_cell
narrow_x_category,random_forest_batch_balanced,3,121,3,weather,20,0.65,batch_class_cell
narrow_x_category,random_forest_batch_balanced,3,127,3,weather,12,0.8333333333333334,batch_class_cell
narrow_x_category,random_forest_batch_balanced,3,142,3,weather,15,1.0,batch_class_cell
narrow_x_category,random_forest_batch_balanced,3,152,3,weather,15,0.9333333333333333,batch_class_cell
narrow_x_category,random_forest_batch_balanced,3,159,3,weather,26,0.8846153846153846,batch_class_cell
narrow_x_category,random_forest_batch_balanced,3,164,3,weather,12,1.0,batch_class_cell
narrow_x_category,random_forest_batch_balanced,3,167,3,weather,12,0.75,batch_class_cell
narrow_x_category,random_forest_batch_balanced,3,170,3,weather,12,0.9166666666666666,batch_class_cell
narrow_x_category,random_forest_batch_balanced,3,176,3,weather,28,0.8928571428571429,batch_class_cell
narrow_x_category,random_forest_batch_balanced,3,178,3,weather,12,1.0,batch_class_cell
narrow_x_category,random_forest_batch_balanced,3,181,3,weather,12,1.0,batch_class_cell
narrow_x_category,random_forest_batch_balanced,3,187,3,weather,12,1.0,batch_class_cell
narrow_x_category,random_forest_batch_balanced,3,188,3,weather,24,0.8333333333333334,batch_class_cell
narrow_x_category,random_forest_batch_balanced,3,189,3,weather,20,0.95,batch_class_cell
narrow_x_category,random_forest_batch_balanced,3,191,3,weather,28,0.6785714285714286,batch_class_cell
narrow_x_category,random_forest_batch_balanced,3,198,3,weather,24,0.8333333333333334,batch_class_cell
narrow_x_category,random_forest_batch_balanced,3,199,3,weather,24,0.8333333333333334,batch_class_cell
narrow_x_category,random_forest_batch_balanced,3,200,3,weather,24,0.9166666666666666,batch_class_cell
narrow_x_category,random_forest_batch_balanced,3,212,3,weather,20,1.0,batch_class_cell
narrow_x_category,random_forest_batch_balanced,3,217,3,weather,12,1.0,batch_class_cell
narrow_x_category,random_forest_batch_balanced,3,218,3,weather,12,0.75,batch_class_cell
narrow_x_category,random_forest_batch_balanced,3,219,3,weather,20,0.95,batch_class_cell
narrow_x_category,random_forest_batch_balanced,3,220,3,weather,20,1.0,batch_class_cell
narrow_x_category,random_forest_batch_balanced,3,224,3,weather,12,1.0,batch_class_cell
narrow_x_category,random_forest_batch_balanced,3,232,3,weather,24,0.625,batch_class_cell
narrow_x_category,random_forest_batch_balanced,3,234,1,UAV,2,0.0,batch_class_cell
narrow_x_category,random_forest_batch_balanced,3,234,3,weather,12,0.6666666666666666,batch_class_cell
narrow_x_category,random_forest_batch_balanced,3,237,3,weather,8,1.0,batch_class_cell
narrow_x_category,random_forest_batch_balanced,3,243,3,weather,12,0.9166666666666666,batch_class_cell
narrow_x_category,random_forest_batch_balanced,3,245,3,weather,12,1.0,batch_class_cell
narrow_x_category,random_forest_batch_balanced,3,257,3,weather,8,1.0,batch_class_cell
narrow_x_category,random_forest_batch_balanced,3,263,3,weather,6,1.0,batch_class_cell
narrow_x_category,random_forest_batch_balanced,3,264,3,weather,3,1.0,batch_class_cell
narrow_x_category,random_forest_batch_balanced,3,267,3,weather,12,0.8333333333333334,batch_class_cell
narrow_x_category,random_forest_batch_balanced,3,271,3,weather,12,1.0,batch_class_cell
narrow_x_category,random_forest_batch_balanced,3,274,3,weather,12,1.0,batch_class_cell
narrow_x_category,random_forest_batch_balanced,3,278,3,weather,12,0.75,batch_class_cell
narrow_x_category,random_forest_batch_balanced,3,281,3,weather,4,1.0,batch_class_cell
narrow_x_category,random_forest_batch_balanced,3,282,3,weather,12,1.0,batch_class_cell
narrow_x_category,random_forest_batch_balanced,3,286,3,weather,7,0.8571428571428571,batch_class_cell
narrow_x_category,random_forest_batch_balanced,3,299,3,weather,12,1.0,batch_class_cell
narrow_x_category,random_forest_batch_balanced,3,301,3,weather,7,1.0,batch_class_cell
narrow_x_category,random_forest_batch_balanced,3,305,3,weather,7,0.8571428571428571,batch_class_cell
narrow_x_category,random_forest_batch_balanced,3,316,3,weather,12,1.0,batch_class_cell
narrow_x_category,random_forest_batch_balanced,3,324,3,weather,12,1.0,batch_class_cell
narrow_x_category,random_forest_batch_balanced,3,379,3,weather,2,1.0,batch_class_cell
narrow_x_category,random_forest_batch_balanced,3,380,3,weather,3,1.0,batch_class_cell
narrow_x_category,random_forest_batch_balanced,3,384,3,weather,2,1.0,batch_class_cell
narrow_x_category,random_forest_batch_balanced,3,385,3,weather,2,0.5,batch_class_cell
narrow_x_category,random_forest_batch_balanced,3,386,3,weather,4,1.0,batch_class_cell
narrow_x_category,random_forest_batch_balanced,3,396,3,weather,1,1.0,batch_class_cell
narrow_x_category,random_forest_batch_balanced,3,398,3,weather,2,1.0,batch_class_cell
narrow_x_category,random_forest_batch_balanced,3,411,1,UAV,100,0.79,batch_class_cell
narrow_x_category,random_forest_batch_balanced,3,867,2,bird,111,0.5585585585585585,batch_class_cell
narrow_x_category,random_forest_batch_balanced,4,6,3,weather,10,1.0,batch_class_cell
narrow_x_category,random_forest_batch_balanced,4,8,3,weather,8,1.0,batch_class_cell
narrow_x_category,random_forest_batch_balanced,4,11,3,weather,30,0.9333333333333333,batch_class_cell
narrow_x_category,random_forest_batch_balanced,4,15,3,weather,27,0.7037037037037037,batch_class_cell
narrow_x_category,random_forest_batch_balanced,4,16,1,UAV,240,0.8833333333333333,batch_class_cell
narrow_x_category,random_forest_batch_balanced,4,16,3,weather,16,1.0,batch_class_cell
narrow_x_category,random_forest_batch_balanced,4,29,3,weather,8,1.0,batch_class_cell
narrow_x_category,random_forest_batch_balanced,4,32,1,UAV,148,0.8851351351351351,batch_class_cell
narrow_x_category,random_forest_batch_balanced,4,32,3,weather,28,0.6785714285714286,batch_class_cell
narrow_x_category,random_forest_batch_balanced,4,36,1,UAV,17,1.0,batch_class_cell
narrow_x_category,random_forest_batch_balanced,4,36,3,weather,20,0.8,batch_class_cell
narrow_x_category,random_forest_batch_balanced,4,42,1,UAV,6,1.0,batch_class_cell
narrow_x_category,random_forest_batch_balanced,4,42,3,weather,34,1.0,batch_class_cell
narrow_x_category,random_forest_batch_balanced,4,48,3,weather,33,0.9696969696969697,batch_class_cell
narrow_x_category,random_forest_batch_balanced,4,51,3,weather,32,0.8125,batch_class_cell
narrow_x_category,random_forest_batch_balanced,4,53,3,weather,15,0.9333333333333333,batch_class_cell
narrow_x_category,random_forest_batch_balanced,4,58,3,weather,15,1.0,batch_class_cell
narrow_x_category,random_forest_batch_balanced,4,61,3,weather,23,0.9130434782608695,batch_class_cell
narrow_x_category,random_forest_batch_balanced,4,71,3,weather,23,0.7391304347826086,batch_class_cell
narrow_x_category,random_forest_batch_balanced,4,72,3,weather,27,0.9259259259259259,batch_class_cell
narrow_x_category,random_forest_batch_balanced,4,73,3,weather,29,0.8620689655172413,batch_class_cell
narrow_x_category,random_forest_batch_balanced,4,75,3,weather,19,0.8947368421052632,batch_class_cell
narrow_x_category,random_forest_batch_balanced,4,76,3,weather,15,0.9333333333333333,batch_class_cell
narrow_x_category,random_forest_batch_balanced,4,79,3,weather,27,0.8518518518518519,batch_class_cell
narrow_x_category,random_forest_batch_balanced,4,82,3,weather,27,0.9629629629629629,batch_class_cell
narrow_x_category,random_forest_batch_balanced,4,87,3,weather,23,0.8260869565217391,batch_class_cell
narrow_x_category,random_forest_batch_balanced,4,89,3,weather,15,1.0,batch_class_cell
narrow_x_category,random_forest_batch_balanced,4,97,3,weather,8,0.625,batch_class_cell
narrow_x_category,random_forest_batch_balanced,4,101,3,weather,15,0.8,batch_class_cell
narrow_x_category,random_forest_batch_balanced,4,102,3,weather,11,0.9090909090909091,batch_class_cell
narrow_x_category,random_forest_batch_balanced,4,110,3,weather,14,1.0,batch_class_cell
narrow_x_category,random_forest_batch_balanced,4,120,3,weather,23,1.0,batch_class_cell
narrow_x_category,random_forest_batch_balanced,4,126,3,weather,19,1.0,batch_class_cell
narrow_x_category,random_forest_batch_balanced,4,132,3,weather,23,0.9565217391304348,batch_class_cell
narrow_x_category,random_forest_batch_balanced,4,133,3,weather,27,0.7777777777777778,batch_class_cell
narrow_x_category,random_forest_batch_balanced,4,137,3,weather,31,0.8387096774193549,batch_class_cell
narrow_x_category,random_forest_batch_balanced,4,145,3,weather,15,1.0,batch_class_cell
narrow_x_category,random_forest_batch_balanced,4,147,3,weather,15,0.8,batch_class_cell
narrow_x_category,random_forest_batch_balanced,4,148,2,bird,248,0.3064516129032258,batch_class_cell
narrow_x_category,random_forest_batch_balanced,4,148,3,weather,19,1.0,batch_class_cell
narrow_x_category,random_forest_batch_balanced,4,149,3,weather,33,0.7878787878787878,batch_class_cell
narrow_x_category,random_forest_batch_balanced,4,153,3,weather,8,0.875,batch_class_cell
narrow_x_category,random_forest_batch_balanced,4,157,3,weather,19,0.9473684210526315,batch_class_cell
narrow_x_category,random_forest_batch_balanced,4,165,3,weather,8,0.375,batch_class_cell
narrow_x_category,random_forest_batch_balanced,4,182,3,weather,23,0.8260869565217391,batch_class_cell
narrow_x_category,random_forest_batch_balanced,4,183,3,weather,14,0.9285714285714286,batch_class_cell
narrow_x_category,random_forest_batch_balanced,4,185,3,weather,25,0.96,batch_class_cell
narrow_x_category,random_forest_batch_balanced,4,194,3,weather,8,0.875,batch_class_cell
narrow_x_category,random_forest_batch_balanced,4,207,3,weather,8,0.375,batch_class_cell
narrow_x_category,random_forest_batch_balanced,4,213,3,weather,28,0.8928571428571429,batch_class_cell
narrow_x_category,random_forest_batch_balanced,4,225,3,weather,23,0.9130434782608695,batch_class_cell
narrow_x_category,random_forest_batch_balanced,4,227,3,weather,19,1.0,batch_class_cell
narrow_x_category,random_forest_batch_balanced,4,228,3,weather,28,0.9642857142857143,batch_class_cell
narrow_x_category,random_forest_batch_balanced,4,233,3,weather,8,0.875,batch_class_cell
narrow_x_category,random_forest_batch_balanced,4,235,3,weather,8,1.0,batch_class_cell
narrow_x_category,random_forest_batch_balanced,4,239,3,weather,8,1.0,batch_class_cell
narrow_x_category,random_forest_batch_balanced,4,248,3,weather,4,1.0,batch_class_cell
narrow_x_category,random_forest_batch_balanced,4,252,3,weather,8,1.0,batch_class_cell
narrow_x_category,random_forest_batch_balanced,4,255,3,weather,8,1.0,batch_class_cell
narrow_x_category,random_forest_batch_balanced,4,258,3,weather,15,0.9333333333333333,batch_class_cell
narrow_x_category,random_forest_batch_balanced,4,260,3,weather,11,0.9090909090909091,batch_class_cell
narrow_x_category,random_forest_batch_balanced,4,287,3,weather,8,1.0,batch_class_cell
narrow_x_category,random_forest_batch_balanced,4,288,3,weather,8,0.875,batch_class_cell
narrow_x_category,random_forest_batch_balanced,4,291,3,weather,8,0.875,batch_class_cell
narrow_x_category,random_forest_batch_balanced,4,292,1,UAV,22,0.9545454545454546,batch_class_cell
narrow_x_category,random_forest_batch_balanced,4,292,3,weather,4,1.0,batch_class_cell
narrow_x_category,random_forest_batch_balanced,4,293,3,weather,8,1.0,batch_class_cell
narrow_x_category,random_forest_batch_balanced,4,294,3,weather,8,1.0,batch_class_cell
narrow_x_category,random_forest_batch_balanced,4,297,3,weather,8,1.0,batch_class_cell
narrow_x_category,random_forest_batch_balanced,4,300,3,weather,4,0.5,batch_class_cell
narrow_x_category,random_forest_batch_balanced,4,309,3,weather,8,0.875,batch_class_cell
narrow_x_category,random_forest_batch_balanced,4,319,3,weather,4,1.0,batch_class_cell
narrow_x_category,random_forest_batch_balanced,4,326,3,weather,1,0.0,batch_class_cell
narrow_x_category,random_forest_batch_balanced,4,378,3,weather,1,1.0,batch_class_cell
narrow_x_category,random_forest_batch_balanced,4,381,3,weather,2,1.0,batch_class_cell
narrow_x_category,random_forest_batch_balanced,4,394,3,weather,4,1.0,batch_class_cell
narrow_x_category,random_forest_batch_balanced,4,401,3,weather,1,0.0,batch_class_cell
narrow_x_category,random_forest_batch_balanced,4,410,3,weather,1,1.0,batch_class_cell
narrow_x_category,random_forest_batch_balanced,5,7,3,weather,14,1.0,batch_class_cell
narrow_x_category,random_forest_batch_balanced,5,14,1,UAV,36,1.0,batch_class_cell
narrow_x_category,random_forest_batch_balanced,5,14,3,weather,17,1.0,batch_class_cell
narrow_x_category,random_forest_batch_balanced,5,30,3,weather,19,0.9473684210526315,batch_class_cell
narrow_x_category,random_forest_batch_balanced,5,38,3,weather,20,0.95,batch_class_cell
narrow_x_category,random_forest_batch_balanced,5,43,3,weather,18,0.8888888888888888,batch_class_cell
narrow_x_category,random_forest_batch_balanced,5,45,3,weather,42,0.8571428571428571,batch_class_cell
narrow_x_category,random_forest_batch_balanced,5,55,3,weather,37,0.972972972972973,batch_class_cell
narrow_x_category,random_forest_batch_balanced,5,63,3,weather,43,0.813953488372093,batch_class_cell
narrow_x_category,random_forest_batch_balanced,5,65,3,weather,38,0.7631578947368421,batch_class_cell
narrow_x_category,random_forest_batch_balanced,5,74,3,weather,28,0.9285714285714286,batch_class_cell
narrow_x_category,random_forest_batch_balanced,5,86,3,weather,20,0.85,batch_class_cell
narrow_x_category,random_forest_batch_balanced,5,99,3,weather,20,0.85,batch_class_cell
narrow_x_category,random_forest_batch_balanced,5,100,3,weather,7,1.0,batch_class_cell
narrow_x_category,random_forest_batch_balanced,5,106,1,UAV,81,1.0,batch_class_cell
narrow_x_category,random_forest_batch_balanced,5,106,3,weather,20,0.75,batch_class_cell
narrow_x_category,random_forest_batch_balanced,5,107,3,weather,18,0.9444444444444444,batch_class_cell
narrow_x_category,random_forest_batch_balanced,5,112,3,weather,20,0.9,batch_class_cell
narrow_x_category,random_forest_batch_balanced,5,113,3,weather,20,0.45,batch_class_cell
narrow_x_category,random_forest_batch_balanced,5,116,3,weather,20,0.75,batch_class_cell
narrow_x_category,random_forest_batch_balanced,5,117,3,weather,20,0.75,batch_class_cell
narrow_x_category,random_forest_batch_balanced,5,134,1,UAV,283,0.5618374558303887,batch_class_cell
narrow_x_category,random_forest_batch_balanced,5,134,3,weather,15,1.0,batch_class_cell
narrow_x_category,random_forest_batch_balanced,5,150,3,weather,26,0.9615384615384616,batch_class_cell
narrow_x_category,random_forest_batch_balanced,5,154,3,weather,7,1.0,batch_class_cell
narrow_x_category,random_forest_batch_balanced,5,155,3,weather,10,0.7,batch_class_cell
narrow_x_category,random_forest_batch_balanced,5,156,3,weather,15,0.7333333333333333,batch_class_cell
narrow_x_category,random_forest_batch_balanced,5,173,3,weather,15,0.8,batch_class_cell
narrow_x_category,random_forest_batch_balanced,5,174,3,weather,23,0.9565217391304348,batch_class_cell
narrow_x_category,random_forest_batch_balanced,5,180,3,weather,20,0.8,batch_class_cell
narrow_x_category,random_forest_batch_balanced,5,190,3,weather,20,0.95,batch_class_cell
narrow_x_category,random_forest_batch_balanced,5,192,3,weather,10,0.6,batch_class_cell
narrow_x_category,random_forest_batch_balanced,5,193,3,weather,6,1.0,batch_class_cell
narrow_x_category,random_forest_batch_balanced,5,196,3,weather,15,0.7333333333333333,batch_class_cell
narrow_x_category,random_forest_batch_balanced,5,197,3,weather,19,1.0,batch_class_cell
narrow_x_category,random_forest_batch_balanced,5,201,3,weather,20,0.95,batch_class_cell
narrow_x_category,random_forest_batch_balanced,5,202,1,UAV,12,0.8333333333333334,batch_class_cell
narrow_x_category,random_forest_batch_balanced,5,202,3,weather,20,0.55,batch_class_cell
narrow_x_category,random_forest_batch_balanced,5,203,3,weather,20,0.95,batch_class_cell
narrow_x_category,random_forest_batch_balanced,5,209,3,weather,16,1.0,batch_class_cell
narrow_x_category,random_forest_batch_balanced,5,214,3,weather,16,0.5625,batch_class_cell
narrow_x_category,random_forest_batch_balanced,5,215,3,weather,16,0.75,batch_class_cell
narrow_x_category,random_forest_batch_balanced,5,216,3,weather,20,0.95,batch_class_cell
narrow_x_category,random_forest_batch_balanced,5,222,3,weather,20,0.95,batch_class_cell
narrow_x_category,random_forest_batch_balanced,5,226,3,weather,15,0.5333333333333333,batch_class_cell
narrow_x_category,random_forest_batch_balanced,5,229,3,weather,16,0.8125,batch_class_cell
narrow_x_category,random_forest_batch_balanced,5,230,3,weather,16,0.75,batch_class_cell
narrow_x_category,random_forest_batch_balanced,5,231,3,weather,15,1.0,batch_class_cell
narrow_x_category,random_forest_batch_balanced,5,247,2,bird,232,0.7198275862068966,batch_class_cell
narrow_x_category,random_forest_batch_balanced,5,247,3,weather,8,1.0,batch_class_cell
narrow_x_category,random_forest_batch_balanced,5,251,3,weather,16,0.9375,batch_class_cell
narrow_x_category,random_forest_batch_balanced,5,253,3,weather,16,0.9375,batch_class_cell
narrow_x_category,random_forest_batch_balanced,5,254,3,weather,16,0.875,batch_class_cell
narrow_x_category,random_forest_batch_balanced,5,256,3,weather,20,0.75,batch_class_cell
narrow_x_category,random_forest_batch_balanced,5,259,3,weather,11,1.0,batch_class_cell
narrow_x_category,random_forest_batch_balanced,5,261,3,weather,16,1.0,batch_class_cell
narrow_x_category,random_forest_batch_balanced,5,272,3,weather,20,1.0,batch_class_cell
narrow_x_category,random_forest_batch_balanced,5,273,3,weather,16,0.8125,batch_class_cell
narrow_x_category,random_forest_batch_balanced,5,276,3,weather,4,0.5,batch_class_cell
narrow_x_category,random_forest_batch_balanced,5,285,3,weather,4,1.0,batch_class_cell
narrow_x_category,random_forest_batch_balanced,5,289,3,weather,16,0.875,batch_class_cell
narrow_x_category,random_forest_batch_balanced,5,290,3,weather,16,0.8125,batch_class_cell
narrow_x_category,random_forest_batch_balanced,5,295,3,weather,4,1.0,batch_class_cell
narrow_x_category,random_forest_batch_balanced,5,296,3,weather,4,0.75,batch_class_cell
narrow_x_category,random_forest_batch_balanced,5,302,3,weather,8,0.875,batch_class_cell
narrow_x_category,random_forest_batch_balanced,5,306,3,weather,16,0.875,batch_class_cell
narrow_x_category,random_forest_batch_balanced,5,307,3,weather,8,1.0,batch_class_cell
narrow_x_category,random_forest_batch_balanced,5,312,3,weather,8,0.75,batch_class_cell
narrow_x_category,random_forest_batch_balanced,5,313,3,weather,8,1.0,batch_class_cell
narrow_x_category,random_forest_batch_balanced,5,315,3,weather,7,1.0,batch_class_cell
narrow_x_category,random_forest_batch_balanced,5,329,3,weather,4,0.5,batch_class_cell
narrow_x_category,random_forest_batch_balanced,5,331,3,weather,4,1.0,batch_class_cell
narrow_x_category,random_forest_batch_balanced,5,333,3,weather,4,1.0,batch_class_cell
narrow_x_category,random_forest_batch_balanced,5,338,3,weather,4,1.0,batch_class_cell
narrow_x_category,random_forest_batch_balanced,5,346,3,weather,4,0.5,batch_class_cell
narrow_x_category,random_forest_batch_balanced,5,377,3,weather,2,1.0,batch_class_cell
narrow_x_category,random_forest_batch_balanced,5,441,1,UAV,22,1.0,batch_class_cell
narrow_x_category,random_forest_batch_balanced,5,469,2,bird,16,0.8125,batch_class_cell
