fold,split,sample_id,scan_group,target_present,mat_path,bc_raw_score,bc_score,bc_p_background,bc_suppression,bc_detected,bc_false_alarm,bc_correct,roi_base_raw_score,roi_base_score,roi_base_suppression,roi_base_detected,roi_base_false_alarm,roi_base_correct,roi_power_raw_score,roi_power_score,roi_power_suppression,roi_power_detected,roi_power_false_alarm,roi_power_correct,roi_ri4_raw_score,roi_ri4_score,roi_ri4_suppression,roi_ri4_detected,roi_ri4_false_alarm,roi_ri4_correct,bc_score_drop,roi_power_score_drop,roi_ri4_score_drop,fa_bc_only_vs_power,fa_power_only_vs_bc,target_bc_only_vs_power,target_power_only_vs_bc,fa_bc_only_vs_ri4,fa_ri4_only_vs_bc,target_bc_only_vs_ri4,target_ri4_only_vs_bc
1,test,20260204_100739_beam1_az001,20260204_100739,0,/home/tobeornot8259748/projects/balloon_radar_project/data/raw/detection_dataset/test/Background_IQ/IQ_Data/20260204_100739_beam1_az001.mat,0.4600463211536407,0.3382717370986938,0.7725348472595215,0.6612635850906372,True,True,False,0.53028756,0.53028756,0.0,True,True,False,0.53028756,0.029430997,3.617133,False,False,False,0.53028756,0.02122469,3.9524357,False,False,False,0.1217745840549469,0.500856563,0.50906287,True,False,False,False,True,False,False,False
1,test,20260204_100739_beam1_az010,20260204_100739,0,/home/tobeornot8259748/projects/balloon_radar_project/data/raw/detection_dataset/train/Background_IQ/IQ_Data/20260204_100739_beam1_az010.mat,0.3046619594097137,0.2636243999004364,0.7727473378181458,0.2614303827285766,False,False,False,0.7913958,0.7913958,0.0,True,True,False,0.7913958,0.790201,0.007222205,True,True,False,0.7913958,0.7037282,0.4682446,True,True,False,0.04103755950927729,0.0011947999999999404,0.08766759999999996,False,True,False,False,False,True,False,False
1,test,20260204_100739_beam1_az019,20260204_100739,0,/home/tobeornot8259748/projects/balloon_radar_project/data/raw/detection_dataset/val/Background_IQ/IQ_Data/20260204_100739_beam1_az019.mat,0.2233770787715912,0.2001912295818328,0.7722374200820923,0.1800040155649185,False,False,False,0.5431158,0.5431158,0.0,True,True,False,0.5431158,0.027792593,3.7276921,False,False,False,0.5431158,0.17916851,1.6948837,False,False,False,0.023185849189758384,0.515323207,0.36394729000000003,False,False,False,False,False,False,False,False
1,test,20260204_100739_beam1_az028,20260204_100739,0,/home/tobeornot8259748/projects/balloon_radar_project/data/raw/detection_dataset/test/Background_IQ/IQ_Data/20260204_100739_beam1_az028.mat,0.3544330596923828,0.2981955707073211,0.7723275423049927,0.3318487107753753,False,False,False,0.683804,0.683804,0.0,True,True,False,0.683804,0.648138,0.16044465,True,True,False,0.683804,0.66617364,0.0803797,True,True,False,0.0562374889850617,0.035665999999999976,0.017630359999999956,False,True,False,False,False,True,False,False
1,test,20260204_100739_beam1_az037,20260204_100739,0,/home/tobeornot8259748/projects/balloon_radar_project/data/raw/detection_dataset/train/Background_IQ/IQ_Data/20260204_100739_beam1_az037.mat,0.3376401662826538,0.2918536365032196,0.7721779346466064,0.2752866148948669,False,False,False,0.95457655,0.95457655,0.0,True,True,False,0.95457655,0.9533353,0.028260436,True,True,False,0.95457655,0.9545015,0.001730614,True,True,False,0.045786529779434204,0.0012412499999999715,7.504999999996542e-05,False,True,False,False,False,True,False,False
1,test,20260204_100739_beam1_az046,20260204_100739,0,/home/tobeornot8259748/projects/balloon_radar_project/data/raw/detection_dataset/train/Background_IQ/IQ_Data/20260204_100739_beam1_az046.mat,0.6511330604553223,0.28379887342453,0.7723479866981506,2.006503105163574,False,False,False,0.7589955,0.7589955,0.0,True,True,False,0.7589955,0.75888383,0.0006102951,True,True,False,0.7589955,0.7557841,0.017477185,True,True,False,0.3673341870307923,0.00011167000000000815,0.0032114000000000864,False,True,False,False,False,True,False,False
1,test,20260204_100739_beam1_az055,20260204_100739,0,/home/tobeornot8259748/projects/balloon_radar_project/data/raw/detection_dataset/train/Background_IQ/IQ_Data/20260204_100739_beam1_az055.mat,0.2002447098493576,0.1796547770500183,0.7723729014396667,0.1733910143375396,False,False,False,0.81681496,0.81681496,0.0,True,True,False,0.81681496,0.0037403924,7.079733,False,False,False,0.81681496,0.024728665,5.169668,False,False,False,0.020589932799339294,0.8130745676,0.7920862949999999,False,False,False,False,False,False,False,False
1,test,20260204_100739_beam1_az064,20260204_100739,0,/home/tobeornot8259748/projects/balloon_radar_project/data/raw/detection_dataset/val/Background_IQ/IQ_Data/20260204_100739_beam1_az064.mat,0.7120319604873657,0.2921781837940216,0.7707667946815491,2.322494983673096,False,False,False,0.46979097,0.46979097,0.0,True,True,False,0.46979097,0.3813224,0.3629556,True,True,False,0.46979097,0.011604753,4.3236847,False,False,False,0.4198537766933441,0.08846856999999997,0.45818621699999995,False,True,False,False,False,False,False,False
1,test,20260204_100739_beam1_az073,20260204_100739,0,/home/tobeornot8259748/projects/balloon_radar_project/data/raw/detection_dataset/train/Background_IQ/IQ_Data/20260204_100739_beam1_az073.mat,0.3919876515865326,0.3201662898063659,0.7723882794380188,0.4065867066383362,False,False,False,0.88241726,0.88241726,0.0,True,True,False,0.88241726,0.88111734,0.012469564,True,True,False,0.88241726,0.8822033,0.0020615929,True,True,False,0.07182136178016668,0.00129992000000001,0.00021395999999995752,False,True,False,False,False,True,False,False
1,test,20260204_100739_beam1_az082,20260204_100739,0,/home/tobeornot8259748/projects/balloon_radar_project/data/raw/detection_dataset/train/Background_IQ/IQ_Data/20260204_100739_beam1_az082.mat,0.3409239053726196,0.2903647124767303,0.7726426720619202,0.3034180402755737,False,False,False,0.61463404,0.61463404,0.0,True,True,False,0.61463404,0.014657861,4.6748457,False,False,False,0.61463404,0.55491525,0.24628295,True,True,False,0.05055919289588928,0.599976179,0.05971879000000002,False,False,False,False,False,True,False,False
1,test,20260204_100739_beam1_az091,20260204_100739,0,/home/tobeornot8259748/projects/balloon_radar_project/data/raw/detection_dataset/train/Background_IQ/IQ_Data/20260204_100739_beam1_az091.mat,0.4822919368743896,0.357304036617279,0.7725949287414551,0.6681674718856812,True,True,False,0.47258103,0.47258103,0.0,True,True,False,0.47258103,0.3208581,0.64004505,True,True,False,0.47258103,0.1933424,1.3186505,True,True,False,0.1249879002571106,0.15172293000000003,0.27923863000000004,False,False,False,False,False,False,False,False
1,test,20260204_100739_beam1_az100,20260204_100739,0,/home/tobeornot8259748/projects/balloon_radar_project/data/raw/detection_dataset/test/Background_IQ/IQ_Data/20260204_100739_beam1_az100.mat,0.1673547178506851,0.1521304249763488,0.7723338007926941,0.1469525843858719,False,False,False,0.79312813,0.79312813,0.0,True,True,False,0.79312813,0.027599562,4.9058533,False,False,False,0.79312813,0.65193427,0.716333,True,True,False,0.015224292874336298,0.765528568,0.14119386,False,False,False,False,False,True,False,False
1,test,20260204_100739_beam1_az109,20260204_100739,0,/home/tobeornot8259748/projects/balloon_radar_project/data/raw/detection_dataset/train/Background_IQ/IQ_Data/20260204_100739_beam1_az109.mat,0.8707072734832764,0.4788007438182831,0.7681885361671448,2.593210220336914,True,True,False,0.698286,0.698286,0.0,True,True,False,0.698286,0.664025,0.15786596,True,True,False,0.698286,0.043375887,3.932656,False,False,False,0.3919065296649933,0.034260999999999986,0.6549101129999999,False,False,False,False,True,False,False,False
1,test,20260204_100739_beam1_az118,20260204_100739,0,/home/tobeornot8259748/projects/balloon_radar_project/data/raw/detection_dataset/train/Background_IQ/IQ_Data/20260204_100739_beam1_az118.mat,0.3487560451030731,0.2980265319347381,0.7725055813789368,0.3005822300910949,False,False,False,0.66327876,0.66327876,0.0,True,True,False,0.66327876,0.038627394,3.8923402,False,False,False,0.66327876,0.010352179,5.238092,False,False,False,0.050729513168335016,0.6246513659999999,0.652926581,False,False,False,False,False,False,False,False
1,test,20260204_100739_beam1_az127,20260204_100739,0,/home/tobeornot8259748/projects/balloon_radar_project/data/raw/detection_dataset/train/Background_IQ/IQ_Data/20260204_100739_beam1_az127.mat,0.3358952403068542,0.2830167114734649,0.7719191312789917,0.321155309677124,False,False,False,0.7803134,0.7803134,0.0,True,True,False,0.7803134,0.7606783,0.111091666,True,True,False,0.7803134,0.6724941,0.548006,True,True,False,0.05287852883338928,0.019635100000000016,0.10781930000000006,False,True,False,False,False,True,False,False
1,test,20260204_100739_beam1_az136,20260204_100739,0,/home/tobeornot8259748/projects/balloon_radar_project/data/raw/detection_dataset/val/Background_IQ/IQ_Data/20260204_100739_beam1_az136.mat,0.321673035621643,0.2763955891132355,0.7725815176963806,0.2799936830997467,False,False,False,0.26960582,0.26960582,0.0,True,True,False,0.26960582,0.13026075,0.9020317,False,False,False,0.26960582,0.02765719,2.5631993,False,False,False,0.04527744650840754,0.13934507,0.24194863,False,False,False,False,False,False,False,False
1,test,20260204_100739_beam1_az145,20260204_100739,0,/home/tobeornot8259748/projects/balloon_radar_project/data/raw/detection_dataset/train/Background_IQ/IQ_Data/20260204_100739_beam1_az145.mat,0.2802222669124603,0.2458479404449463,0.7722477316856384,0.2298762500286102,False,False,False,0.537281,0.537281,0.0,True,True,False,0.537281,0.10997856,2.2403617,False,False,False,0.537281,0.011984693,4.561469,False,False,False,0.03437432646751404,0.42730244,0.525296307,False,False,False,False,False,False,False,False
1,test,20260204_100739_beam1_az154,20260204_100739,0,/home/tobeornot8259748/projects/balloon_radar_project/data/raw/detection_dataset/train/Background_IQ/IQ_Data/20260204_100739_beam1_az154.mat,0.2488991469144821,0.2203216850757599,0.7725669145584106,0.2061963826417923,False,False,False,0.91008765,0.91008765,0.0,True,True,False,0.91008765,0.90972364,0.004440446,True,True,False,0.91008765,0.8827446,0.296024,True,True,False,0.0285774618387222,0.0003640100000000812,0.027343050000000035,False,True,False,False,False,True,False,False
1,test,20260204_100739_beam1_az163,20260204_100739,0,/home/tobeornot8259748/projects/balloon_radar_project/data/raw/detection_dataset/train/Background_IQ/IQ_Data/20260204_100739_beam1_az163.mat,0.2786492109298706,0.2418234050273895,0.7716893553733826,0.248204693198204,False,False,False,0.72449744,0.72449744,0.0,True,True,False,0.72449744,0.33407906,1.6566745,True,True,False,0.72449744,0.7207066,0.01891207,True,True,False,0.03682580590248111,0.39041838000000006,0.003790840000000073,False,True,False,False,False,True,False,False
1,test,20260204_100739_beam1_az172,20260204_100739,0,/home/tobeornot8259748/projects/balloon_radar_project/data/raw/detection_dataset/test/Background_IQ/IQ_Data/20260204_100739_beam1_az172.mat,0.3098584115505218,0.2673803865909576,0.7726154923439026,0.2681450247764587,False,False,False,0.63251287,0.63251287,0.0,True,True,False,0.63251287,0.10044877,2.7352602,False,False,False,0.63251287,0.048322484,3.5233414,False,False,False,0.04247802495956421,0.5320641,0.584190386,False,False,False,False,False,False,False,False
1,test,20260204_100739_beam1_az181,20260204_100739,0,/home/tobeornot8259748/projects/balloon_radar_project/data/raw/detection_dataset/train/Background_IQ/IQ_Data/20260204_100739_beam1_az181.mat,0.2140335887670517,0.1913134604692459,0.7722145915031433,0.1822248995304107,False,False,False,0.76240885,0.76240885,0.0,True,True,False,0.76240885,0.036605764,4.4361887,False,False,False,0.76240885,0.007676547,6.027811,False,False,False,0.022720128297805786,0.725803086,0.754732303,False,False,False,False,False,False,False,False
1,test,20260204_100739_beam1_az190,20260204_100739,0,/home/tobeornot8259748/projects/balloon_radar_project/data/raw/detection_dataset/val/Background_IQ/IQ_Data/20260204_100739_beam1_az190.mat,0.5624168515205383,0.3404695093631744,0.7725722193717957,1.1807042360305786,True,True,False,0.84313583,0.84313583,0.0,True,True,False,0.84313583,0.10287603,3.8474176,False,False,False,0.84313583,0.843035,0.00076282816,True,True,False,0.22194734215736395,0.7402598,0.00010083000000005171,True,False,False,False,False,False,False,False
1,test,20260204_100739_beam1_az199,20260204_100739,0,/home/tobeornot8259748/projects/balloon_radar_project/data/raw/detection_dataset/train/Background_IQ/IQ_Data/20260204_100739_beam1_az199.mat,0.3789760768413543,0.3113997280597687,0.7727023959159851,0.3878428339958191,False,False,False,0.74280655,0.74280655,0.0,True,True,False,0.74280655,0.19087423,2.504947,True,True,False,0.74280655,0.73368055,0.047230173,True,True,False,0.06757634878158564,0.5519323199999999,0.009125999999999967,False,True,False,False,False,True,False,False
1,test,20260204_100739_beam1_az208,20260204_100739,0,/home/tobeornot8259748/projects/balloon_radar_project/data/raw/detection_dataset/train/Background_IQ/IQ_Data/20260204_100739_beam1_az208.mat,0.2298808097839355,0.2049672156572342,0.7722592949867249,0.189766526222229,False,False,False,0.88680196,0.88680196,0.0,True,True,False,0.88680196,0.08212418,4.472312,False,False,False,0.88680196,0.87665784,0.09732794,True,True,False,0.0249135941267013,0.80467778,0.010144119999999979,False,False,False,False,False,True,False,False
1,test,20260204_100739_beam1_az217,20260204_100739,0,/home/tobeornot8259748/projects/balloon_radar_project/data/raw/detection_dataset/train/Background_IQ/IQ_Data/20260204_100739_beam1_az217.mat,0.3056973218917846,0.264942854642868,0.7727018594741821,0.2589893341064453,False,False,False,0.7806567,0.7806567,0.0,True,True,False,0.7806567,0.4022196,1.6657226,True,True,False,0.7806567,0.70377815,0.404143,True,True,False,0.040754467248916626,0.37843709999999997,0.07687854999999999,False,True,False,False,False,True,False,False
1,test,20260204_100739_beam1_az226,20260204_100739,0,/home/tobeornot8259748/projects/balloon_radar_project/data/raw/detection_dataset/train/Background_IQ/IQ_Data/20260204_100739_beam1_az226.mat,0.5191556811332703,0.3496448397636413,0.770997166633606,0.9043623208999634,True,True,False,0.7813645,0.7813645,0.0,True,True,False,0.7813645,0.07341826,3.8089652,False,False,False,0.7813645,0.7813312,0.00019485166,True,True,False,0.16951084136962896,0.7079462400000001,3.3300000000013874e-05,True,False,False,False,False,False,False,False
1,test,20260204_100739_beam1_az235,20260204_100739,0,/home/tobeornot8259748/projects/balloon_radar_project/data/raw/detection_dataset/train/Background_IQ/IQ_Data/20260204_100739_beam1_az235.mat,0.7595822811126709,0.3229845464229584,0.7714002728462219,2.4507124423980717,False,False,False,0.5304125,0.5304125,0.0,True,True,False,0.5304125,0.5209101,0.038111206,True,True,False,0.5304125,0.13105759,2.0134401,False,False,False,0.4365977346897125,0.009502399999999911,0.39935490999999995,False,True,False,False,False,False,False,False
1,test,20260204_100739_beam1_az244,20260204_100739,0,/home/tobeornot8259748/projects/balloon_radar_project/data/raw/detection_dataset/train/Background_IQ/IQ_Data/20260204_100739_beam1_az244.mat,0.9486324787139891,0.7564440369606018,0.6880899667739868,2.59084415435791,True,True,False,0.9421471,0.9421471,0.0,True,True,False,0.9421471,0.94210684,0.0007367474,True,True,False,0.9421471,0.94213384,0.00024269406,True,True,False,0.19218844175338734,4.026000000001417e-05,1.3260000000014927e-05,False,False,False,False,False,False,False,False
1,test,20260204_100739_beam1_az253,20260204_100739,0,/home/tobeornot8259748/projects/balloon_radar_project/data/raw/detection_dataset/train/Background_IQ/IQ_Data/20260204_100739_beam1_az253.mat,0.1910256743431091,0.1718766838312149,0.7724304795265198,0.1670383363962173,False,False,False,0.8195115,0.8195115,0.0,True,True,False,0.8195115,0.003163909,7.265819,False,False,False,0.8195115,0.73874307,0.4735953,True,True,False,0.0191489905118942,0.816347591,0.08076843,False,False,False,False,False,True,False,False
1,test,20260204_100739_beam1_az262,20260204_100739,0,/home/tobeornot8259748/projects/balloon_radar_project/data/raw/detection_dataset/train/Background_IQ/IQ_Data/20260204_100739_beam1_az262.mat,0.1253863126039505,0.11520966142416,0.7721485495567322,0.1246059834957122,False,False,False,0.6674343,0.6674343,0.0,True,True,False,0.6674343,0.004114149,6.185804,False,False,False,0.6674343,0.31004566,1.4965092,True,True,False,0.010176651179790497,0.6633201510000001,0.35738864000000004,False,False,False,False,False,True,False,False
1,test,20260204_100739_beam2_az001,20260204_100739,0,/home/tobeornot8259748/projects/balloon_radar_project/data/raw/detection_dataset/train/Background_IQ/IQ_Data/20260204_100739_beam2_az001.mat,0.4353613257408142,0.3444194197654724,0.7721872925758362,0.4968371093273163,True,True,False,0.6711391,0.6711391,0.0,True,True,False,0.6711391,0.59950763,0.3099277,True,True,False,0.6711391,0.2970682,1.5746398,True,True,False,0.0909419059753418,0.07163147000000003,0.3740709,False,False,False,False,False,False,False,False
1,test,20260204_100739_beam2_az010,20260204_100739,0,/home/tobeornot8259748/projects/balloon_radar_project/data/raw/detection_dataset/train/Background_IQ/IQ_Data/20260204_100739_beam2_az010.mat,0.297265887260437,0.2589581310749054,0.7724928259849548,0.2473021149635315,False,False,False,0.6903873,0.6903873,0.0,True,True,False,0.6903873,0.09077315,3.1061618,False,False,False,0.6903873,0.5820491,0.4707398,True,True,False,0.038307756185531616,0.5996141500000001,0.10833820000000005,False,False,False,False,False,True,False,False
1,test,20260204_100739_beam2_az019,20260204_100739,0,/home/tobeornot8259748/projects/balloon_radar_project/data/raw/detection_dataset/test/Background_IQ/IQ_Data/20260204_100739_beam2_az019.mat,0.7100254893302917,0.3890291750431061,0.7701643109321594,1.7488510608673096,True,True,False,0.61286885,0.61286885,0.0,True,True,False,0.61286885,0.6119548,0.0038508628,True,True,False,0.61286885,0.023003235,4.2082357,False,False,False,0.32099631428718567,0.0009140499999999996,0.589865615,False,False,False,False,True,False,False,False
1,test,20260204_100739_beam2_az028,20260204_100739,0,/home/tobeornot8259748/projects/balloon_radar_project/data/raw/detection_dataset/train/Background_IQ/IQ_Data/20260204_100739_beam2_az028.mat,0.3640989661216736,0.3068144619464874,0.7724626660346985,0.3332683444023132,False,False,False,0.81518793,0.81518793,0.0,True,True,False,0.81518793,0.471549,1.5980064,True,True,False,0.81518793,0.22133316,2.7419934,True,True,False,0.05728450417518616,0.34363893,0.59385477,False,True,False,False,False,True,False,False
1,test,20260204_100739_beam2_az037,20260204_100739,0,/home/tobeornot8259748/projects/balloon_radar_project/data/raw/detection_dataset/train/Background_IQ/IQ_Data/20260204_100739_beam2_az037.mat,0.5677568912506104,0.298143059015274,0.7709500193595886,1.4642468690872192,False,False,False,0.9531683,0.9531683,0.0,True,True,False,0.9531683,0.8958843,0.8609213,True,True,False,0.9531683,0.9531061,0.0013921709,True,True,False,0.26961383223533636,0.057284,6.220000000001225e-05,False,True,False,False,False,True,False,False
1,test,20260204_100739_beam2_az046,20260204_100739,0,/home/tobeornot8259748/projects/balloon_radar_project/data/raw/detection_dataset/train/Background_IQ/IQ_Data/20260204_100739_beam2_az046.mat,0.7999116778373718,0.3603134751319885,0.771797776222229,2.539196252822876,True,True,False,0.46914038,0.46914038,0.0,True,True,False,0.46914038,0.0070963977,4.8174505,False,False,False,0.46914038,0.015447823,4.031123,False,False,False,0.4395982027053833,0.46204398230000004,0.453692557,True,False,False,False,True,False,False,False
1,test,20260204_100739_beam2_az055,20260204_100739,0,/home/tobeornot8259748/projects/balloon_radar_project/data/raw/detection_dataset/train/Background_IQ/IQ_Data/20260204_100739_beam2_az055.mat,0.298491358757019,0.2578628063201904,0.7723985314369202,0.2623181343078613,False,False,False,0.80778474,0.80778474,0.0,True,True,False,0.80778474,0.034815963,4.7579226,False,False,False,0.80778474,0.37582955,1.9429678,True,True,False,0.04062855243682861,0.772968777,0.43195519,False,False,False,False,False,True,False,False
1,test,20260204_100739_beam2_az064,20260204_100739,0,/home/tobeornot8259748/projects/balloon_radar_project/data/raw/detection_dataset/train/Background_IQ/IQ_Data/20260204_100739_beam2_az064.mat,0.8187368512153625,0.3904548287391662,0.7713332772254944,2.532255887985229,True,True,False,0.5041408,0.5041408,0.0,True,True,False,0.5041408,0.4725895,0.12631562,True,True,False,0.5041408,0.0042425557,5.474901,False,False,False,0.42828202247619634,0.03155129999999995,0.49989824429999996,False,False,False,False,True,False,False,False
1,test,20260204_100739_beam2_az073,20260204_100739,0,/home/tobeornot8259748/projects/balloon_radar_project/data/raw/detection_dataset/train/Background_IQ/IQ_Data/20260204_100739_beam2_az073.mat,0.61503005027771,0.300544410943985,0.7723053693771362,1.7003800868988037,False,False,False,0.92432725,0.92432725,0.0,True,True,False,0.92432725,0.92432415,4.5082408e-05,True,True,False,0.92432725,0.9230859,0.017615482,True,True,False,0.314485639333725,3.1000000000336314e-06,0.00124135000000003,False,True,False,False,False,True,False,False
1,test,20260204_100739_beam2_az082,20260204_100739,0,/home/tobeornot8259748/projects/balloon_radar_project/data/raw/detection_dataset/train/Background_IQ/IQ_Data/20260204_100739_beam2_az082.mat,0.438725084066391,0.3499104678630829,0.7720801830291748,0.4832333326339721,True,True,False,0.928931,0.928931,0.0,True,True,False,0.928931,0.91252404,0.22553274,True,True,False,0.928931,0.9289252,8.712004e-05,True,True,False,0.0888146162033081,0.01640695999999997,5.799999999944738e-06,False,False,False,False,False,False,False,False
1,test,20260204_100739_beam2_az091,20260204_100739,0,/home/tobeornot8259748/projects/balloon_radar_project/data/raw/detection_dataset/train/Background_IQ/IQ_Data/20260204_100739_beam2_az091.mat,0.3319854736328125,0.282072365283966,0.7725942134857178,0.304152250289917,False,False,False,0.40981296,0.40981296,0.0,True,True,False,0.40981296,0.40341863,0.02650219,True,True,False,0.40981296,0.002612896,5.5799413,False,False,False,0.04991310834884649,0.006394330000000004,0.40720006400000003,False,True,False,False,False,False,False,False
1,test,20260204_100739_beam2_az100,20260204_100739,0,/home/tobeornot8259748/projects/balloon_radar_project/data/raw/detection_dataset/train/Background_IQ/IQ_Data/20260204_100739_beam2_az100.mat,0.1646507382392883,0.1491076350212097,0.7720134854316711,0.1523209065198898,False,False,False,0.8743427,0.8743427,0.0,True,True,False,0.8743427,0.096467346,4.1770215,False,False,False,0.8743427,0.8658141,0.07546935,True,True,False,0.015543103218078613,0.7778753540000001,0.008528599999999997,False,False,False,False,False,True,False,False
1,test,20260204_100739_beam2_az109,20260204_100739,0,/home/tobeornot8259748/projects/balloon_radar_project/data/raw/detection_dataset/train/Background_IQ/IQ_Data/20260204_100739_beam2_az109.mat,0.9100669622421264,0.5816379189491272,0.7689282894134521,2.5814530849456787,True,True,False,0.41998503,0.41998503,0.0,True,True,False,0.41998503,0.40888724,0.045732435,True,True,False,0.41998503,0.004566764,5.061538,False,False,False,0.32842904329299916,0.011097789999999996,0.415418266,False,False,False,False,True,False,False,False
1,test,20260204_100739_beam2_az118,20260204_100739,0,/home/tobeornot8259748/projects/balloon_radar_project/data/raw/detection_dataset/train/Background_IQ/IQ_Data/20260204_100739_beam2_az118.mat,0.3025971353054046,0.2623128592967987,0.772344172000885,0.2576842308044433,False,False,False,0.80349904,0.80349904,0.0,True,True,False,0.80349904,0.0068483553,6.3851833,False,False,False,0.80349904,0.031665914,4.8286448,False,False,False,0.0402842760086059,0.7966506847,0.7718331260000001,False,False,False,False,False,False,False,False
1,test,20260204_100739_beam2_az127,20260204_100739,0,/home/tobeornot8259748/projects/balloon_radar_project/data/raw/detection_dataset/train/Background_IQ/IQ_Data/20260204_100739_beam2_az127.mat,0.6127153038978577,0.3040993809700012,0.7700394988059998,1.670813798904419,False,False,False,0.27977672,0.27977672,0.0,True,True,False,0.27977672,0.002249573,5.1491933,False,False,False,0.27977672,0.06827161,1.6679778,False,False,False,0.30861592292785645,0.277527147,0.21150511,False,False,False,False,False,False,False,False
1,test,20260204_100739_beam2_az136,20260204_100739,0,/home/tobeornot8259748/projects/balloon_radar_project/data/raw/detection_dataset/train/Background_IQ/IQ_Data/20260204_100739_beam2_az136.mat,0.4750268757343292,0.347648561000824,0.7727693915367126,0.6850889921188354,True,True,False,0.63346565,0.63346565,0.0,True,True,False,0.63346565,0.25416207,1.6236495,True,True,False,0.63346565,0.6221492,0.04843272,True,True,False,0.12737831473350525,0.37930358,0.011316450000000033,False,False,False,False,False,False,False,False
1,test,20260204_100739_beam2_az145,20260204_100739,0,/home/tobeornot8259748/projects/balloon_radar_project/data/raw/detection_dataset/train/Background_IQ/IQ_Data/20260204_100739_beam2_az145.mat,0.3161580860614776,0.2720420062541961,0.7726311683654785,0.2754257321357727,False,False,False,0.44887364,0.44887364,0.0,True,True,False,0.44887364,0.36829603,0.3343111,True,True,False,0.44887364,0.018865053,3.746176,False,False,False,0.044116079807281494,0.08057761000000002,0.430008587,False,True,False,False,False,False,False,False
1,test,20260204_100739_beam2_az154,20260204_100739,0,/home/tobeornot8259748/projects/balloon_radar_project/data/raw/detection_dataset/train/Background_IQ/IQ_Data/20260204_100739_beam2_az154.mat,0.4643853604793548,0.3560072779655456,0.7719494700431824,0.5829863548278809,True,True,False,0.74076563,0.74076563,0.0,True,True,False,0.74076563,0.20671616,2.3947861,True,True,False,0.74076563,0.7132218,0.13886835,True,True,False,0.1083780825138092,0.5340494699999999,0.027543829999999936,False,False,False,False,False,False,False,False
1,test,20260204_100739_beam2_az163,20260204_100739,0,/home/tobeornot8259748/projects/balloon_radar_project/data/raw/detection_dataset/test/Background_IQ/IQ_Data/20260204_100739_beam2_az163.mat,0.4324229061603546,0.3301081359386444,0.7723631262779236,0.564143180847168,False,False,False,0.97041804,0.97041804,0.0,True,True,False,0.97041804,0.9703776,0.0014046341,True,True,False,0.97041804,0.97041804,8.2627814e-08,True,True,False,0.1023147702217102,4.044000000003045e-05,0.0,False,True,False,False,False,True,False,False
1,test,20260204_100739_beam2_az172,20260204_100739,0,/home/tobeornot8259748/projects/balloon_radar_project/data/raw/detection_dataset/train/Background_IQ/IQ_Data/20260204_100739_beam2_az172.mat,0.3186971843242645,0.2741676568984985,0.7726010680198669,0.2767451405525207,False,False,False,0.7418608,0.7418608,0.0,True,True,False,0.7418608,0.73484445,0.03632033,True,True,False,0.7418608,0.23680386,2.2259455,True,True,False,0.04452952742576605,0.0070163500000000045,0.50505694,False,True,False,False,False,True,False,False
1,test,20260204_100739_beam2_az181,20260204_100739,0,/home/tobeornot8259748/projects/balloon_radar_project/data/raw/detection_dataset/train/Background_IQ/IQ_Data/20260204_100739_beam2_az181.mat,0.196363478899002,0.1766211837530136,0.7725207805633545,0.1685772240161895,False,False,False,0.7492201,0.7492201,0.0,True,True,False,0.7492201,0.009091882,5.785697,False,False,False,0.7492201,0.16942978,2.684131,False,False,False,0.01974229514598838,0.7401282180000001,0.5797903200000001,False,False,False,False,False,False,False,False
1,test,20260204_100739_beam2_az190,20260204_100739,0,/home/tobeornot8259748/projects/balloon_radar_project/data/raw/detection_dataset/val/Background_IQ/IQ_Data/20260204_100739_beam2_az190.mat,0.4595005512237549,0.3337319791316986,0.7724224328994751,0.6848587989807129,False,False,False,0.8252305,0.8252305,0.0,True,True,False,0.8252305,0.7750617,0.3150778,True,True,False,0.8252305,0.52963275,1.4335246,True,True,False,0.12576857209205627,0.05016880000000001,0.29559775,False,True,False,False,False,True,False,False
1,test,20260204_100739_beam2_az199,20260204_100739,0,/home/tobeornot8259748/projects/balloon_radar_project/data/raw/detection_dataset/train/Background_IQ/IQ_Data/20260204_100739_beam2_az199.mat,0.4463438689708709,0.3531877994537353,0.7727038860321045,0.5042060613632202,True,True,False,0.8212934,0.8212934,0.0,True,True,False,0.8212934,0.81724876,0.027317429,True,True,False,0.8212934,0.787756,0.21368355,True,True,False,0.09315606951713562,0.004044639999999933,0.03353739999999994,False,False,False,False,False,False,False,False
1,test,20260204_100739_beam2_az208,20260204_100739,0,/home/tobeornot8259748/projects/balloon_radar_project/data/raw/detection_dataset/train/Background_IQ/IQ_Data/20260204_100739_beam2_az208.mat,0.4469472467899322,0.3374709188938141,0.7719870805740356,0.5979017019271851,False,False,False,0.96807075,0.96807075,0.0,True,True,False,0.96807075,0.94710934,0.52659357,True,True,False,0.96807075,0.9679579,0.003644486,True,True,False,0.10947632789611811,0.020961409999999958,0.00011284999999994216,False,True,False,False,False,True,False,False
1,test,20260204_100739_beam2_az217,20260204_100739,0,/home/tobeornot8259748/projects/balloon_radar_project/data/raw/detection_dataset/train/Background_IQ/IQ_Data/20260204_100739_beam2_az217.mat,0.2470779567956924,0.2189669013023376,0.7727677226066589,0.2037339806556701,False,False,False,0.8188609,0.8188609,0.0,True,True,False,0.8188609,0.5632091,1.2544521,True,True,False,0.8188609,0.80562145,0.08684201,True,True,False,0.028111055493354797,0.2556518,0.013239450000000041,False,True,False,False,False,True,False,False
1,test,20260204_100739_beam2_az226,20260204_100739,0,/home/tobeornot8259748/projects/balloon_radar_project/data/raw/detection_dataset/val/Background_IQ/IQ_Data/20260204_100739_beam2_az226.mat,0.7991290092468262,0.3638520836830139,0.7668911814689636,2.5290982723236084,True,True,False,0.9247819,0.9247819,0.0,True,True,False,0.9247819,0.10399883,4.662729,False,False,False,0.9247819,0.9246171,0.002367711,True,True,False,0.43527692556381226,0.8207830700000001,0.000164800000000076,True,False,False,False,False,False,False,False
1,test,20260204_100739_beam2_az235,20260204_100739,0,/home/tobeornot8259748/projects/balloon_radar_project/data/raw/detection_dataset/train/Background_IQ/IQ_Data/20260204_100739_beam2_az235.mat,0.9027811288833618,0.5603178143501282,0.7684832811355591,2.5843939781188965,True,True,False,0.64912957,0.64912957,0.0,True,True,False,0.64912957,0.6488151,0.0013805672,True,True,False,0.64912957,0.046079878,3.645419,False,False,False,0.34246331453323364,0.00031447000000006664,0.603049692,False,False,False,False,True,False,False,False
1,test,20260204_100739_beam2_az244,20260204_100739,0,/home/tobeornot8259748/projects/balloon_radar_project/data/raw/detection_dataset/test/Background_IQ/IQ_Data/20260204_100739_beam2_az244.mat,0.9514138102531432,0.752130389213562,0.7188844084739685,2.5937442779541016,True,True,False,0.9294836,0.9294836,0.0,True,True,False,0.9294836,0.92920166,0.0042935414,True,True,False,0.9294836,0.92944354,0.0006117856,True,True,False,0.1992834210395812,0.00028193999999992503,4.006000000000842e-05,False,False,False,False,False,False,False,False
1,test,20260204_100739_beam2_az253,20260204_100739,0,/home/tobeornot8259748/projects/balloon_radar_project/data/raw/detection_dataset/val/Background_IQ/IQ_Data/20260204_100739_beam2_az253.mat,0.3616154789924621,0.3060722649097442,0.7725357413291931,0.3238521218299866,False,False,False,0.94161195,0.94161195,0.0,True,True,False,0.94161195,0.82637966,1.2202976,True,True,False,0.94161195,0.94145894,0.0027793376,True,True,False,0.055543214082717896,0.11523229000000001,0.00015301000000000897,False,True,False,False,False,True,False,False
1,test,20260204_100739_beam2_az262,20260204_100739,0,/home/tobeornot8259748/projects/balloon_radar_project/data/raw/detection_dataset/test/Background_IQ/IQ_Data/20260204_100739_beam2_az262.mat,0.0641826465725898,0.0595209337770938,0.7708677053451538,0.1042640581727027,False,False,False,0.63805336,0.63805336,0.0,True,True,False,0.63805336,0.009708165,5.1919575,False,False,False,0.63805336,0.09571193,2.81273,False,False,False,0.004661712795496008,0.628345195,0.54234143,False,False,False,False,False,False,False,False
1,test,20260204_100739_beam3_az001,20260204_100739,0,/home/tobeornot8259748/projects/balloon_radar_project/data/raw/detection_dataset/val/Background_IQ/IQ_Data/20260204_100739_beam3_az001.mat,0.8380180597305298,0.4137858152389526,0.7705948352813721,2.5848751068115234,True,True,False,0.70616263,0.70616263,0.0,True,True,False,0.70616263,0.70594525,0.0010472903,True,True,False,0.70616263,0.611385,0.4236812,True,True,False,0.4242322444915772,0.00021738000000004476,0.09477763000000006,False,False,False,False,False,False,False,False
1,test,20260204_100739_beam3_az010,20260204_100739,0,/home/tobeornot8259748/projects/balloon_radar_project/data/raw/detection_dataset/train/Background_IQ/IQ_Data/20260204_100739_beam3_az010.mat,0.5113201141357422,0.3401933312416076,0.7725282311439514,0.916110098361969,True,True,False,0.8192029,0.8192029,0.0,True,True,False,0.8192029,0.36915368,2.0468051,True,True,False,0.8192029,0.810336,0.05876097,True,True,False,0.17112678289413458,0.45004921999999997,0.008866900000000011,False,False,False,False,False,False,False,False
1,test,20260204_100739_beam3_az019,20260204_100739,0,/home/tobeornot8259748/projects/balloon_radar_project/data/raw/detection_dataset/val/Background_IQ/IQ_Data/20260204_100739_beam3_az019.mat,0.9181873202323914,0.6051992774009705,0.7662668228149414,2.598040103912353,True,True,False,0.7255808,0.7255808,0.0,True,True,False,0.7255808,0.7255574,0.00011754898,True,True,False,0.7255808,0.43125632,1.2490427,True,True,False,0.3129880428314209,2.340000000000675e-05,0.29432448,False,False,False,False,False,False,False,False
1,test,20260204_100739_beam3_az028,20260204_100739,0,/home/tobeornot8259748/projects/balloon_radar_project/data/raw/detection_dataset/train/Background_IQ/IQ_Data/20260204_100739_beam3_az028.mat,0.2487165927886963,0.2193091362714767,0.7725618481636047,0.2125760018825531,False,False,False,0.89244974,0.89244974,0.0,True,True,False,0.89244974,0.1720071,3.687481,False,False,False,0.89244974,0.8863653,0.0618721,True,True,False,0.0294074565172196,0.72044264,0.006084439999999969,False,False,False,False,False,True,False,False
1,test,20260204_100739_beam3_az037,20260204_100739,0,/home/tobeornot8259748/projects/balloon_radar_project/data/raw/detection_dataset/train/Background_IQ/IQ_Data/20260204_100739_beam3_az037.mat,0.6842640042304993,0.2795149087905884,0.7679558396339417,2.240111351013184,False,False,False,0.8828489,0.8828489,0.0,True,True,False,0.8828489,0.8612925,0.19362392,True,True,False,0.8828489,0.85718894,0.22755462,True,True,False,0.4047490954399109,0.02155640000000003,0.025659960000000037,False,True,False,False,False,True,False,False
1,test,20260204_100739_beam3_az046,20260204_100739,0,/home/tobeornot8259748/projects/balloon_radar_project/data/raw/detection_dataset/test/Background_IQ/IQ_Data/20260204_100739_beam3_az046.mat,0.7102264761924744,0.3008176982402801,0.7699010968208313,2.259889602661133,False,False,False,0.9031818,0.9031818,0.0,True,True,False,0.9031818,0.9031732,9.7938115e-05,True,True,False,0.9031818,0.90313554,0.0005293532,True,True,False,0.40940877795219427,8.600000000025254e-06,4.6260000000075685e-05,False,True,False,False,False,True,False,False
1,test,20260204_100739_beam3_az055,20260204_100739,0,/home/tobeornot8259748/projects/balloon_radar_project/data/raw/detection_dataset/train/Background_IQ/IQ_Data/20260204_100739_beam3_az055.mat,0.3463202118873596,0.292318195104599,0.7724681496620178,0.3222109973430633,False,False,False,0.8684636,0.8684636,0.0,True,True,False,0.8684636,0.86794335,0.004546117,True,True,False,0.8684636,0.83445597,0.2698992,True,True,False,0.05400201678276062,0.0005202499999999999,0.034007629999999955,False,True,False,False,False,True,False,False
1,test,20260204_100739_beam3_az064,20260204_100739,0,/home/tobeornot8259748/projects/balloon_radar_project/data/raw/detection_dataset/test/Background_IQ/IQ_Data/20260204_100739_beam3_az064.mat,0.3272381722927093,0.2789207994937897,0.7726085186004639,0.2965511977672577,False,False,False,0.7770267,0.7770267,0.0,True,True,False,0.7770267,0.77685106,0.001013932,True,True,False,0.7770267,0.7766681,0.0020689296,True,True,False,0.04831737279891962,0.00017563999999992141,0.0003585999999999867,False,True,False,False,False,True,False,False
1,test,20260204_100739_beam3_az073,20260204_100739,0,/home/tobeornot8259748/projects/balloon_radar_project/data/raw/detection_dataset/train/Background_IQ/IQ_Data/20260204_100739_beam3_az073.mat,0.8739697337150574,0.4843139350414276,0.7716638445854187,2.5908799171447754,True,True,False,0.7462379,0.7462379,0.0,True,True,False,0.7462379,0.74614555,0.00048733785,True,True,False,0.7462379,0.6866318,0.2942279,True,True,False,0.38965579867362976,9.23499999999633e-05,0.059606099999999995,False,False,False,False,False,False,False,False
1,test,20260204_100739_beam3_az082,20260204_100739,0,/home/tobeornot8259748/projects/balloon_radar_project/data/raw/detection_dataset/val/Background_IQ/IQ_Data/20260204_100739_beam3_az082.mat,0.2250757664442062,0.2015420198440551,0.7722997665405273,0.1817381232976913,False,False,False,0.78834766,0.78834766,0.0,True,True,False,0.78834766,0.004863058,6.636207,False,False,False,0.78834766,0.7640975,0.13971743,True,True,False,0.023533746600151118,0.783484602,0.02425016000000002,False,False,False,False,False,True,False,False
1,test,20260204_100739_beam3_az091,20260204_100739,0,/home/tobeornot8259748/projects/balloon_radar_project/data/raw/detection_dataset/val/Background_IQ/IQ_Data/20260204_100739_beam3_az091.mat,0.2879680097103119,0.2509117722511291,0.7721843123435974,0.2440895140171051,False,False,False,0.53194815,0.53194815,0.0,True,True,False,0.53194815,0.5284652,0.013982587,True,True,False,0.53194815,0.05713981,2.9313838,False,False,False,0.037056237459182795,0.0034829499999999847,0.47480833999999994,False,True,False,False,False,False,False,False
1,test,20260204_100739_beam3_az100,20260204_100739,0,/home/tobeornot8259748/projects/balloon_radar_project/data/raw/detection_dataset/train/Background_IQ/IQ_Data/20260204_100739_beam3_az100.mat,0.276104599237442,0.2411114871501922,0.772348165512085,0.2365879714488983,False,False,False,0.82868665,0.82868665,0.0,True,True,False,0.82868665,0.016274452,5.678098,False,False,False,0.82868665,0.770428,0.3656182,True,True,False,0.03499311208724981,0.812412198,0.05825864999999997,False,False,False,False,False,True,False,False
1,test,20260204_100739_beam3_az109,20260204_100739,0,/home/tobeornot8259748/projects/balloon_radar_project/data/raw/detection_dataset/val/Background_IQ/IQ_Data/20260204_100739_beam3_az109.mat,0.8000679016113281,0.3601277470588684,0.772003173828125,2.540829658508301,True,True,False,0.6125681,0.6125681,0.0,True,True,False,0.6125681,0.60985136,0.011432464,True,True,False,0.6125681,0.03423939,3.7976594,False,False,False,0.4399401545524597,0.0027167399999999953,0.57832871,False,False,False,False,True,False,False,False
1,test,20260204_100739_beam3_az118,20260204_100739,0,/home/tobeornot8259748/projects/balloon_radar_project/data/raw/detection_dataset/test/Background_IQ/IQ_Data/20260204_100739_beam3_az118.mat,0.3442229926586151,0.2917988002300262,0.7718808650970459,0.3136914372444153,False,False,False,0.8576538,0.8576538,0.0,True,True,False,0.8576538,0.009017885,6.495425,False,False,False,0.8576538,0.7731702,0.5696392,True,True,False,0.05242419242858892,0.848635915,0.08448359999999999,False,False,False,False,False,True,False,False
1,test,20260204_100739_beam3_az127,20260204_100739,0,/home/tobeornot8259748/projects/balloon_radar_project/data/raw/detection_dataset/train/Background_IQ/IQ_Data/20260204_100739_beam3_az127.mat,0.6729767918586731,0.293051540851593,0.7717750072479248,2.076108932495117,False,False,False,0.6063426,0.6063426,0.0,True,True,False,0.6063426,0.2577406,1.4897094,True,True,False,0.6063426,0.007911576,5.263449,False,False,False,0.3799252510070801,0.34860199999999997,0.5984310239999999,False,True,False,False,False,False,False,False
1,test,20260204_100739_beam3_az136,20260204_100739,0,/home/tobeornot8259748/projects/balloon_radar_project/data/raw/detection_dataset/train/Background_IQ/IQ_Data/20260204_100739_beam3_az136.mat,0.3402659296989441,0.2903664410114288,0.7726379036903381,0.299617201089859,False,False,False,0.83956385,0.83956385,0.0,True,True,False,0.83956385,0.81278396,0.1867845,True,True,False,0.83956385,0.7080947,0.768838,True,True,False,0.049899488687515314,0.02677989000000003,0.13146915000000003,False,True,False,False,False,True,False,False
1,test,20260204_100739_beam3_az145,20260204_100739,0,/home/tobeornot8259748/projects/balloon_radar_project/data/raw/detection_dataset/train/Background_IQ/IQ_Data/20260204_100739_beam3_az145.mat,0.3928025960922241,0.319173514842987,0.7726956009864807,0.4167563319206238,False,False,False,0.47680512,0.47680512,0.0,True,True,False,0.47680512,0.3747567,0.4190175,True,True,False,0.47680512,0.08841342,2.2403164,False,False,False,0.07362908124923712,0.10204842000000003,0.3883917,False,True,False,False,False,False,False,False
1,test,20260204_100739_beam3_az154,20260204_100739,0,/home/tobeornot8259748/projects/balloon_radar_project/data/raw/detection_dataset/val/Background_IQ/IQ_Data/20260204_100739_beam3_az154.mat,0.3958346247673034,0.3230504095554352,0.772517740726471,0.4102648496627807,False,False,False,0.88720995,0.88720995,0.0,True,True,False,0.88720995,0.79722726,0.6934997,True,True,False,0.88720995,0.88182575,0.052719645,True,True,False,0.07278421521186823,0.08998269000000003,0.005384200000000061,False,True,False,False,False,True,False,False
1,test,20260204_100739_beam3_az163,20260204_100739,0,/home/tobeornot8259748/projects/balloon_radar_project/data/raw/detection_dataset/train/Background_IQ/IQ_Data/20260204_100739_beam3_az163.mat,0.3265935182571411,0.2792467176914215,0.7727052569389343,0.2906263470649719,False,False,False,0.8226682,0.8226682,0.0,True,True,False,0.8226682,0.35124665,2.1480944,True,True,False,0.8226682,0.8102783,0.08271097,True,True,False,0.047346800565719604,0.47142154999999997,0.012389899999999954,False,True,False,False,False,True,False,False
1,test,20260204_100739_beam3_az172,20260204_100739,0,/home/tobeornot8259748/projects/balloon_radar_project/data/raw/detection_dataset/train/Background_IQ/IQ_Data/20260204_100739_beam3_az172.mat,0.2458084672689438,0.2187398821115493,0.7724201679229736,0.1966949701309204,False,False,False,0.714403,0.714403,0.0,True,True,False,0.714403,0.01906461,4.857538,False,False,False,0.714403,0.36295444,1.4794292,True,True,False,0.027068585157394492,0.69533839,0.35144856,False,False,False,False,False,True,False,False
1,test,20260204_100739_beam3_az181,20260204_100739,0,/home/tobeornot8259748/projects/balloon_radar_project/data/raw/detection_dataset/val/Background_IQ/IQ_Data/20260204_100739_beam3_az181.mat,0.2254165858030319,0.2012281864881515,0.7725566625595093,0.1867317110300064,False,False,False,0.84852415,0.84852415,0.0,True,True,False,0.84852415,0.8219374,0.19354355,True,True,False,0.84852415,0.35194466,2.3335743,True,True,False,0.0241883993148804,0.026586749999999992,0.49657949,False,True,False,False,False,True,False,False
1,test,20260204_100739_beam3_az190,20260204_100739,0,/home/tobeornot8259748/projects/balloon_radar_project/data/raw/detection_dataset/train/Background_IQ/IQ_Data/20260204_100739_beam3_az190.mat,0.5607337951660156,0.3281400799751282,0.7723338007926941,1.2439568042755127,False,False,False,0.9507094,0.9507094,0.0,True,True,False,0.9507094,0.95009035,0.013131995,True,True,False,0.9507094,0.9507061,6.894605e-05,True,True,False,0.23259371519088745,0.0006190500000000654,3.3000000000393825e-06,False,True,False,False,False,True,False,False
1,test,20260204_100739_beam3_az199,20260204_100739,0,/home/tobeornot8259748/projects/balloon_radar_project/data/raw/detection_dataset/train/Background_IQ/IQ_Data/20260204_100739_beam3_az199.mat,0.4750725626945495,0.3492907285690307,0.7724530696868896,0.6762429475784302,True,True,False,0.92709637,0.92709637,0.0,True,True,False,0.92709637,0.92709535,1.5786009e-05,True,True,False,0.92709637,0.92708665,0.00014403454,True,True,False,0.1257818341255188,1.0200000000182285e-06,9.719999999990847e-06,False,False,False,False,False,False,False,False
1,test,20260204_100739_beam3_az208,20260204_100739,0,/home/tobeornot8259748/projects/balloon_radar_project/data/raw/detection_dataset/train/Background_IQ/IQ_Data/20260204_100739_beam3_az208.mat,0.5547116994857788,0.332633227109909,0.7715575695037842,1.1872425079345703,False,False,False,0.9330903,0.9330903,0.0,True,True,False,0.9330903,0.22843163,3.8523467,True,True,False,0.9330903,0.9330902,1.0759718e-06,True,True,False,0.2220784723758698,0.70465867,1.0000000005838672e-07,False,True,False,False,False,True,False,False
1,test,20260204_100739_beam3_az217,20260204_100739,0,/home/tobeornot8259748/projects/balloon_radar_project/data/raw/detection_dataset/train/Background_IQ/IQ_Data/20260204_100739_beam3_az217.mat,0.6890964508056641,0.3003993630409241,0.7717976570129395,2.1265876293182373,False,False,False,0.8855382,0.8855382,0.0,True,True,False,0.8855382,0.8854976,0.00039950554,True,True,False,0.8855382,0.8582303,0.24528581,True,True,False,0.38869708776474,4.060000000005726e-05,0.02730790000000005,False,True,False,False,False,True,False,False
1,test,20260204_100739_beam3_az226,20260204_100739,0,/home/tobeornot8259748/projects/balloon_radar_project/data/raw/detection_dataset/train/Background_IQ/IQ_Data/20260204_100739_beam3_az226.mat,0.5705108046531677,0.3192363381385803,0.7713747620582581,1.3498226404190063,False,False,False,0.83951557,0.83951557,0.0,True,True,False,0.83951557,0.003235396,7.384991,False,False,False,0.83951557,0.8130681,0.18455748,True,True,False,0.2512744665145874,0.836280174,0.02644747000000003,False,False,False,False,False,True,False,False
1,test,20260204_100739_beam3_az235,20260204_100739,0,/home/tobeornot8259748/projects/balloon_radar_project/data/raw/detection_dataset/train/Background_IQ/IQ_Data/20260204_100739_beam3_az235.mat,0.9270997643470764,0.6340089440345764,0.7678614258766174,2.5961906909942627,True,True,False,0.49040374,0.49040374,0.0,True,True,False,0.49040374,0.48941556,0.00395436,True,True,False,0.49040374,0.04133219,3.1055133,False,False,False,0.2930908203125,0.0009881799999999497,0.44907155,False,False,False,False,True,False,False,False
1,test,20260204_100739_beam3_az244,20260204_100739,0,/home/tobeornot8259748/projects/balloon_radar_project/data/raw/detection_dataset/val/Background_IQ/IQ_Data/20260204_100739_beam3_az244.mat,0.671901285648346,0.2837814092636108,0.770659327507019,2.1313931941986084,False,False,False,0.92401123,0.92401123,0.0,True,True,False,0.92401123,0.9238487,0.0023123806,True,True,False,0.92401123,0.92400235,0.00012659676,True,True,False,0.38811987638473516,0.00016252999999999407,8.879999999988897e-06,False,True,False,False,False,True,False,False
1,test,20260204_100739_beam3_az253,20260204_100739,0,/home/tobeornot8259748/projects/balloon_radar_project/data/raw/detection_dataset/train/Background_IQ/IQ_Data/20260204_100739_beam3_az253.mat,0.1366083920001983,0.1252340227365493,0.7722725868225098,0.1295164972543716,False,False,False,0.8411866,0.8411866,0.0,True,True,False,0.8411866,0.024721488,5.342134,False,False,False,0.8411866,0.320057,2.4205935,True,True,False,0.011374369263649015,0.816465112,0.5211296000000001,False,False,False,False,False,True,False,False
1,test,20260204_100739_beam3_az262,20260204_100739,0,/home/tobeornot8259748/projects/balloon_radar_project/data/raw/detection_dataset/train/Background_IQ/IQ_Data/20260204_100739_beam3_az262.mat,0.0989465937018394,0.0910464376211166,0.7708223462104797,0.1192750856280326,False,False,False,0.6542187,0.6542187,0.0,True,True,False,0.6542187,0.008282424,5.4229374,False,False,False,0.6542187,0.01885634,4.5895047,False,False,False,0.007900156080722809,0.645936276,0.63536236,False,False,False,False,False,False,False,False
1,test,20260204_100739_beam4_az001,20260204_100739,0,/home/tobeornot8259748/projects/balloon_radar_project/data/raw/detection_dataset/train/Background_IQ/IQ_Data/20260204_100739_beam4_az001.mat,0.7913377285003662,0.3456355929374695,0.7714970707893372,2.555145502090454,True,True,False,0.6011857,0.6011857,0.0,True,True,False,0.6011857,0.5543345,0.19220817,True,True,False,0.6011857,0.040266052,3.5815554,False,False,False,0.44570213556289673,0.04685120000000009,0.560919648,False,False,False,False,True,False,False,False
1,test,20260204_100739_beam4_az010,20260204_100739,0,/home/tobeornot8259748/projects/balloon_radar_project/data/raw/detection_dataset/train/Background_IQ/IQ_Data/20260204_100739_beam4_az010.mat,0.4467964172363281,0.3415999412536621,0.7726821303367615,0.5727445483207703,True,True,False,0.970227,0.970227,0.0,True,True,False,0.970227,0.97016644,0.0020977005,True,True,False,0.970227,0.9701802,0.0016179378,True,True,False,0.10519647598266602,6.055999999998729e-05,4.6799999999902475e-05,False,False,False,False,False,False,False,False
1,test,20260204_100739_beam4_az019,20260204_100739,0,/home/tobeornot8259748/projects/balloon_radar_project/data/raw/detection_dataset/train/Background_IQ/IQ_Data/20260204_100739_beam4_az019.mat,0.9752018451690674,0.8642888069152832,0.7010534405708313,2.5968027114868164,True,True,False,0.48213676,0.48213676,0.0,True,True,False,0.48213676,0.48001468,0.008500552,True,True,False,0.48213676,0.0077653956,4.778799,False,False,False,0.11091303825378418,0.0021220799999999707,0.4743713644,False,False,False,False,True,False,False,False
1,test,20260204_100739_beam4_az028,20260204_100739,0,/home/tobeornot8259748/projects/balloon_radar_project/data/raw/detection_dataset/test/Background_IQ/IQ_Data/20260204_100739_beam4_az028.mat,0.3341547548770904,0.2845454216003418,0.7726616263389587,0.3010012507438659,False,False,False,0.642515,0.642515,0.0,True,True,False,0.642515,0.02683301,4.17722,False,False,False,0.642515,0.30027866,1.4322683,True,True,False,0.0496093332767486,0.6156819899999999,0.34223633999999997,False,False,False,False,False,True,False,False
1,test,20260204_100739_beam4_az037,20260204_100739,0,/home/tobeornot8259748/projects/balloon_radar_project/data/raw/detection_dataset/train/Background_IQ/IQ_Data/20260204_100739_beam4_az037.mat,0.5921360850334167,0.3190032243728637,0.7716207504272461,1.4659521579742432,False,False,False,0.90468025,0.90468025,0.0,True,True,False,0.90468025,0.9046784,2.0944026e-05,True,True,False,0.90468025,0.90367126,0.011645715,True,True,False,0.27313286066055303,1.8499999999699313e-06,0.0010089899999999874,False,True,False,False,False,True,False,False
1,test,20260204_100739_beam4_az046,20260204_100739,0,/home/tobeornot8259748/projects/balloon_radar_project/data/raw/detection_dataset/val/Background_IQ/IQ_Data/20260204_100739_beam4_az046.mat,0.460774153470993,0.34341561794281,0.7725768089294434,0.6353843212127686,True,True,False,0.80755895,0.80755895,0.0,True,True,False,0.80755895,0.12319205,3.3967693,False,False,False,0.80755895,0.8040958,0.02213346,True,True,False,0.11735853552818298,0.6843669,0.0034631499999999704,True,False,False,False,False,False,False,False
1,test,20260204_100739_beam4_az055,20260204_100739,0,/home/tobeornot8259748/projects/balloon_radar_project/data/raw/detection_dataset/val/Background_IQ/IQ_Data/20260204_100739_beam4_az055.mat,0.4089847207069397,0.3255879878997803,0.7727148532867432,0.4659472703933716,False,False,False,0.4961623,0.4961623,0.0,True,True,False,0.4961623,0.4675755,0.11452935,True,True,False,0.4961623,0.0029835193,5.796313,False,False,False,0.08339673280715942,0.028586800000000023,0.4931787807,False,True,False,False,False,False,False,False
1,test,20260204_100739_beam4_az064,20260204_100739,0,/home/tobeornot8259748/projects/balloon_radar_project/data/raw/detection_dataset/train/Background_IQ/IQ_Data/20260204_100739_beam4_az064.mat,0.2843772172927856,0.2466728687286377,0.7723708152770996,0.250637412071228,False,False,False,0.77180326,0.77180326,0.0,True,True,False,0.77180326,0.04627904,4.2442036,False,False,False,0.77180326,0.76035863,0.063874915,True,True,False,0.037704348564147894,0.7255242199999999,0.011444629999999956,False,False,False,False,False,True,False,False
1,test,20260204_100739_beam4_az073,20260204_100739,0,/home/tobeornot8259748/projects/balloon_radar_project/data/raw/detection_dataset/train/Background_IQ/IQ_Data/20260204_100739_beam4_az073.mat,0.9381240010261536,0.6775999069213867,0.7618779540061951,2.593573570251465,True,True,False,0.76418334,0.76418334,0.0,True,True,False,0.76418334,0.7641737,5.3820946e-05,True,True,False,0.76418334,0.7040445,0.30912068,True,True,False,0.26052409410476685,9.640000000032956e-06,0.06013884000000003,False,False,False,False,False,False,False,False
1,test,20260204_100739_beam4_az082,20260204_100739,0,/home/tobeornot8259748/projects/balloon_radar_project/data/raw/detection_dataset/val/Background_IQ/IQ_Data/20260204_100739_beam4_az082.mat,0.2553436458110809,0.2272021323442459,0.7722567319869995,0.1992404758930206,False,False,False,0.77360564,0.77360564,0.0,True,True,False,0.77360564,0.0069351695,6.192974,False,False,False,0.77360564,0.7227769,0.2705054,True,True,False,0.028141513466834966,0.7666704705,0.05082873999999993,False,False,False,False,False,True,False,False
1,test,20260204_100739_beam4_az091,20260204_100739,0,/home/tobeornot8259748/projects/balloon_radar_project/data/raw/detection_dataset/val/Background_IQ/IQ_Data/20260204_100739_beam4_az091.mat,0.4418535828590393,0.3364776968955993,0.7722021341323853,0.5767765045166016,False,False,False,0.5011821,0.5011821,0.0,True,True,False,0.5011821,0.48382333,0.06945757,True,True,False,0.5011821,0.012134457,4.404226,False,False,False,0.10537588596344,0.017358769999999968,0.489047643,False,True,False,False,False,False,False,False
1,test,20260204_100739_beam4_az100,20260204_100739,0,/home/tobeornot8259748/projects/balloon_radar_project/data/raw/detection_dataset/train/Background_IQ/IQ_Data/20260204_100739_beam4_az100.mat,0.1691312491893768,0.1534533053636551,0.7720493674278259,0.1502134501934051,False,False,False,0.8328727,0.8328727,0.0,True,True,False,0.8328727,0.025103776,5.2654376,False,False,False,0.8328727,0.7989697,0.22625777,True,True,False,0.015677943825721713,0.807768924,0.033903000000000016,False,False,False,False,False,True,False,False
1,test,20260204_100739_beam4_az109,20260204_100739,0,/home/tobeornot8259748/projects/balloon_radar_project/data/raw/detection_dataset/train/Background_IQ/IQ_Data/20260204_100739_beam4_az109.mat,0.982557475566864,0.9067789912223816,0.6767224073410034,2.595339059829712,True,True,False,0.6548537,0.6548537,0.0,True,True,False,0.6548537,0.65468,0.00076859357,True,True,False,0.6548537,0.018848171,4.592755,False,False,False,0.07577848434448242,0.00017369999999994334,0.636005529,False,False,False,False,True,False,False,False
1,test,20260204_100739_beam4_az118,20260204_100739,0,/home/tobeornot8259748/projects/balloon_radar_project/data/raw/detection_dataset/train/Background_IQ/IQ_Data/20260204_100739_beam4_az118.mat,0.163712665438652,0.1490707397460937,0.7714990377426147,0.1439388394355774,False,False,False,0.7964861,0.7964861,0.0,True,True,False,0.7964861,0.0069736782,6.3230896,False,False,False,0.7964861,0.14330587,3.1525748,False,False,False,0.014641925692558316,0.7895124218,0.65318023,False,False,False,False,False,False,False,False
1,test,20260204_100739_beam4_az127,20260204_100739,0,/home/tobeornot8259748/projects/balloon_radar_project/data/raw/detection_dataset/train/Background_IQ/IQ_Data/20260204_100739_beam4_az127.mat,0.860720694065094,0.4557658731937408,0.7706786394119263,2.593414783477783,True,True,False,0.6290104,0.6290104,0.0,True,True,False,0.6290104,0.62755525,0.006230231,True,True,False,0.6290104,0.01826595,4.512255,False,False,False,0.4049548208713532,0.0014551499999999606,0.61074445,False,False,False,False,True,False,False,False
1,test,20260204_100739_beam4_az136,20260204_100739,0,/home/tobeornot8259748/projects/balloon_radar_project/data/raw/detection_dataset/train/Background_IQ/IQ_Data/20260204_100739_beam4_az136.mat,0.2974699437618255,0.2594859302043915,0.7725973725318909,0.2449752241373062,False,False,False,0.7058244,0.7058244,0.0,True,True,False,0.7058244,0.23349914,2.063847,True,True,False,0.7058244,0.10525276,3.015366,False,False,False,0.037984013557434027,0.47232526,0.6005716400000001,False,True,False,False,False,False,False,False
1,test,20260204_100739_beam4_az145,20260204_100739,0,/home/tobeornot8259748/projects/balloon_radar_project/data/raw/detection_dataset/train/Background_IQ/IQ_Data/20260204_100739_beam4_az145.mat,0.4910593032836914,0.3576851487159729,0.7716265320777893,0.7123379707336426,True,True,False,0.27998725,0.27998725,0.0,True,True,False,0.27998725,0.21359316,0.3588764,True,True,False,0.27998725,0.004356266,4.4872494,False,False,False,0.1333741545677185,0.06639409000000002,0.275630984,False,False,False,False,True,False,False,False
1,test,20260204_100739_beam4_az154,20260204_100739,0,/home/tobeornot8259748/projects/balloon_radar_project/data/raw/detection_dataset/train/Background_IQ/IQ_Data/20260204_100739_beam4_az154.mat,0.3163692653179168,0.273127406835556,0.7722657322883606,0.2697322964668274,False,False,False,0.8464064,0.8464064,0.0,True,True,False,0.8464064,0.07760532,4.182027,False,False,False,0.8464064,0.793584,0.360024,True,True,False,0.04324185848236084,0.76880108,0.05282240000000005,False,False,False,False,False,True,False,False
1,test,20260204_100739_beam4_az163,20260204_100739,0,/home/tobeornot8259748/projects/balloon_radar_project/data/raw/detection_dataset/test/Background_IQ/IQ_Data/20260204_100739_beam4_az163.mat,0.328098714351654,0.277207463979721,0.7726927399635315,0.3126201033592224,False,False,False,0.6651171,0.6651171,0.0,True,True,False,0.6651171,0.61050665,0.23673955,True,True,False,0.6651171,0.17417854,2.2424798,False,False,False,0.05089125037193298,0.05461044999999998,0.49093856,False,True,False,False,False,False,False,False
1,test,20260204_100739_beam4_az172,20260204_100739,0,/home/tobeornot8259748/projects/balloon_radar_project/data/raw/detection_dataset/train/Background_IQ/IQ_Data/20260204_100739_beam4_az172.mat,0.1231545507907867,0.1132467463612556,0.772219717502594,0.1231604889035224,False,False,False,0.63905907,0.63905907,0.0,True,True,False,0.63905907,0.0016626464,6.968963,False,False,False,0.63905907,0.0067437566,5.563654,False,False,False,0.009907804429531097,0.6373964235999999,0.6323153133999999,False,False,False,False,False,False,False,False
1,test,20260204_100739_beam4_az181,20260204_100739,0,/home/tobeornot8259748/projects/balloon_radar_project/data/raw/detection_dataset/train/Background_IQ/IQ_Data/20260204_100739_beam4_az181.mat,0.2125587463378906,0.1903558373451233,0.7725551724433899,0.1787954568862915,False,False,False,0.7969333,0.7969333,0.0,True,True,False,0.7969333,0.79403204,0.017832827,True,True,False,0.7969333,0.70111024,0.51464576,True,True,False,0.022202908992767306,0.0029012599999999056,0.09582305999999996,False,True,False,False,False,True,False,False
1,test,20260204_100739_beam4_az190,20260204_100739,0,/home/tobeornot8259748/projects/balloon_radar_project/data/raw/detection_dataset/val/Background_IQ/IQ_Data/20260204_100739_beam4_az190.mat,0.4194695651531219,0.328150987625122,0.7715412974357605,0.5075668096542358,False,False,False,0.9499305,0.9499305,0.0,True,True,False,0.9499305,0.94947827,0.009466982,True,True,False,0.9499305,0.94969916,0.004851966,True,True,False,0.09131857752799988,0.0004522300000000534,0.0002313400000000243,False,True,False,False,False,True,False,False
1,test,20260204_100739_beam4_az199,20260204_100739,0,/home/tobeornot8259748/projects/balloon_radar_project/data/raw/detection_dataset/test/Background_IQ/IQ_Data/20260204_100739_beam4_az199.mat,0.3646644353866577,0.3028465509414673,0.7726495265960693,0.3605821430683136,False,False,False,0.64640844,0.64640844,0.0,True,True,False,0.64640844,0.51631856,0.5379916,True,True,False,0.64640844,0.6123026,0.14628762,True,True,False,0.06181788444519043,0.13008988,0.03410583999999994,False,True,False,False,False,True,False,False
1,test,20260204_100739_beam4_az208,20260204_100739,0,/home/tobeornot8259748/projects/balloon_radar_project/data/raw/detection_dataset/train/Background_IQ/IQ_Data/20260204_100739_beam4_az208.mat,0.6254380941390991,0.2953165769577026,0.7709694504737854,1.7930619716644287,False,False,False,0.91476977,0.91476977,0.0,True,True,False,0.91476977,0.03104782,5.8140025,False,False,False,0.91476977,0.9147584,0.0001450781,True,True,False,0.33012151718139654,0.8837219500000001,1.137000000006605e-05,False,False,False,False,False,True,False,False
1,test,20260204_100739_beam4_az217,20260204_100739,0,/home/tobeornot8259748/projects/balloon_radar_project/data/raw/detection_dataset/test/Background_IQ/IQ_Data/20260204_100739_beam4_az217.mat,0.744841992855072,0.3188822269439697,0.7720933556556702,2.3704421520233154,False,False,False,0.9386897,0.9386897,0.0,True,True,False,0.9386897,0.9386878,3.3308057e-05,True,True,False,0.9386897,0.93861765,0.0012509708,True,True,False,0.4259597659111023,1.8999999999991246e-06,7.204999999999018e-05,False,True,False,False,False,True,False,False
1,test,20260204_100739_beam4_az226,20260204_100739,0,/home/tobeornot8259748/projects/balloon_radar_project/data/raw/detection_dataset/train/Background_IQ/IQ_Data/20260204_100739_beam4_az226.mat,0.498779296875,0.3527194559574127,0.7707216739654541,0.7813766598701477,True,True,False,0.8385923,0.8385923,0.0,True,True,False,0.8385923,0.27786246,2.6028807,True,True,False,0.8385923,0.8380941,0.0036763407,True,True,False,0.14605984091758728,0.56072984,0.0004982000000000042,False,False,False,False,False,False,False,False
1,test,20260204_100739_beam4_az235,20260204_100739,0,/home/tobeornot8259748/projects/balloon_radar_project/data/raw/detection_dataset/train/Background_IQ/IQ_Data/20260204_100739_beam4_az235.mat,0.8678218126296997,0.4735545516014099,0.7713702321052551,2.57686448097229,True,True,False,0.64304817,0.64304817,0.0,True,True,False,0.64304817,0.6425035,0.0023720968,True,True,False,0.64304817,0.027560785,4.1520324,False,False,False,0.3942672610282898,0.0005446700000000249,0.615487385,False,False,False,False,True,False,False,False
1,test,20260204_100739_beam4_az244,20260204_100739,0,/home/tobeornot8259748/projects/balloon_radar_project/data/raw/detection_dataset/test/Background_IQ/IQ_Data/20260204_100739_beam4_az244.mat,0.5154674649238586,0.3565775454044342,0.7708127498626709,0.8460413217544556,True,True,False,0.91569525,0.91569525,0.0,True,True,False,0.91569525,0.9106811,0.06326527,True,True,False,0.91569525,0.91449994,0.015384386,True,True,False,0.15888991951942444,0.0050141499999999395,0.0011953099999999495,False,False,False,False,False,False,False,False
1,test,20260204_100739_beam4_az253,20260204_100739,0,/home/tobeornot8259748/projects/balloon_radar_project/data/raw/detection_dataset/train/Background_IQ/IQ_Data/20260204_100739_beam4_az253.mat,0.2572049796581268,0.226022869348526,0.7721126079559326,0.2206403911113739,False,False,False,0.81082046,0.81082046,0.0,True,True,False,0.81082046,0.007731378,6.310057,False,False,False,0.81082046,0.8072182,0.023315145,True,True,False,0.031182110309600775,0.803089082,0.0036022599999999683,False,False,False,False,False,True,False,False
1,test,20260204_100739_beam4_az262,20260204_100739,0,/home/tobeornot8259748/projects/balloon_radar_project/data/raw/detection_dataset/train/Background_IQ/IQ_Data/20260204_100739_beam4_az262.mat,0.125493437051773,0.1150737777352333,0.772219181060791,0.1275863796472549,False,False,False,0.78164726,0.78164726,0.0,True,True,False,0.78164726,0.016987061,5.333462,False,False,False,0.78164726,0.5495468,1.0764523,True,True,False,0.010419659316539681,0.7646601989999999,0.23210045999999995,False,False,False,False,False,True,False,False
1,test,20260204_100739_beam5_az001,20260204_100739,0,/home/tobeornot8259748/projects/balloon_radar_project/data/raw/detection_dataset/train/Background_IQ/IQ_Data/20260204_100739_beam5_az001.mat,0.5680564045906067,0.326482206583023,0.7722011804580688,1.2924931049346924,False,False,False,0.45238385,0.45238385,0.0,True,True,False,0.45238385,0.4364788,0.06442166,True,True,False,0.45238385,0.0069499956,4.7709966,False,False,False,0.24157419800758367,0.015905049999999976,0.4454338544,False,True,False,False,False,False,False,False
1,test,20260204_100739_beam5_az010,20260204_100739,0,/home/tobeornot8259748/projects/balloon_radar_project/data/raw/detection_dataset/train/Background_IQ/IQ_Data/20260204_100739_beam5_az010.mat,0.4399277865886688,0.343273401260376,0.7727095484733582,0.5270873308181763,True,True,False,0.94404155,0.94404155,0.0,True,True,False,0.94404155,0.93500847,0.15926203,True,True,False,0.94404155,0.9440361,0.00010193528,True,True,False,0.09665438532829285,0.009033080000000027,5.449999999962429e-06,False,False,False,False,False,False,False,False
1,test,20260204_100739_beam5_az019,20260204_100739,0,/home/tobeornot8259748/projects/balloon_radar_project/data/raw/detection_dataset/train/Background_IQ/IQ_Data/20260204_100739_beam5_az019.mat,0.4233388304710388,0.3320377767086029,0.7725721597671509,0.5046787858009338,False,False,False,0.37321368,0.37321368,0.0,True,True,False,0.37321368,0.3688572,0.01866793,True,True,False,0.37321368,0.002789384,5.360687,False,False,False,0.09130105376243591,0.004356479999999996,0.370424296,False,True,False,False,False,False,False,False
1,test,20260204_100739_beam5_az028,20260204_100739,0,/home/tobeornot8259748/projects/balloon_radar_project/data/raw/detection_dataset/val/Background_IQ/IQ_Data/20260204_100739_beam5_az028.mat,0.214526817202568,0.1911498308181762,0.7722772359848022,0.1873739361763,False,False,False,0.76330155,0.76330155,0.0,True,True,False,0.76330155,0.030274788,4.6375637,False,False,False,0.76330155,0.7629727,0.001819276,True,True,False,0.023376986384391812,0.7330267619999999,0.00032885000000004716,False,False,False,False,False,True,False,False
1,test,20260204_100739_beam5_az037,20260204_100739,0,/home/tobeornot8259748/projects/balloon_radar_project/data/raw/detection_dataset/train/Background_IQ/IQ_Data/20260204_100739_beam5_az037.mat,0.3201832473278045,0.273377776145935,0.7718536257743835,0.2910168468952179,False,False,False,0.5763712,0.5763712,0.0,True,True,False,0.5763712,0.5718544,0.018473297,True,True,False,0.5763712,0.047589302,3.304283,False,False,False,0.04680547118186951,0.0045167999999999875,0.528781898,False,True,False,False,False,False,False,False
1,test,20260204_100739_beam5_az046,20260204_100739,0,/home/tobeornot8259748/projects/balloon_radar_project/data/raw/detection_dataset/train/Background_IQ/IQ_Data/20260204_100739_beam5_az046.mat,0.5261601805686951,0.3419222831726074,0.7724206447601318,0.9832412004470824,True,True,False,0.87473875,0.87473875,0.0,True,True,False,0.87473875,0.060746867,4.6818933,False,False,False,0.87473875,0.87300473,0.015732363,True,True,False,0.18423789739608765,0.813991883,0.0017340200000000028,True,False,False,False,False,False,False,False
1,test,20260204_100739_beam5_az055,20260204_100739,0,/home/tobeornot8259748/projects/balloon_radar_project/data/raw/detection_dataset/train/Background_IQ/IQ_Data/20260204_100739_beam5_az055.mat,0.4490906000137329,0.33943572640419,0.7721197009086609,0.5976589322090149,True,True,False,0.51082075,0.51082075,0.0,True,True,False,0.51082075,0.50169355,0.036515404,True,True,False,0.51082075,0.006265415,5.109715,False,False,False,0.1096548736095429,0.009127200000000002,0.504555335,False,False,False,False,True,False,False,False
1,test,20260204_100739_beam5_az064,20260204_100739,0,/home/tobeornot8259748/projects/balloon_radar_project/data/raw/detection_dataset/train/Background_IQ/IQ_Data/20260204_100739_beam5_az064.mat,0.249996155500412,0.2217420935630798,0.772609531879425,0.2030911147594452,False,False,False,0.7617798,0.7617798,0.0,True,True,False,0.7617798,0.005191835,6.417925,False,False,False,0.7617798,0.6824124,0.39758182,True,True,False,0.02825406193733218,0.756587965,0.07936739999999998,False,False,False,False,False,True,False,False
1,test,20260204_100739_beam5_az073,20260204_100739,0,/home/tobeornot8259748/projects/balloon_radar_project/data/raw/detection_dataset/val/Background_IQ/IQ_Data/20260204_100739_beam5_az073.mat,0.9464978575706482,0.7086275815963745,0.7646233439445496,2.595158576965332,True,True,False,0.36687753,0.36687753,0.0,True,True,False,0.36687753,0.28413066,0.37842786,True,True,False,0.36687753,0.02314362,3.1969848,False,False,False,0.23787027597427368,0.08274687000000003,0.34373391000000003,False,False,False,False,True,False,False,False
1,test,20260204_100739_beam5_az082,20260204_100739,0,/home/tobeornot8259748/projects/balloon_radar_project/data/raw/detection_dataset/train/Background_IQ/IQ_Data/20260204_100739_beam5_az082.mat,0.2340563088655471,0.2087723016738891,0.7725581526756287,0.1900111734867096,False,False,False,0.9029301,0.9029301,0.0,True,True,False,0.9029301,0.82576287,0.6743233,True,True,False,0.9029301,0.89585567,0.07821227,True,True,False,0.025284007191657992,0.07716722999999992,0.007074429999999965,False,True,False,False,False,True,False,False
1,test,20260204_100739_beam5_az091,20260204_100739,0,/home/tobeornot8259748/projects/balloon_radar_project/data/raw/detection_dataset/train/Background_IQ/IQ_Data/20260204_100739_beam5_az091.mat,0.4078049957752228,0.3216491639614105,0.7724265456199646,0.4830961227416992,False,False,False,0.5639932,0.5639932,0.0,True,True,False,0.5639932,0.5635803,0.0016792313,True,True,False,0.5639932,0.015913835,4.381909,False,False,False,0.08615583181381226,0.0004128999999999383,0.548079365,False,True,False,False,False,False,False,False
1,test,20260204_100739_beam5_az100,20260204_100739,0,/home/tobeornot8259748/projects/balloon_radar_project/data/raw/detection_dataset/val/Background_IQ/IQ_Data/20260204_100739_beam5_az100.mat,0.250545859336853,0.2226028144359588,0.7720716595649719,0.2005761712789535,False,False,False,0.8366094,0.8366094,0.0,True,True,False,0.8366094,0.079745226,4.079027,False,False,False,0.8366094,0.67577255,0.8988021,True,True,False,0.02794304490089422,0.756864174,0.16083684999999992,False,False,False,False,False,True,False,False
1,test,20260204_100739_beam5_az109,20260204_100739,0,/home/tobeornot8259748/projects/balloon_radar_project/data/raw/detection_dataset/train/Background_IQ/IQ_Data/20260204_100739_beam5_az109.mat,0.7583317160606384,0.3201657235622406,0.7704908847808838,2.4615020751953125,False,False,False,0.37614444,0.37614444,0.0,True,True,False,0.37614444,0.3704718,0.024247566,True,True,False,0.37614444,0.0013882774,6.0723567,False,False,False,0.4381659924983978,0.0056726400000000066,0.3747561626,False,True,False,False,False,False,False,False
1,test,20260204_100739_beam5_az118,20260204_100739,0,/home/tobeornot8259748/projects/balloon_radar_project/data/raw/detection_dataset/train/Background_IQ/IQ_Data/20260204_100739_beam5_az118.mat,0.228156492114067,0.2037078589200973,0.7721418738365173,0.1871795952320099,False,False,False,0.81329435,0.81329435,0.0,True,True,False,0.81329435,0.054467656,4.3257008,False,False,False,0.81329435,0.41728166,1.8055024,True,True,False,0.0244486331939697,0.758826694,0.39601269000000006,False,False,False,False,False,True,False,False
1,test,20260204_100739_beam5_az127,20260204_100739,0,/home/tobeornot8259748/projects/balloon_radar_project/data/raw/detection_dataset/train/Background_IQ/IQ_Data/20260204_100739_beam5_az127.mat,0.3253061771392822,0.2754174470901489,0.7726428508758545,0.3077950477600097,False,False,False,0.6194982,0.6194982,0.0,True,True,False,0.6194982,0.5935182,0.108890444,True,True,False,0.6194982,0.3312695,1.1898679,True,True,False,0.0498887300491333,0.025980000000000003,0.2882287,False,True,False,False,False,True,False,False
1,test,20260204_100739_beam5_az136,20260204_100739,0,/home/tobeornot8259748/projects/balloon_radar_project/data/raw/detection_dataset/val/Background_IQ/IQ_Data/20260204_100739_beam5_az136.mat,0.2909808754920959,0.2549183070659637,0.772692084312439,0.2354441583156585,False,False,False,0.8151651,0.8151651,0.0,True,True,False,0.8151651,0.76963377,0.27768266,True,True,False,0.8151651,0.77281505,0.25965232,True,True,False,0.0360625684261322,0.04553132999999998,0.04235005000000003,False,True,False,False,False,True,False,False
1,test,20260204_100739_beam5_az145,20260204_100739,0,/home/tobeornot8259748/projects/balloon_radar_project/data/raw/detection_dataset/train/Background_IQ/IQ_Data/20260204_100739_beam5_az145.mat,0.7275885343551636,0.3053775429725647,0.7720155119895935,2.3370535373687744,False,False,False,0.23983464,0.23983464,0.0,True,True,False,0.23983464,0.2300044,0.05470002,True,True,False,0.23983464,0.002168056,4.9781675,False,False,False,0.4222109913825989,0.00983023999999999,0.237666584,False,True,False,False,False,False,False,False
1,test,20260204_100739_beam5_az154,20260204_100739,0,/home/tobeornot8259748/projects/balloon_radar_project/data/raw/detection_dataset/train/Background_IQ/IQ_Data/20260204_100739_beam5_az154.mat,0.2135411351919174,0.1918261498212814,0.772428572177887,0.1740961074829101,False,False,False,0.8251708,0.8251708,0.0,True,True,False,0.8251708,0.37548754,2.060527,True,True,False,0.8251708,0.5585961,1.3163147,True,True,False,0.021714985370635986,0.44968326,0.26657469999999994,False,True,False,False,False,True,False,False
1,test,20260204_100739_beam5_az163,20260204_100739,0,/home/tobeornot8259748/projects/balloon_radar_project/data/raw/detection_dataset/train/Background_IQ/IQ_Data/20260204_100739_beam5_az163.mat,0.3102762401103973,0.2698484659194946,0.7725866436958313,0.2544224262237549,False,False,False,0.70682997,0.70682997,0.0,True,True,False,0.70682997,0.7026853,0.019919677,True,True,False,0.70682997,0.69762635,0.04401717,True,True,False,0.04042777419090271,0.0041446700000000725,0.009203620000000079,False,True,False,False,False,True,False,False
1,test,20260204_100739_beam5_az172,20260204_100739,0,/home/tobeornot8259748/projects/balloon_radar_project/data/raw/detection_dataset/train/Background_IQ/IQ_Data/20260204_100739_beam5_az172.mat,0.0883472263813018,0.0816130563616752,0.7710242867469788,0.1123768016695976,False,False,False,0.6229909,0.6229909,0.0,True,True,False,0.6229909,0.002043671,6.6932244,False,False,False,0.6229909,0.0712834,3.0694027,False,False,False,0.0067341700196266036,0.620947229,0.5517075,False,False,False,False,False,False,False,False
1,test,20260204_100739_beam5_az181,20260204_100739,0,/home/tobeornot8259748/projects/balloon_radar_project/data/raw/detection_dataset/train/Background_IQ/IQ_Data/20260204_100739_beam5_az181.mat,0.2942149639129638,0.2536257803440094,0.7727677226066589,0.2644613087177276,False,False,False,0.735286,0.735286,0.0,True,True,False,0.735286,0.0684527,3.6323135,False,False,False,0.735286,0.42384863,1.3286034,True,True,False,0.04058918356895441,0.6668333,0.31143737,False,False,False,False,False,True,False,False
1,test,20260204_100739_beam5_az190,20260204_100739,0,/home/tobeornot8259748/projects/balloon_radar_project/data/raw/detection_dataset/test/Background_IQ/IQ_Data/20260204_100739_beam5_az190.mat,0.2932020723819732,0.2586544156074524,0.7717309594154358,0.2242894470691681,False,False,False,0.93932563,0.93932563,0.0,True,True,False,0.93932563,0.93861794,0.012349153,True,True,False,0.93932563,0.9389222,0.007055682,True,True,False,0.03454765677452082,0.0007076900000000386,0.0004034299999999824,False,True,False,False,False,True,False,False
1,test,20260204_100739_beam5_az199,20260204_100739,0,/home/tobeornot8259748/projects/balloon_radar_project/data/raw/detection_dataset/test/Background_IQ/IQ_Data/20260204_100739_beam5_az199.mat,0.3747906982898712,0.3067720830440521,0.7723562717437744,0.3929988145828247,False,False,False,0.7610827,0.7610827,0.0,True,True,False,0.7610827,0.7606826,0.0021990878,True,True,False,0.7610827,0.5751966,0.85553885,True,True,False,0.06801861524581909,0.00040010000000001433,0.18588610000000005,False,True,False,False,False,True,False,False
1,test,20260204_100739_beam5_az208,20260204_100739,0,/home/tobeornot8259748/projects/balloon_radar_project/data/raw/detection_dataset/val/Background_IQ/IQ_Data/20260204_100739_beam5_az208.mat,0.2490817457437515,0.2220455706119537,0.7722865343093872,0.1945776641368866,False,False,False,0.87361175,0.87361175,0.0,True,True,False,0.87361175,0.032587353,5.3239784,False,False,False,0.87361175,0.8556705,0.15349096,True,True,False,0.02703617513179779,0.841024397,0.01794125000000002,False,False,False,False,False,True,False,False
1,test,20260204_100739_beam5_az217,20260204_100739,0,/home/tobeornot8259748/projects/balloon_radar_project/data/raw/detection_dataset/train/Background_IQ/IQ_Data/20260204_100739_beam5_az217.mat,0.6638869047164917,0.2859491407871246,0.7723425030708313,2.0661873817443848,False,False,False,0.968795,0.968795,0.0,True,True,False,0.968795,0.9687949,2.922725e-06,True,True,False,0.968795,0.9687849,0.00033213283,True,True,False,0.3779377639293671,9.999999994736442e-08,1.0100000000012876e-05,False,True,False,False,False,True,False,False
1,test,20260204_100739_beam5_az226,20260204_100739,0,/home/tobeornot8259748/projects/balloon_radar_project/data/raw/detection_dataset/train/Background_IQ/IQ_Data/20260204_100739_beam5_az226.mat,0.8790429830551147,0.4971686899662018,0.7681286931037903,2.5968613624572754,True,True,False,0.9579428,0.9579428,0.0,True,True,False,0.9579428,0.92342246,0.6359727,True,True,False,0.9579428,0.95794153,2.8188133e-05,True,True,False,0.38187429308891296,0.03452034000000004,1.2699999999421507e-06,False,False,False,False,False,False,False,False
1,test,20260204_100739_beam5_az235,20260204_100739,0,/home/tobeornot8259748/projects/balloon_radar_project/data/raw/detection_dataset/test/Background_IQ/IQ_Data/20260204_100739_beam5_az235.mat,0.8931231498718262,0.5302497148513794,0.7705692052841187,2.597949504852295,True,True,False,0.5404254,0.5404254,0.0,True,True,False,0.5404254,0.5402625,0.0006558329,True,True,False,0.5404254,0.0055136727,5.357051,False,False,False,0.3628734350204468,0.00016289999999996585,0.5349117272999999,False,False,False,False,True,False,False,False
1,test,20260204_100739_beam5_az244,20260204_100739,0,/home/tobeornot8259748/projects/balloon_radar_project/data/raw/detection_dataset/train/Background_IQ/IQ_Data/20260204_100739_beam5_az244.mat,0.6664968132972717,0.3110524117946625,0.7694952487945557,1.9331978559494016,False,False,False,0.95454484,0.95454484,0.0,True,True,False,0.95454484,0.9544559,0.002049278,True,True,False,0.95454484,0.95454365,2.7634493e-05,True,True,False,0.35544440150260925,8.89399999999263e-05,1.1899999999842592e-06,False,True,False,False,False,True,False,False
1,test,20260204_100739_beam5_az253,20260204_100739,0,/home/tobeornot8259748/projects/balloon_radar_project/data/raw/detection_dataset/train/Background_IQ/IQ_Data/20260204_100739_beam5_az253.mat,0.2324843406677246,0.2066249996423721,0.7718230485916138,0.1957113444805145,False,False,False,0.8723742,0.8723742,0.0,True,True,False,0.8723742,0.008059211,6.7349634,False,False,False,0.8723742,0.57686824,1.6121856,True,True,False,0.025859341025352506,0.864314989,0.29550595999999996,False,False,False,False,False,True,False,False
1,test,20260204_100739_beam5_az262,20260204_100739,0,/home/tobeornot8259748/projects/balloon_radar_project/data/raw/detection_dataset/train/Background_IQ/IQ_Data/20260204_100739_beam5_az262.mat,0.2431029677391052,0.2162588536739349,0.7724562883377075,0.1965943425893783,False,False,False,0.9119912,0.9119912,0.0,True,True,False,0.9119912,0.65198,1.7104398,True,True,False,0.9119912,0.9098832,0.025984574,True,True,False,0.026844114065170288,0.2600112,0.0021079999999999988,False,True,False,False,False,True,False,False
1,test,20260202_144238_beam1,20260202_144238,1,/home/tobeornot8259748/projects/balloon_radar_project/data/raw/detection_dataset/train/UAV_IQ/IQ_Data/20260202_144238_beam1.mat,0.9755303859710692,0.9755297899246216,0.0033446419984102,0.0063008931465446,True,False,True,0.92027736,0.92027736,0.0,True,False,True,0.92027736,0.9202573,0.0002745833,True,False,True,0.92027736,0.9201746,0.0014009437,True,False,True,5.96046447642884e-07,2.0060000000099443e-05,0.00010276000000009056,False,False,False,False,False,False,False,False
1,test,20260202_144238_beam2,20260202_144238,1,/home/tobeornot8259748/projects/balloon_radar_project/data/raw/detection_dataset/train/UAV_IQ/IQ_Data/20260202_144238_beam2.mat,0.9784671068191528,0.9784666895866394,0.0033482331782579,0.0064539648592472,True,False,True,0.95157343,0.95157343,0.0,True,False,True,0.95157343,0.9512673,0.006623718,True,False,True,0.95157343,0.9429188,0.17356296,True,False,True,4.172325134277344e-07,0.00030613000000001556,0.008654630000000108,False,False,False,False,False,False,False,False
1,test,20260202_144238_beam3,20260202_144238,1,/home/tobeornot8259748/projects/balloon_radar_project/data/raw/detection_dataset/train/UAV_IQ/IQ_Data/20260202_144238_beam3.mat,0.974628746509552,0.9746281504631042,0.0033458760008215,0.0062415488064289,True,False,True,0.97455376,0.97455376,0.0,True,False,True,0.97455376,0.9745321,0.0008690032,True,False,True,0.97455376,0.97455364,7.585613e-07,True,False,True,5.960464477539062e-07,2.166000000003443e-05,1.200000000478596e-07,False,False,False,False,False,False,False,False
1,test,20260202_144238_beam4,20260202_144238,1,/home/tobeornot8259748/projects/balloon_radar_project/data/raw/detection_dataset/train/UAV_IQ/IQ_Data/20260202_144238_beam4.mat,0.9769787192344666,0.9769782423973083,0.0033458215184509,0.0063247065991163,True,False,True,0.97154367,0.97154367,0.0,True,False,True,0.97154367,0.9715399,0.00013491481,True,False,True,0.97154367,0.9715298,0.0005005061,True,False,True,4.76837158203125e-07,3.7699999999585287e-06,1.3869999999971405e-05,False,False,False,False,False,False,False,False
1,test,20260202_144246_beam1,20260202_144246,1,/home/tobeornot8259748/projects/balloon_radar_project/data/raw/detection_dataset/test/UAV_IQ/IQ_Data/20260202_144246_beam1.mat,0.9605836272239684,0.9605827927589417,0.0033427702728658,0.0064078490249812,True,False,True,0.82930136,0.82930136,0.0,True,False,True,0.82930136,0.8278033,0.010545497,True,False,True,0.82930136,0.81128126,0.1223266,True,False,True,8.344650267444464e-07,0.0014980599999999678,0.018020099999999983,False,False,False,False,False,False,False,False
1,test,20260202_144246_beam2,20260202_144246,1,/home/tobeornot8259748/projects/balloon_radar_project/data/raw/detection_dataset/test/UAV_IQ/IQ_Data/20260202_144246_beam2.mat,0.9365176558494568,0.9365164041519164,0.0033457262907177,0.0062483651563525,True,False,True,0.9113817,0.9113817,0.0,True,False,True,0.9113817,0.8862719,0.27741072,True,False,True,0.9113817,0.90923595,0.026282756,True,False,True,1.2516975403942254e-06,0.02510979999999996,0.0021457499999999463,False,False,False,False,False,False,False,False
1,test,20260202_144246_beam3,20260202_144246,1,/home/tobeornot8259748/projects/balloon_radar_project/data/raw/detection_dataset/test/UAV_IQ/IQ_Data/20260202_144246_beam3.mat,0.7781439423561096,0.7781385779380798,0.0037060468457639,0.0083425370976328,True,False,True,0.9558885,0.9558885,0.0,True,False,True,0.9558885,0.95260096,0.075326964,True,False,True,0.9558885,0.9557517,0.0032398896,True,False,True,5.364418029785156e-06,0.0032875399999999777,0.000136800000000048,False,False,False,False,False,False,False,False
1,test,20260202_144246_beam4,20260202_144246,1,/home/tobeornot8259748/projects/balloon_radar_project/data/raw/detection_dataset/test/UAV_IQ/IQ_Data/20260202_144246_beam4.mat,0.933552086353302,0.9335507750511168,0.0033454368822276,0.0062812641263008,True,False,True,0.9521561,0.9521561,0.0,True,False,True,0.9521561,0.9519962,0.0035052386,True,False,True,0.9521561,0.9521504,0.00012548648,True,False,True,1.311302185169616e-06,0.0001598999999999906,5.699999999997374e-06,False,False,False,False,False,False,False,False
1,test,20260202_144246_beam5,20260202_144246,1,/home/tobeornot8259748/projects/balloon_radar_project/data/raw/detection_dataset/test/UAV_IQ/IQ_Data/20260202_144246_beam5.mat,0.9707987308502196,0.9707980751991272,0.0033336894121021,0.0065391082316637,True,False,True,0.7547606,0.7547606,0.0,True,False,True,0.7547606,0.75369346,0.0057566776,True,False,True,0.7547606,0.4747475,1.2252617,True,False,True,6.556510924182746e-07,0.0010671399999999664,0.2800131,False,False,False,False,False,False,False,False
1,test,20260202_144254_beam1,20260202_144254,1,/home/tobeornot8259748/projects/balloon_radar_project/data/raw/detection_dataset/test/UAV_IQ/IQ_Data/20260202_144254_beam1.mat,0.9792352318763732,0.97923481464386,0.0033505985047668,0.0063718263991177,True,False,True,0.95157635,0.95157635,0.0,True,False,True,0.95157635,0.95157343,6.231079e-05,True,False,True,0.95157635,0.9515749,2.9705892e-05,True,False,True,4.1723251320568977e-07,2.919999999906331e-06,1.449999999958429e-06,False,False,False,False,False,False,False,False
1,test,20260202_144254_beam2,20260202_144254,1,/home/tobeornot8259748/projects/balloon_radar_project/data/raw/detection_dataset/test/UAV_IQ/IQ_Data/20260202_144254_beam2.mat,0.9719924926757812,0.9719918966293336,0.0033439774997532,0.0061008473858237,True,False,True,0.97226554,0.97226554,0.0,True,False,True,0.97226554,0.97224253,0.00085179874,True,False,True,0.97226554,0.97226024,0.00019723475,True,False,True,5.96046447642884e-07,2.3009999999934472e-05,5.2999999999858716e-06,False,False,False,False,False,False,False,False
1,test,20260202_144254_beam3,20260202_144254,1,/home/tobeornot8259748/projects/balloon_radar_project/data/raw/detection_dataset/test/UAV_IQ/IQ_Data/20260202_144254_beam3.mat,0.9737945199012756,0.9737941026687622,0.00334706553258,0.0061240433715283,True,False,True,0.9841926,0.9841926,0.0,True,False,True,0.9841926,0.98419094,0.00010670541,True,False,True,0.9841926,0.9841926,1.6050345e-07,True,False,True,4.172325134277344e-07,1.6600000000144277e-06,0.0,False,False,False,False,False,False,False,False
1,test,20260202_144254_beam4,20260202_144254,1,/home/tobeornot8259748/projects/balloon_radar_project/data/raw/detection_dataset/test/UAV_IQ/IQ_Data/20260202_144254_beam4.mat,0.9757161140441896,0.9757156372070312,0.0033475935924798,0.0061979824677109,True,False,True,0.98293144,0.98293144,0.0,True,False,True,0.98293144,0.9829313,1.0211533e-05,True,False,True,0.98293144,0.98293084,3.6894384e-05,True,False,True,4.768371583141473e-07,1.4000000003733248e-07,6.000000000172534e-07,False,False,False,False,False,False,False,False
1,test,20260202_144302_beam1,20260202_144302,1,/home/tobeornot8259748/projects/balloon_radar_project/data/raw/detection_dataset/test/UAV_IQ/IQ_Data/20260202_144302_beam1.mat,0.9567152261734008,0.9567143321037292,0.0033388489391654,0.0060960003174841,True,False,True,0.95313716,0.95313716,0.0,True,False,True,0.95313716,0.95313686,7.925677e-06,True,False,True,0.95313716,0.95313716,1.2841713e-06,True,False,True,8.940696715198371e-07,3.0000000006413785e-07,0.0,False,False,False,False,False,False,False,False
1,test,20260202_144302_beam2,20260202_144302,1,/home/tobeornot8259748/projects/balloon_radar_project/data/raw/detection_dataset/test/UAV_IQ/IQ_Data/20260202_144302_beam2.mat,0.9660279750823976,0.9660273790359496,0.0033381760586053,0.0060889874584972,True,False,True,0.98052764,0.98052764,0.0,True,False,True,0.98052764,0.98052764,2.1576489e-06,True,False,True,0.98052764,0.98052764,1.4952236e-07,True,False,True,5.960464479759509e-07,0.0,0.0,False,False,False,False,False,False,False,False
1,test,20260202_144302_beam3,20260202_144302,1,/home/tobeornot8259748/projects/balloon_radar_project/data/raw/detection_dataset/test/UAV_IQ/IQ_Data/20260202_144302_beam3.mat,0.9724670648574828,0.97246652841568,0.0033410708419978,0.0061967261135578,True,False,True,0.9813628,0.9813628,0.0,True,False,True,0.9813628,0.9813627,2.887016e-06,True,False,True,0.9813628,0.9813628,8.726275e-07,True,False,True,5.36441802756471e-07,9.999999994736442e-08,0.0,False,False,False,False,False,False,False,False
1,test,20260202_144302_beam4,20260202_144302,1,/home/tobeornot8259748/projects/balloon_radar_project/data/raw/detection_dataset/test/UAV_IQ/IQ_Data/20260202_144302_beam4.mat,0.9748690724372864,0.9748685359954834,0.0033420617692172,0.0062861554324626,True,False,True,0.9815167,0.9815167,0.0,True,False,True,0.9815167,0.9815167,5.2666417e-07,True,False,True,0.9815167,0.9815166,2.6633345e-06,True,False,True,5.364418029785156e-07,0.0,1.0000000005838672e-07,False,False,False,False,False,False,False,False
1,test,20260202_144302_beam5,20260202_144302,1,/home/tobeornot8259748/projects/balloon_radar_project/data/raw/detection_dataset/test/UAV_IQ/IQ_Data/20260202_144302_beam5.mat,0.954647421836853,0.9546465277671814,0.0033460729755461,0.0061944620683789,True,False,True,0.96424717,0.96424717,0.0,True,False,True,0.96424717,0.96424717,5.526978e-07,True,False,True,0.96424717,0.96424717,4.9681006e-07,True,False,True,8.940696716308594e-07,0.0,0.0,False,False,False,False,False,False,False,False
1,test,20260202_144311_beam1,20260202_144311,1,/home/tobeornot8259748/projects/balloon_radar_project/data/raw/detection_dataset/train/UAV_IQ/IQ_Data/20260202_144311_beam1.mat,0.9763104915618896,0.9763100147247314,0.0033439872786402,0.006303871050477,True,False,True,0.9672598,0.9672598,0.0,True,False,True,0.9672598,0.967259,2.4385226e-05,True,False,True,0.9672598,0.9672349,0.00078326714,True,False,True,4.76837158203125e-07,8.000000000230045e-07,2.489999999999437e-05,False,False,False,False,False,False,False,False
1,test,20260202_144311_beam2,20260202_144311,1,/home/tobeornot8259748/projects/balloon_radar_project/data/raw/detection_dataset/train/UAV_IQ/IQ_Data/20260202_144311_beam2.mat,0.9820137619972228,0.9820134043693542,0.0033471623901277,0.0066450675949454,True,False,True,0.93982065,0.93982065,0.0,True,False,True,0.93982065,0.9394368,0.006765895,True,False,True,0.93982065,0.93786174,0.03411855,True,False,True,3.5762786854132145e-07,0.0003838500000000744,0.001958910000000036,False,False,False,False,False,False,False,False
1,test,20260202_144311_beam3,20260202_144311,1,/home/tobeornot8259748/projects/balloon_radar_project/data/raw/detection_dataset/train/UAV_IQ/IQ_Data/20260202_144311_beam3.mat,0.974239468574524,0.9742388725280762,0.0033368179574608,0.0062246150337159,True,False,True,0.90528303,0.90528303,0.0,True,False,True,0.90528303,0.9034347,0.021369958,True,False,True,0.90528303,0.7473713,1.1727128,True,False,True,5.960464478649286e-07,0.0018483299999999536,0.15791173000000003,False,False,False,False,False,False,False,False
1,test,20260202_144311_beam4,20260202_144311,1,/home/tobeornot8259748/projects/balloon_radar_project/data/raw/detection_dataset/train/UAV_IQ/IQ_Data/20260202_144311_beam4.mat,0.98046875,0.9804683923721312,0.003350808750838,0.0065062665380537,True,False,True,0.97686017,0.97686017,0.0,True,False,True,0.97686017,0.97685856,7.275265e-05,True,False,True,0.97686017,0.9768544,0.00025597113,True,False,True,3.5762786876336605e-07,1.6099999999852344e-06,5.77000000001604e-06,False,False,False,False,False,False,False,False
1,test,20260202_144311_beam5,20260202_144311,1,/home/tobeornot8259748/projects/balloon_radar_project/data/raw/detection_dataset/train/UAV_IQ/IQ_Data/20260202_144311_beam5.mat,0.9750598073005676,0.97505921125412,0.0033421155530959,0.0062723364681005,True,False,True,0.9833582,0.9833582,0.0,True,False,True,0.9833582,0.9833582,8.4326956e-08,True,False,True,0.9833582,0.9833582,1.6147812e-06,True,False,True,5.96046447642884e-07,0.0,0.0,False,False,False,False,False,False,False,False
1,test,20260202_144319_beam1,20260202_144319,1,/home/tobeornot8259748/projects/balloon_radar_project/data/raw/detection_dataset/val/UAV_IQ/IQ_Data/20260202_144319_beam1.mat,0.9674102663993835,0.967409610748291,0.0033391339238733,0.0061111040413379,True,False,True,0.97350365,0.97350365,0.0,True,False,True,0.97350365,0.973503,2.285831e-05,True,False,True,0.97350365,0.97345835,0.001755076,True,False,True,6.556510925292969e-07,6.500000000464468e-07,4.5300000000025875e-05,False,False,False,False,False,False,False,False
1,test,20260202_144319_beam2,20260202_144319,1,/home/tobeornot8259748/projects/balloon_radar_project/data/raw/detection_dataset/val/UAV_IQ/IQ_Data/20260202_144319_beam2.mat,0.9802431464195251,0.9802426695823668,0.0033429083414375,0.0065245726145803,True,False,True,0.9684433,0.9684433,0.0,True,False,True,0.9684433,0.9684381,0.00016858477,True,False,True,0.9684433,0.9683622,0.0026479384,True,False,True,4.768371583141473e-07,5.200000000038507e-06,8.110000000005613e-05,False,False,False,False,False,False,False,False
1,test,20260202_144319_beam3,20260202_144319,1,/home/tobeornot8259748/projects/balloon_radar_project/data/raw/detection_dataset/val/UAV_IQ/IQ_Data/20260202_144319_beam3.mat,0.9821512699127196,0.9821509122848512,0.0033508976921439,0.0066539756953716,True,False,True,0.9678781,0.9678781,0.0,True,False,True,0.9678781,0.9678738,0.00013714528,True,False,True,0.9678781,0.9678307,0.0015226284,True,False,True,3.5762786843029915e-07,4.299999999957116e-06,4.739999999991973e-05,False,False,False,False,False,False,False,False
1,test,20260202_144319_beam4,20260202_144319,1,/home/tobeornot8259748/projects/balloon_radar_project/data/raw/detection_dataset/val/UAV_IQ/IQ_Data/20260202_144319_beam4.mat,0.9773707389831544,0.9773703217506408,0.0033458503894507,0.0063431616872549,True,False,True,0.97748625,0.97748625,0.0,True,False,True,0.97748625,0.97748566,2.4312543e-05,True,False,True,0.97748625,0.9774803,0.00026637907,True,False,True,4.17232513649779e-07,5.899999999670058e-07,5.950000000032318e-06,False,False,False,False,False,False,False,False
1,test,20260202_144319_beam5,20260202_144319,1,/home/tobeornot8259748/projects/balloon_radar_project/data/raw/detection_dataset/val/UAV_IQ/IQ_Data/20260202_144319_beam5.mat,0.9664738178253174,0.9664731621742249,0.0033377157524228,0.0061394213698804,True,False,True,0.98691934,0.98691934,0.0,True,False,True,0.98691934,0.98691934,4.102735e-08,True,False,True,0.98691934,0.98691934,1.2249057e-08,True,False,True,6.556510925292969e-07,0.0,0.0,False,False,False,False,False,False,False,False
1,test,20260202_144327_beam1,20260202_144327,1,/home/tobeornot8259748/projects/balloon_radar_project/data/raw/detection_dataset/train/UAV_IQ/IQ_Data/20260202_144327_beam1.mat,0.9800912737846376,0.9800907969474792,0.003346289275214,0.0065313521772623,True,False,True,0.96864957,0.96864957,0.0,True,False,True,0.96864957,0.96863294,0.00054724514,True,False,True,0.96864957,0.9686442,0.00017832725,True,False,True,4.768371583141473e-07,1.6629999999961953e-05,5.370000000004538e-06,False,False,False,False,False,False,False,False
1,test,20260202_144327_beam2,20260202_144327,1,/home/tobeornot8259748/projects/balloon_radar_project/data/raw/detection_dataset/train/UAV_IQ/IQ_Data/20260202_144327_beam2.mat,0.9569571614265442,0.9569562673568726,0.0033360889647156,0.0060544456355273,True,False,True,0.9457093,0.9457093,0.0,True,False,True,0.9457093,0.91628647,0.4646537,True,False,True,0.9457093,0.94554704,0.0031541358,True,False,True,8.940696716308594e-07,0.02942283000000001,0.00016225999999996965,False,False,False,False,False,False,False,False
1,test,20260202_144327_beam3,20260202_144327,1,/home/tobeornot8259748/projects/balloon_radar_project/data/raw/detection_dataset/train/UAV_IQ/IQ_Data/20260202_144327_beam3.mat,0.9453993439674376,0.9453983306884766,0.0033389537129551,0.0060533308424055,True,False,True,0.9282937,0.9282937,0.0,True,False,True,0.9282937,0.8533817,0.7993951,True,False,True,0.9282937,0.90325445,0.32684922,True,False,True,1.0132789610706183e-06,0.07491199999999998,0.025039249999999957,False,False,False,False,False,False,False,False
1,test,20260202_144327_beam4,20260202_144327,1,/home/tobeornot8259748/projects/balloon_radar_project/data/raw/detection_dataset/train/UAV_IQ/IQ_Data/20260202_144327_beam4.mat,0.974628746509552,0.9746281504631042,0.0033412547782063,0.006312028504908,True,False,True,0.9662604,0.9662604,0.0,True,False,True,0.9662604,0.96617603,0.0025827205,True,False,True,0.9662604,0.96624416,0.0004981571,True,False,True,5.960464477539062e-07,8.437000000005579e-05,1.62400000000007e-05,False,False,False,False,False,False,False,False
1,test,20260202_144327_beam5,20260202_144327,1,/home/tobeornot8259748/projects/balloon_radar_project/data/raw/detection_dataset/train/UAV_IQ/IQ_Data/20260202_144327_beam5.mat,0.9814178347587584,0.98141747713089,0.0033486660104244,0.00667071249336,True,False,True,0.9427436,0.9427436,0.0,True,False,True,0.9427436,0.9427403,6.118618e-05,True,False,True,0.9427436,0.9427082,0.0006554433,True,False,True,3.5762786843029915e-07,3.3000000000393825e-06,3.540000000001875e-05,False,False,False,False,False,False,False,False
1,test,20260202_144335_beam1,20260202_144335,1,/home/tobeornot8259748/projects/balloon_radar_project/data/raw/detection_dataset/train/UAV_IQ/IQ_Data/20260202_144335_beam1.mat,0.9605096578598022,0.9605088829994202,0.0033368119038641,0.0060640526935458,True,False,True,0.98249346,0.98249346,0.0,True,False,True,0.98249346,0.9824934,8.511041e-06,True,False,True,0.98249346,0.9824934,5.4322263e-06,True,False,True,7.748603820800781e-07,6.000000007944095e-08,6.000000007944095e-08,False,False,False,False,False,False,False,False
1,test,20260202_144335_beam2,20260202_144335,1,/home/tobeornot8259748/projects/balloon_radar_project/data/raw/detection_dataset/train/UAV_IQ/IQ_Data/20260202_144335_beam2.mat,0.975623369216919,0.9756229519844056,0.0033427767921239,0.0063000051304697,True,False,True,0.9626641,0.9626641,0.0,True,False,True,0.9626641,0.96263593,0.0007834209,True,False,True,0.9626641,0.96206474,0.016548224,True,False,True,4.1723251331671207e-07,2.8169999999994033e-05,0.0005993600000000487,False,False,False,False,False,False,False,False
1,test,20260202_144335_beam3,20260202_144335,1,/home/tobeornot8259748/projects/balloon_radar_project/data/raw/detection_dataset/train/UAV_IQ/IQ_Data/20260202_144335_beam3.mat,0.9766246676445008,0.9766241908073424,0.0033464087173342,0.0063343653455376,True,False,True,0.9620728,0.9620728,0.0,True,False,True,0.9620728,0.9620514,0.0005862282,True,False,True,0.9620728,0.9619029,0.0046464233,True,False,True,4.768371584251696e-07,2.1399999999949237e-05,0.0001698999999999451,False,False,False,False,False,False,False,False
1,test,20260202_144335_beam4,20260202_144335,1,/home/tobeornot8259748/projects/balloon_radar_project/data/raw/detection_dataset/train/UAV_IQ/IQ_Data/20260202_144335_beam4.mat,0.9831499457359314,0.9831495881080629,0.0033547426573932,0.0067480029538273,True,False,True,0.976606,0.976606,0.0,True,False,True,0.976606,0.9766054,2.1952039e-05,True,False,True,0.976606,0.9766045,6.20961e-05,True,False,True,3.5762786854132145e-07,6.000000000172534e-07,1.4999999999876223e-06,False,False,False,False,False,False,False,False
1,test,20260202_144335_beam5,20260202_144335,1,/home/tobeornot8259748/projects/balloon_radar_project/data/raw/detection_dataset/train/UAV_IQ/IQ_Data/20260202_144335_beam5.mat,0.9653158187866212,0.9653151631355286,0.0033371816389262,0.0061380774714052,True,False,True,0.98847276,0.98847276,0.0,True,False,True,0.98847276,0.98847276,9.2100265e-09,True,False,True,0.98847276,0.98847276,1.1786754e-07,True,False,True,6.556510926403192e-07,0.0,0.0,False,False,False,False,False,False,False,False
1,test,20260202_144344_beam1,20260202_144344,1,/home/tobeornot8259748/projects/balloon_radar_project/data/raw/detection_dataset/train/UAV_IQ/IQ_Data/20260202_144344_beam1.mat,0.9806919097900392,0.9806915521621704,0.0033375828061252,0.0065977927297353,True,False,True,0.9932811,0.9932811,0.0,True,False,True,0.9932811,0.9932811,1.7741993e-08,True,False,True,0.9932811,0.9932811,3.624295e-10,True,False,True,3.5762786876336605e-07,0.0,0.0,False,False,False,False,False,False,False,False
1,test,20260202_144344_beam2,20260202_144344,1,/home/tobeornot8259748/projects/balloon_radar_project/data/raw/detection_dataset/train/UAV_IQ/IQ_Data/20260202_144344_beam2.mat,0.966663122177124,0.9666624665260316,0.0033345955889672,0.0061347219161689,True,False,True,0.9938373,0.9938373,0.0,True,False,True,0.9938373,0.9938373,1.2873761e-07,True,False,True,0.9938373,0.9938373,2.0483693e-10,True,False,True,6.556510924182746e-07,0.0,0.0,False,False,False,False,False,False,False,False
1,test,20260202_144344_beam3,20260202_144344,1,/home/tobeornot8259748/projects/balloon_radar_project/data/raw/detection_dataset/train/UAV_IQ/IQ_Data/20260202_144344_beam3.mat,0.9674102663993835,0.967409610748291,0.0033348840661346,0.0061471126973629,True,False,True,0.9915011,0.9915011,0.0,True,False,True,0.9915011,0.9915011,3.765306e-07,True,False,True,0.9915011,0.9915011,3.5423348e-08,True,False,True,6.556510925292969e-07,0.0,0.0,False,False,False,False,False,False,False,False
1,test,20260202_144344_beam4,20260202_144344,1,/home/tobeornot8259748/projects/balloon_radar_project/data/raw/detection_dataset/train/UAV_IQ/IQ_Data/20260202_144344_beam4.mat,0.9645892381668092,0.9645885229110718,0.0033331825397908,0.0061132358387112,True,False,True,0.99236965,0.99236965,0.0,True,False,True,0.99236965,0.99236965,1.0662524e-08,True,False,True,0.99236965,0.99236965,2.2418721e-10,True,False,True,7.152557374157098e-07,0.0,0.0,False,False,False,False,False,False,False,False
1,test,20260202_144344_beam5,20260202_144344,1,/home/tobeornot8259748/projects/balloon_radar_project/data/raw/detection_dataset/train/UAV_IQ/IQ_Data/20260202_144344_beam5.mat,0.9682013392448424,0.96820068359375,0.0033238776959478,0.006287588737905,True,False,True,0.9688408,0.9688408,0.0,True,False,True,0.9688408,0.9688408,1.416902e-08,True,False,True,0.9688408,0.96884066,5.5225514e-06,True,False,True,6.556510924182746e-07,0.0,1.3999999992631018e-07,False,False,False,False,False,False,False,False
1,test,20260202_144352_beam1,20260202_144352,1,/home/tobeornot8259748/projects/balloon_radar_project/data/raw/detection_dataset/train/UAV_IQ/IQ_Data/20260202_144352_beam1.mat,0.9687380790710448,0.9687374830245972,0.0033226492814719,0.0063528968021273,True,False,True,0.9771549,0.9771549,0.0,True,False,True,0.9771549,0.9771549,3.6566004e-08,True,False,True,0.9771549,0.9771547,5.494609e-06,True,False,True,5.96046447642884e-07,0.0,2.0000000000575113e-07,False,False,False,False,False,False,False,False
1,test,20260202_144352_beam2,20260202_144352,1,/home/tobeornot8259748/projects/balloon_radar_project/data/raw/detection_dataset/train/UAV_IQ/IQ_Data/20260202_144352_beam2.mat,0.9745803475379944,0.9745798110961914,0.0033288414124399,0.0064941458404064,True,False,True,0.98936826,0.98936826,0.0,True,False,True,0.98936826,0.98936826,9.19948e-08,True,False,True,0.98936826,0.98936826,2.2073655e-08,True,False,True,5.364418029785156e-07,0.0,0.0,False,False,False,False,False,False,False,False
1,test,20260202_144352_beam3,20260202_144352,1,/home/tobeornot8259748/projects/balloon_radar_project/data/raw/detection_dataset/train/UAV_IQ/IQ_Data/20260202_144352_beam3.mat,0.968020498752594,0.9680197834968568,0.0033283955417573,0.0063211238011717,True,False,True,0.9908868,0.9908868,0.0,True,False,True,0.9908868,0.9908868,7.949408e-08,True,False,True,0.9908868,0.9908868,5.8189734e-08,True,False,True,7.152557371936652e-07,0.0,0.0,False,False,False,False,False,False,False,False
1,test,20260202_144352_beam4,20260202_144352,1,/home/tobeornot8259748/projects/balloon_radar_project/data/raw/detection_dataset/train/UAV_IQ/IQ_Data/20260202_144352_beam4.mat,0.968020498752594,0.9680197834968568,0.003322634845972,0.006355027668178,True,False,True,0.974607,0.974607,0.0,True,False,True,0.974607,0.974607,2.1978595e-07,True,False,True,0.974607,0.974607,1.568333e-06,True,False,True,7.152557371936652e-07,0.0,0.0,False,False,False,False,False,False,False,False
1,test,20260202_144352_beam5,20260202_144352,1,/home/tobeornot8259748/projects/balloon_radar_project/data/raw/detection_dataset/train/UAV_IQ/IQ_Data/20260202_144352_beam5.mat,0.7879312038421631,0.7879259586334229,0.0036868473980575,0.0085266986861824,True,False,True,0.83404505,0.83404505,0.0,True,False,False,0.83404505,0.8337668,0.0020089177,True,False,False,0.83404505,0.8039909,0.20314424,True,False,False,5.245208740234375e-06,0.0002782499999999244,0.03005415,False,False,True,False,False,False,True,False
1,test,20260202_144417_beam1,20260202_144417,1,/home/tobeornot8259748/projects/balloon_radar_project/data/raw/detection_dataset/train/UAV_IQ/IQ_Data/20260202_144417_beam1.mat,0.978508234024048,0.9785077571868896,0.0033412075135856,0.0064546102657914,True,False,True,0.96537304,0.96537304,0.0,True,False,True,0.96537304,0.96537304,2.6881935e-07,True,False,True,0.96537304,0.9653729,3.929364e-06,True,False,True,4.768371583141473e-07,0.0,1.4000000003733248e-07,False,False,False,False,False,False,False,False
1,test,20260202_144417_beam2,20260202_144417,1,/home/tobeornot8259748/projects/balloon_radar_project/data/raw/detection_dataset/train/UAV_IQ/IQ_Data/20260202_144417_beam2.mat,0.966156005859375,0.9661553502082824,0.0033360491506755,0.0061179855838418,True,False,True,0.9846838,0.9846838,0.0,True,False,True,0.9846838,0.9846838,4.7596382e-07,True,False,True,0.9846838,0.9846838,4.369219e-09,True,False,True,6.556510926403192e-07,0.0,0.0,False,False,False,False,False,False,False,False
1,test,20260202_144417_beam3,20260202_144417,1,/home/tobeornot8259748/projects/balloon_radar_project/data/raw/detection_dataset/train/UAV_IQ/IQ_Data/20260202_144417_beam3.mat,0.9687380790710448,0.9687374830245972,0.0033373795449733,0.0061394181102514,True,False,True,0.9824216,0.9824216,0.0,True,False,True,0.9824216,0.98242146,4.8495813e-06,True,False,True,0.9824216,0.9824216,6.856943e-10,True,False,True,5.96046447642884e-07,1.4000000003733248e-07,0.0,False,False,False,False,False,False,False,False
1,test,20260202_144417_beam4,20260202_144417,1,/home/tobeornot8259748/projects/balloon_radar_project/data/raw/detection_dataset/train/UAV_IQ/IQ_Data/20260202_144417_beam4.mat,0.9736947417259216,0.973694145679474,0.0033389597665518,0.0062720058485865,True,False,True,0.9779574,0.9779574,0.0,True,False,True,0.9779574,0.9779574,4.862669e-07,True,False,True,0.9779574,0.9779574,5.844292e-07,True,False,True,5.96046447642884e-07,0.0,0.0,False,False,False,False,False,False,False,False
1,test,20260202_144417_beam5,20260202_144417,1,/home/tobeornot8259748/projects/balloon_radar_project/data/raw/detection_dataset/train/UAV_IQ/IQ_Data/20260202_144417_beam5.mat,0.9462003111839294,0.9461992383003236,0.0033687490504235,0.0063504548743367,True,False,True,0.81372434,0.81372434,0.0,True,False,True,0.81372434,0.81371886,3.6382302e-05,True,False,True,0.81372434,0.8131307,0.003911805,True,False,True,1.072883605846009e-06,5.48000000000215e-06,0.0005936400000000619,False,False,False,False,False,False,False,False
2,test,20260204_100802_beam1_az001,20260204_100802,0,/home/tobeornot8259748/projects/balloon_radar_project/data/raw/detection_dataset/train/Background_IQ/IQ_Data/20260204_100802_beam1_az001.mat,0.0530097782611846,0.0461464188992977,0.7995410561561584,0.1824524253606796,False,False,False,0.050646674,0.050646674,0.0,False,False,False,0.050646674,0.006131129,2.157319,False,False,False,0.050646674,0.009257672,1.7420944,False,False,False,0.006863359361886902,0.044515545000000004,0.041389002,False,False,False,False,False,False,False,False
2,test,20260204_100802_beam1_az010,20260204_100802,0,/home/tobeornot8259748/projects/balloon_radar_project/data/raw/detection_dataset/train/Background_IQ/IQ_Data/20260204_100802_beam1_az010.mat,0.0436095260083675,0.0383460745215415,0.7995396852493286,0.1677363514900207,False,False,False,0.05231031,0.05231031,0.0,False,False,False,0.05231031,0.015745178,1.2385169,False,False,False,0.05231031,0.024401944,0.7915543,False,False,False,0.0052634514868259985,0.036565132,0.027908366,False,False,False,False,False,False,False,False
2,test,20260204_100802_beam1_az019,20260204_100802,0,/home/tobeornot8259748/projects/balloon_radar_project/data/raw/detection_dataset/train/Background_IQ/IQ_Data/20260204_100802_beam1_az019.mat,0.0491307862102985,0.0429503880441188,0.7995736598968506,0.1762425154447555,False,False,False,0.061560784,0.061560784,0.0,False,False,False,0.061560784,0.020616092,1.1366585,False,False,False,0.061560784,0.029648375,0.76405823,False,False,False,0.006180398166179699,0.040944692000000005,0.031912409,False,False,False,False,False,False,False,False
2,test,20260204_100802_beam1_az028,20260204_100802,0,/home/tobeornot8259748/projects/balloon_radar_project/data/raw/detection_dataset/train/Background_IQ/IQ_Data/20260204_100802_beam1_az028.mat,0.0725052505731582,0.0623687729239463,0.7995514273643494,0.2019427716732025,False,False,False,0.047562357,0.047562357,0.0,False,False,False,0.047562357,0.01474338,1.2051247,False,False,False,0.047562357,0.02269368,0.7657306,False,False,False,0.010136477649211897,0.032818977,0.024868677,False,False,False,False,False,False,False,False
2,test,20260204_100802_beam1_az037,20260204_100802,0,/home/tobeornot8259748/projects/balloon_radar_project/data/raw/detection_dataset/train/Background_IQ/IQ_Data/20260204_100802_beam1_az037.mat,0.0750407204031944,0.0643868744373321,0.7995306849479675,0.2058375775814056,False,False,False,0.28170618,0.28170618,0.0,False,False,False,0.28170618,0.027394226,2.6336324,False,False,False,0.28170618,0.037596118,2.3065193,False,False,False,0.010653845965862302,0.25431195399999995,0.24411006199999996,False,False,False,False,False,False,False,False
2,test,20260204_100802_beam1_az046,20260204_100802,0,/home/tobeornot8259748/projects/balloon_radar_project/data/raw/detection_dataset/train/Background_IQ/IQ_Data/20260204_100802_beam1_az046.mat,0.0444314293563365,0.038947470486164,0.7995782494544983,0.1719107031822204,False,False,False,0.056823507,0.056823507,0.0,False,False,False,0.056823507,0.0065127267,2.21816,False,False,False,0.056823507,0.02285041,0.94636756,False,False,False,0.005483958870172501,0.0503107803,0.033973097,False,False,False,False,False,False,False,False
2,test,20260204_100802_beam1_az055,20260204_100802,0,/home/tobeornot8259748/projects/balloon_radar_project/data/raw/detection_dataset/test/Background_IQ/IQ_Data/20260204_100802_beam1_az055.mat,0.0476026572287082,0.04164619743824,0.7995781898498535,0.1749835014343261,False,False,False,0.05031695,0.05031695,0.0,False,False,False,0.05031695,0.015592516,1.2074625,False,False,False,0.05031695,0.023777628,0.77715904,False,False,False,0.005956459790468195,0.034724434,0.026539322,False,False,False,False,False,False,False,False
2,test,20260204_100802_beam1_az064,20260204_100802,0,/home/tobeornot8259748/projects/balloon_radar_project/data/raw/detection_dataset/train/Background_IQ/IQ_Data/20260204_100802_beam1_az064.mat,0.0725052505731582,0.06256815046072,0.7995599508285522,0.1976833045482635,False,False,False,0.046571415,0.046571415,0.0,False,False,False,0.046571415,0.0049724784,2.2797747,False,False,False,0.046571415,0.0045504468,2.3688915,False,False,False,0.009937100112438188,0.0415989366,0.042020968199999995,False,False,False,False,False,False,False,False
2,test,20260204_100802_beam1_az073,20260204_100802,0,/home/tobeornot8259748/projects/balloon_radar_project/data/raw/detection_dataset/val/Background_IQ/IQ_Data/20260204_100802_beam1_az073.mat,0.0441009104251861,0.0386510416865348,0.7995630502700806,0.1720836460590362,False,False,False,0.0540321,0.0540321,0.0,False,False,False,0.0540321,0.017934773,1.1402862,False,False,False,0.0540321,0.026025938,0.7596607,False,False,False,0.005449868738651303,0.036097327,0.028006162,False,False,False,False,False,False,False,False
2,test,20260204_100802_beam1_az082,20260204_100802,0,/home/tobeornot8259748/projects/balloon_radar_project/data/raw/detection_dataset/train/Background_IQ/IQ_Data/20260204_100802_beam1_az082.mat,0.0610871091485023,0.0528751201927661,0.7995187044143677,0.1914604604244232,False,False,False,0.044143748,0.044143748,0.0,False,False,False,0.044143748,0.014072119,1.1742318,False,False,False,0.044143748,0.021200538,0.7571439,False,False,False,0.008211988955736202,0.030071628999999996,0.022943209999999995,False,False,False,False,False,False,False,False
2,test,20260204_100802_beam1_az091,20260204_100802,0,/home/tobeornot8259748/projects/balloon_radar_project/data/raw/detection_dataset/train/Background_IQ/IQ_Data/20260204_100802_beam1_az091.mat,0.0426423922181129,0.0374602228403091,0.7995395064353943,0.1688067466020584,False,False,False,0.114219226,0.114219226,0.0,False,False,False,0.114219226,0.009069009,2.6454318,False,False,False,0.114219226,0.004716869,3.3035321,False,False,False,0.0051821693778037956,0.10515021699999999,0.109502357,False,False,False,False,False,False,False,False
2,test,20260204_100802_beam1_az100,20260204_100802,0,/home/tobeornot8259748/projects/balloon_radar_project/data/raw/detection_dataset/test/Background_IQ/IQ_Data/20260204_100802_beam1_az100.mat,0.0535021498799324,0.0466548763215541,0.7995541095733643,0.1802911460399627,False,False,False,0.05202318,0.05202318,0.0,False,False,False,0.05202318,0.004808386,2.4299333,False,False,False,0.05202318,0.009228883,1.7735052,False,False,False,0.006847273558378296,0.047214794000000004,0.042794297,False,False,False,False,False,False,False,False
2,test,20260204_100802_beam1_az109,20260204_100802,0,/home/tobeornot8259748/projects/balloon_radar_project/data/raw/detection_dataset/train/Background_IQ/IQ_Data/20260204_100802_beam1_az109.mat,0.0458626635372638,0.0401516370475292,0.7995736002922058,0.1737874001264572,False,False,False,0.05144447,0.05144447,0.0,False,False,False,0.05144447,0.01713539,1.1348882,False,False,False,0.05144447,0.024336986,0.77668256,False,False,False,0.005711026489734601,0.03430908,0.027107483999999998,False,False,False,False,False,False,False,False
2,test,20260204_100802_beam1_az118,20260204_100802,0,/home/tobeornot8259748/projects/balloon_radar_project/data/raw/detection_dataset/test/Background_IQ/IQ_Data/20260204_100802_beam1_az118.mat,0.057387538254261,0.0498040281236171,0.7995398044586182,0.1872881650924682,False,False,False,0.05521059,0.05521059,0.0,False,False,False,0.05521059,0.017606286,1.1819286,False,False,False,0.05521059,0.026248474,0.773741,False,False,False,0.0075835101306439,0.037604304,0.028962115999999996,False,False,False,False,False,False,False,False
2,test,20260204_100802_beam1_az127,20260204_100802,0,/home/tobeornot8259748/projects/balloon_radar_project/data/raw/detection_dataset/train/Background_IQ/IQ_Data/20260204_100802_beam1_az127.mat,0.0420877262949943,0.0369431860744953,0.7995702624320984,0.1697551757097244,False,False,False,0.051844317,0.051844317,0.0,False,False,False,0.051844317,0.016726257,1.1676344,False,False,False,0.051844317,0.024794143,0.7657678,False,False,False,0.005144540220498997,0.03511806,0.027050174,False,False,False,False,False,False,False,False
2,test,20260204_100802_beam1_az136,20260204_100802,0,/home/tobeornot8259748/projects/balloon_radar_project/data/raw/detection_dataset/test/Background_IQ/IQ_Data/20260204_100802_beam1_az136.mat,0.043772742152214,0.0383781976997852,0.7995733022689819,0.1715257167816162,False,False,False,0.05163017,0.05163017,0.0,False,False,False,0.05163017,0.016401226,1.1832237,False,False,False,0.05163017,0.024949184,0.7550102,False,False,False,0.005394544452428804,0.035228944,0.026680986000000004,False,False,False,False,False,False,False,False
2,test,20260204_100802_beam1_az145,20260204_100802,0,/home/tobeornot8259748/projects/balloon_radar_project/data/raw/detection_dataset/test/Background_IQ/IQ_Data/20260204_100802_beam1_az145.mat,0.0410758890211582,0.0360454693436622,0.7995482683181763,0.1699365675449371,False,False,False,0.05740919,0.05740919,0.0,False,False,False,0.05740919,0.016593272,1.2835978,False,False,False,0.05740919,0.019432,1.122783,False,False,False,0.005030419677495998,0.040815918,0.037977189999999994,False,False,False,False,False,False,False,False
2,test,20260204_100802_beam1_az154,20260204_100802,0,/home/tobeornot8259748/projects/balloon_radar_project/data/raw/detection_dataset/test/Background_IQ/IQ_Data/20260204_100802_beam1_az154.mat,0.1937568634748459,0.1514968872070312,0.7993469834327698,0.3717128038406372,False,False,False,0.2027458,0.2027458,0.0,False,False,False,0.2027458,0.019257534,2.561187,False,False,False,0.2027458,0.010604,3.166643,False,False,False,0.04225997626781469,0.183488266,0.1921418,False,False,False,False,False,False,False,False
2,test,20260204_100802_beam1_az163,20260204_100802,0,/home/tobeornot8259748/projects/balloon_radar_project/data/raw/detection_dataset/val/Background_IQ/IQ_Data/20260204_100802_beam1_az163.mat,0.0593191459774971,0.0515787564218044,0.7995613813400269,0.1851227581501007,False,False,False,0.044136114,0.044136114,0.0,False,False,False,0.044136114,0.0063042366,1.984872,False,False,False,0.044136114,0.0017083113,3.295203,False,False,False,0.0077403895556927005,0.0378318774,0.042427802699999996,False,False,False,False,False,False,False,False
2,test,20260204_100802_beam1_az172,20260204_100802,0,/home/tobeornot8259748/projects/balloon_radar_project/data/raw/detection_dataset/val/Background_IQ/IQ_Data/20260204_100802_beam1_az172.mat,0.0447643138468265,0.0392299517989158,0.7995741963386536,0.1722765564918518,False,False,False,0.05787546,0.05787546,0.0,False,False,False,0.05787546,0.018795675,1.16531,False,False,False,0.05787546,0.027890734,0.7613297,False,False,False,0.005534362047910697,0.03907978499999999,0.029984725999999996,False,False,False,False,False,False,False,False
2,test,20260204_100802_beam1_az181,20260204_100802,0,/home/tobeornot8259748/projects/balloon_radar_project/data/raw/detection_dataset/val/Background_IQ/IQ_Data/20260204_100802_beam1_az181.mat,0.0502373613417148,0.0438883826136589,0.7995782494544983,0.1773080676794052,False,False,False,0.14392145,0.14392145,0.0,False,False,False,0.14392145,0.020474019,2.0848176,False,False,False,0.14392145,0.050419003,1.1525584,False,False,False,0.0063489787280558985,0.12344743100000001,0.09350244700000002,False,False,False,False,False,False,False,False
2,test,20260204_100802_beam1_az190,20260204_100802,0,/home/tobeornot8259748/projects/balloon_radar_project/data/raw/detection_dataset/train/Background_IQ/IQ_Data/20260204_100802_beam1_az190.mat,0.0443485826253891,0.0388537682592868,0.7995676398277283,0.1726046502590179,False,False,False,0.052998964,0.052998964,0.0,False,False,False,0.052998964,0.01760199,1.1389567,False,False,False,0.052998964,0.025537914,0.75869364,False,False,False,0.005494814366102302,0.035396974,0.027461050000000004,False,False,False,False,False,False,False,False
2,test,20260204_100802_beam1_az199,20260204_100802,0,/home/tobeornot8259748/projects/balloon_radar_project/data/raw/detection_dataset/train/Background_IQ/IQ_Data/20260204_100802_beam1_az199.mat,0.0633663460612297,0.05484389513731,0.7995449304580688,0.1919841170310974,False,False,False,0.31569195,0.31569195,0.0,False,False,False,0.31569195,0.049584027,2.1795897,False,False,False,0.31569195,0.09299997,1.503902,False,False,False,0.008522450923919705,0.26610792299999997,0.22269198,False,False,False,False,False,False,False,False
2,test,20260204_100802_beam1_az208,20260204_100802,0,/home/tobeornot8259748/projects/balloon_radar_project/data/raw/detection_dataset/train/Background_IQ/IQ_Data/20260204_100802_beam1_az208.mat,0.0553106553852558,0.0481919012963771,0.7995650768280029,0.1817011088132858,False,False,False,0.04915249,0.04915249,0.0,False,False,False,0.04915249,0.005995935,2.1482337,False,False,False,0.04915249,0.0029773868,2.8513012,False,False,False,0.007118754088878701,0.043156555,0.0461751032,False,False,False,False,False,False,False,False
2,test,20260204_100802_beam1_az217,20260204_100802,0,/home/tobeornot8259748/projects/balloon_radar_project/data/raw/detection_dataset/train/Background_IQ/IQ_Data/20260204_100802_beam1_az217.mat,0.0593191459774971,0.0514980517327785,0.7995749711990356,0.187184527516365,False,False,False,0.054645382,0.054645382,0.0,False,False,False,0.054645382,0.016938232,1.2104031,False,False,False,0.054645382,0.026032172,0.77134967,False,False,False,0.0078210942447186,0.037707149999999995,0.02861321,False,False,False,False,False,False,False,False
2,test,20260204_100802_beam1_az226,20260204_100802,0,/home/tobeornot8259748/projects/balloon_radar_project/data/raw/detection_dataset/test/Background_IQ/IQ_Data/20260204_100802_beam1_az226.mat,0.0497734509408474,0.0434921383857727,0.7995790243148804,0.1769556254148483,False,False,False,0.04984848,0.04984848,0.0,False,False,False,0.04984848,0.016621571,1.1326591,False,False,False,0.04984848,0.023965316,0.75925696,False,False,False,0.006281312555074699,0.033226909,0.025883164,False,False,False,False,False,False,False,False
2,test,20260204_100802_beam1_az235,20260204_100802,0,/home/tobeornot8259748/projects/balloon_radar_project/data/raw/detection_dataset/train/Background_IQ/IQ_Data/20260204_100802_beam1_az235.mat,0.0652465671300888,0.0563557334244251,0.7995583415031433,0.1950524449348449,False,False,False,0.055796444,0.055796444,0.0,False,False,False,0.055796444,0.005873975,2.3027008,False,False,False,0.055796444,0.008222115,1.9640402,False,False,False,0.008890833705663709,0.049922469,0.047574329,False,False,False,False,False,False,False,False
2,test,20260204_100802_beam1_az244,20260204_100802,0,/home/tobeornot8259748/projects/balloon_radar_project/data/raw/detection_dataset/train/Background_IQ/IQ_Data/20260204_100802_beam1_az244.mat,0.0786423832178115,0.0673154145479202,0.7995355725288391,0.2097971439361572,False,False,False,0.06396118,0.06396118,0.0,False,False,False,0.06396118,0.010214472,1.8903023,False,False,False,0.06396118,0.012152922,1.7145778,False,False,False,0.011326968669891302,0.053746708000000004,0.05180825800000001,False,False,False,False,False,False,False,False
2,test,20260204_100802_beam1_az253,20260204_100802,0,/home/tobeornot8259748/projects/balloon_radar_project/data/raw/detection_dataset/train/Background_IQ/IQ_Data/20260204_100802_beam1_az253.mat,0.0674237757921218,0.0582649931311607,0.7995527982711792,0.1948205828666687,False,False,False,0.043648284,0.043648284,0.0,False,False,False,0.043648284,0.012533289,1.2797925,False,False,False,0.043648284,0.011969351,1.3264029,False,False,False,0.009158782660961103,0.031114995000000003,0.031678933000000006,False,False,False,False,False,False,False,False
2,test,20260204_100802_beam1_az262,20260204_100802,0,/home/tobeornot8259748/projects/balloon_radar_project/data/raw/detection_dataset/train/Background_IQ/IQ_Data/20260204_100802_beam1_az262.mat,0.0614240430295467,0.0532155372202396,0.7995685338973999,0.190300852060318,False,False,False,0.044165976,0.044165976,0.0,False,False,False,0.044165976,0.012839804,1.2676528,False,False,False,0.044165976,0.01844822,0.8995372,False,False,False,0.008208505809307105,0.031326172,0.025717756,False,False,False,False,False,False,False,False
2,test,20260204_100802_beam2_az001,20260204_100802,0,/home/tobeornot8259748/projects/balloon_radar_project/data/raw/detection_dataset/train/Background_IQ/IQ_Data/20260204_100802_beam2_az001.mat,0.056966383010149,0.0495252795517444,0.7995646595954895,0.1848976463079452,False,False,False,0.18571167,0.18571167,0.0,False,False,False,0.18571167,0.026085714,2.1418161,False,False,False,0.18571167,0.017622154,2.5427,False,False,False,0.0074411034584046035,0.15962595599999999,0.168089516,False,False,False,False,False,False,False,False
2,test,20260204_100802_beam2_az010,20260204_100802,0,/home/tobeornot8259748/projects/balloon_radar_project/data/raw/detection_dataset/train/Background_IQ/IQ_Data/20260204_100802_beam2_az010.mat,0.0401625819504261,0.0353579483926296,0.7995305061340332,0.1656044274568557,False,False,False,0.06002225,0.06002225,0.0,False,False,False,0.06002225,0.017545564,1.2741121,False,False,False,0.06002225,0.028712304,0.770156,False,False,False,0.004804633557796499,0.042476686,0.031309946,False,False,False,False,False,False,False,False
2,test,20260204_100802_beam2_az019,20260204_100802,0,/home/tobeornot8259748/projects/balloon_radar_project/data/raw/detection_dataset/test/Background_IQ/IQ_Data/20260204_100802_beam2_az019.mat,0.0403890684247016,0.0354954786598682,0.7995762825012207,0.1678893566131591,False,False,False,0.060188983,0.060188983,0.0,False,False,False,0.060188983,0.018064728,1.2473745,False,False,False,0.060188983,0.029858468,0.7327841,False,False,False,0.004893589764833402,0.042124255,0.030330515000000002,False,False,False,False,False,False,False,False
2,test,20260204_100802_beam2_az028,20260204_100802,0,/home/tobeornot8259748/projects/balloon_radar_project/data/raw/detection_dataset/train/Background_IQ/IQ_Data/20260204_100802_beam2_az028.mat,0.0595374852418899,0.0516060553491115,0.7995527982711792,0.1893125176429748,False,False,False,0.045024533,0.045024533,0.0,False,False,False,0.045024533,0.013087766,1.2684251,False,False,False,0.045024533,0.024413668,0.63341737,False,False,False,0.007931429892778397,0.031936767,0.020610865,False,False,False,False,False,False,False,False
2,test,20260204_100802_beam2_az037,20260204_100802,0,/home/tobeornot8259748/projects/balloon_radar_project/data/raw/detection_dataset/train/Background_IQ/IQ_Data/20260204_100802_beam2_az037.mat,0.0915444046258926,0.077737957239151,0.7995444536209106,0.223331868648529,False,False,False,0.065233335,0.065233335,0.0,False,False,False,0.065233335,0.0070827133,2.2806642,False,False,False,0.065233335,0.0049758917,2.635836,False,False,False,0.013806447386741597,0.0581506217,0.060257443300000005,False,False,False,False,False,False,False,False
2,test,20260204_100802_beam2_az046,20260204_100802,0,/home/tobeornot8259748/projects/balloon_radar_project/data/raw/detection_dataset/train/Background_IQ/IQ_Data/20260204_100802_beam2_az046.mat,0.103024423122406,0.0874492675065994,0.799493134021759,0.2265465557575225,False,False,False,0.13483848,0.13483848,0.0,False,False,False,0.13483848,0.019850958,2.040614,False,False,False,0.13483848,0.04178479,1.2737014,False,False,False,0.015575155615806607,0.11498752200000001,0.09305369000000001,False,False,False,False,False,False,False,False
2,test,20260204_100802_beam2_az055,20260204_100802,0,/home/tobeornot8259748/projects/balloon_radar_project/data/raw/detection_dataset/train/Background_IQ/IQ_Data/20260204_100802_beam2_az055.mat,0.0559261702001094,0.0486436784267425,0.7995696067810059,0.1840927749872207,False,False,False,0.048758216,0.048758216,0.0,False,False,False,0.048758216,0.0146543635,1.2373599,False,False,False,0.048758216,0.023061756,0.7753533,False,False,False,0.0072824917733669,0.034103852500000004,0.02569646,False,False,False,False,False,False,False,False
2,test,20260204_100802_beam2_az064,20260204_100802,0,/home/tobeornot8259748/projects/balloon_radar_project/data/raw/detection_dataset/val/Background_IQ/IQ_Data/20260204_100802_beam2_az064.mat,0.0819595456123352,0.0700294524431228,0.7995343208312988,0.2129007428884506,False,False,False,0.038559746,0.038559746,0.0,False,False,False,0.038559746,0.012027331,1.1922499,False,False,False,0.038559746,0.018284552,0.7670214,False,False,False,0.01193009316921241,0.026532414999999997,0.020275194,False,False,False,False,False,False,False,False
2,test,20260204_100802_beam2_az073,20260204_100802,0,/home/tobeornot8259748/projects/balloon_radar_project/data/raw/detection_dataset/train/Background_IQ/IQ_Data/20260204_100802_beam2_az073.mat,0.0502373613417148,0.043868813663721,0.79958176612854,0.1778908967971801,False,False,False,0.04783706,0.04783706,0.0,False,False,False,0.04783706,0.015038067,1.191083,False,False,False,0.04783706,0.022049008,0.80125654,False,False,False,0.006368547677993795,0.032798993,0.025788052000000002,False,False,False,False,False,False,False,False
2,test,20260204_100802_beam2_az082,20260204_100802,0,/home/tobeornot8259748/projects/balloon_radar_project/data/raw/detection_dataset/train/Background_IQ/IQ_Data/20260204_100802_beam2_az082.mat,0.0506114326417446,0.0441052690148353,0.7995516657829285,0.1806363612413406,False,False,False,0.05949127,0.05949127,0.0,False,False,False,0.05949127,0.0039130948,2.7789147,False,False,False,0.05949127,0.0106545715,1.7704631,False,False,False,0.006506163626909298,0.055578175199999996,0.0488366985,False,False,False,False,False,False,False,False
2,test,20260204_100802_beam2_az091,20260204_100802,0,/home/tobeornot8259748/projects/balloon_radar_project/data/raw/detection_dataset/train/Background_IQ/IQ_Data/20260204_100802_beam2_az091.mat,0.0485862046480178,0.0425555408000946,0.7995741963386536,0.1736528873443603,False,False,False,0.16442454,0.16442454,0.0,False,False,False,0.16442454,0.013412231,2.6724164,False,False,False,0.16442454,0.0081443805,3.1765804,False,False,False,0.0060306638479232025,0.151012309,0.15628015950000002,False,False,False,False,False,False,False,False
2,test,20260204_100802_beam2_az100,20260204_100802,0,/home/tobeornot8259748/projects/balloon_radar_project/data/raw/detection_dataset/train/Background_IQ/IQ_Data/20260204_100802_beam2_az100.mat,0.0388290211558342,0.0342147462069988,0.7994468212127686,0.164239227771759,False,False,False,0.094081156,0.094081156,0.0,False,False,False,0.094081156,0.008724011,2.468122,False,False,False,0.094081156,0.0042185714,3.199239,False,False,False,0.004614274948835401,0.085357145,0.0898625846,False,False,False,False,False,False,False,False
2,test,20260204_100802_beam2_az109,20260204_100802,0,/home/tobeornot8259748/projects/balloon_radar_project/data/raw/detection_dataset/train/Background_IQ/IQ_Data/20260204_100802_beam2_az109.mat,0.0705595985054969,0.0609143935143947,0.7995336055755615,0.1967547833919525,False,False,False,0.066201456,0.066201456,0.0,False,False,False,0.066201456,0.006725142,2.3485963,False,False,False,0.066201456,0.027780313,0.9086959,False,False,False,0.009645204991102198,0.059476314,0.038421143000000005,False,False,False,False,False,False,False,False
2,test,20260204_100802_beam2_az118,20260204_100802,0,/home/tobeornot8259748/projects/balloon_radar_project/data/raw/detection_dataset/train/Background_IQ/IQ_Data/20260204_100802_beam2_az118.mat,0.068912498652935,0.059482455253601,0.7995752692222595,0.1966459155082702,False,False,False,0.052789517,0.052789517,0.0,False,False,False,0.052789517,0.01620215,1.2190677,False,False,False,0.052789517,0.02532261,0.7631999,False,False,False,0.009430043399334002,0.036587367,0.027466907000000002,False,False,False,False,False,False,False,False
2,test,20260204_100802_beam2_az127,20260204_100802,0,/home/tobeornot8259748/projects/balloon_radar_project/data/raw/detection_dataset/val/Background_IQ/IQ_Data/20260204_100802_beam2_az127.mat,0.0603076443076133,0.0523780398070812,0.7995797395706177,0.1868161261081695,False,False,False,0.05871897,0.05871897,0.0,False,False,False,0.05871897,0.012593798,1.5873982,False,False,False,0.05871897,0.005850468,2.360887,False,False,False,0.007929604500532102,0.046125172000000006,0.052868502000000005,False,False,False,False,False,False,False,False
2,test,20260204_100802_beam2_az136,20260204_100802,0,/home/tobeornot8259748/projects/balloon_radar_project/data/raw/detection_dataset/train/Background_IQ/IQ_Data/20260204_100802_beam2_az136.mat,0.0413073040544986,0.0362787097692489,0.799569308757782,0.1688906848430633,False,False,False,0.047685567,0.047685567,0.0,False,False,False,0.047685567,0.014691716,1.2114042,False,False,False,0.047685567,0.022461038,0.77898955,False,False,False,0.005028594285249703,0.032993851,0.025224529,False,False,False,False,False,False,False,False
2,test,20260204_100802_beam2_az145,20260204_100802,0,/home/tobeornot8259748/projects/balloon_radar_project/data/raw/detection_dataset/val/Background_IQ/IQ_Data/20260204_100802_beam2_az145.mat,0.0410758890211582,0.0360463298857212,0.7995622158050537,0.1699025481939315,False,False,False,0.06583342,0.06583342,0.0,False,False,False,0.06583342,0.014381768,1.5747808,False,False,False,0.06583342,0.0065541198,2.368559,False,False,False,0.005029559135436998,0.051451652,0.0592793002,False,False,False,False,False,False,False,False
2,test,20260204_100802_beam2_az154,20260204_100802,0,/home/tobeornot8259748/projects/balloon_radar_project/data/raw/detection_dataset/train/Background_IQ/IQ_Data/20260204_100802_beam2_az154.mat,0.0634823590517044,0.0549839995801448,0.7995811104774475,0.1910416185855865,False,False,False,0.066732146,0.066732146,0.0,False,False,False,0.066732146,0.019781036,1.265047,False,False,False,0.066732146,0.022637058,1.1272644,False,False,False,0.008498359471559608,0.046951110000000004,0.044095088000000005,False,False,False,False,False,False,False,False
2,test,20260204_100802_beam2_az163,20260204_100802,0,/home/tobeornot8259748/projects/balloon_radar_project/data/raw/detection_dataset/train/Background_IQ/IQ_Data/20260204_100802_beam2_az163.mat,0.0482263416051864,0.0421223677694797,0.7995631694793701,0.1772458553314209,False,False,False,0.082162045,0.082162045,0.0,False,False,False,0.082162045,0.011930763,2.0033054,False,False,False,0.082162045,0.008446154,2.3522348,False,False,False,0.006103973835706697,0.070231282,0.073715891,False,False,False,False,False,False,False,False
2,test,20260204_100802_beam2_az172,20260204_100802,0,/home/tobeornot8259748/projects/balloon_radar_project/data/raw/detection_dataset/train/Background_IQ/IQ_Data/20260204_100802_beam2_az172.mat,0.0465512722730636,0.0407883822917938,0.7995818257331848,0.172819122672081,False,False,False,0.05872431,0.05872431,0.0,False,False,False,0.05872431,0.019876627,1.1237516,False,False,False,0.05872431,0.028213535,0.7649519,False,False,False,0.005762889981269795,0.038847683,0.030510775,False,False,False,False,False,False,False,False
2,test,20260204_100802_beam2_az181,20260204_100802,0,/home/tobeornot8259748/projects/balloon_radar_project/data/raw/detection_dataset/train/Background_IQ/IQ_Data/20260204_100802_beam2_az181.mat,0.053998839110136,0.0471159219741821,0.7995845675468445,0.1795944273471832,False,False,False,0.0663036,0.0663036,0.0,False,False,False,0.0663036,0.009921129,1.9582111,False,False,False,0.0663036,0.01345673,1.6498207,False,False,False,0.006882917135953896,0.056382471,0.052846870000000004,False,False,False,False,False,False,False,False
2,test,20260204_100802_beam2_az190,20260204_100802,0,/home/tobeornot8259748/projects/balloon_radar_project/data/raw/detection_dataset/train/Background_IQ/IQ_Data/20260204_100802_beam2_az190.mat,0.0513675063848495,0.0448430143296718,0.7995678186416626,0.1784617304801941,False,False,False,0.048672277,0.048672277,0.0,False,False,False,0.048672277,0.016333278,1.1253338,False,False,False,0.048672277,0.023297198,0.76310027,False,False,False,0.0065244920551777025,0.032338999,0.025375079,False,False,False,False,False,False,False,False
2,test,20260204_100802_beam2_az199,20260204_100802,0,/home/tobeornot8259748/projects/balloon_radar_project/data/raw/detection_dataset/train/Background_IQ/IQ_Data/20260204_100802_beam2_az199.mat,0.0561327785253524,0.0489132478833198,0.7995670437812805,0.1817125231027603,False,False,False,0.25406244,0.25406244,0.0,False,False,False,0.25406244,0.04015057,2.0970778,False,False,False,0.25406244,0.03780379,2.1597471,False,False,False,0.0072195306420326025,0.21391187,0.21625865,False,False,False,False,False,False,False,False
2,test,20260204_100802_beam2_az208,20260204_100802,0,/home/tobeornot8259748/projects/balloon_radar_project/data/raw/detection_dataset/test/Background_IQ/IQ_Data/20260204_100802_beam2_az208.mat,0.0520378239452838,0.045425709336996,0.7995840311050415,0.178647294640541,False,False,False,0.053456277,0.053456277,0.0,False,False,False,0.053456277,0.015686044,1.2652206,False,False,False,0.053456277,0.016575865,1.2091393,False,False,False,0.006612114608287797,0.037770233,0.036880412,False,False,False,False,False,False,False,False
2,test,20260204_100802_beam2_az217,20260204_100802,0,/home/tobeornot8259748/projects/balloon_radar_project/data/raw/detection_dataset/train/Background_IQ/IQ_Data/20260204_100802_beam2_az217.mat,0.0558231435716152,0.0486038103699684,0.7995757460594177,0.1827264428138733,False,False,False,0.049231034,0.049231034,0.0,False,False,False,0.049231034,0.014739466,1.2416303,False,False,False,0.049231034,0.023088528,0.78431314,False,False,False,0.007219333201646798,0.034491568,0.026142506,False,False,False,False,False,False,False,False
2,test,20260204_100802_beam2_az226,20260204_100802,0,/home/tobeornot8259748/projects/balloon_radar_project/data/raw/detection_dataset/val/Background_IQ/IQ_Data/20260204_100802_beam2_az226.mat,0.0542989373207092,0.0473299175500869,0.7995688915252686,0.1809775233268737,False,False,False,0.04386312,0.04386312,0.0,False,False,False,0.04386312,0.014372234,1.1461532,False,False,False,0.04386312,0.02092296,0.7639361,False,False,False,0.006969019770622302,0.029490886,0.022940159999999998,False,False,False,False,False,False,False,False
2,test,20260204_100802_beam2_az235,20260204_100802,0,/home/tobeornot8259748/projects/balloon_radar_project/data/raw/detection_dataset/train/Background_IQ/IQ_Data/20260204_100802_beam2_az235.mat,0.0514627657830715,0.0448182746767997,0.7995484471321106,0.1816313564777374,False,False,False,0.064157285,0.064157285,0.0,False,False,False,0.064157285,0.0066146157,2.3317273,False,False,False,0.064157285,0.004749449,2.6648562,False,False,False,0.006644491106271799,0.057542669299999995,0.05940783599999999,False,False,False,False,False,False,False,False
2,test,20260204_100802_beam2_az244,20260204_100802,0,/home/tobeornot8259748/projects/balloon_radar_project/data/raw/detection_dataset/train/Background_IQ/IQ_Data/20260204_100802_beam2_az244.mat,0.0697949230670929,0.0600546188652515,0.7995406985282898,0.2010198533535003,False,False,False,0.16101941,0.16101941,0.0,False,False,False,0.16101941,0.027892012,1.9004637,False,False,False,0.16101941,0.018519096,2.3195975,False,False,False,0.009740304201841396,0.133127398,0.14250031400000002,False,False,False,False,False,False,False,False
2,test,20260204_100802_beam2_az253,20260204_100802,0,/home/tobeornot8259748/projects/balloon_radar_project/data/raw/detection_dataset/train/Background_IQ/IQ_Data/20260204_100802_beam2_az253.mat,0.0779376849532127,0.067058227956295,0.7995719313621521,0.2027064263820648,False,False,False,0.05326241,0.05326241,0.0,False,False,False,0.05326241,0.015016137,1.3057088,False,False,False,0.05326241,0.018857658,1.0740074,False,False,False,0.010879456996917697,0.038246273000000004,0.034404752000000004,False,False,False,False,False,False,False,False
2,test,20260204_100802_beam2_az262,20260204_100802,0,/home/tobeornot8259748/projects/balloon_radar_project/data/raw/detection_dataset/train/Background_IQ/IQ_Data/20260204_100802_beam2_az262.mat,0.0585608258843421,0.0509258098900318,0.7995696067810059,0.1848159432411193,False,False,False,0.038965464,0.038965464,0.0,False,False,False,0.038965464,0.01076245,1.3155367,False,False,False,0.038965464,0.012872323,1.1343853,False,False,False,0.007635015994310303,0.028203014,0.026093141,False,False,False,False,False,False,False,False
2,test,20260204_100802_beam3_az001,20260204_100802,0,/home/tobeornot8259748/projects/balloon_radar_project/data/raw/detection_dataset/train/Background_IQ/IQ_Data/20260204_100802_beam3_az001.mat,0.0530097782611846,0.0462814606726169,0.7995800971984863,0.1786121577024459,False,False,False,0.09758991,0.09758991,0.0,False,False,False,0.09758991,0.009799272,2.3913047,False,False,False,0.09758991,0.02676066,1.3694023,False,False,False,0.006728317588567699,0.087790638,0.07082925000000001,False,False,False,False,False,False,False,False
2,test,20260204_100802_beam3_az010,20260204_100802,0,/home/tobeornot8259748/projects/balloon_radar_project/data/raw/detection_dataset/train/Background_IQ/IQ_Data/20260204_100802_beam3_az010.mat,0.043772742152214,0.0383553355932235,0.7995008230209351,0.1723164618015289,False,False,False,0.24504724,0.24504724,0.0,False,False,False,0.24504724,0.029482383,2.3688326,False,False,False,0.24504724,0.07686296,1.3605493,False,False,False,0.005417406558990499,0.215564857,0.16818428000000002,False,False,False,False,False,False,False,False
2,test,20260204_100802_beam3_az019,20260204_100802,0,/home/tobeornot8259748/projects/balloon_radar_project/data/raw/detection_dataset/train/Background_IQ/IQ_Data/20260204_100802_beam3_az019.mat,0.0467249564826488,0.0408320613205432,0.7995223999023438,0.1763221323490142,False,False,False,0.100814134,0.100814134,0.0,False,False,False,0.100814134,0.0065182955,2.8383918,False,False,False,0.100814134,0.028747885,1.3318107,False,False,False,0.005892895162105602,0.0942958385,0.072066249,False,False,False,False,False,False,False,False
2,test,20260204_100802_beam3_az028,20260204_100802,0,/home/tobeornot8259748/projects/balloon_radar_project/data/raw/detection_dataset/train/Background_IQ/IQ_Data/20260204_100802_beam3_az028.mat,0.0450995713472366,0.0396097898483276,0.7995539307594299,0.1695057451725006,False,False,False,0.04867475,0.04867475,0.0,False,False,False,0.04867475,0.0051137363,2.2980025,False,False,False,0.04867475,0.020800846,0.87904567,False,False,False,0.005489781498908997,0.043561013700000005,0.027873904,False,False,False,False,False,False,False,False
2,test,20260204_100802_beam3_az037,20260204_100802,0,/home/tobeornot8259748/projects/balloon_radar_project/data/raw/detection_dataset/test/Background_IQ/IQ_Data/20260204_100802_beam3_az037.mat,0.0571765974164009,0.0498539097607135,0.7995754480361938,0.1810765266418457,False,False,False,0.05351689,0.05351689,0.0,False,False,False,0.05351689,0.007063819,2.0729246,False,False,False,0.05351689,0.013709709,1.403091,False,False,False,0.0073226876556874015,0.046453071,0.039807181,False,False,False,False,False,False,False,False
2,test,20260204_100802_beam3_az046,20260204_100802,0,/home/tobeornot8259748/projects/balloon_radar_project/data/raw/detection_dataset/train/Background_IQ/IQ_Data/20260204_100802_beam3_az046.mat,0.1063188686966896,0.0901823341846466,0.799403965473175,0.2283006459474563,False,False,False,0.5309734,0.5309734,0.0,True,True,False,0.5309734,0.13803826,1.9557325,False,False,False,0.5309734,0.11655569,2.1495113,False,False,False,0.016136534512043,0.39293514000000007,0.41441771000000005,False,False,False,False,False,False,False,False
2,test,20260204_100802_beam3_az055,20260204_100802,0,/home/tobeornot8259748/projects/balloon_radar_project/data/raw/detection_dataset/test/Background_IQ/IQ_Data/20260204_100802_beam3_az055.mat,0.0614240430295467,0.0531938597559928,0.7993989586830139,0.190879613161087,False,False,False,0.21316788,0.21316788,0.0,False,False,False,0.21316788,0.047075663,1.7018446,False,False,False,0.21316788,0.024800904,2.3658266,False,False,False,0.008230183273553904,0.16609221700000001,0.18836697600000002,False,False,False,False,False,False,False,False
2,test,20260204_100802_beam3_az064,20260204_100802,0,/home/tobeornot8259748/projects/balloon_radar_project/data/raw/detection_dataset/test/Background_IQ/IQ_Data/20260204_100802_beam3_az064.mat,0.0585608258843421,0.0509298592805862,0.7995762825012207,0.1847097724676132,False,False,False,0.051230833,0.051230833,0.0,False,False,False,0.051230833,0.007239731,2.0020814,False,False,False,0.051230833,0.005689828,2.2445452,False,False,False,0.007630966603755902,0.043991102000000004,0.045541005,False,False,False,False,False,False,False,False
2,test,20260204_100802_beam3_az073,20260204_100802,0,/home/tobeornot8259748/projects/balloon_radar_project/data/raw/detection_dataset/val/Background_IQ/IQ_Data/20260204_100802_beam3_az073.mat,0.0535021498799324,0.0468351207673549,0.7995591759681702,0.1752309650182724,False,False,False,0.2876787,0.2876787,0.0,False,False,False,0.2876787,0.06845292,1.704016,False,False,False,0.2876787,0.030059462,2.5673726,False,False,False,0.006667029112577494,0.21922578,0.25761923800000003,False,False,False,False,False,False,False,False
2,test,20260204_100802_beam3_az082,20260204_100802,0,/home/tobeornot8259748/projects/balloon_radar_project/data/raw/detection_dataset/val/Background_IQ/IQ_Data/20260204_100802_beam3_az082.mat,0.0445144288241863,0.0390525162220001,0.7995719313621521,0.1708492338657379,False,False,False,0.05476899,0.05476899,0.0,False,False,False,0.05476899,0.015135646,1.3271459,False,False,False,0.05476899,0.023951566,0.85917336,False,False,False,0.005461912602186196,0.039633343999999994,0.030817423999999996,False,False,False,False,False,False,False,False
2,test,20260204_100802_beam3_az091,20260204_100802,0,/home/tobeornot8259748/projects/balloon_radar_project/data/raw/detection_dataset/train/Background_IQ/IQ_Data/20260204_100802_beam3_az091.mat,0.0606405474245548,0.0527505353093147,0.7995519638061523,0.1847962141036987,False,False,False,0.13125524,0.13125524,0.0,False,False,False,0.13125524,0.008426772,2.8779736,False,False,False,0.13125524,0.006830214,3.0896401,False,False,False,0.007890012115240097,0.122828468,0.124425026,False,False,False,False,False,False,False,False
2,test,20260204_100802_beam3_az100,20260204_100802,0,/home/tobeornot8259748/projects/balloon_radar_project/data/raw/detection_dataset/train/Background_IQ/IQ_Data/20260204_100802_beam3_az100.mat,0.1694058626890182,0.1374725550413131,0.7994949221611023,0.3084433674812317,False,False,False,0.37029216,0.37029216,0.0,False,False,False,0.37029216,0.09398164,1.7349966,False,False,False,0.37029216,0.03786874,2.7040613,False,False,False,0.031933307647705106,0.27631052,0.33242341999999997,False,False,False,False,False,False,False,False
2,test,20260204_100802_beam3_az109,20260204_100802,0,/home/tobeornot8259748/projects/balloon_radar_project/data/raw/detection_dataset/val/Background_IQ/IQ_Data/20260204_100802_beam3_az109.mat,0.0749052688479423,0.0646826773881912,0.7995147705078125,0.1972703039646148,False,False,False,0.3262243,0.3262243,0.0,False,False,False,0.3262243,0.0812882,1.6996595,False,False,False,0.3262243,0.037854463,2.510105,False,False,False,0.010222591459751101,0.24493610000000002,0.288369837,False,False,False,False,False,False,False,False
2,test,20260204_100802_beam3_az118,20260204_100802,0,/home/tobeornot8259748/projects/balloon_radar_project/data/raw/detection_dataset/train/Background_IQ/IQ_Data/20260204_100802_beam3_az118.mat,0.0586685985326767,0.0509937293827533,0.799534797668457,0.1855105310678482,False,False,False,0.11808843,0.11808843,0.0,False,False,False,0.11808843,0.023094771,1.7341254,False,False,False,0.11808843,0.016254999,2.0923083,False,False,False,0.007674869149923394,0.094993659,0.101833431,False,False,False,False,False,False,False,False
2,test,20260204_100802_beam3_az127,20260204_100802,0,/home/tobeornot8259748/projects/balloon_radar_project/data/raw/detection_dataset/test/Background_IQ/IQ_Data/20260204_100802_beam3_az127.mat,0.1677633374929428,0.1357730627059936,0.7995001077651978,0.3118050098419189,False,False,False,0.3901382,0.3901382,0.0,False,False,False,0.3901382,0.10612122,1.6842567,False,False,False,0.3901382,0.042134408,2.6771114,False,False,False,0.03199027478694921,0.28401698,0.348003792,False,False,False,False,False,False,False,False
2,test,20260204_100802_beam3_az136,20260204_100802,0,/home/tobeornot8259748/projects/balloon_radar_project/data/raw/detection_dataset/val/Background_IQ/IQ_Data/20260204_100802_beam3_az136.mat,0.0568615496158599,0.0499137416481971,0.7992669343948364,0.1722360998392105,False,False,False,0.5617469,0.5617469,0.0,True,True,False,0.5617469,0.14797537,1.9988244,False,False,False,0.5617469,0.10846936,2.3547268,False,False,False,0.006947807967662804,0.41377153000000005,0.45327754000000003,False,False,False,False,False,False,False,False
2,test,20260204_100802_beam3_az145,20260204_100802,0,/home/tobeornot8259748/projects/balloon_radar_project/data/raw/detection_dataset/train/Background_IQ/IQ_Data/20260204_100802_beam3_az145.mat,0.0831429064273834,0.070865198969841,0.7994904518127441,0.2164926528930664,False,False,False,0.4426475,0.4426475,0.0,False,False,False,0.4426475,0.13294418,1.6447496,False,False,False,0.4426475,0.0511807,2.6894317,False,False,False,0.012277707457542392,0.30970332,0.3914668,False,False,False,False,False,False,False,False
2,test,20260204_100802_beam3_az154,20260204_100802,0,/home/tobeornot8259748/projects/balloon_radar_project/data/raw/detection_dataset/train/Background_IQ/IQ_Data/20260204_100802_beam3_az154.mat,0.0410758890211582,0.036117136478424,0.7994635701179504,0.1673770099878311,False,False,False,0.055481855,0.055481855,0.0,False,False,False,0.055481855,0.008129621,1.9694592,False,False,False,0.055481855,0.03706186,0.422782,False,False,False,0.004958752542734195,0.04735223399999999,0.018419994999999995,False,False,False,False,False,False,False,False
2,test,20260204_100802_beam3_az163,20260204_100802,0,/home/tobeornot8259748/projects/balloon_radar_project/data/raw/detection_dataset/train/Background_IQ/IQ_Data/20260204_100802_beam3_az163.mat,0.0456069409847259,0.0400141850113868,0.7995697855949402,0.1709279417991638,False,False,False,0.04061962,0.04061962,0.0,False,False,False,0.04061962,0.011053682,1.3318398,False,False,False,0.04061962,0.021713438,0.64583504,False,False,False,0.005592755973339095,0.029565938,0.018906182,False,False,False,False,False,False,False,False
2,test,20260204_100802_beam3_az172,20260204_100802,0,/home/tobeornot8259748/projects/balloon_radar_project/data/raw/detection_dataset/train/Background_IQ/IQ_Data/20260204_100802_beam3_az172.mat,0.0324055142700672,0.0286152362823486,0.7995302081108093,0.1604680567979812,False,False,False,0.07619245,0.07619245,0.0,False,False,False,0.07619245,0.010036381,2.0962105,False,False,False,0.07619245,0.035462894,0.80792004,False,False,False,0.0037902779877185995,0.066156069,0.04072955599999999,False,False,False,False,False,False,False,False
2,test,20260204_100802_beam3_az181,20260204_100802,0,/home/tobeornot8259748/projects/balloon_radar_project/data/raw/detection_dataset/val/Background_IQ/IQ_Data/20260204_100802_beam3_az181.mat,0.0403134375810623,0.0354303196072578,0.7995812892913818,0.1678280681371688,False,False,False,0.077317536,0.077317536,0.0,False,False,False,0.077317536,0.012312274,1.9054055,False,False,False,0.077317536,0.020837486,1.3705798,False,False,False,0.004883117973804502,0.06500526200000001,0.056480050000000004,False,False,False,False,False,False,False,False
2,test,20260204_100802_beam3_az190,20260204_100802,0,/home/tobeornot8259748/projects/balloon_radar_project/data/raw/detection_dataset/train/Background_IQ/IQ_Data/20260204_100802_beam3_az190.mat,0.1618494242429733,0.1314626634120941,0.7995249032974243,0.3046264052391052,False,False,False,0.17780504,0.17780504,0.0,False,False,False,0.17780504,0.037009813,1.7275703,False,False,False,0.17780504,0.01653017,2.55461,False,False,False,0.03038676083087921,0.140795227,0.16127487,False,False,False,False,False,False,False,False
2,test,20260204_100802_beam3_az199,20260204_100802,0,/home/tobeornot8259748/projects/balloon_radar_project/data/raw/detection_dataset/train/Background_IQ/IQ_Data/20260204_100802_beam3_az199.mat,0.0494052432477474,0.0431975685060024,0.7995706796646118,0.1760713905096054,False,False,False,0.05659881,0.05659881,0.0,False,False,False,0.05659881,0.01595046,1.3086848,False,False,False,0.05659881,0.031278152,0.61955416,False,False,False,0.006207674741745002,0.04064835,0.025320658000000003,False,False,False,False,False,False,False,False
2,test,20260204_100802_beam3_az208,20260204_100802,0,/home/tobeornot8259748/projects/balloon_radar_project/data/raw/detection_dataset/train/Background_IQ/IQ_Data/20260204_100802_beam3_az208.mat,0.0619894601404666,0.0538032129406929,0.7995688915252686,0.1880020648241043,False,False,False,0.1204433,0.1204433,0.0,False,False,False,0.1204433,0.009763488,2.6310554,False,False,False,0.1204433,0.0012098387,4.727819,False,False,False,0.008186247199773698,0.110679812,0.11923346130000001,False,False,False,False,False,False,False,False
2,test,20260204_100802_beam3_az217,20260204_100802,0,/home/tobeornot8259748/projects/balloon_radar_project/data/raw/detection_dataset/test/Background_IQ/IQ_Data/20260204_100802_beam3_az217.mat,0.0566524267196655,0.0492201298475265,0.7995596528053284,0.1857022196054458,False,False,False,0.03875619,0.03875619,0.0,False,False,False,0.03875619,0.010462296,1.3385224,False,False,False,0.03875619,0.014968247,0.9758051,False,False,False,0.007432296872138998,0.028293894000000003,0.023787943000000002,False,False,False,False,False,False,False,False
2,test,20260204_100802_beam3_az226,20260204_100802,0,/home/tobeornot8259748/projects/balloon_radar_project/data/raw/detection_dataset/val/Background_IQ/IQ_Data/20260204_100802_beam3_az226.mat,0.1665398180484771,0.1359410434961319,0.7995122671127319,0.2990175485610962,False,False,False,0.17186393,0.17186393,0.0,False,False,False,0.17186393,0.024594596,2.107852,False,False,False,0.17186393,0.0337441,1.7821486,False,False,False,0.030598774552345193,0.147269334,0.13811983,False,False,False,False,False,False,False,False
2,test,20260204_100802_beam3_az235,20260204_100802,0,/home/tobeornot8259748/projects/balloon_radar_project/data/raw/detection_dataset/train/Background_IQ/IQ_Data/20260204_100802_beam3_az235.mat,0.0608634464442729,0.0528295077383518,0.7995882034301758,0.1876979917287826,False,False,False,0.065976486,0.065976486,0.0,False,False,False,0.065976486,0.0098706335,1.9580685,False,False,False,0.065976486,0.009524793,1.9940835,False,False,False,0.008033938705921097,0.0561058525,0.056451693,False,False,False,False,False,False,False,False
2,test,20260204_100802_beam3_az244,20260204_100802,0,/home/tobeornot8259748/projects/balloon_radar_project/data/raw/detection_dataset/train/Background_IQ/IQ_Data/20260204_100802_beam3_az244.mat,0.1095151603221893,0.0922426059842109,0.7995181083679199,0.2387087345123291,False,False,False,0.28365162,0.28365162,0.0,False,False,False,0.28365162,0.056269,1.8932776,False,False,False,0.28365162,0.030108701,2.54595,False,False,False,0.017272554337978405,0.22738261999999998,0.253542919,False,False,False,False,False,False,False,False
2,test,20260204_100802_beam3_az253,20260204_100802,0,/home/tobeornot8259748/projects/balloon_radar_project/data/raw/detection_dataset/train/Background_IQ/IQ_Data/20260204_100802_beam3_az253.mat,0.0442658811807632,0.0387436635792255,0.7995298504829407,0.1738624423742294,False,False,False,0.076692834,0.076692834,0.0,False,False,False,0.076692834,0.004544416,2.9011476,False,False,False,0.076692834,0.02332687,1.2463924,False,False,False,0.0055222176015377045,0.072148418,0.053365964,False,False,False,False,False,False,False,False
2,test,20260204_100802_beam3_az262,20260204_100802,0,/home/tobeornot8259748/projects/balloon_radar_project/data/raw/detection_dataset/train/Background_IQ/IQ_Data/20260204_100802_beam3_az262.mat,0.0829941481351852,0.0711232349276542,0.7995663285255432,0.2091361880302429,False,False,False,0.0368604,0.0368604,0.0,False,False,False,0.0368604,0.0031001905,2.510126,False,False,False,0.0368604,0.011698273,1.1734861,False,False,False,0.011870913207531003,0.0337602095,0.025162127,False,False,False,False,False,False,False,False
2,test,20260204_100802_beam4_az001,20260204_100802,0,/home/tobeornot8259748/projects/balloon_radar_project/data/raw/detection_dataset/train/Background_IQ/IQ_Data/20260204_100802_beam4_az001.mat,0.1447522789239883,0.1186678037047386,0.7994745969772339,0.286112368106842,False,False,False,0.15638842,0.15638842,0.0,False,False,False,0.15638842,0.022847692,2.070443,False,False,False,0.15638842,0.041178543,1.462438,False,False,False,0.026084475219249684,0.133540728,0.115209877,False,False,False,False,False,False,False,False
2,test,20260204_100802_beam4_az010,20260204_100802,0,/home/tobeornot8259748/projects/balloon_radar_project/data/raw/detection_dataset/train/Background_IQ/IQ_Data/20260204_100802_beam4_az010.mat,0.0498659051954746,0.0436429306864738,0.799525797367096,0.1748842298984527,False,False,False,0.057647623,0.057647623,0.0,False,False,False,0.057647623,0.016520062,1.2924913,False,False,False,0.057647623,0.027375994,0.7763009,False,False,False,0.006222974509000799,0.04112756100000001,0.030271629,False,False,False,False,False,False,False,False
2,test,20260204_100802_beam4_az019,20260204_100802,0,/home/tobeornot8259748/projects/balloon_radar_project/data/raw/detection_dataset/val/Background_IQ/IQ_Data/20260204_100802_beam4_az019.mat,0.0458626635372638,0.040118608623743,0.7995641231536865,0.1748618930578231,False,False,False,0.055201948,0.055201948,0.0,False,False,False,0.055201948,0.015654147,1.3012687,False,False,False,0.055201948,0.025405103,0.80709887,False,False,False,0.005744054913520799,0.039547801,0.029796845000000002,False,False,False,False,False,False,False,False
2,test,20260204_100802_beam4_az028,20260204_100802,0,/home/tobeornot8259748/projects/balloon_radar_project/data/raw/detection_dataset/val/Background_IQ/IQ_Data/20260204_100802_beam4_az028.mat,0.0670562833547592,0.0579693280160427,0.7995691895484924,0.194243848323822,False,False,False,0.04610986,0.04610986,0.0,False,False,False,0.04610986,0.005211382,2.2221632,False,False,False,0.04610986,0.026126357,0.5888153,False,False,False,0.0090869553387165,0.040898478,0.019983503000000003,False,False,False,False,False,False,False,False
2,test,20260204_100802_beam4_az037,20260204_100802,0,/home/tobeornot8259748/projects/balloon_radar_project/data/raw/detection_dataset/train/Background_IQ/IQ_Data/20260204_100802_beam4_az037.mat,0.0549038536846637,0.0477630086243152,0.7995650768280029,0.1836741268634796,False,False,False,0.097660065,0.097660065,0.0,False,False,False,0.097660065,0.015447408,1.9312472,False,False,False,0.097660065,0.033001974,1.1541305,False,False,False,0.007140845060348504,0.08221265700000001,0.064658091,False,False,False,False,False,False,False,False
2,test,20260204_100802_beam4_az046,20260204_100802,0,/home/tobeornot8259748/projects/balloon_radar_project/data/raw/detection_dataset/test/Background_IQ/IQ_Data/20260204_100802_beam4_az046.mat,0.0400873571634292,0.0352519452571868,0.7995771765708923,0.1670445203781128,False,False,False,0.11093752,0.11093752,0.0,False,False,False,0.11093752,0.019417869,1.8407522,False,False,False,0.11093752,0.050211933,0.858786,False,False,False,0.004835411906242398,0.091519651,0.060725587,False,False,False,False,False,False,False,False
2,test,20260204_100802_beam4_az055,20260204_100802,0,/home/tobeornot8259748/projects/balloon_radar_project/data/raw/detection_dataset/test/Background_IQ/IQ_Data/20260204_100802_beam4_az055.mat,0.0438545607030391,0.0385368689894676,0.799574077129364,0.1686017513275146,False,False,False,0.1027482,0.1027482,0.0,False,False,False,0.1027482,0.014499396,2.051988,False,False,False,0.1027482,0.009347387,2.4962118,False,False,False,0.0053176917135715,0.088248804,0.093400813,False,False,False,False,False,False,False,False
2,test,20260204_100802_beam4_az064,20260204_100802,0,/home/tobeornot8259748/projects/balloon_radar_project/data/raw/detection_dataset/train/Background_IQ/IQ_Data/20260204_100802_beam4_az064.mat,0.1358041167259216,0.1126180663704872,0.7995351552963257,0.2672646045684814,False,False,False,0.08442769,0.08442769,0.0,False,False,False,0.08442769,0.009077875,2.3091416,False,False,False,0.08442769,0.007897874,2.4495785,False,False,False,0.023186050355434404,0.075349815,0.076529816,False,False,False,False,False,False,False,False
2,test,20260204_100802_beam4_az073,20260204_100802,0,/home/tobeornot8259748/projects/balloon_radar_project/data/raw/detection_dataset/val/Background_IQ/IQ_Data/20260204_100802_beam4_az073.mat,0.0441009104251861,0.0386927984654903,0.7995832562446594,0.170674592256546,False,False,False,0.29671034,0.29671034,0.0,False,False,False,0.29671034,0.028024815,2.6832275,False,False,False,0.29671034,0.010396116,3.69286,False,False,False,0.005408111959695802,0.26868552500000004,0.286314224,False,False,False,False,False,False,False,False
2,test,20260204_100802_beam4_az082,20260204_100802,0,/home/tobeornot8259748/projects/balloon_radar_project/data/raw/detection_dataset/train/Background_IQ/IQ_Data/20260204_100802_beam4_az082.mat,0.0410758890211582,0.0360475704073905,0.799528956413269,0.1698647141456604,False,False,False,0.06778235,0.06778235,0.0,False,False,False,0.06778235,0.0051160753,2.648974,False,False,False,0.06778235,0.0037174856,2.969719,False,False,False,0.0050283186137677,0.06266627470000001,0.0640648644,False,False,False,False,False,False,False,False
2,test,20260204_100802_beam4_az091,20260204_100802,0,/home/tobeornot8259748/projects/balloon_radar_project/data/raw/detection_dataset/test/Background_IQ/IQ_Data/20260204_100802_beam4_az091.mat,0.0480473563075065,0.0419020056724548,0.799502432346344,0.1792215406894683,False,False,False,0.05048436,0.05048436,0.0,False,False,False,0.05048436,0.013836503,1.3322232,False,False,False,0.05048436,0.024082342,0.76761085,False,False,False,0.0061453506350516995,0.036647857,0.026402018,False,False,False,False,False,False,False,False
2,test,20260204_100802_beam4_az100,20260204_100802,0,/home/tobeornot8259748/projects/balloon_radar_project/data/raw/detection_dataset/train/Background_IQ/IQ_Data/20260204_100802_beam4_az100.mat,0.0816661119461059,0.070273257791996,0.7993638515472412,0.2033833861351013,False,False,False,0.124518245,0.124518245,0.0,False,False,False,0.124518245,0.0115067335,2.5029275,False,False,False,0.124518245,0.005339651,3.2769191,False,False,False,0.0113928541541099,0.1130115115,0.119178594,False,False,False,False,False,False,False,False
2,test,20260204_100802_beam4_az109,20260204_100802,0,/home/tobeornot8259748/projects/balloon_radar_project/data/raw/detection_dataset/test/Background_IQ/IQ_Data/20260204_100802_beam4_az109.mat,0.0759952142834663,0.0656565055251121,0.7995455265045166,0.1968125849962234,False,False,False,0.37698397,0.37698397,0.0,False,False,False,0.37698397,0.060679346,2.2371838,False,False,False,0.37698397,0.16309138,1.1330347,False,False,False,0.010338708758354201,0.316304624,0.21389259,False,False,False,False,False,False,False,False
2,test,20260204_100802_beam4_az118,20260204_100802,0,/home/tobeornot8259748/projects/balloon_radar_project/data/raw/detection_dataset/val/Background_IQ/IQ_Data/20260204_100802_beam4_az118.mat,0.0779376849532127,0.0668420419096946,0.799579381942749,0.2070327401161193,False,False,False,0.048014022,0.048014022,0.0,False,False,False,0.048014022,0.002496227,3.0034187,False,False,False,0.048014022,0.0049572587,2.3148756,False,False,False,0.011095643043518094,0.045517795,0.0430567633,False,False,False,False,False,False,False,False
2,test,20260204_100802_beam4_az127,20260204_100802,0,/home/tobeornot8259748/projects/balloon_radar_project/data/raw/detection_dataset/val/Background_IQ/IQ_Data/20260204_100802_beam4_az127.mat,0.075176402926445,0.0647308006882667,0.7995717525482178,0.201147198677063,False,False,False,0.08199863,0.08199863,0.0,False,False,False,0.08199863,0.010811582,2.1007707,False,False,False,0.08199863,0.028972136,1.0965242,False,False,False,0.010445602238178295,0.071187048,0.05302649400000001,False,False,False,False,False,False,False,False
2,test,20260204_100802_beam4_az136,20260204_100802,0,/home/tobeornot8259748/projects/balloon_radar_project/data/raw/detection_dataset/val/Background_IQ/IQ_Data/20260204_100802_beam4_az136.mat,0.3787462711334228,0.2309068888425827,0.7990188598632812,0.8864928483963013,False,False,False,0.46167886,0.46167886,0.0,False,False,False,0.46167886,0.088997714,2.172349,False,False,False,0.46167886,0.046199623,2.873897,False,False,False,0.1478393822908401,0.372681146,0.415479237,False,False,False,False,False,False,False,False
2,test,20260204_100802_beam4_az145,20260204_100802,0,/home/tobeornot8259748/projects/balloon_radar_project/data/raw/detection_dataset/train/Background_IQ/IQ_Data/20260204_100802_beam4_az145.mat,0.0432040356099605,0.0378558337688446,0.7994884848594666,0.1722640097141266,False,False,False,0.09196851,0.09196851,0.0,False,False,False,0.09196851,0.009122891,2.397971,False,False,False,0.09196851,0.012850458,2.0516095,False,False,False,0.005348201841115903,0.08284561900000001,0.07911805200000001,False,False,False,False,False,False,False,False
2,test,20260204_100802_beam4_az154,20260204_100802,0,/home/tobeornot8259748/projects/balloon_radar_project/data/raw/detection_dataset/test/Background_IQ/IQ_Data/20260204_100802_beam4_az154.mat,0.0436095260083675,0.0382631123065948,0.799578070640564,0.1705449521541595,False,False,False,0.08395545,0.08395545,0.0,False,False,False,0.08395545,0.009417899,2.2659023,False,False,False,0.08395545,0.025176542,1.2665651,False,False,False,0.005346413701772697,0.07453755100000001,0.058778908000000005,False,False,False,False,False,False,False,False
2,test,20260204_100802_beam4_az163,20260204_100802,0,/home/tobeornot8259748/projects/balloon_radar_project/data/raw/detection_dataset/train/Background_IQ/IQ_Data/20260204_100802_beam4_az163.mat,0.0409223027527332,0.035983495414257,0.7995727062225342,0.1672784239053726,False,False,False,0.040201496,0.040201496,0.0,False,False,False,0.040201496,0.011027546,1.3234509,False,False,False,0.040201496,0.01660739,0.90834165,False,False,False,0.004938807338476202,0.029173950000000004,0.023594106000000004,False,False,False,False,False,False,False,False
2,test,20260204_100802_beam4_az172,20260204_100802,0,/home/tobeornot8259748/projects/balloon_radar_project/data/raw/detection_dataset/train/Background_IQ/IQ_Data/20260204_100802_beam4_az172.mat,0.0447643138468265,0.0392706058919429,0.7995719313621521,0.1709285080432891,False,False,False,0.050245997,0.050245997,0.0,False,False,False,0.050245997,0.014391891,1.2873219,False,False,False,0.050245997,0.015484066,1.2130662,False,False,False,0.005493707954883596,0.035854106,0.034761931,False,False,False,False,False,False,False,False
2,test,20260204_100802_beam4_az181,20260204_100802,0,/home/tobeornot8259748/projects/balloon_radar_project/data/raw/detection_dataset/train/Background_IQ/IQ_Data/20260204_100802_beam4_az181.mat,0.0391216464340686,0.0343848653137683,0.7995235323905945,0.1675708293914795,False,False,False,0.04955859,0.04955859,0.0,False,False,False,0.04955859,0.0057363543,2.2014077,False,False,False,0.04955859,0.016614676,1.126944,False,False,False,0.0047367811203003,0.0438222357,0.032943914000000005,False,False,False,False,False,False,False,False
2,test,20260204_100802_beam4_az190,20260204_100802,0,/home/tobeornot8259748/projects/balloon_radar_project/data/raw/detection_dataset/train/Background_IQ/IQ_Data/20260204_100802_beam4_az190.mat,0.1509026288986206,0.1227080523967742,0.7994657158851624,0.2995660006999969,False,False,False,0.11290186,0.11290186,0.0,False,False,False,0.11290186,0.0060118763,3.0465517,False,False,False,0.11290186,0.0018948566,4.205279,False,False,False,0.02819457650184641,0.10688998370000001,0.11100700340000001,False,False,False,False,False,False,False,False
2,test,20260204_100802_beam4_az199,20260204_100802,0,/home/tobeornot8259748/projects/balloon_radar_project/data/raw/detection_dataset/train/Background_IQ/IQ_Data/20260204_100802_beam4_az199.mat,0.0462918989360332,0.0405580252408981,0.7995766401290894,0.1728758215904235,False,False,False,0.061919622,0.061919622,0.0,False,False,False,0.061919622,0.017739082,1.2960882,False,False,False,0.061919622,0.026229898,0.896277,False,False,False,0.005733873695135103,0.044180540000000004,0.035689724,False,False,False,False,False,False,False,False
2,test,20260204_100802_beam4_az208,20260204_100802,0,/home/tobeornot8259748/projects/balloon_radar_project/data/raw/detection_dataset/train/Background_IQ/IQ_Data/20260204_100802_beam4_az208.mat,0.0415399670600891,0.0363806188106536,0.7995038032531738,0.1725925803184509,False,False,False,0.06531821,0.06531821,0.0,False,False,False,0.06531821,0.019393206,1.2623136,False,False,False,0.06531821,0.03409455,0.6829933,False,False,False,0.005159348249435494,0.045925004000000005,0.03122366,False,False,False,False,False,False,False,False
2,test,20260204_100802_beam4_az217,20260204_100802,0,/home/tobeornot8259748/projects/balloon_radar_project/data/raw/detection_dataset/train/Background_IQ/IQ_Data/20260204_100802_beam4_az217.mat,0.0438545607030391,0.0384035594761371,0.799555242061615,0.173113003373146,False,False,False,0.049677294,0.049677294,0.0,False,False,False,0.049677294,0.0057547325,2.2007074,False,False,False,0.049677294,0.0059902165,2.1603658,False,False,False,0.005451001226902001,0.0439225615,0.0436870775,False,False,False,False,False,False,False,False
2,test,20260204_100802_beam4_az226,20260204_100802,0,/home/tobeornot8259748/projects/balloon_radar_project/data/raw/detection_dataset/train/Background_IQ/IQ_Data/20260204_100802_beam4_az226.mat,0.0456069409847259,0.0399704575538635,0.79957115650177,0.1723522245883941,False,False,False,0.08141916,0.08141916,0.0,False,False,False,0.08141916,0.008418405,2.3456616,False,False,False,0.08141916,0.015995083,1.6961304,False,False,False,0.005636483430862399,0.073000755,0.065424077,False,False,False,False,False,False,False,False
2,test,20260204_100802_beam4_az235,20260204_100802,0,/home/tobeornot8259748/projects/balloon_radar_project/data/raw/detection_dataset/train/Background_IQ/IQ_Data/20260204_100802_beam4_az235.mat,0.0364937670528888,0.0321802943944931,0.7995578050613403,0.1629074513912201,False,False,False,0.070026174,0.070026174,0.0,False,False,False,0.070026174,0.008958065,2.1199155,False,False,False,0.070026174,0.011846867,1.8374869,False,False,False,0.004313472658395698,0.061068108999999995,0.058179307,False,False,False,False,False,False,False,False
2,test,20260204_100802_beam4_az244,20260204_100802,0,/home/tobeornot8259748/projects/balloon_radar_project/data/raw/detection_dataset/train/Background_IQ/IQ_Data/20260204_100802_beam4_az244.mat,0.0559261702001094,0.04861506447196,0.7995249032974243,0.1848764717578888,False,False,False,0.1368963,0.1368963,0.0,False,False,False,0.1368963,0.026181078,1.7748773,False,False,False,0.1368963,0.009350853,2.8215818,False,False,False,0.0073111057281494,0.110715222,0.127545447,False,False,False,False,False,False,False,False
2,test,20260204_100802_beam4_az253,20260204_100802,0,/home/tobeornot8259748/projects/balloon_radar_project/data/raw/detection_dataset/train/Background_IQ/IQ_Data/20260204_100802_beam4_az253.mat,0.049497053027153,0.0432856418192386,0.7995848655700684,0.1758482754230499,False,False,False,0.047504313,0.047504313,0.0,False,False,False,0.047504313,0.013049667,1.327592,False,False,False,0.047504313,0.01605101,1.1175371,False,False,False,0.006211411207914401,0.034454646,0.031453303,False,False,False,False,False,False,False,False
2,test,20260204_100802_beam4_az262,20260204_100802,0,/home/tobeornot8259748/projects/balloon_radar_project/data/raw/detection_dataset/test/Background_IQ/IQ_Data/20260204_100802_beam4_az262.mat,0.0410758890211582,0.0360564067959785,0.799551248550415,0.1695420145988464,False,False,False,0.046941776,0.046941776,0.0,False,False,False,0.046941776,0.0129613355,1.3219705,False,False,False,0.046941776,0.028282896,0.5260397,False,False,False,0.0050194822251797,0.0339804405,0.01865888,False,False,False,False,False,False,False,False
2,test,20260204_100802_beam5_az001,20260204_100802,0,/home/tobeornot8259748/projects/balloon_radar_project/data/raw/detection_dataset/train/Background_IQ/IQ_Data/20260204_100802_beam5_az001.mat,0.0513675063848495,0.0448383949697017,0.7995811104774475,0.1785937398672104,False,False,False,0.049992256,0.049992256,0.0,False,False,False,0.049992256,0.014602009,1.2672845,False,False,False,0.049992256,0.023757204,0.7712235,False,False,False,0.006529111415147802,0.035390247,0.026235052,False,False,False,False,False,False,False,False
2,test,20260204_100802_beam5_az010,20260204_100802,0,/home/tobeornot8259748/projects/balloon_radar_project/data/raw/detection_dataset/test/Background_IQ/IQ_Data/20260204_100802_beam5_az010.mat,0.0560293830931186,0.0488674193620681,0.7995268106460571,0.180511474609375,False,False,False,0.06903912,0.06903912,0.0,False,False,False,0.06903912,0.020490985,1.2655224,False,False,False,0.06903912,0.033322275,0.76609516,False,False,False,0.007161963731050498,0.04854813499999999,0.035716845,False,False,False,False,False,False,False,False
2,test,20260204_100802_beam5_az019,20260204_100802,0,/home/tobeornot8259748/projects/balloon_radar_project/data/raw/detection_dataset/train/Background_IQ/IQ_Data/20260204_100802_beam5_az019.mat,0.0456920340657234,0.0400292314589023,0.7995728254318237,0.1728802472352981,False,False,False,0.046877343,0.046877343,0.0,False,False,False,0.046877343,0.013799271,1.2570351,False,False,False,0.046877343,0.02236207,0.765564,False,False,False,0.005662802606821102,0.033078072,0.024515273,False,False,False,False,False,False,False,False
2,test,20260204_100802_beam5_az028,20260204_100802,0,/home/tobeornot8259748/projects/balloon_radar_project/data/raw/detection_dataset/test/Background_IQ/IQ_Data/20260204_100802_beam5_az028.mat,0.0647716969251632,0.0561198703944683,0.7995754480361938,0.1908355355262756,False,False,False,0.04250482,0.04250482,0.0,False,False,False,0.04250482,0.011487224,1.3402629,False,False,False,0.04250482,0.020314788,0.76117885,False,False,False,0.008651826530694899,0.031017595999999998,0.022190032,False,False,False,False,False,False,False,False
2,test,20260204_100802_beam5_az037,20260204_100802,0,/home/tobeornot8259748/projects/balloon_radar_project/data/raw/detection_dataset/test/Background_IQ/IQ_Data/20260204_100802_beam5_az037.mat,0.0843417942523956,0.0722458735108375,0.7995694875717163,0.2100201845169067,False,False,False,0.049722526,0.049722526,0.0,False,False,False,0.049722526,0.0066591557,2.0547855,False,False,False,0.049722526,0.010278653,1.617058,False,False,False,0.012095920741558103,0.0430633703,0.039443873000000004,False,False,False,False,False,False,False,False
2,test,20260204_100802_beam5_az046,20260204_100802,0,/home/tobeornot8259748/projects/balloon_radar_project/data/raw/detection_dataset/train/Background_IQ/IQ_Data/20260204_100802_beam5_az046.mat,0.057387538254261,0.0499314740300178,0.7995652556419373,0.1839178949594497,False,False,False,0.041604597,0.041604597,0.0,False,False,False,0.041604597,0.012690155,1.217108,False,False,False,0.041604597,0.020109216,0.74921316,False,False,False,0.007456064224243206,0.028914442,0.021495381,False,False,False,False,False,False,False,False
2,test,20260204_100802_beam5_az055,20260204_100802,0,/home/tobeornot8259748/projects/balloon_radar_project/data/raw/detection_dataset/test/Background_IQ/IQ_Data/20260204_100802_beam5_az055.mat,0.0549038536846637,0.0478536561131477,0.7995846271514893,0.1811792701482772,False,False,False,0.060551275,0.060551275,0.0,False,False,False,0.060551275,0.017863907,1.265145,False,False,False,0.060551275,0.017268768,1.2996334,False,False,False,0.007050197571516002,0.042687368,0.043282507,False,False,False,False,False,False,False,False
2,test,20260204_100802_beam5_az064,20260204_100802,0,/home/tobeornot8259748/projects/balloon_radar_project/data/raw/detection_dataset/train/Background_IQ/IQ_Data/20260204_100802_beam5_az064.mat,0.0585608258843421,0.0509417057037353,0.7995668053627014,0.1844055652618408,False,False,False,0.09146357,0.09146357,0.0,False,False,False,0.09146357,0.012884096,2.0428994,False,False,False,0.09146357,0.016043384,1.820391,False,False,False,0.0076191201806068,0.078579474,0.075420186,False,False,False,False,False,False,False,False
2,test,20260204_100802_beam5_az073,20260204_100802,0,/home/tobeornot8259748/projects/balloon_radar_project/data/raw/detection_dataset/train/Background_IQ/IQ_Data/20260204_100802_beam5_az073.mat,0.0391216464340686,0.0344582833349704,0.7995461821556091,0.164803460240364,False,False,False,0.079730265,0.079730265,0.0,False,False,False,0.079730265,0.006740295,2.5468712,False,False,False,0.079730265,0.0028241444,3.4207041,False,False,False,0.004663363099098199,0.07298996999999999,0.07690612059999999,False,False,False,False,False,False,False,False
2,test,20260204_100802_beam5_az082,20260204_100802,0,/home/tobeornot8259748/projects/balloon_radar_project/data/raw/detection_dataset/train/Background_IQ/IQ_Data/20260204_100802_beam5_az082.mat,0.0611992254853248,0.0529922768473625,0.799515962600708,0.1909810900688171,False,False,False,0.039669618,0.039669618,0.0,False,False,False,0.039669618,0.011524758,1.2649742,False,False,False,0.039669618,0.0183449,0.7931968,False,False,False,0.0082069486379623,0.028144859999999997,0.021324717999999996,False,False,False,False,False,False,False,False
2,test,20260204_100802_beam5_az091,20260204_100802,0,/home/tobeornot8259748/projects/balloon_radar_project/data/raw/detection_dataset/train/Background_IQ/IQ_Data/20260204_100802_beam5_az091.mat,0.0487670972943306,0.0426694750785827,0.7995644211769104,0.1750475913286209,False,False,False,0.10820009,0.10820009,0.0,False,False,False,0.10820009,0.013841415,2.1568923,False,False,False,0.10820009,0.007247131,2.8106165,False,False,False,0.006097622215747896,0.094358675,0.100952959,False,False,False,False,False,False,False,False
2,test,20260204_100802_beam5_az100,20260204_100802,0,/home/tobeornot8259748/projects/balloon_radar_project/data/raw/detection_dataset/train/Background_IQ/IQ_Data/20260204_100802_beam5_az100.mat,0.0422454960644245,0.0370982736349105,0.7995818853378296,0.1691971570253372,False,False,False,0.05206454,0.05206454,0.0,False,False,False,0.05206454,0.00710953,2.0373821,False,False,False,0.05206454,0.007653157,1.9631522,False,False,False,0.005147222429514001,0.04495501,0.044411383,False,False,False,False,False,False,False,False
2,test,20260204_100802_beam5_az109,20260204_100802,0,/home/tobeornot8259748/projects/balloon_radar_project/data/raw/detection_dataset/train/Background_IQ/IQ_Data/20260204_100802_beam5_az109.mat,0.046464666724205,0.040653221309185,0.7995542883872986,0.1747099161148071,False,False,False,0.057407413,0.057407413,0.0,False,False,False,0.057407413,0.016333913,1.2995821,False,False,False,0.057407413,0.013636386,1.4828225,False,False,False,0.005811445415020003,0.0410735,0.043771027,False,False,False,False,False,False,False,False
2,test,20260204_100802_beam5_az118,20260204_100802,0,/home/tobeornot8259748/projects/balloon_radar_project/data/raw/detection_dataset/train/Background_IQ/IQ_Data/20260204_100802_beam5_az118.mat,0.0660853758454322,0.0572035647928714,0.7995756268501282,0.1923480033874511,False,False,False,0.04753263,0.04753263,0.0,False,False,False,0.04753263,0.01522494,1.1718392,False,False,False,0.04753263,0.022579096,0.7702535,False,False,False,0.0088818110525608,0.03230769,0.024953534,False,False,False,False,False,False,False,False
2,test,20260204_100802_beam5_az127,20260204_100802,0,/home/tobeornot8259748/projects/balloon_radar_project/data/raw/detection_dataset/train/Background_IQ/IQ_Data/20260204_100802_beam5_az127.mat,0.0514627657830715,0.0448998846113681,0.7995787858963013,0.1792425215244293,False,False,False,0.049970463,0.049970463,0.0,False,False,False,0.049970463,0.0062045986,2.1311796,False,False,False,0.049970463,0.0026777275,2.9750445,False,False,False,0.006562881171703394,0.0437658644,0.0472927355,False,False,False,False,False,False,False,False
2,test,20260204_100802_beam5_az136,20260204_100802,0,/home/tobeornot8259748/projects/balloon_radar_project/data/raw/detection_dataset/val/Background_IQ/IQ_Data/20260204_100802_beam5_az136.mat,0.0416957661509513,0.0366732478141784,0.7995834946632385,0.167061373591423,False,False,False,0.045364298,0.045364298,0.0,False,False,False,0.045364298,0.013809689,1.2218745,False,False,False,0.045364298,0.021450449,0.7737215,False,False,False,0.005022518336772905,0.031554609,0.023913848999999997,False,False,False,False,False,False,False,False
2,test,20260204_100802_beam5_az145,20260204_100802,0,/home/tobeornot8259748/projects/balloon_radar_project/data/raw/detection_dataset/train/Background_IQ/IQ_Data/20260204_100802_beam5_az145.mat,0.0523276291787624,0.0458402708172798,0.7995476126670837,0.1740780770778656,False,False,False,0.126595,0.126595,0.0,False,False,False,0.126595,0.014970011,2.2552166,False,False,False,0.126595,0.024229083,1.7642678,False,False,False,0.006487358361482599,0.11162498900000001,0.10236591700000001,False,False,False,False,False,False,False,False
2,test,20260204_100802_beam5_az154,20260204_100802,0,/home/tobeornot8259748/projects/balloon_radar_project/data/raw/detection_dataset/train/Background_IQ/IQ_Data/20260204_100802_beam5_az154.mat,0.0644176676869392,0.0558587871491909,0.7995879054069519,0.189682126045227,False,False,False,0.059304614,0.059304614,0.0,False,False,False,0.059304614,0.0069073373,2.2043076,False,False,False,0.059304614,0.0168485,1.3025692,False,False,False,0.008558880537748295,0.052397276699999995,0.042456114,False,False,False,False,False,False,False,False
2,test,20260204_100802_beam5_az163,20260204_100802,0,/home/tobeornot8259748/projects/balloon_radar_project/data/raw/detection_dataset/train/Background_IQ/IQ_Data/20260204_100802_beam5_az163.mat,0.0553106553852558,0.0480649173259735,0.7995627522468567,0.1851682513952255,False,False,False,0.040786527,0.040786527,0.0,False,False,False,0.040786527,0.011515246,1.2947396,False,False,False,0.040786527,0.013534986,1.1310879,False,False,False,0.007245738059282303,0.029271281000000003,0.027251541000000004,False,False,False,False,False,False,False,False
2,test,20260204_100802_beam5_az172,20260204_100802,0,/home/tobeornot8259748/projects/balloon_radar_project/data/raw/detection_dataset/train/Background_IQ/IQ_Data/20260204_100802_beam5_az172.mat,0.0980793163180351,0.0831808522343635,0.7995310425758362,0.2265615761280059,False,False,False,0.09184671,0.09184671,0.0,False,False,False,0.09184671,0.009421993,2.3639495,False,False,False,0.09184671,0.0074287103,2.6036544,False,False,False,0.014898464083671598,0.082424717,0.0844179997,False,False,False,False,False,False,False,False
2,test,20260204_100802_beam5_az181,20260204_100802,0,/home/tobeornot8259748/projects/balloon_radar_project/data/raw/detection_dataset/train/Background_IQ/IQ_Data/20260204_100802_beam5_az181.mat,0.0548025965690612,0.0476066544651985,0.7994916439056396,0.1855544298887252,False,False,False,0.04526089,0.04526089,0.0,False,False,False,0.04526089,0.016117068,1.0626334,False,False,False,0.04526089,0.020306474,0.82730526,False,False,False,0.0071959421038627,0.029143822,0.024954415999999997,False,False,False,False,False,False,False,False
2,test,20260204_100802_beam5_az190,20260204_100802,0,/home/tobeornot8259748/projects/balloon_radar_project/data/raw/detection_dataset/train/Background_IQ/IQ_Data/20260204_100802_beam5_az190.mat,0.0503306314349174,0.0438976921141147,0.799546480178833,0.1794806122779846,False,False,False,0.05409065,0.05409065,0.0,False,False,False,0.05409065,0.00712178,2.0759652,False,False,False,0.05409065,0.021841908,0.9403554,False,False,False,0.0064329393208027025,0.046968869999999996,0.032248742,False,False,False,False,False,False,False,False
2,test,20260204_100802_beam5_az199,20260204_100802,0,/home/tobeornot8259748/projects/balloon_radar_project/data/raw/detection_dataset/val/Background_IQ/IQ_Data/20260204_100802_beam5_az199.mat,0.0474258735775947,0.0415364131331443,0.7995700836181641,0.1735446602106094,False,False,False,0.05173299,0.05173299,0.0,False,False,False,0.05173299,0.014868599,1.2849827,False,False,False,0.05173299,0.023129309,0.83471334,False,False,False,0.005889460444450399,0.036864390999999996,0.028603681,False,False,False,False,False,False,False,False
2,test,20260204_100802_beam5_az208,20260204_100802,0,/home/tobeornot8259748/projects/balloon_radar_project/data/raw/detection_dataset/train/Background_IQ/IQ_Data/20260204_100802_beam5_az208.mat,0.0664479285478591,0.0574332326650619,0.7995522618293762,0.1943656206130981,False,False,False,0.042877447,0.042877447,0.0,False,False,False,0.042877447,0.012322688,1.2783287,False,False,False,0.042877447,0.014403854,1.1201652,False,False,False,0.009014695882797193,0.030554759,0.028473593,False,False,False,False,False,False,False,False
2,test,20260204_100802_beam5_az217,20260204_100802,0,/home/tobeornot8259748/projects/balloon_radar_project/data/raw/detection_dataset/train/Background_IQ/IQ_Data/20260204_100802_beam5_az217.mat,0.0560293830931186,0.048730332404375,0.7995757460594177,0.1841940283775329,False,False,False,0.048085745,0.048085745,0.0,False,False,False,0.048085745,0.0064788028,2.0472307,False,False,False,0.048085745,0.0016749023,3.404835,False,False,False,0.007299050688743598,0.0416069422,0.046410842699999996,False,False,False,False,False,False,False,False
2,test,20260204_100802_beam5_az226,20260204_100802,0,/home/tobeornot8259748/projects/balloon_radar_project/data/raw/detection_dataset/train/Background_IQ/IQ_Data/20260204_100802_beam5_az226.mat,0.0505176708102226,0.044161133468151,0.7995873093605042,0.1765292286872863,False,False,False,0.045243606,0.045243606,0.0,False,False,False,0.045243606,0.014807026,1.1483412,False,False,False,0.045243606,0.021062871,0.78956074,False,False,False,0.006356537342071596,0.030436579999999998,0.024180735,False,False,False,False,False,False,False,False
2,test,20260204_100802_beam5_az235,20260204_100802,0,/home/tobeornot8259748/projects/balloon_radar_project/data/raw/detection_dataset/train/Background_IQ/IQ_Data/20260204_100802_beam5_az235.mat,0.057387538254261,0.0497899949550628,0.7995463013648987,0.1876573860645294,False,False,False,0.086949795,0.086949795,0.0,False,False,False,0.086949795,0.014726751,1.8517932,False,False,False,0.086949795,0.008022612,2.4659765,False,False,False,0.007597543299198206,0.072223044,0.078927183,False,False,False,False,False,False,False,False
2,test,20260204_100802_beam5_az244,20260204_100802,0,/home/tobeornot8259748/projects/balloon_radar_project/data/raw/detection_dataset/train/Background_IQ/IQ_Data/20260204_100802_beam5_az244.mat,0.0603076443076133,0.0522969216108322,0.7995762825012207,0.1888626813888549,False,False,False,0.055284884,0.055284884,0.0,False,False,False,0.055284884,0.0059093093,2.2869158,False,False,False,0.055284884,0.0035154,2.8086963,False,False,False,0.008010722696781103,0.0493755747,0.051769484,False,False,False,False,False,False,False,False
2,test,20260204_100802_beam5_az253,20260204_100802,0,/home/tobeornot8259748/projects/balloon_radar_project/data/raw/detection_dataset/train/Background_IQ/IQ_Data/20260204_100802_beam5_az253.mat,0.0541987232863903,0.0471480712294578,0.7995606064796448,0.1835901737213134,False,False,False,0.060856972,0.060856972,0.0,False,False,False,0.060856972,0.0070106396,2.2168498,False,False,False,0.060856972,0.003134426,3.0257285,False,False,False,0.007050652056932498,0.0538463324,0.057722546,False,False,False,False,False,False,False,False
2,test,20260204_100802_beam5_az262,20260204_100802,0,/home/tobeornot8259748/projects/balloon_radar_project/data/raw/detection_dataset/train/Background_IQ/IQ_Data/20260204_100802_beam5_az262.mat,0.0630194693803787,0.0546741485595703,0.7995617985725403,0.1887532770633697,False,False,False,0.04205819,0.04205819,0.0,False,False,False,0.04205819,0.014049908,1.1252568,False,False,False,0.04205819,0.020092534,0.761377,False,False,False,0.008345320820808397,0.028008282000000002,0.021965656000000004,False,False,False,False,False,False,False,False
2,test,20260202_144425_beam1,20260202_144425,1,/home/tobeornot8259748/projects/balloon_radar_project/data/raw/detection_dataset/test/UAV_IQ/IQ_Data/20260202_144425_beam1.mat,0.9039745330810548,0.9039656519889832,0.0030821932014077,0.0329189151525497,True,False,True,0.7444092,0.7444092,0.0,True,False,True,0.7444092,0.6784167,0.32250777,True,False,True,0.7444092,0.6948472,0.2461335,True,False,True,8.881092071644225e-06,0.06599250000000001,0.049561999999999995,False,False,False,False,False,False,False,False
2,test,20260202_144425_beam2,20260202_144425,1,/home/tobeornot8259748/projects/balloon_radar_project/data/raw/detection_dataset/test/UAV_IQ/IQ_Data/20260202_144425_beam2.mat,0.9882221817970276,0.988220989704132,0.0028296769596636,0.0347189307212829,True,False,True,0.9423325,0.9423325,0.0,True,False,True,0.9423325,0.9423128,0.0003627482,True,False,True,0.9423325,0.9423148,0.00032570443,True,False,True,1.1920928956188348e-06,1.9700000000066886e-05,1.7700000000009375e-05,False,False,False,False,False,False,False,False
2,test,20260202_144425_beam3,20260202_144425,1,/home/tobeornot8259748/projects/balloon_radar_project/data/raw/detection_dataset/test/UAV_IQ/IQ_Data/20260202_144425_beam3.mat,0.9885804057121276,0.988579273223877,0.0028322576545178,0.035334326326847,True,False,True,0.9570745,0.9570745,0.0,True,False,True,0.9570745,0.9570706,9.708509e-05,True,False,True,0.9570745,0.95706654,0.00019441564,True,False,True,1.1324882506213996e-06,3.900000000056636e-06,7.960000000029055e-06,False,False,False,False,False,False,False,False
2,test,20260202_144425_beam4,20260202_144425,1,/home/tobeornot8259748/projects/balloon_radar_project/data/raw/detection_dataset/test/UAV_IQ/IQ_Data/20260202_144425_beam4.mat,0.9883127808570862,0.9883115887641908,0.0028256529476493,0.0357377901673316,True,False,True,0.9494444,0.9494444,0.0,True,False,True,0.9494444,0.9494364,0.000164418,True,False,True,0.9494444,0.94944394,7.727813e-06,True,False,True,1.1920928953967902e-06,8.000000000008e-06,4.599999999799209e-07,False,False,False,False,False,False,False,False
2,test,20260202_144425_beam5,20260202_144425,1,/home/tobeornot8259748/projects/balloon_radar_project/data/raw/detection_dataset/test/UAV_IQ/IQ_Data/20260202_144425_beam5.mat,0.96518474817276,0.965182900428772,0.0027391982730478,0.02132223919034,True,False,True,0.80941784,0.80941784,0.0,True,False,False,0.80941784,0.7962119,0.08344722,True,False,False,0.80941784,0.805146,0.027458878,True,False,False,1.8477439880371094e-06,0.013205940000000083,0.004271840000000027,False,False,True,False,False,False,True,False
2,test,20260202_144433_beam1,20260202_144433,1,/home/tobeornot8259748/projects/balloon_radar_project/data/raw/detection_dataset/val/UAV_IQ/IQ_Data/20260202_144433_beam1.mat,0.9731897711753844,0.9731884598731996,0.0027538405265659,0.0196622498333454,True,False,True,0.9508776,0.9508776,0.0,True,False,True,0.9508776,0.9508735,8.857286e-05,True,False,True,0.9508776,0.95087284,0.000101883576,True,False,True,1.3113021848365491e-06,4.099999999951365e-06,4.759999999937037e-06,False,False,False,False,False,False,False,False
2,test,20260202_144433_beam2,20260202_144433,1,/home/tobeornot8259748/projects/balloon_radar_project/data/raw/detection_dataset/val/UAV_IQ/IQ_Data/20260202_144433_beam2.mat,0.98046875,0.980467677116394,0.0027865241281688,0.0205463208258152,True,False,True,0.9579749,0.9579749,0.0,True,False,True,0.9579749,0.9579691,0.00014293684,True,False,True,0.9579749,0.9579666,0.00020594524,True,False,True,1.0728836059570312e-06,5.799999999944738e-06,8.299999999961116e-06,False,False,False,False,False,False,False,False
2,test,20260202_144433_beam3,20260202_144433,1,/home/tobeornot8259748/projects/balloon_radar_project/data/raw/detection_dataset/val/UAV_IQ/IQ_Data/20260202_144433_beam3.mat,0.9813465476036072,0.9813453555107116,0.0027909493073821,0.0219155102968215,True,False,True,0.95969963,0.95969963,0.0,True,False,True,0.95969963,0.9596924,0.00018711985,True,False,True,0.95969963,0.9596875,0.0003161268,True,False,True,1.1920928956188348e-06,7.230000000024717e-06,1.2129999999999086e-05,False,False,False,False,False,False,False,False
2,test,20260202_144433_beam4,20260202_144433,1,/home/tobeornot8259748/projects/balloon_radar_project/data/raw/detection_dataset/val/UAV_IQ/IQ_Data/20260202_144433_beam4.mat,0.9764904975891112,0.9764893651008606,0.0027711924631148,0.0189053639769554,True,False,True,0.96659076,0.96659076,0.0,True,False,True,0.96659076,0.96658915,4.8433318e-05,True,False,True,0.96659076,0.96658283,0.00024334808,True,False,True,1.1324882506213996e-06,1.6099999999852344e-06,7.929999999989334e-06,False,False,False,False,False,False,False,False
2,test,20260202_144433_beam5,20260202_144433,1,/home/tobeornot8259748/projects/balloon_radar_project/data/raw/detection_dataset/val/UAV_IQ/IQ_Data/20260202_144433_beam5.mat,0.9722570776939392,0.9722557663917542,0.0027480283752083,0.0187768656760454,True,False,True,0.9356437,0.9356437,0.0,True,False,True,0.9356437,0.935611,0.0005414717,True,False,True,0.9356437,0.93552536,0.0019634257,True,False,True,1.3113021850585938e-06,3.269999999999662e-05,0.00011833999999999456,False,False,False,False,False,False,False,False
2,test,20260202_144458_beam1,20260202_144458,1,/home/tobeornot8259748/projects/balloon_radar_project/data/raw/detection_dataset/test/UAV_IQ/IQ_Data/20260202_144458_beam1.mat,0.9597620368003844,0.9597602486610411,0.0027388636954128,0.0169106051325798,True,False,True,0.94755983,0.94755983,0.0,True,False,True,0.94755983,0.947553,0.0001368277,True,False,True,0.94755983,0.9474962,0.0012800238,True,False,True,1.7881393432617188e-06,6.830000000013214e-06,6.36299999999812e-05,False,False,False,False,False,False,False,False
2,test,20260202_144458_beam2,20260202_144458,1,/home/tobeornot8259748/projects/balloon_radar_project/data/raw/detection_dataset/test/UAV_IQ/IQ_Data/20260202_144458_beam2.mat,0.9777987599372864,0.977797508239746,0.0027735903859138,0.020401906222105,True,False,True,0.9718285,0.9718285,0.0,True,False,True,0.9718285,0.97182786,2.1520427e-05,True,False,True,0.9718285,0.9718279,1.7523778e-05,True,False,True,1.2516975403942254e-06,6.399999999961992e-07,6.000000000172534e-07,False,False,False,False,False,False,False,False
2,test,20260202_144458_beam3,20260202_144458,1,/home/tobeornot8259748/projects/balloon_radar_project/data/raw/detection_dataset/test/UAV_IQ/IQ_Data/20260202_144458_beam3.mat,0.9732407331466676,0.9732393622398376,0.0027600019238889,0.018267111852765,True,False,True,0.96065694,0.96065694,0.0,True,False,True,0.96065694,0.9606515,0.00014268026,True,False,True,0.96065694,0.9606,0.0015049786,True,False,True,1.3709068299450067e-06,5.440000000023204e-06,5.694000000000532e-05,False,False,False,False,False,False,False,False
2,test,20260202_144458_beam4,20260202_144458,1,/home/tobeornot8259748/projects/balloon_radar_project/data/raw/detection_dataset/test/UAV_IQ/IQ_Data/20260202_144458_beam4.mat,0.9731387495994568,0.9731374382972716,0.0027585378848016,0.0189127959311008,True,False,True,0.974715,0.974715,0.0,True,False,True,0.974715,0.9747148,9.444945e-06,True,False,True,0.974715,0.9747133,7.0366776e-05,True,False,True,1.311302185169616e-06,2.0000000000575113e-07,1.6999999999933735e-06,False,False,False,False,False,False,False,False
2,test,20260202_144458_beam5,20260202_144458,1,/home/tobeornot8259748/projects/balloon_radar_project/data/raw/detection_dataset/test/UAV_IQ/IQ_Data/20260202_144458_beam5.mat,0.9421884417533876,0.9421858191490172,0.0027699340134859,0.0172996409237384,True,False,True,0.9706781,0.9706781,0.0,True,False,True,0.9706781,0.9706779,7.4151635e-06,True,False,True,0.9706781,0.97067744,2.1557977e-05,True,False,True,2.622604370339232e-06,2.0000000000575113e-07,6.59999999985672e-07,False,False,False,False,False,False,False,False
2,test,20260202_144506_beam1,20260202_144506,1,/home/tobeornot8259748/projects/balloon_radar_project/data/raw/detection_dataset/test/UAV_IQ/IQ_Data/20260202_144506_beam1.mat,0.9687971472740172,0.9687899947166444,0.0027554398402571,0.0861896649003028,True,False,True,0.8925933,0.8925933,0.0,True,False,True,0.8925933,0.8921218,0.004908238,True,False,True,0.8925933,0.89253765,0.0005807497,True,False,True,7.15255737282483e-06,0.0004715000000000691,5.5650000000073696e-05,False,False,False,False,False,False,False,False
2,test,20260202_144506_beam2,20260202_144506,1,/home/tobeornot8259748/projects/balloon_radar_project/data/raw/detection_dataset/test/UAV_IQ/IQ_Data/20260202_144506_beam2.mat,0.9707432389259338,0.9707412123680116,0.0027492311783134,0.0261744782328605,True,False,True,0.9386638,0.9386638,0.0,True,False,True,0.9386638,0.9386284,0.000614801,True,False,True,0.9386638,0.9385456,0.0020506873,True,False,True,2.026557922252259e-06,3.540000000001875e-05,0.00011820000000006825,False,False,False,False,False,False,False,False
2,test,20260202_144506_beam3,20260202_144506,1,/home/tobeornot8259748/projects/balloon_radar_project/data/raw/detection_dataset/test/UAV_IQ/IQ_Data/20260202_144506_beam3.mat,0.9590010046958924,0.9589985609054564,0.002739739138633,0.0220607221126556,True,False,True,0.97877616,0.97877616,0.0,True,False,True,0.97877616,0.97877604,3.0472531e-06,True,False,True,0.97877616,0.97877604,5.7900347e-06,True,False,True,2.4437904360130602e-06,1.200000000478596e-07,1.200000000478596e-07,False,False,False,False,False,False,False,False
2,test,20260202_144506_beam4,20260202_144506,1,/home/tobeornot8259748/projects/balloon_radar_project/data/raw/detection_dataset/test/UAV_IQ/IQ_Data/20260202_144506_beam4.mat,0.9416541457176208,0.9416492581367492,0.0027920654974877,0.031875804066658,True,False,True,0.97591984,0.97591984,0.0,True,False,True,0.97591984,0.9759197,3.2871956e-06,True,False,True,0.97591984,0.97591984,1.4359314e-06,True,False,True,4.8875808716930536e-06,1.4000000003733248e-07,0.0,False,False,False,False,False,False,False,False
2,test,20260202_144506_beam5,20260202_144506,1,/home/tobeornot8259748/projects/balloon_radar_project/data/raw/detection_dataset/test/UAV_IQ/IQ_Data/20260202_144506_beam5.mat,0.9488224983215332,0.9488155245780944,0.0027858314570039,0.0518121048808097,True,False,True,0.815353,0.815353,0.0,True,False,False,0.815353,0.80081457,0.093781635,True,False,False,0.815353,0.734204,0.46911728,True,False,False,6.9737434388317254e-06,0.014538429999999991,0.08114900000000003,False,False,True,False,False,False,True,False
2,test,20260202_144515_beam1,20260202_144515,1,/home/tobeornot8259748/projects/balloon_radar_project/data/raw/detection_dataset/train/UAV_IQ/IQ_Data/20260202_144515_beam1.mat,0.965576469898224,0.9655747413635254,0.0027405442669987,0.0195221584290266,True,False,True,0.9628748,0.9628748,0.0,True,False,True,0.9628748,0.9628731,5.0000155e-05,True,False,True,0.9628748,0.96286744,0.00020656364,True,False,True,1.7285346985973504e-06,1.6999999999933735e-06,7.3600000000118015e-06,False,False,False,False,False,False,False,False
2,test,20260202_144515_beam2,20260202_144515,1,/home/tobeornot8259748/projects/balloon_radar_project/data/raw/detection_dataset/train/UAV_IQ/IQ_Data/20260202_144515_beam2.mat,0.9563905000686646,0.956388533115387,0.0027390343602746,0.0175520461052656,True,False,True,0.9744863,0.9744863,0.0,True,False,True,0.9744863,0.97448593,1.3820138e-05,True,False,True,0.9744863,0.97448504,5.1575964e-05,True,False,True,1.9669532775878906e-06,3.700000000828041e-07,1.2600000000029254e-06,False,False,False,False,False,False,False,False
2,test,20260202_144515_beam3,20260202_144515,1,/home/tobeornot8259748/projects/balloon_radar_project/data/raw/detection_dataset/train/UAV_IQ/IQ_Data/20260202_144515_beam3.mat,0.9284088015556335,0.928404986858368,0.0028109496925026,0.0200724210590124,True,False,True,0.932778,0.932778,0.0,True,False,True,0.932778,0.9326214,0.00249547,True,False,True,0.932778,0.93218523,0.009415586,True,False,True,3.8146972655139777e-06,0.00015659999999995122,0.0005927700000000202,False,False,False,False,False,False,False,False
2,test,20260202_144515_beam4,20260202_144515,1,/home/tobeornot8259748/projects/balloon_radar_project/data/raw/detection_dataset/train/UAV_IQ/IQ_Data/20260202_144515_beam4.mat,0.9593832492828368,0.9593812227249146,0.002738649956882,0.0183533169329166,True,False,True,0.9733128,0.9733128,0.0,True,False,True,0.9733128,0.97331256,1.0263727e-05,True,False,True,0.9733128,0.97330636,0.0002468598,True,False,True,2.026557922252259e-06,2.399999999846969e-07,6.439999999940937e-06,False,False,False,False,False,False,False,False
2,test,20260202_144515_beam5,20260202_144515,1,/home/tobeornot8259748/projects/balloon_radar_project/data/raw/detection_dataset/train/UAV_IQ/IQ_Data/20260202_144515_beam5.mat,0.9474782943725586,0.9474754929542542,0.0027650147676467,0.0205134041607379,True,False,True,0.92584467,0.92584467,0.0,True,False,True,0.92584467,0.92580265,0.00061232375,True,False,True,0.92584467,0.925828,0.00024298865,True,False,True,2.8014183044433594e-06,4.202000000008699e-05,1.667000000005192e-05,False,False,False,False,False,False,False,False
2,test,20260202_144523_beam1,20260202_144523,1,/home/tobeornot8259748/projects/balloon_radar_project/data/raw/detection_dataset/train/UAV_IQ/IQ_Data/20260202_144523_beam1.mat,0.8927496671676636,0.8927233815193176,0.0035236913245171,0.0779815763235092,True,False,True,0.9705898,0.9705898,0.0,True,False,True,0.9705898,0.97058916,2.4273253e-05,True,False,True,0.9705898,0.9705898,4.845079e-07,True,False,True,2.6285648345947266e-05,6.399999999961992e-07,0.0,False,False,False,False,False,False,False,False
2,test,20260202_144523_beam2,20260202_144523,1,/home/tobeornot8259748/projects/balloon_radar_project/data/raw/detection_dataset/train/UAV_IQ/IQ_Data/20260202_144523_beam2.mat,0.9686195850372314,0.9686139822006226,0.002743707736954,0.0663288682699203,True,False,True,0.89808714,0.89808714,0.0,True,False,True,0.89808714,0.8956856,0.025968954,True,False,True,0.89808714,0.89737463,0.0077599008,True,False,True,5.602836608886719e-06,0.0024015400000000353,0.000712510000000055,False,False,False,False,False,False,False,False
2,test,20260202_144523_beam3,20260202_144523,1,/home/tobeornot8259748/projects/balloon_radar_project/data/raw/detection_dataset/train/UAV_IQ/IQ_Data/20260202_144523_beam3.mat,0.9312127232551576,0.9312041997909546,0.0028444577474147,0.0466759242117404,True,False,True,0.94210535,0.94210535,0.0,True,False,True,0.94210535,0.9420257,0.0014595325,True,False,True,0.94210535,0.9421018,6.469681e-05,True,False,True,8.523464202991882e-06,7.964999999998668e-05,3.5499999999633047e-06,False,False,False,False,False,False,False,False
2,test,20260202_144523_beam4,20260202_144523,1,/home/tobeornot8259748/projects/balloon_radar_project/data/raw/detection_dataset/train/UAV_IQ/IQ_Data/20260202_144523_beam4.mat,0.8778960704803467,0.8778629302978516,0.0039335759356617,0.0787868872284889,True,False,True,0.97256356,0.97256356,0.0,True,False,True,0.97256356,0.97256327,1.1359847e-05,True,False,True,0.97256356,0.97256356,1.9040561e-07,True,False,True,3.314018249511719e-05,2.9000000001389026e-07,0.0,False,False,False,False,False,False,False,False
2,test,20260202_144523_beam5,20260202_144523,1,/home/tobeornot8259748/projects/balloon_radar_project/data/raw/detection_dataset/train/UAV_IQ/IQ_Data/20260202_144523_beam5.mat,0.7853085398674011,0.784684956073761,0.0287741646170616,0.1284134536981582,True,False,False,0.9247766,0.9247766,0.0,True,False,True,0.9247766,0.924736,0.00058372354,True,False,True,0.9247766,0.9247762,6.5153517e-06,True,False,True,0.0006235837936401367,4.0599999999946235e-05,3.9999999990047996e-07,False,False,False,True,False,False,False,True
2,test,20260202_144539_beam1,20260202_144539,1,/home/tobeornot8259748/projects/balloon_radar_project/data/raw/detection_dataset/test/UAV_IQ/IQ_Data/20260202_144539_beam1.mat,0.8844391107559204,0.8844076991081238,0.0038592035416513,0.0796982496976852,True,False,True,0.9611268,0.9611268,0.0,True,False,True,0.9611268,0.9611258,2.5368761e-05,True,False,True,0.9611268,0.9611268,5.4440306e-07,True,False,True,3.141164779663086e-05,9.999999999177334e-07,0.0,False,False,False,False,False,False,False,False
2,test,20260202_144539_beam2,20260202_144539,1,/home/tobeornot8259748/projects/balloon_radar_project/data/raw/detection_dataset/test/UAV_IQ/IQ_Data/20260202_144539_beam2.mat,0.9323301911354064,0.9323168992996216,0.0029370104894042,0.0717147514224052,True,False,True,0.9773207,0.9773207,0.0,True,False,True,0.9773207,0.97732055,3.0976619e-06,True,False,True,0.9773207,0.9773207,1.8475913e-07,True,False,True,1.3291835784801087e-05,1.5000000008758008e-07,0.0,False,False,False,False,False,False,False,False
2,test,20260202_144539_beam3,20260202_144539,1,/home/tobeornot8259748/projects/balloon_radar_project/data/raw/detection_dataset/test/UAV_IQ/IQ_Data/20260202_144539_beam3.mat,0.9444848895072936,0.9444656372070312,0.0028993189334869,0.1264375150203704,True,False,True,0.96789396,0.96789396,0.0,True,False,True,0.96789396,0.9678936,1.2772595e-05,True,False,True,0.96789396,0.96789396,8.947843e-07,True,False,True,1.925230026234015e-05,3.600000000325565e-07,0.0,False,False,False,False,False,False,False,False
2,test,20260202_144539_beam4,20260202_144539,1,/home/tobeornot8259748/projects/balloon_radar_project/data/raw/detection_dataset/test/UAV_IQ/IQ_Data/20260202_144539_beam4.mat,0.9460012316703796,0.9459776282310486,0.0029147104360163,0.1582025289535522,True,False,True,0.80480206,0.80480206,0.0,True,False,True,0.80480206,0.7945416,0.064060844,True,False,True,0.80480206,0.8043576,0.0028272457,True,False,True,2.3603439331054688e-05,0.010260460000000027,0.00044445999999997987,False,False,False,False,False,False,False,False
2,test,20260202_144548_beam1,20260202_144548,1,/home/tobeornot8259748/projects/balloon_radar_project/data/raw/detection_dataset/train/UAV_IQ/IQ_Data/20260202_144548_beam1.mat,0.9799382090568542,0.9799368381500244,0.0027768074069172,0.0256428197026252,True,False,True,0.93840134,0.93840134,0.0,True,False,True,0.93840134,0.93837047,0.0005323846,True,False,True,0.93840134,0.93838876,0.00021669385,True,False,True,1.3709068298339844e-06,3.087000000001616e-05,1.257999999992876e-05,False,False,False,False,False,False,False,False
2,test,20260202_144548_beam2,20260202_144548,1,/home/tobeornot8259748/projects/balloon_radar_project/data/raw/detection_dataset/train/UAV_IQ/IQ_Data/20260202_144548_beam2.mat,0.9760379791259766,0.9760363698005676,0.0027590454556047,0.0250905901193618,True,False,True,0.93919426,0.93919426,0.0,True,False,True,0.93919426,0.939156,0.00066956965,True,False,True,0.93919426,0.93913907,0.0009654586,True,False,True,1.6093254089355469e-06,3.825999999995666e-05,5.518999999998275e-05,False,False,False,False,False,False,False,False
2,test,20260202_144548_beam3,20260202_144548,1,/home/tobeornot8259748/projects/balloon_radar_project/data/raw/detection_dataset/train/UAV_IQ/IQ_Data/20260202_144548_beam3.mat,0.9691494703292848,0.969147801399231,0.0027450937777757,0.0213102493435144,True,False,True,0.9594317,0.9594317,0.0,True,False,True,0.9594317,0.9594295,5.7013443e-05,True,False,True,0.9594317,0.9594283,8.599248e-05,True,False,True,1.6689300538219598e-06,2.19999999995224e-06,3.399999999986747e-06,False,False,False,False,False,False,False,False
2,test,20260202_144548_beam4,20260202_144548,1,/home/tobeornot8259748/projects/balloon_radar_project/data/raw/detection_dataset/train/UAV_IQ/IQ_Data/20260202_144548_beam4.mat,0.8816148638725281,0.8815996050834656,0.0035129017196595,0.0416305847465992,True,False,True,0.8375354,0.8375354,0.0,True,False,True,0.8375354,0.8322713,0.03819293,True,False,True,0.8375354,0.8349354,0.018986365,True,False,True,1.52587890625e-05,0.005264099999999994,0.0026000000000000467,False,False,False,False,False,False,False,False
2,test,20260202_144556_beam1,20260202_144556,1,/home/tobeornot8259748/projects/balloon_radar_project/data/raw/detection_dataset/train/UAV_IQ/IQ_Data/20260202_144556_beam1.mat,0.9793145656585692,0.9793135523796082,0.0027772698085755,0.0182766541838645,True,False,True,0.9758027,0.9758027,0.0,True,False,True,0.9758027,0.9758027,4.2389784e-06,True,False,True,0.9758027,0.9758026,5.4255265e-06,True,False,True,1.0132789610706183e-06,0.0,1.0000000005838672e-07,False,False,False,False,False,False,False,False
2,test,20260202_144556_beam2,20260202_144556,1,/home/tobeornot8259748/projects/balloon_radar_project/data/raw/detection_dataset/train/UAV_IQ/IQ_Data/20260202_144556_beam2.mat,0.9888418912887572,0.9888411164283752,0.0028344590682536,0.0266774073243141,True,False,True,0.9502998,0.9502998,0.0,True,False,True,0.9502998,0.9502934,0.0001353104,True,False,True,0.9502998,0.95028776,0.00025601508,True,False,True,7.748603819690558e-07,6.400000000073014e-06,1.2039999999990947e-05,False,False,False,False,False,False,False,False
2,test,20260202_144556_beam3,20260202_144556,1,/home/tobeornot8259748/projects/balloon_radar_project/data/raw/detection_dataset/train/UAV_IQ/IQ_Data/20260202_144556_beam3.mat,0.977153778076172,0.9771525263786316,0.0027639791369438,0.020557552576065,True,False,True,0.92820024,0.92820024,0.0,True,False,True,0.92820024,0.92815787,0.00063601614,True,False,True,0.92820024,0.928188,0.00018395523,True,False,True,1.2516975403942254e-06,4.2369999999958274e-05,1.2239999999996698e-05,False,False,False,False,False,False,False,False
2,test,20260202_144604_beam1,20260202_144604,1,/home/tobeornot8259748/projects/balloon_radar_project/data/raw/detection_dataset/train/UAV_IQ/IQ_Data/20260202_144604_beam1.mat,0.9428234100341796,0.9428154230117798,0.0028347340412437,0.0518495738506317,True,False,True,0.96856177,0.96856177,0.0,True,False,True,0.96856177,0.9685615,1.2773887e-05,True,False,True,0.96856177,0.96856177,2.6132653e-07,True,False,True,7.987022399791321e-06,2.700000000244174e-07,0.0,False,False,False,False,False,False,False,False
2,test,20260202_144604_beam2,20260202_144604,1,/home/tobeornot8259748/projects/balloon_radar_project/data/raw/detection_dataset/train/UAV_IQ/IQ_Data/20260202_144604_beam2.mat,0.9628131985664368,0.962811291217804,0.0027409340254962,0.019526345655322,True,False,True,0.97307026,0.97307026,0.0,True,False,True,0.97307026,0.9730699,1.2593249e-05,True,False,True,0.97307026,0.9730699,1.0417863e-05,True,False,True,1.9073486328125e-06,3.599999999215342e-07,3.599999999215342e-07,False,False,False,False,False,False,False,False
2,test,20260202_144604_beam3,20260202_144604,1,/home/tobeornot8259748/projects/balloon_radar_project/data/raw/detection_dataset/train/UAV_IQ/IQ_Data/20260202_144604_beam3.mat,0.9522199034690856,0.9522172212600708,0.0027440325357019,0.0214764960110187,True,False,True,0.96938735,0.96938735,0.0,True,False,True,0.96938735,0.9693868,1.6516542e-05,True,False,True,0.96938735,0.96938723,1.3879933e-06,True,False,True,2.682209014781556e-06,5.4999999998806e-07,1.199999999368373e-07,False,False,False,False,False,False,False,False
2,test,20260202_144604_beam4,20260202_144604,1,/home/tobeornot8259748/projects/balloon_radar_project/data/raw/detection_dataset/train/UAV_IQ/IQ_Data/20260202_144604_beam4.mat,0.9244152307510376,0.9243982434272766,0.0030641653575003,0.0792488306760788,True,False,True,0.89638853,0.89638853,0.0,True,False,True,0.89638853,0.89605176,0.0036206401,True,False,True,0.89638853,0.8963818,7.290392e-05,True,False,True,1.6987323760986328e-05,0.00033676999999998625,6.729999999954828e-06,False,False,False,False,False,False,False,False
2,test,20260202_144613_beam1,20260202_144613,1,/home/tobeornot8259748/projects/balloon_radar_project/data/raw/detection_dataset/train/UAV_IQ/IQ_Data/20260202_144613_beam1.mat,0.8984104990959167,0.8983966708183289,0.0031902047339826,0.0477571673691272,True,False,True,0.9199423,0.9199423,0.0,True,False,True,0.9199423,0.9197985,0.0019502927,True,False,True,0.9199423,0.9196971,0.003323627,True,False,True,1.3828277587890625e-05,0.00014380000000002724,0.00024519999999994546,False,False,False,False,False,False,False,False
2,test,20260202_144613_beam2,20260202_144613,1,/home/tobeornot8259748/projects/balloon_radar_project/data/raw/detection_dataset/train/UAV_IQ/IQ_Data/20260202_144613_beam2.mat,0.9553191661834716,0.955315887928009,0.0027381787076592,0.0272630061954259,True,False,True,0.9161905,0.9161905,0.0,True,False,True,0.9161905,0.9159348,0.0033249056,True,False,True,0.9161905,0.9155098,0.0088321185,True,False,True,3.278255462535462e-06,0.00025569999999996984,0.0006806999999999785,False,False,False,False,False,False,False,False
2,test,20260202_144613_beam3,20260202_144613,1,/home/tobeornot8259748/projects/balloon_radar_project/data/raw/detection_dataset/train/UAV_IQ/IQ_Data/20260202_144613_beam3.mat,0.9510514140129088,0.9510481357574464,0.0027403463609516,0.0256848614662885,True,False,True,0.9105208,0.9105208,0.0,True,False,True,0.9105208,0.910194,0.004004824,True,False,True,0.9105208,0.9103709,0.0018382083,True,False,True,3.2782554624244398e-06,0.0003268000000000715,0.00014990000000003612,False,False,False,False,False,False,False,False
2,test,20260202_144613_beam4,20260202_144613,1,/home/tobeornot8259748/projects/balloon_radar_project/data/raw/detection_dataset/train/UAV_IQ/IQ_Data/20260202_144613_beam4.mat,0.8346765637397766,0.8346425294876099,0.0045740925706923,0.0538846738636493,True,False,True,0.83783966,0.83783966,0.0,True,False,True,0.83783966,0.83191615,0.042972412,True,False,True,0.83783966,0.8302506,0.054836396,True,False,True,3.403425216674805e-05,0.005923510000000021,0.007589060000000036,False,False,False,False,False,False,False,False
2,test,20260202_144629_beam1,20260202_144629,1,/home/tobeornot8259748/projects/balloon_radar_project/data/raw/detection_dataset/train/UAV_IQ/IQ_Data/20260202_144629_beam1.mat,0.8113772869110107,0.8112778663635254,0.0071176937781274,0.0912578254938125,True,False,True,0.7980809,0.7980809,0.0,True,False,False,0.7980809,0.7809207,0.103303224,True,False,False,0.7980809,0.775991,0.13188851,True,False,False,9.942054748535156e-05,0.01716019999999996,0.022089899999999996,False,False,True,False,False,False,True,False
2,test,20260202_144629_beam2,20260202_144629,1,/home/tobeornot8259748/projects/balloon_radar_project/data/raw/detection_dataset/train/UAV_IQ/IQ_Data/20260202_144629_beam2.mat,0.8688268065452576,0.8688095211982727,0.0033934938255697,0.0446443110704422,True,False,False,0.9387297,0.9387297,0.0,True,False,False,0.9387297,0.93870765,0.00038316235,True,False,False,0.9387297,0.9386837,0.0007995279,True,False,False,1.728534698486328e-05,2.2049999999995684e-05,4.599999999999049e-05,False,False,False,False,False,False,False,False
2,test,20260202_144629_beam3,20260202_144629,1,/home/tobeornot8259748/projects/balloon_radar_project/data/raw/detection_dataset/train/UAV_IQ/IQ_Data/20260202_144629_beam3.mat,0.9404625296592712,0.9404574632644652,0.0027797799557447,0.0324373170733451,True,False,False,0.95766485,0.95766485,0.0,True,False,False,0.95766485,0.9576613,9.118533e-05,True,False,False,0.95766485,0.9576276,0.00091900764,True,False,False,5.0663948060192254e-06,3.5499999999633047e-06,3.724999999998868e-05,False,False,False,False,False,False,False,False
2,test,20260202_144629_beam4,20260202_144629,1,/home/tobeornot8259748/projects/balloon_radar_project/data/raw/detection_dataset/train/UAV_IQ/IQ_Data/20260202_144629_beam4.mat,0.8914335370063782,0.8914160132408142,0.0033867158927023,0.0536011382937431,True,False,False,0.9318284,0.9318284,0.0,True,False,False,0.9318284,0.93180543,0.00036110598,True,False,False,0.9318284,0.9317871,0.0006493819,True,False,False,1.7523765563964844e-05,2.2969999999955526e-05,4.1300000000021875e-05,False,False,False,False,False,False,False,False
3,test,20260204_100826_beam1_az001,20260204_100826,0,/home/tobeornot8259748/projects/balloon_radar_project/data/raw/detection_dataset/test/Background_IQ/IQ_Data/20260204_100826_beam1_az001.mat,0.2163424789905548,0.1472211480140686,0.7982774376869202,0.5880849957466125,False,False,False,0.20992228,0.20992228,0.0,False,False,False,0.20992228,0.055079702,1.5169253,False,False,False,0.20992228,0.076300524,1.168313,False,False,False,0.0691213309764862,0.15484257799999998,0.13362175599999998,False,False,False,False,False,False,False,False
3,test,20260204_100826_beam1_az010,20260204_100826,0,/home/tobeornot8259748/projects/balloon_radar_project/data/raw/detection_dataset/train/Background_IQ/IQ_Data/20260204_100826_beam1_az010.mat,0.0292012896388769,0.0239887218922376,0.7986490726470947,0.2529071867465973,False,False,False,0.04702326,0.04702326,0.0,False,False,False,0.04702326,0.0099956,1.5866164,False,False,False,0.04702326,0.009805196,1.6060412,False,False,False,0.0052125677466393,0.03702766,0.037218063999999995,False,False,False,False,False,False,False,False
3,test,20260204_100826_beam1_az019,20260204_100826,0,/home/tobeornot8259748/projects/balloon_radar_project/data/raw/detection_dataset/train/Background_IQ/IQ_Data/20260204_100826_beam1_az019.mat,0.0487670972943306,0.0389412678778171,0.7986440658569336,0.2945965826511383,False,False,False,0.16788234,0.16788234,0.0,False,False,False,0.16788234,0.065571025,1.0560912,False,False,False,0.16788234,0.059050683,1.1677828,False,False,False,0.009825829416513499,0.10231131499999999,0.108831657,False,False,False,False,False,False,False,False
3,test,20260204_100826_beam1_az028,20260204_100826,0,/home/tobeornot8259748/projects/balloon_radar_project/data/raw/detection_dataset/val/Background_IQ/IQ_Data/20260204_100826_beam1_az028.mat,0.0236443411558866,0.0195775479078292,0.7986375689506531,0.241532564163208,False,False,False,0.05941537,0.05941537,0.0,False,False,False,0.05941537,0.025138905,0.89592975,False,False,False,0.05941537,0.0060274317,2.3434398,False,False,False,0.0040667932480574,0.034276465000000006,0.0533879383,False,False,False,False,False,False,False,False
3,test,20260204_100826_beam1_az037,20260204_100826,0,/home/tobeornot8259748/projects/balloon_radar_project/data/raw/detection_dataset/train/Background_IQ/IQ_Data/20260204_100826_beam1_az037.mat,0.0555151142179966,0.043891929090023,0.7986389398574829,0.3094716966152191,False,False,False,0.2653264,0.2653264,0.0,False,False,False,0.2653264,0.02832287,2.5168884,False,False,False,0.2653264,0.073589504,1.5143496,False,False,False,0.011623185127973598,0.23700353000000002,0.19173689600000002,False,False,False,False,False,False,False,False
3,test,20260204_100826_beam1_az046,20260204_100826,0,/home/tobeornot8259748/projects/balloon_radar_project/data/raw/detection_dataset/test/Background_IQ/IQ_Data/20260204_100826_beam1_az046.mat,0.0285441502928733,0.0234106723219156,0.7986456155776978,0.2548447549343109,False,False,False,0.034410365,0.034410365,0.0,False,False,False,0.034410365,0.009363172,1.3271829,False,False,False,0.034410365,0.021034017,0.5059748,False,False,False,0.0051334779709577005,0.025047193,0.013376348,False,False,False,False,False,False,False,False
3,test,20260204_100826_beam1_az055,20260204_100826,0,/home/tobeornot8259748/projects/balloon_radar_project/data/raw/detection_dataset/train/Background_IQ/IQ_Data/20260204_100826_beam1_az055.mat,0.0272209029644727,0.0225099250674247,0.7986488938331604,0.2439871728420257,False,False,False,0.1451384,0.1451384,0.0,False,False,False,0.1451384,0.024569048,1.9081402,False,False,False,0.1451384,0.05793786,1.0154485,False,False,False,0.004710977897048,0.120569352,0.08720053999999999,False,False,False,False,False,False,False,False
3,test,20260204_100826_beam1_az064,20260204_100826,0,/home/tobeornot8259748/projects/balloon_radar_project/data/raw/detection_dataset/train/Background_IQ/IQ_Data/20260204_100826_beam1_az064.mat,0.0260067861527204,0.0214895326644182,0.7986478209495544,0.2446867972612381,False,False,False,0.075474665,0.075474665,0.0,False,False,False,0.075474665,0.024530472,1.1775194,False,False,False,0.075474665,0.022259468,1.2769935,False,False,False,0.0045172534883022,0.050944193,0.05321519699999999,False,False,False,False,False,False,False,False
3,test,20260204_100826_beam1_az073,20260204_100826,0,/home/tobeornot8259748/projects/balloon_radar_project/data/raw/detection_dataset/train/Background_IQ/IQ_Data/20260204_100826_beam1_az073.mat,0.0708162039518356,0.055467914789915,0.7986066341400146,0.3264011442661285,False,False,False,0.35473406,0.35473406,0.0,False,False,False,0.35473406,0.101065725,1.5871447,False,False,False,0.35473406,0.07716829,1.883164,False,False,False,0.015348289161920603,0.253668335,0.27756577000000004,False,False,False,False,False,False,False,False
3,test,20260204_100826_beam1_az082,20260204_100826,0,/home/tobeornot8259748/projects/balloon_radar_project/data/raw/detection_dataset/train/Background_IQ/IQ_Data/20260204_100826_beam1_az082.mat,0.0269123036414384,0.0219729747623205,0.7986190319061279,0.2602412700653076,False,False,False,0.050274536,0.050274536,0.0,False,False,False,0.050274536,0.0127599025,1.4099314,False,False,False,0.050274536,0.030369543,0.52480054,False,False,False,0.0049393288791179,0.037514633500000005,0.019904993000000003,False,False,False,False,False,False,False,False
3,test,20260204_100826_beam1_az091,20260204_100826,0,/home/tobeornot8259748/projects/balloon_radar_project/data/raw/detection_dataset/train/Background_IQ/IQ_Data/20260204_100826_beam1_az091.mat,0.0310849510133266,0.0255474895238876,0.7986457943916321,0.2527824342250824,False,False,False,0.077333875,0.077333875,0.0,False,False,False,0.077333875,0.0126462765,1.8785303,False,False,False,0.077333875,0.014547708,1.7365321,False,False,False,0.005537461489439,0.0646875985,0.062786167,False,False,False,False,False,False,False,False
3,test,20260204_100826_beam1_az100,20260204_100826,0,/home/tobeornot8259748/projects/balloon_radar_project/data/raw/detection_dataset/train/Background_IQ/IQ_Data/20260204_100826_beam1_az100.mat,0.0286526679992675,0.0234213452786207,0.7986226677894592,0.259158581495285,False,False,False,0.033111956,0.033111956,0.0,False,False,False,0.033111956,0.017171904,0.6729716,False,False,False,0.033111956,0.008687029,1.3630111,False,False,False,0.005231322720646799,0.015940051999999996,0.024424927,False,False,False,False,False,False,False,False
3,test,20260204_100826_beam1_az109,20260204_100826,0,/home/tobeornot8259748/projects/balloon_radar_project/data/raw/detection_dataset/train/Background_IQ/IQ_Data/20260204_100826_beam1_az109.mat,0.0597565807402133,0.0474108383059501,0.7985832691192627,0.3061340749263763,False,False,False,0.34045112,0.34045112,0.0,False,False,False,0.34045112,0.10787385,1.4513606,False,False,False,0.34045112,0.270046,0.33310458,False,False,False,0.012345742434263195,0.23257727,0.07040511999999999,False,False,False,False,False,False,False,False
3,test,20260204_100826_beam1_az118,20260204_100826,0,/home/tobeornot8259748/projects/balloon_radar_project/data/raw/detection_dataset/train/Background_IQ/IQ_Data/20260204_100826_beam1_az118.mat,0.0274806916713714,0.0228166747838258,0.7986369729042053,0.2388773113489151,False,False,False,0.1442485,0.1442485,0.0,False,False,False,0.1442485,0.029100623,1.7270207,False,False,False,0.1442485,0.080259316,0.6583864,False,False,False,0.0046640168875455995,0.11514787700000001,0.063989184,False,False,False,False,False,False,False,False
3,test,20260204_100826_beam1_az127,20260204_100826,0,/home/tobeornot8259748/projects/balloon_radar_project/data/raw/detection_dataset/test/Background_IQ/IQ_Data/20260204_100826_beam1_az127.mat,0.1545673310756683,0.1085195243358612,0.7984095215797424,0.5094310641288757,False,False,False,0.24366426,0.24366426,0.0,False,False,False,0.24366426,0.09732666,1.0945938,False,False,False,0.24366426,0.13688771,0.7086895,False,False,False,0.0460478067398071,0.1463376,0.10677655,False,False,False,False,False,False,False,False
3,test,20260204_100826_beam1_az136,20260204_100826,0,/home/tobeornot8259748/projects/balloon_radar_project/data/raw/detection_dataset/train/Background_IQ/IQ_Data/20260204_100826_beam1_az136.mat,0.0290907565504312,0.0239959117025136,0.7986531853675842,0.2476303577423095,False,False,False,0.06534694,0.06534694,0.0,False,False,False,0.06534694,0.0077770404,2.188307,False,False,False,0.06534694,0.002427772,3.357886,False,False,False,0.005094844847917598,0.05756989960000001,0.06291916800000001,False,False,False,False,False,False,False,False
3,test,20260204_100826_beam1_az145,20260204_100826,0,/home/tobeornot8259748/projects/balloon_radar_project/data/raw/detection_dataset/train/Background_IQ/IQ_Data/20260204_100826_beam1_az145.mat,0.0282209850847721,0.0232549514621496,0.7986533641815186,0.2487250566482544,False,False,False,0.16554002,0.16554002,0.0,False,False,False,0.16554002,0.029019697,1.8927596,False,False,False,0.16554002,0.1117638,0.4552781,False,False,False,0.0049660336226225,0.136520323,0.05377622000000001,False,False,False,False,False,False,False,False
3,test,20260204_100826_beam1_az154,20260204_100826,0,/home/tobeornot8259748/projects/balloon_radar_project/data/raw/detection_dataset/train/Background_IQ/IQ_Data/20260204_100826_beam1_az154.mat,0.0260067861527204,0.021358948200941,0.798634946346283,0.2524898052215576,False,False,False,0.09258365,0.09258365,0.0,False,False,False,0.09258365,0.018610798,1.6827382,False,False,False,0.09258365,0.06768175,0.34036872,False,False,False,0.0046478379517794,0.073972852,0.024901900000000005,False,False,False,False,False,False,False,False
3,test,20260204_100826_beam1_az163,20260204_100826,0,/home/tobeornot8259748/projects/balloon_radar_project/data/raw/detection_dataset/train/Background_IQ/IQ_Data/20260204_100826_beam1_az163.mat,0.0310261826962232,0.0254727751016616,0.7986412048339844,0.2541015148162842,False,False,False,0.05417274,0.05417274,0.0,False,False,False,0.05417274,0.014670443,1.3472592,False,False,False,0.05417274,0.028343856,0.6747096,False,False,False,0.005553407594561601,0.039502297,0.025828883999999996,False,False,False,False,False,False,False,False
3,test,20260204_100826_beam1_az172,20260204_100826,0,/home/tobeornot8259748/projects/balloon_radar_project/data/raw/detection_dataset/val/Background_IQ/IQ_Data/20260204_100826_beam1_az172.mat,0.0290356427431106,0.0234714318066835,0.798568844795227,0.273557186126709,False,False,False,0.050171424,0.050171424,0.0,False,False,False,0.050171424,0.011469288,1.5157106,False,False,False,0.050171424,0.028847191,0.5756352,False,False,False,0.0055642109364271025,0.038702136,0.021324232999999998,False,False,False,False,False,False,False,False
3,test,20260204_100826_beam1_az181,20260204_100826,0,/home/tobeornot8259748/projects/balloon_radar_project/data/raw/detection_dataset/train/Background_IQ/IQ_Data/20260204_100826_beam1_az181.mat,0.100172221660614,0.0754633322358131,0.798570454120636,0.3886108696460724,False,False,False,0.18887137,0.18887137,0.0,False,False,False,0.18887137,0.058858544,1.314596,False,False,False,0.18887137,0.051553406,1.4548467,False,False,False,0.0247088894248009,0.13001282600000003,0.13731796400000001,False,False,False,False,False,False,False,False
3,test,20260204_100826_beam1_az190,20260204_100826,0,/home/tobeornot8259748/projects/balloon_radar_project/data/raw/detection_dataset/val/Background_IQ/IQ_Data/20260204_100826_beam1_az190.mat,0.0252268258482217,0.0208916794508695,0.7986465692520142,0.241651713848114,False,False,False,0.061603285,0.061603285,0.0,False,False,False,0.061603285,0.028666254,0.7994918,False,False,False,0.061603285,0.046190936,0.30422246,False,False,False,0.004335146397352198,0.032937031000000005,0.015412348999999999,False,False,False,False,False,False,False,False
3,test,20260204_100826_beam1_az199,20260204_100826,0,/home/tobeornot8259748/projects/balloon_radar_project/data/raw/detection_dataset/test/Background_IQ/IQ_Data/20260204_100826_beam1_az199.mat,0.0800692662596702,0.0623136386275291,0.7986038327217102,0.33787602186203,False,False,False,0.2422902,0.2422902,0.0,False,False,False,0.2422902,0.0804473,1.2961208,False,False,False,0.2422902,0.03192652,2.2717066,False,False,False,0.0177556276321411,0.1618429,0.21036368,False,False,False,False,False,False,False,False
3,test,20260204_100826_beam2_az001,20260204_100826,0,/home/tobeornot8259748/projects/balloon_radar_project/data/raw/detection_dataset/test/Background_IQ/IQ_Data/20260204_100826_beam2_az001.mat,0.1940621435642242,0.1348250657320022,0.798376739025116,0.5450125932693481,False,False,False,0.3469869,0.3469869,0.0,False,False,False,0.3469869,0.07191193,1.925374,False,False,False,0.3469869,0.062074214,2.0830297,False,False,False,0.059237077832221985,0.27507497,0.28491268599999997,False,False,False,False,False,False,False,False
3,test,20260204_100826_beam2_az010,20260204_100826,0,/home/tobeornot8259748/projects/balloon_radar_project/data/raw/detection_dataset/train/Background_IQ/IQ_Data/20260204_100826_beam2_az010.mat,0.0255652144551277,0.0209673922508955,0.7986329197883606,0.2541486322879791,False,False,False,0.04801237,0.04801237,0.0,False,False,False,0.04801237,0.0118210325,1.43889,False,False,False,0.04801237,0.033126473,0.38664147,False,False,False,0.0045978222042321985,0.0361913375,0.014885897000000002,False,False,False,False,False,False,False,False
3,test,20260204_100826_beam2_az019,20260204_100826,0,/home/tobeornot8259748/projects/balloon_radar_project/data/raw/detection_dataset/train/Background_IQ/IQ_Data/20260204_100826_beam2_az019.mat,0.0432040356099605,0.0345749780535697,0.7986350655555725,0.2902224957942962,False,False,False,0.15262432,0.15262432,0.0,False,False,False,0.15262432,0.038554385,1.5022036,False,False,False,0.15262432,0.060990002,1.0199516,False,False,False,0.008629057556390804,0.11406993500000001,0.091634318,False,False,False,False,False,False,False,False
3,test,20260204_100826_beam2_az028,20260204_100826,0,/home/tobeornot8259748/projects/balloon_radar_project/data/raw/detection_dataset/train/Background_IQ/IQ_Data/20260204_100826_beam2_az028.mat,0.0224999692291021,0.0186859015375375,0.7986305356025696,0.2374549210071563,False,False,False,0.05794518,0.05794518,0.0,False,False,False,0.05794518,0.03281549,0.5949225,False,False,False,0.05794518,0.0024921764,3.2035372,False,False,False,0.0038140676915646016,0.025129689999999996,0.0554530036,False,False,False,False,False,False,False,False
3,test,20260204_100826_beam2_az037,20260204_100826,0,/home/tobeornot8259748/projects/balloon_radar_project/data/raw/detection_dataset/train/Background_IQ/IQ_Data/20260204_100826_beam2_az037.mat,0.0562363490462303,0.0456755869090557,0.798604428768158,0.2743876278400421,False,False,False,0.20381902,0.20381902,0.0,False,False,False,0.20381902,0.02738877,2.2072573,False,False,False,0.20381902,0.057626206,1.4318304,False,False,False,0.0105607621371746,0.17643024999999998,0.146192814,False,False,False,False,False,False,False,False
3,test,20260204_100826_beam2_az046,20260204_100826,0,/home/tobeornot8259748/projects/balloon_radar_project/data/raw/detection_dataset/train/Background_IQ/IQ_Data/20260204_100826_beam2_az046.mat,0.026305278763175,0.0216975305229425,0.7986446022987366,0.2470340877771377,False,False,False,0.034275226,0.034275226,0.0,False,False,False,0.034275226,0.009329009,1.3267977,False,False,False,0.034275226,0.019130576,0.5986952,False,False,False,0.004607748240232499,0.024946217,0.015144649999999999,False,False,False,False,False,False,False,False
3,test,20260204_100826_beam2_az055,20260204_100826,0,/home/tobeornot8259748/projects/balloon_radar_project/data/raw/detection_dataset/train/Background_IQ/IQ_Data/20260204_100826_beam2_az055.mat,0.0490396283566951,0.0394242331385612,0.7986463904380798,0.2858693599700928,False,False,False,0.11431153,0.11431153,0.0,False,False,False,0.11431153,0.019809876,1.854128,False,False,False,0.11431153,0.061517905,0.6774977,False,False,False,0.009615395218133899,0.09450165399999999,0.052793625,False,False,False,False,False,False,False,False
3,test,20260204_100826_beam2_az064,20260204_100826,0,/home/tobeornot8259748/projects/balloon_radar_project/data/raw/detection_dataset/train/Background_IQ/IQ_Data/20260204_100826_beam2_az064.mat,0.0255166050046682,0.0211176611483097,0.7986499667167664,0.2425638437271118,False,False,False,0.08752274,0.08752274,0.0,False,False,False,0.08752274,0.02860872,1.1807534,False,False,False,0.08752274,0.03909646,0.8575775,False,False,False,0.0043989438563585,0.05891402,0.04842628,False,False,False,False,False,False,False,False
3,test,20260204_100826_beam2_az073,20260204_100826,0,/home/tobeornot8259748/projects/balloon_radar_project/data/raw/detection_dataset/test/Background_IQ/IQ_Data/20260204_100826_beam2_az073.mat,0.0283821206539869,0.0232482869178056,0.7986374497413635,0.2564343214035034,False,False,False,0.16765237,0.16765237,0.0,False,False,False,0.16765237,0.06824687,1.0115787,False,False,False,0.16765237,0.06387379,1.0824835,False,False,False,0.005133833736181301,0.0994055,0.10377858,False,False,False,False,False,False,False,False
3,test,20260204_100826_beam2_az082,20260204_100826,0,/home/tobeornot8259748/projects/balloon_radar_project/data/raw/detection_dataset/test/Background_IQ/IQ_Data/20260204_100826_beam2_az082.mat,0.0252748969942331,0.0208973586559295,0.7986462712287903,0.2437499016523361,False,False,False,0.06873425,0.06873425,0.0,False,False,False,0.06873425,0.023092335,1.1385944,False,False,False,0.06873425,0.029241994,0.89617455,False,False,False,0.004377538338303601,0.045641915,0.039492255999999996,False,False,False,False,False,False,False,False
3,test,20260204_100826_beam2_az091,20260204_100826,0,/home/tobeornot8259748/projects/balloon_radar_project/data/raw/detection_dataset/train/Background_IQ/IQ_Data/20260204_100826_beam2_az091.mat,0.0347496271133422,0.0284494739025831,0.7986493706703186,0.2586177289485931,False,False,False,0.10231908,0.10231908,0.0,False,False,False,0.10231908,0.01997359,1.7214501,False,False,False,0.10231908,0.031136487,1.2660248,False,False,False,0.0063001532107591005,0.08234549000000001,0.071182593,False,False,False,False,False,False,False,False
3,test,20260204_100826_beam2_az100,20260204_100826,0,/home/tobeornot8259748/projects/balloon_radar_project/data/raw/detection_dataset/train/Background_IQ/IQ_Data/20260204_100826_beam2_az100.mat,0.0246568564325571,0.0204057618975639,0.7985919713973999,0.242410272359848,False,False,False,0.041660536,0.041660536,0.0,False,False,False,0.041660536,0.039423093,0.057534423,False,False,False,0.041660536,0.0196712,0.77308476,False,False,False,0.0042510945349931994,0.0022374429999999987,0.021989335999999998,False,False,False,False,False,False,False,False
3,test,20260204_100826_beam2_az109,20260204_100826,0,/home/tobeornot8259748/projects/balloon_radar_project/data/raw/detection_dataset/train/Background_IQ/IQ_Data/20260204_100826_beam2_az109.mat,0.0364937670528888,0.0298375226557254,0.7986041307449341,0.260779321193695,False,False,False,0.12554942,0.12554942,0.0,False,False,False,0.12554942,0.04283749,1.1656634,False,False,False,0.12554942,0.020322561,1.9345955,False,False,False,0.0066562443971634015,0.08271192999999999,0.10522685899999999,False,False,False,False,False,False,False,False
3,test,20260204_100826_beam2_az118,20260204_100826,0,/home/tobeornot8259748/projects/balloon_radar_project/data/raw/detection_dataset/train/Background_IQ/IQ_Data/20260204_100826_beam2_az118.mat,0.0319191515445709,0.0263498406857252,0.7986340522766113,0.2472727596759796,False,False,False,0.1322566,0.1322566,0.0,False,False,False,0.1322566,0.0399581,1.2979935,False,False,False,0.1322566,0.012328038,2.5023222,False,False,False,0.0055693108588457,0.0922985,0.119928562,False,False,False,False,False,False,False,False
3,test,20260204_100826_beam2_az127,20260204_100826,0,/home/tobeornot8259748/projects/balloon_radar_project/data/raw/detection_dataset/train/Background_IQ/IQ_Data/20260204_100826_beam2_az127.mat,0.1669468581676483,0.1155122146010398,0.7984374761581421,0.5363106727600098,False,False,False,0.18853773,0.18853773,0.0,False,False,False,0.18853773,0.026414935,2.147516,False,False,False,0.18853773,0.009393633,3.1987457,False,False,False,0.051434643566608484,0.162122795,0.17914409699999997,False,False,False,False,False,False,False,False
3,test,20260204_100826_beam2_az136,20260204_100826,0,/home/tobeornot8259748/projects/balloon_radar_project/data/raw/detection_dataset/val/Background_IQ/IQ_Data/20260204_100826_beam2_az136.mat,0.0276902597397565,0.0228775944560766,0.7986536026000977,0.2452379018068313,False,False,False,0.092057616,0.092057616,0.0,False,False,False,0.092057616,0.020061431,1.5999243,False,False,False,0.092057616,0.008250311,2.5004532,False,False,False,0.0048126652836799,0.07199618499999999,0.083807305,False,False,False,False,False,False,False,False
3,test,20260204_100826_beam2_az145,20260204_100826,0,/home/tobeornot8259748/projects/balloon_radar_project/data/raw/detection_dataset/train/Background_IQ/IQ_Data/20260204_100826_beam2_az145.mat,0.0272726695984601,0.0225571598857641,0.7986529469490051,0.2437461614608764,False,False,False,0.109333925,0.109333925,0.0,False,False,False,0.109333925,0.09435896,0.16397397,False,False,False,0.109333925,0.019234026,1.8340902,False,False,False,0.004715509712695999,0.014974964999999993,0.090099899,False,False,False,False,False,False,False,False
3,test,20260204_100826_beam2_az154,20260204_100826,0,/home/tobeornot8259748/projects/balloon_radar_project/data/raw/detection_dataset/train/Background_IQ/IQ_Data/20260204_100826_beam2_az154.mat,0.0271692331880331,0.022321892902255,0.7986372709274292,0.2522892653942108,False,False,False,0.09526477,0.09526477,0.0,False,False,False,0.09526477,0.019386709,1.6726081,False,False,False,0.09526477,0.04552012,0.79202974,False,False,False,0.004847340285778101,0.075878061,0.04974465,False,False,False,False,False,False,False,False
3,test,20260204_100826_beam2_az163,20260204_100826,0,/home/tobeornot8259748/projects/balloon_radar_project/data/raw/detection_dataset/train/Background_IQ/IQ_Data/20260204_100826_beam2_az163.mat,0.030329255387187,0.0244852751493453,0.798564076423645,0.2755565047264099,False,False,False,0.0674802,0.0674802,0.0,False,False,False,0.0674802,0.022667028,1.1378597,False,False,False,0.0674802,0.0404233,0.5410297,False,False,False,0.0058439802378417,0.044813172000000005,0.027056900000000002,False,False,False,False,False,False,False,False
3,test,20260204_100826_beam2_az172,20260204_100826,0,/home/tobeornot8259748/projects/balloon_radar_project/data/raw/detection_dataset/train/Background_IQ/IQ_Data/20260204_100826_beam2_az172.mat,0.0278484504669904,0.0228915475308895,0.7986446022987366,0.2517959773540497,False,False,False,0.08659123,0.08659123,0.0,False,False,False,0.08659123,0.027904293,1.1946888,False,False,False,0.08659123,0.05286292,0.5297568,False,False,False,0.004956902936100901,0.05868693700000001,0.033728310000000004,False,False,False,False,False,False,False,False
3,test,20260204_100826_beam2_az181,20260204_100826,0,/home/tobeornot8259748/projects/balloon_radar_project/data/raw/detection_dataset/train/Background_IQ/IQ_Data/20260204_100826_beam2_az181.mat,0.0740972608327865,0.0572757422924041,0.798599362373352,0.3449866771697998,False,False,False,0.16100748,0.16100748,0.0,False,False,False,0.16100748,0.032838956,1.7319987,False,False,False,0.16100748,0.08010225,0.79020756,False,False,False,0.016821518540382406,0.128168524,0.08090523000000001,False,False,False,False,False,False,False,False
3,test,20260204_100826_beam2_az190,20260204_100826,0,/home/tobeornot8259748/projects/balloon_radar_project/data/raw/detection_dataset/train/Background_IQ/IQ_Data/20260204_100826_beam2_az190.mat,0.0225429646670818,0.0185733828693628,0.7986118197441101,0.247612714767456,False,False,False,0.053620942,0.053620942,0.0,False,False,False,0.053620942,0.030287614,0.59555715,False,False,False,0.053620942,0.0333217,0.49695352,False,False,False,0.003969581797719002,0.023333327999999997,0.020299241999999995,False,False,False,False,False,False,False,False
3,test,20260204_100826_beam2_az199,20260204_100826,0,/home/tobeornot8259748/projects/balloon_radar_project/data/raw/detection_dataset/train/Background_IQ/IQ_Data/20260204_100826_beam2_az199.mat,0.0477800667285919,0.0385473854839801,0.7986419200897217,0.2809388935565948,False,False,False,0.24494918,0.24494918,0.0,False,False,False,0.24494918,0.053928,1.7389345,False,False,False,0.24494918,0.11410007,0.923794,False,False,False,0.009232681244611796,0.19102117999999998,0.13084911,False,False,False,False,False,False,False,False
3,test,20260204_100826_beam3_az001,20260204_100826,0,/home/tobeornot8259748/projects/balloon_radar_project/data/raw/detection_dataset/val/Background_IQ/IQ_Data/20260204_100826_beam3_az001.mat,0.250545859336853,0.1614869236946106,0.7982396483421326,0.6908990144729614,False,False,False,0.5464548,0.5464548,0.0,False,False,False,0.5464548,0.15709655,1.8663484,False,False,False,0.5464548,0.055082597,3.0286205,False,False,False,0.08905893564224243,0.38935825,0.491372203,False,False,False,False,False,False,False,False
3,test,20260204_100826_beam3_az010,20260204_100826,0,/home/tobeornot8259748/projects/balloon_radar_project/data/raw/detection_dataset/val/Background_IQ/IQ_Data/20260204_100826_beam3_az010.mat,0.0220743864774703,0.0183707680553197,0.7986392378807068,0.2346959412097931,False,False,False,0.056438636,0.056438636,0.0,False,False,False,0.056438636,0.010937941,1.688012,False,False,False,0.056438636,0.012058322,1.5893614,False,False,False,0.0037036184221506015,0.045500695,0.044380314000000004,False,False,False,False,False,False,False,False
3,test,20260204_100826_beam3_az019,20260204_100826,0,/home/tobeornot8259748/projects/balloon_radar_project/data/raw/detection_dataset/test/Background_IQ/IQ_Data/20260204_100826_beam3_az019.mat,0.0278484504669904,0.0229472834616899,0.7986478209495544,0.2486786395311355,False,False,False,0.18096893,0.18096893,0.0,False,False,False,0.18096893,0.010908556,2.9974425,False,False,False,0.18096893,0.08922253,0.8133683,False,False,False,0.004901167005300501,0.17006037400000001,0.0917464,False,False,False,False,False,False,False,False
3,test,20260204_100826_beam3_az028,20260204_100826,0,/home/tobeornot8259748/projects/balloon_radar_project/data/raw/detection_dataset/train/Background_IQ/IQ_Data/20260204_100826_beam3_az028.mat,0.023241925984621,0.0193021409213542,0.7986375689506531,0.2376135289669037,False,False,False,0.0810696,0.0810696,0.0,False,False,False,0.0810696,0.039503124,0.76316875,False,False,False,0.0810696,0.0078061814,2.4171004,False,False,False,0.003939785063266799,0.041566476000000005,0.0732634186,False,False,False,False,False,False,False,False
3,test,20260204_100826_beam3_az037,20260204_100826,0,/home/tobeornot8259748/projects/balloon_radar_project/data/raw/detection_dataset/train/Background_IQ/IQ_Data/20260204_100826_beam3_az037.mat,0.1302854120731353,0.0987775400280952,0.7984639406204224,0.3913070261478424,False,False,False,0.2701368,0.2701368,0.0,False,False,False,0.2701368,0.034947313,2.3244123,False,False,False,0.2701368,0.09343203,1.2785033,False,False,False,0.03150787204504009,0.235189487,0.17670477,False,False,False,False,False,False,False,False
3,test,20260204_100826_beam3_az046,20260204_100826,0,/home/tobeornot8259748/projects/balloon_radar_project/data/raw/detection_dataset/train/Background_IQ/IQ_Data/20260204_100826_beam3_az046.mat,0.0244230907410383,0.0200865603983402,0.7986361980438232,0.2503182590007782,False,False,False,0.14797461,0.14797461,0.0,False,False,False,0.14797461,0.039075516,1.4518241,False,False,False,0.14797461,0.09061186,0.5556114,False,False,False,0.004336530342698101,0.108899094,0.057362750000000004,False,False,False,False,False,False,False,False
3,test,20260204_100826_beam3_az055,20260204_100826,0,/home/tobeornot8259748/projects/balloon_radar_project/data/raw/detection_dataset/train/Background_IQ/IQ_Data/20260204_100826_beam3_az055.mat,0.0668123215436935,0.0531843639910221,0.7986090183258057,0.3038047850131988,False,False,False,0.25754136,0.25754136,0.0,False,False,False,0.25754136,0.03487002,2.2618487,False,False,False,0.25754136,0.06263624,1.6469406,False,False,False,0.013627957552671398,0.22267134,0.19490512,False,False,False,False,False,False,False,False
3,test,20260204_100826_beam3_az064,20260204_100826,0,/home/tobeornot8259748/projects/balloon_radar_project/data/raw/detection_dataset/train/Background_IQ/IQ_Data/20260204_100826_beam3_az064.mat,0.0260067861527204,0.0216776765882968,0.798640251159668,0.2335337102413177,False,False,False,0.15637584,0.15637584,0.0,False,False,False,0.15637584,0.017213568,2.3592494,False,False,False,0.15637584,0.053649694,1.1846923,False,False,False,0.004329109564423599,0.13916227199999998,0.10272614599999999,False,False,False,False,False,False,False,False
3,test,20260204_100826_beam3_az073,20260204_100826,0,/home/tobeornot8259748/projects/balloon_radar_project/data/raw/detection_dataset/train/Background_IQ/IQ_Data/20260204_100826_beam3_az073.mat,0.0399373136460781,0.0327805504202842,0.7986329197883606,0.2565667629241943,False,False,False,0.23760612,0.23760612,0.0,False,False,False,0.23760612,0.02108369,2.6720974,False,False,False,0.23760612,0.05570619,1.6644971,False,False,False,0.007156763225793901,0.21652243000000002,0.18189993,False,False,False,False,False,False,False,False
3,test,20260204_100826_beam3_az082,20260204_100826,0,/home/tobeornot8259748/projects/balloon_radar_project/data/raw/detection_dataset/train/Background_IQ/IQ_Data/20260204_100826_beam3_az082.mat,0.0280607398599386,0.0230745710432529,0.7986500263214111,0.2513707876205444,False,False,False,0.14218387,0.14218387,0.0,False,False,False,0.14218387,0.01365401,2.4827056,False,False,False,0.14218387,0.058515415,0.9808991,False,False,False,0.004986168816685701,0.12852986,0.08366845499999999,False,False,False,False,False,False,False,False
3,test,20260204_100826_beam3_az091,20260204_100826,0,/home/tobeornot8259748/projects/balloon_radar_project/data/raw/detection_dataset/train/Background_IQ/IQ_Data/20260204_100826_beam3_az091.mat,0.0468992590904235,0.0375005193054676,0.7986342906951904,0.2923240065574646,False,False,False,0.1735937,0.1735937,0.0,False,False,False,0.1735937,0.014101218,2.6869237,False,False,False,0.1735937,0.08925664,0.7623763,False,False,False,0.009398739784955902,0.159492482,0.08433705999999999,False,False,False,False,False,False,False,False
3,test,20260204_100826_beam3_az100,20260204_100826,0,/home/tobeornot8259748/projects/balloon_radar_project/data/raw/detection_dataset/train/Background_IQ/IQ_Data/20260204_100826_beam3_az100.mat,0.0259080212563276,0.0214331988245248,0.7986040711402893,0.2431676983833313,False,False,False,0.08600214,0.08600214,0.0,False,False,False,0.08600214,0.009837137,2.2482486,False,False,False,0.08600214,0.0259795,1.2606685,False,False,False,0.004474822431802802,0.07616500300000001,0.06002264,False,False,False,False,False,False,False,False
3,test,20260204_100826_beam3_az109,20260204_100826,0,/home/tobeornot8259748/projects/balloon_radar_project/data/raw/detection_dataset/train/Background_IQ/IQ_Data/20260204_100826_beam3_az109.mat,0.1012334823608398,0.0784999802708625,0.7985299825668335,0.3497810661792755,False,False,False,0.24625692,0.24625692,0.0,False,False,False,0.24625692,0.022077927,2.6721754,False,False,False,0.24625692,0.06264781,1.5868541,False,False,False,0.022733502089977306,0.224178993,0.18360911,False,False,False,False,False,False,False,False
3,test,20260204_100826_beam3_az118,20260204_100826,0,/home/tobeornot8259748/projects/balloon_radar_project/data/raw/detection_dataset/train/Background_IQ/IQ_Data/20260204_100826_beam3_az118.mat,0.0270661748945713,0.022283973172307,0.7986380457878113,0.2495751976966858,False,False,False,0.15195632,0.15195632,0.0,False,False,False,0.15195632,0.014159287,2.523785,False,False,False,0.15195632,0.038001537,1.5120473,False,False,False,0.0047822017222643,0.137797033,0.113954783,False,False,False,False,False,False,False,False
3,test,20260204_100826_beam3_az127,20260204_100826,0,/home/tobeornot8259748/projects/balloon_radar_project/data/raw/detection_dataset/train/Background_IQ/IQ_Data/20260204_100826_beam3_az127.mat,0.0305020548403263,0.0251386426389217,0.7986449003219604,0.2490529417991638,False,False,False,0.08136729,0.08136729,0.0,False,False,False,0.08136729,0.009272331,2.2474916,False,False,False,0.08136729,0.0009156909,4.5710025,False,False,False,0.005363412201404599,0.072094959,0.08045159909999999,False,False,False,False,False,False,False,False
3,test,20260204_100826_beam3_az136,20260204_100826,0,/home/tobeornot8259748/projects/balloon_radar_project/data/raw/detection_dataset/train/Background_IQ/IQ_Data/20260204_100826_beam3_az136.mat,0.0276902597397565,0.0231707487255334,0.7986071109771729,0.2289329469203949,False,False,False,0.18499893,0.18499893,0.0,False,False,False,0.18499893,0.02206616,2.3085575,False,False,False,0.18499893,0.09452342,0.77677447,False,False,False,0.004519511014223102,0.16293277,0.09047551000000001,False,False,False,False,False,False,False,False
3,test,20260204_100826_beam3_az145,20260204_100826,0,/home/tobeornot8259748/projects/balloon_radar_project/data/raw/detection_dataset/val/Background_IQ/IQ_Data/20260204_100826_beam3_az145.mat,0.0266577396541833,0.0220794305205345,0.7986507415771484,0.2418150901794433,False,False,False,0.14271289,0.14271289,0.0,False,False,False,0.14271289,0.014940551,2.3956847,False,False,False,0.14271289,0.036267046,1.4869668,False,False,False,0.0045783091336487995,0.127772339,0.10644584400000001,False,False,False,False,False,False,False,False
3,test,20260204_100826_beam3_az154,20260204_100826,0,/home/tobeornot8259748/projects/balloon_radar_project/data/raw/detection_dataset/test/Background_IQ/IQ_Data/20260204_100826_beam3_az154.mat,0.026305278763175,0.0217314325273036,0.7986433506011963,0.2450360357761383,False,False,False,0.20624164,0.20624164,0.0,False,False,False,0.20624164,0.02143099,2.4735227,False,False,False,0.20624164,0.10162762,0.8315386,False,False,False,0.004573846235871402,0.18481065,0.10461402,False,False,False,False,False,False,False,False
3,test,20260204_100826_beam3_az163,20260204_100826,0,/home/tobeornot8259748/projects/balloon_radar_project/data/raw/detection_dataset/train/Background_IQ/IQ_Data/20260204_100826_beam3_az163.mat,0.0282746013253927,0.023327562958002,0.7986385822296143,0.2471785545349121,False,False,False,0.14389214,0.14389214,0.0,False,False,False,0.14389214,0.046731688,1.2321414,False,False,False,0.14389214,0.10859452,0.32184595,False,False,False,0.0049470383673906985,0.09716045200000001,0.03529762,False,False,False,False,False,False,False,False
3,test,20260204_100826_beam3_az172,20260204_100826,0,/home/tobeornot8259748/projects/balloon_radar_project/data/raw/detection_dataset/train/Background_IQ/IQ_Data/20260204_100826_beam3_az172.mat,0.0304443500936031,0.0249698534607887,0.7986384034156799,0.255261480808258,False,False,False,0.27568898,0.27568898,0.0,False,False,False,0.27568898,0.03364553,2.391703,False,False,False,0.27568898,0.11008489,1.1239266,False,False,False,0.0054744966328144,0.24204344999999997,0.16560408999999998,False,False,False,False,False,False,False,False
3,test,20260204_100826_beam3_az181,20260204_100826,0,/home/tobeornot8259748/projects/balloon_radar_project/data/raw/detection_dataset/train/Background_IQ/IQ_Data/20260204_100826_beam3_az181.mat,0.1252792477607727,0.0949155390262603,0.7984814047813416,0.3903428614139557,False,False,False,0.20435125,0.20435125,0.0,False,False,False,0.20435125,0.018741878,2.5987575,False,False,False,0.20435125,0.043105107,1.7407346,False,False,False,0.0303637087345124,0.18560937200000002,0.161246143,False,False,False,False,False,False,False,False
3,test,20260204_100826_beam3_az190,20260204_100826,0,/home/tobeornot8259748/projects/balloon_radar_project/data/raw/detection_dataset/train/Background_IQ/IQ_Data/20260204_100826_beam3_az190.mat,0.0181595105677843,0.0153392618522048,0.7985741496086121,0.2149421274662017,False,False,False,0.05368445,0.05368445,0.0,False,False,False,0.05368445,0.021960525,0.92685086,False,False,False,0.05368445,0.020403065,1.0020033,False,False,False,0.0028202487155794993,0.031723925,0.033281385,False,False,False,False,False,False,False,False
3,test,20260204_100826_beam3_az199,20260204_100826,0,/home/tobeornot8259748/projects/balloon_radar_project/data/raw/detection_dataset/train/Background_IQ/IQ_Data/20260204_100826_beam3_az199.mat,0.0250831395387649,0.0207518078386783,0.7986434102058411,0.2429062724113464,False,False,False,0.32751364,0.32751364,0.0,False,False,False,0.32751364,0.054681692,2.1305406,False,False,False,0.32751364,0.24675721,0.39653045,False,False,False,0.004331331700086601,0.272831948,0.08075642999999999,False,False,False,False,False,False,False,False
3,test,20260204_100826_beam4_az001,20260204_100826,0,/home/tobeornot8259748/projects/balloon_radar_project/data/raw/detection_dataset/train/Background_IQ/IQ_Data/20260204_100826_beam4_az001.mat,0.268749475479126,0.180816039443016,0.798051655292511,0.6388709545135498,False,False,False,0.5611981,0.5611981,0.0,False,False,False,0.5611981,0.15179652,1.9666055,False,False,False,0.5611981,0.26166096,1.2833793,False,False,False,0.08793343603610998,0.40940158000000004,0.29953714000000004,False,False,False,False,False,False,False,False
3,test,20260204_100826_beam4_az010,20260204_100826,0,/home/tobeornot8259748/projects/balloon_radar_project/data/raw/detection_dataset/test/Background_IQ/IQ_Data/20260204_100826_beam4_az010.mat,0.0339079573750495,0.0277825202792882,0.798647403717041,0.2573891282081604,False,False,False,0.06484755,0.06484755,0.0,False,False,False,0.06484755,0.02040293,1.2027925,False,False,False,0.06484755,0.021346383,1.1566249,False,False,False,0.006125437095761299,0.044444620000000004,0.04350116700000001,False,False,False,False,False,False,False,False
3,test,20260204_100826_beam4_az019,20260204_100826,0,/home/tobeornot8259748/projects/balloon_radar_project/data/raw/detection_dataset/test/Background_IQ/IQ_Data/20260204_100826_beam4_az019.mat,0.0951811224222183,0.0747956410050392,0.79852294921875,0.3297361433506012,False,False,False,0.08076132,0.08076132,0.0,False,False,False,0.08076132,0.018406786,1.5444099,False,False,False,0.08076132,0.030246755,1.0356052,False,False,False,0.020385481417179094,0.062354533999999996,0.050514565,False,False,False,False,False,False,False,False
3,test,20260204_100826_beam4_az028,20260204_100826,0,/home/tobeornot8259748/projects/balloon_radar_project/data/raw/detection_dataset/train/Background_IQ/IQ_Data/20260204_100826_beam4_az028.mat,0.0448479019105434,0.036009632050991,0.7986366748809814,0.2863643765449524,False,False,False,0.08176741,0.08176741,0.0,False,False,False,0.08176741,0.019582871,1.4947511,False,False,False,0.08176741,0.022952165,1.3325515,False,False,False,0.008838269859552397,0.062184539,0.058815245,False,False,False,False,False,False,False,False
3,test,20260204_100826_beam4_az037,20260204_100826,0,/home/tobeornot8259748/projects/balloon_radar_project/data/raw/detection_dataset/test/Background_IQ/IQ_Data/20260204_100826_beam4_az037.mat,0.1155608743429184,0.0889774411916732,0.7984809875488281,0.3644775748252868,False,False,False,0.3721074,0.3721074,0.0,False,False,False,0.3721074,0.070619114,2.0540311,False,False,False,0.3721074,0.028077578,3.021118,False,False,False,0.0265834331512452,0.301488286,0.344029822,False,False,False,False,False,False,False,False
3,test,20260204_100826_beam4_az046,20260204_100826,0,/home/tobeornot8259748/projects/balloon_radar_project/data/raw/detection_dataset/train/Background_IQ/IQ_Data/20260204_100826_beam4_az046.mat,0.0432040356099605,0.0347217731177806,0.7986453175544739,0.2847235798835754,False,False,False,0.03130909,0.03130909,0.0,False,False,False,0.03130909,0.013505009,0.8590604,False,False,False,0.03130909,0.015199274,0.7391545,False,False,False,0.008482262492179898,0.017804081,0.016109816,False,False,False,False,False,False,False,False
3,test,20260204_100826_beam4_az055,20260204_100826,0,/home/tobeornot8259748/projects/balloon_radar_project/data/raw/detection_dataset/train/Background_IQ/IQ_Data/20260204_100826_beam4_az055.mat,0.0648901090025901,0.0513179451227188,0.7986332178115845,0.311863362789154,False,False,False,0.13055947,0.13055947,0.0,False,False,False,0.13055947,0.051906426,1.0089896,False,False,False,0.13055947,0.015310221,2.2677848,False,False,False,0.013572163879871299,0.078653044,0.11524924900000001,False,False,False,False,False,False,False,False
3,test,20260204_100826_beam4_az064,20260204_100826,0,/home/tobeornot8259748/projects/balloon_radar_project/data/raw/detection_dataset/train/Background_IQ/IQ_Data/20260204_100826_beam4_az064.mat,0.0255166050046682,0.0210782475769519,0.7986449003219604,0.244954839348793,False,False,False,0.12167029,0.12167029,0.0,False,False,False,0.12167029,0.039850198,1.205255,False,False,False,0.12167029,0.05495873,0.8679388,False,False,False,0.0044383574277163,0.081820092,0.06671156,False,False,False,False,False,False,False,False
3,test,20260204_100826_beam4_az073,20260204_100826,0,/home/tobeornot8259748/projects/balloon_radar_project/data/raw/detection_dataset/train/Background_IQ/IQ_Data/20260204_100826_beam4_az073.mat,0.0267592836171388,0.0219121966511011,0.7986387014389038,0.2564440667629242,False,False,False,0.106338516,0.106338516,0.0,False,False,False,0.106338516,0.033701085,1.2272435,False,False,False,0.106338516,0.048416898,0.8495785,False,False,False,0.004847086966037702,0.072637431,0.057921617999999994,False,False,False,False,False,False,False,False
3,test,20260204_100826_beam4_az082,20260204_100826,0,/home/tobeornot8259748/projects/balloon_radar_project/data/raw/detection_dataset/train/Background_IQ/IQ_Data/20260204_100826_beam4_az082.mat,0.0290907565504312,0.0238595120608806,0.7986456155776978,0.2549455165863037,False,False,False,0.096690826,0.096690826,0.0,False,False,False,0.096690826,0.029376188,1.2632082,False,False,False,0.096690826,0.022633804,1.5308704,False,False,False,0.005231244489550601,0.067314638,0.074057022,False,False,False,False,False,False,False,False
3,test,20260204_100826_beam4_az091,20260204_100826,0,/home/tobeornot8259748/projects/balloon_radar_project/data/raw/detection_dataset/test/Background_IQ/IQ_Data/20260204_100826_beam4_az091.mat,0.0422454960644245,0.0340885370969772,0.798650860786438,0.2792424857616424,False,False,False,0.12835161,0.12835161,0.0,False,False,False,0.12835161,0.02259226,1.851684,False,False,False,0.12835161,0.04853855,1.0600283,False,False,False,0.008156958967447302,0.10575935,0.07981306,False,False,False,False,False,False,False,False
3,test,20260204_100826_beam4_az100,20260204_100826,0,/home/tobeornot8259748/projects/balloon_radar_project/data/raw/detection_dataset/train/Background_IQ/IQ_Data/20260204_100826_beam4_az100.mat,0.0390482917428016,0.0315431170165538,0.7986173629760742,0.2770081162452698,False,False,False,0.06851532,0.06851532,0.0,False,False,False,0.06851532,0.023919838,1.0991141,False,False,False,0.06851532,0.036734946,0.6568779,False,False,False,0.007505174726247794,0.044595482000000006,0.03178037400000001,False,False,False,False,False,False,False,False
3,test,20260204_100826_beam4_az109,20260204_100826,0,/home/tobeornot8259748/projects/balloon_radar_project/data/raw/detection_dataset/train/Background_IQ/IQ_Data/20260204_100826_beam4_az109.mat,0.1145664900541305,0.0872564017772674,0.7985226511955261,0.3790525794029236,False,False,False,0.24191695,0.24191695,0.0,False,False,False,0.24191695,0.02859152,2.3834386,False,False,False,0.24191695,0.035358917,2.1640072,False,False,False,0.027310088276863098,0.21332542999999998,0.206558033,False,False,False,False,False,False,False,False
3,test,20260204_100826_beam4_az118,20260204_100826,0,/home/tobeornot8259748/projects/balloon_radar_project/data/raw/detection_dataset/test/Background_IQ/IQ_Data/20260204_100826_beam4_az118.mat,0.0564440265297889,0.0448189191520214,0.7986217737197876,0.3041042387485504,False,False,False,0.094336525,0.094336525,0.0,False,False,False,0.094336525,0.028490268,1.2674896,False,False,False,0.094336525,0.021233136,1.5689312,False,False,False,0.0116251073777675,0.065846257,0.073103389,False,False,False,False,False,False,False,False
3,test,20260204_100826_beam4_az127,20260204_100826,0,/home/tobeornot8259748/projects/balloon_radar_project/data/raw/detection_dataset/train/Background_IQ/IQ_Data/20260204_100826_beam4_az127.mat,0.0294235795736312,0.0244798902422189,0.7986347675323486,0.2366852313280105,False,False,False,0.12692603,0.12692603,0.0,False,False,False,0.12692603,0.021127027,1.907433,False,False,False,0.12692603,0.045639932,1.1118423,False,False,False,0.0049436893314123015,0.105799003,0.081286098,False,False,False,False,False,False,False,False
3,test,20260204_100826_beam4_az136,20260204_100826,0,/home/tobeornot8259748/projects/balloon_radar_project/data/raw/detection_dataset/train/Background_IQ/IQ_Data/20260204_100826_beam4_az136.mat,0.0272726695984601,0.0224671382457017,0.7986480593681335,0.2488701343536377,False,False,False,0.13124025,0.13124025,0.0,False,False,False,0.13124025,0.042715453,1.2195029,False,False,False,0.13124025,0.07922083,0.5629439,False,False,False,0.004805531352758401,0.088524797,0.05201942,False,False,False,False,False,False,False,False
3,test,20260204_100826_beam4_az145,20260204_100826,0,/home/tobeornot8259748/projects/balloon_radar_project/data/raw/detection_dataset/train/Background_IQ/IQ_Data/20260204_100826_beam4_az145.mat,0.0250831395387649,0.0209268666803836,0.7986336350440979,0.2321669459342956,False,False,False,0.15209709,0.15209709,0.0,False,False,False,0.15209709,0.028243214,1.8200053,False,False,False,0.15209709,0.0303925,1.7444485,False,False,False,0.004156272858381303,0.12385387599999999,0.12170458999999999,False,False,False,False,False,False,False,False
3,test,20260204_100826_beam4_az154,20260204_100826,0,/home/tobeornot8259748/projects/balloon_radar_project/data/raw/detection_dataset/train/Background_IQ/IQ_Data/20260204_100826_beam4_az154.mat,0.0249402541667222,0.0205956567078828,0.7986374497413635,0.2452286481857299,False,False,False,0.15668134,0.15668134,0.0,False,False,False,0.15668134,0.027475948,1.883453,False,False,False,0.15668134,0.10783596,0.42990786,False,False,False,0.004344597458839399,0.129205392,0.04884538000000001,False,False,False,False,False,False,False,False
3,test,20260204_100826_beam4_az163,20260204_100826,0,/home/tobeornot8259748/projects/balloon_radar_project/data/raw/detection_dataset/train/Background_IQ/IQ_Data/20260204_100826_beam4_az163.mat,0.0253230612725019,0.020935233682394,0.7986416816711426,0.2438810467720031,False,False,False,0.1423982,0.1423982,0.0,False,False,False,0.1423982,0.043525808,1.2943872,False,False,False,0.1423982,0.10141728,0.38606277,False,False,False,0.0043878275901079004,0.098872392,0.040980920000000004,False,False,False,False,False,False,False,False
3,test,20260204_100826_beam4_az172,20260204_100826,0,/home/tobeornot8259748/projects/balloon_radar_project/data/raw/detection_dataset/test/Background_IQ/IQ_Data/20260204_100826_beam4_az172.mat,0.0262054149061441,0.0215746816247701,0.7986421585083008,0.2494105249643325,False,False,False,0.113302976,0.113302976,0.0,False,False,False,0.113302976,0.037126802,1.1981447,False,False,False,0.113302976,0.056597244,0.75609523,False,False,False,0.004630733281374002,0.076176174,0.056705732,False,False,False,False,False,False,False,False
3,test,20260204_100826_beam4_az181,20260204_100826,0,/home/tobeornot8259748/projects/balloon_radar_project/data/raw/detection_dataset/train/Background_IQ/IQ_Data/20260204_100826_beam4_az181.mat,0.0555151142179966,0.0441365092992782,0.7986432313919067,0.3021919131278991,False,False,False,0.15174349,0.15174349,0.0,False,False,False,0.15174349,0.016441992,2.3703465,False,False,False,0.15174349,0.002386326,4.3146195,False,False,False,0.0113786049187184,0.13530149800000002,0.14935716400000001,False,False,False,False,False,False,False,False
3,test,20260204_100826_beam4_az190,20260204_100826,0,/home/tobeornot8259748/projects/balloon_radar_project/data/raw/detection_dataset/test/Background_IQ/IQ_Data/20260204_100826_beam4_az190.mat,0.0224999692291021,0.018869262188673,0.7985858917236328,0.2250065803527832,False,False,False,0.10497655,0.10497655,0.0,False,False,False,0.10497655,0.055822615,0.68502206,False,False,False,0.10497655,0.057111286,0.66083354,False,False,False,0.0036307070404291014,0.049153935,0.047865264000000005,False,False,False,False,False,False,False,False
3,test,20260204_100826_beam4_az199,20260204_100826,0,/home/tobeornot8259748/projects/balloon_radar_project/data/raw/detection_dataset/train/Background_IQ/IQ_Data/20260204_100826_beam4_az199.mat,0.2137051820755005,0.149299755692482,0.798322319984436,0.5478606224060059,False,False,False,0.5062086,0.5062086,0.0,False,False,False,0.5062086,0.11090143,2.1064022,False,False,False,0.5062086,0.10603502,2.156733,False,False,False,0.0644054263830185,0.39530717000000004,0.40017358000000003,False,False,False,False,False,False,False,False
3,test,20260204_100826_beam5_az001,20260204_100826,0,/home/tobeornot8259748/projects/balloon_radar_project/data/raw/detection_dataset/train/Background_IQ/IQ_Data/20260204_100826_beam5_az001.mat,0.0463782027363777,0.0375922694802284,0.7986479997634888,0.2744665741920471,False,False,False,0.19852889,0.19852889,0.0,False,False,False,0.19852889,0.16010831,0.26190817,False,False,False,0.19852889,0.12694195,0.5327579,False,False,False,0.008785933256149299,0.03842058000000001,0.07158694000000002,False,False,False,False,False,False,False,False
3,test,20260204_100826_beam5_az010,20260204_100826,0,/home/tobeornot8259748/projects/balloon_radar_project/data/raw/detection_dataset/train/Background_IQ/IQ_Data/20260204_100826_beam5_az010.mat,0.0261556170880794,0.0214717537164688,0.7986250519752502,0.2530897557735443,False,False,False,0.048228215,0.048228215,0.0,False,False,False,0.048228215,0.015858946,1.1456547,False,False,False,0.048228215,0.030022416,0.4929476,False,False,False,0.0046838633716106,0.032369269,0.018205798999999998,False,False,False,False,False,False,False,False
3,test,20260204_100826_beam5_az019,20260204_100826,0,/home/tobeornot8259748/projects/balloon_radar_project/data/raw/detection_dataset/test/Background_IQ/IQ_Data/20260204_100826_beam5_az019.mat,0.5672774910926819,0.353687971830368,0.7955582737922668,1.098120927810669,False,False,False,0.22897139,0.22897139,0.0,False,False,False,0.22897139,0.050576713,1.7182351,False,False,False,0.22897139,0.122481026,0.7550141,False,False,False,0.2135895192623139,0.178394677,0.10649036399999999,False,False,False,False,False,False,False,False
3,test,20260204_100826_beam5_az028,20260204_100826,0,/home/tobeornot8259748/projects/balloon_radar_project/data/raw/detection_dataset/train/Background_IQ/IQ_Data/20260204_100826_beam5_az028.mat,0.0229773707687854,0.0188874155282974,0.7986055016517639,0.2506759762763977,False,False,False,0.052512243,0.052512243,0.0,False,False,False,0.052512243,0.029926743,0.5858514,False,False,False,0.052512243,0.004759065,2.4501662,False,False,False,0.004089955240488,0.0225855,0.047753178,False,False,False,False,False,False,False,False
3,test,20260204_100826_beam5_az037,20260204_100826,0,/home/tobeornot8259748/projects/balloon_radar_project/data/raw/detection_dataset/train/Background_IQ/IQ_Data/20260204_100826_beam5_az037.mat,0.1204388216137886,0.0920162722468376,0.7984932065010071,0.3769348263740539,False,False,False,0.32675964,0.32675964,0.0,False,False,False,0.32675964,0.043381352,2.3704977,False,False,False,0.32675964,0.06935629,1.873742,False,False,False,0.028422549366951003,0.28337828800000003,0.25740335000000003,False,False,False,False,False,False,False,False
3,test,20260204_100826_beam5_az046,20260204_100826,0,/home/tobeornot8259748/projects/balloon_radar_project/data/raw/detection_dataset/train/Background_IQ/IQ_Data/20260204_100826_beam5_az046.mat,0.0277428925037384,0.0226182863116264,0.7986184358596802,0.2623002231121063,False,False,False,0.03847459,0.03847459,0.0,False,False,False,0.03847459,0.012363517,1.1620415,False,False,False,0.03847459,0.01211829,1.1823239,False,False,False,0.005124606192112,0.026111073000000005,0.026356300000000003,False,False,False,False,False,False,False,False
3,test,20260204_100826_beam5_az055,20260204_100826,0,/home/tobeornot8259748/projects/balloon_radar_project/data/raw/detection_dataset/train/Background_IQ/IQ_Data/20260204_100826_beam5_az055.mat,0.0299297478049993,0.0248535703867673,0.7986177802085876,0.2392515838146209,False,False,False,0.11632475,0.11632475,0.0,False,False,False,0.11632475,0.02535611,1.6213486,False,False,False,0.11632475,0.04576916,1.0095913,False,False,False,0.005076177418231999,0.09096864,0.07055559,False,False,False,False,False,False,False,False
3,test,20260204_100826_beam5_az064,20260204_100826,0,/home/tobeornot8259748/projects/balloon_radar_project/data/raw/detection_dataset/val/Background_IQ/IQ_Data/20260204_100826_beam5_az064.mat,0.0237346868962049,0.0196515806019306,0.7986429929733276,0.2416014075279235,False,False,False,0.0489743,0.0489743,0.0,False,False,False,0.0489743,0.026211876,0.6487358,False,False,False,0.0489743,0.004805826,2.3668635,False,False,False,0.004083106294274299,0.022762424,0.044168474,False,False,False,False,False,False,False,False
3,test,20260204_100826_beam5_az073,20260204_100826,0,/home/tobeornot8259748/projects/balloon_radar_project/data/raw/detection_dataset/train/Background_IQ/IQ_Data/20260204_100826_beam5_az073.mat,0.0265565700829029,0.0219413414597511,0.7986478209495544,0.244957149028778,False,False,False,0.13388681,0.13388681,0.0,False,False,False,0.13388681,0.03094354,1.577138,False,False,False,0.13388681,0.07027761,0.7154119,False,False,False,0.0046152286231518,0.10294327,0.06360919999999999,False,False,False,False,False,False,False,False
3,test,20260204_100826_beam5_az082,20260204_100826,0,/home/tobeornot8259748/projects/balloon_radar_project/data/raw/detection_dataset/train/Background_IQ/IQ_Data/20260204_100826_beam5_az082.mat,0.0276902597397565,0.0228197481483221,0.7986425757408142,0.2484855204820633,False,False,False,0.06736236,0.06736236,0.0,False,False,False,0.06736236,0.013266259,1.6812458,False,False,False,0.06736236,0.01471902,1.5758559,False,False,False,0.004870511591434402,0.054096100999999994,0.05264334,False,False,False,False,False,False,False,False
3,test,20260204_100826_beam5_az091,20260204_100826,0,/home/tobeornot8259748/projects/balloon_radar_project/data/raw/detection_dataset/train/Background_IQ/IQ_Data/20260204_100826_beam5_az091.mat,0.0984254106879234,0.0755467489361763,0.7985519766807556,0.3626653850078583,False,False,False,0.31848454,0.31848454,0.0,False,False,False,0.31848454,0.02829485,2.7756276,False,False,False,0.31848454,0.047694914,2.2333157,False,False,False,0.022878661751747104,0.29018969,0.270789626,False,False,False,False,False,False,False,False
3,test,20260204_100826_beam5_az100,20260204_100826,0,/home/tobeornot8259748/projects/balloon_radar_project/data/raw/detection_dataset/train/Background_IQ/IQ_Data/20260204_100826_beam5_az100.mat,0.0220322646200656,0.0181320067495107,0.7985903024673462,0.2489503473043441,False,False,False,0.08996119,0.08996119,0.0,False,False,False,0.08996119,0.027427958,1.2542726,False,False,False,0.08996119,0.058086514,0.47187114,False,False,False,0.0039002578705548997,0.062533232,0.031874676,False,False,False,False,False,False,False,False
3,test,20260204_100826_beam5_az109,20260204_100826,0,/home/tobeornot8259748/projects/balloon_radar_project/data/raw/detection_dataset/train/Background_IQ/IQ_Data/20260204_100826_beam5_az109.mat,0.0773781090974807,0.0613057576119899,0.7985854148864746,0.3131791353225708,False,False,False,0.21805003,0.21805003,0.0,False,False,False,0.21805003,0.055480998,1.5575689,False,False,False,0.21805003,0.042127114,1.8469572,False,False,False,0.016072351485490806,0.162569032,0.175922916,False,False,False,False,False,False,False,False
3,test,20260204_100826_beam5_az118,20260204_100826,0,/home/tobeornot8259748/projects/balloon_radar_project/data/raw/detection_dataset/test/Background_IQ/IQ_Data/20260204_100826_beam5_az118.mat,0.0333998203277587,0.0271865408867597,0.798633873462677,0.2657487988471985,False,False,False,0.06978431,0.06978431,0.0,False,False,False,0.06978431,0.020873372,1.2581794,False,False,False,0.06978431,0.036978193,0.6697405,False,False,False,0.006213279440999,0.048910938,0.032806117,False,False,False,False,False,False,False,False
3,test,20260204_100826_beam5_az127,20260204_100826,0,/home/tobeornot8259748/projects/balloon_radar_project/data/raw/detection_dataset/train/Background_IQ/IQ_Data/20260204_100826_beam5_az127.mat,0.0268612038344144,0.022302908822894,0.7986465692520142,0.2387027144432068,False,False,False,0.10899711,0.10899711,0.0,False,False,False,0.10899711,0.023396485,1.6304685,False,False,False,0.10899711,0.048572574,0.87387806,False,False,False,0.0045582950115204,0.08560062499999999,0.060424535999999994,False,False,False,False,False,False,False,False
3,test,20260204_100826_beam5_az136,20260204_100826,0,/home/tobeornot8259748/projects/balloon_radar_project/data/raw/detection_dataset/train/Background_IQ/IQ_Data/20260204_100826_beam5_az136.mat,0.0262553002685308,0.0220006369054317,0.7985930442810059,0.2268444299697876,False,False,False,0.048160482,0.048160482,0.0,False,False,False,0.048160482,0.011791881,1.4446247,False,False,False,0.048160482,0.025081888,0.67634994,False,False,False,0.004254663363099102,0.036368601,0.023078593999999997,False,False,False,False,False,False,False,False
3,test,20260204_100826_beam5_az145,20260204_100826,0,/home/tobeornot8259748/projects/balloon_radar_project/data/raw/detection_dataset/test/Background_IQ/IQ_Data/20260204_100826_beam5_az145.mat,0.0276377238333225,0.022847156971693,0.7986408472061157,0.2445022761821746,False,False,False,0.0703657,0.0703657,0.0,False,False,False,0.0703657,0.024506582,1.1029162,False,False,False,0.0703657,0.039001193,0.62329555,False,False,False,0.0047905668616295,0.045859118000000004,0.031364507,False,False,False,False,False,False,False,False
3,test,20260204_100826_beam5_az154,20260204_100826,0,/home/tobeornot8259748/projects/balloon_radar_project/data/raw/detection_dataset/train/Background_IQ/IQ_Data/20260204_100826_beam5_az154.mat,0.0259080212563276,0.0215448308736085,0.7986421585083008,0.2365087270736694,False,False,False,0.053206027,0.053206027,0.0,False,False,False,0.053206027,0.017271712,1.1623528,False,False,False,0.053206027,0.03559721,0.420332,False,False,False,0.004363190382719102,0.035934315,0.017608817000000006,False,False,False,False,False,False,False,False
3,test,20260204_100826_beam5_az163,20260204_100826,0,/home/tobeornot8259748/projects/balloon_radar_project/data/raw/detection_dataset/test/Background_IQ/IQ_Data/20260204_100826_beam5_az163.mat,0.0267592836171388,0.0220857448875904,0.7986429929733276,0.2463424354791641,False,False,False,0.07999994,0.07999994,0.0,False,False,False,0.07999994,0.016052667,1.6733495,False,False,False,0.07999994,0.051757637,0.4656904,False,False,False,0.004673538729548399,0.063947273,0.028242303000000003,False,False,False,False,False,False,False,False
3,test,20260204_100826_beam5_az172,20260204_100826,0,/home/tobeornot8259748/projects/balloon_radar_project/data/raw/detection_dataset/train/Background_IQ/IQ_Data/20260204_100826_beam5_az172.mat,0.0273764878511428,0.0229374375194311,0.7986015677452087,0.2272318005561828,False,False,False,0.06982374,0.06982374,0.0,False,False,False,0.06982374,0.017650308,1.429794,False,False,False,0.06982374,0.045920026,0.44444615,False,False,False,0.0044390503317117,0.05217343199999999,0.023903713999999993,False,False,False,False,False,False,False,False
3,test,20260204_100826_beam5_az181,20260204_100826,0,/home/tobeornot8259748/projects/balloon_radar_project/data/raw/detection_dataset/val/Background_IQ/IQ_Data/20260204_100826_beam5_az181.mat,0.0553106553852558,0.0442058891057968,0.7986356616020203,0.2952457368373871,False,False,False,0.21933907,0.21933907,0.0,False,False,False,0.21933907,0.044313956,1.8016077,False,False,False,0.21933907,0.1025356,0.8998414,False,False,False,0.011104766279459,0.17502511399999998,0.11680346999999999,False,False,False,False,False,False,False,False
3,test,20260204_100826_beam5_az190,20260204_100826,0,/home/tobeornot8259748/projects/balloon_radar_project/data/raw/detection_dataset/train/Background_IQ/IQ_Data/20260204_100826_beam5_az190.mat,0.0221588686108589,0.0183252897113561,0.7986131906509399,0.2427566647529602,False,False,False,0.05008096,0.05008096,0.0,False,False,False,0.05008096,0.01584435,1.186235,False,False,False,0.05008096,0.028245935,0.5954174,False,False,False,0.0038335788995027993,0.03423661,0.021835025,False,False,False,False,False,False,False,False
3,test,20260204_100826_beam5_az199,20260204_100826,0,/home/tobeornot8259748/projects/balloon_radar_project/data/raw/detection_dataset/train/Background_IQ/IQ_Data/20260204_100826_beam5_az199.mat,0.341912031173706,0.2187200337648391,0.7977395057678223,0.7751350402832031,False,False,False,0.24283598,0.24283598,0.0,False,False,False,0.24283598,0.025192417,2.5185034,False,False,False,0.24283598,0.043268006,1.9589162,False,False,False,0.12319199740886691,0.217643563,0.199567974,False,False,False,False,False,False,False,False
3,test,20260202_144637_beam1,20260202_144637,1,/home/tobeornot8259748/projects/balloon_radar_project/data/raw/detection_dataset/train/UAV_IQ/IQ_Data/20260202_144637_beam1.mat,0.8143482804298401,0.8099520206451416,0.0435589626431465,0.6615695357322693,False,False,False,0.91757166,0.91757166,0.0,True,False,False,0.91757166,0.9175178,0.0007117951,True,False,False,0.91757166,0.9165826,0.013006187,True,False,False,0.004396259784698486,5.385999999996116e-05,0.000989059999999986,False,False,False,False,False,False,False,False
3,test,20260202_144637_beam2,20260202_144637,1,/home/tobeornot8259748/projects/balloon_radar_project/data/raw/detection_dataset/train/UAV_IQ/IQ_Data/20260202_144637_beam2.mat,0.7950222492218018,0.7916785478591919,0.0374159030616283,0.5450994372367859,False,False,False,0.95709354,0.95709354,0.0,True,False,False,0.95709354,0.95708907,0.000108316104,True,False,False,0.95709354,0.9568177,0.0066973157,True,False,False,0.0033437013626098633,4.470000000034169e-06,0.0002758400000000272,False,False,False,False,False,False,False,False
3,test,20260202_144637_beam3,20260202_144637,1,/home/tobeornot8259748/projects/balloon_radar_project/data/raw/detection_dataset/train/UAV_IQ/IQ_Data/20260202_144637_beam3.mat,0.8219033479690552,0.8187202215194702,0.0329577289521694,0.6552678942680359,False,False,False,0.9504225,0.9504225,0.0,True,False,False,0.9504225,0.9504185,8.507223e-05,True,False,False,0.9504225,0.95040303,0.00041241103,True,False,False,0.003183126449584961,3.999999999892978e-06,1.9469999999910392e-05,False,False,False,False,False,False,False,False
3,test,20260202_144637_beam4,20260202_144637,1,/home/tobeornot8259748/projects/balloon_radar_project/data/raw/detection_dataset/train/UAV_IQ/IQ_Data/20260202_144637_beam4.mat,0.6645402908325195,0.6514654755592346,0.1552104502916336,0.3743739426136017,False,False,False,0.66576415,0.66576415,0.0,False,False,False,0.66576415,0.6111374,0.23699279,False,False,False,0.66576415,0.084600925,3.0705035,False,False,False,0.013074815273284912,0.054626749999999946,0.5811632250000001,False,False,False,False,False,False,False,False
3,test,20260202_144645_beam1,20260202_144645,1,/home/tobeornot8259748/projects/balloon_radar_project/data/raw/detection_dataset/train/UAV_IQ/IQ_Data/20260202_144645_beam1.mat,0.9722043871879578,0.9722013473510742,0.0030779291409999,0.037046805024147,True,False,True,0.93666637,0.93666637,0.0,True,False,True,0.93666637,0.9366162,0.0008446631,True,False,True,0.93666637,0.9339141,0.045480873,True,False,True,3.039836883544922e-06,5.0169999999960524e-05,0.002752270000000001,False,False,False,False,False,False,False,False
3,test,20260202_144645_beam2,20260202_144645,1,/home/tobeornot8259748/projects/balloon_radar_project/data/raw/detection_dataset/train/UAV_IQ/IQ_Data/20260202_144645_beam2.mat,0.9711290597915648,0.9711257815361024,0.0030780609231442,0.0375301390886306,True,False,True,0.95799845,0.95799845,0.0,True,False,True,0.95799845,0.95797676,0.0005382135,True,False,True,0.95799845,0.9567837,0.029779172,True,False,True,3.2782554624244398e-06,2.1689999999963128e-05,0.0012147499999999312,False,False,False,False,False,False,False,False
3,test,20260202_144645_beam3,20260202_144645,1,/home/tobeornot8259748/projects/balloon_radar_project/data/raw/detection_dataset/train/UAV_IQ/IQ_Data/20260202_144645_beam3.mat,0.9684410095214844,0.9684375524520874,0.0030790998134762,0.0365345291793346,True,False,True,0.9653338,0.9653338,0.0,True,False,True,0.9653338,0.96532327,0.00031623055,True,False,True,0.9653338,0.96532494,0.0002647948,True,False,True,3.4570693969726562e-06,1.05300000000641e-05,8.859999999999424e-06,False,False,False,False,False,False,False,False
3,test,20260202_144645_beam4,20260202_144645,1,/home/tobeornot8259748/projects/balloon_radar_project/data/raw/detection_dataset/train/UAV_IQ/IQ_Data/20260202_144645_beam4.mat,0.9735442399978638,0.973541259765625,0.0030785670969635,0.0371410027146339,True,False,True,0.96828115,0.96828115,0.0,True,False,True,0.96828115,0.9682791,6.712284e-05,True,False,True,0.96828115,0.9681843,0.0031531325,True,False,True,2.9802322387695312e-06,2.0500000000867047e-06,9.685000000003718e-05,False,False,False,False,False,False,False,False
3,test,20260202_144710_beam1,20260202_144710,1,/home/tobeornot8259748/projects/balloon_radar_project/data/raw/detection_dataset/train/UAV_IQ/IQ_Data/20260202_144710_beam1.mat,0.9662197828292848,0.9662159085273744,0.0030780991073697,0.0392036437988281,True,False,True,0.969401,0.969401,0.0,True,False,True,0.969401,0.96939856,8.465285e-05,True,False,True,0.969401,0.9693727,0.00095834094,True,False,True,3.874301910400391e-06,2.439999999936937e-06,2.8299999999981118e-05,False,False,False,False,False,False,False,False
3,test,20260202_144710_beam2,20260202_144710,1,/home/tobeornot8259748/projects/balloon_radar_project/data/raw/detection_dataset/train/UAV_IQ/IQ_Data/20260202_144710_beam2.mat,0.9694401025772096,0.9694366455078124,0.0030784355476498,0.038777220994234,True,False,True,0.9689604,0.9689604,0.0,True,False,True,0.9689604,0.9689519,0.00028287212,True,False,True,0.9689604,0.9689339,0.0008785893,True,False,True,3.457069397194701e-06,8.50000000007789e-06,2.650000000004038e-05,False,False,False,False,False,False,False,False
3,test,20260202_144710_beam3,20260202_144710,1,/home/tobeornot8259748/projects/balloon_radar_project/data/raw/detection_dataset/train/UAV_IQ/IQ_Data/20260202_144710_beam3.mat,0.9726754426956176,0.9726722836494446,0.0030785875860601,0.0385942757129669,True,False,True,0.9719881,0.9719881,0.0,True,False,True,0.9719881,0.9719839,0.000150776,True,False,True,0.9719881,0.971984,0.00014717059,True,False,True,3.159046172984681e-06,4.2000000000097515e-06,4.100000000062387e-06,False,False,False,False,False,False,False,False
3,test,20260202_144710_beam4,20260202_144710,1,/home/tobeornot8259748/projects/balloon_radar_project/data/raw/detection_dataset/train/UAV_IQ/IQ_Data/20260202_144710_beam4.mat,0.9692660570144652,0.9692625999450684,0.0030779878143221,0.0377922877669334,True,False,True,0.9599741,0.9599741,0.0,True,False,True,0.9599741,0.95997024,0.00010055564,True,False,True,0.9599741,0.95961004,0.009433706,True,False,True,3.457069396861634e-06,3.86000000007769e-06,0.0003640599999999994,False,False,False,False,False,False,False,False
3,test,20260202_144718_beam1,20260202_144718,1,/home/tobeornot8259748/projects/balloon_radar_project/data/raw/detection_dataset/train/UAV_IQ/IQ_Data/20260202_144718_beam1.mat,0.9805806875228882,0.9805785417556764,0.0030811440665274,0.0370888784527778,True,False,True,0.96374243,0.96374243,0.0,True,False,True,0.96374243,0.9637392,9.0228e-05,True,False,True,0.96374243,0.96374,6.8663634e-05,True,False,True,2.14576721180304e-06,3.2300000000207163e-06,2.4299999999977118e-06,False,False,False,False,False,False,False,False
3,test,20260202_144718_beam2,20260202_144718,1,/home/tobeornot8259748/projects/balloon_radar_project/data/raw/detection_dataset/train/UAV_IQ/IQ_Data/20260202_144718_beam2.mat,0.9789553880691528,0.9789531230926514,0.0030800341628491,0.0368576645851135,True,False,True,0.9631007,0.9631007,0.0,True,False,True,0.9631007,0.9630902,0.0002965346,True,False,True,0.9631007,0.9631005,8.1288945e-06,True,False,True,2.2649765014648438e-06,1.0500000000024379e-05,2.0000000000575113e-07,False,False,False,False,False,False,False,False
3,test,20260202_144718_beam3,20260202_144718,1,/home/tobeornot8259748/projects/balloon_radar_project/data/raw/detection_dataset/train/UAV_IQ/IQ_Data/20260202_144718_beam3.mat,0.976445734500885,0.9764429926872252,0.0030784588307142,0.0376006476581096,True,False,True,0.9677528,0.9677528,0.0,True,False,True,0.9677528,0.9677489,0.00012540082,True,False,True,0.9677528,0.96768147,0.0022817885,True,False,True,2.741813659778991e-06,3.899999999945614e-06,7.132999999992506e-05,False,False,False,False,False,False,False,False
3,test,20260202_144718_beam4,20260202_144718,1,/home/tobeornot8259748/projects/balloon_radar_project/data/raw/detection_dataset/train/UAV_IQ/IQ_Data/20260202_144718_beam4.mat,0.974628746509552,0.9746258854866028,0.0030792902689427,0.0370884388685226,True,False,True,0.94047046,0.94047046,0.0,True,False,True,0.94047046,0.9404591,0.00020248868,True,False,True,0.94047046,0.94044703,0.00041706493,True,False,True,2.86102294921875e-06,1.1360000000015802e-05,2.343000000004647e-05,False,False,False,False,False,False,False,False
3,test,20260202_144727_beam1,20260202_144727,1,/home/tobeornot8259748/projects/balloon_radar_project/data/raw/detection_dataset/test/UAV_IQ/IQ_Data/20260202_144727_beam1.mat,0.974821150302887,0.974818229675293,0.0030780448578298,0.0387172028422355,True,False,True,0.96996576,0.96996576,0.0,True,False,True,0.96996576,0.96996504,2.3809307e-05,True,False,True,0.96996576,0.9699458,0.0006855546,True,False,True,2.9206275939941406e-06,7.20000000065113e-07,1.9960000000041056e-05,False,False,False,False,False,False,False,False
3,test,20260202_144727_beam2,20260202_144727,1,/home/tobeornot8259748/projects/balloon_radar_project/data/raw/detection_dataset/test/UAV_IQ/IQ_Data/20260202_144727_beam2.mat,0.9739436507225036,0.9739407300949096,0.0030784441623836,0.0374067462980747,True,False,True,0.97515374,0.97515374,0.0,True,False,True,0.97515374,0.9751516,8.7404405e-05,True,False,True,0.97515374,0.9751458,0.00032565664,True,False,True,2.9206275939941406e-06,2.1399999999838215e-06,7.940000000039582e-06,False,False,False,False,False,False,False,False
3,test,20260202_144727_beam3,20260202_144727,1,/home/tobeornot8259748/projects/balloon_radar_project/data/raw/detection_dataset/test/UAV_IQ/IQ_Data/20260202_144727_beam3.mat,0.9774138927459716,0.9774113893508912,0.0030792376492172,0.0380464196205139,True,False,True,0.9742672,0.9742672,0.0,True,False,True,0.9742672,0.9742653,7.379381e-05,True,False,True,0.9742672,0.9742606,0.00026296108,True,False,True,2.5033950803443616e-06,1.8999999999991246e-06,6.599999999967743e-06,False,False,False,False,False,False,False,False
3,test,20260202_144727_beam4,20260202_144727,1,/home/tobeornot8259748/projects/balloon_radar_project/data/raw/detection_dataset/test/UAV_IQ/IQ_Data/20260202_144727_beam4.mat,0.9715099930763244,0.9715067148208618,0.0030778357759118,0.0372719727456569,True,False,True,0.9560625,0.9560625,0.0,True,False,True,0.9560625,0.95605826,0.00010102153,True,False,True,0.9560625,0.95599896,0.0015101796,True,False,True,3.278255462535462e-06,4.239999999988697e-06,6.354000000008408e-05,False,False,False,False,False,False,False,False
3,test,20260202_144735_beam1,20260202_144735,1,/home/tobeornot8259748/projects/balloon_radar_project/data/raw/detection_dataset/test/UAV_IQ/IQ_Data/20260202_144735_beam1.mat,0.9701269268989564,0.9701234698295592,0.0030772476457059,0.0382951758801937,True,False,True,0.9770006,0.9770006,0.0,True,False,True,0.9770006,0.97700024,1.6606822e-05,True,False,True,0.9770006,0.9769974,0.0001435001,True,False,True,3.457069397194701e-06,3.600000000325565e-07,3.199999999980996e-06,False,False,False,False,False,False,False,False
3,test,20260202_144735_beam2,20260202_144735,1,/home/tobeornot8259748/projects/balloon_radar_project/data/raw/detection_dataset/test/UAV_IQ/IQ_Data/20260202_144735_beam2.mat,0.974531888961792,0.9745288491249084,0.0030786783900111,0.0394927635788917,True,False,True,0.9806671,0.9806671,0.0,True,False,True,0.9806671,0.9806669,1.3336762e-05,True,False,True,0.9806671,0.9806655,8.2893304e-05,True,False,True,3.039836883544922e-06,2.0000000000575113e-07,1.600000000046009e-06,False,False,False,False,False,False,False,False
3,test,20260202_144735_beam3,20260202_144735,1,/home/tobeornot8259748/projects/balloon_radar_project/data/raw/detection_dataset/test/UAV_IQ/IQ_Data/20260202_144735_beam3.mat,0.966663122177124,0.9666593670845032,0.0030780108645558,0.0387937426567077,True,False,True,0.9813659,0.9813659,0.0,True,False,True,0.9813659,0.9813658,9.84083e-06,True,False,True,0.9813659,0.9813659,2.3800594e-06,True,False,True,3.7550926208496094e-06,1.0000000005838672e-07,0.0,False,False,False,False,False,False,False,False
3,test,20260202_144735_beam4,20260202_144735,1,/home/tobeornot8259748/projects/balloon_radar_project/data/raw/detection_dataset/test/UAV_IQ/IQ_Data/20260202_144735_beam4.mat,0.957117795944214,0.9571128487586976,0.0030803647823631,0.03892233222723,True,False,True,0.97277147,0.97277147,0.0,True,False,True,0.97277147,0.9727711,1.292917e-05,True,False,True,0.97277147,0.97276974,6.52985e-05,True,False,True,4.947185516357422e-06,3.699999999717818e-07,1.7299999999220717e-06,False,False,False,False,False,False,False,False
3,test,20260202_144751_beam1,20260202_144751,1,/home/tobeornot8259748/projects/balloon_radar_project/data/raw/detection_dataset/train/UAV_IQ/IQ_Data/20260202_144751_beam1.mat,0.9771101474761964,0.9771074056625366,0.0030776979401707,0.0398395769298076,True,False,True,0.9662704,0.9662704,0.0,True,False,True,0.9662704,0.9662634,0.00021525561,True,False,True,0.9662704,0.96623856,0.0009756192,True,False,True,2.741813659778991e-06,6.999999999979245e-06,3.18400000000052e-05,False,False,False,False,False,False,False,False
3,test,20260202_144751_beam2,20260202_144751,1,/home/tobeornot8259748/projects/balloon_radar_project/data/raw/detection_dataset/train/UAV_IQ/IQ_Data/20260202_144751_beam2.mat,0.9835969805717468,0.9835950136184692,0.0030844940338283,0.039669957011938,True,False,True,0.9629729,0.9629729,0.0,True,False,True,0.9629729,0.9629549,0.000503878,True,False,True,0.9629729,0.962972,2.2942282e-05,True,False,True,1.9669532775878906e-06,1.8000000000073513e-05,8.999999999703689e-07,False,False,False,False,False,False,False,False
3,test,20260202_144751_beam3,20260202_144751,1,/home/tobeornot8259748/projects/balloon_radar_project/data/raw/detection_dataset/train/UAV_IQ/IQ_Data/20260202_144751_beam3.mat,0.9805060625076294,0.980503797531128,0.0030812788754701,0.0398207455873489,True,False,True,0.96059364,0.96059364,0.0,True,False,True,0.96059364,0.960575,0.00049576344,True,False,True,0.96059364,0.96058387,0.0002601453,True,False,True,2.2649765013538214e-06,1.8640000000069712e-05,9.77000000002004e-06,False,False,False,False,False,False,False,False
3,test,20260202_144751_beam4,20260202_144751,1,/home/tobeornot8259748/projects/balloon_radar_project/data/raw/detection_dataset/train/UAV_IQ/IQ_Data/20260202_144751_beam4.mat,0.9856629967689514,0.9856612682342528,0.0030867001041769,0.0404369980096817,True,False,True,0.97329795,0.97329795,0.0,True,False,True,0.97329795,0.9732973,2.6410273e-05,True,False,True,0.97329795,0.97329223,0.00022356458,True,False,True,1.7285346985973504e-06,6.499999999354245e-07,5.719999999986847e-06,False,False,False,False,False,False,False,False
3,test,20260202_144751_beam5,20260202_144751,1,/home/tobeornot8259748/projects/balloon_radar_project/data/raw/detection_dataset/train/UAV_IQ/IQ_Data/20260202_144751_beam5.mat,0.982557475566864,0.9825553894042968,0.0030811382457613,0.0405515357851982,True,False,True,0.95580935,0.95580935,0.0,True,False,True,0.95580935,0.95580846,2.1588407e-05,True,False,True,0.95580935,0.9558087,1.6470392e-05,True,False,True,2.086162567249694e-06,8.900000000311437e-07,6.500000000464468e-07,False,False,False,False,False,False,False,False
3,test,20260202_144800_beam1,20260202_144800,1,/home/tobeornot8259748/projects/balloon_radar_project/data/raw/detection_dataset/train/UAV_IQ/IQ_Data/20260202_144800_beam1.mat,0.8354835510253906,0.8354544043540955,0.0032846918329596,0.0645867884159088,False,False,False,0.8945486,0.8945486,0.0,False,False,False,0.8945486,0.8938472,0.007412883,False,False,False,0.8945486,0.8616677,0.30885765,False,False,False,2.9146671295166016e-05,0.0007014000000000742,0.03288089999999999,False,False,False,False,False,False,False,False
3,test,20260202_144800_beam2,20260202_144800,1,/home/tobeornot8259748/projects/balloon_radar_project/data/raw/detection_dataset/train/UAV_IQ/IQ_Data/20260202_144800_beam2.mat,0.9598374962806702,0.959828555583954,0.0030909494962543,0.0742605179548263,True,False,True,0.9590871,0.9590871,0.0,True,False,True,0.9590871,0.95907664,0.0002675055,True,False,True,0.9590871,0.9590556,0.0008040496,True,False,True,8.940696716197571e-06,1.045999999993441e-05,3.1499999999962114e-05,False,False,False,False,False,False,False,False
3,test,20260202_144800_beam3,20260202_144800,1,/home/tobeornot8259748/projects/balloon_radar_project/data/raw/detection_dataset/train/UAV_IQ/IQ_Data/20260202_144800_beam3.mat,0.967348575592041,0.967341125011444,0.0030890030320733,0.0769752264022827,True,False,True,0.9608769,0.9608769,0.0,True,False,True,0.9608769,0.9608683,0.00022935204,True,False,True,0.9608769,0.960876,2.276279e-05,True,False,True,7.4505805970348504e-06,8.600000000025254e-06,9.000000000813912e-07,False,False,False,False,False,False,False,False
3,test,20260202_144800_beam4,20260202_144800,1,/home/tobeornot8259748/projects/balloon_radar_project/data/raw/detection_dataset/train/UAV_IQ/IQ_Data/20260202_144800_beam4.mat,0.9240047931671144,0.9239882826805116,0.0031244771089404,0.0751573592424392,True,False,True,0.9444548,0.9444548,0.0,True,False,True,0.9444548,0.9444443,0.00020068411,True,False,True,0.9444548,0.9443822,0.0013832828,True,False,True,1.6510486602783203e-05,1.0500000000024379e-05,7.260000000008926e-05,False,False,False,False,False,False,False,False
3,test,20260202_144808_beam1,20260202_144808,1,/home/tobeornot8259748/projects/balloon_radar_project/data/raw/detection_dataset/test/UAV_IQ/IQ_Data/20260202_144808_beam1.mat,0.9653158187866212,0.9653118252754213,0.0030831806361675,0.0385459885001182,True,False,True,0.9010626,0.9010626,0.0,True,False,True,0.9010626,0.90097725,0.0009575161,True,False,True,0.9010626,0.9010501,0.000140745,True,False,True,3.993511199951172e-06,8.535000000009507e-05,1.250000000008189e-05,False,False,False,False,False,False,False,False
3,test,20260202_144808_beam2,20260202_144808,1,/home/tobeornot8259748/projects/balloon_radar_project/data/raw/detection_dataset/test/UAV_IQ/IQ_Data/20260202_144808_beam2.mat,0.9714016318321228,0.9713981747627258,0.0030792171601206,0.0406251773238182,True,False,True,0.9628915,0.9628915,0.0,True,False,True,0.9628915,0.9628867,0.00013686711,True,False,True,0.9628915,0.9628915,6.3768437e-07,True,False,True,3.4570693969726562e-06,4.800000000027005e-06,0.0,False,False,False,False,False,False,False,False
3,test,20260202_144808_beam3,20260202_144808,1,/home/tobeornot8259748/projects/balloon_radar_project/data/raw/detection_dataset/test/UAV_IQ/IQ_Data/20260202_144808_beam3.mat,0.9623205661773682,0.9623160362243652,0.0030790911987423,0.0410107225179672,True,False,True,0.9650413,0.9650413,0.0,True,False,True,0.9650413,0.96503943,5.578885e-05,True,False,True,0.9650413,0.965041,1.1003278e-05,True,False,True,4.5299530029296875e-06,1.8699999999594041e-06,2.9999999995311555e-07,False,False,False,False,False,False,False,False
3,test,20260202_144808_beam4,20260202_144808,1,/home/tobeornot8259748/projects/balloon_radar_project/data/raw/detection_dataset/test/UAV_IQ/IQ_Data/20260202_144808_beam4.mat,0.9558990597724916,0.9558937549591064,0.0030803941190242,0.0412069596350193,True,False,True,0.9515746,0.9515746,0.0,True,False,True,0.9515746,0.9515705,8.861475e-05,True,False,True,0.9515746,0.9515741,1.2254783e-05,True,False,True,5.304813385120788e-06,4.100000000062387e-06,5.00000000069889e-07,False,False,False,False,False,False,False,False
3,test,20260202_144816_beam1,20260202_144816,1,/home/tobeornot8259748/projects/balloon_radar_project/data/raw/detection_dataset/val/UAV_IQ/IQ_Data/20260202_144816_beam1.mat,0.976758062839508,0.9767553210258484,0.0030783184338361,0.038883626461029,True,False,True,0.958638,0.958638,0.0,True,False,True,0.958638,0.95863616,4.7287325e-05,True,False,True,0.958638,0.9586379,2.0989976e-06,True,False,True,2.7418136595569464e-06,1.840000000030706e-06,9.999999994736442e-08,False,False,False,False,False,False,False,False
3,test,20260202_144816_beam2,20260202_144816,1,/home/tobeornot8259748/projects/balloon_radar_project/data/raw/detection_dataset/val/UAV_IQ/IQ_Data/20260202_144816_beam2.mat,0.975623369216919,0.9756205677986144,0.0030778793152421,0.038474652916193,True,False,True,0.9793633,0.9793633,0.0,True,False,True,0.9793633,0.9793626,3.469172e-05,True,False,True,0.9793633,0.97936136,9.724678e-05,True,False,True,2.8014183045543817e-06,7.000000000756401e-07,1.9400000000890927e-06,False,False,False,False,False,False,False,False
3,test,20260202_144816_beam3,20260202_144816,1,/home/tobeornot8259748/projects/balloon_radar_project/data/raw/detection_dataset/val/UAV_IQ/IQ_Data/20260202_144816_beam3.mat,0.9800530076026917,0.9800507426261902,0.003079799702391,0.039016418159008,True,False,True,0.95736116,0.95736116,0.0,True,False,True,0.95736116,0.9573302,0.00075697317,True,False,True,0.95736116,0.95621014,0.027839243,True,False,True,2.2649765014648438e-06,3.09600000000243e-05,0.0011510200000000026,False,False,False,False,False,False,False,False
3,test,20260202_144816_beam4,20260202_144816,1,/home/tobeornot8259748/projects/balloon_radar_project/data/raw/detection_dataset/val/UAV_IQ/IQ_Data/20260202_144816_beam4.mat,0.991422474384308,0.991421401500702,0.0031038150191307,0.0410238169133663,True,False,True,0.97045094,0.97045094,0.0,True,False,True,0.97045094,0.9704498,4.0473224e-05,True,False,True,0.97045094,0.97045094,1.0676849e-06,True,False,True,1.0728836059570312e-06,1.1399999999550658e-06,0.0,False,False,False,False,False,False,False,False
3,test,20260202_144816_beam5,20260202_144816,1,/home/tobeornot8259748/projects/balloon_radar_project/data/raw/detection_dataset/val/UAV_IQ/IQ_Data/20260202_144816_beam5.mat,0.983020007610321,0.983017921447754,0.0030807016883045,0.0401723310351371,True,False,True,0.96733284,0.96733284,0.0,True,False,True,0.96733284,0.96733266,5.393043e-06,True,False,True,0.96733284,0.96733284,1.0016237e-06,True,False,True,2.0861625670276496e-06,1.8000000001627825e-07,0.0,False,False,False,False,False,False,False,False
3,test,20260202_144825_beam1,20260202_144825,1,/home/tobeornot8259748/projects/balloon_radar_project/data/raw/detection_dataset/train/UAV_IQ/IQ_Data/20260202_144825_beam1.mat,0.9828232526779176,0.9828212261199952,0.0030829284805804,0.040449384599924,True,False,True,0.97533596,0.97533596,0.0,True,False,True,0.97533596,0.9753342,7.0365706e-05,True,False,True,0.97533596,0.97528994,0.001914114,True,False,True,2.0265579223632812e-06,1.7599999999617921e-06,4.6019999999979966e-05,False,False,False,False,False,False,False,False
3,test,20260202_144825_beam2,20260202_144825,1,/home/tobeornot8259748/projects/balloon_radar_project/data/raw/detection_dataset/train/UAV_IQ/IQ_Data/20260202_144825_beam2.mat,0.975576877593994,0.9755740165710448,0.0030807252041995,0.0394128784537315,True,False,True,0.9557471,0.9557471,0.0,True,False,True,0.9557471,0.9556091,0.003259095,True,False,True,0.9557471,0.9557376,0.00022589069,True,False,True,2.86102294921875e-06,0.00013799999999997148,9.499999999995623e-06,False,False,False,False,False,False,False,False
3,test,20260202_144825_beam3,20260202_144825,1,/home/tobeornot8259748/projects/balloon_radar_project/data/raw/detection_dataset/train/UAV_IQ/IQ_Data/20260202_144825_beam3.mat,0.963161289691925,0.9631568789482116,0.0030792315956205,0.0404245220124721,True,False,True,0.86418325,0.86418325,0.0,False,False,False,0.86418325,0.83962345,0.19504985,False,False,False,0.86418325,0.7144559,0.9333539,False,False,False,4.4107437134899286e-06,0.02455979999999991,0.14972734999999993,False,False,True,False,False,False,True,False
3,test,20260202_144825_beam4,20260202_144825,1,/home/tobeornot8259748/projects/balloon_radar_project/data/raw/detection_dataset/train/UAV_IQ/IQ_Data/20260202_144825_beam4.mat,0.9652503728866576,0.9652462601661682,0.0030774376355111,0.0401630513370037,True,False,True,0.97619015,0.97619015,0.0,True,False,True,0.97619015,0.9761888,5.6368353e-05,True,False,True,0.97619015,0.9761495,0.001747302,True,False,True,4.112720489390931e-06,1.3500000000110646e-06,4.064999999997543e-05,False,False,False,False,False,False,False,False
3,test,20260202_144825_beam5,20260202_144825,1,/home/tobeornot8259748/projects/balloon_radar_project/data/raw/detection_dataset/train/UAV_IQ/IQ_Data/20260202_144825_beam5.mat,0.9598374962806702,0.9598326086997986,0.0030796532519161,0.0407273471355438,True,False,True,0.97504914,0.97504914,0.0,True,False,True,0.97504914,0.9750489,9.102018e-06,True,False,True,0.97504914,0.9750354,0.0005650624,True,False,True,4.887580871582031e-06,2.399999999846969e-07,1.373999999998432e-05,False,False,False,False,False,False,False,False
3,test,20260202_144833_beam1,20260202_144833,1,/home/tobeornot8259748/projects/balloon_radar_project/data/raw/detection_dataset/train/UAV_IQ/IQ_Data/20260202_144833_beam1.mat,0.976802408695221,0.9767953157424928,0.0031058189924806,0.1003858894109726,True,False,True,0.95777464,0.95777464,0.0,True,False,True,0.95777464,0.9577609,0.0003420404,True,False,True,0.95777464,0.9577717,7.415204e-05,True,False,True,7.092952728160462e-06,1.373999999998432e-05,2.940000000006826e-06,False,False,False,False,False,False,False,False
3,test,20260202_144833_beam2,20260202_144833,1,/home/tobeornot8259748/projects/balloon_radar_project/data/raw/detection_dataset/train/UAV_IQ/IQ_Data/20260202_144833_beam2.mat,0.8378854393959045,0.837803840637207,0.0038425712846219,0.1562816500663757,False,False,False,0.87585014,0.87585014,0.0,False,False,False,0.87585014,0.86989194,0.05370256,False,False,False,0.87585014,0.848395,0.23163818,False,False,False,8.159875869750977e-05,0.005958200000000025,0.027455140000000045,False,False,False,False,False,False,False,False
3,test,20260202_144833_beam3,20260202_144833,1,/home/tobeornot8259748/projects/balloon_radar_project/data/raw/detection_dataset/train/UAV_IQ/IQ_Data/20260202_144833_beam3.mat,0.815232515335083,0.815143883228302,0.003984719980508,0.1476491391658783,False,False,False,0.8693644,0.8693644,0.0,False,False,False,0.8693644,0.8555721,0.11636045,False,False,False,0.8693644,0.8467342,0.18613717,False,False,False,8.863210678100586e-05,0.01379230000000009,0.022630200000000045,False,False,False,False,False,False,False,False
3,test,20260202_144833_beam4,20260202_144833,1,/home/tobeornot8259748/projects/balloon_radar_project/data/raw/detection_dataset/train/UAV_IQ/IQ_Data/20260202_144833_beam4.mat,0.9731387495994568,0.973131000995636,0.0031024019699543,0.0958793833851814,True,False,True,0.95812964,0.95812964,0.0,True,False,True,0.95812964,0.95810413,0.0006354202,True,False,True,0.95812964,0.9581117,0.00044663536,True,False,True,7.748603820800781e-06,2.550999999995085e-05,1.7939999999994072e-05,False,False,False,False,False,False,False,False
3,test,20260202_144833_beam5,20260202_144833,1,/home/tobeornot8259748/projects/balloon_radar_project/data/raw/detection_dataset/train/UAV_IQ/IQ_Data/20260202_144833_beam5.mat,0.9717789888381958,0.9717697501182556,0.0031193413306027,0.1077224984765052,True,False,True,0.8784935,0.8784935,0.0,False,False,False,0.8784935,0.87824106,0.002362588,False,False,False,0.8784935,0.8779741,0.004856604,False,False,False,9.238719940185547e-06,0.0002524400000000204,0.0005194000000000587,False,False,True,False,False,False,True,False
4,test,20260204_100845_beam1_az001,20260204_100845,0,/home/tobeornot8259748/projects/balloon_radar_project/data/raw/detection_dataset/train/Background_IQ/IQ_Data/20260204_100845_beam1_az001.mat,0.3510885536670685,0.2541334629058838,0.7764607071876526,0.5955604910850525,False,False,False,0.15145974,0.15145974,0.0,True,True,False,0.15145974,0.019324526,2.2036688,False,False,False,0.15145974,0.0015157907,4.7671037,False,False,False,0.09695509076118469,0.132135214,0.14994394930000002,False,False,False,False,False,False,False,False
4,test,20260204_100845_beam1_az010,20260204_100845,0,/home/tobeornot8259748/projects/balloon_radar_project/data/raw/detection_dataset/val/Background_IQ/IQ_Data/20260204_100845_beam1_az010.mat,0.6045156717300415,0.1993427276611328,0.7759168148040771,2.338812351226806,False,False,False,0.7227311,0.7227311,0.0,True,True,False,0.7227311,0.7063618,0.08027058,True,True,False,0.7227311,0.5180694,0.88574064,True,True,False,0.4051729440689087,0.01636929999999992,0.20466169999999995,False,True,False,False,False,True,False,False
4,test,20260204_100845_beam1_az019,20260204_100845,0,/home/tobeornot8259748/projects/balloon_radar_project/data/raw/detection_dataset/train/Background_IQ/IQ_Data/20260204_100845_beam1_az019.mat,0.2534912228584289,0.2041424959897995,0.7773348689079285,0.3608789145946502,False,False,False,0.65903413,0.65903413,0.0,True,True,False,0.65903413,0.6217986,0.16180347,True,True,False,0.65903413,0.37981293,1.1493351,True,True,False,0.0493487268686294,0.03723553000000002,0.2792212,False,True,False,False,False,True,False,False
4,test,20260204_100845_beam1_az028,20260204_100845,0,/home/tobeornot8259748/projects/balloon_radar_project/data/raw/detection_dataset/train/Background_IQ/IQ_Data/20260204_100845_beam1_az028.mat,0.9167081117630004,0.5879328846931458,0.7727535963058472,2.6438064575195312,True,True,False,0.5736457,0.5736457,0.0,True,True,False,0.5736457,0.5095312,0.2586119,True,True,False,0.5736457,0.17328465,1.8592663,True,True,False,0.3287752270698546,0.06411450000000007,0.40036105,False,False,False,False,False,False,False,False
4,test,20260204_100845_beam1_az037,20260204_100845,0,/home/tobeornot8259748/projects/balloon_radar_project/data/raw/detection_dataset/train/Background_IQ/IQ_Data/20260204_100845_beam1_az037.mat,0.5544704794883728,0.1711726486682891,0.7771740555763245,2.311051368713379,False,False,False,0.83817685,0.83817685,0.0,True,True,False,0.83817685,0.8319825,0.044981938,True,True,False,0.83817685,0.7944441,0.2928002,True,True,False,0.38329783082008373,0.006194350000000015,0.04373274999999999,False,True,False,False,False,True,False,False
4,test,20260204_100845_beam1_az046,20260204_100845,0,/home/tobeornot8259748/projects/balloon_radar_project/data/raw/detection_dataset/val/Background_IQ/IQ_Data/20260204_100845_beam1_az046.mat,0.519094705581665,0.1978087127208709,0.7770814299583435,1.900010108947754,False,False,False,0.51510173,0.51510173,0.0,True,True,False,0.51510173,0.41677588,0.39644825,True,True,False,0.51510173,0.17728809,1.5952555,True,True,False,0.3212859928607942,0.09832585000000005,0.33781364,False,True,False,False,False,True,False,False
4,test,20260204_100845_beam1_az055,20260204_100845,0,/home/tobeornot8259748/projects/balloon_radar_project/data/raw/detection_dataset/train/Background_IQ/IQ_Data/20260204_100845_beam1_az055.mat,0.39239501953125,0.2281826585531234,0.7772423028945923,1.0052791833877563,False,False,False,0.70573753,0.70573753,0.0,True,True,False,0.70573753,0.68195504,0.11200047,True,True,False,0.70573753,0.50637025,0.84928894,True,True,False,0.1642123609781266,0.02378248999999999,0.19936727999999992,False,True,False,False,False,True,False,False
4,test,20260204_100845_beam1_az064,20260204_100845,0,/home/tobeornot8259748/projects/balloon_radar_project/data/raw/detection_dataset/train/Background_IQ/IQ_Data/20260204_100845_beam1_az064.mat,0.442997932434082,0.2354122102260589,0.7771666646003723,1.2210956811904907,False,False,False,0.7783462,0.7783462,0.0,True,True,False,0.7783462,0.7642799,0.07976573,True,True,False,0.7783462,0.57868713,0.93866825,True,True,False,0.20758572220802307,0.014066299999999976,0.19965906999999994,False,True,False,False,False,True,False,False
4,test,20260204_100845_beam1_az073,20260204_100845,0,/home/tobeornot8259748/projects/balloon_radar_project/data/raw/detection_dataset/train/Background_IQ/IQ_Data/20260204_100845_beam1_az073.mat,0.4322431087493896,0.2290355861186981,0.7774037718772888,1.2105162143707275,False,False,False,0.47846025,0.47846025,0.0,True,True,False,0.47846025,0.3645488,0.46946257,True,True,False,0.47846025,0.23358096,1.101988,True,True,False,0.2032075226306915,0.11391144999999997,0.24487928999999997,False,True,False,False,False,True,False,False
4,test,20260204_100845_beam1_az082,20260204_100845,0,/home/tobeornot8259748/projects/balloon_radar_project/data/raw/detection_dataset/train/Background_IQ/IQ_Data/20260204_100845_beam1_az082.mat,0.6150878667831421,0.1938263028860092,0.7766090035438538,2.4389195442199707,False,False,False,0.68323684,0.68323684,0.0,True,True,False,0.68323684,0.6520849,0.14047113,True,True,False,0.68323684,0.17087615,2.3481178,True,True,False,0.4212615638971329,0.03115193999999999,0.51236069,False,True,False,False,False,True,False,False
4,test,20260204_100845_beam1_az091,20260204_100845,0,/home/tobeornot8259748/projects/balloon_radar_project/data/raw/detection_dataset/train/Background_IQ/IQ_Data/20260204_100845_beam1_az091.mat,0.9860442876815796,0.9174848198890686,0.70136559009552,2.636512279510498,True,True,False,0.8133992,0.8133992,0.0,True,True,False,0.8133992,0.806809,0.042842742,True,True,False,0.8133992,0.76131123,0.3123685,True,True,False,0.06855946779251099,0.0065901999999999905,0.05208796999999998,False,False,False,False,False,False,False,False
4,test,20260204_100845_beam1_az100,20260204_100845,0,/home/tobeornot8259748/projects/balloon_radar_project/data/raw/detection_dataset/train/Background_IQ/IQ_Data/20260204_100845_beam1_az100.mat,0.3975875079631805,0.2331737875938415,0.7777668833732605,0.996376633644104,False,False,False,0.6754626,0.6754626,0.0,True,True,False,0.6754626,0.6392648,0.16082236,True,True,False,0.6754626,0.42974016,1.0159084,True,True,False,0.164413720369339,0.03619780000000006,0.24572244000000004,False,True,False,False,False,True,False,False
4,test,20260204_100845_beam1_az109,20260204_100845,0,/home/tobeornot8259748/projects/balloon_radar_project/data/raw/detection_dataset/train/Background_IQ/IQ_Data/20260204_100845_beam1_az109.mat,0.3695425987243652,0.2163338512182235,0.7774873375892639,0.9684797525405884,False,False,False,0.39749056,0.39749056,0.0,True,True,False,0.39749056,0.24231578,0.7240927,True,True,False,0.39749056,0.21569544,0.87499785,True,True,False,0.1532087475061417,0.15517477999999998,0.18179512,False,True,False,False,False,True,False,False
4,test,20260204_100845_beam1_az118,20260204_100845,0,/home/tobeornot8259748/projects/balloon_radar_project/data/raw/detection_dataset/train/Background_IQ/IQ_Data/20260204_100845_beam1_az118.mat,0.2594501972198486,0.2107566744089126,0.7768843770027161,0.3495273888111114,False,False,False,0.2782986,0.2782986,0.0,True,True,False,0.2782986,0.10343826,1.2066752,False,False,False,0.2782986,0.015944198,3.1696708,False,False,False,0.048693522810935974,0.17486034,0.262354402,False,False,False,False,False,False,False,False
4,test,20260204_100845_beam1_az127,20260204_100845,0,/home/tobeornot8259748/projects/balloon_radar_project/data/raw/detection_dataset/train/Background_IQ/IQ_Data/20260204_100845_beam1_az127.mat,0.2969599664211273,0.2220247238874435,0.7774948477745056,0.5042985677719116,False,False,False,0.5681278,0.5681278,0.0,True,True,False,0.5681278,0.49491528,0.29455647,True,True,False,0.5681278,0.044331856,3.3449237,False,False,False,0.07493524253368383,0.07321251999999995,0.523795944,False,True,False,False,False,False,False,False
4,test,20260204_100845_beam1_az136,20260204_100845,0,/home/tobeornot8259748/projects/balloon_radar_project/data/raw/detection_dataset/train/Background_IQ/IQ_Data/20260204_100845_beam1_az136.mat,0.237399086356163,0.1972457617521286,0.777437686920166,0.3043407797813415,False,False,False,0.8050802,0.8050802,0.0,True,True,False,0.8050802,0.7966498,0.052867666,True,True,False,0.8050802,0.7639549,0.24386793,True,True,False,0.040153324604034396,0.00843040000000006,0.04112530000000003,False,True,False,False,False,True,False,False
4,test,20260204_100845_beam1_az145,20260204_100845,0,/home/tobeornot8259748/projects/balloon_radar_project/data/raw/detection_dataset/train/Background_IQ/IQ_Data/20260204_100845_beam1_az145.mat,0.3634209036827087,0.2475864142179489,0.777165949344635,0.7089601159095764,False,False,False,0.7444674,0.7444674,0.0,True,True,False,0.7444674,0.72607756,0.09450697,True,True,False,0.7444674,0.59253365,0.69486976,True,True,False,0.11583448946475977,0.01838983999999999,0.15193374999999998,False,True,False,False,False,True,False,False
4,test,20260204_100845_beam1_az154,20260204_100845,0,/home/tobeornot8259748/projects/balloon_radar_project/data/raw/detection_dataset/test/Background_IQ/IQ_Data/20260204_100845_beam1_az154.mat,0.2397051155567169,0.1967190951108932,0.7774224877357483,0.3249594867229461,False,False,False,0.6982621,0.6982621,0.0,True,True,False,0.6982621,0.6673793,0.14267981,True,True,False,0.6982621,0.41513258,1.1818231,True,True,False,0.0429860204458237,0.030882799999999988,0.28312952,False,True,False,False,False,True,False,False
4,test,20260204_100845_beam1_az163,20260204_100845,0,/home/tobeornot8259748/projects/balloon_radar_project/data/raw/detection_dataset/val/Background_IQ/IQ_Data/20260204_100845_beam1_az163.mat,0.1137763857841491,0.1022807285189628,0.7757867574691772,0.1539103537797927,False,False,False,0.68558395,0.68558395,0.0,True,True,False,0.68558395,0.65248704,0.14956464,True,True,False,0.68558395,0.26117396,1.8194298,True,True,False,0.011495657265186296,0.033096910000000035,0.42440999000000007,False,True,False,False,False,True,False,False
4,test,20260204_100845_beam1_az172,20260204_100845,0,/home/tobeornot8259748/projects/balloon_radar_project/data/raw/detection_dataset/train/Background_IQ/IQ_Data/20260204_100845_beam1_az172.mat,0.2716379463672638,0.218017429113388,0.7775196433067322,0.3741762340068817,False,False,False,0.7884933,0.7884933,0.0,True,True,False,0.7884933,0.7783988,0.059507225,True,True,False,0.7884933,0.7412424,0.26343086,True,True,False,0.05362051725387579,0.010094500000000006,0.047250899999999985,False,True,False,False,False,True,False,False
4,test,20260204_100845_beam1_az181,20260204_100845,0,/home/tobeornot8259748/projects/balloon_radar_project/data/raw/detection_dataset/train/Background_IQ/IQ_Data/20260204_100845_beam1_az181.mat,0.6727617979049683,0.2207604646682739,0.7757270932197571,2.554949283599853,False,False,False,0.8618049,0.8618049,0.0,True,True,False,0.8618049,0.85741913,0.03634489,True,True,False,0.8618049,0.81720465,0.33284044,True,True,False,0.45200133323669434,0.0043857699999999555,0.04460025000000001,False,True,False,False,False,True,False,False
4,test,20260204_100845_beam1_az190,20260204_100845,0,/home/tobeornot8259748/projects/balloon_radar_project/data/raw/detection_dataset/train/Background_IQ/IQ_Data/20260204_100845_beam1_az190.mat,0.5983121991157532,0.1920153945684433,0.7753744125366211,2.3671209812164307,False,False,False,0.7340772,0.7340772,0.0,True,True,False,0.7340772,0.7112919,0.11374159,True,True,False,0.7340772,0.49237254,1.0459205,True,True,False,0.4062968045473099,0.02278530000000001,0.24170465999999996,False,True,False,False,False,True,False,False
4,test,20260204_100845_beam1_az199,20260204_100845,0,/home/tobeornot8259748/projects/balloon_radar_project/data/raw/detection_dataset/train/Background_IQ/IQ_Data/20260204_100845_beam1_az199.mat,0.5428633093833923,0.1882800310850143,0.776879608631134,2.1021275520324707,False,False,False,0.667735,0.667735,0.0,True,True,False,0.667735,0.6314196,0.1596464,True,True,False,0.667735,0.37234715,1.220119,True,True,False,0.35458327829837805,0.0363154,0.29538784999999995,False,True,False,False,False,True,False,False
4,test,20260204_100845_beam1_az208,20260204_100845,0,/home/tobeornot8259748/projects/balloon_radar_project/data/raw/detection_dataset/test/Background_IQ/IQ_Data/20260204_100845_beam1_az208.mat,0.2323101460933685,0.1916870176792144,0.7771878242492676,0.3136602640151977,False,False,False,0.84005636,0.84005636,0.0,True,True,False,0.84005636,0.83468515,0.039445423,True,True,False,0.84005636,0.77092123,0.44512737,True,True,False,0.04062312841415411,0.00537120999999996,0.06913512999999993,False,True,False,False,False,True,False,False
4,test,20260204_100845_beam1_az217,20260204_100845,0,/home/tobeornot8259748/projects/balloon_radar_project/data/raw/detection_dataset/train/Background_IQ/IQ_Data/20260204_100845_beam1_az217.mat,0.7680380344390869,0.3000881671905517,0.7753901481628418,2.636277675628662,True,True,False,0.76829195,0.76829195,0.0,True,True,False,0.76829195,0.75638056,0.06575437,True,True,False,0.76829195,0.64344156,0.60835856,True,True,False,0.4679498672485352,0.011911389999999966,0.12485038999999998,False,False,False,False,False,False,False,False
4,test,20260204_100845_beam1_az226,20260204_100845,0,/home/tobeornot8259748/projects/balloon_radar_project/data/raw/detection_dataset/train/Background_IQ/IQ_Data/20260204_100845_beam1_az226.mat,0.1389284133911132,0.1236661449074745,0.7763586044311523,0.1725270450115203,False,False,False,0.42072067,0.42072067,0.0,True,True,False,0.42072067,0.281787,0.6157989,True,True,False,0.42072067,0.12501848,1.6259254,False,False,False,0.015262268483638694,0.13893367,0.29570219000000003,False,True,False,False,False,False,False,False
4,test,20260204_100845_beam1_az235,20260204_100845,0,/home/tobeornot8259748/projects/balloon_radar_project/data/raw/detection_dataset/val/Background_IQ/IQ_Data/20260204_100845_beam1_az235.mat,0.3253061771392822,0.2152310162782669,0.7772420048713684,0.7258813381195068,False,False,False,0.7445499,0.7445499,0.0,True,True,False,0.7445499,0.7237824,0.10645058,True,True,False,0.7445499,0.39793494,1.4838296,True,True,False,0.11007516086101532,0.02076749999999994,0.34661495999999997,False,True,False,False,False,True,False,False
4,test,20260204_100845_beam1_az244,20260204_100845,0,/home/tobeornot8259748/projects/balloon_radar_project/data/raw/detection_dataset/train/Background_IQ/IQ_Data/20260204_100845_beam1_az244.mat,0.1080006584525108,0.097050167620182,0.7722382545471191,0.1542410254478454,False,False,False,0.23958018,0.23958018,0.0,True,True,False,0.23958018,0.076044016,1.3423698,False,False,False,0.23958018,0.037316762,2.0952995,False,False,False,0.01095049083232881,0.16353616399999998,0.202263418,False,False,False,False,False,False,False,False
4,test,20260204_100845_beam1_az253,20260204_100845,0,/home/tobeornot8259748/projects/balloon_radar_project/data/raw/detection_dataset/train/Background_IQ/IQ_Data/20260204_100845_beam1_az253.mat,0.1153614073991775,0.1039344817399978,0.7763156294822693,0.1508965343236923,False,False,False,0.36260578,0.36260578,0.0,True,True,False,0.36260578,0.1706355,1.017058,True,True,False,0.36260578,0.028137479,2.97804,False,False,False,0.011426925659179701,0.19197028,0.33446830099999997,False,True,False,False,False,False,False,False
4,test,20260204_100845_beam1_az262,20260204_100845,0,/home/tobeornot8259748/projects/balloon_radar_project/data/raw/detection_dataset/train/Background_IQ/IQ_Data/20260204_100845_beam1_az262.mat,0.1181813925504684,0.1062722131609916,0.7747809886932373,0.154407188296318,False,False,False,0.4129447,0.4129447,0.0,True,True,False,0.4129447,0.26316935,0.677755,True,True,False,0.4129447,0.14645678,1.4108604,True,True,False,0.011909179389476804,0.14977534999999997,0.26648792,False,True,False,False,False,True,False,False
4,test,20260204_100845_beam2_az001,20260204_100845,0,/home/tobeornot8259748/projects/balloon_radar_project/data/raw/detection_dataset/test/Background_IQ/IQ_Data/20260204_100845_beam2_az001.mat,0.355663001537323,0.2393733710050583,0.7767576575279236,0.7233657240867615,False,False,False,0.13553095,0.13553095,0.0,False,False,False,0.13553095,0.014008605,2.4010603,False,False,False,0.13553095,0.001266103,4.8176293,False,False,False,0.11628963053226471,0.121522345,0.13426484700000002,False,False,False,False,False,False,False,False
4,test,20260204_100845_beam2_az010,20260204_100845,0,/home/tobeornot8259748/projects/balloon_radar_project/data/raw/detection_dataset/train/Background_IQ/IQ_Data/20260204_100845_beam2_az010.mat,0.1940621435642242,0.1668934077024459,0.7769562005996704,0.236793577671051,False,False,False,0.5985368,0.5985368,0.0,True,True,False,0.5985368,0.5671732,0.12904523,True,True,False,0.5985368,0.3606721,0.97182053,True,True,False,0.027168735861778287,0.031363599999999936,0.23786469999999998,False,True,False,False,False,True,False,False
4,test,20260204_100845_beam2_az019,20260204_100845,0,/home/tobeornot8259748/projects/balloon_radar_project/data/raw/detection_dataset/train/Background_IQ/IQ_Data/20260204_100845_beam2_az019.mat,0.3542096316814422,0.2170386463403701,0.7775192260742188,0.8776912689208984,False,False,False,0.8387729,0.8387729,0.0,True,True,False,0.8387729,0.83381754,0.036197957,True,True,False,0.8387729,0.75761986,0.5094516,True,True,False,0.1371709853410721,0.004955360000000075,0.08115304000000001,False,True,False,False,False,True,False,False
4,test,20260204_100845_beam2_az028,20260204_100845,0,/home/tobeornot8259748/projects/balloon_radar_project/data/raw/detection_dataset/val/Background_IQ/IQ_Data/20260204_100845_beam2_az028.mat,0.3575675189495086,0.2423414885997772,0.7773089408874512,0.7126477956771851,False,False,False,0.527063,0.527063,0.0,True,True,False,0.527063,0.4429232,0.33766475,True,True,False,0.527063,0.107918456,2.2205396,False,False,False,0.11522603034973142,0.08413979999999993,0.41914454399999995,False,True,False,False,False,False,False,False
4,test,20260204_100845_beam2_az037,20260204_100845,0,/home/tobeornot8259748/projects/balloon_radar_project/data/raw/detection_dataset/train/Background_IQ/IQ_Data/20260204_100845_beam2_az037.mat,0.1874299645423889,0.1601601839065551,0.7764883041381836,0.2450003921985626,False,False,False,0.8672334,0.8672334,0.0,True,True,False,0.8672334,0.8638564,0.029019292,True,True,False,0.8672334,0.8547494,0.10436795,True,True,False,0.027269780635833796,0.0033770000000000744,0.01248400000000005,False,True,False,False,False,True,False,False
4,test,20260204_100845_beam2_az046,20260204_100845,0,/home/tobeornot8259748/projects/balloon_radar_project/data/raw/detection_dataset/train/Background_IQ/IQ_Data/20260204_100845_beam2_az046.mat,0.3677242696285248,0.2407042384147644,0.7774876356124878,0.7805014848709106,False,False,False,0.4946014,0.4946014,0.0,True,True,False,0.4946014,0.3907752,0.4224595,True,True,False,0.4946014,0.10001873,2.1754212,False,False,False,0.12702003121376038,0.10382620000000004,0.39458267,False,True,False,False,False,False,False,False
4,test,20260204_100845_beam2_az055,20260204_100845,0,/home/tobeornot8259748/projects/balloon_radar_project/data/raw/detection_dataset/train/Background_IQ/IQ_Data/20260204_100845_beam2_az055.mat,0.7866228222846985,0.3218858540058136,0.7757714986801147,2.6422808170318604,True,True,False,0.55966717,0.55966717,0.0,True,True,False,0.55966717,0.47685173,0.33247066,True,True,False,0.55966717,0.24854045,1.346223,True,True,False,0.4647369682788849,0.08281544000000002,0.31112671999999997,False,False,False,False,False,False,False,False
4,test,20260204_100845_beam2_az064,20260204_100845,0,/home/tobeornot8259748/projects/balloon_radar_project/data/raw/detection_dataset/train/Background_IQ/IQ_Data/20260204_100845_beam2_az064.mat,0.5500636100769043,0.1829224526882171,0.7768506407737732,2.185232639312744,False,False,False,0.74120784,0.74120784,0.0,True,True,False,0.74120784,0.7237458,0.08913689,True,True,False,0.74120784,0.6503395,0.43172404,True,True,False,0.3671411573886872,0.017462039999999956,0.09086833999999999,False,True,False,False,False,True,False,False
4,test,20260204_100845_beam2_az073,20260204_100845,0,/home/tobeornot8259748/projects/balloon_radar_project/data/raw/detection_dataset/val/Background_IQ/IQ_Data/20260204_100845_beam2_az073.mat,0.755636990070343,0.2852909564971924,0.7766964435577393,2.6358718872070312,True,True,False,0.46650714,0.46650714,0.0,True,True,False,0.46650714,0.3549439,0.46320504,True,True,False,0.46650714,0.030329585,3.33066,False,False,False,0.47034603357315063,0.11156324000000001,0.436177555,False,False,False,False,True,False,False,False
4,test,20260204_100845_beam2_az082,20260204_100845,0,/home/tobeornot8259748/projects/balloon_radar_project/data/raw/detection_dataset/train/Background_IQ/IQ_Data/20260204_100845_beam2_az082.mat,0.4679395258426666,0.2488417327404022,0.7748658657073975,1.2600648403167725,False,False,False,0.78608894,0.78608894,0.0,True,True,False,0.78608894,0.77597344,0.05915581,True,True,False,0.78608894,0.68906415,0.50576174,True,True,False,0.21909779310226443,0.010115499999999944,0.09702478999999997,False,True,False,False,False,True,False,False
4,test,20260204_100845_beam2_az091,20260204_100845,0,/home/tobeornot8259748/projects/balloon_radar_project/data/raw/detection_dataset/train/Background_IQ/IQ_Data/20260204_100845_beam2_az091.mat,0.6302298903465271,0.1967907696962356,0.7774175405502319,2.4950263500213623,False,False,False,0.44783995,0.44783995,0.0,True,True,False,0.44783995,0.32816836,0.50707906,True,True,False,0.44783995,0.06977741,2.3807116,False,False,False,0.4334391206502915,0.11967159,0.37806254,False,True,False,False,False,False,False,False
4,test,20260204_100845_beam2_az100,20260204_100845,0,/home/tobeornot8259748/projects/balloon_radar_project/data/raw/detection_dataset/train/Background_IQ/IQ_Data/20260204_100845_beam2_az100.mat,0.3008482754230499,0.2260941863059997,0.776860773563385,0.49846351146698,False,False,False,0.666788,0.666788,0.0,True,True,False,0.666788,0.6276717,0.17145163,True,True,False,0.666788,0.4362159,0.950227,True,True,False,0.07475408911705023,0.03911629999999999,0.23057210000000006,False,True,False,False,False,True,False,False
4,test,20260204_100845_beam2_az109,20260204_100845,0,/home/tobeornot8259748/projects/balloon_radar_project/data/raw/detection_dataset/train/Background_IQ/IQ_Data/20260204_100845_beam2_az109.mat,0.2912831604480743,0.215892493724823,0.7773241400718689,0.5153647661209106,False,False,False,0.3314432,0.3314432,0.0,True,True,False,0.3314432,0.16255467,0.9376767,True,True,False,0.3314432,0.029753707,2.7829313,False,False,False,0.07539066672325129,0.16888852999999998,0.301689493,False,True,False,False,False,False,False,False
4,test,20260204_100845_beam2_az118,20260204_100845,0,/home/tobeornot8259748/projects/balloon_radar_project/data/raw/detection_dataset/train/Background_IQ/IQ_Data/20260204_100845_beam2_az118.mat,0.3330692052841186,0.2392579019069671,0.7775115370750427,0.5947389602661133,False,False,False,0.5414482,0.5414482,0.0,True,True,False,0.5414482,0.45851314,0.332504,True,True,False,0.5414482,0.15182385,1.8865416,True,True,False,0.09381130337715149,0.08293506000000006,0.38962435000000006,False,True,False,False,False,True,False,False
4,test,20260204_100845_beam2_az127,20260204_100845,0,/home/tobeornot8259748/projects/balloon_radar_project/data/raw/detection_dataset/val/Background_IQ/IQ_Data/20260204_100845_beam2_az127.mat,0.6307986974716187,0.198270171880722,0.777287483215332,2.48657751083374,False,False,False,0.3625914,0.3625914,0.0,True,True,False,0.3625914,0.20269038,0.8054291,True,True,False,0.3625914,0.07275036,1.9810545,False,False,False,0.43252852559089666,0.15990102,0.28984104,False,True,False,False,False,False,False,False
4,test,20260204_100845_beam2_az136,20260204_100845,0,/home/tobeornot8259748/projects/balloon_radar_project/data/raw/detection_dataset/train/Background_IQ/IQ_Data/20260204_100845_beam2_az136.mat,0.1645164638757705,0.144477441906929,0.7766429781913757,0.1977600455284118,False,False,False,0.7900509,0.7900509,0.0,True,True,False,0.7900509,0.77957433,0.06204464,True,True,False,0.7900509,0.69648784,0.4946035,True,True,False,0.020039021968841525,0.010476570000000018,0.09356306000000003,False,True,False,False,False,True,False,False
4,test,20260204_100845_beam2_az145,20260204_100845,0,/home/tobeornot8259748/projects/balloon_radar_project/data/raw/detection_dataset/train/Background_IQ/IQ_Data/20260204_100845_beam2_az145.mat,0.4300276637077331,0.2331529408693313,0.7773247957229614,1.16920804977417,False,False,False,0.65032345,0.65032345,0.0,True,True,False,0.65032345,0.6049049,0.19451673,True,True,False,0.65032345,0.36297745,1.1829257,True,True,False,0.1968747228384018,0.04541855000000006,0.28734600000000005,False,True,False,False,False,True,False,False
4,test,20260204_100845_beam2_az154,20260204_100845,0,/home/tobeornot8259748/projects/balloon_radar_project/data/raw/detection_dataset/val/Background_IQ/IQ_Data/20260204_100845_beam2_az154.mat,0.2821961939334869,0.218299925327301,0.7775624990463257,0.4398457109928131,False,False,False,0.82021886,0.82021886,0.0,True,True,False,0.82021886,0.8125479,0.05117948,True,True,False,0.82021886,0.72799957,0.53333414,True,True,False,0.06389626860618589,0.0076709600000000044,0.09221928999999995,False,True,False,False,False,True,False,False
4,test,20260204_100845_beam2_az163,20260204_100845,0,/home/tobeornot8259748/projects/balloon_radar_project/data/raw/detection_dataset/train/Background_IQ/IQ_Data/20260204_100845_beam2_az163.mat,0.16667540371418,0.1435473263263702,0.776886522769928,0.2275226414203643,False,False,False,0.6970612,0.6970612,0.0,True,True,False,0.6970612,0.6663641,0.14155675,True,True,False,0.6970612,0.19199428,2.2704458,True,True,False,0.02312807738780978,0.030697100000000033,0.5050669200000001,False,True,False,False,False,True,False,False
4,test,20260204_100845_beam2_az172,20260204_100845,0,/home/tobeornot8259748/projects/balloon_radar_project/data/raw/detection_dataset/test/Background_IQ/IQ_Data/20260204_100845_beam2_az172.mat,0.2372223138809204,0.1877660006284713,0.7766687273979187,0.3819173276424408,False,False,False,0.8720065,0.8720065,0.0,True,True,False,0.8720065,0.8690978,0.02581104,True,True,False,0.8720065,0.82627285,0.35937795,True,True,False,0.04945631325244912,0.0029086999999999863,0.04573365000000007,False,True,False,False,False,True,False,False
4,test,20260204_100845_beam2_az181,20260204_100845,0,/home/tobeornot8259748/projects/balloon_radar_project/data/raw/detection_dataset/val/Background_IQ/IQ_Data/20260204_100845_beam2_az181.mat,0.793105959892273,0.3309037983417511,0.7757748365402222,2.6397480964660645,True,True,False,0.7845103,0.7845103,0.0,True,True,False,0.7845103,0.7720422,0.07226778,True,True,False,0.7845103,0.69734025,0.45748246,True,True,False,0.46220216155052185,0.012468099999999982,0.08717005,False,False,False,False,False,False,False,False
4,test,20260204_100845_beam2_az190,20260204_100845,0,/home/tobeornot8259748/projects/balloon_radar_project/data/raw/detection_dataset/train/Background_IQ/IQ_Data/20260204_100845_beam2_az190.mat,0.8286617398262024,0.3850801587104797,0.7740893959999084,2.640796184539795,True,True,False,0.72505856,0.72505856,0.0,True,True,False,0.72505856,0.7014703,0.11538522,True,True,False,0.72505856,0.25653797,2.0337355,True,True,False,0.4435815811157227,0.023588260000000028,0.46852059,False,False,False,False,False,False,False,False
4,test,20260204_100845_beam2_az199,20260204_100845,0,/home/tobeornot8259748/projects/balloon_radar_project/data/raw/detection_dataset/train/Background_IQ/IQ_Data/20260204_100845_beam2_az199.mat,0.4388452768325805,0.2249231487512588,0.7773928642272949,1.2752288579940796,False,False,False,0.46225336,0.46225336,0.0,True,True,False,0.46225336,0.341769,0.50414664,True,True,False,0.46225336,0.19405878,1.2725755,True,True,False,0.21392212808132172,0.12048436000000001,0.26819458,False,True,False,False,False,True,False,False
4,test,20260204_100845_beam2_az208,20260204_100845,0,/home/tobeornot8259748/projects/balloon_radar_project/data/raw/detection_dataset/train/Background_IQ/IQ_Data/20260204_100845_beam2_az208.mat,0.188323974609375,0.1620302051305771,0.7770376801490784,0.2345598340034485,False,False,False,0.8888001,0.8888001,0.0,True,True,False,0.8888001,0.88664234,0.021649627,True,True,False,0.8888001,0.879624,0.08966896,True,True,False,0.026293769478797913,0.0021577600000000086,0.00917610000000002,False,True,False,False,False,True,False,False
4,test,20260204_100845_beam2_az217,20260204_100845,0,/home/tobeornot8259748/projects/balloon_radar_project/data/raw/detection_dataset/test/Background_IQ/IQ_Data/20260204_100845_beam2_az217.mat,0.2344066649675369,0.1948554515838623,0.7771427035331726,0.3026087284088135,False,False,False,0.32901564,0.32901564,0.0,True,True,False,0.32901564,0.1519907,1.0064318,True,True,False,0.32901564,0.16419101,0.9147292,True,True,False,0.039551213383674594,0.17702494,0.16482463,False,True,False,False,False,True,False,False
4,test,20260204_100845_beam2_az226,20260204_100845,0,/home/tobeornot8259748/projects/balloon_radar_project/data/raw/detection_dataset/train/Background_IQ/IQ_Data/20260204_100845_beam2_az226.mat,0.1133830994367599,0.1017275154590606,0.7758064866065979,0.1566565632820129,False,False,False,0.34210768,0.34210768,0.0,True,True,False,0.34210768,0.17812774,0.8751685,True,True,False,0.34210768,0.046131846,2.3751063,False,False,False,0.011655583977699294,0.16397994000000002,0.29597583400000005,False,True,False,False,False,False,False,False
4,test,20260204_100845_beam2_az235,20260204_100845,0,/home/tobeornot8259748/projects/balloon_radar_project/data/raw/detection_dataset/train/Background_IQ/IQ_Data/20260204_100845_beam2_az235.mat,0.8985886573791504,0.5320008397102356,0.7757973074913025,2.6469051837921143,True,True,False,0.93846613,0.93846613,0.0,True,True,False,0.93846613,0.93798906,0.008230979,True,True,False,0.93846613,0.9359569,0.04264771,True,True,False,0.3665878176689148,0.00047706999999996835,0.002509230000000029,False,False,False,False,False,False,False,False
4,test,20260204_100845_beam2_az244,20260204_100845,0,/home/tobeornot8259748/projects/balloon_radar_project/data/raw/detection_dataset/train/Background_IQ/IQ_Data/20260204_100845_beam2_az244.mat,0.0547015108168125,0.0503460057079792,0.7713382840156555,0.1135285347700119,False,False,False,0.11178148,0.11178148,0.0,False,False,False,0.11178148,0.016585173,2.00985,False,False,False,0.11178148,0.027776288,1.4827315,False,False,False,0.004355505108833299,0.09519630700000001,0.084005192,False,False,False,False,False,False,False,False
4,test,20260204_100845_beam2_az253,20260204_100845,0,/home/tobeornot8259748/projects/balloon_radar_project/data/raw/detection_dataset/test/Background_IQ/IQ_Data/20260204_100845_beam2_az253.mat,0.1470645070075988,0.1296954900026321,0.7764565348625183,0.1878293305635452,False,False,False,0.48816466,0.48816466,0.0,True,True,False,0.48816466,0.38610128,0.41637993,True,True,False,0.48816466,0.18605389,1.4285076,True,True,False,0.01736901700496668,0.10206337999999998,0.30211077,False,True,False,False,False,True,False,False
4,test,20260204_100845_beam2_az262,20260204_100845,0,/home/tobeornot8259748/projects/balloon_radar_project/data/raw/detection_dataset/train/Background_IQ/IQ_Data/20260204_100845_beam2_az262.mat,0.0482263416051864,0.0444898828864097,0.7719706296920776,0.1095399409532547,False,False,False,0.27969605,0.27969605,0.0,True,True,False,0.27969605,0.0958564,1.2981672,False,False,False,0.27969605,0.015892575,3.1799133,False,False,False,0.003736458718776703,0.18383964999999997,0.26380347499999995,False,False,False,False,False,False,False,False
4,test,20260204_100845_beam3_az001,20260204_100845,0,/home/tobeornot8259748/projects/balloon_radar_project/data/raw/detection_dataset/train/Background_IQ/IQ_Data/20260204_100845_beam3_az001.mat,0.225757822394371,0.1892165094614029,0.7767724990844727,0.2866828739643097,False,False,False,0.36718172,0.36718172,0.0,True,True,False,0.36718172,0.2131053,0.7619816,True,True,False,0.36718172,0.009549675,4.0973263,False,False,False,0.03654131293296811,0.15407642,0.357632045,False,True,False,False,False,False,False,False
4,test,20260204_100845_beam3_az010,20260204_100845,0,/home/tobeornot8259748/projects/balloon_radar_project/data/raw/detection_dataset/train/Background_IQ/IQ_Data/20260204_100845_beam3_az010.mat,0.1179780066013336,0.1060249954462051,0.7759145498275757,0.1550222337245941,False,False,False,0.56412745,0.56412745,0.0,True,True,False,0.56412745,0.49324906,0.2849356,True,True,False,0.56412745,0.16924943,1.8488864,True,True,False,0.011953011155128507,0.07087838999999996,0.39487801999999994,False,True,False,False,False,True,False,False
4,test,20260204_100845_beam3_az019,20260204_100845,0,/home/tobeornot8259748/projects/balloon_radar_project/data/raw/detection_dataset/train/Background_IQ/IQ_Data/20260204_100845_beam3_az019.mat,0.2483518421649933,0.2001859694719314,0.7768465280532837,0.3574844300746918,False,False,False,0.51609814,0.51609814,0.0,True,True,False,0.51609814,0.42669553,0.35976106,True,True,False,0.51609814,0.12158663,2.0419052,False,False,False,0.048165872693061884,0.08940261,0.39451150999999995,False,True,False,False,False,False,False,False
4,test,20260204_100845_beam3_az028,20260204_100845,0,/home/tobeornot8259748/projects/balloon_radar_project/data/raw/detection_dataset/val/Background_IQ/IQ_Data/20260204_100845_beam3_az028.mat,0.4323629736900329,0.2349877506494522,0.7770180702209473,1.1687524318695068,False,False,False,0.6982776,0.6982776,0.0,True,True,False,0.6982776,0.67226166,0.12067756,True,True,False,0.6982776,0.41646492,1.1764119,True,True,False,0.1973752230405807,0.02601594000000007,0.28181268000000004,False,True,False,False,False,True,False,False
4,test,20260204_100845_beam3_az037,20260204_100845,0,/home/tobeornot8259748/projects/balloon_radar_project/data/raw/detection_dataset/test/Background_IQ/IQ_Data/20260204_100845_beam3_az037.mat,0.2970619201660156,0.2276212573051452,0.7769575119018555,0.4639426469802856,False,False,False,0.78607666,0.78607666,0.0,True,True,False,0.78607666,0.7753958,0.06240243,True,True,False,0.78607666,0.5737887,1.0041105,True,True,False,0.06944066286087042,0.010680860000000014,0.21228795999999994,False,True,False,False,False,True,False,False
4,test,20260204_100845_beam3_az046,20260204_100845,0,/home/tobeornot8259748/projects/balloon_radar_project/data/raw/detection_dataset/train/Background_IQ/IQ_Data/20260204_100845_beam3_az046.mat,0.658307671546936,0.2079514861106872,0.7763058543205261,2.567389488220215,False,False,False,0.55012,0.55012,0.0,True,True,False,0.55012,0.4667772,0.33424297,True,True,False,0.55012,0.17779002,1.7325481,True,True,False,0.45035618543624883,0.08334280000000005,0.37232998000000006,False,True,False,False,False,True,False,False
4,test,20260204_100845_beam3_az055,20260204_100845,0,/home/tobeornot8259748/projects/balloon_radar_project/data/raw/detection_dataset/train/Background_IQ/IQ_Data/20260204_100845_beam3_az055.mat,0.3022880852222442,0.2243191450834274,0.7774658799171448,0.5199528932571411,False,False,False,0.5581169,0.5581169,0.0,True,True,False,0.5581169,0.47928548,0.31642854,True,True,False,0.5581169,0.15026307,1.9660623,True,True,False,0.0779689401388168,0.07883142000000004,0.40785383000000003,False,True,False,False,False,True,False,False
4,test,20260204_100845_beam3_az064,20260204_100845,0,/home/tobeornot8259748/projects/balloon_radar_project/data/raw/detection_dataset/train/Background_IQ/IQ_Data/20260204_100845_beam3_az064.mat,0.3188031911849975,0.2293961942195892,0.777380645275116,0.5820141434669495,False,False,False,0.7822246,0.7822246,0.0,True,True,False,0.7822246,0.77027166,0.068831906,True,True,False,0.7822246,0.64415586,0.6852297,True,True,False,0.0894069969654083,0.011952940000000023,0.13806874000000002,False,True,False,False,False,True,False,False
4,test,20260204_100845_beam3_az073,20260204_100845,0,/home/tobeornot8259748/projects/balloon_radar_project/data/raw/detection_dataset/train/Background_IQ/IQ_Data/20260204_100845_beam3_az073.mat,0.378229409456253,0.2224009931087494,0.7775223255157471,0.9705943465232848,False,False,False,0.42484087,0.42484087,0.0,True,True,False,0.42484087,0.29045185,0.5902584,True,True,False,0.42484087,0.0352823,3.005522,False,False,False,0.1558284163475036,0.13438901999999997,0.38955857,False,True,False,False,False,False,False,False
4,test,20260204_100845_beam3_az082,20260204_100845,0,/home/tobeornot8259748/projects/balloon_radar_project/data/raw/detection_dataset/val/Background_IQ/IQ_Data/20260204_100845_beam3_az082.mat,0.488893449306488,0.215641364455223,0.7763447165489197,1.6060084104537964,False,False,False,0.810618,0.810618,0.0,True,True,False,0.810618,0.80318725,0.047695786,True,True,False,0.810618,0.75136584,0.34812096,True,True,False,0.27325208485126495,0.0074307499999999305,0.05925216,False,True,False,False,False,True,False,False
4,test,20260204_100845_beam3_az091,20260204_100845,0,/home/tobeornot8259748/projects/balloon_radar_project/data/raw/detection_dataset/train/Background_IQ/IQ_Data/20260204_100845_beam3_az091.mat,0.4455597102642059,0.2275165468454361,0.7768159508705139,1.2921459674835205,False,False,False,0.47098303,0.47098303,0.0,True,True,False,0.47098303,0.3606345,0.4564129,True,True,False,0.47098303,0.027844468,3.436683,False,False,False,0.21804316341876978,0.11034853,0.443138562,False,True,False,False,False,False,False,False
4,test,20260204_100845_beam3_az100,20260204_100845,0,/home/tobeornot8259748/projects/balloon_radar_project/data/raw/detection_dataset/val/Background_IQ/IQ_Data/20260204_100845_beam3_az100.mat,0.1283065378665924,0.1147504150867462,0.7761990427970886,0.16373972594738,False,False,False,0.5540693,0.5540693,0.0,True,True,False,0.5540693,0.46626598,0.35226744,True,True,False,0.5540693,0.084027216,2.605972,False,False,False,0.013556122779846205,0.08780331999999996,0.47004208399999997,False,True,False,False,False,False,False,False
4,test,20260204_100845_beam3_az109,20260204_100845,0,/home/tobeornot8259748/projects/balloon_radar_project/data/raw/detection_dataset/train/Background_IQ/IQ_Data/20260204_100845_beam3_az109.mat,0.4615627825260162,0.2248455584049224,0.7770612835884094,1.394479274749756,False,False,False,0.45040008,0.45040008,0.0,True,True,False,0.45040008,0.3334941,0.4933694,True,True,False,0.45040008,0.040421795,2.9680703,False,False,False,0.23671722412109378,0.11690597999999996,0.409978285,False,True,False,False,False,False,False,False
4,test,20260204_100845_beam3_az118,20260204_100845,0,/home/tobeornot8259748/projects/balloon_radar_project/data/raw/detection_dataset/val/Background_IQ/IQ_Data/20260204_100845_beam3_az118.mat,0.2965523898601532,0.2292363792657852,0.7772983312606812,0.4488090872764587,False,False,False,0.6476492,0.6476492,0.0,True,True,False,0.6476492,0.6051281,0.18184337,True,True,False,0.6476492,0.45979407,0.7698939,True,True,False,0.06731601059436801,0.04252110000000009,0.18785513000000004,False,True,False,False,False,True,False,False
4,test,20260204_100845_beam3_az127,20260204_100845,0,/home/tobeornot8259748/projects/balloon_radar_project/data/raw/detection_dataset/train/Background_IQ/IQ_Data/20260204_100845_beam3_az127.mat,0.3470943570137024,0.2488673031330108,0.777034342288971,0.6085015535354614,False,False,False,0.2998651,0.2998651,0.0,True,True,False,0.2998651,0.12026969,1.1419382,False,False,False,0.2998651,0.00787008,3.9888456,False,False,False,0.09822705388069158,0.17959541,0.29199502,False,False,False,False,False,False,False,False
4,test,20260204_100845_beam3_az136,20260204_100845,0,/home/tobeornot8259748/projects/balloon_radar_project/data/raw/detection_dataset/train/Background_IQ/IQ_Data/20260204_100845_beam3_az136.mat,0.1068768799304962,0.0965354293584823,0.7763259410858154,0.1459182649850845,False,False,False,0.88069487,0.88069487,0.0,True,True,False,0.88069487,0.8781229,0.024253516,True,True,False,0.88069487,0.865992,0.13305041,True,True,False,0.010341450572013897,0.002571969999999979,0.014702870000000035,False,True,False,False,False,True,False,False
4,test,20260204_100845_beam3_az145,20260204_100845,0,/home/tobeornot8259748/projects/balloon_radar_project/data/raw/detection_dataset/train/Background_IQ/IQ_Data/20260204_100845_beam3_az145.mat,0.4662987291812897,0.203089639544487,0.7770079970359802,1.5856785774230957,False,False,False,0.7460942,0.7460942,0.0,True,True,False,0.7460942,0.7258247,0.10434757,True,True,False,0.7460942,0.61952555,0.5903534,True,True,False,0.2632090896368027,0.02026950000000005,0.12656865000000006,False,True,False,False,False,True,False,False
4,test,20260204_100845_beam3_az154,20260204_100845,0,/home/tobeornot8259748/projects/balloon_radar_project/data/raw/detection_dataset/val/Background_IQ/IQ_Data/20260204_100845_beam3_az154.mat,0.3446639776229858,0.2312916070222854,0.7775258421897888,0.7182453870773315,False,False,False,0.74820054,0.74820054,0.0,True,True,False,0.74820054,0.7286852,0.10107571,True,True,False,0.74820054,0.5044044,1.0714198,True,True,False,0.11337237060070038,0.019515339999999992,0.24379614000000005,False,True,False,False,False,True,False,False
4,test,20260204_100845_beam3_az163,20260204_100845,0,/home/tobeornot8259748/projects/balloon_radar_project/data/raw/detection_dataset/train/Background_IQ/IQ_Data/20260204_100845_beam3_az163.mat,0.2585131227970123,0.2090282291173935,0.7770227789878845,0.3565945625305176,False,False,False,0.66478163,0.66478163,0.0,True,True,False,0.66478163,0.62652546,0.1673368,True,True,False,0.66478163,0.20993154,2.0100145,True,True,False,0.04948489367961878,0.038256170000000034,0.45485009,False,True,False,False,False,True,False,False
4,test,20260204_100845_beam3_az172,20260204_100845,0,/home/tobeornot8259748/projects/balloon_radar_project/data/raw/detection_dataset/train/Background_IQ/IQ_Data/20260204_100845_beam3_az172.mat,0.2925952970981598,0.2267547845840454,0.7771836519241333,0.4425138831138611,False,False,False,0.88990355,0.88990355,0.0,True,True,False,0.88990355,0.88800937,0.01918893,True,True,False,0.88990355,0.8818091,0.08008112,True,True,False,0.06584051251411438,0.0018941799999999676,0.008094449999999975,False,True,False,False,False,True,False,False
4,test,20260204_100845_beam3_az181,20260204_100845,0,/home/tobeornot8259748/projects/balloon_radar_project/data/raw/detection_dataset/train/Background_IQ/IQ_Data/20260204_100845_beam3_az181.mat,0.2819984257221222,0.2251749634742736,0.7774300575256348,0.3874164223670959,False,False,False,0.75395185,0.75395185,0.0,True,True,False,0.75395185,0.73637253,0.09260214,True,True,False,0.75395185,0.5330381,0.9874564,True,True,False,0.056823462247848594,0.017579319999999954,0.22091375000000002,False,True,False,False,False,True,False,False
4,test,20260204_100845_beam3_az190,20260204_100845,0,/home/tobeornot8259748/projects/balloon_radar_project/data/raw/detection_dataset/train/Background_IQ/IQ_Data/20260204_100845_beam3_az190.mat,0.8187368512153625,0.3692846596240997,0.7739066481590271,2.639981746673584,True,True,False,0.64695996,0.64695996,0.0,True,True,False,0.64695996,0.60126966,0.19494474,True,True,False,0.64695996,0.099449866,2.809055,False,False,False,0.4494521915912629,0.04569029999999996,0.547510094,False,False,False,False,True,False,False,False
4,test,20260204_100845_beam3_az199,20260204_100845,0,/home/tobeornot8259748/projects/balloon_radar_project/data/raw/detection_dataset/val/Background_IQ/IQ_Data/20260204_100845_beam3_az199.mat,0.4489093720912933,0.2065743952989578,0.7766889929771423,1.4685684442520142,False,False,False,0.78745306,0.78745306,0.0,True,True,False,0.78745306,0.7768259,0.06237707,True,True,False,0.78745306,0.6902169,0.50850743,True,True,False,0.24233497679233548,0.01062716000000008,0.09723616000000002,False,True,False,False,False,True,False,False
4,test,20260204_100845_beam3_az208,20260204_100845,0,/home/tobeornot8259748/projects/balloon_radar_project/data/raw/detection_dataset/val/Background_IQ/IQ_Data/20260204_100845_beam3_az208.mat,0.2397051155567169,0.1971213370561599,0.776871383190155,0.321915864944458,False,False,False,0.84983057,0.84983057,0.0,True,True,False,0.84983057,0.8451134,0.036495823,True,True,False,0.84983057,0.8147972,0.25178483,True,True,False,0.042583778500557,0.004717169999999937,0.03503336999999995,False,True,False,False,False,True,False,False
4,test,20260204_100845_beam3_az217,20260204_100845,0,/home/tobeornot8259748/projects/balloon_radar_project/data/raw/detection_dataset/train/Background_IQ/IQ_Data/20260204_100845_beam3_az217.mat,0.3744474947452545,0.2301584184169769,0.7770431041717529,0.8934293985366821,False,False,False,0.25978187,0.25978187,0.0,True,True,False,0.25978187,0.07594952,1.4515952,False,False,False,0.25978187,0.01954409,2.868242,False,False,False,0.14428907632827762,0.18383235000000003,0.24023778,False,False,False,False,False,False,False,False
4,test,20260204_100845_beam3_az226,20260204_100845,0,/home/tobeornot8259748/projects/balloon_radar_project/data/raw/detection_dataset/test/Background_IQ/IQ_Data/20260204_100845_beam3_az226.mat,0.7310585379600525,0.2606576085090637,0.7763161659240723,2.631084442138672,True,True,False,0.6556046,0.6556046,0.0,True,True,False,0.6556046,0.6179363,0.16296929,True,True,False,0.6556046,0.29887316,1.4964371,True,True,False,0.47040092945098877,0.03766829999999999,0.35673143999999996,False,False,False,False,False,False,False,False
4,test,20260204_100845_beam3_az235,20260204_100845,0,/home/tobeornot8259748/projects/balloon_radar_project/data/raw/detection_dataset/train/Background_IQ/IQ_Data/20260204_100845_beam3_az235.mat,0.6789658665657043,0.2234778106212616,0.776294469833374,2.5693039894104004,False,False,False,0.78787845,0.78787845,0.0,True,True,False,0.78787845,0.77702326,0.06378153,True,True,False,0.78787845,0.7010256,0.45999768,True,True,False,0.45548805594444275,0.010855190000000015,0.08685284999999998,False,True,False,False,False,True,False,False
4,test,20260204_100845_beam3_az244,20260204_100845,0,/home/tobeornot8259748/projects/balloon_radar_project/data/raw/detection_dataset/train/Background_IQ/IQ_Data/20260204_100845_beam3_az244.mat,0.0598664171993732,0.0549651980400085,0.7717667818069458,0.1174127832055091,False,False,False,0.16364758,0.16364758,0.0,True,True,False,0.16364758,0.044324417,1.439548,False,False,False,0.16364758,0.063402645,1.0614129,False,False,False,0.004901219159364693,0.11932316299999998,0.100244935,False,False,False,False,False,False,False,False
4,test,20260204_100845_beam3_az253,20260204_100845,0,/home/tobeornot8259748/projects/balloon_radar_project/data/raw/detection_dataset/train/Background_IQ/IQ_Data/20260204_100845_beam3_az253.mat,0.0624452866613864,0.0573197640478611,0.7747626900672913,0.1175810918211937,False,False,False,0.31427267,0.31427267,0.0,True,True,False,0.31427267,0.1411532,1.0255256,True,True,False,0.31427267,0.020025106,3.110321,False,False,False,0.0051255226135253,0.17311946999999997,0.29424756399999996,False,True,False,False,False,False,False,False
4,test,20260204_100845_beam3_az262,20260204_100845,0,/home/tobeornot8259748/projects/balloon_radar_project/data/raw/detection_dataset/train/Background_IQ/IQ_Data/20260204_100845_beam3_az262.mat,0.0514627657830715,0.0474034510552883,0.7723278403282166,0.1119134947657585,False,False,False,0.67555827,0.67555827,0.0,True,True,False,0.67555827,0.63892436,0.16273475,True,True,False,0.67555827,0.38404405,1.2058516,True,True,False,0.004059314727783196,0.03663391000000005,0.29151422,False,True,False,False,False,True,False,False
4,test,20260204_100845_beam4_az001,20260204_100845,0,/home/tobeornot8259748/projects/balloon_radar_project/data/raw/detection_dataset/test/Background_IQ/IQ_Data/20260204_100845_beam4_az001.mat,0.2405961155891418,0.1976886540651321,0.7765223383903503,0.3237375020980835,False,False,False,0.40252545,0.40252545,0.0,True,True,False,0.40252545,0.27980247,0.5504883,True,True,False,0.40252545,0.05833139,2.3865597,False,False,False,0.04290746152400968,0.12272297999999998,0.34419406,False,True,False,False,False,False,False,False
4,test,20260204_100845_beam4_az010,20260204_100845,0,/home/tobeornot8259748/projects/balloon_radar_project/data/raw/detection_dataset/train/Background_IQ/IQ_Data/20260204_100845_beam4_az010.mat,0.2040245532989502,0.1735866814851761,0.7769235968589783,0.2562541961669922,False,False,False,0.755492,0.755492,0.0,True,True,False,0.755492,0.74009067,0.081681296,True,True,False,0.755492,0.5804884,0.8033425,True,True,False,0.03043787181377411,0.015401330000000102,0.17500360000000004,False,True,False,False,False,True,False,False
4,test,20260204_100845_beam4_az019,20260204_100845,0,/home/tobeornot8259748/projects/balloon_radar_project/data/raw/detection_dataset/train/Background_IQ/IQ_Data/20260204_100845_beam4_az019.mat,0.4755748808383941,0.1996881514787674,0.7773429751396179,1.660098910331726,False,False,False,0.54527384,0.54527384,0.0,True,True,False,0.54527384,0.46998483,0.30179772,True,True,False,0.54527384,0.17802265,1.7113947,True,True,False,0.2758867293596267,0.07528900999999999,0.36725119,False,True,False,False,False,True,False,False
4,test,20260204_100845_beam4_az028,20260204_100845,0,/home/tobeornot8259748/projects/balloon_radar_project/data/raw/detection_dataset/train/Background_IQ/IQ_Data/20260204_100845_beam4_az028.mat,0.3093366026878357,0.2328712195158004,0.7773935198783875,0.5003213286399841,False,False,False,0.5537986,0.5537986,0.0,True,True,False,0.5537986,0.47863933,0.30152532,True,True,False,0.5537986,0.19115965,1.6585232,True,True,False,0.0764653831720353,0.07515927000000006,0.36263895,False,True,False,False,False,True,False,False
4,test,20260204_100845_beam4_az037,20260204_100845,0,/home/tobeornot8259748/projects/balloon_radar_project/data/raw/detection_dataset/train/Background_IQ/IQ_Data/20260204_100845_beam4_az037.mat,0.5719459056854248,0.1890254467725753,0.7753970623016357,2.2519431114196777,False,False,False,0.480944,0.480944,0.0,True,True,False,0.480944,0.37289935,0.44353774,True,True,False,0.480944,0.094957754,2.1782887,False,False,False,0.38292045891284954,0.10804464999999996,0.385986246,False,True,False,False,False,False,False,False
4,test,20260204_100845_beam4_az046,20260204_100845,0,/home/tobeornot8259748/projects/balloon_radar_project/data/raw/detection_dataset/train/Background_IQ/IQ_Data/20260204_100845_beam4_az046.mat,0.2959415912628174,0.2216442972421646,0.7770175933837891,0.5011606216430664,False,False,False,0.5274689,0.5274689,0.0,True,True,False,0.5274689,0.42617443,0.40746313,True,True,False,0.5274689,0.186441,1.5832899,True,True,False,0.07429729402065277,0.10129447000000003,0.34102790000000005,False,True,False,False,False,True,False,False
4,test,20260204_100845_beam4_az055,20260204_100845,0,/home/tobeornot8259748/projects/balloon_radar_project/data/raw/detection_dataset/test/Background_IQ/IQ_Data/20260204_100845_beam4_az055.mat,0.3233801126480102,0.2466053664684295,0.7765215039253235,0.4874540269374847,False,False,False,0.3350403,0.3350403,0.0,True,True,False,0.3350403,0.15774368,0.9896374,True,True,False,0.3350403,0.03662687,2.584183,False,False,False,0.07677474617958069,0.17729662000000002,0.29841343000000004,False,True,False,False,False,False,False,False
4,test,20260204_100845_beam4_az064,20260204_100845,0,/home/tobeornot8259748/projects/balloon_radar_project/data/raw/detection_dataset/test/Background_IQ/IQ_Data/20260204_100845_beam4_az064.mat,0.4759097397327423,0.1795050203800201,0.7769173383712769,1.8319439888000488,False,False,False,0.8534427,0.8534427,0.0,True,True,False,0.8534427,0.84923506,0.033248294,True,True,False,0.8534427,0.8333157,0.15255155,True,True,False,0.29640471935272217,0.004207639999999957,0.020127000000000006,False,True,False,False,False,True,False,False
4,test,20260204_100845_beam4_az073,20260204_100845,0,/home/tobeornot8259748/projects/balloon_radar_project/data/raw/detection_dataset/train/Background_IQ/IQ_Data/20260204_100845_beam4_az073.mat,0.5281075239181519,0.1756772398948669,0.7774717211723328,2.133148431777954,False,False,False,0.4241572,0.4241572,0.0,True,True,False,0.4241572,0.28912383,0.59391266,True,True,False,0.4241572,0.08365695,2.0879357,False,False,False,0.35243028402328497,0.13503336999999999,0.34050025,False,True,False,False,False,False,False,False
4,test,20260204_100845_beam4_az082,20260204_100845,0,/home/tobeornot8259748/projects/balloon_radar_project/data/raw/detection_dataset/val/Background_IQ/IQ_Data/20260204_100845_beam4_az082.mat,0.562056303024292,0.1973069459199905,0.7758673429489136,2.130162477493286,False,False,False,0.83315676,0.83315676,0.0,True,True,False,0.83315676,0.8278339,0.037814695,True,True,False,0.83315676,0.7379289,0.5729356,True,True,False,0.36474935710430145,0.00532286000000004,0.09522786000000005,False,True,False,False,False,True,False,False
4,test,20260204_100845_beam4_az091,20260204_100845,0,/home/tobeornot8259748/projects/balloon_radar_project/data/raw/detection_dataset/train/Background_IQ/IQ_Data/20260204_100845_beam4_az091.mat,0.5898345112800598,0.1876101940870285,0.7769447565078735,2.3539576530456543,False,False,False,0.5534667,0.5534667,0.0,True,True,False,0.5534667,0.4832466,0.28172615,True,True,False,0.5534667,0.119413145,2.2126868,False,False,False,0.4022243171930313,0.07022009999999995,0.434053555,False,True,False,False,False,False,False,False
4,test,20260204_100845_beam4_az100,20260204_100845,0,/home/tobeornot8259748/projects/balloon_radar_project/data/raw/detection_dataset/train/Background_IQ/IQ_Data/20260204_100845_beam4_az100.mat,0.1468196958303451,0.1298119574785232,0.7761626243591309,0.1840551644563675,False,False,False,0.3736149,0.3736149,0.0,True,True,False,0.3736149,0.2087904,0.8154924,True,True,False,0.3736149,0.029474517,2.977572,False,False,False,0.0170077383518219,0.16482450000000004,0.34414038300000005,False,True,False,False,False,False,False,False
4,test,20260204_100845_beam4_az109,20260204_100845,0,/home/tobeornot8259748/projects/balloon_radar_project/data/raw/detection_dataset/train/Background_IQ/IQ_Data/20260204_100845_beam4_az109.mat,0.6001883149147034,0.1906958818435669,0.7759230732917786,2.3865058422088623,False,False,False,0.5274458,0.5274458,0.0,True,True,False,0.5274458,0.44605368,0.32652205,True,True,False,0.5274458,0.069493465,2.70439,False,False,False,0.4094924330711365,0.08139211999999996,0.457952335,False,True,False,False,False,False,False,False
4,test,20260204_100845_beam4_az118,20260204_100845,0,/home/tobeornot8259748/projects/balloon_radar_project/data/raw/detection_dataset/train/Background_IQ/IQ_Data/20260204_100845_beam4_az118.mat,0.2377528697252273,0.1976563781499862,0.7774194478988647,0.3035271167755127,False,False,False,0.86506134,0.86506134,0.0,True,True,False,0.86506134,0.86185145,0.027226852,True,True,False,0.86506134,0.83937407,0.20440201,True,True,False,0.04009649157524109,0.0032098900000000485,0.02568727000000004,False,True,False,False,False,True,False,False
4,test,20260204_100845_beam4_az127,20260204_100845,0,/home/tobeornot8259748/projects/balloon_radar_project/data/raw/detection_dataset/test/Background_IQ/IQ_Data/20260204_100845_beam4_az127.mat,0.4135955572128296,0.2390628159046173,0.7764778733253479,1.0415022373199463,False,False,False,0.43381572,0.43381572,0.0,True,True,False,0.43381572,0.3060719,0.55224854,True,True,False,0.43381572,0.061786458,2.4539936,False,False,False,0.17453274130821228,0.12774382,0.372029262,False,True,False,False,False,False,False,False
4,test,20260204_100845_beam4_az136,20260204_100845,0,/home/tobeornot8259748/projects/balloon_radar_project/data/raw/detection_dataset/train/Background_IQ/IQ_Data/20260204_100845_beam4_az136.mat,0.2575782835483551,0.2043122798204422,0.777535617351532,0.3870734274387359,False,False,False,0.7891458,0.7891458,0.0,True,True,False,0.7891458,0.77743703,0.068991825,True,True,False,0.7891458,0.6656365,0.6312693,True,True,False,0.0532660037279129,0.011708770000000035,0.12350930000000004,False,True,False,False,False,True,False,False
4,test,20260204_100845_beam4_az145,20260204_100845,0,/home/tobeornot8259748/projects/balloon_radar_project/data/raw/detection_dataset/test/Background_IQ/IQ_Data/20260204_100845_beam4_az145.mat,0.281504362821579,0.2230265438556671,0.7775467038154602,0.4001095294952392,False,False,False,0.4903508,0.4903508,0.0,True,True,False,0.4903508,0.371922,0.48537892,True,True,False,0.4903508,0.079153895,2.4152975,False,False,False,0.05847781896591189,0.1184288,0.41119690499999995,False,True,False,False,False,False,False,False
4,test,20260204_100845_beam4_az154,20260204_100845,0,/home/tobeornot8259748/projects/balloon_radar_project/data/raw/detection_dataset/train/Background_IQ/IQ_Data/20260204_100845_beam4_az154.mat,0.1634454429149627,0.1428873687982559,0.776255190372467,0.2044431567192077,False,False,False,0.8876862,0.8876862,0.0,True,True,False,0.8876862,0.88550186,0.021725595,True,True,False,0.8876862,0.87357384,0.13438733,True,True,False,0.02055807411670682,0.002184340000000007,0.014112359999999935,False,True,False,False,False,True,False,False
4,test,20260204_100845_beam4_az163,20260204_100845,0,/home/tobeornot8259748/projects/balloon_radar_project/data/raw/detection_dataset/train/Background_IQ/IQ_Data/20260204_100845_beam4_az163.mat,0.2611424624919891,0.2127501219511032,0.7772051692008972,0.3453249037265777,False,False,False,0.41158023,0.41158023,0.0,True,True,False,0.41158023,0.26218027,0.6772306,True,True,False,0.41158023,0.05052084,2.576091,False,False,False,0.04839234054088587,0.14939996,0.36105939,False,True,False,False,False,False,False,False
4,test,20260204_100845_beam4_az172,20260204_100845,0,/home/tobeornot8259748/projects/balloon_radar_project/data/raw/detection_dataset/train/Background_IQ/IQ_Data/20260204_100845_beam4_az172.mat,0.3318771719932556,0.23367340862751,0.7772954106330872,0.6277883052825928,False,False,False,0.8412032,0.8412032,0.0,True,True,False,0.8412032,0.83623534,0.036728114,True,True,False,0.8412032,0.772474,0.44487414,True,True,False,0.09820376336574563,0.004967860000000046,0.06872920000000005,False,True,False,False,False,True,False,False
4,test,20260204_100845_beam4_az181,20260204_100845,0,/home/tobeornot8259748/projects/balloon_radar_project/data/raw/detection_dataset/train/Background_IQ/IQ_Data/20260204_100845_beam4_az181.mat,0.896975576877594,0.5281286835670471,0.7755967974662781,2.644968032836914,True,True,False,0.8549319,0.8549319,0.0,True,True,False,0.8549319,0.850616,0.034377795,True,True,False,0.8549319,0.79951215,0.39057,True,True,False,0.3688468933105469,0.004315899999999928,0.05541974999999999,False,False,False,False,False,False,False,False
4,test,20260204_100845_beam4_az190,20260204_100845,0,/home/tobeornot8259748/projects/balloon_radar_project/data/raw/detection_dataset/val/Background_IQ/IQ_Data/20260204_100845_beam4_az190.mat,0.5705108046531677,0.1871463060379028,0.7749695181846619,2.261502981185913,False,False,False,0.66942096,0.66942096,0.0,True,True,False,0.66942096,0.6315015,0.16690391,True,True,False,0.66942096,0.25160658,1.7956295,True,True,False,0.3833644986152649,0.037919459999999905,0.41781437999999993,False,True,False,False,False,True,False,False
4,test,20260204_100845_beam4_az199,20260204_100845,0,/home/tobeornot8259748/projects/balloon_radar_project/data/raw/detection_dataset/train/Background_IQ/IQ_Data/20260204_100845_beam4_az199.mat,0.2681740820407867,0.2136037498712539,0.7774274945259094,0.3851573467254638,False,False,False,0.3394074,0.3394074,0.0,True,True,False,0.3394074,0.17380446,0.89296466,True,True,False,0.3394074,0.12712526,1.2606831,False,False,False,0.054570332169532776,0.16560294000000003,0.21228214000000004,False,True,False,False,False,False,False,False
4,test,20260204_100845_beam4_az208,20260204_100845,0,/home/tobeornot8259748/projects/balloon_radar_project/data/raw/detection_dataset/train/Background_IQ/IQ_Data/20260204_100845_beam4_az208.mat,0.1007016152143478,0.0905364453792572,0.7760205864906311,0.151605799794197,False,False,False,0.91931,0.91931,0.0,True,True,False,0.91931,0.918338,0.013030941,True,True,False,0.91931,0.91736317,0.025959898,True,True,False,0.010165169835090596,0.0009719999999999729,0.001946829999999955,False,True,False,False,False,True,False,False
4,test,20260204_100845_beam4_az217,20260204_100845,0,/home/tobeornot8259748/projects/balloon_radar_project/data/raw/detection_dataset/val/Background_IQ/IQ_Data/20260204_100845_beam4_az217.mat,0.4784983396530151,0.1915735900402069,0.776523232460022,1.743358135223389,False,False,False,0.42293414,0.42293414,0.0,True,True,False,0.42293414,0.29393813,0.56559354,True,True,False,0.42293414,0.033673674,3.0460453,False,False,False,0.28692474961280817,0.12899601,0.389260466,False,True,False,False,False,False,False,False
4,test,20260204_100845_beam4_az226,20260204_100845,0,/home/tobeornot8259748/projects/balloon_radar_project/data/raw/detection_dataset/train/Background_IQ/IQ_Data/20260204_100845_beam4_az226.mat,0.1658631563186645,0.1454046219587326,0.7764096856117249,0.2007618695497512,False,False,False,0.84360236,0.84360236,0.0,True,True,False,0.84360236,0.8389479,0.034858868,True,True,False,0.84360236,0.794288,0.33431068,True,True,False,0.02045853435993189,0.004654460000000027,0.04931436,False,True,False,False,False,True,False,False
4,test,20260204_100845_beam4_az235,20260204_100845,0,/home/tobeornot8259748/projects/balloon_radar_project/data/raw/detection_dataset/train/Background_IQ/IQ_Data/20260204_100845_beam4_az235.mat,0.7613611221313477,0.2915344536304474,0.7768392562866211,2.6364521980285645,True,True,False,0.9583481,0.9583481,0.0,True,True,False,0.9583481,0.95815516,0.004822605,True,True,False,0.9583481,0.9580326,0.007874896,True,True,False,0.46982666850090027,0.0001929400000000303,0.0003155000000000241,False,False,False,False,False,False,False,False
4,test,20260204_100845_beam4_az244,20260204_100845,0,/home/tobeornot8259748/projects/balloon_radar_project/data/raw/detection_dataset/train/Background_IQ/IQ_Data/20260204_100845_beam4_az244.mat,0.0562363490462303,0.0518106669187545,0.771987795829773,0.1122370809316635,False,False,False,0.3001804,0.3001804,0.0,True,True,False,0.3001804,0.12003312,1.1456776,False,False,False,0.3001804,0.023802351,2.867442,False,False,False,0.004425682127475801,0.18014728000000002,0.276378049,False,False,False,False,False,False,False,False
4,test,20260204_100845_beam4_az253,20260204_100845,0,/home/tobeornot8259748/projects/balloon_radar_project/data/raw/detection_dataset/train/Background_IQ/IQ_Data/20260204_100845_beam4_az253.mat,0.0800692662596702,0.0729655101895332,0.7751067280769348,0.1297856271266937,False,False,False,0.6234269,0.6234269,0.0,True,True,False,0.6234269,0.56984365,0.22290622,True,True,False,0.6234269,0.35023528,1.1221246,True,True,False,0.007103756070136996,0.05358324999999997,0.27319162,False,True,False,False,False,True,False,False
4,test,20260204_100845_beam4_az262,20260204_100845,0,/home/tobeornot8259748/projects/balloon_radar_project/data/raw/detection_dataset/train/Background_IQ/IQ_Data/20260204_100845_beam4_az262.mat,0.1041124016046524,0.0938868969678878,0.7748591303825378,0.1480651795864105,False,False,False,0.7077276,0.7077276,0.0,True,True,False,0.7077276,0.6796994,0.13198245,True,True,False,0.7077276,0.5041467,0.86778575,True,True,False,0.01022550463676461,0.02802820000000006,0.20358090000000006,False,True,False,False,False,True,False,False
4,test,20260204_100845_beam5_az001,20260204_100845,0,/home/tobeornot8259748/projects/balloon_radar_project/data/raw/detection_dataset/train/Background_IQ/IQ_Data/20260204_100845_beam5_az001.mat,0.3303631544113159,0.2463238537311554,0.7763552069664001,0.5303921699523926,False,False,False,0.33686447,0.33686447,0.0,True,True,False,0.33686447,0.19796802,0.72174436,True,True,False,0.33686447,0.098434314,1.5374447,False,False,False,0.08403930068016052,0.13889645000000003,0.23843015600000003,False,True,False,False,False,False,False,False
4,test,20260204_100845_beam5_az010,20260204_100845,0,/home/tobeornot8259748/projects/balloon_radar_project/data/raw/detection_dataset/train/Background_IQ/IQ_Data/20260204_100845_beam5_az010.mat,0.3293917179107666,0.2222860306501388,0.7771769165992737,0.696696400642395,False,False,False,0.6220267,0.6220267,0.0,True,True,False,0.6220267,0.5728448,0.20469217,True,True,False,0.6220267,0.317058,1.2654848,True,True,False,0.1071056872606278,0.0491819,0.30496870000000004,False,True,False,False,False,True,False,False
4,test,20260204_100845_beam5_az019,20260204_100845,0,/home/tobeornot8259748/projects/balloon_radar_project/data/raw/detection_dataset/train/Background_IQ/IQ_Data/20260204_100845_beam5_az019.mat,0.509215235710144,0.1923647224903106,0.7771878242492676,1.8934710025787356,False,False,False,0.52596045,0.52596045,0.0,True,True,False,0.52596045,0.4256669,0.40348756,True,True,False,0.52596045,0.06757861,2.7284286,False,False,False,0.31685051321983343,0.10029355000000001,0.45838184000000004,False,True,False,False,False,False,False,False
4,test,20260204_100845_beam5_az028,20260204_100845,0,/home/tobeornot8259748/projects/balloon_radar_project/data/raw/detection_dataset/train/Background_IQ/IQ_Data/20260204_100845_beam5_az028.mat,0.4369223117828369,0.1964390873908996,0.7774210572242737,1.4857308864593506,False,False,False,0.75892746,0.75892746,0.0,True,True,False,0.75892746,0.744376,0.077969275,True,True,False,0.75892746,0.6459404,0.5455661,True,True,False,0.2404832243919373,0.01455145999999996,0.11298706000000003,False,True,False,False,False,True,False,False
4,test,20260204_100845_beam5_az037,20260204_100845,0,/home/tobeornot8259748/projects/balloon_radar_project/data/raw/detection_dataset/train/Background_IQ/IQ_Data/20260204_100845_beam5_az037.mat,0.3470943570137024,0.2441012561321258,0.7767390012741089,0.6417708396911621,False,False,False,0.32997507,0.32997507,0.0,True,True,False,0.32997507,0.15895727,0.9577091,True,True,False,0.32997507,0.03739442,2.5398242,False,False,False,0.1029931008815766,0.17101779999999997,0.29258065,False,True,False,False,False,False,False,False
4,test,20260204_100845_beam5_az046,20260204_100845,0,/home/tobeornot8259748/projects/balloon_radar_project/data/raw/detection_dataset/val/Background_IQ/IQ_Data/20260204_100845_beam5_az046.mat,0.2472596764564514,0.2007645517587661,0.7773149013519287,0.3450873494148254,False,False,False,0.49942142,0.49942142,0.0,True,True,False,0.49942142,0.3879992,0.45341596,True,True,False,0.49942142,0.089664385,2.3154254,False,False,False,0.0464951246976853,0.11142222000000002,0.409757035,False,True,False,False,False,False,False,False
4,test,20260204_100845_beam5_az055,20260204_100845,0,/home/tobeornot8259748/projects/balloon_radar_project/data/raw/detection_dataset/test/Background_IQ/IQ_Data/20260204_100845_beam5_az055.mat,0.4147210717201233,0.2410312294960022,0.7766662240028381,1.0333290100097656,False,False,False,0.3753982,0.3753982,0.0,True,True,False,0.3753982,0.20301352,0.8584381,True,True,False,0.3753982,0.029008431,3.001604,False,False,False,0.1736898422241211,0.17238468,0.346389769,False,True,False,False,False,False,False,False
4,test,20260204_100845_beam5_az064,20260204_100845,0,/home/tobeornot8259748/projects/balloon_radar_project/data/raw/detection_dataset/train/Background_IQ/IQ_Data/20260204_100845_beam5_az064.mat,0.6909762620925903,0.2278181314468383,0.776374876499176,2.608739852905273,False,False,False,0.9282667,0.9282667,0.0,True,True,False,0.9282667,0.92760944,0.009828898,True,True,False,0.9282667,0.924903,0.049456,True,True,False,0.46315813064575206,0.0006572599999999928,0.0033636999999999695,False,True,False,False,False,True,False,False
4,test,20260204_100845_beam5_az073,20260204_100845,0,/home/tobeornot8259748/projects/balloon_radar_project/data/raw/detection_dataset/test/Background_IQ/IQ_Data/20260204_100845_beam5_az073.mat,0.3107989728450775,0.2309631705284118,0.7771895527839661,0.5230305194854736,False,False,False,0.70533067,0.70533067,0.0,True,True,False,0.70533067,0.68198115,0.109922014,True,True,False,0.70533067,0.352707,1.4799745,True,True,False,0.0798358023166657,0.023349520000000012,0.35262367000000006,False,True,False,False,False,True,False,False
4,test,20260204_100845_beam5_az082,20260204_100845,0,/home/tobeornot8259748/projects/balloon_radar_project/data/raw/detection_dataset/train/Background_IQ/IQ_Data/20260204_100845_beam5_az082.mat,0.5798763036727905,0.1937159299850464,0.7762495875358582,2.252251148223877,False,False,False,0.8292834,0.8292834,0.0,True,True,False,0.8292834,0.82375336,0.038570285,True,True,False,0.8292834,0.7920036,0.24351202,True,True,False,0.38616037368774414,0.005530040000000014,0.037279799999999974,False,True,False,False,False,True,False,False
4,test,20260204_100845_beam5_az091,20260204_100845,0,/home/tobeornot8259748/projects/balloon_radar_project/data/raw/detection_dataset/val/Background_IQ/IQ_Data/20260204_100845_beam5_az091.mat,0.6160122752189636,0.1959337294101715,0.7768397331237793,2.425933361053467,False,False,False,0.4606187,0.4606187,0.0,True,True,False,0.4606187,0.34949943,0.463388,True,True,False,0.4606187,0.046037234,2.873322,False,False,False,0.4200785458087921,0.11111926999999999,0.414581466,False,True,False,False,False,False,False,False
4,test,20260204_100845_beam5_az100,20260204_100845,0,/home/tobeornot8259748/projects/balloon_radar_project/data/raw/detection_dataset/test/Background_IQ/IQ_Data/20260204_100845_beam5_az100.mat,0.1298434436321258,0.1159498766064643,0.7765405774116516,0.1661369502544403,False,False,False,0.4517918,0.4517918,0.0,True,True,False,0.4517918,0.32263106,0.548273,True,True,False,0.4517918,0.07895031,2.2632618,False,False,False,0.013893567025661496,0.12916074,0.37284149,False,True,False,False,False,False,False,False
4,test,20260204_100845_beam5_az109,20260204_100845,0,/home/tobeornot8259748/projects/balloon_radar_project/data/raw/detection_dataset/train/Background_IQ/IQ_Data/20260204_100845_beam5_az109.mat,0.3095452785491943,0.2372984439134597,0.7770814895629883,0.4700948596000671,False,False,False,0.48270917,0.48270917,0.0,True,True,False,0.48270917,0.36051428,0.50394183,True,True,False,0.48270917,0.055248648,2.7698872,False,False,False,0.07224683463573459,0.12219489,0.427460522,False,True,False,False,False,False,False,False
4,test,20260204_100845_beam5_az118,20260204_100845,0,/home/tobeornot8259748/projects/balloon_radar_project/data/raw/detection_dataset/train/Background_IQ/IQ_Data/20260204_100845_beam5_az118.mat,0.6773673295974731,0.2218351364135742,0.776537299156189,2.5712907314300537,False,False,False,0.8099218,0.8099218,0.0,True,True,False,0.8099218,0.802004,0.050635736,True,True,False,0.8099218,0.741925,0.3935044,True,True,False,0.4555321931838989,0.007917799999999975,0.06799680000000008,False,True,False,False,False,True,False,False
4,test,20260204_100845_beam5_az127,20260204_100845,0,/home/tobeornot8259748/projects/balloon_radar_project/data/raw/detection_dataset/test/Background_IQ/IQ_Data/20260204_100845_beam5_az127.mat,0.3264861404895782,0.2438919246196746,0.7768049836158752,0.5243761539459229,False,False,False,0.26482618,0.26482618,0.0,True,True,False,0.26482618,0.09624302,1.2186509,False,False,False,0.26482618,0.0035535626,4.6152115,False,False,False,0.08259421586990359,0.16858316,0.2612726174,False,False,False,False,False,False,False,False
4,test,20260204_100845_beam5_az136,20260204_100845,0,/home/tobeornot8259748/projects/balloon_radar_project/data/raw/detection_dataset/train/Background_IQ/IQ_Data/20260204_100845_beam5_az136.mat,0.1451153606176376,0.1289537250995636,0.7766839265823364,0.1761384904384613,False,False,False,0.76668113,0.76668113,0.0,True,True,False,0.76668113,0.75197786,0.08047584,True,True,False,0.76668113,0.5901309,0.8251581,True,True,False,0.016161635518074008,0.014703270000000046,0.17655023000000003,False,True,False,False,False,True,False,False
4,test,20260204_100845_beam5_az145,20260204_100845,0,/home/tobeornot8259748/projects/balloon_radar_project/data/raw/detection_dataset/test/Background_IQ/IQ_Data/20260204_100845_beam5_az145.mat,0.4493020176887512,0.2283505648374557,0.7774672508239746,1.3044371604919434,False,False,False,0.55014735,0.55014735,0.0,True,True,False,0.55014735,0.46201226,0.35351014,True,True,False,0.55014735,0.07351831,2.7351255,False,False,False,0.22095145285129553,0.08813509000000003,0.47662904000000006,False,True,False,False,False,False,False,False
4,test,20260204_100845_beam5_az154,20260204_100845,0,/home/tobeornot8259748/projects/balloon_radar_project/data/raw/detection_dataset/test/Background_IQ/IQ_Data/20260204_100845_beam5_az154.mat,0.2160115540027618,0.1787753254175186,0.7756065130233765,0.3037679195404053,False,False,False,0.8390798,0.8390798,0.0,True,True,False,0.8390798,0.833392,0.04153683,True,True,False,0.8390798,0.7993102,0.2694082,True,True,False,0.037236228585243225,0.005687800000000021,0.03976960000000007,False,True,False,False,False,True,False,False
4,test,20260204_100845_beam5_az163,20260204_100845,0,/home/tobeornot8259748/projects/balloon_radar_project/data/raw/detection_dataset/val/Background_IQ/IQ_Data/20260204_100845_beam5_az163.mat,0.3838144838809967,0.240538865327835,0.7774644494056702,0.8699290752410889,False,False,False,0.49343997,0.49343997,0.0,True,True,False,0.49343997,0.38646957,0.43593508,True,True,False,0.49343997,0.15183395,1.6940475,True,True,False,0.1432756185531617,0.10697040000000002,0.34160602,False,True,False,False,False,True,False,False
4,test,20260204_100845_beam5_az172,20260204_100845,0,/home/tobeornot8259748/projects/balloon_radar_project/data/raw/detection_dataset/train/Background_IQ/IQ_Data/20260204_100845_beam5_az172.mat,0.2002447098493576,0.1715179085731506,0.7771661877632141,0.2446606010198593,False,False,False,0.87110096,0.87110096,0.0,True,True,False,0.87110096,0.8682005,0.025587253,True,True,False,0.87110096,0.85198194,0.1604975,True,True,False,0.028726801276206998,0.0029004599999999936,0.019119019999999987,False,True,False,False,False,True,False,False
4,test,20260204_100845_beam5_az181,20260204_100845,0,/home/tobeornot8259748/projects/balloon_radar_project/data/raw/detection_dataset/val/Background_IQ/IQ_Data/20260204_100845_beam5_az181.mat,0.2472596764564514,0.202480211853981,0.7771891951560974,0.3314290642738342,False,False,False,0.629474,0.629474,0.0,True,True,False,0.629474,0.581495,0.20104721,True,True,False,0.629474,0.21486095,1.8258305,True,True,False,0.0447794646024704,0.047978999999999994,0.41461305,False,True,False,False,False,True,False,False
4,test,20260204_100845_beam5_az190,20260204_100845,0,/home/tobeornot8259748/projects/balloon_radar_project/data/raw/detection_dataset/train/Background_IQ/IQ_Data/20260204_100845_beam5_az190.mat,0.0753123015165329,0.0688087195158004,0.7752445936203003,0.1255366951227188,False,False,False,0.35633168,0.35633168,0.0,True,True,False,0.35633168,0.17624602,0.9506695,True,True,False,0.35633168,0.023709087,3.1265807,False,False,False,0.006503582000732491,0.18008565999999998,0.33262259299999997,False,True,False,False,False,False,False,False
4,test,20260204_100845_beam5_az199,20260204_100845,0,/home/tobeornot8259748/projects/balloon_radar_project/data/raw/detection_dataset/train/Background_IQ/IQ_Data/20260204_100845_beam5_az199.mat,0.2312668114900589,0.1897718608379364,0.7765417695045471,0.3223540186882019,False,False,False,0.4422926,0.4422926,0.0,True,True,False,0.4422926,0.29956365,0.6175137,True,True,False,0.4422926,0.017758975,3.7810826,False,False,False,0.0414949506521225,0.14272894999999997,0.42453362499999997,False,True,False,False,False,False,False,False
4,test,20260204_100845_beam5_az208,20260204_100845,0,/home/tobeornot8259748/projects/balloon_radar_project/data/raw/detection_dataset/train/Background_IQ/IQ_Data/20260204_100845_beam5_az208.mat,0.2046596407890319,0.1732306331396103,0.7773004174232483,0.2643508911132812,False,False,False,0.6193098,0.6193098,0.0,True,True,False,0.6193098,0.57070595,0.20188755,True,True,False,0.6193098,0.41412276,0.83356756,True,True,False,0.03142900764942161,0.048603850000000004,0.20518704000000004,False,True,False,False,False,True,False,False
4,test,20260204_100845_beam5_az217,20260204_100845,0,/home/tobeornot8259748/projects/balloon_radar_project/data/raw/detection_dataset/train/Background_IQ/IQ_Data/20260204_100845_beam5_az217.mat,0.8541562557220459,0.4287705719470978,0.7758605480194092,2.6479594707489014,True,True,False,0.88741493,0.88741493,0.0,True,True,False,0.88741493,0.8856505,0.017540747,True,True,False,0.88741493,0.87623596,0.1073454,True,True,False,0.4253856837749481,0.001764430000000039,0.01117897000000001,False,False,False,False,False,False,False,False
4,test,20260204_100845_beam5_az226,20260204_100845,0,/home/tobeornot8259748/projects/balloon_radar_project/data/raw/detection_dataset/train/Background_IQ/IQ_Data/20260204_100845_beam5_az226.mat,0.9517737030982972,0.7172733545303345,0.7747706174850464,2.647810220718384,True,True,False,0.91361976,0.91361976,0.0,True,True,False,0.91361976,0.9126084,0.012747,True,True,False,0.91361976,0.9097986,0.0474776,True,True,False,0.23450034856796276,0.0010113600000000167,0.00382115999999999,False,False,False,False,False,False,False,False
4,test,20260204_100845_beam5_az235,20260204_100845,0,/home/tobeornot8259748/projects/balloon_radar_project/data/raw/detection_dataset/train/Background_IQ/IQ_Data/20260204_100845_beam5_az235.mat,0.4710407257080078,0.2109101712703704,0.7754092812538147,1.5520591735839844,False,False,False,0.7369142,0.7369142,0.0,True,True,False,0.7369142,0.71675426,0.10157359,True,True,False,0.7369142,0.62583524,0.5156007,True,True,False,0.26013055443763744,0.020159939999999987,0.11107895999999995,False,True,False,False,False,True,False,False
4,test,20260204_100845_beam5_az244,20260204_100845,0,/home/tobeornot8259748/projects/balloon_radar_project/data/raw/detection_dataset/val/Background_IQ/IQ_Data/20260204_100845_beam5_az244.mat,0.0766838043928146,0.069915771484375,0.7729088068008423,0.1289965063333511,False,False,False,0.35111976,0.35111976,0.0,True,True,False,0.35111976,0.18224135,0.8871144,True,True,False,0.35111976,0.05946468,2.146946,False,False,False,0.006768032908439595,0.16887841,0.29165508,False,True,False,False,False,False,False,False
4,test,20260204_100845_beam5_az253,20260204_100845,0,/home/tobeornot8259748/projects/balloon_radar_project/data/raw/detection_dataset/val/Background_IQ/IQ_Data/20260204_100845_beam5_az253.mat,0.6190107464790344,0.1881396472454071,0.7768276929855347,2.5069851875305176,False,False,False,0.49900016,0.49900016,0.0,True,True,False,0.49900016,0.3827633,0.4738366,True,True,False,0.49900016,0.02558624,3.635782,False,False,False,0.4308710992336273,0.11623686000000005,0.47341392000000004,False,True,False,False,False,False,False,False
4,test,20260204_100845_beam5_az262,20260204_100845,0,/home/tobeornot8259748/projects/balloon_radar_project/data/raw/detection_dataset/train/Background_IQ/IQ_Data/20260204_100845_beam5_az262.mat,0.1370697766542434,0.1207932457327842,0.7760854959487915,0.1869586855173111,False,False,False,0.6048003,0.6048003,0.0,True,True,False,0.6048003,0.5448261,0.24572013,True,True,False,0.6048003,0.3619576,0.9923848,True,True,False,0.016276530921459212,0.05997419999999998,0.24284269999999997,False,True,False,False,False,True,False,False
4,test,20260202_144841_beam1,20260202_144841,1,/home/tobeornot8259748/projects/balloon_radar_project/data/raw/detection_dataset/test/UAV_IQ/IQ_Data/20260202_144841_beam1.mat,0.9714558720588684,0.9714549779891968,0.0034186514094471,0.0092662302777171,True,False,True,0.9717746,0.9717746,0.0,True,False,True,0.9717746,0.9717058,0.0025030042,True,False,True,0.9717746,0.97175467,0.00072569627,True,False,True,8.940696716308594e-07,6.880000000009101e-05,1.9930000000001336e-05,False,False,False,False,False,False,False,False
4,test,20260202_144841_beam2,20260202_144841,1,/home/tobeornot8259748/projects/balloon_radar_project/data/raw/detection_dataset/test/UAV_IQ/IQ_Data/20260202_144841_beam2.mat,0.9558990597724916,0.9558977484703064,0.003445949871093,0.0090485205873847,True,False,True,0.9676714,0.9676714,0.0,True,False,True,0.9676714,0.96757567,0.0030558216,True,False,True,0.9676714,0.96754694,0.0039687585,True,False,True,1.311302185169616e-06,9.572999999996057e-05,0.0001244599999999929,False,False,False,False,False,False,False,False
4,test,20260202_144841_beam3,20260202_144841,1,/home/tobeornot8259748/projects/balloon_radar_project/data/raw/detection_dataset/test/UAV_IQ/IQ_Data/20260202_144841_beam3.mat,0.9577545523643494,0.9577532410621644,0.0034436811693012,0.0090574258938431,True,False,True,0.9728395,0.9728395,0.0,True,False,True,0.9728395,0.97277516,0.0024309382,True,False,True,0.9728395,0.9728262,0.0005070395,True,False,True,1.3113021849475714e-06,6.433999999999607e-05,1.3299999999993872e-05,False,False,False,False,False,False,False,False
4,test,20260202_144841_beam4,20260202_144841,1,/home/tobeornot8259748/projects/balloon_radar_project/data/raw/detection_dataset/test/UAV_IQ/IQ_Data/20260202_144841_beam4.mat,0.9694401025772096,0.9694392085075378,0.0034228407312184,0.0093805640935897,True,False,True,0.92684746,0.92684746,0.0,True,False,True,0.92684746,0.9262347,0.00900236,True,False,True,0.92684746,0.92643946,0.006001751,True,False,True,8.940696717418817e-07,0.00061275999999999,0.00040799999999996395,False,False,False,False,False,False,False,False
4,test,20260202_144849_beam1,20260202_144849,1,/home/tobeornot8259748/projects/balloon_radar_project/data/raw/detection_dataset/train/UAV_IQ/IQ_Data/20260202_144849_beam1.mat,0.9531880021095276,0.953184187412262,0.0036437909584492,0.0235003940761089,True,False,True,0.70525974,0.70525974,0.0,True,False,False,0.70525974,0.67944825,0.12123425,True,False,False,0.70525974,0.505677,0.84976256,True,False,False,3.814697265625e-06,0.025811490000000048,0.19958273999999998,False,False,True,False,False,False,True,False
4,test,20260202_144849_beam2,20260202_144849,1,/home/tobeornot8259748/projects/balloon_radar_project/data/raw/detection_dataset/train/UAV_IQ/IQ_Data/20260202_144849_beam2.mat,0.9459012746810912,0.94589763879776,0.0035995848011225,0.0201346259564161,True,False,True,0.76336175,0.76336175,0.0,True,False,False,0.76336175,0.75043535,0.07026395,True,False,False,0.76336175,0.72685397,0.19248028,True,False,False,3.635883331187806e-06,0.012926400000000005,0.03650777999999999,False,False,True,False,False,False,True,False
4,test,20260202_144849_beam3,20260202_144849,1,/home/tobeornot8259748/projects/balloon_radar_project/data/raw/detection_dataset/train/UAV_IQ/IQ_Data/20260202_144849_beam3.mat,0.8727816939353943,0.872772216796875,0.003839282086119,0.022357303649187,True,False,True,0.80875653,0.80875653,0.0,True,False,True,0.80875653,0.80147165,0.046433218,True,False,True,0.80875653,0.7833337,0.1567505,True,False,True,9.47713851928711e-06,0.007284880000000049,0.025422830000000007,False,False,False,False,False,False,False,False
4,test,20260202_144849_beam4,20260202_144849,1,/home/tobeornot8259748/projects/balloon_radar_project/data/raw/detection_dataset/train/UAV_IQ/IQ_Data/20260202_144849_beam4.mat,0.4682739078998565,0.4682318568229675,0.0047982828691601,0.0351381972432136,True,False,False,0.4273574,0.4273574,0.0,True,False,False,0.4273574,0.2977157,0.56555825,True,False,False,0.4273574,0.12398609,1.6625715,False,False,False,4.2051076889038086e-05,0.12964169999999997,0.30337131,False,False,False,False,False,False,False,False
4,test,20260202_144857_beam1,20260202_144857,1,/home/tobeornot8259748/projects/balloon_radar_project/data/raw/detection_dataset/test/UAV_IQ/IQ_Data/20260202_144857_beam1.mat,0.9809855818748474,0.980984091758728,0.0034937451127916,0.0225465483963489,True,False,True,0.73536754,0.73536754,0.0,True,False,True,0.73536754,0.71826714,0.08614656,True,False,True,0.73536754,0.37073547,1.5510916,True,False,True,1.4901161193847656e-06,0.017100400000000016,0.36463207000000003,False,False,False,False,False,False,False,False
4,test,20260202_144857_beam2,20260202_144857,1,/home/tobeornot8259748/projects/balloon_radar_project/data/raw/detection_dataset/test/UAV_IQ/IQ_Data/20260202_144857_beam2.mat,0.9920926690101624,0.9920921325683594,0.003416899126023,0.0212232060730457,True,False,True,0.8185969,0.8185969,0.0,True,False,False,0.8185969,0.81230897,0.041786686,True,False,False,0.8185969,0.7912477,0.17440753,True,False,False,5.364418029785156e-07,0.006287929999999942,0.027349199999999962,False,False,True,False,False,False,True,False
4,test,20260202_144857_beam3,20260202_144857,1,/home/tobeornot8259748/projects/balloon_radar_project/data/raw/detection_dataset/test/UAV_IQ/IQ_Data/20260202_144857_beam3.mat,0.9866748452186584,0.9866740703582764,0.0034369523636996,0.0177201740443706,True,False,True,0.80286705,0.80286705,0.0,True,False,False,0.80286705,0.7950365,0.04875445,True,False,False,0.80286705,0.7551287,0.27815545,True,False,False,7.748603820800781e-07,0.007830549999999992,0.04773835000000004,False,False,True,False,False,False,True,False
4,test,20260202_144857_beam4,20260202_144857,1,/home/tobeornot8259748/projects/balloon_radar_project/data/raw/detection_dataset/test/UAV_IQ/IQ_Data/20260202_144857_beam4.mat,0.4087486565113067,0.4087108075618744,0.0049595716409385,0.0315728634595871,True,False,False,0.5996269,0.5996269,0.0,True,False,False,0.5996269,0.5448083,0.22419539,True,False,False,0.5996269,0.27576622,1.3694717,True,False,False,3.7848949432317536e-05,0.05481859999999994,0.32386067999999996,False,False,False,False,False,False,False,False
4,test,20260202_144906_beam1,20260202_144906,1,/home/tobeornot8259748/projects/balloon_radar_project/data/raw/detection_dataset/val/UAV_IQ/IQ_Data/20260202_144906_beam1.mat,0.9857181310653688,0.9857175350189208,0.0034222418908029,0.0119308261200785,True,False,True,0.8896956,0.8896956,0.0,True,False,True,0.8896956,0.888003,0.01713231,True,False,True,0.8896956,0.88464665,0.05044749,True,False,True,5.960464479759509e-07,0.001692600000000044,0.005048950000000052,False,False,False,False,False,False,False,False
4,test,20260202_144906_beam2,20260202_144906,1,/home/tobeornot8259748/projects/balloon_radar_project/data/raw/detection_dataset/val/UAV_IQ/IQ_Data/20260202_144906_beam2.mat,0.9808392524719238,0.9808385372161864,0.0034292619675397,0.0115168718621134,True,False,True,0.9583295,0.9583295,0.0,True,False,True,0.9583295,0.9581638,0.004142067,True,False,True,0.9583295,0.9582371,0.0023109305,True,False,True,7.152557374157098e-07,0.00016569999999993534,9.239999999999249e-05,False,False,False,False,False,False,False,False
4,test,20260202_144906_beam3,20260202_144906,1,/home/tobeornot8259748/projects/balloon_radar_project/data/raw/detection_dataset/val/UAV_IQ/IQ_Data/20260202_144906_beam3.mat,0.9852146506309508,0.9852139353752136,0.0033870907500386,0.012977329082787,True,False,True,0.9573262,0.9573262,0.0,True,False,True,0.9573262,0.9571549,0.004182315,True,False,True,0.9573262,0.9572851,0.0010034165,True,False,True,7.152557371936652e-07,0.00017129999999998535,4.1100000000016124e-05,False,False,False,False,False,False,False,False
4,test,20260202_144906_beam4,20260202_144906,1,/home/tobeornot8259748/projects/balloon_radar_project/data/raw/detection_dataset/val/UAV_IQ/IQ_Data/20260202_144906_beam4.mat,0.934155285358429,0.934152603149414,0.0035975489299744,0.0124243143945932,True,False,True,0.41875726,0.41875726,0.0,True,False,False,0.41875726,0.28269997,0.603231,True,False,False,0.41875726,0.15389417,1.3765023,True,False,False,2.6822090150036004e-06,0.13605729,0.26486309,False,False,True,False,False,False,True,False
4,test,20260202_144914_beam1,20260202_144914,1,/home/tobeornot8259748/projects/balloon_radar_project/data/raw/detection_dataset/train/UAV_IQ/IQ_Data/20260202_144914_beam1.mat,0.5167173743247986,0.5166454315185547,0.0068024680949747,0.0423795767128467,True,False,False,0.66479754,0.66479754,0.0,True,False,False,0.66479754,0.624993,0.1739518,True,False,False,0.66479754,0.18077564,2.1958492,True,False,False,7.194280624389648e-05,0.03980454,0.4840219,False,False,False,False,False,False,False,False
4,test,20260202_144914_beam2,20260202_144914,1,/home/tobeornot8259748/projects/balloon_radar_project/data/raw/detection_dataset/train/UAV_IQ/IQ_Data/20260202_144914_beam2.mat,0.8210441470146179,0.8210217952728271,0.0044782669283449,0.0338883996009826,True,False,False,0.7968944,0.7968944,0.0,True,False,True,0.7968944,0.7885354,0.05087589,True,False,True,0.7968944,0.7700159,0.15859474,True,False,True,2.2351741790771484e-05,0.008359000000000005,0.026878500000000027,False,False,False,True,False,False,False,True
4,test,20260202_144914_beam3,20260202_144914,1,/home/tobeornot8259748/projects/balloon_radar_project/data/raw/detection_dataset/train/UAV_IQ/IQ_Data/20260202_144914_beam3.mat,0.7843191027641296,0.784286618232727,0.0050045442767441,0.0383307598531246,True,False,True,0.7497119,0.7497119,0.0,True,False,False,0.7497119,0.73517895,0.07601671,True,False,False,0.7497119,0.6392863,0.5248086,True,False,False,3.248453140258789e-05,0.014532949999999989,0.11042560000000001,False,False,True,False,False,False,True,False
4,test,20260202_144914_beam4,20260202_144914,1,/home/tobeornot8259748/projects/balloon_radar_project/data/raw/detection_dataset/train/UAV_IQ/IQ_Data/20260202_144914_beam4.mat,0.3684056997299194,0.3683191239833832,0.0080995773896574,0.0459316372871398,True,False,False,0.61326045,0.61326045,0.0,True,False,False,0.61326045,0.5606161,0.21737544,True,False,False,0.61326045,0.063773856,3.1475518,False,False,False,8.657574653619937e-05,0.052644350000000006,0.549486594,False,False,False,False,False,False,False,False
4,test,20260202_144922_beam1,20260202_144922,1,/home/tobeornot8259748/projects/balloon_radar_project/data/raw/detection_dataset/train/UAV_IQ/IQ_Data/20260202_144922_beam1.mat,0.9759923219680786,0.9759914875030518,0.0034106471575796,0.0092100361362099,True,False,True,0.9638288,0.9638288,0.0,True,False,True,0.9638288,0.96371037,0.0033935434,True,False,True,0.9638288,0.96367466,0.004411912,True,False,True,8.344650268554688e-07,0.0001184300000000027,0.0001541400000000248,False,False,False,False,False,False,False,False
4,test,20260202_144922_beam2,20260202_144922,1,/home/tobeornot8259748/projects/balloon_radar_project/data/raw/detection_dataset/train/UAV_IQ/IQ_Data/20260202_144922_beam2.mat,0.972933828830719,0.972932994365692,0.0034137030597776,0.0091478396207094,True,False,True,0.98096,0.98096,0.0,True,False,True,0.98096,0.9809276,0.0017336659,True,False,True,0.98096,0.9809428,0.0009186073,True,False,True,8.34465026966491e-07,3.2400000000043505e-05,1.7200000000050508e-05,False,False,False,False,False,False,False,False
4,test,20260202_144922_beam3,20260202_144922,1,/home/tobeornot8259748/projects/balloon_radar_project/data/raw/detection_dataset/train/UAV_IQ/IQ_Data/20260202_144922_beam3.mat,0.975623369216919,0.9756227135658264,0.0034116001334041,0.0091783218085765,True,False,True,0.98415565,0.98415565,0.0,True,False,True,0.98415565,0.9841339,0.0013953925,True,False,True,0.98415565,0.98414665,0.00057650765,True,False,True,6.556510925292969e-07,2.175000000004257e-05,9.000000000036756e-06,False,False,False,False,False,False,False,False
4,test,20260202_144922_beam4,20260202_144922,1,/home/tobeornot8259748/projects/balloon_radar_project/data/raw/detection_dataset/train/UAV_IQ/IQ_Data/20260202_144922_beam4.mat,0.9784671068191528,0.9784664511680604,0.0034088839311152,0.0092362817376852,True,False,True,0.9815657,0.9815657,0.0,True,False,True,0.9815657,0.98153704,0.0015827413,True,False,True,0.9815657,0.98155653,0.00050820806,True,False,True,6.556510924182746e-07,2.8660000000013675e-05,9.170000000002787e-06,False,False,False,False,False,False,False,False
4,test,20260202_144922_beam5,20260202_144922,1,/home/tobeornot8259748/projects/balloon_radar_project/data/raw/detection_dataset/train/UAV_IQ/IQ_Data/20260202_144922_beam5.mat,0.974531888961792,0.97453111410141,0.0034152530133724,0.0091306688264012,True,False,True,0.9684756,0.9684756,0.0,True,False,True,0.9684756,0.9683888,0.002838638,True,False,True,0.9684756,0.9684017,0.0024151856,True,False,True,7.748603819690558e-07,8.679999999994248e-05,7.389999999996011e-05,False,False,False,False,False,False,False,False
4,test,20260202_144931_beam1,20260202_144931,1,/home/tobeornot8259748/projects/balloon_radar_project/data/raw/detection_dataset/val/UAV_IQ/IQ_Data/20260202_144931_beam1.mat,0.9276259541511536,0.9276233315467834,0.0035695540718734,0.0112558798864483,True,False,True,0.6983544,0.6983544,0.0,True,False,False,0.6983544,0.67428005,0.111866474,True,False,False,0.6983544,0.40359005,1.2300026,True,False,False,2.6226043701171875e-06,0.024074350000000022,0.29476435000000006,False,False,True,False,False,False,True,False
4,test,20260202_144931_beam2,20260202_144931,1,/home/tobeornot8259748/projects/balloon_radar_project/data/raw/detection_dataset/val/UAV_IQ/IQ_Data/20260202_144931_beam2.mat,0.9926542043685912,0.9926538467407228,0.0034097423776984,0.0110995676368474,True,False,True,0.9681866,0.9681866,0.0,True,False,True,0.9681866,0.968096,0.0029404403,True,False,True,0.9681866,0.96810716,0.0025787938,True,False,True,3.5762786843029915e-07,9.060000000005175e-05,7.94400000000417e-05,False,False,False,False,False,False,False,False
4,test,20260202_144931_beam3,20260202_144931,1,/home/tobeornot8259748/projects/balloon_radar_project/data/raw/detection_dataset/val/UAV_IQ/IQ_Data/20260202_144931_beam3.mat,0.9958499670028688,0.9958497285842896,0.0034230193123221,0.0131379934027791,True,False,True,0.94379973,0.94379973,0.0,True,False,True,0.94379973,0.943466,0.0062738713,True,False,True,0.94379973,0.94328797,0.009606562,True,False,True,2.384185792125848e-07,0.00033372999999992103,0.0005117599999999722,False,False,False,False,False,False,False,False
4,test,20260202_144931_beam4,20260202_144931,1,/home/tobeornot8259748/projects/balloon_radar_project/data/raw/detection_dataset/val/UAV_IQ/IQ_Data/20260202_144931_beam4.mat,0.9925682544708252,0.992568016052246,0.0034112595021724,0.0111684463918209,True,False,True,0.9563984,0.9563984,0.0,True,False,True,0.9563984,0.9562179,0.0043207314,True,False,True,0.9563984,0.95592916,0.011194558,True,False,True,2.384185792125848e-07,0.00018050000000002786,0.0004692399999999264,False,False,False,False,False,False,False,False
4,test,20260202_144939_beam1,20260202_144939,1,/home/tobeornot8259748/projects/balloon_radar_project/data/raw/detection_dataset/train/UAV_IQ/IQ_Data/20260202_144939_beam1.mat,0.9711290597915648,0.9711281657218932,0.0034174057655036,0.0092615177854895,True,False,True,0.97161824,0.97161824,0.0,True,False,True,0.97161824,0.97154814,0.0025381916,True,False,True,0.97161824,0.97157985,0.0013922824,True,False,True,8.940696716308594e-07,7.009999999996186e-05,3.838999999994375e-05,False,False,False,False,False,False,False,False
4,test,20260202_144939_beam2,20260202_144939,1,/home/tobeornot8259748/projects/balloon_radar_project/data/raw/detection_dataset/train/UAV_IQ/IQ_Data/20260202_144939_beam2.mat,0.9852146506309508,0.9852141737937928,0.0034028934314846,0.0097346240654587,True,False,True,0.9785655,0.9785655,0.0,True,False,True,0.9785655,0.9785252,0.0019208582,True,False,True,0.9785655,0.97853786,0.0013152182,True,False,True,4.768371579810804e-07,4.029999999999312e-05,2.7639999999995446e-05,False,False,False,False,False,False,False,False
4,test,20260202_144939_beam3,20260202_144939,1,/home/tobeornot8259748/projects/balloon_radar_project/data/raw/detection_dataset/train/UAV_IQ/IQ_Data/20260202_144939_beam3.mat,0.9917803406715392,0.9917799830436708,0.0034094539005309,0.0104909716174006,True,False,True,0.98095506,0.98095506,0.0,True,False,True,0.98095506,0.98092365,0.0016802322,True,False,True,0.98095506,0.9809349,0.0010800955,True,False,True,3.5762786843029915e-07,3.1409999999953975e-05,2.0159999999935785e-05,False,False,False,False,False,False,False,False
4,test,20260202_144939_beam4,20260202_144939,1,/home/tobeornot8259748/projects/balloon_radar_project/data/raw/detection_dataset/train/UAV_IQ/IQ_Data/20260202_144939_beam4.mat,0.98046875,0.9804681539535522,0.0034077633172273,0.0093883788213133,True,False,True,0.96841383,0.96841383,0.0,True,False,True,0.96841383,0.9683212,0.0030282775,True,False,True,0.96841383,0.96834064,0.0023941994,True,False,True,5.960464477539062e-07,9.263000000003796e-05,7.319000000005627e-05,False,False,False,False,False,False,False,False
4,test,20260202_144939_beam5,20260202_144939,1,/home/tobeornot8259748/projects/balloon_radar_project/data/raw/detection_dataset/train/UAV_IQ/IQ_Data/20260202_144939_beam5.mat,0.9814888834953308,0.9814883470535278,0.0034056911244988,0.0093932095915079,True,False,True,0.97356737,0.97356737,0.0,True,False,True,0.97356737,0.9735082,0.002297315,True,False,True,0.97356737,0.97353214,0.0013714145,True,False,True,5.364418029785156e-07,5.916999999999728e-05,3.523000000005272e-05,False,False,False,False,False,False,False,False
4,test,20260202_144947_beam1,20260202_144947,1,/home/tobeornot8259748/projects/balloon_radar_project/data/raw/detection_dataset/train/UAV_IQ/IQ_Data/20260202_144947_beam1.mat,0.982557475566864,0.9825569987297058,0.0034080222249031,0.0093396287411451,True,False,True,0.970028,0.970028,0.0,True,False,True,0.970028,0.96994746,0.0027657514,True,False,True,0.970028,0.96993536,0.0031810037,True,False,True,4.76837158203125e-07,8.054000000001782e-05,9.263999999997719e-05,False,False,False,False,False,False,False,False
4,test,20260202_144947_beam2,20260202_144947,1,/home/tobeornot8259748/projects/balloon_radar_project/data/raw/detection_dataset/train/UAV_IQ/IQ_Data/20260202_144947_beam2.mat,0.9821512699127196,0.982150673866272,0.0034084010403603,0.0093515086919069,True,False,True,0.978581,0.978581,0.0,True,False,True,0.978581,0.9785411,0.0019079351,True,False,True,0.978581,0.97856814,0.0006163854,True,False,True,5.96046447642884e-07,3.989999999998162e-05,1.2860000000003424e-05,False,False,False,False,False,False,False,False
4,test,20260202_144947_beam3,20260202_144947,1,/home/tobeornot8259748/projects/balloon_radar_project/data/raw/detection_dataset/train/UAV_IQ/IQ_Data/20260202_144947_beam3.mat,0.9981897473335266,0.9981897473335266,0.0034936985466629,0.0141086559742689,True,False,True,0.9789149,0.9789149,0.0,True,False,True,0.9789149,0.97887474,0.0019481238,True,False,True,0.9789149,0.97889644,0.0009012379,True,False,True,0.0,4.016000000006681e-05,1.8460000000053434e-05,False,False,False,False,False,False,False,False
4,test,20260202_144947_beam4,20260202_144947,1,/home/tobeornot8259748/projects/balloon_radar_project/data/raw/detection_dataset/train/UAV_IQ/IQ_Data/20260202_144947_beam4.mat,0.9815597534179688,0.9815592169761658,0.0034075558651238,0.0093551455065608,True,False,True,0.97086066,0.97086066,0.0,True,False,True,0.97086066,0.97078246,0.0027604713,True,False,True,0.97086066,0.97082055,0.0014151265,True,False,True,5.364418029785156e-07,7.820000000002825e-05,4.0110000000037616e-05,False,False,False,False,False,False,False,False
4,test,20260202_144947_beam5,20260202_144947,1,/home/tobeornot8259748/projects/balloon_radar_project/data/raw/detection_dataset/train/UAV_IQ/IQ_Data/20260202_144947_beam5.mat,0.9797840118408204,0.9797834157943726,0.0034097442403435,0.0092371860519051,True,False,True,0.95338786,0.95338786,0.0,True,False,True,0.95338786,0.9531712,0.004862946,True,False,True,0.95338786,0.95272624,0.014788006,True,False,True,5.960464478649286e-07,0.00021665999999997965,0.0006616200000000294,False,False,False,False,False,False,False,False
4,test,20260202_144955_beam1,20260202_144955,1,/home/tobeornot8259748/projects/balloon_radar_project/data/raw/detection_dataset/train/UAV_IQ/IQ_Data/20260202_144955_beam1.mat,0.9818405508995056,0.981839954853058,0.0034057621378451,0.009314234368503,True,False,True,0.9864964,0.9864964,0.0,True,False,True,0.9864964,0.9864819,0.0010886653,True,False,True,0.9864964,0.98649305,0.00024969626,True,False,True,5.96046447642884e-07,1.4500000000028379e-05,3.350000000068576e-06,False,False,False,False,False,False,False,False
4,test,20260202_144955_beam2,20260202_144955,1,/home/tobeornot8259748/projects/balloon_radar_project/data/raw/detection_dataset/train/UAV_IQ/IQ_Data/20260202_144955_beam2.mat,0.9868786931037904,0.9868783354759216,0.0034051956608891,0.0096619771793484,True,False,True,0.97995836,0.97995836,0.0,True,False,True,0.97995836,0.979924,0.001748117,True,False,True,0.97995836,0.979943,0.00078001874,True,False,True,3.5762786876336605e-07,3.436000000001105e-05,1.5360000000019802e-05,False,False,False,False,False,False,False,False
4,test,20260202_144955_beam3,20260202_144955,1,/home/tobeornot8259748/projects/balloon_radar_project/data/raw/detection_dataset/train/UAV_IQ/IQ_Data/20260202_144955_beam3.mat,0.9868786931037904,0.9868783354759216,0.0034060957841575,0.0096679404377937,True,False,True,0.97446907,0.97446907,0.0,True,False,True,0.97446907,0.97441,0.0023747645,True,False,True,0.97446907,0.9743838,0.003425808,True,False,True,3.5762786876336605e-07,5.9070000000049916e-05,8.527000000002616e-05,False,False,False,False,False,False,False,False
4,test,20260202_144955_beam4,20260202_144955,1,/home/tobeornot8259748/projects/balloon_radar_project/data/raw/detection_dataset/train/UAV_IQ/IQ_Data/20260202_144955_beam4.mat,0.9899476170539856,0.9899472594261168,0.0034064936917275,0.0099678393453359,True,False,True,0.9841686,0.9841686,0.0,True,False,True,0.9841686,0.98414826,0.001310029,True,False,True,0.9841686,0.9841659,0.00017270852,True,False,True,3.5762786876336605e-07,2.0339999999952063e-05,2.699999999911107e-06,False,False,False,False,False,False,False,False
4,test,20260202_144955_beam5,20260202_144955,1,/home/tobeornot8259748/projects/balloon_radar_project/data/raw/detection_dataset/train/UAV_IQ/IQ_Data/20260202_144955_beam5.mat,0.9810583591461182,0.9810576438903807,0.0034055127762258,0.0093224281445145,True,False,True,0.9612537,0.9612537,0.0,True,False,True,0.9612537,0.96111774,0.0036405055,True,False,True,0.9612537,0.96103185,0.005938914,True,False,True,7.152557374157098e-07,0.00013595999999993502,0.0002218499999999679,False,False,False,False,False,False,False,False
4,test,20260202_145004_beam1,20260202_145004,1,/home/tobeornot8259748/projects/balloon_radar_project/data/raw/detection_dataset/val/UAV_IQ/IQ_Data/20260202_145004_beam1.mat,0.9388007521629332,0.93879896402359,0.0034747566096484,0.0092348493635654,True,False,True,0.8976361,0.8976361,0.0,True,False,True,0.8976361,0.8961524,0.016045043,True,False,True,0.8976361,0.88993716,0.081131555,True,False,True,1.7881393432617188e-06,0.0014837000000000877,0.007698940000000043,False,False,False,False,False,False,False,False
4,test,20260202_145004_beam2,20260202_145004,1,/home/tobeornot8259748/projects/balloon_radar_project/data/raw/detection_dataset/val/UAV_IQ/IQ_Data/20260202_145004_beam2.mat,0.9364014267921448,0.936399519443512,0.0034754516091197,0.0091248983517289,True,False,True,0.9197828,0.9197828,0.0,True,False,True,0.9197828,0.9188668,0.012350817,True,False,True,0.9197828,0.9181485,0.021946896,True,False,True,1.9073486328125e-06,0.0009160000000000279,0.0016342999999999774,False,False,False,False,False,False,False,False
4,test,20260202_145004_beam3,20260202_145004,1,/home/tobeornot8259748/projects/balloon_radar_project/data/raw/detection_dataset/val/UAV_IQ/IQ_Data/20260202_145004_beam3.mat,0.9528381824493408,0.9528367519378662,0.0034489871468394,0.0090678641572594,True,False,True,0.93123245,0.93123245,0.0,True,False,True,0.93123245,0.93062675,0.00941898,True,False,True,0.93123245,0.93014187,0.016906181,True,False,True,1.430511474609375e-06,0.0006057000000000423,0.0010905799999999521,False,False,False,False,False,False,False,False
4,test,20260202_145004_beam4,20260202_145004,1,/home/tobeornot8259748/projects/balloon_radar_project/data/raw/detection_dataset/val/UAV_IQ/IQ_Data/20260202_145004_beam4.mat,0.930962085723877,0.930959939956665,0.0034976385068148,0.0093057714402675,True,False,True,0.89775956,0.89775956,0.0,True,False,True,0.89775956,0.89632076,0.015578296,True,False,True,0.89775956,0.8905035,0.07667997,True,False,True,2.1457672119140625e-06,0.0014387999999999623,0.007256060000000009,False,False,False,False,False,False,False,False
4,test,20260202_145012_beam1,20260202_145012,1,/home/tobeornot8259748/projects/balloon_radar_project/data/raw/detection_dataset/train/UAV_IQ/IQ_Data/20260202_145012_beam1.mat,0.9686195850372314,0.9686185717582704,0.0034231233876198,0.0092908143997192,True,False,True,0.9501322,0.9501322,0.0,True,False,True,0.9501322,0.9498885,0.0051299203,True,False,True,0.9501322,0.9496739,0.009631598,True,False,True,1.0132789610706183e-06,0.00024369999999995784,0.0004583000000000226,False,False,False,False,False,False,False,False
4,test,20260202_145012_beam2,20260202_145012,1,/home/tobeornot8259748/projects/balloon_radar_project/data/raw/detection_dataset/train/UAV_IQ/IQ_Data/20260202_145012_beam2.mat,0.9644556045532228,0.964454472064972,0.003431589808315,0.0092464108020067,True,False,True,0.96554995,0.96554995,0.0,True,False,True,0.96554995,0.96544325,0.0032034745,True,False,True,0.96554995,0.96546406,0.0025805202,True,False,True,1.1324882507324219e-06,0.00010670000000001512,8.589000000003288e-05,False,False,False,False,False,False,False,False
4,test,20260202_145012_beam3,20260202_145012,1,/home/tobeornot8259748/projects/balloon_radar_project/data/raw/detection_dataset/train/UAV_IQ/IQ_Data/20260202_145012_beam3.mat,0.9453993439674376,0.9453977942466736,0.0034703523851931,0.0093408729881048,True,False,True,0.9531073,0.9531073,0.0,True,False,True,0.9531073,0.95289356,0.004771249,True,False,True,0.9531073,0.95281595,0.0064993137,True,False,True,1.549720764049134e-06,0.0002137399999999623,0.00029135000000002353,False,False,False,False,False,False,False,False
4,test,20260202_145012_beam4,20260202_145012,1,/home/tobeornot8259748/projects/balloon_radar_project/data/raw/detection_dataset/train/UAV_IQ/IQ_Data/20260202_145012_beam4.mat,0.9596109390258788,0.9596095085144044,0.003476545214653,0.0101180505007505,True,False,True,0.80662006,0.80662006,0.0,True,False,True,0.80662006,0.79942757,0.045474943,True,False,True,0.80662006,0.71311104,0.5176537,True,False,True,1.4305114743873304e-06,0.007192489999999996,0.09350901999999994,False,False,False,False,False,False,False,False
5,test,20260204_100908_beam1_az001,20260204_100908,0,/home/tobeornot8259748/projects/balloon_radar_project/data/raw/detection_dataset/train/Background_IQ/IQ_Data/20260204_100908_beam1_az001.mat,0.1384617835283279,0.1214813515543937,0.6570549011230469,0.2288261801004409,False,False,False,0.07493635,0.07493635,0.0,False,False,False,0.07493635,0.0700829,0.07219324,False,False,False,0.07493635,0.062312853,0.19802527,False,False,False,0.016980431973934187,0.004853449999999995,0.012623496999999997,False,False,False,False,False,False,False,False
5,test,20260204_100908_beam1_az010,20260204_100908,0,/home/tobeornot8259748/projects/balloon_radar_project/data/raw/detection_dataset/test/Background_IQ/IQ_Data/20260204_100908_beam1_az010.mat,0.1114344522356987,0.10005584359169,0.6571048498153687,0.1832773238420486,False,False,False,0.041660536,0.041660536,0.0,False,False,False,0.041660536,0.038409725,0.08462993,False,False,False,0.041660536,0.03006778,0.33812425,False,False,False,0.011378608644008706,0.0032508109999999993,0.011592756,False,False,False,False,False,False,False,False
5,test,20260204_100908_beam1_az019,20260204_100908,0,/home/tobeornot8259748/projects/balloon_radar_project/data/raw/detection_dataset/val/Background_IQ/IQ_Data/20260204_100908_beam1_az019.mat,0.0970475524663925,0.0852752402424812,0.6570602655410767,0.2165254354476928,False,False,False,0.08035311,0.08035311,0.0,False,False,False,0.08035311,0.07527391,0.0708051,False,False,False,0.08035311,0.06790981,0.18169019,False,False,False,0.0117723122239113,0.005079200000000006,0.012443300000000004,False,False,False,False,False,False,False,False
5,test,20260204_100908_beam1_az028,20260204_100908,0,/home/tobeornot8259748/projects/balloon_radar_project/data/raw/detection_dataset/train/Background_IQ/IQ_Data/20260204_100908_beam1_az028.mat,0.0970475524663925,0.0873324647545814,0.6571142077445984,0.1768044680356979,False,False,False,0.083080344,0.083080344,0.0,False,False,False,0.083080344,0.078128785,0.066835225,False,False,False,0.083080344,0.07043493,0.17881589,False,False,False,0.009715087711811107,0.004951558999999994,0.012645413999999994,False,False,False,False,False,False,False,False
5,test,20260204_100908_beam1_az037,20260204_100908,0,/home/tobeornot8259748/projects/balloon_radar_project/data/raw/detection_dataset/val/Background_IQ/IQ_Data/20260204_100908_beam1_az037.mat,0.1141708493232727,0.1020443066954612,0.6571033000946045,0.1915764510631561,False,False,False,0.11144375,0.11144375,0.0,False,False,False,0.11144375,0.105668575,0.05969088,False,False,False,0.11144375,0.09701017,0.15481757,False,False,False,0.012126542627811501,0.0057751749999999935,0.014433579999999988,False,False,False,False,False,False,False,False
5,test,20260204_100908_beam1_az046,20260204_100908,0,/home/tobeornot8259748/projects/balloon_radar_project/data/raw/detection_dataset/test/Background_IQ/IQ_Data/20260204_100908_beam1_az046.mat,0.0980793163180351,0.0882110148668289,0.6571117043495178,0.1779401898384094,False,False,False,0.07524764,0.07524764,0.0,False,False,False,0.07524764,0.07056904,0.06923958,False,False,False,0.07524764,0.06257046,0.19810706,False,False,False,0.009868301451206193,0.004678600000000005,0.01267718000000001,False,False,False,False,False,False,False,False
5,test,20260204_100908_beam1_az055,20260204_100908,0,/home/tobeornot8259748/projects/balloon_radar_project/data/raw/detection_dataset/train/Background_IQ/IQ_Data/20260204_100908_beam1_az055.mat,0.113973468542099,0.1004865244030952,0.6570638418197632,0.2146656513214111,False,False,False,0.14705294,0.14705294,0.0,False,False,False,0.14705294,0.14049155,0.053308576,False,False,False,0.14705294,0.13079703,0.13602524,False,False,False,0.013486944139003795,0.00656139,0.016255909999999985,False,False,False,False,False,False,False,False
5,test,20260204_100908_beam1_az064,20260204_100908,0,/home/tobeornot8259748/projects/balloon_radar_project/data/raw/detection_dataset/train/Background_IQ/IQ_Data/20260204_100908_beam1_az064.mat,0.0913821086287498,0.080171026289463,0.6570577025413513,0.2178660631179809,False,False,False,0.054849643,0.054849643,0.0,False,False,False,0.054849643,0.050980058,0.07724689,False,False,False,0.054849643,0.044304807,0.22459757,False,False,False,0.011211082339286804,0.003869584999999995,0.010544835999999995,False,False,False,False,False,False,False,False
5,test,20260204_100908_beam1_az073,20260204_100908,0,/home/tobeornot8259748/projects/balloon_radar_project/data/raw/detection_dataset/train/Background_IQ/IQ_Data/20260204_100908_beam1_az073.mat,0.0956869423389434,0.0862611383199691,0.6570963859558105,0.1735998541116714,False,False,False,0.06714134,0.06714134,0.0,False,False,False,0.06714134,0.0627673,0.0720436,False,False,False,0.06714134,0.055392943,0.2048631,False,False,False,0.009425804018974304,0.004374039999999996,0.011748396999999994,False,False,False,False,False,False,False,False
5,test,20260204_100908_beam1_az082,20260204_100908,0,/home/tobeornot8259748/projects/balloon_radar_project/data/raw/detection_dataset/test/Background_IQ/IQ_Data/20260204_100908_beam1_az082.mat,0.0943434163928031,0.0851044654846191,0.6571070551872253,0.1722879707813263,False,False,False,0.120357834,0.120357834,0.0,False,False,False,0.120357834,0.114353694,0.0579754,False,False,False,0.120357834,0.10569194,0.14647564,False,False,False,0.009238950908183996,0.006004139999999991,0.014665893999999999,False,False,False,False,False,False,False,False
5,test,20260204_100908_beam1_az091,20260204_100908,0,/home/tobeornot8259748/projects/balloon_radar_project/data/raw/detection_dataset/train/Background_IQ/IQ_Data/20260204_100908_beam1_az091.mat,0.1093248277902603,0.0978521853685379,0.6571034789085388,0.1881958246231079,False,False,False,0.05969502,0.05969502,0.0,False,False,False,0.05969502,0.05561679,0.07509126,False,False,False,0.05969502,0.04885828,0.21178354,False,False,False,0.011472642421722398,0.004078230000000002,0.010836740000000004,False,False,False,False,False,False,False,False
5,test,20260204_100908_beam1_az100,20260204_100908,0,/home/tobeornot8259748/projects/balloon_radar_project/data/raw/detection_dataset/train/Background_IQ/IQ_Data/20260204_100908_beam1_az100.mat,0.1409263610839843,0.1241859495639801,0.657084047794342,0.2218232154846191,False,False,False,0.051718906,0.051718906,0.0,False,False,False,0.051718906,0.047987588,0.078807965,False,False,False,0.051718906,0.041556217,0.22943623,False,False,False,0.01674041152000419,0.0037313180000000043,0.010162689000000003,False,False,False,False,False,False,False,False
5,test,20260204_100908_beam1_az109,20260204_100908,0,/home/tobeornot8259748/projects/balloon_radar_project/data/raw/detection_dataset/train/Background_IQ/IQ_Data/20260204_100908_beam1_az109.mat,0.1061334311962127,0.0950979962944984,0.6571070551872253,0.1857524812221527,False,False,False,0.05522574,0.05522574,0.0,False,False,False,0.05522574,0.05121095,0.07971615,False,False,False,0.05522574,0.04323603,0.25736567,False,False,False,0.011035434901714297,0.004014790000000004,0.01198971,False,False,False,False,False,False,False,False
5,test,20260204_100908_beam1_az118,20260204_100908,0,/home/tobeornot8259748/projects/balloon_radar_project/data/raw/detection_dataset/train/Background_IQ/IQ_Data/20260204_100908_beam1_az118.mat,0.0970475524663925,0.0874765962362289,0.657106876373291,0.1740563809871673,False,False,False,0.07313619,0.07313619,0.0,False,False,False,0.07313619,0.068535164,0.06992819,False,False,False,0.07313619,0.06107482,0.19315301,False,False,False,0.009570956230163602,0.004601026000000008,0.012061370000000002,False,False,False,False,False,False,False,False
5,test,20260204_100908_beam1_az127,20260204_100908,0,/home/tobeornot8259748/projects/balloon_radar_project/data/raw/detection_dataset/train/Background_IQ/IQ_Data/20260204_100908_beam1_az127.mat,0.0984254106879234,0.0878999680280685,0.6570984125137329,0.1897836029529571,False,False,False,0.045563534,0.045563534,0.0,False,False,False,0.045563534,0.04211184,0.0823886,False,False,False,0.045563534,0.03615552,0.241087,False,False,False,0.010525442659854903,0.003451694000000005,0.009408014000000006,False,False,False,False,False,False,False,False
5,test,20260204_100908_beam1_az136,20260204_100908,0,/home/tobeornot8259748/projects/balloon_radar_project/data/raw/detection_dataset/test/Background_IQ/IQ_Data/20260204_100908_beam1_az136.mat,0.1114344522356987,0.097175121307373,0.6570260524749756,0.2326272279024124,False,False,False,0.072610214,0.072610214,0.0,False,False,False,0.072610214,0.06785463,0.07285279,False,False,False,0.072610214,0.060459223,0.19615369,False,False,False,0.014259330928325695,0.004755584000000007,0.012150991000000007,False,False,False,False,False,False,False,False
5,test,20260204_100908_beam1_az145,20260204_100908,0,/home/tobeornot8259748/projects/balloon_radar_project/data/raw/detection_dataset/train/Background_IQ/IQ_Data/20260204_100908_beam1_az145.mat,0.0863234773278236,0.0782634690403938,0.6571061015129089,0.1625358462333679,False,False,False,0.07514057,0.07514057,0.0,False,False,False,0.07514057,0.07037614,0.07064469,False,False,False,0.07514057,0.06383899,0.17514221,False,False,False,0.008060008287429796,0.00476443,0.011301580000000006,False,False,False,False,False,False,False,False
5,test,20260204_100908_beam1_az154,20260204_100908,0,/home/tobeornot8259748/projects/balloon_radar_project/data/raw/detection_dataset/train/Background_IQ/IQ_Data/20260204_100908_beam1_az154.mat,0.1214771568775177,0.1075517833232879,0.6570918560028076,0.2092256546020507,False,False,False,0.051902864,0.051902864,0.0,False,False,False,0.051902864,0.04816222,0.07873671,False,False,False,0.051902864,0.041734766,0.22870713,False,False,False,0.013925373554229806,0.0037406440000000013,0.010168098,False,False,False,False,False,False,False,False
5,test,20260204_100908_beam1_az163,20260204_100908,0,/home/tobeornot8259748/projects/balloon_radar_project/data/raw/detection_dataset/train/Background_IQ/IQ_Data/20260204_100908_beam1_az163.mat,0.1089450418949127,0.0968460515141487,0.6571000218391418,0.1996774524450302,False,False,False,0.071742736,0.071742736,0.0,False,False,False,0.071742736,0.067183375,0.0705605,False,False,False,0.071742736,0.059721623,0.19625945,False,False,False,0.012098990380764008,0.004559360999999998,0.012021113,False,False,False,False,False,False,False,False
5,test,20260204_100908_beam1_az172,20260204_100908,0,/home/tobeornot8259748/projects/balloon_radar_project/data/raw/detection_dataset/val/Background_IQ/IQ_Data/20260204_100908_beam1_az172.mat,0.1135795935988426,0.0989313423633575,0.6570305228233337,0.2351000607013702,False,False,False,0.061450914,0.061450914,0.0,False,False,False,0.061450914,0.057302136,0.07431151,False,False,False,0.061450914,0.05031778,0.2116725,False,False,False,0.01464825123548509,0.004148778000000006,0.011133134000000003,False,False,False,False,False,False,False,False
5,test,20260204_100908_beam1_az181,20260204_100908,0,/home/tobeornot8259748/projects/balloon_radar_project/data/raw/detection_dataset/train/Background_IQ/IQ_Data/20260204_100908_beam1_az181.mat,0.1235769912600517,0.1065825968980789,0.657008707523346,0.2544095516204834,False,False,False,0.13452014,0.13452014,0.0,False,False,False,0.13452014,0.12820601,0.055344485,False,False,False,0.13452014,0.11695678,0.15999956,False,False,False,0.016994394361972795,0.006314130000000001,0.017563360000000014,False,False,False,False,False,False,False,False
5,test,20260204_100908_beam1_az190,20260204_100908,0,/home/tobeornot8259748/projects/balloon_radar_project/data/raw/detection_dataset/train/Background_IQ/IQ_Data/20260204_100908_beam1_az190.mat,0.0869416519999504,0.0778921172022819,0.6571190357208252,0.1822730898857116,False,False,False,0.0636576,0.0636576,0.0,False,False,False,0.0636576,0.059271477,0.0760639,False,False,False,0.0636576,0.05203973,0.2138427,False,False,False,0.009049534797668499,0.004386122999999992,0.011617869999999995,False,False,False,False,False,False,False,False
5,test,20260204_100908_beam1_az199,20260204_100908,0,/home/tobeornot8259748/projects/balloon_radar_project/data/raw/detection_dataset/val/Background_IQ/IQ_Data/20260204_100908_beam1_az199.mat,0.1037486344575882,0.0921681895852088,0.6570892930030823,0.1996593922376632,False,False,False,0.06795813,0.06795813,0.0,False,False,False,0.06795813,0.06354868,0.07180555,False,False,False,0.06795813,0.05451287,0.23477757,False,False,False,0.0115804448723794,0.004409450000000009,0.013445260000000007,False,False,False,False,False,False,False,False
5,test,20260204_100908_beam1_az208,20260204_100908,0,/home/tobeornot8259748/projects/balloon_radar_project/data/raw/detection_dataset/train/Background_IQ/IQ_Data/20260204_100908_beam1_az208.mat,0.0950130522251129,0.0846718698740005,0.6570987105369568,0.1926544308662414,False,False,False,0.052527368,0.052527368,0.0,False,False,False,0.052527368,0.048748296,0.07864463,False,False,False,0.052527368,0.04239079,0.22504492,False,False,False,0.010341182351112407,0.0037790719999999944,0.010136578,False,False,False,False,False,False,False,False
5,test,20260204_100908_beam1_az217,20260204_100908,0,/home/tobeornot8259748/projects/balloon_radar_project/data/raw/detection_dataset/train/Background_IQ/IQ_Data/20260204_100908_beam1_az217.mat,0.0991208627820015,0.0883470103144645,0.6571136713027954,0.1932019889354705,False,False,False,0.06155229,0.06155229,0.0,False,False,False,0.06155229,0.057402886,0.074204445,False,False,False,0.06155229,0.04961501,0.22823392,False,False,False,0.010773852467536996,0.004149404000000002,0.011937280000000002,False,False,False,False,False,False,False,False
5,test,20260204_100908_beam1_az226,20260204_100908,0,/home/tobeornot8259748/projects/balloon_radar_project/data/raw/detection_dataset/val/Background_IQ/IQ_Data/20260204_100908_beam1_az226.mat,0.109896682202816,0.097390316426754,0.6570955514907837,0.2050942778587341,False,False,False,0.03716016,0.03716016,0.0,False,False,False,0.03716016,0.034139805,0.08790516,False,False,False,0.03716016,0.027795766,0.30003238,False,False,False,0.012506365776061998,0.0030203549999999954,0.009364393999999998,False,False,False,False,False,False,False,False
5,test,20260204_100908_beam1_az235,20260204_100908,0,/home/tobeornot8259748/projects/balloon_radar_project/data/raw/detection_dataset/train/Background_IQ/IQ_Data/20260204_100908_beam1_az235.mat,0.1149633526802063,0.1020805016160011,0.6570984125137329,0.2028661966323852,False,False,False,0.070633166,0.070633166,0.0,False,False,False,0.070633166,0.066117026,0.07092108,False,False,False,0.070633166,0.05453704,0.275791,False,False,False,0.012882851064205197,0.004516140000000002,0.016096125999999995,False,False,False,False,False,False,False,False
5,test,20260204_100908_beam1_az244,20260204_100908,0,/home/tobeornot8259748/projects/balloon_radar_project/data/raw/detection_dataset/train/Background_IQ/IQ_Data/20260204_100908_beam1_az244.mat,0.0950130522251129,0.0836865827441215,0.6570717692375183,0.2121132612228393,False,False,False,0.15354286,0.15354286,0.0,False,False,False,0.15354286,0.14672683,0.053427286,False,False,False,0.15354286,0.1398782,0.10922222,False,False,False,0.011326469480991405,0.006816030000000001,0.013664659999999995,False,False,False,False,False,False,False,False
5,test,20260204_100908_beam1_az253,20260204_100908,0,/home/tobeornot8259748/projects/balloon_radar_project/data/raw/detection_dataset/train/Background_IQ/IQ_Data/20260204_100908_beam1_az253.mat,0.0936780050396919,0.0839801207184791,0.657118022441864,0.1825041770935058,False,False,False,0.058691252,0.058691252,0.0,False,False,False,0.058691252,0.054491527,0.07869698,False,False,False,0.058691252,0.045567743,0.26693612,False,False,False,0.009697884321212796,0.004199725000000001,0.013123508999999998,False,False,False,False,False,False,False,False
5,test,20260204_100908_beam1_az262,20260204_100908,0,/home/tobeornot8259748/projects/balloon_radar_project/data/raw/detection_dataset/train/Background_IQ/IQ_Data/20260204_100908_beam1_az262.mat,0.0980793163180351,0.088384099304676,0.6571129560470581,0.174667939543724,False,False,False,0.12985072,0.12985072,0.0,False,False,False,0.12985072,0.12362162,0.056293245,False,False,False,0.12985072,0.10425451,0.24854198,False,False,False,0.009695217013359098,0.006229100000000001,0.025596210000000008,False,False,False,False,False,False,False,False
5,test,20260204_100908_beam2_az001,20260204_100908,0,/home/tobeornot8259748/projects/balloon_radar_project/data/raw/detection_dataset/train/Background_IQ/IQ_Data/20260204_100908_beam2_az001.mat,0.1196136698126792,0.1064621433615684,0.6570958495140076,0.1998270750045776,False,False,False,0.052521855,0.052521855,0.0,False,False,False,0.052521855,0.04873984,0.07871623,False,False,False,0.052521855,0.035774346,0.40151972,False,False,False,0.013151526451110798,0.0037820149999999997,0.016747509,False,False,False,False,False,False,False,False
5,test,20260204_100908_beam2_az010,20260204_100908,0,/home/tobeornot8259748/projects/balloon_radar_project/data/raw/detection_dataset/train/Background_IQ/IQ_Data/20260204_100908_beam2_az010.mat,0.1093248277902603,0.0979114025831222,0.6571102738380432,0.1871731132268905,False,False,False,0.0380818,0.0380818,0.0,False,False,False,0.0380818,0.03489652,0.09065522,False,False,False,0.0380818,0.02796345,0.31930205,False,False,False,0.011413425207138103,0.0031852799999999987,0.010118349999999998,False,False,False,False,False,False,False,False
5,test,20260204_100908_beam2_az019,20260204_100908,0,/home/tobeornot8259748/projects/balloon_radar_project/data/raw/detection_dataset/test/Background_IQ/IQ_Data/20260204_100908_beam2_az019.mat,0.0956869423389434,0.0861053764820098,0.6571113467216492,0.1766059696674347,False,False,False,0.050824486,0.050824486,0.0,False,False,False,0.050824486,0.047125354,0.07945661,False,False,False,0.050824486,0.03941711,0.26612467,False,False,False,0.009581565856933594,0.003699132000000001,0.011407376000000004,False,False,False,False,False,False,False,False
5,test,20260204_100908_beam2_az028,20260204_100908,0,/home/tobeornot8259748/projects/balloon_radar_project/data/raw/detection_dataset/test/Background_IQ/IQ_Data/20260204_100908_beam2_az028.mat,0.0920328572392463,0.0822518989443779,0.6571153998374939,0.1872944831848144,False,False,False,0.04390634,0.04390634,0.0,False,False,False,0.04390634,0.04053592,0.08338919,False,False,False,0.04390634,0.0346825,0.24542457,False,False,False,0.0097809582948684,0.003370419999999999,0.009223840000000004,False,False,False,False,False,False,False,False
5,test,20260204_100908_beam2_az037,20260204_100908,0,/home/tobeornot8259748/projects/balloon_radar_project/data/raw/detection_dataset/train/Background_IQ/IQ_Data/20260204_100908_beam2_az037.mat,0.0933468788862228,0.0834007710218429,0.6571146845817566,0.1880571395158767,False,False,False,0.044573613,0.044573613,0.0,False,False,False,0.044573613,0.041174848,0.082865566,False,False,False,0.044573613,0.03528185,0.24345177,False,False,False,0.009946107864379897,0.003398764999999998,0.009291763000000001,False,False,False,False,False,False,False,False
5,test,20260204_100908_beam2_az046,20260204_100908,0,/home/tobeornot8259748/projects/balloon_radar_project/data/raw/detection_dataset/train/Background_IQ/IQ_Data/20260204_100908_beam2_az046.mat,0.0863234773278236,0.0778290852904319,0.6571018099784851,0.1717244386672973,False,False,False,0.061339732,0.061339732,0.0,False,False,False,0.061339732,0.057099193,0.076145425,False,False,False,0.061339732,0.049763493,0.22140363,False,False,False,0.00849439203739169,0.0042405390000000015,0.011576239000000002,False,False,False,False,False,False,False,False
5,test,20260204_100908_beam2_az055,20260204_100908,0,/home/tobeornot8259748/projects/balloon_radar_project/data/raw/detection_dataset/train/Background_IQ/IQ_Data/20260204_100908_beam2_az055.mat,0.0946777015924453,0.0852033272385597,0.6571169495582581,0.1762986034154892,False,False,False,0.078974016,0.078974016,0.0,False,False,False,0.078974016,0.074157335,0.06814588,False,False,False,0.078974016,0.06613416,0.19127803,False,False,False,0.009474374353885609,0.004816680999999989,0.012839855999999997,False,False,False,False,False,False,False,False
5,test,20260204_100908_beam2_az064,20260204_100908,0,/home/tobeornot8259748/projects/balloon_radar_project/data/raw/detection_dataset/val/Background_IQ/IQ_Data/20260204_100908_beam2_az064.mat,0.0994702130556106,0.0870125815272331,0.6570668816566467,0.2245499342679977,False,False,False,0.03597684,0.03597684,0.0,False,False,False,0.03597684,0.033021405,0.088780515,False,False,False,0.03597684,0.026728367,0.3066978,False,False,False,0.012457631528377505,0.0029554350000000063,0.009248473000000004,False,False,False,False,False,False,False,False
5,test,20260204_100908_beam2_az073,20260204_100908,0,/home/tobeornot8259748/projects/balloon_radar_project/data/raw/detection_dataset/train/Background_IQ/IQ_Data/20260204_100908_beam2_az073.mat,0.085709273815155,0.0767799541354179,0.6571198105812073,0.1822141259908676,False,False,False,0.0726192,0.0726192,0.0,False,False,False,0.0726192,0.067863025,0.07285362,False,False,False,0.0726192,0.06369945,0.14062573,False,False,False,0.008929319679737105,0.004756175000000001,0.00891974999999999,False,False,False,False,False,False,False,False
5,test,20260204_100908_beam2_az082,20260204_100908,0,/home/tobeornot8259748/projects/balloon_radar_project/data/raw/detection_dataset/train/Background_IQ/IQ_Data/20260204_100908_beam2_az082.mat,0.0832919254899025,0.0736709311604499,0.6570727825164795,0.2026924788951873,False,False,False,0.07713584,0.07713584,0.0,False,False,False,0.07713584,0.07239142,0.06860801,False,False,False,0.07713584,0.06443837,0.1935236,False,False,False,0.009620994329452598,0.004744419999999999,0.012697470000000002,False,False,False,False,False,False,False,False
5,test,20260204_100908_beam2_az091,20260204_100908,0,/home/tobeornot8259748/projects/balloon_radar_project/data/raw/detection_dataset/train/Background_IQ/IQ_Data/20260204_100908_beam2_az091.mat,0.0984254106879234,0.0885634943842887,0.6571142077445984,0.1772269755601883,False,False,False,0.049854662,0.049854662,0.0,False,False,False,0.049854662,0.046065178,0.08303529,False,False,False,0.049854662,0.041597538,0.18972391,False,False,False,0.009861916303634699,0.0037894840000000027,0.008257123999999998,False,False,False,False,False,False,False,False
5,test,20260204_100908_beam2_az100,20260204_100908,0,/home/tobeornot8259748/projects/balloon_radar_project/data/raw/detection_dataset/train/Background_IQ/IQ_Data/20260204_100908_beam2_az100.mat,0.1175721362233161,0.104814700782299,0.6571061611175537,0.1966374367475509,False,False,False,0.048017293,0.048017293,0.0,False,False,False,0.048017293,0.044312477,0.084178895,False,False,False,0.048017293,0.039636634,0.20057227,False,False,False,0.012757435441017095,0.0037048159999999997,0.008380659000000006,False,False,False,False,False,False,False,False
5,test,20260204_100908_beam2_az109,20260204_100908,0,/home/tobeornot8259748/projects/balloon_radar_project/data/raw/detection_dataset/train/Background_IQ/IQ_Data/20260204_100908_beam2_az109.mat,0.0900929942727088,0.0807093679904937,0.6571097373962402,0.1829947680234909,False,False,False,0.050046,0.050046,0.0,False,False,False,0.050046,0.04625663,0.08271894,False,False,False,0.050046,0.04023782,0.2284071,False,False,False,0.00938362628221509,0.0037893700000000002,0.00980818,False,False,False,False,False,False,False,False
5,test,20260204_100908_beam2_az118,20260204_100908,0,/home/tobeornot8259748/projects/balloon_radar_project/data/raw/detection_dataset/train/Background_IQ/IQ_Data/20260204_100908_beam2_az118.mat,0.0812277570366859,0.0729114860296249,0.6571164727210999,0.1780835092067718,False,False,False,0.04588776,0.04588776,0.0,False,False,False,0.04588776,0.04242914,0.081981465,False,False,False,0.04588776,0.036134828,0.24911146,False,False,False,0.008316271007061005,0.0034586200000000025,0.009752931999999999,False,False,False,False,False,False,False,False
5,test,20260204_100908_beam2_az127,20260204_100908,0,/home/tobeornot8259748/projects/balloon_radar_project/data/raw/detection_dataset/train/Background_IQ/IQ_Data/20260204_100908_beam2_az127.mat,0.090735487639904,0.0813461914658546,0.6571168899536133,0.181866854429245,False,False,False,0.048985094,0.048985094,0.0,False,False,False,0.048985094,0.045223907,0.0838373,False,False,False,0.048985094,0.03778406,0.2713379,False,False,False,0.009389296174049391,0.003761186999999999,0.011201033999999999,False,False,False,False,False,False,False,False
5,test,20260204_100908_beam2_az136,20260204_100908,0,/home/tobeornot8259748/projects/balloon_radar_project/data/raw/detection_dataset/test/Background_IQ/IQ_Data/20260204_100908_beam2_az136.mat,0.0984254106879234,0.0881631076335907,0.6571153402328491,0.1847905963659286,False,False,False,0.07186435,0.07186435,0.0,False,False,False,0.07186435,0.06711502,0.07347661,False,False,False,0.07186435,0.05930582,0.20551293,False,False,False,0.010262303054332705,0.004749329999999996,0.012558529999999991,False,False,False,False,False,False,False,False
5,test,20260204_100908_beam2_az145,20260204_100908,0,/home/tobeornot8259748/projects/balloon_radar_project/data/raw/detection_dataset/train/Background_IQ/IQ_Data/20260204_100908_beam2_az145.mat,0.0772387832403183,0.0685037747025489,0.6570911407470703,0.1969811171293258,False,False,False,0.06359722,0.06359722,0.0,False,False,False,0.06359722,0.059146,0.07730282,False,False,False,0.06359722,0.051753026,0.21865606,False,False,False,0.008735008537769401,0.004451219999999999,0.011844193999999995,False,False,False,False,False,False,False,False
5,test,20260204_100908_beam2_az154,20260204_100908,0,/home/tobeornot8259748/projects/balloon_radar_project/data/raw/detection_dataset/train/Background_IQ/IQ_Data/20260204_100908_beam2_az154.mat,0.1085664257407188,0.0970697104930877,0.6571115851402283,0.1898418068885803,False,False,False,0.05399375,0.05399375,0.0,False,False,False,0.05399375,0.04997612,0.081560954,False,False,False,0.05399375,0.043270826,0.23266067,False,False,False,0.0114967152476311,0.004017630000000001,0.010722924000000002,False,False,False,False,False,False,False,False
5,test,20260204_100908_beam2_az163,20260204_100908,0,/home/tobeornot8259748/projects/balloon_radar_project/data/raw/detection_dataset/test/Background_IQ/IQ_Data/20260204_100908_beam2_az163.mat,0.1078126356005668,0.0968804657459259,0.6571084260940552,0.1812422424554824,False,False,False,0.07909295,0.07909295,0.0,False,False,False,0.07909295,0.07426429,0.068223305,False,False,False,0.07909295,0.06602729,0.19464372,False,False,False,0.010932169854640891,0.0048286599999999985,0.013065659999999993,False,False,False,False,False,False,False,False
5,test,20260204_100908_beam2_az172,20260204_100908,0,/home/tobeornot8259748/projects/balloon_radar_project/data/raw/detection_dataset/train/Background_IQ/IQ_Data/20260204_100908_beam2_az172.mat,0.0994702130556106,0.0881006121635437,0.6570874452590942,0.2038165032863617,False,False,False,0.048077334,0.048077334,0.0,False,False,False,0.048077334,0.04451577,0.08070179,False,False,False,0.048077334,0.038065203,0.24397318,False,False,False,0.0113696008920669,0.0035615639999999962,0.010012131,False,False,False,False,False,False,False,False
5,test,20260204_100908_beam2_az181,20260204_100908,0,/home/tobeornot8259748/projects/balloon_radar_project/data/raw/detection_dataset/train/Background_IQ/IQ_Data/20260204_100908_beam2_az181.mat,0.1189980134367942,0.1032926067709922,0.6570464372634888,0.242312490940094,False,False,False,0.13561194,0.13561194,0.0,False,False,False,0.13561194,0.12907973,0.05689585,False,False,False,0.13561194,0.12119122,0.12897326,False,False,False,0.015705406665802002,0.006532209999999983,0.014420719999999984,False,False,False,False,False,False,False,False
5,test,20260204_100908_beam2_az190,20260204_100908,0,/home/tobeornot8259748/projects/balloon_radar_project/data/raw/detection_dataset/train/Background_IQ/IQ_Data/20260204_100908_beam2_az190.mat,0.0772387832403183,0.0699350386857986,0.6571091413497925,0.1631678491830825,False,False,False,0.034695618,0.034695618,0.0,False,False,False,0.034695618,0.031807937,0.08988467,False,False,False,0.034695618,0.025409596,0.3210604,False,False,False,0.007303744554519695,0.002887680999999996,0.009286021999999998,False,False,False,False,False,False,False,False
5,test,20260204_100908_beam2_az199,20260204_100908,0,/home/tobeornot8259748/projects/balloon_radar_project/data/raw/detection_dataset/val/Background_IQ/IQ_Data/20260204_100908_beam2_az199.mat,0.0991208627820015,0.0866755619645118,0.6570391654968262,0.2250825464725494,False,False,False,0.058608778,0.058608778,0.0,False,False,False,0.058608778,0.054570388,0.07567381,False,False,False,0.058608778,0.04531827,0.27119344,False,False,False,0.012445300817489693,0.004038390000000003,0.013290508,False,False,False,False,False,False,False,False
5,test,20260204_100908_beam2_az208,20260204_100908,0,/home/tobeornot8259748/projects/balloon_radar_project/data/raw/detection_dataset/train/Background_IQ/IQ_Data/20260204_100908_beam2_az208.mat,0.0850990414619445,0.0752299129962921,0.6570717692375183,0.2039293944835662,False,False,False,0.047519185,0.047519185,0.0,False,False,False,0.047519185,0.04397093,0.08132317,False,False,False,0.047519185,0.03731468,0.2524032,False,False,False,0.009869128465652396,0.003548255,0.010204504999999996,False,False,False,False,False,False,False,False
5,test,20260204_100908_beam2_az217,20260204_100908,0,/home/tobeornot8259748/projects/balloon_radar_project/data/raw/detection_dataset/train/Background_IQ/IQ_Data/20260204_100908_beam2_az217.mat,0.0812277570366859,0.0728734508156776,0.6571183800697327,0.1789397150278091,False,False,False,0.08368475,0.08368475,0.0,False,False,False,0.08368475,0.07853453,0.06912335,False,False,False,0.08368475,0.07243642,0.15654843,False,False,False,0.0083543062210083,0.005150219999999997,0.01124833,False,False,False,False,False,False,False,False
5,test,20260204_100908_beam2_az226,20260204_100908,0,/home/tobeornot8259748/projects/balloon_radar_project/data/raw/detection_dataset/train/Background_IQ/IQ_Data/20260204_100908_beam2_az226.mat,0.0891369357705116,0.0797740966081619,0.6571200489997864,0.1844435781240463,False,False,False,0.02759702,0.02759702,0.0,False,False,False,0.02759702,0.025128348,0.09624661,False,False,False,0.02759702,0.01955229,0.35285458,False,False,False,0.009362839162349701,0.0024686720000000016,0.00804473,False,False,False,False,False,False,False,False
5,test,20260204_100908_beam2_az235,20260204_100908,0,/home/tobeornot8259748/projects/balloon_radar_project/data/raw/detection_dataset/val/Background_IQ/IQ_Data/20260204_100908_beam2_az235.mat,0.1108555868268013,0.09884824603796,0.6571139693260193,0.1948771178722381,False,False,False,0.101969905,0.101969905,0.0,False,False,False,0.101969905,0.09642571,0.06205973,False,False,False,0.101969905,0.079787575,0.2697108,False,False,False,0.012007340788841303,0.005544195000000002,0.02218233,False,False,False,False,False,False,False,False
5,test,20260204_100908_beam2_az244,20260204_100908,0,/home/tobeornot8259748/projects/balloon_radar_project/data/raw/detection_dataset/train/Background_IQ/IQ_Data/20260204_100908_beam2_az244.mat,0.0772387832403183,0.0687848702073097,0.6570978164672852,0.1902878433465957,False,False,False,0.22540957,0.22540957,0.0,False,False,False,0.22540957,0.21778356,0.044214364,False,False,False,0.22540957,0.20924824,0.09504751,False,False,False,0.008453913033008603,0.007626010000000016,0.01616133,False,False,False,False,False,False,False,False
5,test,20260204_100908_beam2_az253,20260204_100908,0,/home/tobeornot8259748/projects/balloon_radar_project/data/raw/detection_dataset/test/Background_IQ/IQ_Data/20260204_100908_beam2_az253.mat,0.089454598724842,0.0801665186882019,0.6571176648139954,0.1822720766067505,False,False,False,0.05239853,0.05239853,0.0,False,False,False,0.05239853,0.04846911,0.08208987,False,False,False,0.05239853,0.042522706,0.21920818,False,False,False,0.009288080036640098,0.003929419999999996,0.009875823999999998,False,False,False,False,False,False,False,False
5,test,20260204_100908_beam2_az262,20260204_100908,0,/home/tobeornot8259748/projects/balloon_radar_project/data/raw/detection_dataset/train/Background_IQ/IQ_Data/20260204_100908_beam2_az262.mat,0.1199225187301635,0.1057733744382858,0.6570858955383301,0.2153393328189849,False,False,False,0.06364886,0.06364886,0.0,False,False,False,0.06364886,0.059396535,0.07367656,False,False,False,0.06364886,0.04527437,0.3600739,False,False,False,0.014149144291877705,0.004252325000000001,0.01837449,False,False,False,False,False,False,False,False
5,test,20260204_100908_beam3_az001,20260204_100908,0,/home/tobeornot8259748/projects/balloon_radar_project/data/raw/detection_dataset/train/Background_IQ/IQ_Data/20260204_100908_beam3_az001.mat,0.0950130522251129,0.0832511708140373,0.6570414900779724,0.2207852751016616,False,False,False,0.15588225,0.15588225,0.0,False,False,False,0.15588225,0.14859639,0.05646134,False,False,False,0.15588225,0.13747932,0.14719453,False,False,False,0.011761881411075606,0.007285860000000005,0.018402930000000012,False,False,False,False,False,False,False,False
5,test,20260204_100908_beam3_az010,20260204_100908,0,/home/tobeornot8259748/projects/balloon_radar_project/data/raw/detection_dataset/train/Background_IQ/IQ_Data/20260204_100908_beam3_az010.mat,0.0897732824087143,0.081179566681385,0.6571017503738403,0.1674334704875946,False,False,False,0.059493862,0.059493862,0.0,False,False,False,0.059493862,0.05500288,0.083251186,False,False,False,0.059493862,0.045748748,0.27721754,False,False,False,0.008593715727329296,0.0044909820000000045,0.013745114000000003,False,False,False,False,False,False,False,False
5,test,20260204_100908_beam3_az019,20260204_100908,0,/home/tobeornot8259748/projects/balloon_radar_project/data/raw/detection_dataset/train/Background_IQ/IQ_Data/20260204_100908_beam3_az019.mat,0.0885046571493148,0.0789439976215362,0.6571146845817566,0.1898465454578399,False,False,False,0.06836942,0.06836942,0.0,False,False,False,0.06836942,0.06377204,0.07453357,False,False,False,0.06836942,0.05907091,0.15611833,False,False,False,0.009560659527778598,0.004597379999999998,0.009298510000000003,False,False,False,False,False,False,False,False
5,test,20260204_100908_beam3_az028,20260204_100908,0,/home/tobeornot8259748/projects/balloon_radar_project/data/raw/detection_dataset/train/Background_IQ/IQ_Data/20260204_100908_beam3_az028.mat,0.0632505193352699,0.0568436086177825,0.6570998430252075,0.1729047000408172,False,False,False,0.04590532,0.04590532,0.0,False,False,False,0.04590532,0.042305868,0.08542078,False,False,False,0.04590532,0.035059165,0.28084785,False,False,False,0.006406910717487398,0.003599451999999996,0.010846154999999996,False,False,False,False,False,False,False,False
5,test,20260204_100908_beam3_az037,20260204_100908,0,/home/tobeornot8259748/projects/balloon_radar_project/data/raw/detection_dataset/train/Background_IQ/IQ_Data/20260204_100908_beam3_az037.mat,0.0726367011666297,0.0652152821421623,0.6570807099342346,0.1761539131402969,False,False,False,0.28999308,0.28999308,0.0,False,False,False,0.28999308,0.28224817,0.037919573,False,False,False,0.28999308,0.27066433,0.095837034,False,False,False,0.007421419024467399,0.007744909999999994,0.019328750000000006,False,False,False,False,False,False,False,False
5,test,20260204_100908_beam3_az046,20260204_100908,0,/home/tobeornot8259748/projects/balloon_radar_project/data/raw/detection_dataset/val/Background_IQ/IQ_Data/20260204_100908_beam3_az046.mat,0.0726367011666297,0.0651397258043289,0.6570961475372314,0.1780371963977813,False,False,False,0.037444163,0.037444163,0.0,False,False,False,0.037444163,0.034297485,0.0910426,False,False,False,0.037444163,0.028517837,0.28155175,False,False,False,0.0074969753623007895,0.003146678,0.008926326000000002,False,False,False,False,False,False,False,False
5,test,20260204_100908_beam3_az055,20260204_100908,0,/home/tobeornot8259748/projects/balloon_radar_project/data/raw/detection_dataset/train/Background_IQ/IQ_Data/20260204_100908_beam3_az055.mat,0.0520378239452838,0.0471520572900772,0.6570792198181152,0.1578713953495025,False,False,False,0.090084195,0.090084195,0.0,False,False,False,0.090084195,0.084793076,0.066329084,False,False,False,0.090084195,0.07679566,0.17409505,False,False,False,0.004885766655206597,0.005291119000000011,0.013288535000000004,False,False,False,False,False,False,False,False
5,test,20260204_100908_beam3_az064,20260204_100908,0,/home/tobeornot8259748/projects/balloon_radar_project/data/raw/detection_dataset/train/Background_IQ/IQ_Data/20260204_100908_beam3_az064.mat,0.0860158801078796,0.0758778527379036,0.6570894718170166,0.2076402157545089,False,False,False,0.0478814,0.0478814,0.0,False,False,False,0.0478814,0.044292968,0.08166284,False,False,False,0.0478814,0.034180436,0.35136098,False,False,False,0.010138027369976002,0.0035884319999999956,0.013700963999999996,False,False,False,False,False,False,False,False
5,test,20260204_100908_beam3_az073,20260204_100908,0,/home/tobeornot8259748/projects/balloon_radar_project/data/raw/detection_dataset/train/Background_IQ/IQ_Data/20260204_100908_beam3_az073.mat,0.0826973393559455,0.0744522362947464,0.6571013927459717,0.1734556704759597,False,False,False,0.04226444,0.04226444,0.0,False,False,False,0.04226444,0.038855538,0.08764842,False,False,False,0.04226444,0.03243967,0.27477005,False,False,False,0.008245103061199105,0.0034089019999999984,0.009824770000000004,False,False,False,False,False,False,False,False
5,test,20260204_100908_beam3_az082,20260204_100908,0,/home/tobeornot8259748/projects/balloon_radar_project/data/raw/detection_dataset/train/Background_IQ/IQ_Data/20260204_100908_beam3_az082.mat,0.0729002729058265,0.0654348880052566,0.6568562984466553,0.1766852289438247,False,False,False,0.0748561,0.0748561,0.0,False,False,False,0.0748561,0.06989609,0.07390497,False,False,False,0.0748561,0.058842015,0.2578732,False,False,False,0.007465384900569902,0.004960010000000001,0.016014084999999997,False,False,False,False,False,False,False,False
5,test,20260204_100908_beam3_az091,20260204_100908,0,/home/tobeornot8259748/projects/balloon_radar_project/data/raw/detection_dataset/train/Background_IQ/IQ_Data/20260204_100908_beam3_az091.mat,0.0579180866479873,0.0526803471148014,0.657059907913208,0.1526976078748703,False,False,False,0.06959705,0.06959705,0.0,False,False,False,0.06959705,0.0650347,0.072692834,False,False,False,0.06959705,0.05229614,0.30422407,False,False,False,0.005237739533185903,0.004562349999999993,0.017300909999999996,False,False,False,False,False,False,False,False
5,test,20260204_100908_beam3_az100,20260204_100908,0,/home/tobeornot8259748/projects/balloon_radar_project/data/raw/detection_dataset/val/Background_IQ/IQ_Data/20260204_100908_beam3_az100.mat,0.0753123015165329,0.0679906383156776,0.6570852994918823,0.1676499098539352,False,False,False,0.062893644,0.062893644,0.0,False,False,False,0.062893644,0.058697768,0.07351085,False,False,False,0.062893644,0.04951978,0.25324357,False,False,False,0.007321663200855297,0.004195876000000001,0.013373864,False,False,False,False,False,False,False,False
5,test,20260204_100908_beam3_az109,20260204_100908,0,/home/tobeornot8259748/projects/balloon_radar_project/data/raw/detection_dataset/val/Background_IQ/IQ_Data/20260204_100908_beam3_az109.mat,0.0514627657830715,0.0466162413358688,0.6570813655853271,0.1582849025726318,False,False,False,0.042305663,0.042305663,0.0,False,False,False,0.042305663,0.038945593,0.08625765,False,False,False,0.042305663,0.028803376,0.3984287,False,False,False,0.004846524447202696,0.0033600699999999997,0.013502287000000002,False,False,False,False,False,False,False,False
5,test,20260204_100908_beam3_az118,20260204_100908,0,/home/tobeornot8259748/projects/balloon_radar_project/data/raw/detection_dataset/train/Background_IQ/IQ_Data/20260204_100908_beam3_az118.mat,0.0579180866479873,0.0523430369794368,0.6570442914962769,0.1630197018384933,False,False,False,0.1332274,0.1332274,0.0,False,False,False,0.1332274,0.12684344,0.0564422,False,False,False,0.1332274,0.11432002,0.17463472,False,False,False,0.005575049668550505,0.006383959999999994,0.01890738,False,False,False,False,False,False,False,False
5,test,20260204_100908_beam3_az127,20260204_100908,0,/home/tobeornot8259748/projects/balloon_radar_project/data/raw/detection_dataset/train/Background_IQ/IQ_Data/20260204_100908_beam3_az127.mat,0.2132133096456527,0.1738305687904358,0.656783401966095,0.3852939009666443,False,False,False,0.4605749,0.4605749,0.0,False,False,False,0.4605749,0.45381102,0.02725551,False,False,False,0.4605749,0.44265366,0.07237067,False,False,False,0.0393827408552169,0.00676388,0.017921240000000005,False,False,False,False,False,False,False,False
5,test,20260204_100908_beam3_az136,20260204_100908,0,/home/tobeornot8259748/projects/balloon_radar_project/data/raw/detection_dataset/test/Background_IQ/IQ_Data/20260204_100908_beam3_az136.mat,0.0703038498759269,0.0631432458758354,0.6571040153503418,0.1751523911952972,False,False,False,0.08672073,0.08672073,0.0,False,False,False,0.08672073,0.081502944,0.06775097,False,False,False,0.08672073,0.07502226,0.15763612,False,False,False,0.007160604000091497,0.005217786000000002,0.011698470000000002,False,False,False,False,False,False,False,False
5,test,20260204_100908_beam3_az145,20260204_100908,0,/home/tobeornot8259748/projects/balloon_radar_project/data/raw/detection_dataset/val/Background_IQ/IQ_Data/20260204_100908_beam3_az145.mat,0.0780781656503677,0.0707734301686286,0.6571061611175537,0.161494493484497,False,False,False,0.037764516,0.037764516,0.0,False,False,False,0.037764516,0.03455596,0.092118666,False,False,False,0.037764516,0.029543947,0.25399813,False,False,False,0.0073047354817391,0.0032085560000000013,0.008220568999999997,False,False,False,False,False,False,False,False
5,test,20260204_100908_beam3_az154,20260204_100908,0,/home/tobeornot8259748/projects/balloon_radar_project/data/raw/detection_dataset/test/Background_IQ/IQ_Data/20260204_100908_beam3_az154.mat,0.0630194693803787,0.056590761989355,0.6571147441864014,0.1741487383842468,False,False,False,0.070743114,0.070743114,0.0,False,False,False,0.070743114,0.06610893,0.072725914,False,False,False,0.070743114,0.062024903,0.14085749,False,False,False,0.006428707391023698,0.0046341839999999995,0.008718210999999997,False,False,False,False,False,False,False,False
5,test,20260204_100908_beam3_az163,20260204_100908,0,/home/tobeornot8259748/projects/balloon_radar_project/data/raw/detection_dataset/train/Background_IQ/IQ_Data/20260204_100908_beam3_az163.mat,0.0644176676869392,0.0575947426259517,0.6570832133293152,0.181442528963089,False,False,False,0.07274332,0.07274332,0.0,False,False,False,0.07274332,0.06808591,0.07117701,False,False,False,0.07274332,0.06332546,0.14875512,False,False,False,0.0068229250609875,0.004657410000000001,0.00941786,False,False,False,False,False,False,False,False
5,test,20260204_100908_beam3_az172,20260204_100908,0,/home/tobeornot8259748/projects/balloon_radar_project/data/raw/detection_dataset/train/Background_IQ/IQ_Data/20260204_100908_beam3_az172.mat,0.060529388487339,0.0546897165477275,0.6570737361907959,0.1638324558734893,False,False,False,0.077260315,0.077260315,0.0,False,False,False,0.077260315,0.07238948,0.070384204,False,False,False,0.077260315,0.06436961,0.19641206,False,False,False,0.005839671939611497,0.00487083499999999,0.012890705000000002,False,False,False,False,False,False,False,False
5,test,20260204_100908_beam3_az181,20260204_100908,0,/home/tobeornot8259748/projects/balloon_radar_project/data/raw/detection_dataset/train/Background_IQ/IQ_Data/20260204_100908_beam3_az181.mat,0.101589448750019,0.088787205517292,0.6570397615432739,0.2265409231185913,False,False,False,0.04293361,0.04293361,0.0,False,False,False,0.04293361,0.039292134,0.092428245,False,False,False,0.04293361,0.033630833,0.25388482,False,False,False,0.01280224323272701,0.0036414759999999977,0.009302776999999998,False,False,False,False,False,False,False,False
5,test,20260204_100908_beam3_az190,20260204_100908,0,/home/tobeornot8259748/projects/balloon_radar_project/data/raw/detection_dataset/val/Background_IQ/IQ_Data/20260204_100908_beam3_az190.mat,0.0718512684106826,0.064784824848175,0.6571161150932312,0.1690893620252609,False,False,False,0.058436967,0.058436967,0.0,False,False,False,0.058436967,0.054310154,0.07761102,False,False,False,0.058436967,0.048259173,0.20211428,False,False,False,0.007066443562507602,0.004126813,0.010177793999999997,False,False,False,False,False,False,False,False
5,test,20260204_100908_beam3_az199,20260204_100908,0,/home/tobeornot8259748/projects/balloon_radar_project/data/raw/detection_dataset/val/Background_IQ/IQ_Data/20260204_100908_beam3_az199.mat,0.0847954079508781,0.0754392370581626,0.6571093797683716,0.1934000551700592,False,False,False,0.03386223,0.03386223,0.0,False,False,False,0.03386223,0.030904716,0.09444785,False,False,False,0.03386223,0.025567945,0.28950915,False,False,False,0.009356170892715496,0.0029575140000000014,0.008294284999999998,False,False,False,False,False,False,False,False
5,test,20260204_100908_beam3_az208,20260204_100908,0,/home/tobeornot8259748/projects/balloon_radar_project/data/raw/detection_dataset/train/Background_IQ/IQ_Data/20260204_100908_beam3_az208.mat,0.0677931383252143,0.06132697686553,0.6571040749549866,0.1630696356296539,False,False,False,0.047179792,0.047179792,0.0,False,False,False,0.047179792,0.043527752,0.084392644,False,False,False,0.047179792,0.03836085,0.21614139,False,False,False,0.0064661614596843026,0.0036520399999999953,0.008818941999999996,False,False,False,False,False,False,False,False
5,test,20260204_100908_beam3_az217,20260204_100908,0,/home/tobeornot8259748/projects/balloon_radar_project/data/raw/detection_dataset/train/Background_IQ/IQ_Data/20260204_100908_beam3_az217.mat,0.0772387832403183,0.0695819407701492,0.657118022441864,0.1714457422494888,False,False,False,0.055555016,0.055555016,0.0,False,False,False,0.055555016,0.051513463,0.079800725,False,False,False,0.055555016,0.04491014,0.22391808,False,False,False,0.007656842470169095,0.004041552999999996,0.010644875999999998,False,False,False,False,False,False,False,False
5,test,20260204_100908_beam3_az226,20260204_100908,0,/home/tobeornot8259748/projects/balloon_radar_project/data/raw/detection_dataset/test/Background_IQ/IQ_Data/20260204_100908_beam3_az226.mat,0.2393493205308914,0.1835153698921203,0.6565678715705872,0.5124521255493164,False,False,False,0.1551343,0.1551343,0.0,False,False,False,0.1551343,0.14834729,0.052736156,False,False,False,0.1551343,0.13502848,0.16232444,False,False,False,0.055833950638771085,0.00678701000000001,0.020105819999999996,False,False,False,False,False,False,False,False
5,test,20260204_100908_beam3_az235,20260204_100908,0,/home/tobeornot8259748/projects/balloon_radar_project/data/raw/detection_dataset/train/Background_IQ/IQ_Data/20260204_100908_beam3_az235.mat,0.1032050624489784,0.0918132662773132,0.6571102738380432,0.197202444076538,False,False,False,0.09430378,0.09430378,0.0,False,False,False,0.09430378,0.08852392,0.06960998,False,False,False,0.09430378,0.08051051,0.17324816,False,False,False,0.011391796171665192,0.005779859999999998,0.01379327000000001,False,False,False,False,False,False,False,False
5,test,20260204_100908_beam3_az244,20260204_100908,0,/home/tobeornot8259748/projects/balloon_radar_project/data/raw/detection_dataset/train/Background_IQ/IQ_Data/20260204_100908_beam3_az244.mat,0.0736962705850601,0.0669491663575172,0.6571006178855896,0.1571691334247589,False,False,False,0.058999516,0.058999516,0.0,False,False,False,0.058999516,0.054963343,0.07514289,False,False,False,0.058999516,0.04332205,0.32539064,False,False,False,0.006747104227542905,0.004036173000000004,0.015677466,False,False,False,False,False,False,False,False
5,test,20260204_100908_beam3_az253,20260204_100908,0,/home/tobeornot8259748/projects/balloon_radar_project/data/raw/detection_dataset/train/Background_IQ/IQ_Data/20260204_100908_beam3_az253.mat,0.0956869423389434,0.0851650312542915,0.657116174697876,0.1948801279067993,False,False,False,0.10876214,0.10876214,0.0,False,False,False,0.10876214,0.1028735,0.062248707,False,False,False,0.10876214,0.09522271,0.14802219,False,False,False,0.010521911084651892,0.005888639999999987,0.013539429999999991,False,False,False,False,False,False,False,False
5,test,20260204_100908_beam3_az262,20260204_100908,0,/home/tobeornot8259748/projects/balloon_radar_project/data/raw/detection_dataset/test/Background_IQ/IQ_Data/20260204_100908_beam3_az262.mat,0.0998206585645675,0.089023470878601,0.65711510181427,0.1923535168170929,False,False,False,0.17283405,0.17283405,0.0,False,False,False,0.17283405,0.16528317,0.05375903,False,False,False,0.17283405,0.15505709,0.1298023,False,False,False,0.010797187685966492,0.007550879999999982,0.01777695999999998,False,False,False,False,False,False,False,False
5,test,20260204_100908_beam4_az001,20260204_100908,0,/home/tobeornot8259748/projects/balloon_radar_project/data/raw/detection_dataset/test/Background_IQ/IQ_Data/20260204_100908_beam4_az001.mat,0.103024423122406,0.0924449786543846,0.65711510181427,0.1827352494001388,False,False,False,0.049342845,0.049342845,0.0,False,False,False,0.049342845,0.04571073,0.08027324,False,False,False,0.049342845,0.03320909,0.41279784,False,False,False,0.010579444468021407,0.003632115000000005,0.016133755000000007,False,False,False,False,False,False,False,False
5,test,20260204_100908_beam4_az010,20260204_100908,0,/home/tobeornot8259748/projects/balloon_radar_project/data/raw/detection_dataset/test/Background_IQ/IQ_Data/20260204_100908_beam4_az010.mat,0.1037486344575882,0.0922698006033897,0.6570964455604553,0.197810024023056,False,False,False,0.03224181,0.03224181,0.0,False,False,False,0.03224181,0.029367214,0.096351035,False,False,False,0.03224181,0.023023918,0.3462105,False,False,False,0.011478833854198497,0.0028745960000000036,0.009217892000000002,False,False,False,False,False,False,False,False
5,test,20260204_100908_beam4_az019,20260204_100908,0,/home/tobeornot8259748/projects/balloon_radar_project/data/raw/detection_dataset/val/Background_IQ/IQ_Data/20260204_100908_beam4_az019.mat,0.0780781656503677,0.070829302072525,0.6570854783058167,0.1602069586515426,False,False,False,0.08022668,0.08022668,0.0,False,False,False,0.08022668,0.07520893,0.0700269,False,False,False,0.08022668,0.07070588,0.1366256,False,False,False,0.0072488635778426985,0.005017750000000001,0.009520799999999996,False,False,False,False,False,False,False,False
5,test,20260204_100908_beam4_az028,20260204_100908,0,/home/tobeornot8259748/projects/balloon_radar_project/data/raw/detection_dataset/test/Background_IQ/IQ_Data/20260204_100908_beam4_az028.mat,0.060529388487339,0.0545379444956779,0.6571164727210999,0.1682949811220169,False,False,False,0.032355677,0.032355677,0.0,False,False,False,0.032355677,0.029553816,0.093467884,False,False,False,0.032355677,0.022458807,0.3752826,False,False,False,0.0059914439916610995,0.0028018609999999992,0.009896869999999999,False,False,False,False,False,False,False,False
5,test,20260204_100908_beam4_az037,20260204_100908,0,/home/tobeornot8259748/projects/balloon_radar_project/data/raw/detection_dataset/train/Background_IQ/IQ_Data/20260204_100908_beam4_az037.mat,0.0665691867470741,0.0601170361042022,0.6571224331855774,0.1656268835067749,False,False,False,0.051488712,0.051488712,0.0,False,False,False,0.051488712,0.047610357,0.08239292,False,False,False,0.051488712,0.038962055,0.29189473,False,False,False,0.006452150642871898,0.003878355,0.012526656999999997,False,False,False,False,False,False,False,False
5,test,20260204_100908_beam4_az046,20260204_100908,0,/home/tobeornot8259748/projects/balloon_radar_project/data/raw/detection_dataset/train/Background_IQ/IQ_Data/20260204_100908_beam4_az046.mat,0.0668123215436935,0.0596955306828022,0.6571104526519775,0.1829645186662674,False,False,False,0.059319105,0.059319105,0.0,False,False,False,0.059319105,0.05520482,0.07624539,False,False,False,0.059319105,0.045260776,0.28532472,False,False,False,0.0071167908608913005,0.004114284999999995,0.014058328999999994,False,False,False,False,False,False,False,False
5,test,20260204_100908_beam4_az055,20260204_100908,0,/home/tobeornot8259748/projects/balloon_radar_project/data/raw/detection_dataset/train/Background_IQ/IQ_Data/20260204_100908_beam4_az055.mat,0.0656048357486724,0.0589196532964706,0.6571201682090759,0.1744028925895691,False,False,False,0.036859985,0.036859985,0.0,False,False,False,0.036859985,0.033817045,0.08931595,False,False,False,0.036859985,0.026866239,0.32657894,False,False,False,0.006685182452201802,0.003042940000000001,0.009993745999999998,False,False,False,False,False,False,False,False
5,test,20260204_100908_beam4_az064,20260204_100908,0,/home/tobeornot8259748/projects/balloon_radar_project/data/raw/detection_dataset/train/Background_IQ/IQ_Data/20260204_100908_beam4_az064.mat,0.0829941481351852,0.0737760588526725,0.6571109890937805,0.1943932324647903,False,False,False,0.0436317,0.0436317,0.0,False,False,False,0.0436317,0.04004659,0.08948216,False,False,False,0.0436317,0.03398217,0.25998724,False,False,False,0.009218089282512706,0.0035851100000000025,0.009649530000000003,False,False,False,False,False,False,False,False
5,test,20260204_100908_beam4_az073,20260204_100908,0,/home/tobeornot8259748/projects/balloon_radar_project/data/raw/detection_dataset/test/Background_IQ/IQ_Data/20260204_100908_beam4_az073.mat,0.0687872841954231,0.0619778372347354,0.6571084260940552,0.1697254031896591,False,False,False,0.031167591,0.031167591,0.0,False,False,False,0.031167591,0.028476775,0.09306359,False,False,False,0.031167591,0.02311582,0.30713814,False,False,False,0.0068094469606877,0.002690816000000002,0.008051771000000003,False,False,False,False,False,False,False,False
5,test,20260204_100908_beam4_az082,20260204_100908,0,/home/tobeornot8259748/projects/balloon_radar_project/data/raw/detection_dataset/train/Background_IQ/IQ_Data/20260204_100908_beam4_az082.mat,0.0581315979361534,0.0524876788258552,0.6570738554000854,0.1645253300666809,False,False,False,0.043299902,0.043299902,0.0,False,False,False,0.043299902,0.039898496,0.085360676,False,False,False,0.043299902,0.03360419,0.26358312,False,False,False,0.005643919110298198,0.0034014060000000026,0.009695712000000002,False,False,False,False,False,False,False,False
5,test,20260204_100908_beam4_az091,20260204_100908,0,/home/tobeornot8259748/projects/balloon_radar_project/data/raw/detection_dataset/val/Background_IQ/IQ_Data/20260204_100908_beam4_az091.mat,0.0618759877979755,0.0558347776532173,0.657107412815094,0.1661131083965301,False,False,False,0.044733737,0.044733737,0.0,False,False,False,0.044733737,0.041178025,0.086538486,False,False,False,0.044733737,0.035693187,0.23518746,False,False,False,0.006041210144758197,0.0035557120000000025,0.009040550000000001,False,False,False,False,False,False,False,False
5,test,20260204_100908_beam4_az100,20260204_100908,0,/home/tobeornot8259748/projects/balloon_radar_project/data/raw/detection_dataset/val/Background_IQ/IQ_Data/20260204_100908_beam4_az100.mat,0.0826973393559455,0.0742238163948059,0.6571179032325745,0.1785028278827667,False,False,False,0.036594566,0.036594566,0.0,False,False,False,0.036594566,0.0335321,0.090570174,False,False,False,0.036594566,0.030294016,0.19546819,False,False,False,0.00847352296113961,0.003062466,0.006300550000000002,False,False,False,False,False,False,False,False
5,test,20260204_100908_beam4_az109,20260204_100908,0,/home/tobeornot8259748/projects/balloon_radar_project/data/raw/detection_dataset/val/Background_IQ/IQ_Data/20260204_100908_beam4_az109.mat,0.0560293830931186,0.0505563840270042,0.6571148633956909,0.1652195304632187,False,False,False,0.050258037,0.050258037,0.0,False,False,False,0.050258037,0.0464344,0.083147705,False,False,False,0.050258037,0.040334508,0.2303573,False,False,False,0.005472999066114398,0.003823636999999998,0.009923529,False,False,False,False,False,False,False,False
5,test,20260204_100908_beam4_az118,20260204_100908,0,/home/tobeornot8259748/projects/balloon_radar_project/data/raw/detection_dataset/train/Background_IQ/IQ_Data/20260204_100908_beam4_az118.mat,0.0537996478378772,0.0485541000962257,0.6571102738380432,0.1645334213972091,False,False,False,0.047898814,0.047898814,0.0,False,False,False,0.047898814,0.044216357,0.08385613,False,False,False,0.047898814,0.035102393,0.32417193,False,False,False,0.0052455477416515,0.003682457,0.012796420999999995,False,False,False,False,False,False,False,False
5,test,20260204_100908_beam4_az127,20260204_100908,0,/home/tobeornot8259748/projects/balloon_radar_project/data/raw/detection_dataset/train/Background_IQ/IQ_Data/20260204_100908_beam4_az127.mat,0.059210255742073,0.0533330254256725,0.6571183204650879,0.1685642004013061,False,False,False,0.14988793,0.14988793,0.0,False,False,False,0.14988793,0.14319898,0.053490385,False,False,False,0.14988793,0.13287164,0.14032328,False,False,False,0.005877230316400493,0.006688949999999999,0.01701628999999999,False,False,False,False,False,False,False,False
5,test,20260204_100908_beam4_az136,20260204_100908,0,/home/tobeornot8259748/projects/balloon_radar_project/data/raw/detection_dataset/train/Background_IQ/IQ_Data/20260204_100908_beam4_az136.mat,0.072374016046524,0.0650025159120559,0.6571214199066162,0.1755179762840271,False,False,False,0.038220152,0.038220152,0.0,False,False,False,0.038220152,0.0350062,0.0911739,False,False,False,0.038220152,0.029538333,0.26666048,False,False,False,0.007371500134468106,0.003213951999999999,0.008681819,False,False,False,False,False,False,False,False
5,test,20260204_100908_beam4_az145,20260204_100908,0,/home/tobeornot8259748/projects/balloon_radar_project/data/raw/detection_dataset/test/Background_IQ/IQ_Data/20260204_100908_beam4_az145.mat,0.0742313712835311,0.066088393330574,0.6571053266525269,0.1901538968086242,False,False,False,0.028970804,0.028970804,0.0,False,False,False,0.028970804,0.026319465,0.098706365,False,False,False,0.028970804,0.020132203,0.37302902,False,False,False,0.008142977952957112,0.002651338999999999,0.008838600999999998,False,False,False,False,False,False,False,False
5,test,20260204_100908_beam4_az154,20260204_100908,0,/home/tobeornot8259748/projects/balloon_radar_project/data/raw/detection_dataset/train/Background_IQ/IQ_Data/20260204_100908_beam4_az154.mat,0.0710736662149429,0.0639507174491882,0.6570708751678467,0.1723448932170868,False,False,False,0.043474678,0.043474678,0.0,False,False,False,0.043474678,0.04007604,0.08494682,False,False,False,0.043474678,0.036228206,0.18988809,False,False,False,0.0071229487657547,0.0033986380000000024,0.007246472000000004,False,False,False,False,False,False,False,False
5,test,20260204_100908_beam4_az163,20260204_100908,0,/home/tobeornot8259748/projects/balloon_radar_project/data/raw/detection_dataset/val/Background_IQ/IQ_Data/20260204_100908_beam4_az163.mat,0.0739633813500404,0.0665648207068443,0.6571142673492432,0.1724990606307983,False,False,False,0.058286086,0.058286086,0.0,False,False,False,0.058286086,0.054157346,0.07784427,False,False,False,0.058286086,0.046947908,0.2282927,False,False,False,0.007398560643196092,0.004128739999999999,0.011338178000000004,False,False,False,False,False,False,False,False
5,test,20260204_100908_beam4_az172,20260204_100908,0,/home/tobeornot8259748/projects/balloon_radar_project/data/raw/detection_dataset/train/Background_IQ/IQ_Data/20260204_100908_beam4_az172.mat,0.0616496242582798,0.0555688142776489,0.6571183800697327,0.1678607910871505,False,False,False,0.07523044,0.07523044,0.0,False,False,False,0.07523044,0.07039951,0.07157998,False,False,False,0.07523044,0.05670715,0.30248785,False,False,False,0.006080809980630902,0.004830929999999997,0.018523289999999998,False,False,False,False,False,False,False,False
5,test,20260204_100908_beam4_az181,20260204_100908,0,/home/tobeornot8259748/projects/balloon_radar_project/data/raw/detection_dataset/val/Background_IQ/IQ_Data/20260204_100908_beam4_az181.mat,0.0950130522251129,0.0846521779894828,0.6571030616760254,0.1930396258831024,False,False,False,0.038735963,0.038735963,0.0,False,False,False,0.038735963,0.035626072,0.086920686,False,False,False,0.038735963,0.025062317,0.44952747,False,False,False,0.010360874235630105,0.0031098909999999966,0.013673645999999998,False,False,False,False,False,False,False,False
5,test,20260204_100908_beam4_az190,20260204_100908,0,/home/tobeornot8259748/projects/balloon_radar_project/data/raw/detection_dataset/train/Background_IQ/IQ_Data/20260204_100908_beam4_az190.mat,0.0789258852601051,0.0703429877758026,0.6571101546287537,0.1893157362937927,False,False,False,0.08147719,0.08147719,0.0,False,False,False,0.08147719,0.0765264,0.068062805,False,False,False,0.08147719,0.06567466,0.2326679,False,False,False,0.008582897484302507,0.0049507900000000105,0.01580253000000001,False,False,False,False,False,False,False,False
5,test,20260204_100908_beam4_az199,20260204_100908,0,/home/tobeornot8259748/projects/balloon_radar_project/data/raw/detection_dataset/train/Background_IQ/IQ_Data/20260204_100908_beam4_az199.mat,0.0745002552866935,0.0670389980077743,0.6571208834648132,0.1728107631206512,False,False,False,0.043884665,0.043884665,0.0,False,False,False,0.043884665,0.04050874,0.08357197,False,False,False,0.043884665,0.032667074,0.30686143,False,False,False,0.007461257278919206,0.003375925000000002,0.011217591000000006,False,False,False,False,False,False,False,False
5,test,20260204_100908_beam4_az208,20260204_100908,0,/home/tobeornot8259748/projects/balloon_radar_project/data/raw/detection_dataset/train/Background_IQ/IQ_Data/20260204_100908_beam4_az208.mat,0.0692894086241722,0.0624633654952049,0.6571183204650879,0.1689487099647522,False,False,False,0.042374805,0.042374805,0.0,False,False,False,0.042374805,0.039078236,0.08442482,False,False,False,0.042374805,0.03138613,0.31159738,False,False,False,0.006826043128967299,0.003296568999999999,0.010988675000000003,False,False,False,False,False,False,False,False
5,test,20260204_100908_beam4_az217,20260204_100908,0,/home/tobeornot8259748/projects/balloon_radar_project/data/raw/detection_dataset/train/Background_IQ/IQ_Data/20260204_100908_beam4_az217.mat,0.0761324763298034,0.0684453248977661,0.6571195125579834,0.1745891571044922,False,False,False,0.06457867,0.06457867,0.0,False,False,False,0.06457867,0.060247075,0.07405029,False,False,False,0.06457867,0.049819972,0.27512273,False,False,False,0.007687151432037298,0.0043315950000000075,0.014758698000000008,False,False,False,False,False,False,False,False
5,test,20260204_100908_beam4_az226,20260204_100908,0,/home/tobeornot8259748/projects/balloon_radar_project/data/raw/detection_dataset/train/Background_IQ/IQ_Data/20260204_100908_beam4_az226.mat,0.0589930228888988,0.0533292330801487,0.6570761203765869,0.1627446413040161,False,False,False,0.21817802,0.21817802,0.0,False,False,False,0.21817802,0.21047273,0.04576271,False,False,False,0.21817802,0.19849382,0.119418964,False,False,False,0.005663789808750104,0.0077052900000000035,0.019684200000000013,False,False,False,False,False,False,False,False
5,test,20260204_100908_beam4_az235,20260204_100908,0,/home/tobeornot8259748/projects/balloon_radar_project/data/raw/detection_dataset/train/Background_IQ/IQ_Data/20260204_100908_beam4_az235.mat,0.086632065474987,0.0776196867227554,0.6571208834648132,0.1821091473102569,False,False,False,0.060510084,0.060510084,0.0,False,False,False,0.060510084,0.056376416,0.0751492,False,False,False,0.060510084,0.044651028,0.3206723,False,False,False,0.009012378752231598,0.004133668,0.015859055999999996,False,False,False,False,False,False,False,False
5,test,20260204_100908_beam4_az244,20260204_100908,0,/home/tobeornot8259748/projects/balloon_radar_project/data/raw/detection_dataset/train/Background_IQ/IQ_Data/20260204_100908_beam4_az244.mat,0.0745002552866935,0.0663857534527778,0.6571045517921448,0.1887823045253753,False,False,False,0.04018556,0.04018556,0.0,False,False,False,0.04018556,0.037043154,0.08469264,False,False,False,0.04018556,0.028594784,0.3522871,False,False,False,0.00811450183391571,0.0031424060000000004,0.011590776,False,False,False,False,False,False,False,False
5,test,20260204_100908_beam4_az253,20260204_100908,0,/home/tobeornot8259748/projects/balloon_radar_project/data/raw/detection_dataset/train/Background_IQ/IQ_Data/20260204_100908_beam4_az253.mat,0.0826973393559455,0.0733054503798484,0.6570897698402405,0.1989667117595672,False,False,False,0.063299604,0.063299604,0.0,False,False,False,0.063299604,0.05888334,0.07702446,False,False,False,0.063299604,0.054822236,0.1527927,False,False,False,0.009391888976097107,0.004416263999999996,0.008477367999999992,False,False,False,False,False,False,False,False
5,test,20260204_100908_beam4_az262,20260204_100908,0,/home/tobeornot8259748/projects/balloon_radar_project/data/raw/detection_dataset/val/Background_IQ/IQ_Data/20260204_100908_beam4_az262.mat,0.0869416519999504,0.0779570713639259,0.6571186184883118,0.1808973401784896,False,False,False,0.03579529,0.03579529,0.0,False,False,False,0.03579529,0.032845963,0.08904162,False,False,False,0.03579529,0.02352998,0.43218145,False,False,False,0.008984580636024489,0.0029493270000000016,0.012265310000000001,False,False,False,False,False,False,False,False
5,test,20260204_100908_beam5_az001,20260204_100908,0,/home/tobeornot8259748/projects/balloon_radar_project/data/raw/detection_dataset/train/Background_IQ/IQ_Data/20260204_100908_beam5_az001.mat,0.1089450418949127,0.0966330915689468,0.657095730304718,0.2033873796463012,False,False,False,0.05367871,0.05367871,0.0,False,False,False,0.05367871,0.049850773,0.07801943,False,False,False,0.05367871,0.036972765,0.3903345,False,False,False,0.012311950325965909,0.0038279369999999965,0.016705945,False,False,False,False,False,False,False,False
5,test,20260204_100908_beam5_az010,20260204_100908,0,/home/tobeornot8259748/projects/balloon_radar_project/data/raw/detection_dataset/test/Background_IQ/IQ_Data/20260204_100908_beam5_az010.mat,0.105210542678833,0.0935644879937172,0.6571078300476074,0.1982079446315765,False,False,False,0.070508145,0.070508145,0.0,False,False,False,0.070508145,0.0659924,0.071035065,False,False,False,0.070508145,0.056742955,0.23189737,False,False,False,0.0116460546851158,0.004515744999999988,0.013765189999999997,False,False,False,False,False,False,False,False
5,test,20260204_100908_beam5_az019,20260204_100908,0,/home/tobeornot8259748/projects/balloon_radar_project/data/raw/detection_dataset/train/Background_IQ/IQ_Data/20260204_100908_beam5_az019.mat,0.0844927504658699,0.0749458521604538,0.6571023464202881,0.1982551217079162,False,False,False,0.21504982,0.21504982,0.0,False,False,False,0.21504982,0.20738451,0.046012834,False,False,False,0.21504982,0.19797923,0.10422168,False,False,False,0.009546898305416107,0.0076653100000000085,0.017070589999999997,False,False,False,False,False,False,False,False
5,test,20260204_100908_beam5_az028,20260204_100908,0,/home/tobeornot8259748/projects/balloon_radar_project/data/raw/detection_dataset/val/Background_IQ/IQ_Data/20260204_100908_beam5_az028.mat,0.07696083933115,0.0692295879125595,0.6571216583251953,0.1738024353981018,False,False,False,0.04125525,0.04125525,0.0,False,False,False,0.04125525,0.038022052,0.084978886,False,False,False,0.04125525,0.032109596,0.26011753,False,False,False,0.007731251418590504,0.0032331979999999996,0.009145654000000003,False,False,False,False,False,False,False,False
5,test,20260204_100908_beam5_az037,20260204_100908,0,/home/tobeornot8259748/projects/balloon_radar_project/data/raw/detection_dataset/train/Background_IQ/IQ_Data/20260204_100908_beam5_az037.mat,0.0930168107151985,0.0819092914462089,0.6570857763290405,0.2120574414730072,False,False,False,0.06391158,0.06391158,0.0,False,False,False,0.06391158,0.059666462,0.073255196,False,False,False,0.06391158,0.05235327,0.21175824,False,False,False,0.011107519268989605,0.004245117999999992,0.011558309999999995,False,False,False,False,False,False,False,False
5,test,20260204_100908_beam5_az046,20260204_100908,0,/home/tobeornot8259748/projects/balloon_radar_project/data/raw/detection_dataset/val/Background_IQ/IQ_Data/20260204_100908_beam5_az046.mat,0.0824015066027641,0.073780171573162,0.6571031808853149,0.1824150085449218,False,False,False,0.120669335,0.120669335,0.0,False,False,False,0.120669335,0.114458315,0.059881907,False,False,False,0.120669335,0.10640308,0.14191331,False,False,False,0.008621335029602106,0.006211019999999998,0.014266255000000005,False,False,False,False,False,False,False,False
5,test,20260204_100908_beam5_az055,20260204_100908,0,/home/tobeornot8259748/projects/balloon_radar_project/data/raw/detection_dataset/train/Background_IQ/IQ_Data/20260204_100908_beam5_az055.mat,0.0872522443532943,0.0788649842143058,0.657113790512085,0.1677230894565582,False,False,False,0.097579725,0.097579725,0.0,False,False,False,0.097579725,0.092076205,0.06413346,False,False,False,0.097579725,0.08515083,0.14992458,False,False,False,0.008387260138988509,0.005503520000000012,0.01242889500000001,False,False,False,False,False,False,False,False
5,test,20260204_100908_beam5_az064,20260204_100908,0,/home/tobeornot8259748/projects/balloon_radar_project/data/raw/detection_dataset/train/Background_IQ/IQ_Data/20260204_100908_beam5_az064.mat,0.0953494533896446,0.084656037390232,0.6571108102798462,0.198906272649765,False,False,False,0.08609858,0.08609858,0.0,False,False,False,0.08609858,0.08062469,0.07165961,False,False,False,0.08609858,0.072442204,0.18753633,False,False,False,0.010693415999412592,0.005473889999999995,0.013656375999999998,False,False,False,False,False,False,False,False
5,test,20260204_100908_beam5_az073,20260204_100908,0,/home/tobeornot8259748/projects/balloon_radar_project/data/raw/detection_dataset/val/Background_IQ/IQ_Data/20260204_100908_beam5_az073.mat,0.0900929942727088,0.0804412886500358,0.6571182012557983,0.1884991526603698,False,False,False,0.062207855,0.062207855,0.0,False,False,False,0.062207855,0.057782423,0.078504555,False,False,False,0.062207855,0.05073249,0.21607712,False,False,False,0.009651705622672993,0.004425432,0.011475365000000001,False,False,False,False,False,False,False,False
5,test,20260204_100908_beam5_az082,20260204_100908,0,/home/tobeornot8259748/projects/balloon_radar_project/data/raw/detection_dataset/train/Background_IQ/IQ_Data/20260204_100908_beam5_az082.mat,0.0832919254899025,0.0744495242834091,0.6571103930473328,0.1854021996259689,False,False,False,0.055388477,0.055388477,0.0,False,False,False,0.055388477,0.05125331,0.081959486,False,False,False,0.055388477,0.042422846,0.28031713,False,False,False,0.008842401206493392,0.004135166999999995,0.012965630999999998,False,False,False,False,False,False,False,False
5,test,20260204_100908_beam5_az091,20260204_100908,0,/home/tobeornot8259748/projects/balloon_radar_project/data/raw/detection_dataset/train/Background_IQ/IQ_Data/20260204_100908_beam5_az091.mat,0.0888202935457229,0.0801091864705085,0.6571161150932312,0.171566754579544,False,False,False,0.054110974,0.054110974,0.0,False,False,False,0.054110974,0.050168954,0.07979952,False,False,False,0.054110974,0.037396394,0.38697916,False,False,False,0.0087111070752144,0.0039420199999999975,0.01671458,False,False,False,False,False,False,False,False
5,test,20260204_100908_beam5_az100,20260204_100908,0,/home/tobeornot8259748/projects/balloon_radar_project/data/raw/detection_dataset/test/Background_IQ/IQ_Data/20260204_100908_beam5_az100.mat,0.1157606467604637,0.1031863838434219,0.657106339931488,0.1964794397354126,False,False,False,0.051345337,0.051345337,0.0,False,False,False,0.051345337,0.047624096,0.07915016,False,False,False,0.051345337,0.040944166,0.23726904,False,False,False,0.012574262917041806,0.003721241,0.010401171,False,False,False,False,False,False,False,False
5,test,20260204_100908_beam5_az109,20260204_100908,0,/home/tobeornot8259748/projects/balloon_radar_project/data/raw/detection_dataset/train/Background_IQ/IQ_Data/20260204_100908_beam5_az109.mat,0.0812277570366859,0.0725312605500221,0.6571155786514282,0.1866646409034729,False,False,False,0.10819705,0.10819705,0.0,False,False,False,0.10819705,0.10248232,0.060651556,False,False,False,0.10819705,0.09391721,0.15742579,False,False,False,0.008696496486663804,0.005714730000000001,0.014279840000000002,False,False,False,False,False,False,False,False
5,test,20260204_100908_beam5_az118,20260204_100908,0,/home/tobeornot8259748/projects/balloon_radar_project/data/raw/detection_dataset/test/Background_IQ/IQ_Data/20260204_100908_beam5_az118.mat,0.0731647238135337,0.0659150853753089,0.6571189165115356,0.1706501841545105,False,False,False,0.06193082,0.06193082,0.0,False,False,False,0.06193082,0.05775998,0.074158184,False,False,False,0.06193082,0.050654057,0.21294837,False,False,False,0.007249638438224806,0.004170839999999995,0.011276762999999995,False,False,False,False,False,False,False,False
5,test,20260204_100908_beam5_az127,20260204_100908,0,/home/tobeornot8259748/projects/balloon_radar_project/data/raw/detection_dataset/test/Background_IQ/IQ_Data/20260204_100908_beam5_az127.mat,0.0888202935457229,0.079263187944889,0.657113790512085,0.1891233026981353,False,False,False,0.06135192,0.06135192,0.0,False,False,False,0.06135192,0.05704869,0.07729534,False,False,False,0.06135192,0.050265547,0.21104829,False,False,False,0.009557105600833907,0.004303229999999998,0.011086372999999997,False,False,False,False,False,False,False,False
5,test,20260204_100908_beam5_az136,20260204_100908,0,/home/tobeornot8259748/projects/balloon_radar_project/data/raw/detection_dataset/train/Background_IQ/IQ_Data/20260204_100908_beam5_az136.mat,0.0878764390945434,0.0793697237968444,0.6570965051651001,0.1690739840269088,False,False,False,0.06307385,0.06307385,0.0,False,False,False,0.06307385,0.05876791,0.07529534,False,False,False,0.06307385,0.05182389,0.20839082,False,False,False,0.008506715297699002,0.004305940000000001,0.011249960000000003,False,False,False,False,False,False,False,False
5,test,20260204_100908_beam5_az145,20260204_100908,0,/home/tobeornot8259748/projects/balloon_radar_project/data/raw/detection_dataset/test/Background_IQ/IQ_Data/20260204_100908_beam5_az145.mat,0.0775176584720611,0.0697575733065605,0.6571239829063416,0.1732653081417083,False,False,False,0.032426994,0.032426994,0.0,False,False,False,0.032426994,0.029633876,0.092955634,False,False,False,0.032426994,0.024156768,0.3029377,False,False,False,0.007760085165500599,0.0027931180000000007,0.008270226000000002,False,False,False,False,False,False,False,False
5,test,20260204_100908_beam5_az154,20260204_100908,0,/home/tobeornot8259748/projects/balloon_radar_project/data/raw/detection_dataset/val/Background_IQ/IQ_Data/20260204_100908_beam5_az154.mat,0.0977343246340751,0.0860270336270332,0.6570846438407898,0.2137974798679351,False,False,False,0.059428543,0.059428543,0.0,False,False,False,0.059428543,0.055094864,0.08031508,False,False,False,0.059428543,0.04799283,0.22580788,False,False,False,0.01170729100704189,0.004333679,0.011435713,False,False,False,False,False,False,False,False
5,test,20260204_100908_beam5_az163,20260204_100908,0,/home/tobeornot8259748/projects/balloon_radar_project/data/raw/detection_dataset/train/Background_IQ/IQ_Data/20260204_100908_beam5_az163.mat,0.101589448750019,0.0894882827997207,0.6570775508880615,0.2133867442607879,False,False,False,0.046361614,0.046361614,0.0,False,False,False,0.046361614,0.042868152,0.08199942,False,False,False,0.046361614,0.036557674,0.24780864,False,False,False,0.01210116595029831,0.0034934620000000027,0.009803940000000004,False,False,False,False,False,False,False,False
5,test,20260204_100908_beam5_az172,20260204_100908,0,/home/tobeornot8259748/projects/balloon_radar_project/data/raw/detection_dataset/test/Background_IQ/IQ_Data/20260204_100908_beam5_az172.mat,0.0815197601914405,0.0737279057502746,0.6570666432380676,0.1657543331384658,False,False,False,0.043257494,0.043257494,0.0,False,False,False,0.043257494,0.039775524,0.08755154,False,False,False,0.043257494,0.033922512,0.25280145,False,False,False,0.007791854441165896,0.003481970000000001,0.009334981999999999,False,False,False,False,False,False,False,False
5,test,20260204_100908_beam5_az181,20260204_100908,0,/home/tobeornot8259748/projects/balloon_radar_project/data/raw/detection_dataset/train/Background_IQ/IQ_Data/20260204_100908_beam5_az181.mat,0.100172221660614,0.089051216840744,0.6570969820022583,0.1977826505899429,False,False,False,0.05485199,0.05485199,0.0,False,False,False,0.05485199,0.050969284,0.077514805,False,False,False,0.05485199,0.038322285,0.37594485,False,False,False,0.011121004819869995,0.0038827060000000066,0.016529705000000006,False,False,False,False,False,False,False,False
5,test,20260204_100908_beam5_az190,20260204_100908,0,/home/tobeornot8259748/projects/balloon_radar_project/data/raw/detection_dataset/train/Background_IQ/IQ_Data/20260204_100908_beam5_az190.mat,0.0878764390945434,0.0792515128850936,0.6570649743080139,0.1715457886457443,False,False,False,0.058021035,0.058021035,0.0,False,False,False,0.058021035,0.053936593,0.07732309,False,False,False,0.058021035,0.046055004,0.24359223,False,False,False,0.008624926209449796,0.004084442000000001,0.011966031000000002,False,False,False,False,False,False,False,False
5,test,20260204_100908_beam5_az199,20260204_100908,0,/home/tobeornot8259748/projects/balloon_radar_project/data/raw/detection_dataset/val/Background_IQ/IQ_Data/20260204_100908_beam5_az199.mat,0.0980793163180351,0.0872131809592247,0.6571018099784851,0.1969205439090728,False,False,False,0.041423347,0.041423347,0.0,False,False,False,0.041423347,0.03817638,0.08500915,False,False,False,0.041423347,0.030901084,0.30397063,False,False,False,0.010866135358810397,0.0032469669999999964,0.010522263,False,False,False,False,False,False,False,False
5,test,20260204_100908_beam5_az208,20260204_100908,0,/home/tobeornot8259748/projects/balloon_radar_project/data/raw/detection_dataset/train/Background_IQ/IQ_Data/20260204_100908_beam5_az208.mat,0.0829941481351852,0.0750072374939918,0.6571179032325745,0.16718091070652,False,False,False,0.04498345,0.04498345,0.0,False,False,False,0.04498345,0.04136224,0.08771086,False,False,False,0.04498345,0.035977177,0.23279615,False,False,False,0.007986910641193404,0.0036212099999999997,0.009006273000000002,False,False,False,False,False,False,False,False
5,test,20260204_100908_beam5_az217,20260204_100908,0,/home/tobeornot8259748/projects/balloon_radar_project/data/raw/detection_dataset/train/Background_IQ/IQ_Data/20260204_100908_beam5_az217.mat,0.0847954079508781,0.075612835586071,0.6571112275123596,0.1896160393953323,False,False,False,0.066234566,0.066234566,0.0,False,False,False,0.066234566,0.061810087,0.07386295,False,False,False,0.066234566,0.054284815,0.2116741,False,False,False,0.009182572364807101,0.004424478999999995,0.011949750999999995,False,False,False,False,False,False,False,False
5,test,20260204_100908_beam5_az226,20260204_100908,0,/home/tobeornot8259748/projects/balloon_radar_project/data/raw/detection_dataset/train/Background_IQ/IQ_Data/20260204_100908_beam5_az226.mat,0.0850990414619445,0.0767370611429214,0.657094419002533,0.1712528467178344,False,False,False,0.041615415,0.041615415,0.0,False,False,False,0.041615415,0.03820119,0.08916018,False,False,False,0.041615415,0.034105282,0.20682427,False,False,False,0.00836198031902309,0.003414225,0.007510133000000002,False,False,False,False,False,False,False,False
5,test,20260204_100908_beam5_az235,20260204_100908,0,/home/tobeornot8259748/projects/balloon_radar_project/data/raw/detection_dataset/train/Background_IQ/IQ_Data/20260204_100908_beam5_az235.mat,0.0838903859257698,0.0752911046147346,0.6571189165115356,0.1787986755371093,False,False,False,0.059485488,0.059485488,0.0,False,False,False,0.059485488,0.055402547,0.075438485,False,False,False,0.059485488,0.047214784,0.24398783,False,False,False,0.008599281311035212,0.004082941,0.012270704,False,False,False,False,False,False,False,False
5,test,20260204_100908_beam5_az244,20260204_100908,0,/home/tobeornot8259748/projects/balloon_radar_project/data/raw/detection_dataset/train/Background_IQ/IQ_Data/20260204_100908_beam5_az244.mat,0.0854036659002304,0.0765241086483001,0.657114565372467,0.1817720979452133,False,False,False,0.055649012,0.055649012,0.0,False,False,False,0.055649012,0.051731873,0.0771297,False,False,False,0.055649012,0.043506246,0.2589362,False,False,False,0.008879557251930292,0.003917139,0.012142766,False,False,False,False,False,False,False,False
5,test,20260204_100908_beam5_az253,20260204_100908,0,/home/tobeornot8259748/projects/balloon_radar_project/data/raw/detection_dataset/train/Background_IQ/IQ_Data/20260204_100908_beam5_az253.mat,0.113973468542099,0.1008801385760307,0.657097578048706,0.2080392837524414,False,False,False,0.035905283,0.035905283,0.0,False,False,False,0.035905283,0.032955565,0.08877925,False,False,False,0.035905283,0.024952257,0.37521708,False,False,False,0.013093329966068296,0.002949718000000004,0.010953026000000005,False,False,False,False,False,False,False,False
5,test,20260204_100908_beam5_az262,20260204_100908,0,/home/tobeornot8259748/projects/balloon_radar_project/data/raw/detection_dataset/train/Background_IQ/IQ_Data/20260204_100908_beam5_az262.mat,0.0824015066027641,0.0740401446819305,0.6571219563484192,0.1766295135021209,False,False,False,0.04878091,0.04878091,0.0,False,False,False,0.04878091,0.04517171,0.08065519,False,False,False,0.04878091,0.036947418,0.290207,False,False,False,0.008361361920833602,0.0036092,0.011833491999999994,False,False,False,False,False,False,False,False
5,test,20260202_145020_beam1,20260202_145020,1,/home/tobeornot8259748/projects/balloon_radar_project/data/raw/detection_dataset/train/UAV_IQ/IQ_Data/20260202_145020_beam1.mat,0.986415684223175,0.9864137768745422,0.0044884653761982,0.0307161472737789,True,False,True,0.995154,0.995154,0.0,True,False,True,0.995154,0.9951397,0.002960773,True,False,True,0.995154,0.9951373,0.0034556864,True,False,True,1.9073486328125e-06,1.4300000000022628e-05,1.669999999998062e-05,False,False,False,False,False,False,False,False
5,test,20260202_145020_beam2,20260202_145020,1,/home/tobeornot8259748/projects/balloon_radar_project/data/raw/detection_dataset/train/UAV_IQ/IQ_Data/20260202_145020_beam2.mat,0.9853278994560242,0.985326051712036,0.0044865906238555,0.0290494579821825,True,False,True,0.9950348,0.9950348,0.0,True,False,True,0.9950348,0.9950199,0.0030029132,True,False,True,0.9950348,0.99501747,0.0034844216,True,False,True,1.8477439881481317e-06,1.4900000000039881e-05,1.7330000000037593e-05,False,False,False,False,False,False,False,False
5,test,20260202_145020_beam3,20260202_145020,1,/home/tobeornot8259748/projects/balloon_radar_project/data/raw/detection_dataset/train/UAV_IQ/IQ_Data/20260202_145020_beam3.mat,0.9845160245895386,0.984514057636261,0.0044832630082964,0.0288857854902744,True,False,True,0.99438345,0.99438345,0.0,True,False,True,0.99438345,0.99436617,0.0030932645,True,False,True,0.99438345,0.99436355,0.0035624113,True,False,True,1.9669532775878906e-06,1.7279999999897377e-05,1.9899999999961615e-05,False,False,False,False,False,False,False,False
5,test,20260202_145020_beam4,20260202_145020,1,/home/tobeornot8259748/projects/balloon_radar_project/data/raw/detection_dataset/train/UAV_IQ/IQ_Data/20260202_145020_beam4.mat,0.9707987308502196,0.9707958102226256,0.0044725094921886,0.022730903699994,True,False,True,0.9867306,0.9867306,0.0,True,False,True,0.9867306,0.9866788,0.0039449236,True,False,True,0.9867306,0.9866629,0.005158641,True,False,True,2.9206275939941406e-06,5.1800000000046253e-05,6.770000000000387e-05,False,False,False,False,False,False,False,False
5,test,20260202_145028_beam1,20260202_145028,1,/home/tobeornot8259748/projects/balloon_radar_project/data/raw/detection_dataset/train/UAV_IQ/IQ_Data/20260202_145028_beam1.mat,0.7655933499336243,0.7655325531959534,0.0099588753655552,0.0339802950620651,True,False,True,0.76116407,0.76116407,0.0,True,False,True,0.76116407,0.75860035,0.014050846,True,False,True,0.76116407,0.75576055,0.029496837,True,False,True,6.079673767089844e-05,0.002563719999999936,0.005403519999999995,False,False,False,False,False,False,False,False
5,test,20260202_145028_beam2,20260202_145028,1,/home/tobeornot8259748/projects/balloon_radar_project/data/raw/detection_dataset/train/UAV_IQ/IQ_Data/20260202_145028_beam2.mat,0.9693241715431212,0.9693172574043274,0.0045588742941617,0.0516016781330108,True,False,True,0.96235526,0.96235526,0.0,True,False,True,0.96235526,0.96214825,0.0056999642,True,False,True,0.96235526,0.96205115,0.008361983,True,False,True,6.91413879383429e-06,0.00020701000000000747,0.0003041100000000796,False,False,False,False,False,False,False,False
5,test,20260202_145028_beam3,20260202_145028,1,/home/tobeornot8259748/projects/balloon_radar_project/data/raw/detection_dataset/train/UAV_IQ/IQ_Data/20260202_145028_beam3.mat,0.9230391979217528,0.923023283481598,0.0048156082630157,0.0464324727654457,True,False,False,0.8829601,0.8829601,0.0,True,False,True,0.8829601,0.8819826,0.0094245225,True,False,True,0.8829601,0.88112587,0.017629366,True,False,True,1.5914440154807252e-05,0.0009775000000000755,0.0018342300000000478,False,False,False,True,False,False,False,True
5,test,20260202_145037_beam1,20260202_145037,1,/home/tobeornot8259748/projects/balloon_radar_project/data/raw/detection_dataset/train/UAV_IQ/IQ_Data/20260202_145037_beam1.mat,0.9149009585380554,0.9148947596549988,0.0047180689871311,0.0169259347021579,True,False,True,0.9718022,0.9718022,0.0,True,False,True,0.9718022,0.9716619,0.0051056277,True,False,True,0.9718022,0.9716052,0.007162042,True,False,True,6.198883056640625e-06,0.0001402999999999821,0.00019700000000000273,False,False,False,False,False,False,False,False
5,test,20260202_145037_beam2,20260202_145037,1,/home/tobeornot8259748/projects/balloon_radar_project/data/raw/detection_dataset/train/UAV_IQ/IQ_Data/20260202_145037_beam2.mat,0.9759464263916016,0.9759432673454284,0.0044749216176569,0.030716884881258,True,False,True,0.963017,0.963017,0.0,True,False,True,0.963017,0.9628134,0.0057020755,True,False,True,0.963017,0.96273106,0.008000155,True,False,True,3.1590461732067254e-06,0.00020359999999997047,0.00028594000000004005,False,False,False,False,False,False,False,False
5,test,20260202_145037_beam3,20260202_145037,1,/home/tobeornot8259748/projects/balloon_radar_project/data/raw/detection_dataset/train/UAV_IQ/IQ_Data/20260202_145037_beam3.mat,0.974821150302887,0.9748172163963318,0.004476492293179,0.0360913909971714,True,False,True,0.9870034,0.9870034,0.0,True,False,True,0.9870034,0.98695314,0.003910931,True,False,True,0.9870034,0.98693955,0.0049691414,True,False,True,3.933906555175781e-06,5.025999999996866e-05,6.384999999997643e-05,False,False,False,False,False,False,False,False
5,test,20260202_145045_beam1,20260202_145045,1,/home/tobeornot8259748/projects/balloon_radar_project/data/raw/detection_dataset/train/UAV_IQ/IQ_Data/20260202_145045_beam1.mat,0.9244152307510376,0.924107789993286,0.0057602790184319,0.7622700929641724,True,False,True,0.9454843,0.9454843,0.0,True,False,True,0.9454843,0.94514215,0.006617996,True,False,True,0.9454843,0.9449305,0.010694568,True,False,True,0.00030744075775157587,0.00034215000000004103,0.0005538000000000487,False,False,False,False,False,False,False,False
5,test,20260202_145045_beam2,20260202_145045,1,/home/tobeornot8259748/projects/balloon_radar_project/data/raw/detection_dataset/train/UAV_IQ/IQ_Data/20260202_145045_beam2.mat,0.9832789301872252,0.9832436442375184,0.0045029302127659,0.4754020571708679,True,False,True,0.9962212,0.9962212,0.0,True,False,True,0.9962212,0.9962108,0.002764863,True,False,True,0.9962212,0.996209,0.0032211742,True,False,True,3.5285949706809205e-05,1.0400000000077014e-05,1.2200000000017752e-05,False,False,False,False,False,False,False,False
5,test,20260202_145045_beam3,20260202_145045,1,/home/tobeornot8259748/projects/balloon_radar_project/data/raw/detection_dataset/train/UAV_IQ/IQ_Data/20260202_145045_beam3.mat,0.929440438747406,0.9292868971824646,0.0054070744663476,0.432266503572464,True,False,True,0.9482354,0.9482354,0.0,True,False,True,0.9482354,0.9479164,0.006479498,True,False,True,0.9482354,0.94773734,0.0101010455,True,False,True,0.00015354156494140625,0.0003189999999999582,0.0004980599999999669,False,False,False,False,False,False,False,False
5,test,20260202_145045_beam4,20260202_145045,1,/home/tobeornot8259748/projects/balloon_radar_project/data/raw/detection_dataset/train/UAV_IQ/IQ_Data/20260202_145045_beam4.mat,0.2093080133199691,0.2043330520391464,0.5500441789627075,0.0551371425390243,False,False,False,0.350121,0.350121,0.0,False,False,False,0.350121,0.3426275,0.03309971,False,False,False,0.350121,0.33469608,0.06851372,False,False,False,0.004974961280822698,0.007493500000000042,0.015424920000000009,False,False,False,False,False,False,False,False
5,test,20260202_145053_beam1,20260202_145053,1,/home/tobeornot8259748/projects/balloon_radar_project/data/raw/detection_dataset/train/UAV_IQ/IQ_Data/20260202_145053_beam1.mat,0.972309708595276,0.972307026386261,0.0044706840999424,0.0221061166375875,True,False,True,0.99259734,0.99259734,0.0,True,False,True,0.99259734,0.992573,0.0033167999,True,False,True,0.99259734,0.9925684,0.003947521,True,False,True,2.6822090150036004e-06,2.4339999999956063e-05,2.8939999999977317e-05,False,False,False,False,False,False,False,False
5,test,20260202_145053_beam2,20260202_145053,1,/home/tobeornot8259748/projects/balloon_radar_project/data/raw/detection_dataset/train/UAV_IQ/IQ_Data/20260202_145053_beam2.mat,0.9832789301872252,0.9832768440246582,0.0044804997742176,0.0277157127857208,True,False,True,0.99625224,0.99625224,0.0,True,False,True,0.99625224,0.9962419,0.0027795653,True,False,True,0.99625224,0.99624074,0.0030814519,True,False,True,2.0861625670276496e-06,1.0339999999997573e-05,1.1500000000053134e-05,False,False,False,False,False,False,False,False
5,test,20260202_145053_beam3,20260202_145053,1,/home/tobeornot8259748/projects/balloon_radar_project/data/raw/detection_dataset/train/UAV_IQ/IQ_Data/20260202_145053_beam3.mat,0.983970820903778,0.9839688539505004,0.0044798236340284,0.0287921950221061,True,False,True,0.9953614,0.9953614,0.0,True,False,True,0.9953614,0.9953478,0.0029271566,True,False,True,0.9953614,0.9953458,0.0033672566,True,False,True,1.9669532775878906e-06,1.3599999999946988e-05,1.56000000000045e-05,False,False,False,False,False,False,False,False
5,test,20260202_145053_beam4,20260202_145053,1,/home/tobeornot8259748/projects/balloon_radar_project/data/raw/detection_dataset/train/UAV_IQ/IQ_Data/20260202_145053_beam4.mat,0.9792749285697936,0.9792728424072266,0.004489526618272,0.0225365199148654,True,False,True,0.9563578,0.9563578,0.0,True,False,True,0.9563578,0.95610476,0.0060433485,True,False,True,0.9563578,0.9559679,0.00929978,True,False,True,2.0861625670276496e-06,0.0002530400000000377,0.0003899000000000541,False,False,False,False,False,False,False,False
5,test,20260202_145102_beam1,20260202_145102,1,/home/tobeornot8259748/projects/balloon_radar_project/data/raw/detection_dataset/train/UAV_IQ/IQ_Data/20260202_145102_beam1.mat,0.9902915358543396,0.9902897477149964,0.0045037129893898,0.0395030751824379,True,False,True,0.998175,0.998175,0.0,True,False,True,0.998175,0.99817073,0.0023353759,True,False,True,0.998175,0.9981705,0.0025242197,True,False,True,1.7881393431506964e-06,4.270000000028418e-06,4.500000000073889e-06,False,False,False,False,False,False,False,False
5,test,20260202_145102_beam2,20260202_145102,1,/home/tobeornot8259748/projects/balloon_radar_project/data/raw/detection_dataset/train/UAV_IQ/IQ_Data/20260202_145102_beam2.mat,0.9901019334793092,0.9901002049446106,0.0045055691152811,0.0386487990617752,True,False,True,0.998049,0.998049,0.0,True,False,True,0.998049,0.99804425,0.002382468,True,False,True,0.998049,0.9980439,0.0025592123,True,False,True,1.7285346985973504e-06,4.7499999999978115e-06,5.0999999999801204e-06,False,False,False,False,False,False,False,False
5,test,20260202_145102_beam3,20260202_145102,1,/home/tobeornot8259748/projects/balloon_radar_project/data/raw/detection_dataset/train/UAV_IQ/IQ_Data/20260202_145102_beam3.mat,0.9904406070709229,0.9904389381408693,0.0045076506212353,0.039394311606884,True,False,True,0.9983924,0.9983924,0.0,True,False,True,0.9983924,0.9983889,0.0022766187,True,False,True,0.9983924,0.9983885,0.002434266,True,False,True,1.6689300535999152e-06,3.4999999999341114e-06,3.899999999945614e-06,False,False,False,False,False,False,False,False
5,test,20260202_145102_beam4,20260202_145102,1,/home/tobeornot8259748/projects/balloon_radar_project/data/raw/detection_dataset/train/UAV_IQ/IQ_Data/20260202_145102_beam4.mat,0.9779677391052246,0.9779652953147888,0.0044712400995194,0.024767380207777,True,False,True,0.99557096,0.99557096,0.0,True,False,True,0.99557096,0.99555814,0.002872862,True,False,True,0.99557096,0.9955564,0.0032933292,True,False,True,2.4437904357910156e-06,1.2820000000024478e-05,1.4559999999996798e-05,False,False,False,False,False,False,False,False
5,test,20260202_145102_beam5,20260202_145102,1,/home/tobeornot8259748/projects/balloon_radar_project/data/raw/detection_dataset/train/UAV_IQ/IQ_Data/20260202_145102_beam5.mat,0.9577545523643494,0.9577513337135316,0.0045111584477126,0.0174037180840969,True,False,True,0.94846535,0.94846535,0.0,True,False,False,0.94846535,0.9481472,0.006490479,True,False,False,0.94846535,0.9479939,0.009605262,True,False,False,3.2186508177600714e-06,0.00031815000000001703,0.0004714500000000399,False,False,True,False,False,False,True,False
5,test,20260202_145110_beam1,20260202_145110,1,/home/tobeornot8259748/projects/balloon_radar_project/data/raw/detection_dataset/train/UAV_IQ/IQ_Data/20260202_145110_beam1.mat,0.988447368144989,0.988445281982422,0.0044946740381419,0.0401701964437961,True,False,True,0.98429596,0.98429596,0.0,True,False,True,0.98429596,0.9842312,0.0041789035,True,False,True,0.98429596,0.9842142,0.0052710515,True,False,True,2.0861625670276496e-06,6.475999999999704e-05,8.175999999993078e-05,False,False,False,False,False,False,False,False
5,test,20260202_145110_beam2,20260202_145110,1,/home/tobeornot8259748/projects/balloon_radar_project/data/raw/detection_dataset/train/UAV_IQ/IQ_Data/20260202_145110_beam2.mat,0.9798997044563292,0.979897439479828,0.0044750580564141,0.0265764817595481,True,False,True,0.9629518,0.9629518,0.0,True,False,True,0.9629518,0.9627475,0.0057092933,True,False,True,0.9629518,0.96267164,0.007824978,True,False,True,2.264976501242799e-06,0.0002043000000000461,0.00028015999999997376,False,False,False,False,False,False,False,False
5,test,20260202_145110_beam3,20260202_145110,1,/home/tobeornot8259748/projects/balloon_radar_project/data/raw/detection_dataset/train/UAV_IQ/IQ_Data/20260202_145110_beam3.mat,0.9885804057121276,0.9885785579681396,0.0044980314560234,0.0365330129861831,True,False,True,0.99418515,0.99418515,0.0,True,False,True,0.99418515,0.9941671,0.0031070071,True,False,True,0.99418515,0.99416393,0.0036682228,True,False,True,1.847743987926087e-06,1.8049999999991684e-05,2.121999999993296e-05,False,False,False,False,False,False,False,False
5,test,20260202_145110_beam4,20260202_145110,1,/home/tobeornot8259748/projects/balloon_radar_project/data/raw/detection_dataset/train/UAV_IQ/IQ_Data/20260202_145110_beam4.mat,0.9418684244155884,0.941863477230072,0.0045326184481382,0.0199413336813449,True,False,True,0.9688861,0.9688861,0.0,True,False,False,0.9688861,0.96872586,0.005302211,True,False,False,0.9688861,0.9686701,0.0071382374,True,False,False,4.947185516357422e-06,0.00016023999999992267,0.00021599999999999397,False,False,True,False,False,False,True,False
5,test,20260202_145118_beam1,20260202_145118,1,/home/tobeornot8259748/projects/balloon_radar_project/data/raw/detection_dataset/train/UAV_IQ/IQ_Data/20260202_145118_beam1.mat,0.9835337996482848,0.9835317134857178,0.0044773207046091,0.0295516774058341,True,False,True,0.9829155,0.9829155,0.0,True,False,True,0.9829155,0.9828431,0.004309694,True,False,True,0.9829155,0.9828194,0.005711868,True,False,True,2.0861625670276496e-06,7.240000000008351e-05,9.610000000004337e-05,False,False,False,False,False,False,False,False
5,test,20260202_145118_beam2,20260202_145118,1,/home/tobeornot8259748/projects/balloon_radar_project/data/raw/detection_dataset/train/UAV_IQ/IQ_Data/20260202_145118_beam2.mat,0.9857181310653688,0.9857161641120912,0.0044855857267975,0.0304824616760015,True,False,True,0.9964612,0.9964612,0.0,True,False,True,0.9964612,0.9964515,0.0027387156,True,False,True,0.9964612,0.9964498,0.0031928523,True,False,True,1.9669532775878906e-06,9.700000000001374e-06,1.1399999999994748e-05,False,False,False,False,False,False,False,False
5,test,20260202_145118_beam3,20260202_145118,1,/home/tobeornot8259748/projects/balloon_radar_project/data/raw/detection_dataset/train/UAV_IQ/IQ_Data/20260202_145118_beam3.mat,0.9904035329818726,0.9904019236564636,0.0045051877386868,0.0393042676150798,True,False,True,0.9957908,0.9957908,0.0,True,False,True,0.9957908,0.9957788,0.0028588325,True,False,True,0.9957908,0.9957768,0.003319808,True,False,True,1.6093254089355469e-06,1.2000000000012001e-05,1.399999999995849e-05,False,False,False,False,False,False,False,False
5,test,20260202_145118_beam4,20260202_145118,1,/home/tobeornot8259748/projects/balloon_radar_project/data/raw/detection_dataset/train/UAV_IQ/IQ_Data/20260202_145118_beam4.mat,0.9895513653755188,0.98954975605011,0.0045001097023487,0.0361402705311775,True,False,True,0.9884116,0.9884116,0.0,True,False,True,0.9884116,0.9883682,0.0037846928,True,False,True,0.9884116,0.98835653,0.004793785,True,False,True,1.6093254088245246e-06,4.339999999991573e-05,5.506999999993489e-05,False,False,False,False,False,False,False,False
5,test,20260202_145126_beam1,20260202_145126,1,/home/tobeornot8259748/projects/balloon_radar_project/data/raw/detection_dataset/train/UAV_IQ/IQ_Data/20260202_145126_beam1.mat,0.976758062839508,0.9767552018165588,0.0044761248864233,0.0285326521843671,True,False,True,0.9785124,0.9785124,0.0,True,False,True,0.9785124,0.9784142,0.0046645226,True,False,True,0.9785124,0.97837317,0.006603828,True,False,True,2.8610229491077277e-06,9.819999999993723e-05,0.00013922999999993468,False,False,False,False,False,False,False,False
5,test,20260202_145126_beam2,20260202_145126,1,/home/tobeornot8259748/projects/balloon_radar_project/data/raw/detection_dataset/train/UAV_IQ/IQ_Data/20260202_145126_beam2.mat,0.9891815781593324,0.9891798496246338,0.0044961362145841,0.036182876676321,True,False,True,0.9941049,0.9941049,0.0,True,False,True,0.9941049,0.9940864,0.0031530128,True,False,True,0.9941049,0.9940819,0.003916157,True,False,True,1.7285346985973504e-06,1.8499999999921357e-05,2.2999999999995246e-05,False,False,False,False,False,False,False,False
5,test,20260202_145126_beam3,20260202_145126,1,/home/tobeornot8259748/projects/balloon_radar_project/data/raw/detection_dataset/train/UAV_IQ/IQ_Data/20260202_145126_beam3.mat,0.98967182636261,0.9896700978279114,0.0044996994547545,0.0375812873244285,True,False,True,0.99526876,0.99526876,0.0,True,False,True,0.99526876,0.99525476,0.002969298,True,False,True,0.99526876,0.9952524,0.0034785175,True,False,True,1.7285346985973504e-06,1.399999999995849e-05,1.6359999999937536e-05,False,False,False,False,False,False,False,False
5,test,20260202_145126_beam4,20260202_145126,1,/home/tobeornot8259748/projects/balloon_radar_project/data/raw/detection_dataset/train/UAV_IQ/IQ_Data/20260202_145126_beam4.mat,0.9936610460281372,0.9936596751213074,0.0045271529816091,0.051135879009962,True,False,True,0.99546546,0.99546546,0.0,True,False,True,0.99546546,0.9954522,0.0029146248,True,False,True,0.99546546,0.99544996,0.0034162414,True,False,True,1.3709068298339844e-06,1.3260000000014927e-05,1.5500000000057135e-05,False,False,False,False,False,False,False,False
5,test,20260202_145126_beam5,20260202_145126,1,/home/tobeornot8259748/projects/balloon_radar_project/data/raw/detection_dataset/train/UAV_IQ/IQ_Data/20260202_145126_beam5.mat,0.9670388102531432,0.9670356512069702,0.004500011447817,0.0211783647537231,True,False,True,0.9228422,0.9228422,0.0,True,False,True,0.9228422,0.92228925,0.007740185,True,False,True,0.9228422,0.9219339,0.01268795,True,False,True,3.159046172984681e-06,0.0005529499999999965,0.000908299999999973,False,False,False,False,False,False,False,False
5,test,20260202_145135_beam1,20260202_145135,1,/home/tobeornot8259748/projects/balloon_radar_project/data/raw/detection_dataset/train/UAV_IQ/IQ_Data/20260202_145135_beam1.mat,0.9879462122917176,0.9879443645477296,0.0044930870644748,0.0340682938694953,True,False,True,0.9905992,0.9905992,0.0,True,False,True,0.9905992,0.99056584,0.0035807497,True,False,True,0.9905992,0.99055696,0.004521587,True,False,True,1.8477439880371094e-06,3.335999999998229e-05,4.223999999997119e-05,False,False,False,False,False,False,False,False
5,test,20260202_145135_beam2,20260202_145135,1,/home/tobeornot8259748/projects/balloon_radar_project/data/raw/detection_dataset/train/UAV_IQ/IQ_Data/20260202_145135_beam2.mat,0.9885804057121276,0.9885786771774292,0.0044982559047639,0.0340523496270179,True,False,True,0.9896706,0.9896706,0.0,True,False,True,0.9896706,0.9896325,0.0037232107,True,False,True,0.9896706,0.9896214,0.004796664,True,False,True,1.7285346983753058e-06,3.809999999992986e-05,4.919999999997149e-05,False,False,False,False,False,False,False,False
5,test,20260202_145135_beam3,20260202_145135,1,/home/tobeornot8259748/projects/balloon_radar_project/data/raw/detection_dataset/train/UAV_IQ/IQ_Data/20260202_145135_beam3.mat,0.9871788024902344,0.9871769547462464,0.0044908397831022,0.032553281635046,True,False,True,0.97217166,0.97217166,0.0,True,False,True,0.97217166,0.97203,0.0052272254,True,False,True,0.97217166,0.9719772,0.007168698,True,False,True,1.847743987926087e-06,0.00014166000000004342,0.0001944600000000074,False,False,False,False,False,False,False,False
5,test,20260202_145135_beam4,20260202_145135,1,/home/tobeornot8259748/projects/balloon_radar_project/data/raw/detection_dataset/train/UAV_IQ/IQ_Data/20260202_145135_beam4.mat,0.9892648458480836,0.989263117313385,0.0045016864314675,0.0353924706578254,True,False,True,0.9944576,0.9944576,0.0,True,False,True,0.9944576,0.9944405,0.003101704,True,False,True,0.9944576,0.994437,0.0037352543,True,False,True,1.7285346985973504e-06,1.7100000000103144e-05,2.0600000000037255e-05,False,False,False,False,False,False,False,False
5,test,20260202_145135_beam5,20260202_145135,1,/home/tobeornot8259748/projects/balloon_radar_project/data/raw/detection_dataset/train/UAV_IQ/IQ_Data/20260202_145135_beam5.mat,0.9898303151130676,0.9898285865783693,0.0044982815161347,0.038168229162693,True,False,True,0.9955851,0.9955851,0.0,True,False,True,0.9955851,0.99557245,0.0028796578,True,False,True,0.9955851,0.99557036,0.0033447954,True,False,True,1.7285346983753058e-06,1.2649999999947426e-05,1.4740000000013076e-05,False,False,False,False,False,False,False,False
5,test,20260202_145143_beam1,20260202_145143,1,/home/tobeornot8259748/projects/balloon_radar_project/data/raw/detection_dataset/train/UAV_IQ/IQ_Data/20260202_145143_beam1.mat,0.9835337996482848,0.9835317134857178,0.0044812057167291,0.0285320319235324,True,False,True,0.9951493,0.9951493,0.0,True,False,True,0.9951493,0.9951349,0.0029946598,True,False,True,0.9951493,0.99513215,0.0035362237,True,False,True,2.0861625670276496e-06,1.4399999999969992e-05,1.7150000000021315e-05,False,False,False,False,False,False,False,False
5,test,20260202_145143_beam2,20260202_145143,1,/home/tobeornot8259748/projects/balloon_radar_project/data/raw/detection_dataset/train/UAV_IQ/IQ_Data/20260202_145143_beam2.mat,0.967777669429779,0.9677746891975404,0.004472832661122,0.0216844081878662,True,False,True,0.9598525,0.9598525,0.0,True,False,True,0.9598525,0.9596148,0.0061530764,True,False,True,0.9598525,0.95951533,0.008713834,True,False,True,2.980232238658509e-06,0.00023770000000000735,0.00033716999999999775,False,False,False,False,False,False,False,False
5,test,20260202_145143_beam3,20260202_145143,1,/home/tobeornot8259748/projects/balloon_radar_project/data/raw/detection_dataset/train/UAV_IQ/IQ_Data/20260202_145143_beam3.mat,0.97334223985672,0.9733392000198364,0.004471197258681,0.0262790825217962,True,False,True,0.9535464,0.9535464,0.0,True,False,False,0.9535464,0.9532585,0.006481907,True,False,False,0.9535464,0.9531101,0.009807131,True,False,False,3.039836883544922e-06,0.0002879000000000076,0.0004363000000000561,False,False,True,False,False,False,True,False
5,test,20260202_145143_beam4,20260202_145143,1,/home/tobeornot8259748/projects/balloon_radar_project/data/raw/detection_dataset/train/UAV_IQ/IQ_Data/20260202_145143_beam4.mat,0.9801293015480042,0.980126976966858,0.0044744503684341,0.0257924851030111,True,False,True,0.9962985,0.9962985,0.0,True,False,True,0.9962985,0.9962882,0.002786089,True,False,True,0.9962985,0.9962865,0.0032378654,True,False,True,2.324581146129212e-06,1.0300000000018628e-05,1.2000000000012001e-05,False,False,False,False,False,False,False,False
5,test,20260202_145143_beam5,20260202_145143,1,/home/tobeornot8259748/projects/balloon_radar_project/data/raw/detection_dataset/train/UAV_IQ/IQ_Data/20260202_145143_beam5.mat,0.9695556163787842,0.9695526361465454,0.0044755637645721,0.0231084711849689,True,False,True,0.9790196,0.9790196,0.0,True,False,True,0.9790196,0.9789245,0.004621601,True,False,True,0.9790196,0.9788953,0.0060348716,True,False,True,2.9802322387695312e-06,9.510000000001462e-05,0.0001242999999999661,False,False,False,False,False,False,False,False
5,test,20260202_145151_beam1,20260202_145151,1,/home/tobeornot8259748/projects/balloon_radar_project/data/raw/detection_dataset/train/UAV_IQ/IQ_Data/20260202_145151_beam1.mat,0.9917163252830504,0.9917147755622864,0.0045157736167311,0.0416509509086608,True,False,True,0.99386686,0.99386686,0.0,True,False,True,0.99386686,0.99384755,0.003179902,True,False,True,0.99386686,0.9938437,0.0038114877,True,False,True,1.549720764049134e-06,1.930999999999461e-05,2.3160000000022052e-05,False,False,False,False,False,False,False,False
5,test,20260202_145151_beam2,20260202_145151,1,/home/tobeornot8259748/projects/balloon_radar_project/data/raw/detection_dataset/train/UAV_IQ/IQ_Data/20260202_145151_beam2.mat,0.9931760430336,0.9931746125221252,0.0045304675586521,0.0454858429729938,True,False,True,0.9913476,0.9913476,0.0,True,False,True,0.9913476,0.99131703,0.0035578278,True,False,True,0.9913476,0.9913101,0.0043661273,True,False,True,1.4305114747203973e-06,3.0569999999952024e-05,3.7500000000023626e-05,False,False,False,False,False,False,False,False
5,test,20260202_145151_beam3,20260202_145151,1,/home/tobeornot8259748/projects/balloon_radar_project/data/raw/detection_dataset/train/UAV_IQ/IQ_Data/20260202_145151_beam3.mat,0.993228793144226,0.9932274222373962,0.0045285625383257,0.046000849455595,True,False,True,0.9955177,0.9955177,0.0,True,False,True,0.9955177,0.99550456,0.0029351385,True,False,True,0.9955177,0.99550205,0.0034934594,True,False,True,1.370906829722962e-06,1.3139999999967067e-05,1.564999999992267e-05,False,False,False,False,False,False,False,False
5,test,20260202_145151_beam4,20260202_145151,1,/home/tobeornot8259748/projects/balloon_radar_project/data/raw/detection_dataset/train/UAV_IQ/IQ_Data/20260202_145151_beam4.mat,0.9948803186416626,0.9948791265487672,0.0045465822331607,0.0521491765975952,True,False,True,0.99714535,0.99714535,0.0,True,False,True,0.99714535,0.9971379,0.002595143,True,False,True,0.99714535,0.99713683,0.0029804523,True,False,True,1.1920928953967902e-06,7.450000000019941e-06,8.520000000067363e-06,False,False,False,False,False,False,False,False
5,test,20260202_145151_beam5,20260202_145151,1,/home/tobeornot8259748/projects/balloon_radar_project/data/raw/detection_dataset/train/UAV_IQ/IQ_Data/20260202_145151_beam5.mat,0.9840323328971864,0.9840298891067504,0.0044762943871319,0.0341604873538017,True,False,True,0.9901753,0.9901753,0.0,True,False,True,0.9901753,0.9901404,0.003579958,True,False,True,0.9901753,0.990132,0.0044423975,True,False,True,2.4437904360130602e-06,3.489999999994886e-05,4.3299999999968364e-05,False,False,False,False,False,False,False,False
5,test,20260202_145208_beam1,20260202_145208,1,/home/tobeornot8259748/projects/balloon_radar_project/data/raw/detection_dataset/val/UAV_IQ/IQ_Data/20260202_145208_beam1.mat,0.9876639246940612,0.9876620769500732,0.0044923471286892,0.0332359075546264,True,False,True,0.9897287,0.9897287,0.0,True,False,True,0.9897287,0.98969144,0.0036631757,True,False,True,0.9897287,0.98968226,0.0045632473,True,False,True,1.847743987926087e-06,3.726000000003893e-05,4.643999999998094e-05,False,False,False,False,False,False,False,False
5,test,20260202_145208_beam2,20260202_145208,1,/home/tobeornot8259748/projects/balloon_radar_project/data/raw/detection_dataset/val/UAV_IQ/IQ_Data/20260202_145208_beam2.mat,0.9870296716690063,0.9870277643203736,0.0044921659864485,0.0310223661363124,True,False,True,0.9963331,0.9963331,0.0,True,False,True,0.9963331,0.996323,0.0027656513,True,False,True,0.9963331,0.9963218,0.0030910994,True,False,True,1.9073486327014777e-06,1.0100000000012876e-05,1.1299999999936361e-05,False,False,False,False,False,False,False,False
5,test,20260202_145208_beam3,20260202_145208,1,/home/tobeornot8259748/projects/balloon_radar_project/data/raw/detection_dataset/val/UAV_IQ/IQ_Data/20260202_145208_beam3.mat,0.9855521321296692,0.9855502843856812,0.004486430902034,0.0295219849795103,True,False,True,0.9970606,0.9970606,0.0,True,False,True,0.9970606,0.9970529,0.002610996,True,False,True,0.9970606,0.9970516,0.0030416094,True,False,True,1.8477439880371094e-06,7.699999999943863e-06,8.999999999925734e-06,False,False,False,False,False,False,False,False
5,test,20260202_145208_beam4,20260202_145208,1,/home/tobeornot8259748/projects/balloon_radar_project/data/raw/detection_dataset/val/UAV_IQ/IQ_Data/20260202_145208_beam4.mat,0.968020498752594,0.968017578125,0.0044749793596565,0.0209625624120235,True,False,True,0.98037237,0.98037237,0.0,True,False,True,0.98037237,0.98028576,0.004490081,True,False,True,0.98037237,0.9802562,0.006018091,True,False,True,2.9206275939941406e-06,8.660999999998698e-05,0.00011616999999997102,False,False,False,False,False,False,False,False
5,test,20260202_145216_beam1,20260202_145216,1,/home/tobeornot8259748/projects/balloon_radar_project/data/raw/detection_dataset/train/UAV_IQ/IQ_Data/20260202_145216_beam1.mat,0.8715841770172119,0.87150639295578,0.0056155612692236,0.1238187104463577,True,False,True,0.8957847,0.8957847,0.0,True,False,True,0.8957847,0.8949227,0.009200269,True,False,True,0.8957847,0.8942913,0.015896594,True,False,True,7.778406143188477e-05,0.0008620000000000294,0.001493399999999978,False,False,False,False,False,False,False,False
5,test,20260202_145216_beam2,20260202_145216,1,/home/tobeornot8259748/projects/balloon_radar_project/data/raw/detection_dataset/train/UAV_IQ/IQ_Data/20260202_145216_beam2.mat,0.5986642241477966,0.5980002880096436,0.0400101169943809,0.0690423995256424,True,False,True,0.7119365,0.7119365,0.0,True,False,False,0.7119365,0.70854664,0.016471429,True,False,False,0.7119365,0.70584977,0.02949569,True,False,False,0.0006639361381530762,0.003389859999999967,0.006086729999999929,False,False,True,False,False,False,True,False
5,test,20260202_145216_beam3,20260202_145216,1,/home/tobeornot8259748/projects/balloon_radar_project/data/raw/detection_dataset/train/UAV_IQ/IQ_Data/20260202_145216_beam3.mat,0.8891444206237793,0.8891090750694275,0.0051287924870848,0.0698447003960609,True,False,True,0.8747579,0.8747579,0.0,True,False,False,0.8747579,0.8736468,0.010103335,True,False,False,0.8747579,0.87293565,0.016529793,True,False,False,3.534555435180664e-05,0.0011111000000000315,0.0018222500000000252,False,False,True,False,False,False,True,False
5,test,20260202_145216_beam4,20260202_145216,1,/home/tobeornot8259748/projects/balloon_radar_project/data/raw/detection_dataset/train/UAV_IQ/IQ_Data/20260202_145216_beam4.mat,0.9343951344490052,0.9343615174293518,0.0047009103000164,0.1165693402290344,True,False,True,0.9270444,0.9270444,0.0,True,False,True,0.9270444,0.9265226,0.0076888646,True,False,True,0.9270444,0.92617494,0.012785484,True,False,True,3.3617019653431335e-05,0.0005218000000000167,0.0008694599999999886,False,False,False,False,False,False,False,False
5,test,20260202_145216_beam5,20260202_145216,1,/home/tobeornot8259748/projects/balloon_radar_project/data/raw/detection_dataset/train/UAV_IQ/IQ_Data/20260202_145216_beam5.mat,0.3674972355365753,0.3651371300220489,0.2637970745563507,0.0385416112840175,True,False,False,0.63964474,0.63964474,0.0,True,False,False,0.63964474,0.6352384,0.019065805,True,False,False,0.63964474,0.63170063,0.034302864,True,False,False,0.0023601055145264227,0.004406340000000064,0.00794411000000006,False,False,False,False,False,False,False,False
6,test,20260204_100932_beam1_az001,20260204_100932,0,/home/tobeornot8259748/projects/balloon_radar_project/data/raw/detection_dataset/train/Background_IQ/IQ_Data/20260204_100932_beam1_az001.mat,0.0694154724478721,0.056766290217638,0.7921870946884155,0.2709817588329315,False,False,False,0.15687975,0.15687975,0.0,False,False,False,0.15687975,0.1560238,0.0064858547,False,False,False,0.15687975,0.031595115,1.7410177,False,False,False,0.012649182230234104,0.000855950000000022,0.125284635,False,False,False,False,False,False,False,False
6,test,20260204_100932_beam1_az010,20260204_100932,0,/home/tobeornot8259748/projects/balloon_radar_project/data/raw/detection_dataset/train/Background_IQ/IQ_Data/20260204_100932_beam1_az010.mat,0.0641826465725898,0.0526876077055931,0.7921805381774902,0.2645371854305267,False,False,False,0.041952487,0.041952487,0.0,False,False,False,0.041952487,0.04169309,0.00647312,False,False,False,0.041952487,0.013475127,1.1649835,False,False,False,0.011495038866996703,0.00025939699999999455,0.028477359999999997,False,False,False,False,False,False,False,False
6,test,20260204_100932_beam1_az019,20260204_100932,0,/home/tobeornot8259748/projects/balloon_radar_project/data/raw/detection_dataset/val/Background_IQ/IQ_Data/20260204_100932_beam1_az019.mat,0.0779376849532127,0.0631587356328964,0.7921913862228394,0.285486102104187,False,False,False,0.30308712,0.30308712,0.0,False,False,False,0.30308712,0.3017455,0.0063594617,False,False,False,0.30308712,0.036116123,2.4515913,False,False,False,0.0147789493203163,0.0013416199999999878,0.266970997,False,False,False,False,False,False,False,False
6,test,20260204_100932_beam1_az028,20260204_100932,0,/home/tobeornot8259748/projects/balloon_radar_project/data/raw/detection_dataset/test/Background_IQ/IQ_Data/20260204_100932_beam1_az028.mat,0.0675466954708099,0.0551821701228618,0.7921860218048096,0.2718455195426941,False,False,False,0.043677934,0.043677934,0.0,False,False,False,0.043677934,0.043407824,0.006485629,False,False,False,0.043677934,0.014016246,1.1671709,False,False,False,0.012364525347948095,0.00027011000000000396,0.029661688000000002,False,False,False,False,False,False,False,False
6,test,20260204_100932_beam1_az037,20260204_100932,0,/home/tobeornot8259748/projects/balloon_radar_project/data/raw/detection_dataset/train/Background_IQ/IQ_Data/20260204_100932_beam1_az037.mat,0.0697949230670929,0.0570706650614738,0.7921841144561768,0.2712215185165405,False,False,False,0.12880759,0.12880759,0.0,False,False,False,0.12880759,0.12808567,0.0064486046,False,False,False,0.12880759,0.027522873,1.653286,False,False,False,0.012724258005619098,0.000721919999999987,0.101284717,False,False,False,False,False,False,False,False
6,test,20260204_100932_beam1_az046,20260204_100932,0,/home/tobeornot8259748/projects/balloon_radar_project/data/raw/detection_dataset/val/Background_IQ/IQ_Data/20260204_100932_beam1_az046.mat,0.07696083933115,0.0626485869288444,0.7921902537345886,0.2791526019573211,False,False,False,0.06615724,0.06615724,0.0,False,False,False,0.06615724,0.065762065,0.0064141657,False,False,False,0.06615724,0.015319252,1.5159333,False,False,False,0.014312252402305603,0.0003951750000000115,0.05083798800000001,False,False,False,False,False,False,False,False
6,test,20260204_100932_beam1_az055,20260204_100932,0,/home/tobeornot8259748/projects/balloon_radar_project/data/raw/detection_dataset/train/Background_IQ/IQ_Data/20260204_100932_beam1_az055.mat,0.1211648508906364,0.0947852283716201,0.7920572757720947,0.3473401069641113,False,False,False,0.4222751,0.4222751,0.0,False,False,False,0.4222751,0.42071274,0.006407336,False,False,False,0.4222751,0.06875469,2.292537,False,False,False,0.026379622519016308,0.0015623600000000404,0.35352041,False,False,False,False,False,False,False,False
6,test,20260204_100932_beam1_az064,20260204_100932,0,/home/tobeornot8259748/projects/balloon_radar_project/data/raw/detection_dataset/train/Background_IQ/IQ_Data/20260204_100932_beam1_az064.mat,0.0779376849532127,0.0633299574255943,0.7921919226646423,0.2818374633789062,False,False,False,0.13230269,0.13230269,0.0,False,False,False,0.13230269,0.13156925,0.006403832,False,False,False,0.13230269,0.02879323,1.6376483,False,False,False,0.014607727527618394,0.0007334400000000019,0.10350946,False,False,False,False,False,False,False,False
6,test,20260204_100932_beam1_az073,20260204_100932,0,/home/tobeornot8259748/projects/balloon_radar_project/data/raw/detection_dataset/train/Background_IQ/IQ_Data/20260204_100932_beam1_az073.mat,0.0846439525485038,0.0675943866372108,0.7921514511108398,0.3072439432144165,False,False,False,0.12823536,0.12823536,0.0,False,False,False,0.12823536,0.12751426,0.00646596,False,False,False,0.12823536,0.020911584,1.9296668,False,False,False,0.017049565911293002,0.0007211000000000023,0.107323776,False,False,False,False,False,False,False,False
6,test,20260204_100932_beam1_az082,20260204_100932,0,/home/tobeornot8259748/projects/balloon_radar_project/data/raw/detection_dataset/train/Background_IQ/IQ_Data/20260204_100932_beam1_az082.mat,0.0695417448878288,0.0565928742289543,0.7921705842018127,0.2775472402572632,False,False,False,0.08930322,0.08930322,0.0,False,False,False,0.08930322,0.0887814,0.0064333403,False,False,False,0.08930322,0.02295735,1.4287196,False,False,False,0.012948870658874498,0.0005218200000000062,0.06634587,False,False,False,False,False,False,False,False
6,test,20260204_100932_beam1_az091,20260204_100932,0,/home/tobeornot8259748/projects/balloon_radar_project/data/raw/detection_dataset/train/Background_IQ/IQ_Data/20260204_100932_beam1_az091.mat,0.0746350362896919,0.0602514930069446,0.7921805381774902,0.2897150814533233,False,False,False,0.26151332,0.26151332,0.0,False,False,False,0.26151332,0.26027444,0.0064248308,False,False,False,0.26151332,0.06816374,1.5771265,False,False,False,0.014383543282747296,0.0012388799999999978,0.19334958,False,False,False,False,False,False,False,False
6,test,20260204_100932_beam1_az100,20260204_100932,0,/home/tobeornot8259748/projects/balloon_radar_project/data/raw/detection_dataset/train/Background_IQ/IQ_Data/20260204_100932_beam1_az100.mat,0.0732972770929336,0.0587572492659091,0.792184054851532,0.2987652719020843,False,False,False,0.057384335,0.057384335,0.0,False,False,False,0.057384335,0.057035908,0.006460004,False,False,False,0.057384335,0.017261533,1.2429754,False,False,False,0.014540027827024501,0.0003484269999999984,0.040122802,False,False,False,False,False,False,False,False
6,test,20260204_100932_beam1_az109,20260204_100932,0,/home/tobeornot8259748/projects/balloon_radar_project/data/raw/detection_dataset/train/Background_IQ/IQ_Data/20260204_100932_beam1_az109.mat,0.0671785771846771,0.0548885874450206,0.7921846508979797,0.2715755701065063,False,False,False,0.11911869,0.11911869,0.0,False,False,False,0.11911869,0.11843194,0.006561282,False,False,False,0.11911869,0.037822362,1.2354962,False,False,False,0.012289989739656497,0.0006867499999999999,0.081296328,False,False,False,False,False,False,False,False
6,test,20260204_100932_beam1_az118,20260204_100932,0,/home/tobeornot8259748/projects/balloon_radar_project/data/raw/detection_dataset/train/Background_IQ/IQ_Data/20260204_100932_beam1_az118.mat,0.0704316198825836,0.0575187169015407,0.792176365852356,0.2730799615383148,False,False,False,0.1228935,0.1228935,0.0,False,False,False,0.1228935,0.12220188,0.006431854,False,False,False,0.1228935,0.027077187,1.6163027,False,False,False,0.012912902981042904,0.0006916200000000039,0.095816313,False,False,False,False,False,False,False,False
6,test,20260204_100932_beam1_az127,20260204_100932,0,/home/tobeornot8259748/projects/balloon_radar_project/data/raw/detection_dataset/test/Background_IQ/IQ_Data/20260204_100932_beam1_az127.mat,0.0790679901838302,0.0642653182148933,0.7921855449676514,0.2817948162555694,False,False,False,0.17013648,0.17013648,0.0,False,False,False,0.17013648,0.16921787,0.006520147,False,False,False,0.17013648,0.05226994,1.3129882,False,False,False,0.014802671968936906,0.0009186100000000141,0.11786654,False,False,False,False,False,False,False,False
6,test,20260204_100932_beam1_az136,20260204_100932,0,/home/tobeornot8259748/projects/balloon_radar_project/data/raw/detection_dataset/train/Background_IQ/IQ_Data/20260204_100932_beam1_az136.mat,0.0759952142834663,0.0620027929544448,0.7921808362007141,0.2758469581604004,False,False,False,0.06302679,0.06302679,0.0,False,False,False,0.06302679,0.06264586,0.0064688004,False,False,False,0.06302679,0.01753355,1.3268552,False,False,False,0.013992421329021495,0.00038093000000000155,0.045493240000000004,False,False,False,False,False,False,False,False
6,test,20260204_100932_beam1_az145,20260204_100932,0,/home/tobeornot8259748/projects/balloon_radar_project/data/raw/detection_dataset/train/Background_IQ/IQ_Data/20260204_100932_beam1_az145.mat,0.0802132487297058,0.0656147450208664,0.7921656370162964,0.2734720706939697,False,False,False,0.043167427,0.043167427,0.0,False,False,False,0.043167427,0.042900972,0.00647029,False,False,False,0.043167427,0.013497349,1.1931306,False,False,False,0.014598503708839403,0.0002664549999999988,0.029670078000000003,False,False,False,False,False,False,False,False
6,test,20260204_100932_beam1_az154,20260204_100932,0,/home/tobeornot8259748/projects/balloon_radar_project/data/raw/detection_dataset/train/Background_IQ/IQ_Data/20260204_100932_beam1_az154.mat,0.0735630467534065,0.0602202527225017,0.792178750038147,0.2706885933876037,False,False,False,0.041797202,0.041797202,0.0,False,False,False,0.041797202,0.041540142,0.0064374125,False,False,False,0.041797202,0.014730337,1.0707762,False,False,False,0.013342794030904798,0.00025705999999999646,0.027066865,False,False,False,False,False,False,False,False
6,test,20260204_100932_beam1_az163,20260204_100932,0,/home/tobeornot8259748/projects/balloon_radar_project/data/raw/detection_dataset/train/Background_IQ/IQ_Data/20260204_100932_beam1_az163.mat,0.0782188698649406,0.062313474714756,0.7921401858329773,0.3085830509662628,False,False,False,0.21083492,0.21083492,0.0,False,False,False,0.21083492,0.20976597,0.0064365566,False,False,False,0.21083492,0.03929118,1.8767712,False,False,False,0.015905395150184604,0.001068950000000013,0.17154374,False,False,False,False,False,False,False,False
6,test,20260204_100932_beam1_az172,20260204_100932,0,/home/tobeornot8259748/projects/balloon_radar_project/data/raw/detection_dataset/train/Background_IQ/IQ_Data/20260204_100932_beam1_az172.mat,0.0708162039518356,0.0576468482613563,0.7921838164329529,0.277493268251419,False,False,False,0.10216547,0.10216547,0.0,False,False,False,0.10216547,0.10157445,0.0064596357,False,False,False,0.10216547,0.021079281,1.664768,False,False,False,0.013169355690479306,0.0005910199999999977,0.081086189,False,False,False,False,False,False,False,False
6,test,20260204_100932_beam1_az181,20260204_100932,0,/home/tobeornot8259748/projects/balloon_radar_project/data/raw/detection_dataset/test/Background_IQ/IQ_Data/20260204_100932_beam1_az181.mat,0.0662060230970382,0.0529856383800506,0.7921719551086426,0.2989363670349121,False,False,False,0.18788715,0.18788715,0.0,False,False,False,0.18788715,0.18690822,0.0064285877,False,False,False,0.18788715,0.038351245,1.7580644,False,False,False,0.013220384716987603,0.000978929999999989,0.149535905,False,False,False,False,False,False,False,False
6,test,20260204_100932_beam1_az190,20260204_100932,0,/home/tobeornot8259748/projects/balloon_radar_project/data/raw/detection_dataset/train/Background_IQ/IQ_Data/20260204_100932_beam1_az190.mat,0.0631349012255668,0.0502383820712566,0.7919571399688721,0.3057819008827209,False,False,False,0.075806364,0.075806364,0.0,False,False,False,0.075806364,0.075353935,0.0064754733,False,False,False,0.075806364,0.022051351,1.291344,False,False,False,0.012896519154310192,0.0004524290000000042,0.053755013000000004,False,False,False,False,False,False,False,False
6,test,20260204_100932_beam1_az199,20260204_100932,0,/home/tobeornot8259748/projects/balloon_radar_project/data/raw/detection_dataset/train/Background_IQ/IQ_Data/20260204_100932_beam1_az199.mat,0.0619894601404666,0.0506744123995304,0.7921623587608337,0.2695581316947937,False,False,False,0.07190218,0.07190218,0.0,False,False,False,0.07190218,0.07147318,0.006446402,False,False,False,0.07190218,0.010941543,1.9463563,False,False,False,0.011315047740936203,0.0004289999999999988,0.060960637,False,False,False,False,False,False,False,False
6,test,20260204_100932_beam2_az001,20260204_100932,0,/home/tobeornot8259748/projects/balloon_radar_project/data/raw/detection_dataset/test/Background_IQ/IQ_Data/20260204_100932_beam2_az001.mat,0.0652465671300888,0.0534256137907505,0.7921890020370483,0.2681807279586792,False,False,False,0.11499042,0.11499042,0.0,False,False,False,0.11499042,0.11433424,0.0064639207,False,False,False,0.11499042,0.020732747,1.8143407,False,False,False,0.01182095333933831,0.0006561799999999923,0.094257673,False,False,False,False,False,False,False,False
6,test,20260204_100932_beam2_az010,20260204_100932,0,/home/tobeornot8259748/projects/balloon_radar_project/data/raw/detection_dataset/train/Background_IQ/IQ_Data/20260204_100932_beam2_az010.mat,0.0630194693803787,0.0516191646456718,0.7921794056892395,0.2671672403812408,False,False,False,0.039691675,0.039691675,0.0,False,False,False,0.039691675,0.039445575,0.006475822,False,False,False,0.039691675,0.014833369,1.0098186,False,False,False,0.011400304734706893,0.00024610000000000604,0.024858306000000004,False,False,False,False,False,False,False,False
6,test,20260204_100932_beam2_az019,20260204_100932,0,/home/tobeornot8259748/projects/balloon_radar_project/data/raw/detection_dataset/val/Background_IQ/IQ_Data/20260204_100932_beam2_az019.mat,0.0709448307752609,0.0577458292245864,0.7921876311302185,0.2776595056056976,False,False,False,0.32779515,0.32779515,0.0,False,False,False,0.32779515,0.3263962,0.0063557597,False,False,False,0.32779515,0.053431973,2.156259,False,False,False,0.013199001550674501,0.0013989499999999544,0.27436317699999996,False,False,False,False,False,False,False,False
6,test,20260204_100932_beam2_az028,20260204_100932,0,/home/tobeornot8259748/projects/balloon_radar_project/data/raw/detection_dataset/train/Background_IQ/IQ_Data/20260204_100932_beam2_az028.mat,0.0645354762673378,0.0528113879263401,0.7921836972236633,0.2688055038452148,False,False,False,0.052699495,0.052699495,0.0,False,False,False,0.052699495,0.052378323,0.0064521697,False,False,False,0.052699495,0.027852852,0.6635612,False,False,False,0.011724088340997696,0.0003211720000000015,0.024846642999999998,False,False,False,False,False,False,False,False
6,test,20260204_100932_beam2_az037,20260204_100932,0,/home/tobeornot8259748/projects/balloon_radar_project/data/raw/detection_dataset/val/Background_IQ/IQ_Data/20260204_100932_beam2_az037.mat,0.0637149959802627,0.0522127710282802,0.7921881079673767,0.2667332887649536,False,False,False,0.13249592,0.13249592,0.0,False,False,False,0.13249592,0.13175622,0.006450931,False,False,False,0.13249592,0.0282781,1.6579138,False,False,False,0.011502224951982498,0.000739699999999982,0.10421781999999999,False,False,False,False,False,False,False,False
6,test,20260204_100932_beam2_az046,20260204_100932,0,/home/tobeornot8259748/projects/balloon_radar_project/data/raw/detection_dataset/train/Background_IQ/IQ_Data/20260204_100932_beam2_az046.mat,0.0668123215436935,0.0546613000333309,0.7921942472457886,0.2697174549102783,False,False,False,0.18434295,0.18434295,0.0,False,False,False,0.18434295,0.18338387,0.006391569,False,False,False,0.18434295,0.034224592,1.8527908,False,False,False,0.012151021510362604,0.000959080000000001,0.150118358,False,False,False,False,False,False,False,False
6,test,20260204_100932_beam2_az055,20260204_100932,0,/home/tobeornot8259748/projects/balloon_radar_project/data/raw/detection_dataset/train/Background_IQ/IQ_Data/20260204_100932_beam2_az055.mat,0.0718512684106826,0.0583255030214786,0.7921846508979797,0.2815334796905517,False,False,False,0.17920123,0.17920123,0.0,False,False,False,0.17920123,0.1782577,0.0064279144,False,False,False,0.17920123,0.044501644,1.5449383,False,False,False,0.013525765389203998,0.000943529999999998,0.13469958599999998,False,False,False,False,False,False,False,False
6,test,20260204_100932_beam2_az064,20260204_100932,0,/home/tobeornot8259748/projects/balloon_radar_project/data/raw/detection_dataset/test/Background_IQ/IQ_Data/20260204_100932_beam2_az064.mat,0.0729002729058265,0.0593924708664417,0.7921899557113647,0.2769407033920288,False,False,False,0.22113855,0.22113855,0.0,False,False,False,0.22113855,0.22004476,0.0063618612,False,False,False,0.22113855,0.038630467,1.9552739,False,False,False,0.0135078020393848,0.0010937899999999834,0.182508083,False,False,False,False,False,False,False,False
6,test,20260204_100932_beam2_az073,20260204_100932,0,/home/tobeornot8259748/projects/balloon_radar_project/data/raw/detection_dataset/test/Background_IQ/IQ_Data/20260204_100932_beam2_az073.mat,0.0860158801078796,0.0695692375302314,0.7921702861785889,0.2903971076011657,False,False,False,0.09149389,0.09149389,0.0,False,False,False,0.09149389,0.09095682,0.006478245,False,False,False,0.09149389,0.02420033,1.4013617,False,False,False,0.01644664257764819,0.0005370700000000006,0.06729356,False,False,False,False,False,False,False,False
6,test,20260204_100932_beam2_az082,20260204_100932,0,/home/tobeornot8259748/projects/balloon_radar_project/data/raw/detection_dataset/train/Background_IQ/IQ_Data/20260204_100932_beam2_az082.mat,0.0696682333946228,0.0566821806132793,0.7921780347824097,0.2779001593589782,False,False,False,0.05071003,0.05071003,0.0,False,False,False,0.05071003,0.050399914,0.006460731,False,False,False,0.05071003,0.025874563,0.69868904,False,False,False,0.012986052781343502,0.0003101160000000061,0.024835467000000003,False,False,False,False,False,False,False,False
6,test,20260204_100932_beam2_az091,20260204_100932,0,/home/tobeornot8259748/projects/balloon_radar_project/data/raw/detection_dataset/train/Background_IQ/IQ_Data/20260204_100932_beam2_az091.mat,0.0691635608673095,0.0560020133852958,0.792190432548523,0.2841829657554626,False,False,False,0.08953431,0.08953431,0.0,False,False,False,0.08953431,0.089008,0.0064735487,False,False,False,0.08953431,0.014860389,1.8747499,False,False,False,0.013161547482013702,0.000526310000000002,0.074673921,False,False,False,False,False,False,False,False
6,test,20260204_100932_beam2_az100,20260204_100932,0,/home/tobeornot8259748/projects/balloon_radar_project/data/raw/detection_dataset/train/Background_IQ/IQ_Data/20260204_100932_beam2_az100.mat,0.0715911984443664,0.0582991316914558,0.79218590259552,0.2772082090377807,False,False,False,0.115139246,0.115139246,0.0,False,False,False,0.115139246,0.11447837,0.00650278,False,False,False,0.115139246,0.027217532,1.5370113,False,False,False,0.0132920667529106,0.0006608760000000047,0.087921714,False,False,False,False,False,False,False,False
6,test,20260204_100932_beam2_az109,20260204_100932,0,/home/tobeornot8259748/projects/balloon_radar_project/data/raw/detection_dataset/train/Background_IQ/IQ_Data/20260204_100932_beam2_az109.mat,0.0611992254853248,0.0500686876475811,0.7921737432479858,0.2682808637619018,False,False,False,0.08851322,0.08851322,0.0,False,False,False,0.08851322,0.08799581,0.006430104,False,False,False,0.08851322,0.019908106,1.5645943,False,False,False,0.011130537837743697,0.0005174100000000098,0.06860511400000001,False,False,False,False,False,False,False,False
6,test,20260204_100932_beam2_az118,20260204_100932,0,/home/tobeornot8259748/projects/balloon_radar_project/data/raw/detection_dataset/train/Background_IQ/IQ_Data/20260204_100932_beam2_az118.mat,0.0686622858047485,0.0561353489756584,0.792195200920105,0.2711392045021057,False,False,False,0.1640897,0.1640897,0.0,False,False,False,0.1640897,0.16321114,0.0064188982,False,False,False,0.1640897,0.03975654,1.5563043,False,False,False,0.01252693682909009,0.0008785600000000005,0.12433316,False,False,False,False,False,False,False,False
6,test,20260204_100932_beam2_az127,20260204_100932,0,/home/tobeornot8259748/projects/balloon_radar_project/data/raw/detection_dataset/train/Background_IQ/IQ_Data/20260204_100932_beam2_az127.mat,0.0787840187549591,0.0641679167747497,0.7921896576881409,0.2789081633090973,False,False,False,0.17742582,0.17742582,0.0,False,False,False,0.17742582,0.17648888,0.006433129,False,False,False,0.17742582,0.04034435,1.6352372,False,False,False,0.014616101980209406,0.000936940000000025,0.13708147,False,False,False,False,False,False,False,False
6,test,20260204_100932_beam2_az136,20260204_100932,0,/home/tobeornot8259748/projects/balloon_radar_project/data/raw/detection_dataset/train/Background_IQ/IQ_Data/20260204_100932_beam2_az136.mat,0.0660853758454322,0.0541130974888801,0.7921800017356873,0.2683850824832916,False,False,False,0.11372425,0.11372425,0.0,False,False,False,0.11372425,0.11307579,0.006449674,False,False,False,0.11372425,0.03963568,1.1343315,False,False,False,0.011972278356552096,0.0006484600000000035,0.07408856999999999,False,False,False,False,False,False,False,False
6,test,20260204_100932_beam2_az145,20260204_100932,0,/home/tobeornot8259748/projects/balloon_radar_project/data/raw/detection_dataset/train/Background_IQ/IQ_Data/20260204_100932_beam2_az145.mat,0.0738297179341316,0.0603300593793392,0.792164146900177,0.2731772661209106,False,False,False,0.064919315,0.064919315,0.0,False,False,False,0.064919315,0.06452792,0.0064657754,False,False,False,0.064919315,0.016734611,1.4059125,False,False,False,0.013499658554792397,0.0003913950000000027,0.04818470400000001,False,False,False,False,False,False,False,False
6,test,20260204_100932_beam2_az154,20260204_100932,0,/home/tobeornot8259748/projects/balloon_radar_project/data/raw/detection_dataset/val/Background_IQ/IQ_Data/20260204_100932_beam2_az154.mat,0.0616496242582798,0.0506399497389793,0.7921778559684753,0.2630611658096313,False,False,False,0.062774,0.062774,0.0,False,False,False,0.062774,0.06239616,0.006440118,False,False,False,0.062774,0.013645394,1.5772305,False,False,False,0.011009674519300502,0.00037783999999999734,0.049128606,False,False,False,False,False,False,False,False
6,test,20260204_100932_beam2_az163,20260204_100932,0,/home/tobeornot8259748/projects/balloon_radar_project/data/raw/detection_dataset/test/Background_IQ/IQ_Data/20260204_100932_beam2_az163.mat,0.0743656978011131,0.0606399662792682,0.7921856045722961,0.2761477828025818,False,False,False,0.15684,0.15684,0.0,False,False,False,0.15684,0.15599094,0.0064347563,False,False,False,0.15684,0.037837688,1.553947,False,False,False,0.013725731521844899,0.0008490600000000126,0.119002312,False,False,False,False,False,False,False,False
6,test,20260204_100932_beam2_az172,20260204_100932,0,/home/tobeornot8259748/projects/balloon_radar_project/data/raw/detection_dataset/val/Background_IQ/IQ_Data/20260204_100932_beam2_az172.mat,0.0718512684106826,0.0585515722632408,0.7921692132949829,0.2763522267341614,False,False,False,0.039214082,0.039214082,0.0,False,False,False,0.039214082,0.03897132,0.0064626886,False,False,False,0.039214082,0.010826412,1.3161653,False,False,False,0.013299696147441795,0.00024276200000000053,0.028387669999999997,False,False,False,False,False,False,False,False
6,test,20260204_100932_beam2_az181,20260204_100932,0,/home/tobeornot8259748/projects/balloon_radar_project/data/raw/detection_dataset/test/Background_IQ/IQ_Data/20260204_100932_beam2_az181.mat,0.1437877863645553,0.1117177307605743,0.792061984539032,0.3650401830673218,False,False,False,0.24155517,0.24155517,0.0,False,False,False,0.24155517,0.24038358,0.0064052967,False,False,False,0.24155517,0.040866476,2.0115478,False,False,False,0.032070055603981004,0.0011715900000000001,0.200688694,False,False,False,False,False,False,False,False
6,test,20260204_100932_beam2_az190,20260204_100932,0,/home/tobeornot8259748/projects/balloon_radar_project/data/raw/detection_dataset/train/Background_IQ/IQ_Data/20260204_100932_beam2_az190.mat,0.059646937996149,0.0486974865198135,0.7921597957611084,0.2706425487995147,False,False,False,0.04559166,0.04559166,0.0,False,False,False,0.04559166,0.04531074,0.0064749494,False,False,False,0.04559166,0.014808333,1.1562791,False,False,False,0.010949451476335498,0.000280919999999997,0.030783327,False,False,False,False,False,False,False,False
6,test,20260204_100932_beam2_az199,20260204_100932,0,/home/tobeornot8259748/projects/balloon_radar_project/data/raw/detection_dataset/train/Background_IQ/IQ_Data/20260204_100932_beam2_az199.mat,0.0584532357752323,0.0477122850716114,0.7921832203865051,0.2706210315227508,False,False,False,0.09914638,0.09914638,0.0,False,False,False,0.09914638,0.09856966,0.006473799,False,False,False,0.09914638,0.029066505,1.3019261,False,False,False,0.010740950703620904,0.0005767200000000028,0.07007987500000001,False,False,False,False,False,False,False,False
6,test,20260204_100932_beam3_az001,20260204_100932,0,/home/tobeornot8259748/projects/balloon_radar_project/data/raw/detection_dataset/test/Background_IQ/IQ_Data/20260204_100932_beam3_az001.mat,0.1448732316493988,0.1122232526540756,0.7920681238174438,0.36971515417099,False,False,False,0.19918975,0.19918975,0.0,False,False,False,0.19918975,0.19817033,0.0064031854,False,False,False,0.19918975,0.0566834,1.4205545,False,False,False,0.03264997899532321,0.0010194199999999931,0.14250635,False,False,False,False,False,False,False,False
6,test,20260204_100932_beam3_az010,20260204_100932,0,/home/tobeornot8259748/projects/balloon_radar_project/data/raw/detection_dataset/test/Background_IQ/IQ_Data/20260204_100932_beam3_az010.mat,0.0588846951723098,0.0475320145487785,0.7921679019927979,0.2855059206485748,False,False,False,0.089134105,0.089134105,0.0,False,False,False,0.089134105,0.08861191,0.0064490996,False,False,False,0.089134105,0.032639645,1.0647897,False,False,False,0.0113526806235313,0.0005221950000000031,0.05649446,False,False,False,False,False,False,False,False
6,test,20260204_100932_beam3_az019,20260204_100932,0,/home/tobeornot8259748/projects/balloon_radar_project/data/raw/detection_dataset/train/Background_IQ/IQ_Data/20260204_100932_beam3_az019.mat,0.0704316198825836,0.056745920330286,0.7921843528747559,0.2911868989467621,False,False,False,0.30429626,0.30429626,0.0,False,False,False,0.30429626,0.30294964,0.0063687367,False,False,False,0.30429626,0.031026425,2.614476,False,False,False,0.013685699552297606,0.001346619999999965,0.27326983499999996,False,False,False,False,False,False,False,False
6,test,20260204_100932_beam3_az028,20260204_100932,0,/home/tobeornot8259748/projects/balloon_radar_project/data/raw/detection_dataset/test/Background_IQ/IQ_Data/20260204_100932_beam3_az028.mat,0.0622169822454452,0.0508486293256282,0.7921852469444275,0.2699173092842102,False,False,False,0.04948311,0.04948311,0.0,False,False,False,0.04948311,0.049148224,0.007142956,False,False,False,0.04948311,0.025638232,0.68232346,False,False,False,0.011368352919817006,0.0003348859999999995,0.023844877999999996,False,False,False,False,False,False,False,False
6,test,20260204_100932_beam3_az037,20260204_100932,0,/home/tobeornot8259748/projects/balloon_radar_project/data/raw/detection_dataset/train/Background_IQ/IQ_Data/20260204_100932_beam3_az037.mat,0.2609540820121765,0.1926524490118026,0.7917703986167908,0.4949046671390533,False,False,False,0.2893815,0.2893815,0.0,False,False,False,0.2893815,0.28807586,0.00635748,False,False,False,0.2893815,0.026316812,2.7124882,False,False,False,0.06830163300037392,0.0013056399999999968,0.263064688,False,False,False,False,False,False,False,False
6,test,20260204_100932_beam3_az046,20260204_100932,0,/home/tobeornot8259748/projects/balloon_radar_project/data/raw/detection_dataset/train/Background_IQ/IQ_Data/20260204_100932_beam3_az046.mat,0.0826973393559455,0.0672692582011222,0.7921698093414307,0.2817113697528839,False,False,False,0.14445941,0.14445941,0.0,False,False,False,0.14445941,0.14366624,0.006432387,False,False,False,0.14445941,0.038916316,1.427913,False,False,False,0.015428081154823303,0.0007931700000000097,0.105543094,False,False,False,False,False,False,False,False
6,test,20260204_100932_beam3_az055,20260204_100932,0,/home/tobeornot8259748/projects/balloon_radar_project/data/raw/detection_dataset/train/Background_IQ/IQ_Data/20260204_100932_beam3_az055.mat,0.1780965775251388,0.1380952596664428,0.7919929027557373,0.381195455789566,False,False,False,0.23964576,0.23964576,0.0,False,False,False,0.23964576,0.23848175,0.006398647,False,False,False,0.23964576,0.024799393,2.5172012,False,False,False,0.04000131785869601,0.0011640100000000209,0.214846367,False,False,False,False,False,False,False,False
6,test,20260204_100932_beam3_az064,20260204_100932,0,/home/tobeornot8259748/projects/balloon_radar_project/data/raw/detection_dataset/train/Background_IQ/IQ_Data/20260204_100932_beam3_az064.mat,0.1301748007535934,0.1037981659173965,0.7920960783958435,0.3235759735107422,False,False,False,0.17744747,0.17744747,0.0,False,False,False,0.17744747,0.17651038,0.006433448,False,False,False,0.17744747,0.026334265,2.0764592,False,False,False,0.026376634836196886,0.0009370900000000015,0.151113205,False,False,False,False,False,False,False,False
6,test,20260204_100932_beam3_az073,20260204_100932,0,/home/tobeornot8259748/projects/balloon_radar_project/data/raw/detection_dataset/train/Background_IQ/IQ_Data/20260204_100932_beam3_az073.mat,0.1893711388111114,0.1423851251602172,0.7919098138809204,0.4312586784362793,False,False,False,0.1973142,0.1973142,0.0,False,False,False,0.1973142,0.19629899,0.0064222296,False,False,False,0.1973142,0.06188401,1.3154455,False,False,False,0.04698601365089419,0.0010152099999999886,0.13543019,False,False,False,False,False,False,False,False
6,test,20260204_100932_beam3_az082,20260204_100932,0,/home/tobeornot8259748/projects/balloon_radar_project/data/raw/detection_dataset/val/Background_IQ/IQ_Data/20260204_100932_beam3_az082.mat,0.1008786261081695,0.0811203867197036,0.7921566963195801,0.3026179671287536,False,False,False,0.08731419,0.08731419,0.0,False,False,False,0.08731419,0.08680064,0.006461445,False,False,False,0.08731419,0.013295101,1.9600965,False,False,False,0.019758239388465895,0.0005135500000000015,0.074019089,False,False,False,False,False,False,False,False
6,test,20260204_100932_beam3_az091,20260204_100932,0,/home/tobeornot8259748/projects/balloon_radar_project/data/raw/detection_dataset/train/Background_IQ/IQ_Data/20260204_100932_beam3_az091.mat,0.2733803689479828,0.2018554657697677,0.7916993498802185,0.5017037391662598,False,False,False,0.26649445,0.26649445,0.0,False,False,False,0.26649445,0.2652507,0.0063722148,False,False,False,0.26649445,0.026559819,2.5889552,False,False,False,0.07152490317821508,0.001243749999999988,0.239934631,False,False,False,False,False,False,False,False
6,test,20260204_100932_beam3_az100,20260204_100932,0,/home/tobeornot8259748/projects/balloon_radar_project/data/raw/detection_dataset/train/Background_IQ/IQ_Data/20260204_100932_beam3_az100.mat,0.0943434163928031,0.0763350501656532,0.7921508550643921,0.2922405302524566,False,False,False,0.15905161,0.15905161,0.0,False,False,False,0.15905161,0.15819427,0.0064239707,False,False,False,0.15905161,0.04656187,1.353991,False,False,False,0.018008366227149894,0.000857340000000012,0.11248974,False,False,False,False,False,False,False,False
6,test,20260204_100932_beam3_az109,20260204_100932,0,/home/tobeornot8259748/projects/balloon_radar_project/data/raw/detection_dataset/train/Background_IQ/IQ_Data/20260204_100932_beam3_az109.mat,0.0624452866613864,0.0512233451008796,0.7921770811080933,0.2650840282440185,False,False,False,0.083909884,0.083909884,0.0,False,False,False,0.083909884,0.08341521,0.0064526247,False,False,False,0.083909884,0.023632083,1.330863,False,False,False,0.0112219415605068,0.0004946740000000005,0.060277801000000006,False,False,False,False,False,False,False,False
6,test,20260204_100932_beam3_az118,20260204_100932,0,/home/tobeornot8259748/projects/balloon_radar_project/data/raw/detection_dataset/train/Background_IQ/IQ_Data/20260204_100932_beam3_az118.mat,0.0715911984443664,0.0587358176708221,0.7921875715255737,0.2672020494937897,False,False,False,0.3370468,0.3370468,0.0,False,False,False,0.3370468,0.33563018,0.006346479,False,False,False,0.3370468,0.06652896,1.96479,False,False,False,0.012855380773544298,0.0014166199999999796,0.27051784,False,False,False,False,False,False,False,False
6,test,20260204_100932_beam3_az127,20260204_100932,0,/home/tobeornot8259748/projects/balloon_radar_project/data/raw/detection_dataset/test/Background_IQ/IQ_Data/20260204_100932_beam3_az127.mat,0.0863234773278236,0.070145845413208,0.792163610458374,0.2841285467147827,False,False,False,0.19780879,0.19780879,0.0,False,False,False,0.19780879,0.19679216,0.0064192037,False,False,False,0.19780879,0.030870222,2.0465603,False,False,False,0.016177631914615603,0.0010166300000000184,0.166938568,False,False,False,False,False,False,False,False
6,test,20260204_100932_beam3_az136,20260204_100932,0,/home/tobeornot8259748/projects/balloon_radar_project/data/raw/detection_dataset/train/Background_IQ/IQ_Data/20260204_100932_beam3_az136.mat,0.0657246634364128,0.0538456141948699,0.7921696305274963,0.2676043808460235,False,False,False,0.15112804,0.15112804,0.0,False,False,False,0.15112804,0.1503044,0.006434563,False,False,False,0.15112804,0.040322304,1.4439118,False,False,False,0.0118790492415429,0.0008236399999999866,0.11080573599999999,False,False,False,False,False,False,False,False
6,test,20260204_100932_beam3_az145,20260204_100932,0,/home/tobeornot8259748/projects/balloon_radar_project/data/raw/detection_dataset/train/Background_IQ/IQ_Data/20260204_100932_beam3_az145.mat,0.0917069613933563,0.0741893574595451,0.7921335697174072,0.2917189300060272,False,False,False,0.16196568,0.16196568,0.0,False,False,False,0.16196568,0.1610937,0.0064383233,False,False,False,0.16196568,0.047645263,1.35148,False,False,False,0.0175176039338112,0.0008719799999999944,0.11432041700000001,False,False,False,False,False,False,False,False
6,test,20260204_100932_beam3_az154,20260204_100932,0,/home/tobeornot8259748/projects/balloon_radar_project/data/raw/detection_dataset/train/Background_IQ/IQ_Data/20260204_100932_beam3_az154.mat,0.0886623486876487,0.0718090683221817,0.7921582460403442,0.2892712950706482,False,False,False,0.14472322,0.14472322,0.0,False,False,False,0.14472322,0.14392892,0.0064318017,False,False,False,0.14472322,0.013865806,2.4877646,False,False,False,0.016853280365467002,0.0007943000000000255,0.130857414,False,False,False,False,False,False,False,False
6,test,20260204_100932_beam3_az163,20260204_100932,0,/home/tobeornot8259748/projects/balloon_radar_project/data/raw/detection_dataset/train/Background_IQ/IQ_Data/20260204_100932_beam3_az163.mat,0.198685348033905,0.151662215590477,0.7919676899909973,0.4130117297172546,False,False,False,0.25294,0.25294,0.0,False,False,False,0.25294,0.25173667,0.0063782446,False,False,False,0.25294,0.025119828,2.575664,False,False,False,0.04702313244342801,0.0012033300000000025,0.227820172,False,False,False,False,False,False,False,False
6,test,20260204_100932_beam3_az172,20260204_100932,0,/home/tobeornot8259748/projects/balloon_radar_project/data/raw/detection_dataset/train/Background_IQ/IQ_Data/20260204_100932_beam3_az172.mat,0.0586685985326767,0.0480520538985729,0.792155921459198,0.2661530077457428,False,False,False,0.04228593,0.04228593,0.0,False,False,False,0.04228593,0.042021282,0.0065546115,False,False,False,0.04228593,0.012228539,1.2715843,False,False,False,0.010616544634103796,0.00026464799999999927,0.030057391,False,False,False,False,False,False,False,False
6,test,20260204_100932_beam3_az181,20260204_100932,0,/home/tobeornot8259748/projects/balloon_radar_project/data/raw/detection_dataset/val/Background_IQ/IQ_Data/20260204_100932_beam3_az181.mat,0.0803574696183204,0.064467154443264,0.7921679615974426,0.2997602224349975,False,False,False,0.51137745,0.51137745,0.0,False,False,False,0.51137745,0.5098189,0.0062368717,False,False,False,0.51137745,0.06474116,2.7159438,False,False,False,0.015890315175056402,0.0015585500000000474,0.44663629,False,False,False,False,False,False,False,False
6,test,20260204_100932_beam3_az190,20260204_100932,0,/home/tobeornot8259748/projects/balloon_radar_project/data/raw/detection_dataset/train/Background_IQ/IQ_Data/20260204_100932_beam3_az190.mat,0.2596378922462463,0.1905202120542526,0.7916660904884338,0.5037248134613037,False,False,False,0.050296992,0.050296992,0.0,False,False,False,0.050296992,0.04998862,0.006474533,False,False,False,0.050296992,0.010220553,1.6348773,False,False,False,0.06911768019199369,0.0003083720000000012,0.040076439,False,False,False,False,False,False,False,False
6,test,20260204_100932_beam3_az199,20260204_100932,0,/home/tobeornot8259748/projects/balloon_radar_project/data/raw/detection_dataset/train/Background_IQ/IQ_Data/20260204_100932_beam3_az199.mat,0.2514638304710388,0.1834877282381057,0.7917037606239319,0.5078589916229248,False,False,False,0.33139953,0.33139953,0.0,False,False,False,0.33139953,0.32999155,0.0063613034,False,False,False,0.33139953,0.042585086,2.4108706,False,False,False,0.06797610223293313,0.0014079799999999754,0.288814444,False,False,False,False,False,False,False,False
6,test,20260204_100932_beam4_az001,20260204_100932,0,/home/tobeornot8259748/projects/balloon_radar_project/data/raw/detection_dataset/train/Background_IQ/IQ_Data/20260204_100932_beam4_az001.mat,0.056966383010149,0.0467961281538009,0.7921832799911499,0.2617924213409424,False,False,False,0.09459953,0.09459953,0.0,False,False,False,0.09459953,0.094046116,0.0064783935,False,False,False,0.09459953,0.027355153,1.3123891,False,False,False,0.0101702548563481,0.0005534140000000021,0.067244377,False,False,False,False,False,False,False,False
6,test,20260204_100932_beam4_az010,20260204_100932,0,/home/tobeornot8259748/projects/balloon_radar_project/data/raw/detection_dataset/train/Background_IQ/IQ_Data/20260204_100932_beam4_az010.mat,0.0637149959802627,0.0519883707165718,0.7921835780143738,0.2724707126617431,False,False,False,0.037860688,0.037860688,0.0,False,False,False,0.037860688,0.0376257,0.006470151,False,False,False,0.037860688,0.012948544,1.098493,False,False,False,0.0117266252636909,0.00023498800000000541,0.024912144000000004,False,False,False,False,False,False,False,False
6,test,20260204_100932_beam4_az019,20260204_100932,0,/home/tobeornot8259748/projects/balloon_radar_project/data/raw/detection_dataset/test/Background_IQ/IQ_Data/20260204_100932_beam4_az019.mat,0.1198194846510887,0.0934130474925041,0.7921029329299927,0.3516151010990143,False,False,False,0.2288333,0.2288333,0.0,False,False,False,0.2288333,0.22770345,0.0064136703,False,False,False,0.2288333,0.04768717,1.7793206,False,False,False,0.026406437158584595,0.0011298499999999878,0.18114613,False,False,False,False,False,False,False,False
6,test,20260204_100932_beam4_az028,20260204_100932,0,/home/tobeornot8259748/projects/balloon_radar_project/data/raw/detection_dataset/train/Background_IQ/IQ_Data/20260204_100932_beam4_az028.mat,0.0534033291041851,0.0439471304416656,0.7921743392944336,0.2585617303848266,False,False,False,0.037845302,0.037845302,0.0,False,False,False,0.037845302,0.03761107,0.0064518345,False,False,False,0.037845302,0.017128421,0.8140711,False,False,False,0.009456198662519497,0.00023423199999999395,0.020716880999999996,False,False,False,False,False,False,False,False
6,test,20260204_100932_beam4_az037,20260204_100932,0,/home/tobeornot8259748/projects/balloon_radar_project/data/raw/detection_dataset/train/Background_IQ/IQ_Data/20260204_100932_beam4_az037.mat,0.068912498652935,0.0560949593782424,0.7921735644340515,0.277040421962738,False,False,False,0.1385586,0.1385586,0.0,False,False,False,0.1385586,0.13778934,0.0064598937,False,False,False,0.1385586,0.05456121,1.0250124,False,False,False,0.012817539274692598,0.0007692599999999938,0.08399739,False,False,False,False,False,False,False,False
6,test,20260204_100932_beam4_az046,20260204_100932,0,/home/tobeornot8259748/projects/balloon_radar_project/data/raw/detection_dataset/train/Background_IQ/IQ_Data/20260204_100932_beam4_az046.mat,0.0627892091870307,0.0513745844364166,0.7921968698501587,0.2685513496398926,False,False,False,0.0679367,0.0679367,0.0,False,False,False,0.0679367,0.06752255,0.0065591037,False,False,False,0.0679367,0.021217722,1.2126482,False,False,False,0.011414624750614097,0.000414150000000002,0.046718978,False,False,False,False,False,False,False,False
6,test,20260204_100932_beam4_az055,20260204_100932,0,/home/tobeornot8259748/projects/balloon_radar_project/data/raw/detection_dataset/val/Background_IQ/IQ_Data/20260204_100932_beam4_az055.mat,0.0772387832403183,0.0628869980573654,0.7921801805496216,0.2789715826511383,False,False,False,0.15119494,0.15119494,0.0,False,False,False,0.15119494,0.15036856,0.006453864,False,False,False,0.15119494,0.03957041,1.4640394,False,False,False,0.014351785182952895,0.0008263799999999877,0.11162453,False,False,False,False,False,False,False,False
6,test,20260204_100932_beam4_az064,20260204_100932,0,/home/tobeornot8259748/projects/balloon_radar_project/data/raw/detection_dataset/test/Background_IQ/IQ_Data/20260204_100932_beam4_az064.mat,0.07133200019598,0.0579671189188957,0.7921913862228394,0.2799299359321594,False,False,False,0.047890212,0.047890212,0.0,False,False,False,0.047890212,0.047592413,0.0065505784,False,False,False,0.047890212,0.017873948,1.016606,False,False,False,0.013364881277084302,0.00029779900000000137,0.030016264,False,False,False,False,False,False,False,False
6,test,20260204_100932_beam4_az073,20260204_100932,0,/home/tobeornot8259748/projects/balloon_radar_project/data/raw/detection_dataset/val/Background_IQ/IQ_Data/20260204_100932_beam4_az073.mat,0.0753123015165329,0.0612214058637619,0.7921794056892395,0.2805807590484619,False,False,False,0.08442735,0.08442735,0.0,False,False,False,0.08442735,0.083929144,0.0064623994,False,False,False,0.08442735,0.018241456,1.6019901,False,False,False,0.014090895652770996,0.000498206000000001,0.066185894,False,False,False,False,False,False,False,False
6,test,20260204_100932_beam4_az082,20260204_100932,0,/home/tobeornot8259748/projects/balloon_radar_project/data/raw/detection_dataset/train/Background_IQ/IQ_Data/20260204_100932_beam4_az082.mat,0.0658446997404098,0.0536155216395854,0.7921675443649292,0.2757830917835235,False,False,False,0.059776135,0.059776135,0.0,False,False,False,0.059776135,0.059414413,0.0064541283,False,False,False,0.059776135,0.01759209,1.267046,False,False,False,0.012229178100824398,0.0003617220000000018,0.042184045,False,False,False,False,False,False,False,False
6,test,20260204_100932_beam4_az091,20260204_100932,0,/home/tobeornot8259748/projects/balloon_radar_project/data/raw/detection_dataset/test/Background_IQ/IQ_Data/20260204_100932_beam4_az091.mat,0.079638734459877,0.0642209276556968,0.7921286821365356,0.2926097214221954,False,False,False,0.17356761,0.17356761,0.0,False,False,False,0.17356761,0.17264706,0.0064310697,False,False,False,0.17356761,0.05232583,1.3359697,False,False,False,0.0154178068041802,0.00092055000000002,0.12124178000000002,False,False,False,False,False,False,False,False
6,test,20260204_100932_beam4_az100,20260204_100932,0,/home/tobeornot8259748/projects/balloon_radar_project/data/raw/detection_dataset/val/Background_IQ/IQ_Data/20260204_100932_beam4_az100.mat,0.0735630467534065,0.0597262904047966,0.792187511920929,0.2817457318305969,False,False,False,0.12852903,0.12852903,0.0,False,False,False,0.12852903,0.12781067,0.0064285696,False,False,False,0.12852903,0.03192838,1.497783,False,False,False,0.013836756348609897,0.0007183600000000012,0.09660064999999998,False,False,False,False,False,False,False,False
6,test,20260204_100932_beam4_az109,20260204_100932,0,/home/tobeornot8259748/projects/balloon_radar_project/data/raw/detection_dataset/train/Background_IQ/IQ_Data/20260204_100932_beam4_az109.mat,0.0613115355372428,0.050289612263441,0.7921844124794006,0.2648915946483612,False,False,False,0.16348648,0.16348648,0.0,False,False,False,0.16348648,0.16260897,0.006430546,False,False,False,0.16348648,0.030197112,1.8368342,False,False,False,0.011021923273801797,0.000877509999999998,0.133289368,False,False,False,False,False,False,False,False
6,test,20260204_100932_beam4_az118,20260204_100932,0,/home/tobeornot8259748/projects/balloon_radar_project/data/raw/detection_dataset/val/Background_IQ/IQ_Data/20260204_100932_beam4_az118.mat,0.0739633813500404,0.0605596750974655,0.792180597782135,0.2705334424972534,False,False,False,0.15433425,0.15433425,0.0,False,False,False,0.15433425,0.15349565,0.006439636,False,False,False,0.15433425,0.032768484,1.6839671,False,False,False,0.013403706252574893,0.0008385999999999949,0.121565766,False,False,False,False,False,False,False,False
6,test,20260204_100932_beam4_az127,20260204_100932,0,/home/tobeornot8259748/projects/balloon_radar_project/data/raw/detection_dataset/val/Background_IQ/IQ_Data/20260204_100932_beam4_az127.mat,0.0754484310746193,0.06129040569067,0.7921911478042603,0.2815273106098175,False,False,False,0.1510789,0.1510789,0.0,False,False,False,0.1510789,0.15025368,0.0064485706,False,False,False,0.1510789,0.034967665,1.5915737,False,False,False,0.014158025383949294,0.0008252199999999876,0.11611123499999998,False,False,False,False,False,False,False,False
6,test,20260204_100932_beam4_az136,20260204_100932,0,/home/tobeornot8259748/projects/balloon_radar_project/data/raw/detection_dataset/train/Background_IQ/IQ_Data/20260204_100932_beam4_az136.mat,0.0654852092266082,0.0534947961568832,0.7921652793884277,0.2713941037654876,False,False,False,0.16894646,0.16894646,0.0,False,False,False,0.16894646,0.1680464,0.0064242277,False,False,False,0.16894646,0.020177234,2.2897046,False,False,False,0.011990413069724995,0.0009000599999999803,0.148769226,False,False,False,False,False,False,False,False
6,test,20260204_100932_beam4_az145,20260204_100932,0,/home/tobeornot8259748/projects/balloon_radar_project/data/raw/detection_dataset/train/Background_IQ/IQ_Data/20260204_100932_beam4_az145.mat,0.0757213681936264,0.0618304125964641,0.7921743988990784,0.2746646106243133,False,False,False,0.17610756,0.17610756,0.0,False,False,False,0.17610756,0.17517671,0.006428753,False,False,False,0.17610756,0.031836037,1.8718575,False,False,False,0.013890955597162302,0.0009308499999999831,0.144271523,False,False,False,False,False,False,False,False
6,test,20260204_100932_beam4_az154,20260204_100932,0,/home/tobeornot8259748/projects/balloon_radar_project/data/raw/detection_dataset/train/Background_IQ/IQ_Data/20260204_100932_beam4_az154.mat,0.0578116104006767,0.047392189502716,0.7921709418296814,0.2647536098957062,False,False,False,0.049024533,0.049024533,0.0,False,False,False,0.049024533,0.04872527,0.006437532,False,False,False,0.049024533,0.020592887,0.89683414,False,False,False,0.010419420897960698,0.000299263000000001,0.028431646,False,False,False,False,False,False,False,False
6,test,20260204_100932_beam4_az163,20260204_100932,0,/home/tobeornot8259748/projects/balloon_radar_project/data/raw/detection_dataset/train/Background_IQ/IQ_Data/20260204_100932_beam4_az163.mat,0.0685374960303306,0.0557821616530418,0.7921925783157349,0.277114063501358,False,False,False,0.15514594,0.15514594,0.0,False,False,False,0.15514594,0.1543041,0.006436836,False,False,False,0.15514594,0.019723672,2.2112172,False,False,False,0.012755334377288804,0.0008418400000000104,0.135422268,False,False,False,False,False,False,False,False
6,test,20260204_100932_beam4_az172,20260204_100932,0,/home/tobeornot8259748/projects/balloon_radar_project/data/raw/detection_dataset/train/Background_IQ/IQ_Data/20260204_100932_beam4_az172.mat,0.0511774942278862,0.0421870946884155,0.7921451330184937,0.2557817697525024,False,False,False,0.04021068,0.04021068,0.0,False,False,False,0.04021068,0.0399411,0.007007607,False,False,False,0.04021068,0.016226664,0.9321583,False,False,False,0.0089903995394707,0.00026957999999999843,0.023984016,False,False,False,False,False,False,False,False
6,test,20260204_100932_beam4_az181,20260204_100932,0,/home/tobeornot8259748/projects/balloon_radar_project/data/raw/detection_dataset/test/Background_IQ/IQ_Data/20260204_100932_beam4_az181.mat,0.3418021500110626,0.2407295405864715,0.7912992835044861,0.6235448122024536,False,False,False,0.5305164,0.5305164,0.0,False,False,False,0.5305164,0.5289643,0.006230308,False,False,False,0.5305164,0.04990652,3.0686262,False,False,False,0.10107260942459112,0.0015520999999999452,0.48060988,False,False,False,False,False,False,False,False
6,test,20260204_100932_beam4_az190,20260204_100932,0,/home/tobeornot8259748/projects/balloon_radar_project/data/raw/detection_dataset/train/Background_IQ/IQ_Data/20260204_100932_beam4_az190.mat,0.048948623239994,0.0401851832866668,0.7921450138092041,0.2606155276298523,False,False,False,0.045454994,0.045454994,0.0,False,False,False,0.045454994,0.045174878,0.0064750174,False,False,False,0.045454994,0.005020821,2.244616,False,False,False,0.0087634399533272,0.0002801159999999969,0.040434173,False,False,False,False,False,False,False,False
6,test,20260204_100932_beam4_az199,20260204_100932,0,/home/tobeornot8259748/projects/balloon_radar_project/data/raw/detection_dataset/train/Background_IQ/IQ_Data/20260204_100932_beam4_az199.mat,0.3210341334342956,0.2296385169029235,0.7915060520172119,0.5828509330749512,False,False,False,0.2297753,0.2297753,0.0,False,False,False,0.2297753,0.22864215,0.006413777,False,False,False,0.2297753,0.05695532,1.5972662,False,False,False,0.0913956165313721,0.0011331499999999994,0.17281997999999998,False,False,False,False,False,False,False,False
6,test,20260204_100932_beam5_az001,20260204_100932,0,/home/tobeornot8259748/projects/balloon_radar_project/data/raw/detection_dataset/train/Background_IQ/IQ_Data/20260204_100932_beam5_az001.mat,0.1586951911449432,0.1203084513545036,0.7920162081718445,0.4059812128543854,False,False,False,0.16261588,0.16261588,0.0,False,False,False,0.16261588,0.161739,0.006453513,False,False,False,0.16261588,0.045613773,1.4019669,False,False,False,0.038386739790439606,0.0008768799999999966,0.117002107,False,False,False,False,False,False,False,False
6,test,20260204_100932_beam5_az010,20260204_100932,0,/home/tobeornot8259748/projects/balloon_radar_project/data/raw/detection_dataset/train/Background_IQ/IQ_Data/20260204_100932_beam5_az010.mat,0.0653657838702201,0.0532421432435512,0.792163074016571,0.2752424478530884,False,False,False,0.046821512,0.046821512,0.0,False,False,False,0.046821512,0.046533376,0.0064753005,False,False,False,0.046821512,0.014103246,1.2336869,False,False,False,0.012123640626668902,0.00028813600000000134,0.032718266,False,False,False,False,False,False,False,False
6,test,20260204_100932_beam5_az019,20260204_100932,0,/home/tobeornot8259748/projects/balloon_radar_project/data/raw/detection_dataset/val/Background_IQ/IQ_Data/20260204_100932_beam5_az019.mat,0.1159607246518135,0.0910531878471374,0.7921005487442017,0.3403517603874206,False,False,False,0.19356488,0.19356488,0.0,False,False,False,0.19356488,0.19256328,0.006429231,False,False,False,0.19356488,0.034254774,1.9120634,False,False,False,0.024907536804676098,0.0010015999999999914,0.159310106,False,False,False,False,False,False,False,False
6,test,20260204_100932_beam5_az028,20260204_100932,0,/home/tobeornot8259748/projects/balloon_radar_project/data/raw/detection_dataset/val/Background_IQ/IQ_Data/20260204_100932_beam5_az028.mat,0.0560293830931186,0.0458476841449737,0.7921767234802246,0.2667078673839569,False,False,False,0.05484006,0.05484006,0.0,False,False,False,0.05484006,0.05450515,0.006480041,False,False,False,0.05484006,0.0085445605,1.9069461,False,False,False,0.010181698948144899,0.00033491000000000076,0.046295499500000004,False,False,False,False,False,False,False,False
6,test,20260204_100932_beam5_az037,20260204_100932,0,/home/tobeornot8259748/projects/balloon_radar_project/data/raw/detection_dataset/train/Background_IQ/IQ_Data/20260204_100932_beam5_az037.mat,0.0709448307752609,0.0577050447463989,0.7921938300132751,0.2786036133766174,False,False,False,0.10537009,0.10537009,0.0,False,False,False,0.10537009,0.1047659,0.0064255283,False,False,False,0.10537009,0.02986126,1.3419459,False,False,False,0.013239786028862,0.0006041900000000044,0.07550883,False,False,False,False,False,False,False,False
6,test,20260204_100932_beam5_az046,20260204_100932,0,/home/tobeornot8259748/projects/balloon_radar_project/data/raw/detection_dataset/train/Background_IQ/IQ_Data/20260204_100932_beam5_az046.mat,0.0611992254853248,0.0503320135176181,0.7921856045722961,0.2613055109977722,False,False,False,0.040199548,0.040199548,0.0,False,False,False,0.040199548,0.039951283,0.0064534517,False,False,False,0.040199548,0.016546356,0.912035,False,False,False,0.010867211967706694,0.00024826500000000445,0.023653192,False,False,False,False,False,False,False,False
6,test,20260204_100932_beam5_az055,20260204_100932,0,/home/tobeornot8259748/projects/balloon_radar_project/data/raw/detection_dataset/train/Background_IQ/IQ_Data/20260204_100932_beam5_az055.mat,0.0730323866009712,0.0591358318924903,0.7921890616416931,0.2852176427841186,False,False,False,0.112596445,0.112596445,0.0,False,False,False,0.112596445,0.11195103,0.006475634,False,False,False,0.112596445,0.02592833,1.5616592,False,False,False,0.013896554708480897,0.0006454149999999964,0.086668115,False,False,False,False,False,False,False,False
6,test,20260204_100932_beam5_az064,20260204_100932,0,/home/tobeornot8259748/projects/balloon_radar_project/data/raw/detection_dataset/train/Background_IQ/IQ_Data/20260204_100932_beam5_az064.mat,0.0690379291772842,0.0559933297336101,0.7921829223632812,0.2819274067878723,False,False,False,0.06788059,0.06788059,0.0,False,False,False,0.06788059,0.06747537,0.006422337,False,False,False,0.06788059,0.02059683,1.2420955,False,False,False,0.013044599443674101,0.0004052199999999978,0.04728376000000001,False,False,False,False,False,False,False,False
6,test,20260204_100932_beam5_az073,20260204_100932,0,/home/tobeornot8259748/projects/balloon_radar_project/data/raw/detection_dataset/train/Background_IQ/IQ_Data/20260204_100932_beam5_az073.mat,0.1066906005144119,0.0847135931253433,0.7921327948570251,0.3218663930892944,False,False,False,0.15811822,0.15811822,0.0,False,False,False,0.15811822,0.15726215,0.0064452197,False,False,False,0.15811822,0.022017464,2.1213593,False,False,False,0.021977007389068604,0.0008560700000000143,0.136100756,False,False,False,False,False,False,False,False
6,test,20260204_100932_beam5_az082,20260204_100932,0,/home/tobeornot8259748/projects/balloon_radar_project/data/raw/detection_dataset/val/Background_IQ/IQ_Data/20260204_100932_beam5_az082.mat,0.0583458393812179,0.0476823635399341,0.7921585440635681,0.2689954042434692,False,False,False,0.03244549,0.03244549,0.0,False,False,False,0.03244549,0.032243136,0.0064653438,False,False,False,0.03244549,0.008579132,1.354596,False,False,False,0.010663475841283798,0.0002023540000000018,0.023866358,False,False,False,False,False,False,False,False
6,test,20260204_100932_beam5_az091,20260204_100932,0,/home/tobeornot8259748/projects/balloon_radar_project/data/raw/detection_dataset/test/Background_IQ/IQ_Data/20260204_100932_beam5_az091.mat,0.0562363490462303,0.0454573146998882,0.7921484112739563,0.2829597890377044,False,False,False,0.17912199,0.17912199,0.0,False,False,False,0.17912199,0.17817731,0.00643801,False,False,False,0.17912199,0.040898483,1.6325966,False,False,False,0.0107790343463421,0.0009446800000000033,0.13822350700000002,False,False,False,False,False,False,False,False
6,test,20260204_100932_beam5_az100,20260204_100932,0,/home/tobeornot8259748/projects/balloon_radar_project/data/raw/detection_dataset/train/Background_IQ/IQ_Data/20260204_100932_beam5_az100.mat,0.0714614912867546,0.0581774748861789,0.7921723127365112,0.2775475978851318,False,False,False,0.06956857,0.06956857,0.0,False,False,False,0.06956857,0.06915189,0.0064550107,False,False,False,0.06956857,0.02664994,1.0046213,False,False,False,0.013284016400575693,0.0004166800000000026,0.04291863,False,False,False,False,False,False,False,False
6,test,20260204_100932_beam5_az109,20260204_100932,0,/home/tobeornot8259748/projects/balloon_radar_project/data/raw/detection_dataset/train/Background_IQ/IQ_Data/20260204_100932_beam5_az109.mat,0.0674237757921218,0.0551902428269386,0.7921800017356873,0.2691864967346191,False,False,False,0.118069775,0.118069775,0.0,False,False,False,0.118069775,0.117399834,0.006449794,False,False,False,0.118069775,0.03297182,1.3677373,False,False,False,0.012233532965183203,0.0006699410000000072,0.085097955,False,False,False,False,False,False,False,False
6,test,20260204_100932_beam5_az118,20260204_100932,0,/home/tobeornot8259748/projects/balloon_radar_project/data/raw/detection_dataset/train/Background_IQ/IQ_Data/20260204_100932_beam5_az118.mat,0.0790679901838302,0.0645968317985534,0.7921711206436157,0.2748574316501617,False,False,False,0.039632753,0.039632753,0.0,False,False,False,0.039632753,0.039342478,0.007653122,False,False,False,0.039632753,0.011956692,1.2267755,False,False,False,0.014471158385276808,0.00029027499999999956,0.027676061000000002,False,False,False,False,False,False,False,False
6,test,20260204_100932_beam5_az127,20260204_100932,0,/home/tobeornot8259748/projects/balloon_radar_project/data/raw/detection_dataset/val/Background_IQ/IQ_Data/20260204_100932_beam5_az127.mat,0.0764076858758926,0.0621729269623756,0.7921748757362366,0.2795575857162475,False,False,False,0.11300803,0.11300803,0.0,False,False,False,0.11300803,0.11236194,0.0064616483,False,False,False,0.11300803,0.027516156,1.5047029,False,False,False,0.014234758913516998,0.0006460900000000019,0.085491874,False,False,False,False,False,False,False,False
6,test,20260204_100932_beam5_az136,20260204_100932,0,/home/tobeornot8259748/projects/balloon_radar_project/data/raw/detection_dataset/test/Background_IQ/IQ_Data/20260204_100932_beam5_az136.mat,0.0729002729058265,0.0595808774232864,0.7921743392944336,0.2726954221725464,False,False,False,0.035044465,0.035044465,0.0,False,False,False,0.035044465,0.03480422,0.007127924,False,False,False,0.035044465,0.010188433,1.260797,False,False,False,0.013319395482540096,0.00024024500000000004,0.024856031999999997,False,False,False,False,False,False,False,False
6,test,20260204_100932_beam5_az145,20260204_100932,0,/home/tobeornot8259748/projects/balloon_radar_project/data/raw/detection_dataset/train/Background_IQ/IQ_Data/20260204_100932_beam5_az145.mat,0.0750407204031944,0.0612642280757427,0.792163610458374,0.2747148275375366,False,False,False,0.053775147,0.053775147,0.0,False,False,False,0.053775147,0.053446785,0.006471976,False,False,False,0.053775147,0.0100972755,1.7176722,False,False,False,0.013776492327451699,0.00032836200000000565,0.0436778715,False,False,False,False,False,False,False,False
6,test,20260204_100932_beam5_az154,20260204_100932,0,/home/tobeornot8259748/projects/balloon_radar_project/data/raw/detection_dataset/train/Background_IQ/IQ_Data/20260204_100932_beam5_az154.mat,0.0651275515556335,0.0533595830202102,0.7921719551086426,0.2673701643943786,False,False,False,0.07510338,0.07510338,0.0,False,False,False,0.07510338,0.07465671,0.006448012,False,False,False,0.07510338,0.028851636,1.0054964,False,False,False,0.011767968535423307,0.00044666999999999624,0.046251744,False,False,False,False,False,False,False,False
6,test,20260204_100932_beam5_az163,20260204_100932,0,/home/tobeornot8259748/projects/balloon_radar_project/data/raw/detection_dataset/train/Background_IQ/IQ_Data/20260204_100932_beam5_az163.mat,0.0684129148721695,0.0555925779044628,0.7921860218048096,0.2792016863822937,False,False,False,0.21224177,0.21224177,0.0,False,False,False,0.21224177,0.21117301,0.0064040828,False,False,False,0.21224177,0.048142042,1.6727949,False,False,False,0.012820336967706694,0.001068760000000002,0.164099728,False,False,False,False,False,False,False,False
6,test,20260204_100932_beam5_az172,20260204_100932,0,/home/tobeornot8259748/projects/balloon_radar_project/data/raw/detection_dataset/train/Background_IQ/IQ_Data/20260204_100932_beam5_az172.mat,0.0565481334924697,0.0463724806904792,0.7921752333641052,0.263974130153656,False,False,False,0.04230288,0.04230288,0.0,False,False,False,0.04230288,0.042039692,0.00651584,False,False,False,0.04230288,0.013520079,1.1702906,False,False,False,0.010175652801990495,0.0002631880000000045,0.028782801,False,False,False,False,False,False,False,False
6,test,20260204_100932_beam5_az181,20260204_100932,0,/home/tobeornot8259748/projects/balloon_radar_project/data/raw/detection_dataset/train/Background_IQ/IQ_Data/20260204_100932_beam5_az181.mat,0.0835906714200973,0.0669312328100204,0.79215008020401,0.3033286333084106,False,False,False,0.15321554,0.15321554,0.0,False,False,False,0.15321554,0.15238112,0.0064458987,False,False,False,0.15321554,0.041709907,1.4248112,False,False,False,0.01665943861007689,0.0008344200000000024,0.11150563300000002,False,False,False,False,False,False,False,False
6,test,20260204_100932_beam5_az190,20260204_100932,0,/home/tobeornot8259748/projects/balloon_radar_project/data/raw/detection_dataset/train/Background_IQ/IQ_Data/20260204_100932_beam5_az190.mat,0.0652465671300888,0.0533630661666393,0.7921755313873291,0.2697474956512451,False,False,False,0.04650293,0.04650293,0.0,False,False,False,0.04650293,0.04621485,0.0065162526,False,False,False,0.04650293,0.014702411,1.184311,False,False,False,0.011883500963449506,0.0002880799999999961,0.031800519,False,False,False,False,False,False,False,False
6,test,20260204_100932_beam5_az199,20260204_100932,0,/home/tobeornot8259748/projects/balloon_radar_project/data/raw/detection_dataset/test/Background_IQ/IQ_Data/20260204_100932_beam5_az199.mat,0.0849471017718315,0.0672231987118721,0.7921586632728577,0.3196257650852203,False,False,False,0.39125752,0.39125752,0.0,False,False,False,0.39125752,0.38974923,0.006337112,False,False,False,0.39125752,0.039924685,2.7379878,False,False,False,0.017723903059959398,0.0015082900000000232,0.351332835,False,False,False,False,False,False,False,False
6,test,20260202_145713_beam1,20260202_145713,1,/home/tobeornot8259748/projects/balloon_radar_project/data/raw/detection_dataset/train/UAV_IQ/IQ_Data/20260202_145713_beam1.mat,0.3274531960487366,0.29059037566185,0.5898086428642273,0.2929624915122986,False,False,False,0.38197553,0.38197553,0.0,False,False,False,0.38197553,0.38034916,0.0068949996,False,False,False,0.38197553,0.024255278,3.213395,False,False,False,0.0368628203868866,0.001626369999999988,0.357720252,False,False,False,False,False,False,False,False
6,test,20260202_145713_beam2,20260202_145713,1,/home/tobeornot8259748/projects/balloon_radar_project/data/raw/detection_dataset/train/UAV_IQ/IQ_Data/20260202_145713_beam2.mat,0.8040984272956848,0.8018999695777893,0.0209197606891393,0.6643383502960205,False,False,False,0.7850331,0.7850331,0.0,False,False,False,0.7850331,0.78400946,0.006055163,False,False,False,0.7850331,0.78339994,0.009651049,False,False,False,0.002198457717895508,0.0010236399999999923,0.0016331600000000224,False,False,False,False,False,False,False,False
6,test,20260202_145713_beam3,20260202_145713,1,/home/tobeornot8259748/projects/balloon_radar_project/data/raw/detection_dataset/train/UAV_IQ/IQ_Data/20260202_145713_beam3.mat,0.6057407259941101,0.5742713809013367,0.221416175365448,0.5877768993377686,False,False,False,0.5878412,0.5878412,0.0,False,False,False,0.5878412,0.5861917,0.0068040453,False,False,False,0.5878412,0.19090486,1.7991896,False,False,False,0.03146934509277344,0.0016494999999999704,0.39693633999999994,False,False,False,False,False,False,False,False
6,test,20260202_145713_beam4,20260202_145713,1,/home/tobeornot8259748/projects/balloon_radar_project/data/raw/detection_dataset/train/UAV_IQ/IQ_Data/20260202_145713_beam4.mat,0.562056303024292,0.4853100776672363,0.4668421447277069,0.6603696346282959,False,False,False,0.3931598,0.3931598,0.0,False,False,False,0.3931598,0.39150366,0.006946842,False,False,False,0.3931598,0.033705786,2.9217494,False,False,False,0.07674622535705572,0.0016561400000000281,0.359454014,False,False,False,False,False,False,False,False
6,test,20260202_145722_beam1,20260202_145722,1,/home/tobeornot8259748/projects/balloon_radar_project/data/raw/detection_dataset/train/UAV_IQ/IQ_Data/20260202_145722_beam1.mat,0.8955226540565491,0.895508885383606,0.0031079282052814,0.0473156496882438,False,False,False,0.57992774,0.57992774,0.0,False,False,False,0.57992774,0.57841253,0.0062167267,False,False,False,0.57992774,0.4770714,0.41425547,False,False,False,1.3768672943115234e-05,0.001515209999999989,0.10285634000000005,False,False,False,False,False,False,False,False
6,test,20260202_145722_beam2,20260202_145722,1,/home/tobeornot8259748/projects/balloon_radar_project/data/raw/detection_dataset/train/UAV_IQ/IQ_Data/20260202_145722_beam2.mat,0.9828891754150392,0.9828851222991944,0.00306280516088,0.076500579714775,True,False,True,0.81289864,0.81289864,0.0,False,False,False,0.81289864,0.8119805,0.006025327,False,False,False,0.81289864,0.8128843,9.431636e-05,False,False,False,4.0531158447265625e-06,0.0009181400000000117,1.4340000000001574e-05,False,False,True,False,False,False,True,False
6,test,20260202_145722_beam3,20260202_145722,1,/home/tobeornot8259748/projects/balloon_radar_project/data/raw/detection_dataset/train/UAV_IQ/IQ_Data/20260202_145722_beam3.mat,0.9795897603034972,0.9795851707458496,0.0030572905670851,0.0733138024806976,True,False,True,0.79345256,0.79345256,0.0,False,False,False,0.79345256,0.7924597,0.0060469084,False,False,False,0.79345256,0.79343563,0.00010324608,False,False,False,4.589557647594056e-06,0.0009928599999999843,1.693000000002609e-05,False,False,True,False,False,False,True,False
6,test,20260202_145722_beam4,20260202_145722,1,/home/tobeornot8259748/projects/balloon_radar_project/data/raw/detection_dataset/train/UAV_IQ/IQ_Data/20260202_145722_beam4.mat,0.746508777141571,0.7464853525161743,0.0033531934022903,0.0370138436555862,False,False,False,0.34161645,0.34161645,0.0,False,False,False,0.34161645,0.3401889,0.006353455,False,False,False,0.34161645,0.051918767,2.2486608,False,False,False,2.3424625396728516e-05,0.0014275499999999997,0.28969768300000004,False,False,False,False,False,False,False,False
6,test,20260202_145730_beam1,20260202_145730,1,/home/tobeornot8259748/projects/balloon_radar_project/data/raw/detection_dataset/train/UAV_IQ/IQ_Data/20260202_145730_beam1.mat,0.9647889137268066,0.964779794216156,0.0030978627037256,0.0864903926849365,True,False,True,0.7889121,0.7889121,0.0,False,False,False,0.7889121,0.7879029,0.0060497504,False,False,False,0.7889121,0.7889099,1.286255e-05,False,False,False,9.119510650634766e-06,0.0010092000000000434,2.19999999995224e-06,False,False,True,False,False,False,True,False
6,test,20260202_145730_beam2,20260202_145730,1,/home/tobeornot8259748/projects/balloon_radar_project/data/raw/detection_dataset/train/UAV_IQ/IQ_Data/20260202_145730_beam2.mat,0.9798226952552797,0.9798177480697632,0.003044918179512,0.0823953375220298,True,False,True,0.92537874,0.92537874,0.0,True,False,True,0.92537874,0.924975,0.0058326293,True,False,True,0.92537874,0.92537874,3.5676186e-12,True,False,True,4.947185516468444e-06,0.0004037399999999858,0.0,False,False,False,False,False,False,False,False
6,test,20260202_145730_beam3,20260202_145730,1,/home/tobeornot8259748/projects/balloon_radar_project/data/raw/detection_dataset/train/UAV_IQ/IQ_Data/20260202_145730_beam3.mat,0.978549301624298,0.978544056415558,0.0030448415782302,0.0817984268069267,True,False,True,0.9057986,0.9057986,0.0,True,False,True,0.9057986,0.90529555,0.00588139,True,False,True,0.9057986,0.9057858,0.0001504095,True,False,True,5.24520874001233e-06,0.0005030500000000604,1.2800000000035006e-05,False,False,False,False,False,False,False,False
6,test,20260202_145730_beam4,20260202_145730,1,/home/tobeornot8259748/projects/balloon_radar_project/data/raw/detection_dataset/train/UAV_IQ/IQ_Data/20260202_145730_beam4.mat,0.9758545756340028,0.9758480191230774,0.003068268764764,0.0909391939640045,True,False,True,0.7091295,0.7091295,0.0,False,False,False,0.7091295,0.7078644,0.006125688,False,False,False,0.7091295,0.70553684,0.017354941,False,False,False,6.556510925403991e-06,0.001265100000000019,0.0035926599999999143,False,False,True,False,False,False,True,False
6,test,20260202_145730_beam5,20260202_145730,1,/home/tobeornot8259748/projects/balloon_radar_project/data/raw/detection_dataset/train/UAV_IQ/IQ_Data/20260202_145730_beam5.mat,0.2404177486896515,0.240372285246849,0.0062497942708432,0.0398349501192569,False,False,False,0.6845077,0.6845077,0.0,False,False,False,0.6845077,0.6831793,0.0061441623,False,False,False,0.6845077,0.6532573,0.14117765,False,False,False,4.546344280248471e-05,0.0013284000000000074,0.03125040000000001,False,False,False,False,False,False,False,False
6,test,20260202_145738_beam1,20260202_145738,1,/home/tobeornot8259748/projects/balloon_radar_project/data/raw/detection_dataset/val/UAV_IQ/IQ_Data/20260202_145738_beam1.mat,0.9793540239334106,0.9793517589569092,0.0030320670921355,0.0382680110633373,True,False,True,0.86473346,0.86473346,0.0,True,False,True,0.86473346,0.8640353,0.0059546856,True,False,True,0.86473346,0.8647331,2.809428e-06,True,False,True,2.2649765014648438e-06,0.0006981600000000032,3.599999999215342e-07,False,False,False,False,False,False,False,False
6,test,20260202_145738_beam2,20260202_145738,1,/home/tobeornot8259748/projects/balloon_radar_project/data/raw/detection_dataset/val/UAV_IQ/IQ_Data/20260202_145738_beam2.mat,0.9805060625076294,0.9805039167404176,0.003032800508663,0.0384621918201446,True,False,True,0.91821676,0.91821676,0.0,True,False,True,0.91821676,0.91777587,0.005857302,True,False,True,0.91821676,0.91821676,9.294296e-08,True,False,True,2.14576721180304e-06,0.00044088999999991607,0.0,False,False,False,False,False,False,False,False
6,test,20260202_145738_beam3,20260202_145738,1,/home/tobeornot8259748/projects/balloon_radar_project/data/raw/detection_dataset/val/UAV_IQ/IQ_Data/20260202_145738_beam3.mat,0.9760836362838744,0.9760810136795044,0.0030317644122987,0.0367068946361541,True,False,True,0.92834264,0.92834264,0.0,True,False,True,0.92834264,0.927954,0.0058277017,True,False,True,0.92834264,0.92834264,3.66615e-10,True,False,True,2.622604370006165e-06,0.00038864000000005117,0.0,False,False,False,False,False,False,False,False
6,test,20260202_145738_beam4,20260202_145738,1,/home/tobeornot8259748/projects/balloon_radar_project/data/raw/detection_dataset/val/UAV_IQ/IQ_Data/20260202_145738_beam4.mat,0.9811668992042542,0.9811646938323976,0.0030329145956784,0.0390159785747528,True,False,True,0.9224483,0.9224483,0.0,True,False,True,0.9224483,0.92202944,0.005840948,True,False,True,0.9224483,0.9224483,5.9064163e-08,True,False,True,2.205371856578431e-06,0.0004188600000000209,0.0,False,False,False,False,False,False,False,False
6,test,20260202_145738_beam5,20260202_145738,1,/home/tobeornot8259748/projects/balloon_radar_project/data/raw/detection_dataset/val/UAV_IQ/IQ_Data/20260202_145738_beam5.mat,0.9498556852340698,0.949851095676422,0.0030440541449934,0.0324878916144371,True,False,True,0.82595104,0.82595104,0.0,False,False,False,0.82595104,0.825086,0.006005656,False,False,False,0.82595104,0.8259093,0.00029029915,False,False,False,4.5895576478161004e-06,0.0008650399999999836,4.174000000001232e-05,False,False,True,False,False,False,True,False
6,test,20260202_145746_beam1,20260202_145746,1,/home/tobeornot8259748/projects/balloon_radar_project/data/raw/detection_dataset/train/UAV_IQ/IQ_Data/20260202_145746_beam1.mat,0.9543930292129515,0.9543885588645936,0.0030393491033464,0.033659279346466,True,False,True,0.8765649,0.8765649,0.0,True,False,True,0.8765649,0.8759212,0.005936863,True,False,True,0.8765649,0.8765649,2.1665848e-07,True,False,True,4.470348357932252e-06,0.0006437000000000248,0.0,False,False,False,False,False,False,False,False
6,test,20260202_145746_beam2,20260202_145746,1,/home/tobeornot8259748/projects/balloon_radar_project/data/raw/detection_dataset/train/UAV_IQ/IQ_Data/20260202_145746_beam2.mat,0.9731897711753844,0.9731868505477904,0.003031383967027,0.0365869998931884,True,False,True,0.9394479,0.9394479,0.0,True,False,True,0.9394479,0.93911785,0.0057878955,True,False,True,0.9394479,0.9394479,1.585513e-14,True,False,True,2.9206275939941406e-06,0.00033004999999997064,0.0,False,False,False,False,False,False,False,False
6,test,20260202_145746_beam3,20260202_145746,1,/home/tobeornot8259748/projects/balloon_radar_project/data/raw/detection_dataset/train/UAV_IQ/IQ_Data/20260202_145746_beam3.mat,0.9685006141662598,0.968497395515442,0.0030325830448418,0.0353399217128753,True,False,True,0.9510024,0.9510024,0.0,True,False,True,0.9510024,0.9507337,0.0057508764,True,False,True,0.9510024,0.9510024,2.3849647e-09,True,False,True,3.2186508177600714e-06,0.0002687000000000106,0.0,False,False,False,False,False,False,False,False
6,test,20260202_145746_beam4,20260202_145746,1,/home/tobeornot8259748/projects/balloon_radar_project/data/raw/detection_dataset/train/UAV_IQ/IQ_Data/20260202_145746_beam4.mat,0.973291516304016,0.973288595676422,0.0030315250623971,0.0369289256632328,True,False,True,0.9487801,0.9487801,0.0,True,False,True,0.9487801,0.94849956,0.0057594054,True,False,True,0.9487801,0.9487801,9.358356e-11,True,False,True,2.9206275939941406e-06,0.0002805399999999958,0.0,False,False,False,False,False,False,False,False
6,test,20260202_145746_beam5,20260202_145746,1,/home/tobeornot8259748/projects/balloon_radar_project/data/raw/detection_dataset/train/UAV_IQ/IQ_Data/20260202_145746_beam5.mat,0.9505029916763306,0.9504981637001038,0.0030410687904804,0.0337717197835445,True,False,True,0.8971174,0.8971174,0.0,True,False,True,0.8971174,0.8965716,0.0058993693,True,False,True,0.8971174,0.8971174,4.4493163e-08,True,False,True,4.827976226806641e-06,0.0005457999999999297,0.0,False,False,False,False,False,False,False,False
6,test,20260202_145755_beam1,20260202_145755,1,/home/tobeornot8259748/projects/balloon_radar_project/data/raw/detection_dataset/train/UAV_IQ/IQ_Data/20260202_145755_beam1.mat,0.9602867364883424,0.9602819085121156,0.0030459782574325,0.0412077903747558,True,False,False,0.779225,0.779225,0.0,False,False,False,0.779225,0.7781803,0.0060626986,False,False,False,0.779225,0.7792213,2.1785321e-05,False,False,False,4.827976226806641e-06,0.0010446999999998985,3.6999999999398625e-06,False,False,False,False,False,False,False,False
6,test,20260202_145755_beam2,20260202_145755,1,/home/tobeornot8259748/projects/balloon_radar_project/data/raw/detection_dataset/train/UAV_IQ/IQ_Data/20260202_145755_beam2.mat,0.957596242427826,0.957591950893402,0.0030360075179487,0.0337806642055511,True,False,True,0.9316837,0.9316837,0.0,True,False,True,0.9316837,0.9313124,0.005820466,True,False,True,0.9316837,0.9316837,1.5912093e-13,True,False,True,4.29153442405017e-06,0.0003712999999999633,0.0,False,False,False,False,False,False,False,False
6,test,20260202_145755_beam3,20260202_145755,1,/home/tobeornot8259748/projects/balloon_radar_project/data/raw/detection_dataset/train/UAV_IQ/IQ_Data/20260202_145755_beam3.mat,0.967348575592041,0.9673452377319336,0.0030320929363369,0.0352014079689979,True,False,True,0.941659,0.941659,0.0,True,False,True,0.941659,0.94134027,0.0057858108,True,False,True,0.941659,0.941659,1.5749114e-08,True,False,True,3.337860107421875e-06,0.0003187300000000448,0.0,False,False,False,False,False,False,False,False
6,test,20260202_145755_beam4,20260202_145755,1,/home/tobeornot8259748/projects/balloon_radar_project/data/raw/detection_dataset/train/UAV_IQ/IQ_Data/20260202_145755_beam4.mat,0.969613254070282,0.9696099758148192,0.0030314167961478,0.0359277501702308,True,False,True,0.94592655,0.94592655,0.0,True,False,True,0.94592655,0.94563055,0.005773102,True,False,True,0.94592655,0.94592655,1.14552985e-10,True,False,True,3.2782554627575067e-06,0.000296000000000074,0.0,False,False,False,False,False,False,False,False
6,test,20260202_145755_beam5,20260202_145755,1,/home/tobeornot8259748/projects/balloon_radar_project/data/raw/detection_dataset/train/UAV_IQ/IQ_Data/20260202_145755_beam5.mat,0.9564718008041382,0.9564675688743592,0.0030371188186109,0.0342455208301544,True,False,True,0.932834,0.932834,0.0,True,False,True,0.932834,0.93246895,0.005812036,True,False,True,0.932834,0.932834,9.900123e-12,True,False,True,4.231929778941712e-06,0.0003650500000000889,0.0,False,False,False,False,False,False,False,False
6,test,20260202_145813_beam1,20260202_145813,1,/home/tobeornot8259748/projects/balloon_radar_project/data/raw/detection_dataset/train/UAV_IQ/IQ_Data/20260202_145813_beam1.mat,0.9786719083786012,0.97866952419281,0.0030318999197334,0.0383323095738887,True,False,True,0.9284657,0.9284657,0.0,True,False,True,0.9284657,0.92807776,0.0058266963,True,False,True,0.9284657,0.9284657,3.1725737e-08,True,False,True,2.3841857912376696e-06,0.0003879399999999755,0.0,False,False,False,False,False,False,False,False
6,test,20260202_145813_beam2,20260202_145813,1,/home/tobeornot8259748/projects/balloon_radar_project/data/raw/detection_dataset/train/UAV_IQ/IQ_Data/20260202_145813_beam2.mat,0.9726754426956176,0.9726725220680236,0.0030319835059344,0.0360735729336738,True,False,True,0.90331453,0.90331453,0.0,True,False,True,0.90331453,0.9027998,0.005880129,True,False,True,0.90331453,0.89578736,0.08333781,True,False,True,2.9206275939941406e-06,0.0005147299999999078,0.007527169999999916,False,False,False,False,False,False,False,False
6,test,20260202_145813_beam3,20260202_145813,1,/home/tobeornot8259748/projects/balloon_radar_project/data/raw/detection_dataset/train/UAV_IQ/IQ_Data/20260202_145813_beam3.mat,0.9809491038322448,0.980946958065033,0.003032780252397,0.0385114327073097,True,False,True,0.9311135,0.9311135,0.0,True,False,True,0.9311135,0.9307395,0.0058163386,True,False,True,0.9311135,0.9310498,0.0009917212,True,False,True,2.14576721180304e-06,0.00037399999999998546,6.369999999999987e-05,False,False,False,False,False,False,False,False
6,test,20260202_145813_beam4,20260202_145813,1,/home/tobeornot8259748/projects/balloon_radar_project/data/raw/detection_dataset/train/UAV_IQ/IQ_Data/20260202_145813_beam4.mat,0.9698996543884276,0.9698965549468994,0.0030323350802063,0.0355191528797149,True,False,True,0.9376241,0.9376241,0.0,True,False,True,0.9376241,0.93728435,0.0057947775,True,False,True,0.9376241,0.9376241,1.1394556e-08,True,False,True,3.09944152820929e-06,0.000339749999999972,0.0,False,False,False,False,False,False,False,False
6,test,20260202_145813_beam5,20260202_145813,1,/home/tobeornot8259748/projects/balloon_radar_project/data/raw/detection_dataset/train/UAV_IQ/IQ_Data/20260202_145813_beam5.mat,0.9328213930130004,0.9328152537345886,0.0030570013914257,0.0322808660566806,True,False,True,0.9328591,0.9328591,0.0,True,False,True,0.9328591,0.9324942,0.00581234,True,False,True,0.9328591,0.9328591,2.559228e-07,True,False,True,6.139278411754212e-06,0.00036490000000000133,0.0,False,False,False,False,False,False,False,False
6,test,20260202_145819_beam1,20260202_145819,1,/home/tobeornot8259748/projects/balloon_radar_project/data/raw/detection_dataset/val/UAV_IQ/IQ_Data/20260202_145819_beam1.mat,0.9793540239334106,0.9793517589569092,0.0030317152850329,0.0381383448839187,True,False,True,0.94716257,0.94716257,0.0,True,False,True,0.94716257,0.9468735,0.0057612304,True,False,True,0.94716257,0.94716257,3.451444e-08,True,False,True,2.2649765014648438e-06,0.0002890700000000024,0.0,False,False,False,False,False,False,False,False
6,test,20260202_145819_beam2,20260202_145819,1,/home/tobeornot8259748/projects/balloon_radar_project/data/raw/detection_dataset/val/UAV_IQ/IQ_Data/20260202_145819_beam2.mat,0.9780097603797911,0.9780073761940002,0.0030323956161737,0.0369741730391979,True,False,True,0.92271453,0.92271453,0.0,True,False,True,0.92271453,0.92229766,0.0058313566,True,False,True,0.92271453,0.9227127,2.600263e-05,True,False,True,2.3841857909046027e-06,0.0004168700000000136,1.8299999999804584e-06,False,False,False,False,False,False,False,False
6,test,20260202_145819_beam3,20260202_145819,1,/home/tobeornot8259748/projects/balloon_radar_project/data/raw/detection_dataset/val/UAV_IQ/IQ_Data/20260202_145819_beam3.mat,0.9778834581375122,0.9778809547424316,0.0030318854842334,0.0369724482297897,True,False,True,0.9344144,0.9344144,0.0,True,False,True,0.9344144,0.934058,0.0058003026,True,False,True,0.9344144,0.9344144,2.4313323e-08,True,False,True,2.5033950805664062e-06,0.00035639999999992344,0.0,False,False,False,False,False,False,False,False
6,test,20260202_145819_beam4,20260202_145819,1,/home/tobeornot8259748/projects/balloon_radar_project/data/raw/detection_dataset/val/UAV_IQ/IQ_Data/20260202_145819_beam4.mat,0.9766246676445008,0.9766221642494202,0.0030318854842334,0.0366201177239418,True,False,True,0.9348403,0.9348403,0.0,True,False,True,0.9348403,0.93448603,0.0058017178,True,False,True,0.9348403,0.9348402,8.876095e-07,True,False,True,2.5033950806774286e-06,0.00035426999999998987,9.999999994736442e-08,False,False,False,False,False,False,False,False
6,test,20260202_145819_beam5,20260202_145819,1,/home/tobeornot8259748/projects/balloon_radar_project/data/raw/detection_dataset/val/UAV_IQ/IQ_Data/20260202_145819_beam5.mat,0.9658995866775512,0.9658961296081544,0.0030334524344652,0.034773264080286,True,False,True,0.95875764,0.95875764,0.0,True,False,True,0.95875764,0.9585313,0.0057093315,True,False,True,0.95875764,0.95875764,4.8044665e-08,True,False,True,3.4570693967506116e-06,0.00022633999999999155,0.0,False,False,False,False,False,False,False,False
6,test,20260202_145828_beam1,20260202_145828,1,/home/tobeornot8259748/projects/balloon_radar_project/data/raw/detection_dataset/train/UAV_IQ/IQ_Data/20260202_145828_beam1.mat,0.954647421836853,0.9546430706977844,0.003038304625079,0.0332642868161201,True,False,True,0.9327107,0.9327107,0.0,True,False,True,0.9327107,0.9323452,0.0058105267,True,False,True,0.9327107,0.9327107,7.211013e-07,True,False,True,4.351139068603516e-06,0.0003655000000000186,0.0,False,False,False,False,False,False,False,False
6,test,20260202_145828_beam2,20260202_145828,1,/home/tobeornot8259748/projects/balloon_radar_project/data/raw/detection_dataset/train/UAV_IQ/IQ_Data/20260202_145828_beam2.mat,0.9738940596580504,0.9738911986351012,0.0030321176163852,0.0373411178588867,True,False,False,0.92039907,0.92039907,0.0,True,False,True,0.92039907,0.91997045,0.005835465,True,False,True,0.92039907,0.9175824,0.037837833,True,False,True,2.86102294921875e-06,0.0004286199999999907,0.0028166699999999656,False,False,False,True,False,False,False,True
6,test,20260202_145828_beam3,20260202_145828,1,/home/tobeornot8259748/projects/balloon_radar_project/data/raw/detection_dataset/train/UAV_IQ/IQ_Data/20260202_145828_beam3.mat,0.9651191234588624,0.9651156067848206,0.0030342140235006,0.034365139901638,True,False,True,0.9213677,0.9213677,0.0,True,False,True,0.9213677,0.9209435,0.0058406307,True,False,True,0.9213677,0.9213676,7.714936e-07,True,False,True,3.516674041859069e-06,0.0004241999999999857,1.0000000005838672e-07,False,False,False,False,False,False,False,False
6,test,20260202_145828_beam4,20260202_145828,1,/home/tobeornot8259748/projects/balloon_radar_project/data/raw/detection_dataset/train/UAV_IQ/IQ_Data/20260202_145828_beam4.mat,0.9664104580879213,0.9664070010185242,0.0030334193725138,0.0348908901214599,True,False,True,0.92745984,0.92745984,0.0,True,False,True,0.92745984,0.92706674,0.0058272234,True,False,True,0.92745984,0.92745984,1.1705869e-08,True,False,True,3.4570693970836786e-06,0.0003931000000000351,0.0,False,False,False,False,False,False,False,False
6,test,20260202_145828_beam5,20260202_145828,1,/home/tobeornot8259748/projects/balloon_radar_project/data/raw/detection_dataset/train/UAV_IQ/IQ_Data/20260202_145828_beam5.mat,0.9598374962806702,0.9598332643508912,0.0030369975138455,0.035046212375164,True,False,True,0.9280455,0.9280455,0.0,True,False,True,0.9280455,0.9276554,0.0058267624,True,False,True,0.9280455,0.92804533,2.43671e-06,True,False,True,4.231929778941712e-06,0.0003900999999999488,1.6999999996603066e-07,False,False,False,False,False,False,False,False
6,test,20260202_145836_beam1,20260202_145836,1,/home/tobeornot8259748/projects/balloon_radar_project/data/raw/detection_dataset/val/UAV_IQ/IQ_Data/20260202_145836_beam1.mat,0.95743727684021,0.9574322700500488,0.0030380256939679,0.0405066199600696,True,False,True,0.91819334,0.91819334,0.0,True,False,True,0.91819334,0.91775316,0.005845419,True,False,True,0.91819334,0.91819334,1.42986e-08,True,False,True,5.0067901611328125e-06,0.00044018000000001223,0.0,False,False,False,False,False,False,False,False
6,test,20260202_145836_beam2,20260202_145836,1,/home/tobeornot8259748/projects/balloon_radar_project/data/raw/detection_dataset/val/UAV_IQ/IQ_Data/20260202_145836_beam2.mat,0.996434211730957,0.9964334964752196,0.0031123664230108,0.0646476000547409,True,False,True,0.7833171,0.7833171,0.0,False,False,False,0.7833171,0.78229076,0.0060367696,False,False,False,0.7833171,0.7634384,0.113479055,False,False,False,7.152557374157098e-07,0.0010263400000000145,0.019878700000000027,False,False,True,False,False,False,True,False
6,test,20260202_145836_beam3,20260202_145836,1,/home/tobeornot8259748/projects/balloon_radar_project/data/raw/detection_dataset/val/UAV_IQ/IQ_Data/20260202_145836_beam3.mat,0.9973989725112916,0.9973983764648438,0.0031369149219244,0.06807242333889,True,False,True,0.80905277,0.80905277,0.0,False,False,False,0.80905277,0.8081225,0.0060106483,False,False,False,0.80905277,0.8090527,2.8018232e-07,False,False,False,5.960464478649286e-07,0.0009302700000000108,7.000000001866624e-08,False,False,True,False,False,False,True,False
6,test,20260202_145836_beam4,20260202_145836,1,/home/tobeornot8259748/projects/balloon_radar_project/data/raw/detection_dataset/val/UAV_IQ/IQ_Data/20260202_145836_beam4.mat,0.982355535030365,0.9823530912399292,0.003033768152818,0.0456997230648994,True,False,True,0.79891,0.79891,0.0,False,False,False,0.79891,0.7979393,0.0060317637,False,False,False,0.79891,0.7803451,0.11181768,False,False,False,2.4437904357910156e-06,0.000970699999999991,0.018564899999999995,False,False,True,False,False,False,True,False
6,test,20260202_145836_beam5,20260202_145836,1,/home/tobeornot8259748/projects/balloon_radar_project/data/raw/detection_dataset/val/UAV_IQ/IQ_Data/20260202_145836_beam5.mat,0.8750414252281189,0.875029981136322,0.0031107629183679,0.0336268432438373,False,False,False,0.84989613,0.84989613,0.0,True,False,True,0.84989613,0.8491324,0.0059736003,True,False,True,0.84989613,0.8498952,7.712491e-06,True,False,True,1.1444091796875e-05,0.0007637299999999625,9.300000000100894e-07,False,False,False,True,False,False,False,True
